class_id,representative,lex_rank,class_size,avoid_9,avoid_10,avoid_11,avoid_12,avoid_13,avoid_14
1,12345678,0,56,362815,3626197,39832877,476591309,,
2,12345768,2,20,362815,3626197,39832878,476591411,,
3,12345786,3,40,362815,3626196,39832788,476586602,,
4,12346578,6,32,362815,3626197,39832878,476591415,6162162531,
5,12346758,8,32,362815,3626195,39832703,476582320,,
6,12346785,9,32,362815,3626196,39832781,476585888,,
7,12346857,10,32,362815,3626195,39832701,476582106,,
8,12346875,11,32,362815,3626195,39832699,476581904,,
9,12347658,14,16,362815,3626197,39832878,476591425,6162163721,
10,12347685,15,32,362815,3626195,39832699,476581899,,
11,12347856,16,16,362815,3626196,39832782,476585996,,
12,12347865,17,32,362815,3626196,39832783,476586093,,
13,12348675,21,16,362815,3626196,39832785,476586299,,
14,12354678,24,18,362815,3626197,39832878,476591415,6162162556,
15,12354768,26,12,362815,3626197,39832879,476591518,,
16,12354786,27,24,362815,3626196,39832788,476586614,6161962922,
17,12356478,30,48,362815,3626195,39832699,476581940,,
18,12356748,32,24,362815,3626195,39832689,476580913,,
19,12356784,33,24,362815,3626196,39832781,476585836,,
20,12356847,34,24,362815,3626193,39832521,476572515,,
21,12356874,35,24,362815,3626195,39832690,476580960,,
22,12357468,36,24,362815,3626194,39832614,476577632,,
23,12357486,37,24,362815,3626193,39832523,476572724,,
24,12357648,38,24,362815,3626194,39832610,476577233,,
25,12357684,39,24,362815,3626195,39832692,476581160,,
26,12357846,40,24,362815,3626194,39832603,476576502,,
27,12357864,41,24,362815,3626194,39832606,476576773,,
28,12358467,42,24,362815,3626193,39832525,476572917,,
29,12358476,43,24,362815,3626194,39832609,476577139,,
30,12358647,44,24,362815,3626192,39832436,476568210,,
31,12358674,45,24,362815,3626194,39832606,476576774,,
32,12358746,46,24,362815,3626193,39832521,476572500,,
33,12358764,47,24,362815,3626195,39832692,476581209,,
34,12365478,54,24,362815,3626197,39832878,476591429,6162164257,
35,12365748,56,24,362815,3626194,39832610,476577226,,
36,12365784,57,24,362815,3626195,39832690,476580972,,
37,12365847,58,24,362815,3626194,39832606,476576834,,
38,12365874,59,24,362815,3626195,39832689,476580888,,
39,12367458,60,12,362815,3626195,39832691,476581136,,
40,12367485,61,24,362815,3626194,39832600,476576201,,
41,12367548,62,24,362815,3626195,39832693,476581321,,
42,12367584,63,24,362815,3626194,39832604,476576576,,
43,12367845,64,24,362815,3626196,39832778,476585537,,
44,12367854,65,24,362815,3626196,39832778,476585536,,
45,12368475,67,12,362815,3626193,39832519,476572321,,
46,12368547,68,24,362815,3626193,39832522,476572613,,
47,12368574,69,24,362815,3626194,39832608,476576995,,
48,12368745,70,24,362815,3626195,39832688,476580764,,
49,12368754,71,24,362815,3626195,39832690,476580980,,
50,12375648,80,12,362815,3626195,39832696,476581633,,
51,12375684,81,24,362815,3626194,39832602,476576380,6161525174,
52,12375846,82,12,362815,3626193,39832520,476572414,,
53,12375864,83,24,362815,3626194,39832608,476576985,,
54,12376548,86,12,362815,3626197,39832878,476591425,6162163864,
55,12376584,87,24,362815,3626195,39832691,476581100,,
56,12376845,88,24,362815,3626195,39832688,476580762,,
57,12376854,89,24,362815,3626195,39832692,476581184,,
58,12378564,93,24,362815,3626196,39832781,476585862,6161916114,
59,12378645,94,12,362815,3626196,39832776,476585347,6161884999,
60,12378654,95,24,362815,3626196,39832783,476586063,,
61,12385674,105,12,362815,3626196,39832777,476585441,6161890214,
62,12385764,107,12,362815,3626194,39832610,476577180,,
63,12386574,111,12,362815,3626194,39832607,476576874,,
64,12386754,113,24,362815,3626196,39832782,476585966,,
65,12435768,122,8,362815,3626197,39832879,476591517,,
66,12435786,123,16,362815,3626196,39832789,476586704,6161967673,
67,12436578,126,8,362815,3626197,39832879,476591522,,
68,12436758,128,16,362815,3626195,39832703,476582332,6161794935,
69,12436785,129,16,362815,3626196,39832781,476585893,6161919521,
70,12436857,130,16,362815,3626195,39832701,476582116,6161781329,
71,12436875,131,16,362815,3626195,39832699,476581912,6161769174,
72,12437658,134,8,362815,3626197,39832879,476591532,6162170394,
73,12437685,135,16,362815,3626195,39832699,476581907,6161768566,
74,12437856,136,8,362815,3626196,39832782,476586002,6161926432,
75,12437865,137,16,362815,3626196,39832783,476586100,6161932030,
76,12438675,141,8,362815,3626196,39832785,476586307,6161944595,
77,12453768,146,16,362815,3626195,39832699,476581952,,
78,12453786,147,32,362815,3626195,39832687,476580739,,
79,12456378,150,16,362815,3626195,39832685,476580517,,
80,12456738,152,16,362815,3626195,39832689,476580834,,
81,12456783,153,16,362815,3626196,39832781,476585861,6161915548,
82,12456837,154,16,362815,3626193,39832510,476571373,,
83,12456873,155,16,362815,3626195,39832690,476580940,,
84,12457368,156,16,362815,3626192,39832432,476567849,,
85,12457386,157,16,362815,3626192,39832421,476566720,6161125545,
86,12457638,158,16,362815,3626194,39832597,476575877,6161495880,
87,12457683,159,16,362815,3626195,39832689,476580851,6161703378,
88,12457836,160,16,362815,3626193,39832503,476570694,,
89,12457863,161,16,362815,3626194,39832597,476575872,,
90,12458367,162,16,362815,3626193,39832496,476570074,,
91,12458376,163,16,362815,3626193,39832506,476571047,,
92,12458637,164,16,362815,3626192,39832419,476566494,,
93,12458673,165,16,362815,3626194,39832599,476576070,6161506147,
94,12458736,166,16,362815,3626193,39832497,476570132,,
95,12458763,167,16,362815,3626195,39832685,476580449,,
96,12463578,168,16,362815,3626194,39832610,476577262,,
97,12463758,170,16,362815,3626192,39832434,476568061,,
98,12463785,171,16,362815,3626192,39832425,476567136,,
99,12463857,172,16,362815,3626192,39832425,476567143,,
100,12463875,173,16,362815,3626192,39832427,476567366,,
101,12465378,174,32,362815,3626194,39832606,476576851,,
102,12465738,176,16,362815,3626194,39832599,476576070,6161506790,
103,12465783,177,16,362815,3626195,39832689,476580851,6161703430,
104,12465837,178,16,362815,3626193,39832507,476571100,,
105,12465873,179,16,362815,3626195,39832688,476580745,6161696964,
106,12467358,180,16,362815,3626193,39832507,476571145,,
107,12467385,181,16,362815,3626193,39832501,476570485,,
108,12467538,182,16,362815,3626193,39832511,476571504,,
109,12467583,183,16,362815,3626193,39832517,476572049,,
110,12467835,184,16,362815,3626194,39832598,476575940,,
111,12467853,185,16,362815,3626194,39832599,476576067,6161505901,
112,12468357,186,16,362815,3626192,39832421,476566700,,
113,12468375,187,16,362815,3626191,39832334,476562216,,
114,12468537,188,16,362815,3626191,39832335,476562308,,
115,12468573,189,16,362815,3626193,39832515,476571869,,
116,12468735,190,16,362815,3626193,39832507,476571051,,
117,12468753,191,16,362815,3626193,39832513,476571669,,
118,12473568,192,16,362815,3626192,39832432,476567869,,
119,12473586,193,16,362815,3626191,39832346,476563483,,
120,12473658,194,16,362815,3626193,39832519,476572391,,
121,12473685,195,16,362815,3626191,39832342,476563058,,
122,12473856,196,16,362815,3626192,39832425,476567131,,
123,12473865,197,16,362815,3626192,39832422,476566862,,
124,12475368,198,16,362815,3626191,39832343,476563156,,
125,12475386,199,16,362815,3626191,39832338,476562649,,
126,12475638,200,16,362815,3626193,39832509,476571317,,
127,12475683,201,16,362815,3626193,39832514,476571754,6161334319,
128,12475836,202,16,362815,3626191,39832337,476562511,,
129,12475863,203,16,362815,3626193,39832515,476571877,,
130,12476358,204,16,362815,3626192,39832429,476567546,,
131,12476385,205,16,362815,3626192,39832410,476565646,,
132,12476538,206,16,362815,3626194,39832602,476576443,,
133,12476583,207,16,362815,3626195,39832684,476580357,,
134,12476835,208,16,362815,3626193,39832504,476570771,,
135,12476853,209,16,362815,3626193,39832513,476571668,,
136,12478356,210,16,362815,3626193,39832504,476570811,6161282679,
137,12478365,211,16,362815,3626193,39832502,476570605,,
138,12478536,212,16,362815,3626192,39832415,476566112,,
139,12478563,213,16,362815,3626194,39832596,476575782,,
140,12478635,214,16,362815,3626193,39832503,476570692,,
141,12478653,215,16,362815,3626194,39832597,476575863,,
142,12483567,216,16,362815,3626193,39832514,476571823,,
143,12483576,217,16,362815,3626193,39832507,476571154,,
144,12483657,218,16,362815,3626193,39832511,476571540,,
145,12483675,219,16,362815,3626193,39832508,476571229,,
146,12483756,220,16,362815,3626193,39832511,476571515,,
147,12483765,221,16,362815,3626194,39832604,476576619,,
148,12485367,222,16,362815,3626192,39832419,476566518,,
149,12485376,223,16,362815,3626192,39832415,476566153,,
150,12485637,224,16,362815,3626192,39832413,476565899,,
151,12485673,225,16,362815,3626194,39832598,476575963,,
152,12485736,226,16,362815,3626191,39832335,476562313,,
153,12485763,227,16,362815,3626193,39832511,476571467,6161318410,
154,12486357,228,16,362815,3626191,39832335,476562310,,
155,12486375,229,16,362815,3626191,39832337,476562523,,
156,12486537,230,16,362815,3626192,39832413,476565927,,
157,12486573,231,16,362815,3626193,39832509,476571266,,
158,12486735,232,16,362815,3626193,39832507,476571089,,
159,12486753,233,16,362815,3626194,39832599,476576067,6161506240,
160,12487356,234,16,362815,3626193,39832497,476570148,,
161,12487365,235,16,362815,3626193,39832503,476570721,,
162,12487536,236,16,362815,3626192,39832419,476566507,,
163,12487563,237,16,362815,3626194,39832597,476575861,,
164,12487635,238,16,362815,3626193,39832510,476571390,,
165,12487653,239,16,362815,3626195,39832692,476581182,,
166,12543768,266,8,362815,3626197,39832879,476591532,6162170482,
167,12543786,267,16,362815,3626196,39832788,476586614,6161963150,
168,12546738,272,16,362815,3626194,39832597,476575877,6161495899,
169,12546783,273,16,362815,3626195,39832690,476580953,,
170,12546837,274,16,362815,3626193,39832503,476570719,,
171,12546873,275,16,362815,3626195,39832683,476580255,,
172,12547368,276,16,362815,3626193,39832519,476572373,,
173,12547386,277,16,362815,3626192,39832425,476567160,,
174,12547638,278,16,362815,3626194,39832596,476575817,,
175,12547683,279,16,362815,3626195,39832688,476580749,,
176,12547836,280,16,362815,3626193,39832502,476570603,,
177,12547863,281,16,362815,3626194,39832595,476575666,,
178,12548367,282,16,362815,3626193,39832508,476571244,,
179,12548376,283,16,362815,3626194,39832598,476576031,,
180,12548637,284,16,362815,3626192,39832415,476566137,,
181,12548673,285,16,362815,3626194,39832595,476575664,,
182,12548736,286,16,362815,3626193,39832504,476570806,,
183,12548763,287,16,362815,3626195,39832685,476580461,,
184,12563478,288,8,362815,3626195,39832687,476580749,,
185,12563748,290,16,362815,3626193,39832507,476571129,,
186,12563784,291,16,362815,3626193,39832500,476570404,,
187,12563847,292,16,362815,3626192,39832418,476566410,,
188,12563874,293,16,362815,3626193,39832499,476570311,,
189,12564378,294,16,362815,3626195,39832689,476580935,,
190,12564738,296,16,362815,3626193,39832511,476571494,,
191,12564783,297,16,362815,3626194,39832593,476575467,,
192,12564837,298,16,362815,3626193,39832503,476570688,,
193,12564873,299,16,362815,3626194,39832591,476575252,,
194,12567348,300,16,362815,3626195,39832683,476580252,,
195,12567384,301,16,362815,3626194,39832595,476575607,,
196,12567438,302,16,362815,3626195,39832683,476580250,,
197,12567483,303,16,362815,3626194,39832596,476575744,,
198,12567834,304,16,362815,3626196,39832778,476585531,6161894595,
199,12567843,305,16,362815,3626196,39832778,476585531,6161894563,
200,12568347,306,16,362815,3626193,39832501,476570484,,
201,12568374,307,16,362815,3626192,39832414,476565983,,
202,12568437,308,16,362815,3626193,39832494,476569823,,
203,12568473,309,16,362815,3626192,39832424,476566964,,
204,12568734,310,16,362815,3626195,39832683,476580224,,
205,12568743,311,16,362815,3626195,39832683,476580229,,
206,12573648,314,8,362815,3626192,39832427,476567368,,
207,12573684,315,16,362815,3626191,39832333,476562131,6160939190,
208,12573846,316,8,362815,3626192,39832415,476566078,,
209,12573864,317,16,362815,3626191,39832330,476561818,,
210,12574368,318,16,362815,3626192,39832429,476567550,,
211,12574386,319,16,362815,3626192,39832419,476566554,,
212,12574638,320,16,362815,3626193,39832515,476571936,6161350278,
213,12574683,321,16,362815,3626193,39832511,476571467,6161318559,
214,12574836,322,16,362815,3626191,39832332,476562023,,
215,12574863,323,16,362815,3626192,39832422,476566792,,
216,12576348,324,16,362815,3626194,39832592,476575389,6161468184,
217,12576384,325,16,362815,3626193,39832500,476570360,,
218,12576438,326,16,362815,3626194,39832598,476576012,,
219,12576483,327,16,362815,3626193,39832509,476571246,6161304501,
220,12576834,328,16,362815,3626195,39832685,476580432,6161677827,
221,12576843,329,16,362815,3626195,39832685,476580441,,
222,12578346,330,16,362815,3626194,39832592,476575338,,
223,12578364,331,16,362815,3626192,39832419,476566486,,
224,12578436,332,16,362815,3626193,39832503,476570677,,
225,12578463,333,16,362815,3626193,39832512,476571584,,
226,12578634,334,16,362815,3626194,39832599,476576028,,
227,12578643,335,16,362815,3626194,39832599,476576050,,
228,12583674,339,8,362815,3626192,39832406,476565238,,
229,12583764,341,8,362815,3626193,39832501,476570534,,
230,12584367,342,16,362815,3626193,39832498,476570270,,
231,12584376,343,16,362815,3626193,39832505,476570943,,
232,12584637,344,16,362815,3626191,39832331,476561921,,
233,12584673,345,16,362815,3626192,39832425,476567071,,
234,12584736,346,16,362815,3626192,39832421,476566720,6161125480,
235,12584763,347,16,362815,3626193,39832503,476570712,,
236,12586347,348,16,362815,3626192,39832412,476565808,,
237,12586374,349,16,362815,3626191,39832334,476562192,6160940395,
238,12586437,350,16,362815,3626192,39832416,476566189,,
239,12586473,351,16,362815,3626191,39832339,476562675,,
240,12586734,352,16,362815,3626194,39832599,476576044,6161503391,
241,12586743,353,16,362815,3626194,39832599,476576044,6161503416,
242,12587346,354,16,362815,3626193,39832503,476570657,,
243,12587364,355,16,362815,3626192,39832417,476566276,,
244,12587436,356,16,362815,3626193,39832493,476569734,,
245,12587463,357,16,362815,3626192,39832428,476567379,,
246,12587634,358,16,362815,3626195,39832681,476580041,,
247,12587643,359,16,362815,3626195,39832683,476580269,,
248,12645378,390,8,362815,3626195,39832692,476581258,,
249,12645738,392,16,362815,3626193,39832509,476571297,,
250,12645783,393,16,362815,3626194,39832595,476575655,,
251,12645837,394,16,362815,3626193,39832500,476570405,,
252,12645873,395,16,362815,3626194,39832591,476575244,,
253,12647358,396,8,362815,3626192,39832427,476567367,,
254,12647385,397,16,362815,3626191,39832332,476562026,,
255,12647538,398,16,362815,3626193,39832515,476571936,6161350216,
256,12647583,399,16,362815,3626193,39832511,476571471,,
257,12647835,400,16,362815,3626192,39832416,476566221,,
258,12647853,401,16,362815,3626192,39832426,476567188,,
259,12648375,403,8,362815,3626192,39832416,476566210,,
260,12648537,404,16,362815,3626191,39832335,476562326,,
261,12648573,405,16,362815,3626192,39832423,476566889,,
262,12648735,406,16,362815,3626192,39832419,476566490,,
263,12648753,407,16,362815,3626193,39832510,476571408,,
264,12654378,414,8,362815,3626197,39832878,476591429,6162164375,
265,12654738,416,16,362815,3626194,39832602,476576430,,
266,12654783,417,16,362815,3626195,39832685,476580452,,
267,12654837,418,16,362815,3626194,39832601,476576289,,
268,12654873,419,16,362815,3626195,39832685,476580458,,
269,12657348,420,16,362815,3626194,39832592,476575389,6161468122,
270,12657384,421,16,362815,3626193,39832503,476570648,,
271,12657438,422,16,362815,3626194,39832598,476576020,,
272,12657483,423,16,362815,3626193,39832511,476571462,,
273,12657834,424,16,362815,3626195,39832683,476580227,,
274,12657843,425,16,362815,3626195,39832683,476580241,,
275,12658347,426,16,362815,3626193,39832499,476570272,,
276,12658374,427,16,362815,3626192,39832417,476566270,,
277,12658437,428,16,362815,3626193,39832502,476570627,,
278,12658473,429,16,362815,3626193,39832508,476571190,,
279,12658734,430,16,362815,3626195,39832682,476580129,,
280,12658743,431,16,362815,3626195,39832682,476580149,,
281,12674538,440,16,362815,3626195,39832688,476580795,,
282,12674583,441,16,362815,3626194,39832592,476575365,,
283,12674835,442,16,362815,3626192,39832420,476566584,,
284,12674853,443,16,362815,3626193,39832512,476571575,,
285,12675348,444,8,362815,3626195,39832679,476579880,,
286,12675384,445,16,362815,3626193,39832499,476570290,,
287,12675438,446,16,362815,3626195,39832693,476581286,,
288,12675483,447,16,362815,3626194,39832593,476575432,,
289,12675834,448,16,362815,3626194,39832598,476575923,,
290,12675843,449,16,362815,3626194,39832600,476576163,,
291,12678345,450,8,362815,3626196,39832778,476585523,,
292,12678354,451,16,362815,3626195,39832688,476580703,,
293,12678435,452,16,362815,3626195,39832688,476580704,,
294,12678453,453,16,362815,3626196,39832777,476585429,6161888754,
295,12678534,454,16,362815,3626196,39832776,476585301,,
296,12678543,455,16,362815,3626196,39832778,476585544,,
297,12684537,464,16,362815,3626193,39832503,476570678,6161273201,
298,12684573,465,16,362815,3626193,39832509,476571264,6161306361,
299,12684735,466,16,362815,3626192,39832419,476566498,,
300,12684753,467,16,362815,3626192,39832430,476567607,,
301,12685374,469,8,362815,3626191,39832338,476562605,,
302,12685437,470,16,362815,3626193,39832511,476571497,,
303,12685473,471,16,362815,3626192,39832424,476566990,6161139367,
304,12685734,472,16,362815,3626194,39832600,476576152,6161510298,
305,12685743,473,16,362815,3626194,39832604,476576582,,
306,12687354,475,8,362815,3626195,39832675,476579429,,
307,12687435,476,16,362815,3626195,39832675,476579424,,
308,12687453,477,16,362815,3626195,39832687,476580629,6161689505,
309,12687534,478,16,362815,3626195,39832687,476580605,,
310,12687543,479,16,362815,3626195,39832690,476580950,6161709481,
311,12745638,512,8,362815,3626195,39832680,476579956,,
312,12745683,513,16,362815,3626194,39832594,476575522,,
313,12745836,514,8,362815,3626192,39832406,476565219,,
314,12745863,515,16,362815,3626192,39832425,476567060,,
315,12746538,518,8,362815,3626193,39832514,476571824,,
316,12746583,519,16,362815,3626193,39832505,476570857,,
317,12746835,520,16,362815,3626191,39832334,476562186,,
318,12746853,521,16,362815,3626191,39832339,476562678,,
319,12748563,525,16,362815,3626193,39832509,476571281,6161308287,
320,12748635,526,8,362815,3626191,39832338,476562600,,
321,12748653,527,16,362815,3626192,39832424,476566990,6161139307,
322,12754638,536,8,362815,3626193,39832514,476571803,,
323,12754683,537,16,362815,3626193,39832507,476571038,,
324,12754836,538,8,362815,3626193,39832498,476570190,,
325,12754863,539,16,362815,3626193,39832503,476570698,,
326,12756438,542,16,362815,3626195,39832690,476580999,,
327,12756483,543,16,362815,3626194,39832595,476575643,,
328,12756834,544,16,362815,3626194,39832598,476575916,,
329,12756843,545,16,362815,3626194,39832598,476575930,6161496049,
330,12758436,548,16,362815,3626192,39832419,476566496,,
331,12758463,549,16,362815,3626192,39832427,476567289,,
332,12758634,550,16,362815,3626194,39832600,476576152,6161510305,
333,12758643,551,16,362815,3626194,39832602,476576366,,
334,12764583,561,16,362815,3626194,39832593,476575437,,
335,12764853,563,16,362815,3626192,39832430,476567590,,
336,12765438,566,8,362815,3626197,39832878,476591425,6162163839,
337,12765483,567,16,362815,3626195,39832691,476581065,,
338,12765834,568,16,362815,3626195,39832681,476580042,,
339,12765843,569,16,362815,3626195,39832684,476580376,,
340,12768435,572,8,362815,3626195,39832675,476579441,,
341,12768453,573,16,362815,3626195,39832687,476580629,6161689462,
342,12768534,574,16,362815,3626195,39832687,476580619,,
343,12768543,575,16,362815,3626195,39832692,476581167,6161723147,
344,12784563,585,16,362815,3626196,39832777,476585429,6161888703,
345,12784653,587,16,362815,3626194,39832602,476576357,,
346,12785463,591,16,362815,3626194,39832602,476576339,6161520335,
347,12785634,592,8,362815,3626196,39832781,476585863,,
348,12785643,593,16,362815,3626196,39832779,476585654,,
349,12786453,597,16,362815,3626196,39832777,476585446,,
350,12786534,598,8,362815,3626196,39832776,476585319,,
351,12786543,599,16,362815,3626196,39832783,476586088,,
352,12845673,633,8,362815,3626196,39832777,476585411,,
353,12845763,635,8,362815,3626194,39832596,476575742,,
354,12846573,639,8,362815,3626194,39832599,476576038,6161502464,
355,12846753,641,16,362815,3626193,39832513,476571670,,
356,12847653,647,8,362815,3626194,39832596,476575825,,
357,12854673,657,8,362815,3626194,39832596,476575734,6161484414,
358,12854763,659,8,362815,3626194,39832594,476575565,,
359,12856473,663,16,362815,3626193,39832513,476571645,,
360,12856743,665,16,362815,3626196,39832777,476585425,,
361,12857463,669,16,362815,3626193,39832521,476572502,,
362,12857643,671,16,362815,3626194,39832604,476576585,,
363,12865473,687,8,362815,3626194,39832593,476575480,6161472470,
364,12865743,689,16,362815,3626194,39832603,476576476,,
365,12867453,693,8,362815,3626196,39832782,476585965,,
366,12867543,695,16,362815,3626196,39832782,476585973,,
367,12875643,713,8,362815,3626196,39832780,476585762,,
368,13245768,722,2,362815,3626197,39832879,476591513,,
369,13245786,723,8,362815,3626196,39832789,476586704,6161967608,
370,13246758,728,8,362815,3626195,39832704,476582418,,
371,13246785,729,8,362815,3626196,39832782,476585986,,
372,13246857,730,8,362815,3626195,39832702,476582204,,
373,13246875,731,8,362815,3626195,39832700,476582002,,
374,13247658,734,4,362815,3626197,39832879,476591527,,
375,13247685,735,8,362815,3626195,39832700,476581997,,
376,13247856,736,4,362815,3626196,39832783,476586094,,
377,13247865,737,8,362815,3626196,39832784,476586191,,
378,13248675,741,4,362815,3626196,39832786,476586397,,
379,13254768,746,2,362815,3626197,39832880,476591621,,
380,13254786,747,8,362815,3626196,39832789,476586716,,
381,13256748,752,8,362815,3626195,39832689,476580918,,
382,13256784,753,8,362815,3626196,39832781,476585841,,
383,13256847,754,8,362815,3626193,39832521,476572519,,
384,13256874,755,8,362815,3626195,39832690,476580964,,
385,13257468,756,8,362815,3626194,39832614,476577642,,
386,13257486,757,8,362815,3626193,39832523,476572732,,
387,13257648,758,8,362815,3626194,39832610,476577241,,
388,13257684,759,8,362815,3626195,39832692,476581164,,
389,13257846,760,8,362815,3626194,39832603,476576506,,
390,13257864,761,8,362815,3626194,39832606,476576777,,
391,13258467,762,8,362815,3626193,39832525,476572925,,
392,13258476,763,8,362815,3626194,39832609,476577149,,
393,13258647,764,8,362815,3626192,39832436,476568214,,
394,13258674,765,8,362815,3626194,39832606,476576778,6161548414,
395,13258746,766,8,362815,3626193,39832521,476572504,,
396,13258764,767,8,362815,3626195,39832692,476581217,,
397,13265748,776,8,362815,3626194,39832610,476577234,,
398,13265784,777,8,362815,3626195,39832690,476580976,,
399,13265847,778,8,362815,3626194,39832606,476576841,,
400,13265874,779,8,362815,3626195,39832689,476580892,,
401,13267458,780,4,362815,3626195,39832691,476581142,,
402,13267485,781,8,362815,3626194,39832600,476576202,,
403,13267548,782,8,362815,3626195,39832693,476581328,,
404,13267584,783,8,362815,3626194,39832604,476576578,,
405,13267845,784,8,362815,3626196,39832778,476585539,,
406,13267854,785,8,362815,3626196,39832778,476585538,,
407,13268475,787,4,362815,3626193,39832519,476572325,,
408,13268547,788,8,362815,3626193,39832522,476572618,,
409,13268574,789,8,362815,3626194,39832608,476576999,,
410,13268745,790,8,362815,3626195,39832688,476580765,,
411,13268754,791,8,362815,3626195,39832690,476580983,,
412,13275648,800,4,362815,3626195,39832696,476581641,,
413,13275684,801,8,362815,3626194,39832602,476576380,6161525289,
414,13275846,802,4,362815,3626193,39832520,476572419,,
415,13275864,803,8,362815,3626194,39832608,476576989,,
416,13276548,806,4,362815,3626197,39832879,476591528,,
417,13276584,807,8,362815,3626195,39832691,476581107,,
418,13276845,808,8,362815,3626195,39832688,476580763,6161699193,
419,13276854,809,8,362815,3626195,39832692,476581189,,
420,13278564,813,8,362815,3626196,39832781,476585866,,
421,13278645,814,4,362815,3626196,39832776,476585347,6161885101,
422,13278654,815,8,362815,3626196,39832783,476586070,,
423,13285674,825,4,362815,3626196,39832777,476585441,6161890298,
424,13285764,827,4,362815,3626194,39832610,476577184,,
425,13286574,831,4,362815,3626194,39832607,476576875,,
426,13286754,833,8,362815,3626196,39832782,476585971,,
427,13425786,843,16,362815,3626194,39832618,476577951,,
428,13426758,848,4,362815,3626194,39832606,476576815,6161552875,85472873492
429,13426785,849,8,362815,3626195,39832691,476581010,6161710867,
430,13426857,850,8,362815,3626194,39832606,476576778,6161548535,
431,13426875,851,8,362815,3626194,39832606,476576759,6161546381,
432,13427568,852,4,362815,3626194,39832606,476576815,6161552875,85472873496
433,13427586,853,8,362815,3626194,39832606,476576778,6161548537,
434,13427658,854,8,362815,3626195,39832703,476582332,6161795115,
435,13427685,855,8,362815,3626194,39832606,476576746,6161544872,
436,13427856,856,8,362815,3626195,39832691,476581031,,
437,13427865,857,8,362815,3626195,39832691,476581038,6161714061,
438,13428567,858,8,362815,3626195,39832691,476581010,6161710863,
439,13428576,859,8,362815,3626194,39832606,476576759,6161546377,
440,13428657,860,8,362815,3626194,39832606,476576746,6161544870,
441,13428675,861,8,362815,3626195,39832692,476581161,,
442,13428756,862,8,362815,3626195,39832691,476581038,6161714067,
443,13452786,867,16,362815,3626195,39832684,476580337,6161672996,
444,13456728,872,4,362815,3626195,39832693,476581255,,
445,13456782,873,8,362815,3626196,39832785,476586282,,
446,13456827,874,8,362815,3626193,39832514,476571737,6161332269,
447,13456872,875,8,362815,3626195,39832694,476581365,,
448,13457268,876,8,362815,3626192,39832425,476567093,,
449,13457286,877,8,362815,3626192,39832421,476566617,,
450,13457628,878,8,362815,3626194,39832601,476576243,6161514813,
451,13457682,879,8,362815,3626195,39832693,476581258,6161727608,
452,13457826,880,8,362815,3626193,39832503,476570618,6161265965,
453,13457862,881,8,362815,3626194,39832601,476576242,6161514802,
454,13458267,882,8,362815,3626193,39832500,476570288,6161245544,
455,13458276,883,8,362815,3626193,39832503,476570645,,
456,13458627,884,8,362815,3626192,39832423,476566815,,
457,13458672,885,8,362815,3626194,39832603,476576453,,
458,13458726,886,8,362815,3626193,39832501,476570398,,
459,13458762,887,8,362815,3626195,39832689,476580842,,
460,13462758,890,8,362815,3626191,39832336,476562438,,
461,13462785,891,8,362815,3626192,39832414,476565958,,
462,13462857,892,8,362815,3626191,39832333,476562069,,
463,13462875,893,8,362815,3626192,39832411,476565722,,
464,13465728,896,8,362815,3626194,39832600,476576139,,
465,13465782,897,8,362815,3626195,39832691,476581057,,
466,13465827,898,8,362815,3626193,39832506,476570933,,
467,13465872,899,8,362815,3626195,39832690,476580950,6161709124,
468,13467258,900,8,362815,3626192,39832411,476565710,,
469,13467285,901,8,362815,3626192,39832414,476565906,,
470,13467528,902,8,362815,3626193,39832504,476570772,,
471,13467582,903,8,362815,3626193,39832515,476571879,,
472,13467825,904,8,362815,3626193,39832507,476571002,,
473,13467852,905,8,362815,3626194,39832594,476575561,,
474,13468257,906,8,362815,3626191,39832324,476561162,,
475,13468275,907,8,362815,3626191,39832321,476560845,,
476,13468527,908,8,362815,3626191,39832328,476561542,,
477,13468572,909,8,362815,3626193,39832513,476571662,6161329309,
478,13468725,910,8,362815,3626193,39832494,476569716,,
479,13468752,911,8,362815,3626193,39832510,476571349,,
480,13472568,912,4,362815,3626192,39832407,476565393,,
481,13472586,913,8,362815,3626191,39832323,476561172,,
482,13472658,914,8,362815,3626192,39832419,476566579,,
483,13472685,915,8,362815,3626191,39832323,476561105,,
484,13472856,916,8,362815,3626192,39832409,476565479,6161050536,
485,13472865,917,8,362815,3626192,39832409,476565457,,
486,13475268,918,8,362815,3626191,39832330,476561805,,
487,13475286,919,8,362815,3626191,39832327,476561473,,
488,13475628,920,8,362815,3626193,39832506,476570962,6161288528,
489,13475682,921,8,362815,3626193,39832514,476571775,,
490,13475826,922,8,362815,3626191,39832328,476561562,,
491,13475862,923,8,362815,3626193,39832515,476571868,,
492,13476258,924,8,362815,3626192,39832409,476565549,,
493,13476285,925,8,362815,3626192,39832402,476564719,,
494,13476528,926,8,362815,3626194,39832596,476575752,,
495,13476582,927,8,362815,3626195,39832688,476580729,6161695089,
496,13476825,928,8,362815,3626193,39832494,476569698,6161211060,
497,13476852,929,8,362815,3626193,39832510,476571343,6161309607,
498,13478256,930,8,362815,3626193,39832492,476569504,,
499,13478265,931,8,362815,3626193,39832492,476569495,,
500,13478526,932,8,362815,3626192,39832406,476565123,,
501,13478562,933,8,362815,3626194,39832593,476575449,,
502,13478625,934,8,362815,3626193,39832494,476569671,,
503,13478652,935,8,362815,3626194,39832594,476575529,6161472224,
504,13482567,936,8,362815,3626193,39832500,476570320,,
505,13482576,937,8,362815,3626193,39832494,476569733,,
506,13482657,938,8,362815,3626193,39832494,476569753,,
507,13482675,939,8,362815,3626193,39832497,476570026,,
508,13482756,940,8,362815,3626193,39832497,476570041,,
509,13482765,941,8,362815,3626193,39832510,476571381,,
510,13485267,942,8,362815,3626192,39832412,476565717,6161060989,
511,13485276,943,8,362815,3626192,39832406,476565153,,
512,13485627,944,8,362815,3626192,39832410,476565527,6161049995,
513,13485672,945,8,362815,3626194,39832595,476575667,6161482484,
514,13485726,946,8,362815,3626191,39832325,476561243,,
515,13485762,947,8,362815,3626193,39832511,476571457,,
516,13486257,948,8,362815,3626191,39832318,476560545,6160841476,
517,13486275,949,8,362815,3626191,39832321,476560846,,
518,13486527,950,8,362815,3626192,39832407,476565218,6161031590,
519,13486572,951,8,362815,3626193,39832509,476571232,,
520,13486725,952,8,362815,3626193,39832494,476569702,,
521,13486752,953,8,362815,3626194,39832596,476575741,6161485414,
522,13487256,954,8,362815,3626193,39832492,476569433,,
523,13487265,955,8,362815,3626193,39832494,476569711,,
524,13487526,956,8,362815,3626192,39832410,476565529,,
525,13487562,957,8,362815,3626194,39832594,476575541,6161473612,
526,13487625,958,8,362815,3626193,39832501,476570389,,
527,13487652,959,8,362815,3626195,39832689,476580844,,
528,13524786,963,16,362815,3626194,39832604,476576600,,
529,13526784,969,8,362815,3626192,39832425,476567046,,
530,13526847,970,8,362815,3626190,39832248,476557854,,
531,13526874,971,8,362815,3626192,39832416,476566176,,
532,13527468,972,4,362815,3626191,39832340,476562841,,
533,13527486,973,8,362815,3626191,39832335,476562286,,
534,13527648,974,8,362815,3626191,39832340,476562882,,
535,13527684,975,8,362815,3626192,39832416,476566183,,
536,13527846,976,8,362815,3626191,39832335,476562246,,
537,13527864,977,8,362815,3626192,39832416,476566148,,
538,13528467,978,8,362815,3626191,39832337,476562462,,
539,13528476,979,8,362815,3626191,39832336,476562432,,
540,13528647,980,8,362815,3626190,39832246,476557593,,
541,13528674,981,8,362815,3626192,39832416,476566142,6161087663,
542,13528746,982,8,362815,3626191,39832331,476561873,,
543,13528764,983,8,362815,3626192,39832427,476567292,,
544,13542786,987,16,362815,3626194,39832602,476576371,6161524376,
545,13546782,993,8,362815,3626195,39832693,476581258,6161727699,
546,13546827,994,8,362815,3626193,39832506,476570922,6161284084,
547,13546872,995,8,362815,3626195,39832688,476580750,,
548,13547268,996,8,362815,3626192,39832422,476566817,,
549,13547286,997,8,362815,3626192,39832412,476565757,,
550,13547628,998,8,362815,3626194,39832599,476576036,,
551,13547682,999,8,362815,3626195,39832693,476581248,,
552,13547826,1000,8,362815,3626193,39832497,476569996,,
553,13547862,1001,8,362815,3626194,39832598,476575932,6161496112,
554,13548267,1002,8,362815,3626193,39832494,476569726,6161214935,
555,13548276,1003,8,362815,3626193,39832502,476570561,,
556,13548627,1004,8,362815,3626192,39832416,476566114,,
557,13548672,1005,8,362815,3626194,39832598,476575932,6161496111,
558,13548726,1006,8,362815,3626193,39832499,476570200,,
559,13548762,1007,8,362815,3626195,39832688,476580733,6161695611,
560,13562748,1010,4,362815,3626192,39832412,476565774,,
561,13562784,1011,8,362815,3626192,39832414,476565907,6161071364,
562,13562847,1012,8,362815,3626191,39832324,476561137,,
563,13562874,1013,8,362815,3626192,39832409,476565426,,
564,13564728,1016,4,362815,3626192,39832428,476567322,,
565,13564782,1017,8,362815,3626193,39832515,476571858,,
566,13564827,1018,8,362815,3626192,39832414,476565923,,
567,13564872,1019,8,362815,3626193,39832513,476571639,,
568,13567248,1020,8,362815,3626193,39832506,476570909,,
569,13567284,1021,8,362815,3626193,39832505,476570777,,
570,13567428,1022,8,362815,3626193,39832507,476571042,,
571,13567482,1023,8,362815,3626193,39832507,476571088,,
572,13567824,1024,8,362815,3626194,39832602,476576339,6161520050,
573,13567842,1025,8,362815,3626194,39832603,476576440,,
574,13568247,1026,8,362815,3626191,39832322,476560932,,
575,13568274,1027,8,362815,3626191,39832321,476560806,,
576,13568427,1028,8,362815,3626191,39832318,476560544,,
577,13568472,1029,8,362815,3626191,39832335,476562270,6160943304,
578,13568724,1030,8,362815,3626193,39832508,476571101,6161292951,
579,13568742,1031,8,362815,3626193,39832508,476571139,6161297482,
580,13572468,1032,4,362815,3626191,39832332,476561999,,
581,13572486,1033,8,362815,3626190,39832242,476557172,,
582,13572648,1034,8,362815,3626190,39832243,476557336,,
583,13572684,1035,8,362815,3626190,39832235,476556467,,
584,13572846,1036,8,362815,3626191,39832324,476561094,,
585,13572864,1037,8,362815,3626190,39832236,476556532,,
586,13574268,1038,8,362815,3626190,39832246,476557605,,
587,13574286,1039,8,362815,3626190,39832240,476556963,,
588,13574628,1040,8,362815,3626192,39832422,476566774,,
589,13574682,1041,8,362815,3626192,39832432,476567765,,
590,13574826,1042,8,362815,3626190,39832236,476556551,,
591,13574862,1043,8,362815,3626191,39832341,476562864,,
592,13576248,1044,8,362815,3626192,39832414,476565943,,
593,13576284,1045,8,362815,3626192,39832411,476565564,6161048838,
594,13576428,1046,8,362815,3626192,39832422,476566767,,
595,13576482,1047,8,362815,3626192,39832424,476566951,,
596,13576824,1048,8,362815,3626193,39832510,476571306,,
597,13576842,1049,8,362815,3626193,39832510,476571343,6161309730,
598,13578246,1050,8,362815,3626192,39832416,476566098,,
599,13578264,1051,8,362815,3626191,39832323,476561017,,
600,13578426,1052,8,362815,3626191,39832326,476561305,,
601,13578462,1053,8,362815,3626192,39832421,476566671,,
602,13578624,1054,8,362815,3626192,39832422,476566690,,
603,13578642,1055,8,362815,3626192,39832424,476566944,,
604,13582467,1056,8,362815,3626191,39832324,476561167,,
605,13582476,1057,8,362815,3626191,39832324,476561174,,
606,13582647,1058,8,362815,3626190,39832229,476555875,,
607,13582674,1059,8,362815,3626191,39832313,476560015,6160809055,
608,13582746,1060,8,362815,3626190,39832232,476556152,,
609,13582764,1061,8,362815,3626191,39832322,476560966,,
610,13584267,1062,8,362815,3626191,39832318,476560558,6160843079,
611,13584276,1063,8,362815,3626191,39832320,476560768,,
612,13584627,1064,8,362815,3626190,39832238,476556745,,
613,13584672,1065,8,362815,3626191,39832341,476562861,,
614,13584726,1066,8,362815,3626190,39832241,476557051,,
615,13584762,1067,8,362815,3626192,39832423,476566856,,
616,13586247,1068,8,362815,3626190,39832234,476556317,,
617,13586274,1069,8,362815,3626190,39832238,476556703,,
618,13586427,1070,8,362815,3626190,39832236,476556533,,
619,13586472,1071,8,362815,3626190,39832250,476557957,,
620,13586724,1072,8,362815,3626192,39832422,476566695,,
621,13586742,1073,8,362815,3626192,39832424,476566943,,
622,13587246,1074,8,362815,3626191,39832325,476561202,,
623,13587264,1075,8,362815,3626191,39832320,476560715,6160849732,
624,13587426,1076,8,362815,3626191,39832314,476560158,6160819306,
625,13587462,1077,8,362815,3626191,39832337,476562459,,
626,13587624,1078,8,362815,3626193,39832504,476570720,6161271941,
627,13587642,1079,8,362815,3626193,39832510,476571363,,
628,13624758,1082,4,362815,3626190,39832261,476559193,,
629,13624785,1083,8,362815,3626191,39832327,476561570,,
630,13624857,1084,8,362815,3626190,39832248,476557859,,
631,13624875,1085,8,362815,3626191,39832338,476562658,,
632,13625748,1088,8,362815,3626190,39832253,476558370,,
633,13625784,1089,8,362815,3626191,39832331,476561897,,
634,13625847,1090,8,362815,3626190,39832251,476558142,,
635,13625874,1091,8,362815,3626191,39832326,476561439,,
636,13627458,1092,8,362815,3626191,39832333,476562140,,
637,13627485,1093,8,362815,3626190,39832246,476557587,,
638,13627548,1094,8,362815,3626191,39832334,476562264,,
639,13627584,1095,8,362815,3626190,39832244,476557374,,
640,13627845,1096,8,362815,3626192,39832412,476565781,,
641,13627854,1097,8,362815,3626192,39832412,476565745,,
642,13628457,1098,8,362815,3626191,39832328,476561551,,
643,13628475,1099,8,362815,3626190,39832237,476556719,,
644,13628547,1100,8,362815,3626191,39832318,476560623,,
645,13628574,1101,8,362815,3626190,39832245,476557490,,
646,13628745,1102,8,362815,3626192,39832409,476565453,,
647,13628754,1103,8,362815,3626192,39832411,476565677,,
648,13642785,1107,8,362815,3626191,39832323,476561109,,
649,13642857,1108,8,362815,3626190,39832242,476557204,6160731072,
650,13642875,1109,8,362815,3626191,39832334,476562211,,
651,13645728,1112,4,362815,3626192,39832425,476567017,,
652,13645782,1113,8,362815,3626193,39832514,476571756,,
653,13645827,1114,8,362815,3626192,39832412,476565700,,
654,13645872,1115,8,362815,3626193,39832513,476571621,,
655,13647258,1116,8,362815,3626190,39832244,476557444,,
656,13647285,1117,8,362815,3626190,39832235,476556463,,
657,13647528,1118,8,362815,3626192,39832422,476566768,6161125400,
658,13647582,1119,8,362815,3626192,39832432,476567771,,
659,13647825,1120,8,362815,3626191,39832322,476560935,,
660,13647852,1121,8,362815,3626191,39832339,476562665,,
661,13648257,1122,8,362815,3626190,39832229,476555870,6160651037,
662,13648275,1123,8,362815,3626190,39832239,476556838,,
663,13648527,1124,8,362815,3626190,39832238,476556754,,
664,13648572,1125,8,362815,3626191,39832338,476562567,,
665,13648725,1126,8,362815,3626191,39832323,476561040,,
666,13648752,1127,8,362815,3626192,39832423,476566877,,
667,13652748,1130,4,362815,3626191,39832321,476560947,,
668,13652784,1131,8,362815,3626192,39832402,476564736,,
669,13652847,1132,8,362815,3626191,39832314,476560221,,
670,13652874,1133,8,362815,3626192,39832405,476565037,,
671,13654728,1136,4,362815,3626194,39832595,476575652,,
672,13654782,1137,8,362815,3626195,39832688,476580729,6161695142,
673,13654827,1138,8,362815,3626193,39832508,476571125,,
674,13654872,1139,8,362815,3626195,39832688,476580733,6161695593,
675,13657248,1140,8,362815,3626192,39832411,476565655,,
676,13657284,1141,8,362815,3626192,39832411,476565564,6161048882,
677,13657428,1142,8,362815,3626192,39832420,476566559,,
678,13657482,1143,8,362815,3626192,39832424,476566961,,
679,13657824,1144,8,362815,3626193,39832505,476570802,,
680,13657842,1145,8,362815,3626193,39832508,476571137,,
681,13658247,1146,8,362815,3626191,39832317,476560439,,
682,13658274,1147,8,362815,3626191,39832319,476560597,,
683,13658427,1148,8,362815,3626191,39832319,476560655,,
684,13658472,1149,8,362815,3626192,39832420,476566570,,
685,13658724,1150,8,362815,3626193,39832505,476570795,6161275021,
686,13658742,1151,8,362815,3626193,39832507,476571058,,
687,13672458,1152,8,362815,3626192,39832412,476565805,,
688,13672485,1153,8,362815,3626191,39832314,476560161,,
689,13672548,1154,8,362815,3626192,39832410,476565590,,
690,13672584,1155,8,362815,3626191,39832313,476560046,,
691,13672845,1156,8,362815,3626192,39832410,476565521,6161049504,
692,13672854,1157,8,362815,3626192,39832407,476565209,,
693,13674258,1158,8,362815,3626191,39832323,476561098,,
694,13674285,1159,8,362815,3626191,39832313,476560027,,
695,13674528,1160,8,362815,3626193,39832503,476570678,6161273244,
696,13674582,1161,8,362815,3626193,39832505,476570847,6161280943,
697,13674825,1162,8,362815,3626191,39832313,476560075,,
698,13674852,1163,8,362815,3626192,39832414,476565993,6161080898,
699,13675248,1164,8,362815,3626192,39832410,476565581,,
700,13675284,1165,8,362815,3626192,39832397,476564182,,
701,13675428,1166,8,362815,3626193,39832504,476570754,,
702,13675482,1167,8,362815,3626193,39832507,476571024,,
703,13675824,1168,8,362815,3626192,39832414,476565897,6161070074,
704,13675842,1169,8,362815,3626192,39832422,476566744,,
705,13678245,1170,8,362815,3626193,39832506,476570911,,
706,13678254,1171,8,362815,3626193,39832503,476570602,6161264067,85461367267
707,13678425,1172,8,362815,3626192,39832419,476566389,,
708,13678452,1173,8,362815,3626194,39832596,476575730,,
709,13678524,1174,8,362815,3626193,39832507,476570990,6161286201,
710,13678542,1175,8,362815,3626194,39832596,476575726,,
711,13682457,1176,8,362815,3626191,39832322,476560942,,
712,13682475,1177,8,362815,3626190,39832233,476556242,,
713,13682547,1178,8,362815,3626191,39832317,476560449,,
714,13682574,1179,8,362815,3626190,39832233,476556256,,
715,13682745,1180,8,362815,3626191,39832316,476560323,,
716,13682754,1181,8,362815,3626191,39832317,476560436,6160834747,
717,13684257,1182,8,362815,3626190,39832234,476556313,,
718,13684275,1183,8,362815,3626190,39832225,476555460,,
719,13684527,1184,8,362815,3626191,39832318,476560523,6160838845,
720,13684572,1185,8,362815,3626192,39832414,476565979,,
721,13684725,1186,8,362815,3626190,39832238,476556763,6160702599,
722,13684752,1187,8,362815,3626191,39832333,476562087,,
723,13685247,1188,8,362815,3626190,39832232,476556130,,
724,13685274,1189,8,362815,3626190,39832228,476555762,,
725,13685427,1190,8,362815,3626191,39832320,476560740,,
726,13685472,1191,8,362815,3626191,39832336,476562340,,
727,13685724,1192,8,362815,3626192,39832414,476565926,,
728,13685742,1193,8,362815,3626192,39832426,476567164,,
729,13687245,1194,8,362815,3626193,39832494,476569696,,
730,13687254,1195,8,362815,3626193,39832494,476569666,,
731,13687425,1196,8,362815,3626192,39832408,476565285,6161033912,
732,13687452,1197,8,362815,3626193,39832506,476570934,,
733,13687524,1198,8,362815,3626192,39832420,476566464,,
734,13687542,1199,8,362815,3626193,39832508,476571154,,
735,13724586,1201,8,362815,3626191,39832327,476561514,,
736,13724658,1202,8,362815,3626192,39832418,476566432,,
737,13724685,1203,8,362815,3626190,39832242,476557204,6160731097,
738,13724856,1204,8,362815,3626191,39832326,476561406,,
739,13724865,1205,8,362815,3626191,39832325,476561286,,
740,13725486,1207,8,362815,3626191,39832333,476562131,6160939318,
741,13725648,1208,8,362815,3626192,39832415,476566138,,
742,13725684,1209,8,362815,3626191,39832321,476560878,,
743,13725846,1210,8,362815,3626190,39832243,476557310,,
744,13725864,1211,8,362815,3626190,39832246,476557595,,
745,13726458,1212,8,362815,3626192,39832418,476566427,,
746,13726485,1213,8,362815,3626190,39832242,476557226,,
747,13726548,1214,8,362815,3626193,39832518,476572216,,
748,13726584,1215,8,362815,3626191,39832328,476561586,6160904823,
749,13726845,1216,8,362815,3626191,39832328,476561565,,
750,13726854,1217,8,362815,3626191,39832334,476562177,,
751,13728456,1218,8,362815,3626192,39832423,476566842,,
752,13728465,1219,8,362815,3626192,39832410,476565578,,
753,13728546,1220,8,362815,3626192,39832410,476565560,,
754,13728564,1221,8,362815,3626192,39832418,476566340,,
755,13728645,1222,8,362815,3626192,39832416,476566112,,
756,13728654,1223,8,362815,3626192,39832422,476566754,,
757,13742586,1225,8,362815,3626190,39832238,476556802,,
758,13742658,1226,8,362815,3626191,39832326,476561452,,
759,13742685,1227,8,362815,3626190,39832230,476555973,,
760,13742856,1228,8,362815,3626191,39832319,476560652,,
761,13742865,1229,8,362815,3626191,39832316,476560383,,
762,13745268,1230,4,362815,3626191,39832324,476561171,,
763,13745286,1231,8,362815,3626191,39832317,476560450,,
764,13745628,1232,8,362815,3626193,39832505,476570816,,
765,13745682,1233,8,362815,3626193,39832504,476570760,,
766,13745826,1234,8,362815,3626191,39832308,476559556,6160784103,
767,13745862,1235,8,362815,3626191,39832335,476562270,6160943231,
768,13746258,1236,8,362815,3626190,39832242,476557241,,
769,13746285,1237,8,362815,3626190,39832224,476555361,,
770,13746528,1238,8,362815,3626192,39832418,476566338,,
771,13746582,1239,8,362815,3626192,39832424,476566926,6161131785,
772,13746825,1240,8,362815,3626190,39832230,476555922,,
773,13746852,1241,8,362815,3626190,39832250,476557954,,
774,13748256,1242,8,362815,3626191,39832313,476560042,,
775,13748265,1243,8,362815,3626191,39832310,476559781,,
776,13748526,1244,8,362815,3626190,39832236,476556540,,
777,13748562,1245,8,362815,3626192,39832419,476566467,,
778,13748625,1246,8,362815,3626190,39832232,476556150,,
779,13748652,1247,8,362815,3626191,39832335,476562244,,
780,13752486,1249,8,362815,3626190,39832238,476556804,,
781,13752648,1250,8,362815,3626190,39832246,476557641,,
782,13752684,1251,8,362815,3626190,39832224,476555365,,
783,13752846,1252,8,362815,3626190,39832225,476555488,,
784,13752864,1253,8,362815,3626190,39832231,476556075,,
785,13754268,1254,4,362815,3626191,39832324,476561227,,
786,13754286,1255,8,362815,3626191,39832324,476561172,,
787,13754628,1256,8,362815,3626192,39832416,476566142,6161087394,
788,13754682,1257,8,362815,3626192,39832424,476566926,6161131717,
789,13754826,1258,8,362815,3626191,39832321,476560809,,
790,13754862,1259,8,362815,3626192,39832420,476566545,,
791,13756248,1260,8,362815,3626192,39832414,476565984,,
792,13756284,1261,8,362815,3626192,39832397,476564210,,
793,13756428,1262,8,362815,3626193,39832506,476570969,,
794,13756482,1263,8,362815,3626193,39832510,476571320,,
795,13756824,1264,8,362815,3626192,39832413,476565800,,
796,13756842,1265,8,362815,3626192,39832420,476566533,,
797,13758246,1266,8,362815,3626190,39832236,476556526,,
798,13758264,1267,8,362815,3626190,39832235,476556442,,
799,13758426,1268,8,362815,3626190,39832230,476555959,,
800,13758462,1269,8,362815,3626191,39832334,476562173,,
801,13758624,1270,8,362815,3626192,39832416,476566129,,
802,13758642,1271,8,362815,3626192,39832426,476567152,,
803,13762458,1272,8,362815,3626192,39832405,476565138,,
804,13762485,1273,8,362815,3626191,39832309,476559648,,
805,13762548,1274,8,362815,3626192,39832413,476565952,,
806,13762584,1275,8,362815,3626191,39832313,476560054,6160813527,
807,13762845,1276,8,362815,3626192,39832399,476564402,,
808,13762854,1277,8,362815,3626192,39832400,476564491,,
809,13764258,1278,8,362815,3626191,39832327,476561505,,
810,13764285,1279,8,362815,3626191,39832313,476560054,6160813560,
811,13764528,1280,8,362815,3626193,39832504,476570745,,
812,13764582,1281,8,362815,3626193,39832507,476571016,,
813,13764825,1282,8,362815,3626191,39832314,476560164,,
814,13764852,1283,8,362815,3626191,39832336,476562357,,
815,13765248,1284,8,362815,3626192,39832422,476566800,,
816,13765284,1285,8,362815,3626192,39832406,476565064,6161020253,
817,13765428,1286,8,362815,3626194,39832606,476576783,,
818,13765482,1287,8,362815,3626195,39832688,476580727,,
819,13765824,1288,8,362815,3626193,39832501,476570383,6161250480,
820,13765842,1289,8,362815,3626193,39832509,476571251,,
821,13768245,1290,8,362815,3626193,39832494,476569673,6161208467,
822,13768254,1291,8,362815,3626193,39832494,476569658,,
823,13768425,1292,8,362815,3626192,39832408,476565285,6161033899,
824,13768452,1293,8,362815,3626193,39832506,476570932,,
825,13768524,1294,8,362815,3626192,39832420,476566477,,
826,13768542,1295,8,362815,3626193,39832510,476571360,6161311549,
827,13782456,1296,8,362815,3626193,39832502,476570537,,
828,13782465,1297,8,362815,3626193,39832494,476569709,,
829,13782546,1298,8,362815,3626193,39832494,476569717,,
830,13782564,1299,8,362815,3626193,39832496,476569908,,
831,13782645,1300,8,362815,3626193,39832494,476569698,6161211463,
832,13782654,1301,8,362815,3626193,39832502,476570522,,
833,13784256,1302,8,362815,3626192,39832410,476565510,6161048404,
834,13784265,1303,8,362815,3626192,39832406,476565084,6161022301,
835,13784526,1304,8,362815,3626192,39832407,476565205,6161030154,
836,13784562,1305,8,362815,3626194,39832596,476575727,,
837,13784625,1306,8,362815,3626191,39832326,476561330,,
838,13784652,1307,8,362815,3626193,39832502,476570534,,
839,13785246,1308,8,362815,3626191,39832323,476561015,,
840,13785264,1309,8,362815,3626191,39832325,476561241,6160881868,
841,13785426,1310,8,362815,3626192,39832407,476565179,,
842,13785462,1311,8,362815,3626193,39832502,476570526,6161260951,
843,13785624,1312,8,362815,3626193,39832507,476571032,,
844,13785642,1313,8,362815,3626194,39832599,476576034,,
845,13786245,1314,8,362815,3626193,39832499,476570143,,
846,13786254,1315,8,362815,3626193,39832497,476569988,,
847,13786425,1316,8,362815,3626192,39832416,476566081,,
848,13786452,1317,8,362815,3626194,39832594,476575524,6161471763,
849,13786524,1318,8,362815,3626193,39832505,476570781,,
850,13786542,1319,8,362815,3626194,39832601,476576243,6161514866,
851,13824567,1320,8,362815,3626193,39832518,476572167,,
852,13824576,1321,8,362815,3626193,39832509,476571219,,
853,13824657,1322,8,362815,3626193,39832510,476571350,,
854,13824675,1323,8,362815,3626192,39832424,476566915,,
855,13824756,1324,8,362815,3626192,39832424,476566902,,
856,13824765,1325,8,362815,3626193,39832511,476571432,,
857,13825467,1326,8,362815,3626193,39832510,476571360,6161311971,
858,13825476,1327,8,362815,3626193,39832511,476571455,,
859,13825647,1328,8,362815,3626192,39832416,476566134,,
860,13825674,1329,8,362815,3626193,39832505,476570807,,
861,13825746,1330,8,362815,3626192,39832418,476566358,,
862,13825764,1331,8,362815,3626192,39832418,476566329,,
863,13826457,1332,8,362815,3626192,39832418,476566361,,
864,13826475,1333,8,362815,3626192,39832420,476566565,,
865,13826547,1334,8,362815,3626193,39832512,476571545,,
866,13826574,1335,8,362815,3626192,39832417,476566230,,
867,13826745,1336,8,362815,3626193,39832509,476571227,6161302439,
868,13826754,1337,8,362815,3626193,39832509,476571234,6161303115,
869,13827456,1338,8,362815,3626193,39832508,476571150,,
870,13827465,1339,8,362815,3626192,39832426,476567126,,
871,13827546,1340,8,362815,3626192,39832426,476567131,,
872,13827564,1341,8,362815,3626193,39832514,476571746,6161333700,
873,13827645,1342,8,362815,3626193,39832512,476571539,6161321118,
874,13827654,1343,8,362815,3626194,39832608,476576988,,
875,13842567,1344,8,362815,3626192,39832423,476566839,,
876,13842576,1345,8,362815,3626192,39832416,476566117,6161084469,
877,13842657,1346,8,362815,3626192,39832416,476566140,,
878,13842675,1347,8,362815,3626192,39832408,476565317,6161037761,
879,13842756,1348,8,362815,3626192,39832408,476565317,6161037858,
880,13842765,1349,8,362815,3626192,39832419,476566430,,
881,13845267,1350,8,362815,3626192,39832410,476565515,6161048922,
882,13845276,1351,8,362815,3626192,39832407,476565177,,
883,13845627,1352,8,362815,3626192,39832417,476566165,,
884,13845672,1353,8,362815,3626194,39832602,476576328,6161518994,
885,13845726,1354,8,362815,3626191,39832320,476560710,,
886,13845762,1355,8,362815,3626193,39832504,476570714,,
887,13846257,1356,8,362815,3626190,39832238,476556751,6160701351,
888,13846275,1357,8,362815,3626190,39832230,476555946,,
889,13846527,1358,8,362815,3626192,39832404,476564877,6161009554,
890,13846572,1359,8,362815,3626193,39832506,476570925,,
891,13846725,1360,8,362815,3626191,39832319,476560636,,
892,13846752,1361,8,362815,3626192,39832420,476566527,,
893,13847256,1362,8,362815,3626191,39832314,476560158,6160819589,
894,13847265,1363,8,362815,3626191,39832326,476561327,,
895,13847526,1364,8,362815,3626190,39832236,476556523,6160686347,
896,13847562,1365,8,362815,3626192,39832422,476566737,,
897,13847625,1366,8,362815,3626191,39832318,476560532,6160840012,
898,13847652,1367,8,362815,3626193,39832507,476571039,,
899,13852467,1368,8,362815,3626191,39832328,476561547,,
900,13852476,1369,8,362815,3626191,39832326,476561351,,
901,13852647,1370,8,362815,3626190,39832238,476556763,6160702775,
902,13852674,1371,8,362815,3626191,39832314,476560173,,
903,13852746,1372,8,362815,3626190,39832238,476556764,,
904,13852764,1373,8,362815,3626191,39832313,476560095,,
905,13854267,1374,8,362815,3626192,39832407,476565225,,
906,13854276,1375,8,362815,3626192,39832407,476565227,,
907,13854627,1376,8,362815,3626192,39832404,476564877,6161009525,
908,13854672,1377,8,362815,3626193,39832504,476570719,,
909,13854726,1378,8,362815,3626191,39832318,476560519,,
910,13854762,1379,8,362815,3626193,39832503,476570647,,
911,13856247,1380,8,362815,3626191,39832318,476560527,,
912,13856274,1381,8,362815,3626191,39832321,476560807,6160854535,
913,13856427,1382,8,362815,3626192,39832404,476564883,6161010347,
914,13856472,1383,8,362815,3626192,39832416,476566138,,
915,13856724,1384,8,362815,3626193,39832508,476571101,6161293365,
916,13856742,1385,8,362815,3626194,39832595,476575626,,
917,13857246,1386,8,362815,3626190,39832241,476557039,,
918,13857264,1387,8,362815,3626190,39832236,476556558,6160690458,
919,13857426,1388,8,362815,3626190,39832238,476556760,,
920,13857462,1389,8,362815,3626192,39832422,476566772,,
921,13857624,1390,8,362815,3626192,39832414,476565929,,
922,13857642,1391,8,362815,3626192,39832428,476567336,,
923,13862457,1392,8,362815,3626191,39832318,476560554,,
924,13862475,1393,8,362815,3626190,39832232,476556168,,
925,13862547,1394,8,362815,3626191,39832319,476560657,,
926,13862574,1395,8,362815,3626190,39832230,476555934,,
927,13862745,1396,8,362815,3626191,39832323,476561060,,
928,13862754,1397,8,362815,3626191,39832322,476560951,,
929,13864257,1398,8,362815,3626190,39832236,476556539,,
930,13864275,1399,8,362815,3626190,39832236,476556558,6160690559,
931,13864527,1400,8,362815,3626192,39832404,476564883,6161010323,
932,13864572,1401,8,362815,3626192,39832418,476566319,,
933,13864725,1402,8,362815,3626190,39832238,476556756,,
934,13864752,1403,8,362815,3626192,39832422,476566760,,
935,13865247,1404,8,362815,3626191,39832320,476560720,6160850152,
936,13865274,1405,8,362815,3626191,39832308,476559556,6160784178,
937,13865427,1406,8,362815,3626192,39832417,476566193,,
938,13865472,1407,8,362815,3626193,39832505,476570808,,
939,13865724,1408,8,362815,3626192,39832412,476565706,,
940,13865742,1409,8,362815,3626192,39832425,476567025,,
941,13867245,1410,8,362815,3626193,39832499,476570188,,
942,13867254,1411,8,362815,3626193,39832497,476569982,6161227209,
943,13867425,1412,8,362815,3626192,39832416,476566104,,
944,13867452,1413,8,362815,3626194,39832599,476576043,6161503236,
945,13867524,1414,8,362815,3626193,39832506,476570912,,
946,13867542,1415,8,362815,3626194,39832600,476576144,,
947,13872456,1416,8,362815,3626193,39832501,476570405,,
948,13872465,1417,8,362815,3626193,39832494,476569682,,
949,13872546,1418,8,362815,3626193,39832494,476569713,,
950,13872564,1419,8,362815,3626193,39832494,476569703,,
951,13872645,1420,8,362815,3626193,39832494,476569721,,
952,13872654,1421,8,362815,3626193,39832507,476571029,6161290928,
953,13874256,1422,8,362815,3626192,39832410,476565522,,
954,13874265,1423,8,362815,3626192,39832406,476565116,,
955,13874526,1424,8,362815,3626192,39832407,476565203,,
956,13874562,1425,8,362815,3626194,39832596,476575721,,
957,13874625,1426,8,362815,3626191,39832328,476561538,,
958,13874652,1427,8,362815,3626193,39832504,476570755,,
959,13875246,1428,8,362815,3626191,39832325,476561241,6160881873,
960,13875264,1429,8,362815,3626191,39832328,476561558,,
961,13875426,1430,8,362815,3626192,39832410,476565527,6161050330,
962,13875462,1431,8,362815,3626193,39832506,476570941,6161286029,
963,13875624,1432,8,362815,3626193,39832506,476570928,6161284708,
964,13875642,1433,8,362815,3626194,39832600,476576140,,
965,13876245,1434,8,362815,3626193,39832501,476570396,6161252134,
966,13876254,1435,8,362815,3626193,39832503,476570618,6161266218,
967,13876425,1436,8,362815,3626192,39832423,476566828,,
968,13876452,1437,8,362815,3626194,39832601,476576242,6161514781,
969,13876524,1438,8,362815,3626193,39832514,476571754,6161334421,
970,13876542,1439,8,362815,3626195,39832696,476581582,,
971,14325786,1563,8,362815,3626196,39832789,476586714,,
972,14326785,1569,8,362815,3626196,39832781,476585893,6161919585,
973,14326857,1570,8,362815,3626195,39832701,476582116,6161781464,
974,14326875,1571,8,362815,3626195,39832699,476581912,6161769300,
975,14327658,1574,2,362815,3626197,39832879,476591542,,
976,14327685,1575,8,362815,3626195,39832699,476581907,6161768667,
977,14327856,1576,4,362815,3626196,39832782,476586002,6161926524,
978,14327865,1577,8,362815,3626196,39832783,476586100,6161932121,
979,14328675,1581,4,362815,3626196,39832785,476586307,6161944721,
980,14352786,1587,16,362815,3626194,39832602,476576386,,
981,14356782,1593,8,362815,3626195,39832694,476581378,,
982,14356827,1594,8,362815,3626193,39832505,476570795,6161275343,
983,14356872,1595,8,362815,3626195,39832687,476580627,6161689047,
984,14357286,1597,8,362815,3626192,39832412,476565754,,
985,14357628,1598,4,362815,3626194,39832594,476575542,,
986,14357682,1599,8,362815,3626195,39832688,476580754,,
987,14357826,1600,8,362815,3626193,39832497,476570006,,
988,14357862,1601,8,362815,3626194,39832598,476575912,,
989,14358267,1602,8,362815,3626193,39832494,476569712,,
990,14358276,1603,8,362815,3626193,39832500,476570346,,
991,14358627,1604,8,362815,3626192,39832416,476566095,6161081873,
992,14358672,1605,8,362815,3626194,39832598,476575926,,
993,14358726,1606,8,362815,3626193,39832499,476570159,,
994,14358762,1607,8,362815,3626195,39832687,476580609,6161687080,
995,14362785,1611,8,362815,3626192,39832413,476565930,,
996,14362857,1612,8,362815,3626191,39832334,476562245,,
997,14362875,1613,8,362815,3626192,39832414,476566043,,
998,14365782,1617,8,362815,3626195,39832690,476580954,,
999,14365827,1618,8,362815,3626193,39832507,476571033,,
1000,14365872,1619,8,362815,3626195,39832692,476581150,,
1001,14367258,1620,8,362815,3626192,39832410,476565627,,
1002,14367285,1621,8,362815,3626192,39832409,476565430,6161044834,
1003,14367528,1622,8,362815,3626193,39832502,476570557,,
1004,14367582,1623,8,362815,3626193,39832513,476571659,,
1005,14367825,1624,8,362815,3626193,39832502,476570510,6161259261,
1006,14367852,1625,8,362815,3626194,39832592,476575343,,
1007,14368257,1626,8,362815,3626191,39832324,476561170,,
1008,14368275,1627,8,362815,3626191,39832321,476560841,6160858794,
1009,14368527,1628,8,362815,3626191,39832326,476561346,6160888252,
1010,14368572,1629,8,362815,3626193,39832511,476571454,6161316832,
1011,14368725,1630,8,362815,3626193,39832494,476569695,,
1012,14368752,1631,8,362815,3626193,39832510,476571329,,
1013,14372586,1633,8,362815,3626191,39832336,476562462,,
1014,14372658,1634,4,362815,3626193,39832512,476571662,,
1015,14372685,1635,8,362815,3626191,39832336,476562409,,
1016,14372856,1636,8,362815,3626192,39832415,476566103,,
1017,14372865,1637,8,362815,3626192,39832416,476566188,,
1018,14375286,1639,8,362815,3626191,39832322,476561025,,
1019,14375628,1640,8,362815,3626193,39832502,476570549,,
1020,14375682,1641,8,362815,3626193,39832513,476571641,,
1021,14375826,1642,8,362815,3626191,39832325,476561254,,
1022,14375862,1643,8,362815,3626193,39832511,476571454,6161316800,
1023,14376258,1644,8,362815,3626192,39832416,476566239,,
1024,14376285,1645,8,362815,3626192,39832405,476565029,6161021526,
1025,14376528,1646,8,362815,3626194,39832596,476575769,6161489113,
1026,14376582,1647,8,362815,3626195,39832688,476580737,6161696024,
1027,14376825,1648,8,362815,3626193,39832496,476569899,6161222995,
1028,14376852,1649,8,362815,3626193,39832510,476571345,,
1029,14378256,1650,8,362815,3626193,39832494,476569719,,
1030,14378265,1651,8,362815,3626193,39832495,476569814,,
1031,14378526,1652,8,362815,3626192,39832406,476565093,,
1032,14378562,1653,8,362815,3626194,39832593,476575431,6161466754,
1033,14378625,1654,8,362815,3626193,39832494,476569700,,
1034,14378652,1655,8,362815,3626194,39832594,476575526,,
1035,14382567,1656,8,362815,3626193,39832505,476570884,,
1036,14382576,1657,8,362815,3626193,39832502,476570574,,
1037,14382657,1658,8,362815,3626193,39832504,476570792,,
1038,14382675,1659,8,362815,3626193,39832506,476570962,6161288946,
1039,14382756,1660,8,362815,3626193,39832509,476571259,,
1040,14382765,1661,8,362815,3626194,39832601,476576294,,
1041,14385267,1662,8,362815,3626192,39832406,476565164,,
1042,14385276,1663,8,362815,3626192,39832404,476564958,,
1043,14385627,1664,8,362815,3626192,39832407,476565190,,
1044,14385672,1665,8,362815,3626194,39832592,476575344,,
1045,14385726,1666,8,362815,3626191,39832323,476561025,6160868518,
1046,14385762,1667,8,362815,3626193,39832509,476571225,,
1047,14386257,1668,8,362815,3626191,39832320,476560763,,
1048,14386275,1669,8,362815,3626191,39832324,476561149,,
1049,14386527,1670,8,362815,3626192,39832407,476565222,6161032242,
1050,14386572,1671,8,362815,3626193,39832509,476571218,6161300980,
1051,14386725,1672,8,362815,3626193,39832494,476569708,,
1052,14386752,1673,8,362815,3626194,39832596,476575734,6161484615,
1053,14387256,1674,8,362815,3626193,39832492,476569516,,
1054,14387265,1675,8,362815,3626193,39832499,476570243,,
1055,14387526,1676,8,362815,3626192,39832410,476565519,,
1056,14387562,1677,8,362815,3626194,39832594,476575529,6161472273,
1057,14387625,1678,8,362815,3626193,39832502,476570528,,
1058,14387652,1679,8,362815,3626195,39832689,476580855,,
1059,14523786,1683,8,362815,3626195,39832685,476580457,,
1060,14526783,1689,8,362815,3626193,39832500,476570347,,
1061,14526837,1690,8,362815,3626191,39832319,476560705,,
1062,14526873,1691,8,362815,3626193,39832494,476569732,,
1063,14527386,1693,8,362815,3626191,39832328,476561554,,
1064,14527683,1695,8,362815,3626193,39832494,476569726,6161214718,
1065,14527836,1696,8,362815,3626192,39832400,476564556,,
1066,14527863,1697,8,362815,3626193,39832491,476569409,6161195167,
1067,14528367,1698,8,362815,3626192,39832406,476565184,,
1068,14528376,1699,8,362815,3626192,39832410,476565608,,
1069,14528637,1700,8,362815,3626191,39832316,476560356,,
1070,14528673,1701,8,362815,3626193,39832491,476569401,,
1071,14528736,1702,8,362815,3626192,39832399,476564445,,
1072,14528763,1703,8,362815,3626193,39832500,476570351,,
1073,14532786,1707,16,362815,3626195,39832686,476580560,,
1074,14536782,1713,8,362815,3626194,39832597,476575850,,
1075,14536827,1714,8,362815,3626192,39832416,476566082,,
1076,14536872,1715,8,362815,3626194,39832594,476575510,,
1077,14537286,1717,8,362815,3626192,39832408,476565354,,
1078,14537682,1719,8,362815,3626194,39832594,476575534,6161472999,
1079,14537826,1720,8,362815,3626193,39832490,476569283,,
1080,14537862,1721,8,362815,3626194,39832582,476574335,,
1081,14538267,1722,8,362815,3626193,39832493,476569636,,
1082,14538276,1723,8,362815,3626193,39832503,476570656,,
1083,14538627,1724,8,362815,3626192,39832404,476564904,,
1084,14538672,1725,8,362815,3626194,39832582,476574330,6161402400,
1085,14538726,1726,8,362815,3626193,39832490,476569309,,
1086,14538762,1727,8,362815,3626194,39832595,476575605,,
1087,14562783,1731,8,362815,3626193,39832504,476570677,,
1088,14562837,1732,8,362815,3626192,39832416,476566095,6161081876,
1089,14562873,1733,8,362815,3626193,39832499,476570182,,
1090,14563782,1737,8,362815,3626194,39832590,476575139,,
1091,14563827,1738,8,362815,3626193,39832500,476570307,,
1092,14563872,1739,8,362815,3626194,39832588,476574914,,
1093,14567238,1740,4,362815,3626195,39832687,476580627,6161688997,
1094,14567283,1741,8,362815,3626194,39832599,476576022,,
1095,14567328,1742,4,362815,3626195,39832687,476580627,6161688929,
1096,14567382,1743,8,362815,3626194,39832600,476576126,6161507021,
1097,14567823,1744,8,362815,3626196,39832782,476585968,6161922266,85485717761
1098,14567832,1745,8,362815,3626196,39832782,476585968,6161922266,85485717376
1099,14568237,1746,8,362815,3626193,39832499,476570207,,
1100,14568273,1747,8,362815,3626192,39832414,476565897,6161070044,
1101,14568327,1748,8,362815,3626193,39832498,476570076,,
1102,14568372,1749,8,362815,3626192,39832417,476566245,6161093024,
1103,14568723,1750,8,362815,3626195,39832687,476580635,6161689787,
1104,14568732,1751,8,362815,3626195,39832687,476580635,6161689801,
1105,14572386,1753,8,362815,3626192,39832405,476565057,,
1106,14572638,1754,8,362815,3626191,39832323,476561106,,
1107,14572683,1755,8,362815,3626191,39832318,476560522,,
1108,14572836,1756,8,362815,3626191,39832320,476560690,,
1109,14572863,1757,8,362815,3626191,39832313,476560010,,
1110,14573286,1759,8,362815,3626192,39832405,476565029,6161021657,
1111,14573628,1760,8,362815,3626191,39832333,476562081,,
1112,14573682,1761,8,362815,3626191,39832335,476562252,,
1113,14573826,1762,8,362815,3626191,39832316,476560319,,
1114,14573862,1763,8,362815,3626191,39832324,476561144,,
1115,14576238,1764,8,362815,3626194,39832591,476575214,,
1116,14576283,1765,8,362815,3626193,39832501,476570383,6161250058,
1117,14576328,1766,8,362815,3626194,39832591,476575233,,
1118,14576382,1767,8,362815,3626193,39832504,476570715,,
1119,14576823,1768,8,362815,3626195,39832686,476580536,6161684113,
1120,14576832,1769,8,362815,3626195,39832686,476580536,6161684139,
1121,14578236,1770,8,362815,3626193,39832496,476569910,,
1122,14578263,1771,8,362815,3626192,39832403,476564827,,
1123,14578326,1772,8,362815,3626193,39832491,476569395,,
1124,14578362,1773,8,362815,3626192,39832410,476565573,6161055452,
1125,14578623,1774,8,362815,3626194,39832594,476575547,6161474216,
1126,14578632,1775,8,362815,3626194,39832594,476575547,6161474280,
1127,14582367,1776,8,362815,3626193,39832489,476569200,,
1128,14582376,1777,8,362815,3626193,39832491,476569415,,
1129,14582637,1778,8,362815,3626191,39832309,476559619,,
1130,14582673,1779,8,362815,3626192,39832396,476564054,,
1131,14582736,1780,8,362815,3626191,39832312,476559897,,
1132,14582763,1781,8,362815,3626192,39832403,476564792,,
1133,14583267,1782,8,362815,3626193,39832489,476569137,,
1134,14583276,1783,8,362815,3626193,39832489,476569210,,
1135,14583627,1784,8,362815,3626191,39832310,476559742,6160794283,
1136,14583672,1785,8,362815,3626192,39832400,476564601,,
1137,14583726,1786,8,362815,3626191,39832321,476560804,,
1138,14583762,1787,8,362815,3626192,39832410,476565521,6161049687,
1139,14586237,1788,8,362815,3626192,39832407,476565202,,
1140,14586273,1789,8,362815,3626191,39832326,476561316,,
1141,14586327,1790,8,362815,3626192,39832407,476565214,6161031050,
1142,14586372,1791,8,362815,3626191,39832326,476561362,,
1143,14586723,1792,8,362815,3626194,39832596,476575753,6161486667,
1144,14586732,1793,8,362815,3626194,39832596,476575753,6161486663,
1145,14587236,1794,8,362815,3626193,39832489,476569187,,
1146,14587263,1795,8,362815,3626192,39832404,476564891,6161011112,
1147,14587326,1796,8,362815,3626193,39832489,476569114,,
1148,14587362,1797,8,362815,3626192,39832404,476564999,,
1149,14587623,1798,8,362815,3626195,39832682,476580103,,
1150,14587632,1799,8,362815,3626195,39832682,476580108,,
1151,14625783,1809,8,362815,3626191,39832324,476561189,,
1152,14625837,1810,8,362815,3626190,39832235,476556536,,
1153,14625873,1811,8,362815,3626191,39832321,476560884,,
1154,14627358,1812,2,362815,3626191,39832322,476561005,,
1155,14627385,1813,8,362815,3626191,39832320,476560715,6160849733,
1156,14627538,1814,8,362815,3626190,39832239,476556955,,
1157,14627583,1815,8,362815,3626190,39832232,476556175,,
1158,14627835,1816,8,362815,3626191,39832320,476560731,,
1159,14627853,1817,8,362815,3626191,39832316,476560351,,
1160,14628375,1819,4,362815,3626190,39832231,476556072,,
1161,14628537,1820,8,362815,3626190,39832221,476555107,,
1162,14628573,1821,8,362815,3626190,39832231,476556067,,
1163,14628735,1822,8,362815,3626191,39832316,476560328,,
1164,14628753,1823,8,362815,3626191,39832319,476560664,,
1165,14632785,1827,8,362815,3626192,39832410,476565558,,
1166,14632857,1828,8,362815,3626191,39832328,476561577,6160903858,
1167,14632875,1829,8,362815,3626192,39832415,476566085,,
1168,14635782,1833,8,362815,3626193,39832511,476571456,,
1169,14635827,1834,8,362815,3626192,39832410,476565545,,
1170,14635872,1835,8,362815,3626193,39832507,476571044,,
1171,14637285,1837,8,362815,3626190,39832234,476556360,,
1172,14637528,1838,4,362815,3626191,39832329,476561707,,
1173,14637582,1839,8,362815,3626191,39832337,476562466,,
1174,14637825,1840,8,362815,3626191,39832313,476560036,,
1175,14637852,1841,8,362815,3626191,39832324,476561165,,
1176,14638257,1842,8,362815,3626190,39832228,476555775,,
1177,14638275,1843,8,362815,3626190,39832235,476556444,,
1178,14638527,1844,8,362815,3626190,39832234,476556363,,
1179,14638572,1845,8,362815,3626191,39832326,476561372,,
1180,14638725,1846,8,362815,3626191,39832312,476559920,,
1181,14638752,1847,8,362815,3626191,39832326,476561384,,
1182,14652783,1851,8,362815,3626193,39832490,476569292,,
1183,14652837,1852,8,362815,3626192,39832402,476564735,,
1184,14652873,1853,8,362815,3626193,39832492,476569491,,
1185,14653782,1857,8,362815,3626193,39832506,476570928,6161284668,
1186,14653827,1858,8,362815,3626192,39832418,476566296,,
1187,14653872,1859,8,362815,3626193,39832506,476570931,6161284899,
1188,14657238,1860,4,362815,3626194,39832593,476575421,6161465681,
1189,14657283,1861,8,362815,3626193,39832506,476570889,,
1190,14657328,1862,4,362815,3626194,39832593,476575439,,
1191,14657382,1863,8,362815,3626193,39832506,476570931,6161284912,
1192,14657823,1864,8,362815,3626195,39832686,476580536,6161684119,
1193,14657832,1865,8,362815,3626195,39832686,476580536,6161684152,
1194,14658237,1866,8,362815,3626193,39832491,476569386,6161192398,
1195,14658273,1867,8,362815,3626192,39832410,476565484,6161045431,
1196,14658327,1868,8,362815,3626193,39832491,476569386,6161192667,
1197,14658372,1869,8,362815,3626192,39832414,476565945,,
1198,14658723,1870,8,362815,3626195,39832685,476580431,6161677695,
1199,14658732,1871,8,362815,3626195,39832685,476580431,6161677749,
1200,14672358,1872,4,362815,3626193,39832500,476570330,6161250303,
1201,14672385,1873,8,362815,3626192,39832407,476565197,,
1202,14672538,1874,8,362815,3626191,39832327,476561490,,
1203,14672583,1875,8,362815,3626191,39832309,476559672,,
1204,14672835,1876,8,362815,3626192,39832413,476565782,,
1205,14672853,1877,8,362815,3626191,39832318,476560523,6160838728,
1206,14673258,1878,8,362815,3626192,39832411,476565662,,
1207,14673285,1879,8,362815,3626192,39832404,476564907,,
1208,14673528,1880,8,362815,3626192,39832419,476566489,,
1209,14673582,1881,8,362815,3626192,39832410,476565586,,
1210,14673825,1882,8,362815,3626191,39832318,476560537,,
1211,14673852,1883,8,362815,3626192,39832408,476565379,,
1212,14675238,1884,8,362815,3626193,39832506,476570907,6161282621,
1213,14675283,1885,8,362815,3626192,39832410,476565482,,
1214,14675328,1886,8,362815,3626193,39832508,476571159,,
1215,14675382,1887,8,362815,3626192,39832418,476566317,,
1216,14675823,1888,8,362815,3626193,39832514,476571741,,
1217,14675832,1889,8,362815,3626193,39832514,476571746,6161333341,
1218,14678235,1890,8,362815,3626194,39832595,476575623,,
1219,14678253,1891,8,362815,3626192,39832419,476566428,,
1220,14678325,1892,8,362815,3626193,39832507,476571009,,
1221,14678352,1893,8,362815,3626193,39832511,476571451,,
1222,14678523,1894,8,362815,3626194,39832596,476575774,,
1223,14678532,1895,8,362815,3626194,39832596,476575778,,
1224,14682357,1896,8,362815,3626192,39832413,476565786,,
1225,14682375,1897,8,362815,3626191,39832316,476560325,,
1226,14682537,1898,8,362815,3626190,39832232,476556122,,
1227,14682573,1899,8,362815,3626190,39832227,476555647,,
1228,14682735,1900,8,362815,3626190,39832235,476556391,,
1229,14682753,1901,8,362815,3626190,39832232,476556118,,
1230,14683257,1902,8,362815,3626191,39832322,476560903,,
1231,14683275,1903,8,362815,3626191,39832313,476560015,6160808881,
1232,14683527,1904,8,362815,3626190,39832237,476556641,,
1233,14683572,1905,8,362815,3626191,39832328,476561580,,
1234,14683725,1906,8,362815,3626190,39832228,476555753,,
1235,14683752,1907,8,362815,3626190,39832237,476556702,,
1236,14685237,1908,8,362815,3626191,39832320,476560705,,
1237,14685273,1909,8,362815,3626190,39832238,476556734,,
1238,14685327,1910,8,362815,3626191,39832322,476560933,,
1239,14685372,1911,8,362815,3626190,39832242,476557163,,
1240,14685723,1912,8,362815,3626193,39832512,476571546,,
1241,14685732,1913,8,362815,3626193,39832512,476571556,,
1242,14687235,1914,8,362815,3626193,39832504,476570695,,
1243,14687253,1915,8,362815,3626192,39832408,476565296,6161035153,
1244,14687325,1916,8,362815,3626193,39832494,476569687,,
1245,14687352,1917,8,362815,3626192,39832418,476566354,,
1246,14687523,1918,8,362815,3626193,39832510,476571335,,
1247,14687532,1919,8,362815,3626193,39832510,476571347,6161310143,
1248,14725638,1928,4,362815,3626191,39832313,476560152,,
1249,14725683,1929,8,362815,3626191,39832304,476559182,,
1250,14725836,1930,4,362815,3626190,39832217,476554808,,
1251,14725863,1931,8,362815,3626190,39832224,476555400,,
1252,14726538,1934,4,362815,3626192,39832409,476565543,,
1253,14726583,1935,8,362815,3626191,39832317,476560459,,
1254,14726835,1936,8,362815,3626190,39832224,476555359,,
1255,14726853,1937,8,362815,3626190,39832234,476556357,,
1256,14728563,1941,8,362815,3626191,39832315,476560227,,
1257,14728635,1942,4,362815,3626190,39832227,476555606,,
1258,14728653,1943,8,362815,3626191,39832317,476560452,,
1259,14732586,1945,8,362815,3626191,39832322,476560990,,
1260,14732685,1947,8,362815,3626191,39832317,476560488,,
1261,14732856,1948,8,362815,3626192,39832403,476564845,,
1262,14732865,1949,8,362815,3626192,39832405,476565055,,
1263,14735286,1951,8,362815,3626190,39832238,476556807,,
1264,14735628,1952,8,362815,3626191,39832332,476561961,,
1265,14735682,1953,8,362815,3626191,39832331,476561872,,
1266,14735826,1954,8,362815,3626190,39832224,476555380,,
1267,14735862,1955,8,362815,3626190,39832245,476557486,,
1268,14736258,1956,4,362815,3626191,39832332,476562047,,
1269,14736285,1957,8,362815,3626190,39832229,476555897,,
1270,14736528,1958,8,362815,3626192,39832410,476565632,,
1271,14736582,1959,8,362815,3626192,39832416,476566155,,
1272,14736825,1960,8,362815,3626190,39832229,476555854,,
1273,14736852,1961,8,362815,3626190,39832241,476557074,,
1274,14738256,1962,8,362815,3626191,39832314,476560147,,
1275,14738265,1963,8,362815,3626191,39832317,476560467,,
1276,14738526,1964,8,362815,3626190,39832221,476555071,,
1277,14738562,1965,8,362815,3626191,39832324,476561153,,
1278,14738625,1966,8,362815,3626190,39832229,476555834,,
1279,14738652,1967,8,362815,3626191,39832321,476560866,6160861143,
1280,14752386,1969,8,362815,3626191,39832321,476560841,6160858856,
1281,14752638,1970,8,362815,3626190,39832241,476557101,,
1282,14752683,1971,8,362815,3626190,39832226,476555521,,
1283,14752836,1972,8,362815,3626190,39832224,476555338,,
1284,14752863,1973,8,362815,3626190,39832229,476555847,,
1285,14753286,1975,8,362815,3626191,39832327,476561459,,
1286,14753628,1976,8,362815,3626190,39832246,476557582,,
1287,14753682,1977,8,362815,3626190,39832246,476557540,,
1288,14753826,1978,8,362815,3626190,39832234,476556306,,
1289,14753862,1979,8,362815,3626190,39832241,476557063,,
1290,14756238,1980,8,362815,3626193,39832506,476570921,,
1291,14756283,1981,8,362815,3626192,39832409,476565391,,
1292,14756328,1982,8,362815,3626193,39832506,476570935,,
1293,14756382,1983,8,362815,3626192,39832416,476566117,6161083998,
1294,14756823,1984,8,362815,3626193,39832511,476571435,6161314521,
1295,14756832,1985,8,362815,3626193,39832511,476571435,6161314539,
1296,14758236,1986,8,362815,3626191,39832321,476560823,,
1297,14758263,1987,8,362815,3626190,39832237,476556649,,
1298,14758326,1988,8,362815,3626191,39832318,476560532,6160839967,
1299,14758362,1989,8,362815,3626190,39832244,476557380,,
1300,14758623,1990,8,362815,3626193,39832512,476571562,,
1301,14758632,1991,8,362815,3626193,39832512,476571566,,
1302,14762385,1993,8,362815,3626192,39832396,476564077,,
1303,14762538,1994,8,362815,3626191,39832326,476561404,,
1304,14762583,1995,8,362815,3626191,39832310,476559751,,
1305,14762835,1996,8,362815,3626191,39832317,476560376,6160827515,
1306,14762853,1997,8,362815,3626191,39832309,476559596,,
1307,14763258,1998,4,362815,3626192,39832401,476564745,,
1308,14763285,1999,8,362815,3626192,39832397,476564187,,
1309,14763528,2000,8,362815,3626191,39832337,476562501,,
1310,14763582,2001,8,362815,3626191,39832332,476561937,,
1311,14763825,2002,8,362815,3626191,39832309,476559604,6160784264,
1312,14763852,2003,8,362815,3626191,39832313,476560117,,
1313,14765238,2004,8,362815,3626194,39832589,476575051,,
1314,14765283,2005,8,362815,3626193,39832497,476569976,,
1315,14765328,2006,8,362815,3626194,39832594,476575594,,
1316,14765382,2007,8,362815,3626193,39832505,476570840,,
1317,14765823,2008,8,362815,3626195,39832681,476580006,,
1318,14765832,2009,8,362815,3626195,39832681,476580012,,
1319,14768235,2010,8,362815,3626193,39832501,476570401,,
1320,14768253,2011,8,362815,3626192,39832408,476565290,6161034520,
1321,14768325,2012,8,362815,3626193,39832494,476569672,6161208350,
1322,14768352,2013,8,362815,3626192,39832415,476566068,,
1323,14768523,2014,8,362815,3626193,39832510,476571336,,
1324,14768532,2015,8,362815,3626193,39832510,476571347,6161310231,
1325,14782356,2016,8,362815,3626193,39832496,476569909,,
1326,14782365,2017,8,362815,3626193,39832492,476569481,,
1327,14782536,2018,8,362815,3626191,39832320,476560722,,
1328,14782563,2019,8,362815,3626192,39832401,476564605,,
1329,14782635,2020,8,362815,3626191,39832317,476560408,6160831469,
1330,14782653,2021,8,362815,3626192,39832405,476565012,6161019418,
1331,14783256,2022,8,362815,3626193,39832489,476569208,,
1332,14783265,2023,8,362815,3626193,39832491,476569409,6161195091,
1333,14783526,2024,8,362815,3626191,39832316,476560332,,
1334,14783562,2025,8,362815,3626192,39832412,476565801,,
1335,14783625,2026,8,362815,3626191,39832320,476560748,,
1336,14783652,2027,8,362815,3626192,39832406,476565178,,
1337,14785236,2028,8,362815,3626192,39832401,476564622,,
1338,14785263,2029,8,362815,3626191,39832318,476560583,,
1339,14785326,2030,8,362815,3626192,39832403,476564830,,
1340,14785362,2031,8,362815,3626191,39832322,476561004,,
1341,14785623,2032,8,362815,3626194,39832593,476575466,,
1342,14785632,2033,8,362815,3626194,39832593,476575459,,
1343,14786235,2034,8,362815,3626193,39832497,476570011,,
1344,14786253,2035,8,362815,3626192,39832408,476565320,,
1345,14786325,2036,8,362815,3626193,39832491,476569378,,
1346,14786352,2037,8,362815,3626192,39832414,476565993,6161081095,
1347,14786523,2038,8,362815,3626194,39832594,476575523,,
1348,14786532,2039,8,362815,3626194,39832594,476575538,6161473465,
1349,14825673,2049,4,362815,3626192,39832402,476564673,,
1350,14825763,2051,4,362815,3626192,39832393,476563809,,
1351,14826573,2055,4,362815,3626192,39832393,476563837,,
1352,14826753,2057,8,362815,3626192,39832407,476565214,6161031428,
1353,14827653,2063,4,362815,3626193,39832505,476570839,,
1354,14832567,2064,8,362815,3626193,39832502,476570532,6161262261,
1355,14832576,2065,8,362815,3626193,39832500,476570287,,
1356,14832657,2066,8,362815,3626193,39832500,476570332,,
1357,14832675,2067,8,362815,3626193,39832495,476569810,,
1358,14832756,2068,8,362815,3626193,39832495,476569833,,
1359,14832765,2069,8,362815,3626193,39832507,476571063,,
1360,14835267,2070,8,362815,3626191,39832321,476560866,6160861582,
1361,14835276,2071,8,362815,3626191,39832319,476560645,,
1362,14835627,2072,8,362815,3626191,39832316,476560318,,
1363,14835672,2073,8,362815,3626192,39832418,476566362,,
1364,14835726,2074,8,362815,3626190,39832228,476555735,,
1365,14835762,2075,8,362815,3626192,39832406,476565173,,
1366,14836257,2076,8,362815,3626190,39832237,476556681,,
1367,14836275,2077,8,362815,3626190,39832232,476556159,,
1368,14836527,2078,8,362815,3626191,39832314,476560123,,
1369,14836572,2079,8,362815,3626192,39832410,476565561,6161053992,
1370,14836725,2080,8,362815,3626191,39832313,476560043,,
1371,14836752,2081,8,362815,3626192,39832407,476565244,,
1372,14837256,2082,8,362815,3626191,39832323,476561043,,
1373,14837265,2083,8,362815,3626192,39832416,476566139,,
1374,14837526,2084,8,362815,3626190,39832230,476555918,,
1375,14837562,2085,8,362815,3626192,39832410,476565532,,
1376,14837625,2086,8,362815,3626191,39832318,476560545,6160841440,
1377,14837652,2087,8,362815,3626193,39832502,476570526,6161261429,
1378,14852367,2088,8,362815,3626192,39832403,476564822,,
1379,14852376,2089,8,362815,3626192,39832403,476564790,,
1380,14852637,2090,8,362815,3626190,39832232,476556134,,
1381,14852673,2091,8,362815,3626191,39832309,476559627,,
1382,14852736,2092,8,362815,3626190,39832221,476555070,,
1383,14852763,2093,8,362815,3626191,39832309,476559621,,
1384,14853267,2094,8,362815,3626192,39832407,476565234,,
1385,14853276,2095,8,362815,3626192,39832407,476565222,6161032412,
1386,14853627,2096,8,362815,3626190,39832232,476556125,,
1387,14853672,2097,8,362815,3626191,39832323,476561051,6160871081,
1388,14853726,2098,8,362815,3626190,39832230,476555911,,
1389,14853762,2099,8,362815,3626191,39832319,476560673,,
1390,14856237,2100,8,362815,3626192,39832404,476564903,,
1391,14856273,2101,8,362815,3626191,39832320,476560729,,
1392,14856327,2102,8,362815,3626192,39832404,476564899,,
1393,14856372,2103,8,362815,3626191,39832320,476560782,,
1394,14856723,2104,8,362815,3626194,39832595,476575669,,
1395,14856732,2105,8,362815,3626194,39832595,476575667,6161482362,
1396,14857236,2106,8,362815,3626191,39832317,476560436,6160834448,
1397,14857263,2107,8,362815,3626190,39832236,476556538,,
1398,14857326,2108,8,362815,3626191,39832315,476560230,,
1399,14857362,2109,8,362815,3626190,39832242,476557178,,
1400,14857623,2110,8,362815,3626193,39832508,476571139,6161297477,
1401,14857632,2111,8,362815,3626193,39832508,476571144,,
1402,14862357,2112,8,362815,3626191,39832323,476560993,,
1403,14862375,2113,8,362815,3626191,39832307,476559464,,
1404,14862537,2114,8,362815,3626190,39832226,476555553,,
1405,14862573,2115,8,362815,3626190,39832220,476554934,,
1406,14862735,2116,8,362815,3626190,39832235,476556422,6160680513,
1407,14862753,2117,8,362815,3626190,39832231,476556053,6160660715,
1408,14863257,2118,8,362815,3626191,39832311,476559862,,
1409,14863275,2119,8,362815,3626191,39832310,476559740,,
1410,14863527,2120,8,362815,3626190,39832234,476556354,,
1411,14863572,2121,8,362815,3626190,39832238,476556786,,
1412,14863725,2122,8,362815,3626190,39832225,476555475,,
1413,14863752,2123,8,362815,3626190,39832240,476557024,,
1414,14865237,2124,8,362815,3626192,39832404,476564867,6161008384,
1415,14865273,2125,8,362815,3626191,39832313,476560029,,
1416,14865327,2126,8,362815,3626192,39832407,476565218,6161031714,
1417,14865372,2127,8,362815,3626191,39832320,476560750,,
1418,14865723,2128,8,362815,3626193,39832506,476570939,,
1419,14865732,2129,8,362815,3626193,39832506,476570941,6161286093,
1420,14867235,2130,8,362815,3626193,39832499,476570227,6161243533,
1421,14867253,2131,8,362815,3626192,39832408,476565327,,
1422,14867325,2132,8,362815,3626193,39832491,476569398,,
1423,14867352,2133,8,362815,3626192,39832418,476566394,,
1424,14867523,2134,8,362815,3626194,39832596,476575723,,
1425,14867532,2135,8,362815,3626194,39832596,476575740,6161485401,
1426,14872356,2136,8,362815,3626193,39832491,476569394,,
1427,14872365,2137,8,362815,3626193,39832489,476569175,,
1428,14872536,2138,8,362815,3626191,39832317,476560428,,
1429,14872563,2139,8,362815,3626192,39832398,476564292,,
1430,14872635,2140,8,362815,3626191,39832317,476560418,6160832597,
1431,14872653,2141,8,362815,3626192,39832410,476565510,6161048383,
1432,14873256,2142,8,362815,3626193,39832489,476569135,,
1433,14873265,2143,8,362815,3626193,39832489,476569206,,
1434,14873526,2144,8,362815,3626191,39832314,476560122,,
1435,14873562,2145,8,362815,3626192,39832405,476565119,,
1436,14873625,2146,8,362815,3626191,39832320,476560759,,
1437,14873652,2147,8,362815,3626192,39832407,476565286,,
1438,14875236,2148,8,362815,3626192,39832403,476564834,,
1439,14875263,2149,8,362815,3626191,39832323,476561053,,
1440,14875326,2150,8,362815,3626192,39832409,476565404,,
1441,14875362,2151,8,362815,3626191,39832326,476561373,,
1442,14875623,2152,8,362815,3626194,39832594,476575541,6161473625,
1443,14875632,2153,8,362815,3626194,39832594,476575541,6161473659,
1444,14876235,2154,8,362815,3626193,39832500,476570328,,
1445,14876253,2155,8,362815,3626192,39832417,476566202,,
1446,14876325,2156,8,362815,3626193,39832497,476569978,,
1447,14876352,2157,8,362815,3626192,39832421,476566684,,
1448,14876523,2158,8,362815,3626195,39832685,476580430,,
1449,14876532,2159,8,362815,3626195,39832687,476580648,,
1450,15342786,2307,8,362815,3626195,39832688,476580780,,
1451,15346782,2313,8,362815,3626194,39832599,476576058,,
1452,15346827,2314,8,362815,3626192,39832416,476566089,,
1453,15346872,2315,8,362815,3626194,39832594,476575524,6161471858,
1454,15347286,2317,8,362815,3626192,39832408,476565338,,
1455,15347682,2319,8,362815,3626194,39832594,476575534,6161472981,
1456,15347826,2320,8,362815,3626193,39832490,476569275,6161185464,
1457,15347862,2321,8,362815,3626194,39832582,476574330,6161402357,
1458,15348267,2322,8,362815,3626193,39832493,476569619,,
1459,15348276,2323,8,362815,3626193,39832500,476570364,,
1460,15348627,2324,8,362815,3626192,39832404,476564898,,
1461,15348672,2325,8,362815,3626194,39832582,476574347,,
1462,15348726,2326,8,362815,3626193,39832490,476569286,,
1463,15348762,2327,8,362815,3626194,39832595,476575606,6161475747,
1464,15362784,2331,8,362815,3626191,39832319,476560668,6160850151,
1465,15362847,2332,8,362815,3626190,39832231,476556130,,
1466,15362874,2333,8,362815,3626191,39832319,476560656,,
1467,15364782,2337,8,362815,3626193,39832509,476571256,,
1468,15364827,2338,8,362815,3626192,39832412,476565751,,
1469,15364872,2339,8,362815,3626193,39832507,476571046,,
1470,15367284,2341,8,362815,3626191,39832317,476560432,,
1471,15367482,2343,8,362815,3626191,39832331,476561882,,
1472,15367824,2344,8,362815,3626192,39832416,476566132,,
1473,15367842,2345,8,362815,3626192,39832419,476566474,,
1474,15368247,2346,8,362815,3626190,39832231,476556044,,
1475,15368274,2347,8,362815,3626190,39832227,476555597,,
1476,15368427,2348,8,362815,3626190,39832230,476555977,,
1477,15368472,2349,8,362815,3626190,39832245,476557501,,
1478,15368724,2350,8,362815,3626192,39832410,476565489,,
1479,15368742,2351,8,362815,3626192,39832412,476565776,,
1480,15372648,2354,2,362815,3626191,39832324,476561262,,
1481,15372684,2355,8,362815,3626190,39832235,476556476,,
1482,15372846,2356,4,362815,3626190,39832231,476556088,,
1483,15372864,2357,8,362815,3626190,39832235,476556445,,
1484,15374286,2359,8,362815,3626190,39832239,476556893,,
1485,15374628,2360,4,362815,3626191,39832330,476561807,,
1486,15374682,2361,8,362815,3626191,39832334,476562169,,
1487,15374826,2362,8,362815,3626190,39832231,476556054,,
1488,15374862,2363,8,362815,3626191,39832326,476561375,,
1489,15376248,2364,8,362815,3626191,39832326,476561393,,
1490,15376284,2365,8,362815,3626191,39832315,476560214,,
1491,15376428,2366,8,362815,3626192,39832419,476566511,,
1492,15376482,2367,8,362815,3626192,39832416,476566186,,
1493,15376824,2368,8,362815,3626192,39832412,476565713,,
1494,15376842,2369,8,362815,3626192,39832416,476566177,,
1495,15378246,2370,8,362815,3626191,39832317,476560444,,
1496,15378264,2371,8,362815,3626191,39832316,476560316,,
1497,15378426,2372,8,362815,3626191,39832308,476559589,,
1498,15378462,2373,8,362815,3626191,39832326,476561380,,
1499,15378624,2374,8,362815,3626192,39832404,476564956,,
1500,15378642,2375,8,362815,3626192,39832416,476566147,6161087740,
1501,15382674,2379,4,362815,3626191,39832317,476560417,,
1502,15382764,2381,4,362815,3626192,39832414,476565946,6161076032,
1503,15384267,2382,8,362815,3626191,39832319,476560668,6160850339,
1504,15384276,2383,8,362815,3626191,39832322,476560969,,
1505,15384627,2384,8,362815,3626190,39832226,476555559,,
1506,15384672,2385,8,362815,3626191,39832326,476561374,,
1507,15384726,2386,8,362815,3626190,39832232,476556143,,
1508,15384762,2387,8,362815,3626191,39832327,476561463,,
1509,15386247,2388,8,362815,3626190,39832223,476555284,,
1510,15386274,2389,8,362815,3626190,39832224,476555352,,
1511,15386427,2390,8,362815,3626190,39832234,476556371,6160680357,
1512,15386472,2391,8,362815,3626190,39832241,476557079,6160721907,
1513,15386724,2392,8,362815,3626192,39832404,476564938,,
1514,15386742,2393,8,362815,3626192,39832413,476565861,,
1515,15387246,2394,8,362815,3626191,39832314,476560127,,
1516,15387264,2395,8,362815,3626191,39832320,476560720,6160850246,
1517,15387426,2396,8,362815,3626191,39832311,476559854,,
1518,15387462,2397,8,362815,3626191,39832323,476561113,,
1519,15387624,2398,8,362815,3626192,39832417,476566222,,
1520,15387642,2399,8,362815,3626193,39832509,476571246,6161304534,
1521,15432786,2427,8,362815,3626196,39832788,476586614,6161963102,
1522,15436782,2433,8,362815,3626195,39832689,476580850,6161703428,
1523,15436827,2434,8,362815,3626193,39832507,476571014,,
1524,15436872,2435,8,362815,3626195,39832687,476580609,6161687151,
1525,15437286,2437,8,362815,3626192,39832425,476567079,,
1526,15437682,2439,8,362815,3626195,39832688,476580737,6161696170,
1527,15437826,2440,8,362815,3626193,39832503,476570624,,
1528,15437862,2441,8,362815,3626194,39832599,476576005,,
1529,15438267,2442,8,362815,3626193,39832512,476571558,,
1530,15438276,2443,8,362815,3626194,39832601,476576276,,
1531,15438627,2444,8,362815,3626192,39832419,476566408,,
1532,15438672,2445,8,362815,3626194,39832599,476576006,,
1533,15438726,2446,8,362815,3626193,39832506,476570930,,
1534,15438762,2447,8,362815,3626195,39832689,476580832,,
1535,15462783,2451,8,362815,3626193,39832490,476569318,,
1536,15462837,2452,8,362815,3626192,39832402,476564757,,
1537,15462873,2453,8,362815,3626193,39832490,476569291,,
1538,15463782,2457,8,362815,3626193,39832506,476570942,,
1539,15463827,2458,8,362815,3626192,39832418,476566310,6161095402,
1540,15463872,2459,8,362815,3626193,39832506,476570914,,
1541,15467283,2461,8,362815,3626193,39832504,476570684,,
1542,15467382,2463,8,362815,3626193,39832504,476570729,,
1543,15467823,2464,8,362815,3626195,39832687,476580638,6161690235,
1544,15467832,2465,8,362815,3626195,39832687,476580638,6161690287,
1545,15468237,2466,8,362815,3626193,39832491,476569379,,
1546,15468273,2467,8,362815,3626192,39832408,476565258,,
1547,15468327,2468,8,362815,3626193,39832491,476569360,,
1548,15468372,2469,8,362815,3626192,39832410,476565552,6161052946,
1549,15468723,2470,8,362815,3626195,39832680,476579913,6161646445,
1550,15468732,2471,8,362815,3626195,39832680,476579913,6161646521,
1551,15472386,2473,8,362815,3626192,39832402,476564732,,
1552,15472683,2475,8,362815,3626191,39832319,476560641,,
1553,15472836,2476,8,362815,3626191,39832316,476560301,,
1554,15472863,2477,8,362815,3626191,39832312,476559903,,
1555,15473286,2479,8,362815,3626192,39832406,476565185,,
1556,15473682,2481,8,362815,3626192,39832419,476566472,,
1557,15473826,2482,8,362815,3626191,39832320,476560746,,
1558,15473862,2483,8,362815,3626191,39832326,476561370,6160890806,
1559,15476238,2484,4,362815,3626194,39832590,476575118,,
1560,15476283,2485,8,362815,3626193,39832501,476570376,,
1561,15476328,2486,4,362815,3626194,39832590,476575158,,
1562,15476382,2487,8,362815,3626193,39832503,476570642,,
1563,15476823,2488,8,362815,3626195,39832685,476580432,6161677843,
1564,15476832,2489,8,362815,3626195,39832685,476580432,6161677923,
1565,15478236,2490,8,362815,3626193,39832492,476569483,,
1566,15478263,2491,8,362815,3626192,39832401,476564604,,
1567,15478326,2492,8,362815,3626193,39832489,476569184,,
1568,15478362,2493,8,362815,3626192,39832409,476565463,,
1569,15478623,2494,8,362815,3626194,39832592,476575330,,
1570,15478632,2495,8,362815,3626194,39832592,476575329,,
1571,15482367,2496,8,362815,3626193,39832489,476569193,6161181761,
1572,15482376,2497,8,362815,3626193,39832492,476569502,,
1573,15482637,2498,8,362815,3626191,39832306,476559369,,
1574,15482673,2499,8,362815,3626192,39832395,476563975,,
1575,15482736,2500,8,362815,3626191,39832315,476560229,,
1576,15482763,2501,8,362815,3626192,39832406,476565117,,
1577,15483267,2502,8,362815,3626193,39832493,476569638,,
1578,15483276,2503,8,362815,3626193,39832498,476570167,,
1579,15483627,2504,8,362815,3626191,39832322,476560913,,
1580,15483672,2505,8,362815,3626192,39832410,476565555,,
1581,15483726,2506,8,362815,3626192,39832414,476565919,,
1582,15483762,2507,8,362815,3626193,39832499,476570227,6161243897,
1583,15486237,2508,8,362815,3626192,39832403,476564773,,
1584,15486273,2509,8,362815,3626191,39832320,476560711,,
1585,15486327,2510,8,362815,3626192,39832403,476564814,,
1586,15486372,2511,8,362815,3626191,39832322,476560975,,
1587,15486723,2512,8,362815,3626194,39832592,476575328,,
1588,15486732,2513,8,362815,3626194,39832592,476575327,,
1589,15487236,2514,8,362815,3626193,39832491,476569388,,
1590,15487263,2515,8,362815,3626192,39832404,476564929,,
1591,15487326,2516,8,362815,3626193,39832489,476569193,6161181674,
1592,15487362,2517,8,362815,3626192,39832411,476565673,,
1593,15487623,2518,8,362815,3626195,39832682,476580107,6161657584,
1594,15487632,2519,8,362815,3626195,39832682,476580113,,
1595,15634782,2553,8,362815,3626194,39832589,476575023,,
1596,15634827,2554,8,362815,3626193,39832501,476570408,,
1597,15634872,2555,8,362815,3626194,39832589,476575003,,
1598,15637284,2557,8,362815,3626191,39832320,476560712,,
1599,15637482,2559,8,362815,3626192,39832417,476566251,,
1600,15637824,2560,8,362815,3626192,39832403,476564836,,
1601,15637842,2561,8,362815,3626192,39832410,476565579,,
1602,15638247,2562,8,362815,3626191,39832312,476559904,,
1603,15638274,2563,8,362815,3626191,39832316,476560280,,
1604,15638427,2564,8,362815,3626191,39832319,476560640,6160846894,
1605,15638472,2565,8,362815,3626191,39832326,476561343,,
1606,15638724,2566,8,362815,3626192,39832401,476564610,,
1607,15638742,2567,8,362815,3626192,39832409,476565469,6161049244,
1608,15642783,2571,8,362815,3626193,39832490,476569274,,
1609,15642837,2572,8,362815,3626192,39832408,476565294,6161035466,
1610,15642873,2573,8,362815,3626193,39832490,476569301,,
1611,15643782,2577,8,362815,3626194,39832590,476575103,,
1612,15643827,2578,8,362815,3626193,39832504,476570704,,
1613,15643872,2579,8,362815,3626194,39832590,476575098,,
1614,15647283,2581,8,362815,3626192,39832418,476566267,,
1615,15647382,2583,8,362815,3626192,39832422,476566728,,
1616,15647823,2584,8,362815,3626194,39832593,476575426,,
1617,15647832,2585,8,362815,3626194,39832593,476575435,,
1618,15648237,2586,8,362815,3626193,39832490,476569251,,
1619,15648273,2587,8,362815,3626192,39832402,476564703,,
1620,15648327,2588,8,362815,3626193,39832490,476569306,,
1621,15648372,2589,8,362815,3626192,39832414,476565910,,
1622,15648723,2590,8,362815,3626194,39832591,476575206,,
1623,15648732,2591,8,362815,3626194,39832591,476575212,,
1624,15672348,2592,2,362815,3626195,39832687,476580611,,
1625,15672384,2593,8,362815,3626193,39832503,476570583,6161261978,
1626,15672438,2594,8,362815,3626194,39832596,476575686,,
1627,15672483,2595,8,362815,3626192,39832416,476566068,,
1628,15672834,2596,8,362815,3626194,39832595,476575606,6161475474,
1629,15672843,2597,8,362815,3626193,39832507,476570990,6161286016,
1630,15673284,2599,8,362815,3626193,39832500,476570278,,
1631,15673428,2600,4,362815,3626195,39832684,476580337,6161672963,
1632,15673482,2601,8,362815,3626194,39832592,476575308,,
1633,15673824,2602,8,362815,3626192,39832420,476566519,,
1634,15673842,2603,8,362815,3626193,39832511,476571439,,
1635,15674238,2604,4,362815,3626195,39832683,476580183,,
1636,15674283,2605,8,362815,3626193,39832503,476570568,,
1637,15674328,2606,4,362815,3626195,39832687,476580653,,
1638,15674382,2607,8,362815,3626194,39832592,476575297,,
1639,15674823,2608,8,362815,3626194,39832595,476575657,,
1640,15674832,2609,8,362815,3626194,39832596,476575769,6161488602,
1641,15678234,2610,8,362815,3626196,39832782,476585951,6161920345,
1642,15678243,2611,8,362815,3626195,39832692,476581144,,
1643,15678324,2612,8,362815,3626195,39832692,476581145,,
1644,15678342,2613,8,362815,3626196,39832781,476585848,,
1645,15678423,2614,8,362815,3626196,39832780,476585746,,
1646,15678432,2615,8,362815,3626196,39832782,476585951,6161920446,
1647,15682374,2617,4,362815,3626192,39832400,476564492,,
1648,15682437,2618,8,362815,3626193,39832490,476569252,,
1649,15682473,2619,8,362815,3626191,39832312,476559922,,
1650,15682734,2620,8,362815,3626192,39832410,476565505,,
1651,15682743,2621,8,362815,3626192,39832405,476564982,,
1652,15683247,2622,8,362815,3626193,39832490,476569275,6161185173,
1653,15683274,2623,8,362815,3626192,39832398,476564274,,
1654,15683427,2624,8,362815,3626193,39832495,476569776,,
1655,15683472,2625,8,362815,3626192,39832411,476565656,,
1656,15683724,2626,8,362815,3626191,39832323,476561010,,
1657,15683742,2627,8,362815,3626191,39832329,476561689,,
1658,15684237,2628,8,362815,3626193,39832495,476569719,,
1659,15684273,2629,8,362815,3626191,39832317,476560414,,
1660,15684327,2630,8,362815,3626193,39832498,476570088,,
1661,15684372,2631,8,362815,3626192,39832404,476564967,,
1662,15684723,2632,8,362815,3626192,39832424,476566932,,
1663,15684732,2633,8,362815,3626192,39832424,476566968,,
1664,15687234,2634,8,362815,3626195,39832687,476580623,,
1665,15687243,2635,8,362815,3626195,39832679,476579770,6161635705,
1666,15687324,2636,8,362815,3626195,39832679,476579770,6161635690,
1667,15687342,2637,8,362815,3626195,39832686,476580522,6161682518,
1668,15687423,2638,8,362815,3626195,39832686,476580515,6161681557,
1669,15687432,2639,8,362815,3626195,39832687,476580628,,
1670,15734286,2671,8,362815,3626192,39832410,476565526,,
1671,15734628,2672,8,362815,3626192,39832416,476566162,,
1672,15734682,2673,8,362815,3626192,39832415,476566035,,
1673,15734826,2674,8,362815,3626191,39832315,476560186,,
1674,15734862,2675,8,362815,3626191,39832324,476561121,,
1675,15736248,2676,4,362815,3626191,39832328,476561615,,
1676,15736284,2677,8,362815,3626190,39832231,476556040,,
1677,15736428,2678,8,362815,3626191,39832338,476562606,,
1678,15736482,2679,8,362815,3626191,39832330,476561767,,
1679,15736824,2680,8,362815,3626190,39832237,476556650,,
1680,15736842,2681,8,362815,3626190,39832244,476557397,,
1681,15738246,2682,8,362815,3626190,39832235,476556413,,
1682,15738264,2683,8,362815,3626190,39832231,476556038,,
1683,15738426,2684,8,362815,3626190,39832235,476556422,6160680571,
1684,15738462,2685,8,362815,3626191,39832323,476561058,,
1685,15738624,2686,8,362815,3626190,39832229,476555870,6160650818,
1686,15738642,2687,8,362815,3626190,39832241,476557094,,
1687,15742638,2690,4,362815,3626190,39832245,476557512,,
1688,15742683,2691,8,362815,3626190,39832228,476555754,,
1689,15742836,2692,4,362815,3626190,39832227,476555592,,
1690,15742863,2693,8,362815,3626190,39832229,476555826,,
1691,15743286,2695,8,362815,3626192,39832419,476566444,,
1692,15743628,2696,8,362815,3626191,39832331,476561904,,
1693,15743682,2697,8,362815,3626191,39832331,476561831,,
1694,15743826,2698,8,362815,3626191,39832317,476560420,,
1695,15743862,2699,8,362815,3626191,39832321,476560851,,
1696,15746238,2700,8,362815,3626193,39832507,476571062,,
1697,15746283,2701,8,362815,3626192,39832412,476565715,,
1698,15746328,2702,8,362815,3626193,39832513,476571682,,
1699,15746382,2703,8,362815,3626192,39832422,476566742,6161122222,
1700,15746823,2704,8,362815,3626193,39832511,476571435,6161314716,
1701,15746832,2705,8,362815,3626193,39832511,476571453,,
1702,15748236,2706,8,362815,3626191,39832317,476560408,6160831465,
1703,15748263,2707,8,362815,3626190,39832229,476555865,,
1704,15748326,2708,8,362815,3626191,39832319,476560640,6160846852,
1705,15748362,2709,8,362815,3626190,39832241,476557079,6160722019,
1706,15748623,2710,8,362815,3626192,39832422,476566759,,
1707,15748632,2711,8,362815,3626192,39832422,476566779,,
1708,15762438,2714,4,362815,3626194,39832582,476574337,,
1709,15762483,2715,8,362815,3626192,39832404,476564867,6161008527,
1710,15762834,2716,8,362815,3626193,39832500,476570288,6161244942,
1711,15762843,2717,8,362815,3626193,39832493,476569559,6161201000,
1712,15763248,2718,4,362815,3626194,39832582,476574315,,
1713,15763284,2719,8,362815,3626193,39832490,476569243,,
1714,15763428,2720,8,362815,3626194,39832594,476575533,,
1715,15763482,2721,8,362815,3626193,39832502,476570496,,
1716,15763824,2722,8,362815,3626192,39832408,476565278,,
1717,15763842,2723,8,362815,3626192,39832415,476566055,,
1718,15764238,2724,8,362815,3626194,39832594,476575511,,
1719,15764283,2725,8,362815,3626192,39832416,476566060,,
1720,15764328,2726,8,362815,3626194,39832602,476576371,6161524418,
1721,15764382,2727,8,362815,3626193,39832506,476570919,,
1722,15764823,2728,8,362815,3626193,39832509,476571210,,
1723,15764832,2729,8,362815,3626193,39832509,476571234,6161303006,
1724,15768234,2730,8,362815,3626195,39832689,476580831,,
1725,15768243,2731,8,362815,3626195,39832680,476579895,6161644490,
1726,15768324,2732,8,362815,3626195,39832680,476579895,6161644497,
1727,15768342,2733,8,362815,3626195,39832688,476580729,6161695125,
1728,15768423,2734,8,362815,3626195,39832688,476580721,,
1729,15768432,2735,8,362815,3626195,39832689,476580840,,
1730,15782463,2739,8,362815,3626191,39832330,476561737,,
1731,15782634,2740,4,362815,3626192,39832408,476565360,6161042410,
1732,15782643,2741,8,362815,3626192,39832407,476565246,,
1733,15783246,2742,8,362815,3626193,39832503,476570584,,
1734,15783264,2743,8,362815,3626192,39832409,476565422,,
1735,15783426,2744,8,362815,3626193,39832498,476570113,,
1736,15783462,2745,8,362815,3626193,39832505,476570861,,
1737,15783624,2746,8,362815,3626191,39832328,476561568,,
1738,15783642,2747,8,362815,3626191,39832334,476562209,,
1739,15784236,2748,8,362815,3626193,39832496,476569895,,
1740,15784263,2749,8,362815,3626191,39832330,476561772,,
1741,15784326,2750,8,362815,3626193,39832500,476570330,6161249984,
1742,15784362,2751,8,362815,3626192,39832413,476565885,,
1743,15784623,2752,8,362815,3626193,39832512,476571587,,
1744,15784632,2753,8,362815,3626193,39832512,476571601,,
1745,15786234,2754,8,362815,3626194,39832603,476576427,,
1746,15786243,2755,8,362815,3626194,39832594,476575487,6161467578,
1747,15786324,2756,8,362815,3626194,39832594,476575487,6161467562,
1748,15786342,2757,8,362815,3626194,39832602,476576333,,
1749,15786423,2758,8,362815,3626194,39832602,476576325,,
1750,15786432,2759,8,362815,3626194,39832603,476576449,,
1751,15834267,2790,8,362815,3626193,39832490,476569299,,
1752,15834276,2791,8,362815,3626193,39832490,476569303,,
1753,15834627,2792,8,362815,3626191,39832315,476560206,,
1754,15834672,2793,8,362815,3626192,39832409,476565469,6161049035,
1755,15834726,2794,8,362815,3626191,39832313,476560018,,
1756,15834762,2795,8,362815,3626192,39832406,476565120,6161026038,
1757,15836247,2796,8,362815,3626190,39832234,476556359,6160678964,
1758,15836274,2797,8,362815,3626190,39832221,476555053,,
1759,15836427,2798,8,362815,3626190,39832234,476556371,6160680348,
1760,15836472,2799,8,362815,3626190,39832242,476557169,,
1761,15836724,2800,8,362815,3626191,39832310,476559778,,
1762,15836742,2801,8,362815,3626191,39832317,476560513,,
1763,15837246,2802,8,362815,3626190,39832228,476555755,,
1764,15837264,2803,8,362815,3626191,39832322,476560898,,
1765,15837426,2804,8,362815,3626190,39832225,476555470,,
1766,15837462,2805,8,362815,3626190,39832239,476556886,,
1767,15837624,2806,8,362815,3626191,39832320,476560719,6160850265,
1768,15837642,2807,8,362815,3626192,39832412,476565779,,
1769,15842673,2811,4,362815,3626191,39832305,476559216,,
1770,15842763,2813,4,362815,3626191,39832310,476559742,6160794618,
1771,15843267,2814,8,362815,3626193,39832502,476570506,,
1772,15843276,2815,8,362815,3626193,39832503,476570640,,
1773,15843627,2816,8,362815,3626191,39832314,476560135,,
1774,15843672,2817,8,362815,3626192,39832401,476564687,,
1775,15843726,2818,8,362815,3626191,39832318,476560549,,
1776,15843762,2819,8,362815,3626192,39832408,476565348,,
1777,15846237,2820,8,362815,3626191,39832322,476560902,6160860088,
1778,15846273,2821,8,362815,3626190,39832234,476556345,,
1779,15846327,2822,8,362815,3626191,39832324,476561142,,
1780,15846372,2823,8,362815,3626190,39832242,476557162,,
1781,15846723,2824,8,362815,3626192,39832425,476567051,,
1782,15846732,2825,8,362815,3626192,39832425,476567062,,
1783,15847236,2826,8,362815,3626191,39832320,476560736,,
1784,15847263,2827,8,362815,3626190,39832238,476556758,,
1785,15847326,2828,8,362815,3626191,39832322,476560968,,
1786,15847362,2829,8,362815,3626191,39832332,476561979,,
1787,15847623,2830,8,362815,3626193,39832503,476570644,,
1788,15847632,2831,8,362815,3626193,39832503,476570666,,
1789,15862473,2835,4,362815,3626190,39832226,476555515,6160627202,
1790,15862743,2837,8,362815,3626191,39832319,476560634,,
1791,15863247,2838,8,362815,3626192,39832404,476564871,,
1792,15863274,2839,8,362815,3626191,39832315,476560191,,
1793,15863427,2840,8,362815,3626192,39832412,476565689,6161057845,
1794,15863472,2841,8,362815,3626191,39832322,476560967,,
1795,15863724,2842,8,362815,3626190,39832238,476556737,,
1796,15863742,2843,8,362815,3626190,39832249,476557900,,
1797,15864237,2844,8,362815,3626192,39832412,476565654,,
1798,15864273,2845,8,362815,3626190,39832234,476556331,,
1799,15864327,2846,8,362815,3626192,39832420,476566509,,
1800,15864372,2847,8,362815,3626191,39832326,476561332,,
1801,15864723,2848,8,362815,3626191,39832339,476562640,6160963427,
1802,15864732,2849,8,362815,3626191,39832339,476562679,,
1803,15867234,2850,8,362815,3626194,39832603,476576428,,
1804,15867243,2851,8,362815,3626194,39832594,476575480,6161466797,
1805,15867324,2852,8,362815,3626194,39832594,476575480,6161466798,
1806,15867342,2853,8,362815,3626194,39832602,476576338,,
1807,15867423,2854,8,362815,3626194,39832602,476576320,6161518058,
1808,15867432,2855,8,362815,3626194,39832603,476576443,,
1809,15872643,2861,4,362815,3626192,39832410,476565493,,
1810,15873246,2862,8,362815,3626193,39832493,476569574,6161202661,
1811,15873264,2863,8,362815,3626192,39832405,476565004,6161018384,
1812,15873426,2864,8,362815,3626193,39832490,476569282,,
1813,15873462,2865,8,362815,3626192,39832415,476566070,,
1814,15873624,2866,8,362815,3626191,39832329,476561610,,
1815,15873642,2867,8,362815,3626191,39832332,476561987,,
1816,15874236,2868,8,362815,3626193,39832490,476569266,,
1817,15874263,2869,8,362815,3626191,39832319,476560702,,
1818,15874326,2870,8,362815,3626193,39832497,476569975,,
1819,15874362,2871,8,362815,3626192,39832403,476564912,,
1820,15874623,2872,8,362815,3626192,39832428,476567357,,
1821,15874632,2873,8,362815,3626192,39832428,476567388,,
1822,15876234,2874,8,362815,3626195,39832685,476580420,6161676442,
1823,15876243,2875,8,362815,3626195,39832679,476579746,,
1824,15876324,2876,8,362815,3626195,39832679,476579750,,
1825,15876342,2877,8,362815,3626195,39832684,476580329,,
1826,15876423,2878,8,362815,3626195,39832684,476580336,6161672472,
1827,15876432,2879,8,362815,3626195,39832687,476580645,,
1828,16345782,3033,8,362815,3626194,39832591,476575234,,
1829,16345827,3034,8,362815,3626193,39832497,476569956,,
1830,16345872,3035,8,362815,3626194,39832588,476574908,,
1831,16347285,3037,8,362815,3626191,39832309,476559598,,
1832,16347582,3039,8,362815,3626191,39832337,476562442,,
1833,16347825,3040,8,362815,3626192,39832396,476564061,,
1834,16347852,3041,8,362815,3626192,39832400,476564606,,
1835,16348275,3043,4,362815,3626191,39832317,476560387,,
1836,16348527,3044,8,362815,3626191,39832310,476559754,,
1837,16348572,3045,8,362815,3626191,39832326,476561349,,
1838,16348725,3046,8,362815,3626192,39832395,476563972,,
1839,16348752,3047,8,362815,3626192,39832410,476565564,,
1840,16354782,3057,8,362815,3626193,39832505,476570815,,
1841,16354827,3058,8,362815,3626192,39832409,476565409,,
1842,16354872,3059,8,362815,3626193,39832505,476570801,6161275839,
1843,16357284,3061,8,362815,3626190,39832234,476556303,,
1844,16357482,3063,8,362815,3626190,39832246,476557549,,
1845,16357824,3064,8,362815,3626191,39832326,476561322,,
1846,16357842,3065,8,362815,3626191,39832326,476561363,,
1847,16358247,3066,8,362815,3626190,39832229,476555845,,
1848,16358274,3067,8,362815,3626190,39832224,476555330,,
1849,16358427,3068,8,362815,3626190,39832226,476555535,,
1850,16358472,3069,8,362815,3626190,39832241,476557064,,
1851,16358724,3070,8,362815,3626191,39832320,476560718,,
1852,16358742,3071,8,362815,3626191,39832322,476560974,,
1853,16374582,3081,8,362815,3626192,39832410,476565561,6161053928,
1854,16374825,3082,8,362815,3626190,39832227,476555655,,
1855,16374852,3083,8,362815,3626191,39832328,476561586,6160904445,
1856,16375284,3085,8,362815,3626190,39832224,476555373,,
1857,16375482,3087,8,362815,3626191,39832332,476561922,,
1858,16375824,3088,8,362815,3626190,39832238,476556731,,
1859,16375842,3089,8,362815,3626190,39832242,476557170,,
1860,16378245,3090,4,362815,3626192,39832400,476564519,,
1861,16378254,3091,8,362815,3626192,39832398,476564304,,
1862,16378425,3092,8,362815,3626191,39832312,476559941,,
1863,16378452,3093,8,362815,3626192,39832411,476565665,,
1864,16378524,3094,8,362815,3626191,39832317,476560434,,
1865,16378542,3095,8,362815,3626192,39832404,476564995,,
1866,16384527,3104,8,362815,3626191,39832317,476560398,,
1867,16384572,3105,8,362815,3626192,39832405,476565052,,
1868,16384725,3106,8,362815,3626190,39832221,476555076,,
1869,16384752,3107,8,362815,3626190,39832239,476556896,,
1870,16385274,3109,4,362815,3626190,39832217,476554780,,
1871,16385427,3110,8,362815,3626191,39832304,476559167,,
1872,16385472,3111,8,362815,3626191,39832313,476560082,,
1873,16385724,3112,8,362815,3626190,39832235,476556460,,
1874,16385742,3113,8,362815,3626190,39832244,476557376,,
1875,16387254,3115,4,362815,3626192,39832399,476564410,,
1876,16387425,3116,8,362815,3626191,39832315,476560210,,
1877,16387452,3117,8,362815,3626192,39832409,476565462,,
1878,16387524,3118,8,362815,3626191,39832318,476560560,,
1879,16387542,3119,8,362815,3626192,39832410,476565573,6161055548,
1880,16435782,3153,8,362815,3626193,39832507,476571041,6161291920,
1881,16435827,3154,8,362815,3626192,39832410,476565496,6161047117,
1882,16435872,3155,8,362815,3626193,39832505,476570806,,
1883,16437285,3157,8,362815,3626191,39832318,476560558,6160843058,
1884,16437582,3159,8,362815,3626192,39832419,476566450,,
1885,16437825,3160,8,362815,3626192,39832403,476564795,,
1886,16437852,3161,8,362815,3626192,39832410,476565541,,
1887,16438275,3163,4,362815,3626192,39832414,476565909,6161071837,
1888,16438527,3164,8,362815,3626191,39832309,476559686,,
1889,16438572,3165,8,362815,3626191,39832327,476561453,,
1890,16438725,3166,8,362815,3626192,39832406,476565108,,
1891,16438752,3167,8,362815,3626193,39832499,476570245,,
1892,16453782,3177,8,362815,3626194,39832592,476575325,,
1893,16453827,3178,8,362815,3626193,39832506,476570927,,
1894,16453872,3179,8,362815,3626194,39832592,476575316,,
1895,16457283,3181,8,362815,3626192,39832418,476566252,,
1896,16457382,3183,8,362815,3626192,39832420,476566513,,
1897,16457823,3184,8,362815,3626194,39832595,476575630,,
1898,16457832,3185,8,362815,3626194,39832595,476575628,,
1899,16458237,3186,8,362815,3626193,39832492,476569469,,
1900,16458273,3187,8,362815,3626192,39832402,476564685,,
1901,16458327,3188,8,362815,3626193,39832490,476569270,,
1902,16458372,3189,8,362815,3626192,39832411,476565619,,
1903,16458723,3190,8,362815,3626194,39832591,476575204,6161451854,
1904,16458732,3191,8,362815,3626194,39832591,476575204,6161451965,
1905,16473285,3199,8,362815,3626191,39832315,476560235,,
1906,16473582,3201,8,362815,3626191,39832329,476561671,,
1907,16473825,3202,8,362815,3626190,39832234,476556332,6160675771,
1908,16473852,3203,8,362815,3626190,39832237,476556689,,
1909,16475283,3205,8,362815,3626192,39832410,476565514,,
1910,16475382,3207,8,362815,3626192,39832422,476566742,6161122143,
1911,16475823,3208,8,362815,3626193,39832511,476571431,,
1912,16475832,3209,8,362815,3626193,39832511,476571443,,
1913,16478235,3210,8,362815,3626192,39832411,476565622,,
1914,16478253,3211,8,362815,3626191,39832323,476561025,6160868402,
1915,16478325,3212,8,362815,3626192,39832405,476565004,6161018691,
1916,16478352,3213,8,362815,3626191,39832329,476561695,,
1917,16478523,3214,8,362815,3626192,39832424,476566948,6161134368,
1918,16478532,3215,8,362815,3626192,39832425,476567061,,
1919,16483257,3222,8,362815,3626191,39832316,476560335,,
1920,16483275,3223,8,362815,3626191,39832320,476560716,,
1921,16483527,3224,8,362815,3626190,39832232,476556142,,
1922,16483572,3225,8,362815,3626190,39832239,476556877,,
1923,16483725,3226,8,362815,3626191,39832321,476560792,,
1924,16483752,3227,8,362815,3626191,39832322,476560956,,
1925,16485237,3228,8,362815,3626191,39832321,476560834,,
1926,16485273,3229,8,362815,3626190,39832235,476556456,,
1927,16485327,3230,8,362815,3626191,39832325,476561248,,
1928,16485372,3231,8,362815,3626190,39832244,476557369,,
1929,16485723,3232,8,362815,3626192,39832423,476566854,,
1930,16485732,3233,8,362815,3626192,39832423,476566866,,
1931,16487235,3234,8,362815,3626192,39832410,476565534,,
1932,16487253,3235,8,362815,3626191,39832327,476561398,,
1933,16487325,3236,8,362815,3626192,39832405,476565022,,
1934,16487352,3237,8,362815,3626191,39832332,476561969,,
1935,16487523,3238,8,362815,3626193,39832506,476570964,,
1936,16487532,3239,8,362815,3626193,39832508,476571176,,
1937,16534782,3273,8,362815,3626194,39832590,476575121,,
1938,16534827,3274,8,362815,3626193,39832501,476570410,,
1939,16534872,3275,8,362815,3626194,39832590,476575107,,
1940,16537482,3279,8,362815,3626191,39832333,476562060,,
1941,16537824,3280,8,362815,3626192,39832406,476565115,,
1942,16537842,3281,8,362815,3626192,39832406,476565222,,
1943,16538427,3284,8,362815,3626191,39832320,476560751,,
1944,16538472,3285,8,362815,3626191,39832323,476561096,,
1945,16538724,3286,8,362815,3626192,39832406,476565154,6161030011,
1946,16538742,3287,8,362815,3626192,39832413,476565897,,
1947,16543782,3297,8,362815,3626195,39832689,476580847,,
1948,16543827,3298,8,362815,3626194,39832605,476576676,,
1949,16543872,3299,8,362815,3626195,39832689,476580850,6161703436,
1950,16547283,3301,8,362815,3626193,39832500,476570318,,
1951,16547382,3303,8,362815,3626193,39832507,476571060,,
1952,16547823,3304,8,362815,3626195,39832682,476580105,,
1953,16547832,3305,8,362815,3626195,39832682,476580115,,
1954,16548237,3306,8,362815,3626193,39832499,476570204,,
1955,16548273,3307,8,362815,3626192,39832415,476566008,,
1956,16548327,3308,8,362815,3626193,39832506,476570924,,
1957,16548372,3309,8,362815,3626193,39832507,476571029,6161290852,
1958,16548723,3310,8,362815,3626195,39832682,476580107,6161657624,
1959,16548732,3311,8,362815,3626195,39832682,476580120,,
1960,16573284,3319,8,362815,3626193,39832490,476569255,,
1961,16573482,3321,8,362815,3626193,39832502,476570504,6161258507,
1962,16573824,3322,8,362815,3626192,39832408,476565300,,
1963,16573842,3323,8,362815,3626192,39832418,476566347,,
1964,16574283,3325,8,362815,3626192,39832416,476566057,6161077686,
1965,16574382,3327,8,362815,3626193,39832504,476570743,,
1966,16574823,3328,8,362815,3626193,39832509,476571227,6161302006,
1967,16574832,3329,8,362815,3626193,39832511,476571450,,
1968,16578234,3330,8,362815,3626195,39832687,476580626,6161688761,
1969,16578243,3331,8,362815,3626195,39832679,476579770,6161635748,
1970,16578324,3332,8,362815,3626195,39832679,476579770,6161635846,
1971,16578342,3333,8,362815,3626195,39832686,476580522,6161682581,
1972,16578423,3334,8,362815,3626195,39832686,476580515,6161681695,
1973,16578432,3335,8,362815,3626195,39832687,476580640,,
1974,16583274,3343,4,362815,3626192,39832399,476564395,,
1975,16583427,3344,8,362815,3626193,39832493,476569574,6161202910,
1976,16583472,3345,8,362815,3626192,39832409,476565441,,
1977,16583724,3346,8,362815,3626191,39832327,476561394,,
1978,16583742,3347,8,362815,3626191,39832332,476561972,,
1979,16584237,3348,8,362815,3626193,39832493,476569586,,
1980,16584273,3349,8,362815,3626191,39832318,476560548,,
1981,16584327,3350,8,362815,3626193,39832502,476570532,6161262113,
1982,16584372,3351,8,362815,3626192,39832410,476565568,,
1983,16584723,3352,8,362815,3626193,39832506,476570956,,
1984,16584732,3353,8,362815,3626193,39832508,476571183,,
1985,16587234,3354,8,362815,3626195,39832686,476580528,,
1986,16587243,3355,8,362815,3626195,39832679,476579763,6161635050,
1987,16587324,3356,8,362815,3626195,39832679,476579763,6161635130,
1988,16587342,3357,8,362815,3626195,39832685,476580424,6161677023,
1989,16587423,3358,8,362815,3626195,39832685,476580418,,
1990,16587432,3359,8,362815,3626195,39832686,476580548,,
1991,16734528,3392,4,362815,3626195,39832684,476580323,,
1992,16734582,3393,8,362815,3626194,39832592,476575296,,
1993,16734825,3394,8,362815,3626192,39832401,476564590,,
1994,16734852,3395,8,362815,3626192,39832412,476565789,,
1995,16735428,3398,8,362815,3626193,39832509,476571241,,
1996,16735482,3399,8,362815,3626193,39832498,476570097,,
1997,16735824,3400,8,362815,3626191,39832318,476560576,,
1998,16735842,3401,8,362815,3626191,39832322,476560997,,
1999,16738425,3404,8,362815,3626191,39832330,476561723,,
2000,16738452,3405,8,362815,3626193,39832505,476570860,,
2001,16738524,3406,8,362815,3626191,39832330,476561765,,
2002,16738542,3407,8,362815,3626192,39832413,476565887,,
2003,16743582,3417,8,362815,3626193,39832498,476570105,,
2004,16743825,3418,8,362815,3626192,39832405,476564980,,
2005,16743852,3419,8,362815,3626192,39832406,476565161,,
2006,16745238,3420,2,362815,3626195,39832692,476581167,6161723188,
2007,16745283,3421,8,362815,3626193,39832503,476570617,,
2008,16745328,3422,4,362815,3626195,39832688,476580767,,
2009,16745382,3423,8,362815,3626194,39832595,476575611,,
2010,16745823,3424,8,362815,3626194,39832592,476575342,,
2011,16745832,3425,8,362815,3626194,39832592,476575346,,
2012,16748235,3426,4,362815,3626192,39832408,476565369,,
2013,16748253,3427,8,362815,3626191,39832328,476561571,,
2014,16748325,3428,8,362815,3626192,39832408,476565360,6161042272,
2015,16748352,3429,8,362815,3626191,39832334,476562192,6160940080,
2016,16748523,3430,8,362815,3626193,39832512,476571589,,
2017,16748532,3431,8,362815,3626193,39832512,476571598,,
2018,16753428,3440,4,362815,3626195,39832684,476580371,,
2019,16753482,3441,8,362815,3626194,39832590,476575085,,
2020,16753824,3442,8,362815,3626192,39832408,476565313,,
2021,16753842,3443,8,362815,3626192,39832414,476565987,,
2022,16754238,3444,2,362815,3626195,39832683,476580219,,
2023,16754283,3445,8,362815,3626193,39832501,476570373,,
2024,16754328,3446,4,362815,3626195,39832697,476581697,,
2025,16754382,3447,8,362815,3626194,39832597,476575822,,
2026,16754823,3448,8,362815,3626194,39832593,476575397,,
2027,16754832,3449,8,362815,3626194,39832593,476575431,6161466809,
2028,16758234,3450,8,362815,3626194,39832602,476576329,,
2029,16758243,3451,8,362815,3626194,39832594,476575480,6161466756,
2030,16758324,3452,8,362815,3626194,39832594,476575484,,
2031,16758342,3453,8,362815,3626194,39832602,476576330,,
2032,16758423,3454,8,362815,3626194,39832602,476576328,6161519036,
2033,16758432,3455,8,362815,3626194,39832604,476576573,,
2034,16783425,3464,8,362815,3626194,39832602,476576320,6161517944,
2035,16783452,3465,8,362815,3626196,39832781,476585853,6161914750,
2036,16783524,3466,8,362815,3626194,39832604,476576532,6161531225,
2037,16783542,3467,8,362815,3626194,39832606,476576741,,
2038,16784253,3469,8,362815,3626194,39832604,476576532,6161531227,
2039,16784325,3470,8,362815,3626195,39832685,476580420,6161676485,
2040,16784352,3471,8,362815,3626194,39832606,476576737,,
2041,16784523,3472,8,362815,3626196,39832781,476585861,6161915749,
2042,16784532,3473,8,362815,3626196,39832781,476585850,,
2043,16785234,3474,4,362815,3626196,39832780,476585729,6161906002,
2044,16785243,3475,8,362815,3626195,39832691,476581020,,
2045,16785324,3476,8,362815,3626195,39832691,476581026,6161712182,
2046,16785342,3477,8,362815,3626196,39832781,476585834,,
2047,16785423,3478,8,362815,3626196,39832780,476585729,6161906027,
2048,16785432,3479,8,362815,3626196,39832782,476585981,,
2049,16834527,3512,8,362815,3626193,39832504,476570666,,
2050,16834572,3513,8,362815,3626193,39832508,476571113,,
2051,16834725,3514,8,362815,3626191,39832310,476559766,,
2052,16834752,3515,8,362815,3626191,39832326,476561386,6160892583,
2053,16835427,3518,8,362815,3626192,39832408,476565288,,
2054,16835472,3519,8,362815,3626192,39832407,476565253,,
2055,16835724,3520,8,362815,3626190,39832243,476557279,,
2056,16835742,3521,8,362815,3626190,39832245,476557502,,
2057,16837425,3524,8,362815,3626190,39832238,476556726,,
2058,16837452,3525,8,362815,3626191,39832332,476561997,,
2059,16837524,3526,8,362815,3626190,39832240,476556987,,
2060,16837542,3527,8,362815,3626191,39832328,476561579,,
2061,16843527,3536,8,362815,3626192,39832410,476565499,,
2062,16843572,3537,8,362815,3626192,39832410,476565536,,
2063,16843725,3538,8,362815,3626191,39832320,476560700,,
2064,16843752,3539,8,362815,3626191,39832325,476561262,,
2065,16845273,3541,4,362815,3626191,39832325,476561249,,
2066,16845327,3542,8,362815,3626193,39832502,476570512,,
2067,16845372,3543,8,362815,3626192,39832414,476565934,,
2068,16845723,3544,8,362815,3626193,39832509,476571282,6161308210,
2069,16845732,3545,8,362815,3626193,39832509,476571281,6161308146,
2070,16847253,3547,4,362815,3626191,39832331,476561852,,
2071,16847325,3548,8,362815,3626191,39832329,476561626,,
2072,16847352,3549,8,362815,3626191,39832334,476562188,,
2073,16847523,3550,8,362815,3626192,39832426,476567190,,
2074,16847532,3551,8,362815,3626192,39832428,476567402,,
2075,16853427,3560,8,362815,3626193,39832502,476570510,6161259489,
2076,16853472,3561,8,362815,3626192,39832410,476565547,,
2077,16853724,3562,8,362815,3626190,39832240,476556997,,
2078,16853742,3563,8,362815,3626190,39832253,476558328,,
2079,16854273,3565,4,362815,3626191,39832319,476560658,,
2080,16854327,3566,8,362815,3626193,39832515,476571857,,
2081,16854372,3567,8,362815,3626192,39832417,476566245,6161093335,
2082,16854723,3568,8,362815,3626192,39832424,476566948,6161134468,
2083,16854732,3569,8,362815,3626192,39832424,476566995,,
2084,16857243,3571,8,362815,3626194,39832594,476575504,6161469732,
2085,16857324,3572,8,362815,3626194,39832594,476575512,,
2086,16857342,3573,8,362815,3626194,39832604,476576560,,
2087,16857423,3574,8,362815,3626194,39832604,476576550,,
2088,16857432,3575,8,362815,3626194,39832608,476576982,,
2089,16873425,3584,8,362815,3626194,39832594,476575457,6161464151,
2090,16873452,3585,8,362815,3626195,39832691,476581026,6161712269,
2091,16873524,3586,8,362815,3626194,39832594,476575500,,
2092,16873542,3587,8,362815,3626194,39832594,476575545,,
2093,16874325,3590,8,362815,3626195,39832679,476579748,,
2094,16874352,3591,8,362815,3626194,39832594,476575528,,
2095,16874523,3592,8,362815,3626195,39832691,476581058,,
2096,16874532,3593,8,362815,3626195,39832691,476581046,,
2097,16875243,3595,4,362815,3626194,39832606,476576647,,
2098,16875324,3596,8,362815,3626194,39832606,476576665,,
2099,16875342,3597,8,362815,3626195,39832692,476581132,,
2100,16875423,3598,8,362815,3626195,39832691,476581028,,
2101,16875432,3599,8,362815,3626195,39832694,476581381,,
2102,17345628,3752,2,362815,3626195,39832684,476580291,,
2103,17345682,3753,8,362815,3626194,39832598,476575907,,
2104,17345826,3754,4,362815,3626192,39832402,476564628,,
2105,17345862,3755,8,362815,3626192,39832418,476566337,,
2106,17346528,3758,4,362815,3626193,39832503,476570609,,
2107,17346582,3759,8,362815,3626193,39832500,476570302,,
2108,17346825,3760,8,362815,3626191,39832309,476559611,,
2109,17346852,3761,8,362815,3626191,39832323,476561047,,
2110,17348562,3765,8,362815,3626192,39832409,476565479,6161050121,
2111,17348625,3766,4,362815,3626191,39832305,476559199,,
2112,17348652,3767,8,362815,3626192,39832401,476564683,,
2113,17354628,3776,2,362815,3626193,39832506,476570908,,
2114,17354682,3777,8,362815,3626193,39832502,476570508,,
2115,17354826,3778,4,362815,3626192,39832393,476563798,,
2116,17354862,3779,8,362815,3626192,39832410,476565542,,
2117,17356428,3782,8,362815,3626192,39832420,476566547,,
2118,17356482,3783,8,362815,3626192,39832412,476565721,,
2119,17356824,3784,8,362815,3626191,39832320,476560719,6160849902,
2120,17356842,3785,8,362815,3626191,39832320,476560771,,
2121,17358426,3788,8,362815,3626190,39832220,476554936,,
2122,17358462,3789,8,362815,3626190,39832242,476557186,,
2123,17358624,3790,8,362815,3626190,39832234,476556359,6160678675,
2124,17358642,3791,8,362815,3626190,39832242,476557177,,
2125,17364582,3801,8,362815,3626192,39832414,476565902,,
2126,17364852,3803,8,362815,3626190,39832238,476556788,,
2127,17365428,3806,4,362815,3626193,39832504,476570811,6161282773,
2128,17365482,3807,8,362815,3626193,39832501,476570419,,
2129,17365824,3808,8,362815,3626191,39832313,476560031,,
2130,17365842,3809,8,362815,3626191,39832320,476560761,,
2131,17368425,3812,4,362815,3626190,39832226,476555513,,
2132,17368452,3813,8,362815,3626191,39832322,476560979,,
2133,17368524,3814,8,362815,3626190,39832234,476556338,,
2134,17368542,3815,8,362815,3626191,39832326,476561366,,
2135,17384562,3825,8,362815,3626193,39832508,476571126,,
2136,17384652,3827,8,362815,3626192,39832410,476565552,6161053002,
2137,17385462,3831,8,362815,3626192,39832407,476565269,,
2138,17385624,3832,4,362815,3626191,39832325,476561267,,
2139,17385642,3833,8,362815,3626192,39832414,476565955,,
2140,17386452,3837,8,362815,3626192,39832410,476565562,,
2141,17386524,3838,4,362815,3626191,39832319,476560649,,
2142,17386542,3839,8,362815,3626192,39832417,476566253,,
2143,17435682,3873,8,362815,3626193,39832500,476570297,,
2144,17435826,3874,4,362815,3626192,39832393,476563767,,
2145,17435862,3875,8,362815,3626192,39832406,476565154,6161029556,
2146,17436528,3878,2,362815,3626193,39832501,476570447,,
2147,17436582,3879,8,362815,3626193,39832499,476570230,,
2148,17436825,3880,8,362815,3626191,39832309,476559607,,
2149,17436852,3881,8,362815,3626191,39832319,476560669,,
2150,17438562,3885,8,362815,3626192,39832406,476565132,,
2151,17438625,3886,4,362815,3626191,39832310,476559713,6160791100,
2152,17438652,3887,8,362815,3626192,39832408,476565344,,
2153,17453682,3897,8,362815,3626192,39832416,476566094,6161081420,
2154,17453826,3898,8,362815,3626192,39832407,476565145,,
2155,17453862,3899,8,362815,3626192,39832407,476565208,,
2156,17456328,3902,4,362815,3626195,39832684,476580315,,
2157,17456382,3903,8,362815,3626194,39832591,476575189,,
2158,17456823,3904,8,362815,3626194,39832594,476575538,6161473113,
2159,17456832,3905,8,362815,3626194,39832594,476575537,,
2160,17458326,3908,8,362815,3626192,39832398,476564279,6160974609,
2161,17458362,3909,8,362815,3626191,39832317,476560490,,
2162,17458623,3910,8,362815,3626192,39832425,476567045,,
2163,17458632,3911,8,362815,3626192,39832425,476567054,,
2164,17463528,3920,4,362815,3626192,39832432,476567810,,
2165,17463582,3921,8,362815,3626192,39832418,476566343,,
2166,17463825,3922,8,362815,3626190,39832231,476556053,6160660639,
2167,17463852,3923,8,362815,3626190,39832240,476557011,,
2168,17465328,3926,8,362815,3626193,39832512,476571594,,
2169,17465382,3927,8,362815,3626192,39832421,476566608,,
2170,17465823,3928,8,362815,3626193,39832505,476570817,,
2171,17465832,3929,8,362815,3626193,39832505,476570823,,
2172,17468325,3932,8,362815,3626191,39832319,476560635,,
2173,17468352,3933,8,362815,3626190,39832249,476557886,,
2174,17468523,3934,8,362815,3626191,39832339,476562640,6160963403,
2175,17468532,3935,8,362815,3626191,39832339,476562663,,
2176,17483526,3944,8,362815,3626190,39832236,476556523,6160686481,
2177,17483562,3945,8,362815,3626191,39832326,476561386,6160892639,
2178,17483625,3946,8,362815,3626190,39832238,476556751,6160701357,
2179,17483652,3947,8,362815,3626191,39832325,476561265,,
2180,17485326,3950,8,362815,3626191,39832323,476561034,,
2181,17485362,3951,8,362815,3626190,39832245,476557494,,
2182,17485623,3952,8,362815,3626193,39832509,476571286,,
2183,17485632,3953,8,362815,3626193,39832509,476571282,6161308297,
2184,17486325,3956,8,362815,3626191,39832319,476560708,,
2185,17486352,3957,8,362815,3626190,39832253,476558320,,
2186,17486523,3958,8,362815,3626192,39832424,476566947,,
2187,17486532,3959,8,362815,3626192,39832424,476566977,,
2188,17534682,3993,8,362815,3626192,39832418,476566315,,
2189,17534862,3995,8,362815,3626192,39832410,476565496,6161046850,
2190,17536482,3999,8,362815,3626192,39832418,476566355,,
2191,17536842,4001,8,362815,3626190,39832242,476557179,,
2192,17538462,4005,8,362815,3626190,39832239,476556889,,
2193,17538642,4007,8,362815,3626191,39832332,476561978,,
2194,17543682,4017,8,362815,3626193,39832503,476570623,,
2195,17543826,4018,4,362815,3626193,39832502,476570492,,
2196,17543862,4019,8,362815,3626193,39832502,476570491,,
2197,17546382,4023,8,362815,3626192,39832424,476566894,,
2198,17546823,4024,8,362815,3626193,39832507,476571015,,
2199,17546832,4025,8,362815,3626193,39832507,476571017,,
2200,17548326,4028,8,362815,3626192,39832410,476565496,6161046754,
2201,17548362,4029,8,362815,3626192,39832409,476565430,6161044797,
2202,17548623,4030,8,362815,3626193,39832503,476570639,,
2203,17548632,4031,8,362815,3626193,39832503,476570659,,
2204,17563428,4040,2,362815,3626195,39832693,476581265,,
2205,17563482,4041,8,362815,3626194,39832595,476575627,,
2206,17563824,4042,8,362815,3626192,39832408,476565312,,
2207,17563842,4043,8,362815,3626192,39832418,476566375,,
2208,17564328,4046,4,362815,3626195,39832694,476581384,,
2209,17564382,4047,8,362815,3626194,39832596,476575718,,
2210,17564823,4048,8,362815,3626194,39832595,476575598,,
2211,17564832,4049,8,362815,3626194,39832595,476575633,,
2212,17568324,4052,8,362815,3626194,39832594,476575457,6161464173,
2213,17568342,4053,8,362815,3626194,39832602,476576327,,
2214,17568423,4054,8,362815,3626194,39832602,476576303,,
2215,17568432,4055,8,362815,3626194,39832602,476576350,,
2216,17583462,4065,8,362815,3626191,39832332,476561990,,
2217,17583624,4066,4,362815,3626191,39832328,476561537,,
2218,17583642,4067,8,362815,3626191,39832334,476562203,,
2219,17584326,4070,8,362815,3626192,39832419,476566417,,
2220,17584362,4071,8,362815,3626191,39832328,476561577,6160903472,
2221,17584623,4072,8,362815,3626192,39832426,476567178,,
2222,17584632,4073,8,362815,3626192,39832427,476567294,,
2223,17586324,4076,8,362815,3626194,39832594,476575504,6161469713,
2224,17586342,4077,8,362815,3626194,39832604,476576554,,
2225,17586423,4078,8,362815,3626194,39832604,476576536,,
2226,17586432,4079,8,362815,3626194,39832606,476576768,,
2227,17634582,4113,8,362815,3626194,39832592,476575290,6161456154,
2228,17634852,4115,8,362815,3626192,39832405,476565107,,
2229,17635482,4119,8,362815,3626193,39832502,476570524,,
2230,17635842,4121,8,362815,3626191,39832326,476561370,6160890924,
2231,17638452,4125,8,362815,3626192,39832415,476566077,,
2232,17638542,4127,8,362815,3626192,39832403,476564929,,
2233,17643582,4137,8,362815,3626193,39832500,476570341,,
2234,17643852,4139,8,362815,3626192,39832407,476565291,,
2235,17645328,4142,2,362815,3626195,39832690,476580978,,
2236,17645382,4143,8,362815,3626194,39832596,476575720,,
2237,17645823,4144,8,362815,3626194,39832593,476575415,,
2238,17645832,4145,8,362815,3626194,39832593,476575421,6161465587,
2239,17648325,4148,4,362815,3626192,39832410,476565515,6161048990,
2240,17648352,4149,8,362815,3626191,39832332,476561980,,
2241,17648523,4150,8,362815,3626192,39832428,476567372,,
2242,17648532,4151,8,362815,3626192,39832429,476567486,,
2243,17653482,4161,8,362815,3626194,39832597,476575838,,
2244,17653842,4163,8,362815,3626192,39832423,476566890,,
2245,17654328,4166,2,362815,3626197,39832878,476591421,,
2246,17654382,4167,8,362815,3626195,39832695,476581478,,
2247,17654823,4168,8,362815,3626195,39832685,476580431,6161677830,
2248,17654832,4169,8,362815,3626195,39832688,476580745,6161697090,
2249,17658324,4172,8,362815,3626195,39832679,476579754,,
2250,17658342,4173,8,362815,3626195,39832684,476580336,6161672628,
2251,17658423,4174,8,362815,3626195,39832684,476580340,,
2252,17658432,4175,8,362815,3626195,39832688,476580763,6161699216,
2253,17683452,4185,8,362815,3626195,39832691,476581026,6161712229,
2254,17683542,4187,8,362815,3626194,39832594,476575540,,
2255,17684352,4191,8,362815,3626194,39832594,476575539,6161473672,
2256,17684523,4192,8,362815,3626195,39832691,476581052,,
2257,17684532,4193,8,362815,3626195,39832691,476581047,,
2258,17685324,4196,4,362815,3626194,39832606,476576671,6161536121,
2259,17685342,4197,8,362815,3626195,39832692,476581146,,
2260,17685423,4198,8,362815,3626195,39832691,476581042,,
2261,17685432,4199,8,362815,3626195,39832696,476581590,,
2262,17834562,4233,8,362815,3626196,39832781,476585844,,
2263,17834652,4235,8,362815,3626194,39832596,476575755,6161486833,
2264,17835462,4239,8,362815,3626194,39832599,476576067,6161505775,
2265,17835642,4241,8,362815,3626193,39832513,476571674,,
2266,17836452,4245,8,362815,3626193,39832513,476571665,,
2267,17836542,4247,8,362815,3626194,39832592,476575377,,
2268,17843562,4257,8,362815,3626194,39832596,476575755,6161486786,
2269,17843652,4259,8,362815,3626194,39832594,476575570,,
2270,17845362,4263,8,362815,3626193,39832513,476571663,,
2271,17845623,4264,4,362815,3626196,39832781,476585862,6161915870,
2272,17845632,4265,8,362815,3626196,39832781,476585853,6161914843,
2273,17846352,4269,8,362815,3626193,39832517,476572100,,
2274,17846523,4270,4,362815,3626194,39832602,476576375,,
2275,17846532,4271,8,362815,3626194,39832602,476576401,,
2276,17853462,4281,8,362815,3626193,39832513,476571662,6161329288,
2277,17853642,4283,8,362815,3626193,39832517,476572110,,
2278,17854362,4287,8,362815,3626194,39832592,476575360,,
2279,17854623,4288,4,362815,3626194,39832602,476576380,6161524801,
2280,17854632,4289,8,362815,3626194,39832602,476576398,,
2281,17856342,4293,8,362815,3626196,39832786,476586380,,
2282,17856423,4294,8,362815,3626196,39832781,476585859,,
2283,17856432,4295,8,362815,3626196,39832783,476586077,,
2284,17863452,4305,8,362815,3626196,39832781,476585831,,
2285,17863542,4307,8,362815,3626194,39832606,476576750,6161545151,
2286,17864352,4311,8,362815,3626194,39832606,476576734,6161543375,
2287,17864532,4313,8,362815,3626196,39832781,476585869,,
2288,17865342,4317,8,362815,3626196,39832781,476585852,,
2289,17865423,4318,4,362815,3626196,39832780,476585764,,
2290,17865432,4319,8,362815,3626196,39832787,476586499,,
2291,18345672,4473,4,362815,3626196,39832781,476585856,,
2292,18345762,4475,4,362815,3626194,39832600,476576118,6161506078,
2293,18346572,4479,4,362815,3626194,39832597,476575841,6161491066,
2294,18346752,4481,8,362815,3626193,39832505,476570862,,
2295,18347652,4487,4,362815,3626194,39832590,476575117,,
2296,18354672,4497,4,362815,3626194,39832597,476575841,6161491065,
2297,18354762,4499,4,362815,3626194,39832595,476575636,6161478913,
2298,18356472,4503,8,362815,3626192,39832421,476566663,,
2299,18356742,4505,8,362815,3626193,39832509,476571264,6161306245,
2300,18357462,4509,8,362815,3626192,39832422,476566791,,
2301,18357642,4511,8,362815,3626192,39832418,476566363,,
2302,18365472,4527,4,362815,3626194,39832587,476574826,,
2303,18365742,4529,8,362815,3626192,39832416,476566164,,
2304,18367452,4533,4,362815,3626193,39832503,476570686,,
2305,18367542,4535,8,362815,3626193,39832504,476570741,,
2306,18375642,4553,4,362815,3626193,39832506,476570946,,
2307,18376542,4559,4,362815,3626194,39832600,476576141,,
2308,18435672,4593,4,362815,3626194,39832600,476576118,6161506184,
2309,18435762,4595,4,362815,3626194,39832586,476574746,,
2310,18436572,4599,4,362815,3626194,39832595,476575636,6161478898,
2311,18436752,4601,8,362815,3626193,39832499,476570249,,
2312,18437652,4607,4,362815,3626194,39832590,476575119,,
2313,18453672,4617,8,362815,3626193,39832505,476570847,6161280716,
2314,18453762,4619,8,362815,3626193,39832499,476570234,,
2315,18456372,4623,8,362815,3626193,39832509,476571253,,
2316,18456732,4625,8,362815,3626196,39832781,476585843,,
2317,18457362,4629,8,362815,3626191,39832336,476562391,,
2318,18457632,4631,8,362815,3626194,39832596,476575758,,
2319,18463572,4641,8,362815,3626192,39832422,476566768,6161124968,
2320,18463752,4643,8,362815,3626191,39832334,476562205,,
2321,18465372,4647,8,362815,3626192,39832416,476566147,6161087467,
2322,18465732,4649,8,362815,3626194,39832599,476576069,,
2323,18467352,4653,8,362815,3626192,39832426,476567215,,
2324,18467532,4655,8,362815,3626193,39832513,476571684,,
2325,18473562,4665,8,362815,3626191,39832336,476562392,,
2326,18473652,4667,8,362815,3626192,39832414,476566024,,
2327,18475362,4671,8,362815,3626190,39832250,476557999,,
2328,18475632,4673,8,362815,3626193,39832513,476571676,,
2329,18476352,4677,8,362815,3626191,39832339,476562711,,
2330,18476532,4679,8,362815,3626194,39832594,476575601,,
2331,18543672,4737,4,362815,3626194,39832590,476575109,,
2332,18543762,4739,4,362815,3626194,39832590,476575111,,
2333,18546372,4743,8,362815,3626192,39832418,476566349,,
2334,18546732,4745,8,362815,3626194,39832596,476575756,,
2335,18547362,4749,8,362815,3626192,39832414,476566006,,
2336,18547632,4751,8,362815,3626194,39832594,476575578,,
2337,18563472,4761,4,362815,3626193,39832503,476570662,,
2338,18563742,4763,8,362815,3626192,39832426,476567208,,
2339,18564372,4767,8,362815,3626193,39832504,476570713,,
2340,18564732,4769,8,362815,3626193,39832513,476571690,,
2341,18567342,4773,8,362815,3626196,39832782,476585958,,
2342,18567432,4775,8,362815,3626196,39832781,476585870,,
2343,18573642,4787,4,362815,3626191,39832345,476563327,,
2344,18574362,4791,8,362815,3626191,39832339,476562712,,
2345,18574632,4793,8,362815,3626193,39832521,476572516,,
2346,18576342,4797,8,362815,3626194,39832606,476576766,,
2347,18576432,4799,8,362815,3626194,39832608,476576981,,
2348,18645372,4863,4,362815,3626193,39832506,476570907,6161282429,
2349,18645732,4865,8,362815,3626193,39832513,476571664,,
2350,18647352,4869,4,362815,3626191,39832342,476563003,,
2351,18647532,4871,8,362815,3626193,39832519,476572315,,
2352,18654372,4887,4,362815,3626194,39832597,476575817,6161488779,
2353,18654732,4889,8,362815,3626194,39832593,476575480,6161472611,
2354,18657342,4893,8,362815,3626194,39832606,476576755,,
2355,18657432,4895,8,362815,3626194,39832607,476576892,,
2356,18674532,4913,8,362815,3626196,39832784,476586178,,
2357,18675342,4917,4,362815,3626196,39832782,476585977,,
2358,18675432,4919,8,362815,3626196,39832786,476586394,,
2359,18745632,4985,4,362815,3626196,39832781,476585851,,
2360,18746532,4991,4,362815,3626194,39832603,476576521,,
2361,18754632,5009,4,362815,3626194,39832603,476576504,,
2362,18756432,5015,8,362815,3626196,39832784,476586182,,
2363,23145786,5763,8,362815,3626195,39832699,476581919,6161769343,
2364,23146785,5769,16,362815,3626195,39832696,476581561,,
2365,23146857,5770,16,362815,3626194,39832616,476577752,,
2366,23146875,5771,16,362815,3626194,39832614,476577555,,
2367,23147685,5775,16,362815,3626194,39832614,476577557,,
2368,23147856,5776,8,362815,3626195,39832697,476581660,,
2369,23147865,5777,16,362815,3626195,39832698,476581756,,
2370,23148675,5781,8,362815,3626195,39832700,476581951,,
2371,23154786,5787,8,362815,3626195,39832699,476581919,6161769487,
2372,23156784,5793,16,362815,3626196,39832776,476585313,,
2373,23156847,5794,16,362815,3626193,39832517,476572026,6161348950,
2374,23156874,5795,16,362815,3626195,39832686,476580520,6161681970,
2375,23157486,5797,16,362815,3626193,39832515,476571886,,
2376,23157684,5799,16,362815,3626195,39832688,476580715,,
2377,23157846,5800,16,362815,3626194,39832599,476576038,6161502442,
2378,23157864,5801,16,362815,3626194,39832602,476576319,,
2379,23158467,5802,16,362815,3626193,39832517,476572082,,
2380,23158476,5803,16,362815,3626194,39832599,476576122,,
2381,23158647,5804,16,362815,3626192,39832432,476567726,,
2382,23158674,5805,16,362815,3626194,39832602,476576321,,
2383,23158746,5806,16,362815,3626193,39832517,476572026,6161348666,
2384,23158764,5807,16,362815,3626195,39832684,476580390,,
2385,23165784,5817,16,362815,3626195,39832686,476580520,6161682067,
2386,23165847,5818,16,362815,3626194,39832599,476576074,,
2387,23165874,5819,16,362815,3626195,39832685,476580424,6161676912,
2388,23167485,5821,16,362815,3626194,39832599,476575994,,
2389,23167584,5823,16,362815,3626194,39832602,476576291,,
2390,23167845,5824,16,362815,3626196,39832776,476585269,6161875750,
2391,23167854,5825,16,362815,3626196,39832776,476585269,6161875637,
2392,23168475,5827,8,362815,3626193,39832515,476571839,,
2393,23168547,5828,16,362815,3626193,39832517,476572038,,
2394,23168574,5829,16,362815,3626194,39832604,476576516,6161529549,
2395,23168745,5830,16,362815,3626195,39832687,476580574,6161682864,
2396,23168754,5831,16,362815,3626195,39832687,476580602,,
2397,23175684,5841,16,362815,3626194,39832602,476576265,,
2398,23175846,5842,8,362815,3626193,39832515,476571842,,
2399,23175864,5843,16,362815,3626194,39832604,476576516,6161529389,
2400,23176584,5847,16,362815,3626195,39832684,476580361,,
2401,23176845,5848,16,362815,3626195,39832687,476580574,6161682740,
2402,23176854,5849,16,362815,3626195,39832687,476580626,6161688879,
2403,23178564,5853,16,362815,3626196,39832777,476585412,,
2404,23178645,5854,8,362815,3626196,39832776,476585245,,
2405,23178654,5855,16,362815,3626196,39832776,476585341,,
2406,23185674,5865,8,362815,3626196,39832777,476585357,,
2407,23185764,5867,8,362815,3626194,39832606,476576724,,
2408,23186574,5871,8,362815,3626194,39832606,476576671,6161536016,
2409,23186754,5873,16,362815,3626196,39832777,476585415,,
2410,23416785,5889,4,362815,3626196,39832776,476585270,,
2411,23416857,5890,8,362815,3626195,39832691,476580998,,
2412,23416875,5891,8,362815,3626195,39832691,476580986,6161707713,
2413,23417586,5893,8,362815,3626195,39832691,476580996,6161708907,
2414,23417685,5895,8,362815,3626195,39832691,476580984,,
2415,23417856,5896,8,362815,3626196,39832776,476585279,,
2416,23417865,5897,8,362815,3626196,39832776,476585286,,
2417,23418567,5898,4,362815,3626196,39832776,476585274,,
2418,23418576,5899,8,362815,3626195,39832691,476580990,,
2419,23418657,5900,8,362815,3626195,39832691,476580986,6161707486,
2420,23418675,5901,8,362815,3626196,39832777,476585389,,
2421,23418756,5902,8,362815,3626196,39832776,476585280,,
2422,23456817,5914,8,362815,3626194,39832607,476576871,,
2423,23457186,5917,8,362815,3626193,39832514,476571737,6161332031,
2424,23457816,5920,8,362815,3626194,39832596,476575740,6161484947,
2425,23458167,5922,8,362815,3626194,39832593,476575425,,
2426,23458176,5923,8,362815,3626194,39832596,476575737,,
2427,23458617,5924,8,362815,3626193,39832516,476571952,,
2428,23458716,5926,8,362815,3626194,39832594,476575539,6161473073,
2429,23461785,5931,8,362815,3626193,39832506,476570907,6161281792,
2430,23461857,5932,8,362815,3626192,39832422,476566724,,
2431,23461875,5933,8,362815,3626193,39832504,476570720,6161272081,
2432,23465817,5938,8,362815,3626194,39832599,476576055,,
2433,23467185,5941,8,362815,3626193,39832503,476570608,,
2434,23467815,5944,8,362815,3626194,39832596,476575683,,
2435,23468157,5946,8,362815,3626192,39832414,476565901,,
2436,23468175,5947,8,362815,3626192,39832414,476565889,,
2437,23468517,5948,8,362815,3626192,39832421,476566625,,
2438,23468715,5950,8,362815,3626194,39832587,476574768,,
2439,23471586,5953,8,362815,3626192,39832416,476566107,6161083459,
2440,23471685,5955,8,362815,3626192,39832416,476566084,,
2441,23471856,5956,8,362815,3626193,39832502,476570483,,
2442,23471865,5957,8,362815,3626193,39832502,476570481,,
2443,23475186,5959,8,362815,3626192,39832420,476566531,,
2444,23475816,5962,8,362815,3626192,39832421,476566637,,
2445,23476185,5965,8,362815,3626193,39832495,476569787,,
2446,23476815,5968,8,362815,3626194,39832587,476574759,,
2447,23478156,5970,8,362815,3626194,39832585,476574544,6161409805,
2448,23478165,5971,8,362815,3626194,39832585,476574544,6161409742,
2449,23478516,5972,8,362815,3626193,39832499,476570197,,
2450,23478615,5974,8,362815,3626194,39832587,476574738,6161420715,
2451,23481567,5976,4,362815,3626194,39832593,476575341,,
2452,23481576,5977,8,362815,3626194,39832587,476574744,,
2453,23481657,5978,8,362815,3626194,39832587,476574745,6161421810,
2454,23481675,5979,8,362815,3626194,39832590,476575039,6161438642,
2455,23481756,5980,8,362815,3626194,39832590,476575039,6161438671,
2456,23481765,5981,8,362815,3626194,39832596,476575722,,
2457,23485167,5982,8,362815,3626193,39832505,476570794,6161274500,
2458,23485176,5983,8,362815,3626193,39832499,476570209,,
2459,23485617,5984,8,362815,3626193,39832503,476570625,,
2460,23485716,5986,8,362815,3626192,39832418,476566310,6161094729,
2461,23486157,5988,8,362815,3626192,39832411,476565575,6161049786,
2462,23486175,5989,8,362815,3626192,39832414,476565877,,
2463,23486517,5990,8,362815,3626193,39832500,476570309,,
2464,23486715,5992,8,362815,3626194,39832587,476574748,,
2465,23487156,5994,8,362815,3626194,39832585,476574526,,
2466,23487165,5995,8,362815,3626194,39832587,476574752,,
2467,23487516,5996,8,362815,3626193,39832503,476570600,6161263612,
2468,23487615,5998,8,362815,3626194,39832594,476575453,,
2469,23516847,6010,8,362815,3626191,39832328,476561548,,
2470,23516874,6011,8,362815,3626193,39832499,476570190,6161239264,
2471,23517486,6013,8,362815,3626191,39832333,476562025,,
2472,23517684,6015,8,362815,3626193,39832499,476570190,6161239274,
2473,23517846,6016,8,362815,3626192,39832413,476565825,,
2474,23517864,6017,8,362815,3626193,39832499,476570165,,
2475,23518467,6018,4,362815,3626192,39832408,476565391,,
2476,23518476,6019,8,362815,3626192,39832408,476565406,,
2477,23518647,6020,8,362815,3626191,39832325,476561220,,
2478,23518674,6021,8,362815,3626193,39832499,476570169,,
2479,23518746,6022,8,362815,3626192,39832410,476565518,,
2480,23518764,6023,8,362815,3626193,39832504,476570736,,
2481,23546817,6034,8,362815,3626194,39832599,476576024,,
2482,23547186,6037,8,362815,3626193,39832505,476570799,,
2483,23547816,6040,8,362815,3626194,39832590,476575079,,
2484,23548167,6042,8,362815,3626194,39832587,476574772,6161424682,
2485,23548176,6043,8,362815,3626194,39832591,476575211,,
2486,23548617,6044,8,362815,3626193,39832509,476571208,6161299627,
2487,23548716,6046,8,362815,3626194,39832592,476575285,,
2488,23561784,6051,4,362815,3626193,39832497,476570017,,
2489,23561847,6052,8,362815,3626192,39832402,476564728,,
2490,23561874,6053,8,362815,3626193,39832493,476569593,,
2491,23564817,6058,8,362815,3626193,39832501,476570434,,
2492,23567184,6061,8,362815,3626193,39832507,476570976,,
2493,23567814,6064,8,362815,3626194,39832600,476576136,,
2494,23568147,6066,8,362815,3626192,39832400,476564505,,
2495,23568174,6067,8,362815,3626192,39832405,476564978,,
2496,23568417,6068,8,362815,3626192,39832403,476564823,,
2497,23568714,6070,8,362815,3626194,39832587,476574799,,
2498,23571486,6073,8,362815,3626191,39832313,476560054,6160813037,
2499,23571684,6075,8,362815,3626191,39832321,476560767,6160849732,
2500,23571846,6076,8,362815,3626191,39832323,476560973,,
2501,23571864,6077,8,362815,3626191,39832321,476560767,6160849538,
2502,23574186,6079,8,362815,3626191,39832323,476561018,,
2503,23574816,6082,8,362815,3626191,39832322,476560923,,
2504,23576184,6085,8,362815,3626193,39832493,476569560,,
2505,23576814,6088,8,362815,3626194,39832588,476574902,,
2506,23578146,6090,8,362815,3626192,39832411,476565578,,
2507,23578164,6091,8,362815,3626192,39832406,476565066,,
2508,23578416,6092,8,362815,3626192,39832408,476565294,6161034249,
2509,23578614,6094,8,362815,3626193,39832502,476570449,,
2510,23581467,6096,4,362815,3626192,39832398,476564332,,
2511,23581476,6097,8,362815,3626192,39832400,476564520,,
2512,23581647,6098,8,362815,3626191,39832312,476559864,,
2513,23581674,6099,8,362815,3626192,39832401,476564537,,
2514,23581746,6100,8,362815,3626191,39832315,476560165,,
2515,23581764,6101,8,362815,3626192,39832406,476565081,,
2516,23584167,6102,8,362815,3626192,39832402,476564711,,
2517,23584176,6103,8,362815,3626192,39832404,476564901,,
2518,23584617,6104,8,362815,3626191,39832326,476561325,6160885467,
2519,23584716,6106,8,362815,3626191,39832325,476561224,,
2520,23586147,6108,8,362815,3626191,39832312,476559884,,
2521,23586174,6109,8,362815,3626191,39832319,476560568,,
2522,23586417,6110,8,362815,3626191,39832320,476560695,,
2523,23586714,6112,8,362815,3626193,39832502,476570459,,
2524,23587146,6114,8,362815,3626192,39832401,476564578,,
2525,23587164,6115,8,362815,3626192,39832407,476565117,,
2526,23587416,6116,8,362815,3626192,39832398,476564322,,
2527,23587614,6118,8,362815,3626194,39832587,476574743,6161421576,
2528,23614785,6123,4,362815,3626192,39832398,476564418,,
2529,23614857,6124,8,362815,3626191,39832319,476560691,,
2530,23614875,6125,8,362815,3626192,39832406,476565230,,
2531,23615784,6129,8,362815,3626192,39832409,476565411,,
2532,23615847,6130,8,362815,3626191,39832321,476560897,,
2533,23615874,6131,8,362815,3626192,39832405,476565013,,
2534,23617485,6133,8,362815,3626191,39832321,476560820,,
2535,23617584,6135,8,362815,3626191,39832323,476560981,,
2536,23617845,6136,8,362815,3626193,39832496,476569867,,
2537,23617854,6137,8,362815,3626193,39832496,476569860,,
2538,23618457,6138,8,362815,3626192,39832406,476565085,6161021742,
2539,23618475,6139,8,362815,3626191,39832317,476560400,6160830469,
2540,23618547,6140,8,362815,3626192,39832398,476564316,,
2541,23618574,6141,8,362815,3626191,39832325,476561190,,
2542,23618745,6142,8,362815,3626193,39832494,476569635,,
2543,23618754,6143,8,362815,3626193,39832494,476569665,,
2544,23641857,6148,8,362815,3626191,39832327,476561418,,
2545,23641875,6149,8,362815,3626192,39832413,476565852,6161070742,
2546,23645817,6154,8,362815,3626193,39832501,476570430,,
2547,23647185,6157,8,362815,3626191,39832321,476560819,,
2548,23647815,6160,8,362815,3626192,39832409,476565402,,
2549,23648157,6162,8,362815,3626191,39832316,476560294,6160823520,
2550,23648175,6163,8,362815,3626191,39832321,476560807,6160854461,
2551,23648517,6164,8,362815,3626191,39832327,476561421,,
2552,23648715,6166,8,362815,3626192,39832410,476565494,,
2553,23651784,6171,4,362815,3626193,39832491,476569330,,
2554,23651847,6172,8,362815,3626192,39832400,476564474,,
2555,23651874,6173,8,362815,3626193,39832491,476569350,,
2556,23654817,6178,8,362815,3626194,39832598,476575904,,
2557,23657184,6181,8,362815,3626193,39832493,476569559,6161200214,
2558,23657814,6184,8,362815,3626194,39832587,476574764,,
2559,23658147,6186,8,362815,3626192,39832400,476564449,,
2560,23658174,6187,8,362815,3626192,39832405,476564927,,
2561,23658417,6188,8,362815,3626192,39832405,476565012,6161018984,
2562,23658714,6190,8,362815,3626194,39832587,476574766,,
2563,23671485,6193,8,362815,3626192,39832397,476564133,,
2564,23671584,6195,8,362815,3626192,39832398,476564231,6160968787,
2565,23671845,6196,8,362815,3626193,39832492,476569466,,
2566,23671854,6197,8,362815,3626193,39832492,476569442,,
2567,23674185,6199,8,362815,3626192,39832397,476564170,,
2568,23674815,6202,8,362815,3626192,39832399,476564388,,
2569,23675184,6205,8,362815,3626193,39832485,476568693,,
2570,23675814,6208,8,362815,3626193,39832498,476570039,6161227254,
2571,23678145,6210,8,362815,3626194,39832585,476574564,,
2572,23678154,6211,8,362815,3626194,39832585,476574547,,
2573,23678415,6212,8,362815,3626193,39832499,476570153,,
2574,23678514,6214,8,362815,3626194,39832587,476574751,6161422065,
2575,23681457,6216,8,362815,3626192,39832402,476564635,,
2576,23681475,6217,8,362815,3626191,39832314,476560052,,
2577,23681547,6218,8,362815,3626192,39832398,476564248,,
2578,23681574,6219,8,362815,3626191,39832317,476560338,6160823040,
2579,23681745,6220,8,362815,3626192,39832405,476564888,,
2580,23681754,6221,8,362815,3626192,39832405,476564916,,
2581,23684157,6222,8,362815,3626191,39832314,476560060,6160807950,
2582,23684175,6223,8,362815,3626191,39832308,476559454,,
2583,23684517,6224,8,362815,3626192,39832404,476564874,,
2584,23684715,6226,8,362815,3626191,39832317,476560418,6160832272,
2585,23685147,6228,8,362815,3626191,39832312,476559857,,
2586,23685174,6229,8,362815,3626191,39832313,476559941,,
2587,23685417,6230,8,362815,3626192,39832406,476565078,,
2588,23685714,6232,8,362815,3626193,39832498,476570031,6161226648,
2589,23687145,6234,8,362815,3626194,39832580,476573982,6161373417,
2590,23687154,6235,8,362815,3626194,39832580,476573986,,
2591,23687415,6236,8,362815,3626193,39832490,476569237,,
2592,23687514,6238,8,362815,3626193,39832502,476570414,,
2593,23714586,6241,8,362815,3626192,39832405,476564987,,
2594,23714685,6243,8,362815,3626191,39832320,476560681,,
2595,23714856,6244,8,362815,3626192,39832404,476564906,,
2596,23714865,6245,8,362815,3626192,39832403,476564793,,
2597,23715486,6247,8,362815,3626192,39832407,476565215,,
2598,23715684,6249,8,362815,3626192,39832406,476565022,,
2599,23715846,6250,8,362815,3626191,39832321,476560786,6160852279,
2600,23715864,6251,8,362815,3626191,39832325,476561200,,
2601,23716485,6253,8,362815,3626191,39832321,476560799,,
2602,23716584,6255,8,362815,3626192,39832406,476565104,,
2603,23716845,6256,8,362815,3626192,39832412,476565620,,
2604,23716854,6257,8,362815,3626192,39832412,476565696,,
2605,23718456,6258,8,362815,3626193,39832502,476570463,6161253614,
2606,23718465,6259,8,362815,3626193,39832493,476569532,6161197803,
2607,23718546,6260,8,362815,3626193,39832493,476569532,6161197590,
2608,23718564,6261,8,362815,3626193,39832501,476570350,,
2609,23718645,6262,8,362815,3626193,39832501,476570305,,
2610,23718654,6263,8,362815,3626193,39832502,476570486,,
2611,23741586,6265,8,362815,3626191,39832320,476560724,,
2612,23741685,6267,8,362815,3626191,39832316,476560275,,
2613,23741856,6268,8,362815,3626192,39832405,476564979,,
2614,23741865,6269,8,362815,3626192,39832402,476564681,,
2615,23745186,6271,8,362815,3626192,39832403,476564806,,
2616,23745816,6274,8,362815,3626192,39832397,476564220,,
2617,23746185,6277,8,362815,3626191,39832313,476559964,,
2618,23746815,6280,8,362815,3626191,39832319,476560560,,
2619,23748156,6282,8,362815,3626192,39832402,476564658,,
2620,23748165,6283,8,362815,3626192,39832399,476564363,,
2621,23748516,6284,8,362815,3626191,39832325,476561196,,
2622,23748615,6286,8,362815,3626191,39832321,476560781,,
2623,23751486,6289,8,362815,3626191,39832314,476560110,,
2624,23751684,6291,8,362815,3626191,39832313,476559912,,
2625,23751846,6292,8,362815,3626191,39832309,476559558,,
2626,23751864,6293,8,362815,3626191,39832315,476560149,,
2627,23754186,6295,8,362815,3626192,39832407,476565193,,
2628,23754816,6298,8,362815,3626192,39832407,476565185,,
2629,23756184,6301,8,362815,3626193,39832485,476568697,,
2630,23756814,6304,8,362815,3626193,39832498,476570019,,
2631,23758146,6306,8,362815,3626191,39832316,476560252,,
2632,23758164,6307,8,362815,3626191,39832319,476560543,,
2633,23758416,6308,8,362815,3626191,39832316,476560277,,
2634,23758614,6310,8,362815,3626193,39832498,476570049,,
2635,23761485,6313,8,362815,3626192,39832395,476563915,,
2636,23761584,6315,8,362815,3626192,39832402,476564596,,
2637,23761845,6316,8,362815,3626193,39832488,476568987,,
2638,23761854,6317,8,362815,3626193,39832488,476569006,,
2639,23764185,6319,8,362815,3626192,39832399,476564369,6160978991,
2640,23764815,6322,8,362815,3626192,39832403,476564768,,
2641,23765184,6325,8,362815,3626193,39832495,476569683,,
2642,23765814,6328,8,362815,3626194,39832587,476574726,,
2643,23768145,6330,8,362815,3626194,39832580,476573983,,
2644,23768154,6331,8,362815,3626194,39832580,476573991,,
2645,23768415,6332,8,362815,3626193,39832490,476569241,,
2646,23768514,6334,8,362815,3626193,39832502,476570428,6161249416,
2647,23781456,6336,8,362815,3626194,39832585,476574527,,
2648,23781465,6337,8,362815,3626194,39832580,476573981,,
2649,23781546,6338,8,362815,3626194,39832580,476573982,6161373485,
2650,23781564,6339,8,362815,3626194,39832583,476574314,,
2651,23781645,6340,8,362815,3626194,39832583,476574275,,
2652,23781654,6341,8,362815,3626194,39832585,476574556,6161411053,
2653,23784156,6342,8,362815,3626193,39832492,476569460,,
2654,23784165,6343,8,362815,3626193,39832488,476569024,,
2655,23784516,6344,8,362815,3626193,39832493,476569542,,
2656,23784615,6346,8,362815,3626192,39832409,476565347,,
2657,23785146,6348,8,362815,3626192,39832405,476564901,,
2658,23785164,6349,8,362815,3626192,39832408,476565221,6161026238,
2659,23785416,6350,8,362815,3626193,39832491,476569327,6161184913,
2660,23785614,6352,8,362815,3626194,39832587,476574754,,
2661,23786145,6354,8,362815,3626194,39832583,476574281,,
2662,23786154,6355,8,362815,3626194,39832583,476574299,,
2663,23786415,6356,8,362815,3626193,39832498,476570040,6161227448,
2664,23786514,6358,8,362815,3626194,39832587,476574739,6161420569,
2665,23814576,6361,8,362815,3626194,39832587,476574762,6161423248,
2666,23814657,6362,8,362815,3626194,39832588,476574876,6161430898,
2667,23814675,6363,8,362815,3626193,39832502,476570463,6161253254,
2668,23814756,6364,8,362815,3626193,39832502,476570463,6161253173,
2669,23814765,6365,8,362815,3626194,39832587,476574790,,
2670,23815476,6367,8,362815,3626194,39832587,476574772,6161424786,
2671,23815647,6368,8,362815,3626193,39832501,476570281,,
2672,23815674,6369,8,362815,3626194,39832590,476575012,,
2673,23815746,6370,8,362815,3626193,39832501,476570326,6161243796,
2674,23815764,6371,8,362815,3626193,39832501,476570338,6161244848,85460332594
2675,23816457,6372,8,362815,3626193,39832501,476570313,,
2676,23816475,6373,8,362815,3626193,39832501,476570348,6161246303,
2677,23816547,6374,8,362815,3626194,39832587,476574781,6161425867,
2678,23816574,6375,8,362815,3626193,39832501,476570306,6161241272,
2679,23816745,6376,8,362815,3626194,39832590,476575071,,
2680,23816754,6377,8,362815,3626194,39832590,476575063,,
2681,23817456,6378,8,362815,3626194,39832590,476575040,,
2682,23817465,6379,8,362815,3626193,39832505,476570753,,
2683,23817546,6380,8,362815,3626193,39832505,476570755,6161270217,
2684,23817564,6381,8,362815,3626194,39832591,476575208,,
2685,23817645,6382,8,362815,3626194,39832590,476575096,,
2686,23817654,6383,8,362815,3626194,39832603,476576462,,
2687,23841576,6385,8,362815,3626193,39832498,476570074,,
2688,23841657,6386,8,362815,3626193,39832498,476570069,,
2689,23841675,6387,8,362815,3626193,39832494,476569638,6161203897,
2690,23841756,6388,8,362815,3626193,39832494,476569632,6161203297,
2691,23841765,6389,8,362815,3626193,39832499,476570184,,
2692,23845167,6390,4,362815,3626193,39832496,476569892,,
2693,23845176,6391,8,362815,3626193,39832493,476569557,,
2694,23845617,6392,8,362815,3626193,39832503,476570577,,
2695,23845716,6394,8,362815,3626192,39832409,476565374,,
2696,23846157,6396,8,362815,3626191,39832321,476560779,,
2697,23846175,6397,8,362815,3626191,39832317,476560349,,
2698,23846517,6398,8,362815,3626193,39832493,476569562,,
2699,23846715,6400,8,362815,3626192,39832406,476565062,,
2700,23847156,6402,8,362815,3626192,39832403,476564743,,
2701,23847165,6403,8,362815,3626192,39832407,476565184,,
2702,23847516,6404,8,362815,3626191,39832325,476561184,,
2703,23847615,6406,8,362815,3626192,39832407,476565167,,
2704,23851476,6409,8,362815,3626192,39832402,476564691,,
2705,23851647,6410,8,362815,3626191,39832315,476560160,6160814026,
2706,23851674,6411,8,362815,3626192,39832403,476564718,6160996610,
2707,23851746,6412,8,362815,3626191,39832313,476560011,,
2708,23851764,6413,8,362815,3626192,39832397,476564168,,
2709,23854167,6414,4,362815,3626193,39832491,476569354,,
2710,23854176,6415,8,362815,3626193,39832491,476569346,,
2711,23854617,6416,8,362815,3626193,39832493,476569538,,
2712,23854716,6418,8,362815,3626192,39832405,476564966,,
2713,23856147,6420,8,362815,3626192,39832398,476564233,,
2714,23856174,6421,8,362815,3626192,39832403,476564735,,
2715,23856417,6422,8,362815,3626193,39832490,476569225,6161179157,
2716,23856714,6424,8,362815,3626194,39832587,476574751,6161422183,
2717,23857146,6426,8,362815,3626191,39832318,476560460,6160831229,
2718,23857164,6427,8,362815,3626191,39832319,476560533,,
2719,23857416,6428,8,362815,3626191,39832324,476561075,,
2720,23857614,6430,8,362815,3626193,39832498,476570031,6161226587,
2721,23861457,6432,8,362815,3626192,39832402,476564611,,
2722,23861475,6433,8,362815,3626191,39832318,476560409,,
2723,23861547,6434,8,362815,3626192,39832403,476564720,,
2724,23861574,6435,8,362815,3626191,39832319,476560483,,
2725,23861745,6436,8,362815,3626192,39832408,476565236,6161027989,
2726,23861754,6437,8,362815,3626192,39832409,476565333,,
2727,23864157,6438,8,362815,3626191,39832318,476560464,,
2728,23864175,6439,8,362815,3626191,39832316,476560282,,
2729,23864517,6440,8,362815,3626193,39832490,476569233,,
2730,23864715,6442,8,362815,3626191,39832321,476560784,,
2731,23865147,6444,8,362815,3626192,39832402,476564625,,
2732,23865174,6445,8,362815,3626192,39832397,476564096,,
2733,23865417,6446,8,362815,3626193,39832500,476570259,,
2734,23865714,6448,8,362815,3626193,39832498,476570000,,
2735,23867145,6450,8,362815,3626194,39832583,476574293,6161392196,
2736,23867154,6451,8,362815,3626194,39832583,476574291,6161391973,
2737,23867415,6452,8,362815,3626193,39832498,476570052,6161229078,
2738,23867514,6454,8,362815,3626194,39832588,476574853,,
2739,23871456,6456,8,362815,3626194,39832585,476574518,,
2740,23871465,6457,8,362815,3626194,39832580,476573985,,
2741,23871546,6458,8,362815,3626194,39832580,476573990,6161374378,
2742,23871564,6459,8,362815,3626194,39832583,476574291,6161391953,
2743,23871645,6460,8,362815,3626194,39832583,476574293,6161392351,
2744,23871654,6461,8,362815,3626194,39832587,476574810,,
2745,23874156,6462,8,362815,3626193,39832492,476569476,,
2746,23874165,6463,8,362815,3626193,39832488,476569049,,
2747,23874516,6464,8,362815,3626193,39832493,476569547,,
2748,23874615,6466,8,362815,3626192,39832409,476565377,,
2749,23875146,6468,8,362815,3626192,39832407,476565138,,
2750,23875164,6469,8,362815,3626192,39832410,476565453,6161041537,
2751,23875416,6470,8,362815,3626193,39832493,476569573,,
2752,23875614,6472,8,362815,3626194,39832587,476574753,6161422451,
2753,23876145,6474,8,362815,3626194,39832585,476574528,,
2754,23876154,6475,8,362815,3626194,39832587,476574757,6161422919,
2755,23876415,6476,8,362815,3626193,39832503,476570600,6161263595,
2756,23876514,6478,8,362815,3626194,39832594,476575530,,
2757,24136857,6490,4,362815,3626194,39832606,476576751,,
2758,24136875,6491,8,362815,3626194,39832606,476576732,,
2759,24137586,6493,4,362815,3626194,39832606,476576750,6161545136,
2760,24137685,6495,8,362815,3626194,39832606,476576725,,
2761,24137856,6496,8,362815,3626195,39832691,476581012,,
2762,24137865,6497,8,362815,3626195,39832691,476581021,,
2763,24138576,6499,8,362815,3626194,39832606,476576734,6161543283,
2764,24138657,6500,8,362815,3626194,39832606,476576726,,
2765,24138675,6501,8,362815,3626195,39832692,476581135,,
2766,24138756,6502,8,362815,3626195,39832691,476581018,,
2767,24156837,6514,8,362815,3626191,39832323,476561025,6160868591,
2768,24156873,6515,8,362815,3626193,39832505,476570788,,
2769,24157386,6517,4,362815,3626190,39832239,476556906,,
2770,24157683,6519,8,362815,3626193,39832506,476570906,,
2771,24157836,6520,8,362815,3626191,39832321,476560837,,
2772,24157863,6521,8,362815,3626192,39832420,476566454,,
2773,24158376,6523,8,362815,3626191,39832326,476561417,,
2774,24158637,6524,8,362815,3626190,39832238,476556720,,
2775,24158673,6525,8,362815,3626192,39832420,476566480,,
2776,24158736,6526,8,362815,3626191,39832321,476560787,,
2777,24158763,6527,8,362815,3626193,39832505,476570789,,
2778,24163857,6532,4,362815,3626191,39832331,476561840,6160916702,
2779,24163875,6533,8,362815,3626191,39832331,476561892,,
2780,24165837,6538,8,362815,3626191,39832325,476561234,,
2781,24165873,6539,8,362815,3626193,39832505,476570801,6161275559,
2782,24167385,6541,8,362815,3626191,39832327,476561374,,
2783,24167583,6543,8,362815,3626192,39832416,476566052,,
2784,24167835,6544,8,362815,3626192,39832420,476566486,,
2785,24167853,6545,8,362815,3626193,39832505,476570752,,
2786,24168357,6546,8,362815,3626190,39832244,476557293,,
2787,24168375,6547,8,362815,3626190,39832235,476556426,,
2788,24168537,6548,8,362815,3626190,39832236,476556523,6160686419,
2789,24168573,6549,8,362815,3626192,39832416,476566065,6161078282,
2790,24168735,6550,8,362815,3626192,39832408,476565296,6161034564,
2791,24168753,6551,8,362815,3626192,39832420,476566449,,
2792,24173586,6553,8,362815,3626190,39832246,476557579,,
2793,24173685,6555,8,362815,3626190,39832244,476557335,,
2794,24173856,6556,8,362815,3626191,39832333,476562008,,
2795,24173865,6557,8,362815,3626191,39832329,476561632,,
2796,24175386,6559,8,362815,3626190,39832240,476556989,,
2797,24175683,6561,8,362815,3626192,39832416,476566018,,
2798,24175836,6562,8,362815,3626190,39832236,476556521,,
2799,24175863,6563,8,362815,3626192,39832416,476566053,,
2800,24176385,6565,8,362815,3626191,39832315,476560243,,
2801,24176583,6567,8,362815,3626193,39832505,476570770,,
2802,24176835,6568,8,362815,3626192,39832408,476565268,6161031542,
2803,24176853,6569,8,362815,3626192,39832420,476566445,,
2804,24178356,6570,8,362815,3626192,39832410,476565517,6161048694,
2805,24178365,6571,8,362815,3626192,39832408,476565281,6161033194,
2806,24178536,6572,8,362815,3626191,39832327,476561335,,
2807,24178563,6573,8,362815,3626193,39832505,476570766,,
2808,24178635,6574,8,362815,3626192,39832416,476566014,,
2809,24178653,6575,8,362815,3626193,39832505,476570782,,
2810,24183576,6577,8,362815,3626192,39832414,476565938,,
2811,24183657,6578,8,362815,3626192,39832414,476565946,6161075543,
2812,24183675,6579,8,362815,3626192,39832414,476565903,,
2813,24183756,6580,8,362815,3626192,39832414,476565899,,
2814,24183765,6581,8,362815,3626192,39832421,476566673,,
2815,24185376,6583,8,362815,3626191,39832322,476560934,,
2816,24185637,6584,8,362815,3626191,39832321,476560753,,
2817,24185673,6585,8,362815,3626193,39832505,476570736,,
2818,24185736,6586,8,362815,3626190,39832240,476556908,,
2819,24185763,6587,8,362815,3626192,39832416,476566054,,
2820,24186357,6588,8,362815,3626190,39832242,476557087,,
2821,24186375,6589,8,362815,3626190,39832243,476557201,,
2822,24186537,6590,8,362815,3626191,39832321,476560803,,
2823,24186573,6591,8,362815,3626192,39832416,476566022,,
2824,24186735,6592,8,362815,3626192,39832416,476566065,6161078194,
2825,24186753,6593,8,362815,3626193,39832506,476570891,,
2826,24187356,6594,8,362815,3626192,39832410,476565487,6161045326,
2827,24187365,6595,8,362815,3626192,39832408,476565304,,
2828,24187536,6596,8,362815,3626191,39832327,476561397,,
2829,24187563,6597,8,362815,3626193,39832505,476570761,,
2830,24187635,6598,8,362815,3626192,39832416,476566107,6161082869,
2831,24187653,6599,8,362815,3626193,39832516,476571971,,
2832,24316875,6611,8,362815,3626194,39832606,476576710,,
2833,24317685,6615,4,362815,3626194,39832606,476576706,,
2834,24317856,6616,8,362815,3626195,39832691,476580996,6161708813,
2835,24317865,6617,8,362815,3626195,39832691,476581004,6161709671,
2836,24318576,6619,8,362815,3626194,39832606,476576712,,
2837,24318657,6620,4,362815,3626194,39832606,476576707,,
2838,24318675,6621,8,362815,3626195,39832692,476581113,,
2839,24318756,6622,8,362815,3626195,39832691,476581001,,
2840,24356817,6634,8,362815,3626194,39832599,476576013,,
2841,24357816,6640,8,362815,3626194,39832591,476575192,,
2842,24358176,6643,8,362815,3626194,39832592,476575290,6161456369,
2843,24358617,6644,8,362815,3626193,39832510,476571308,,
2844,24358716,6646,8,362815,3626194,39832593,476575364,,
2845,24361875,6653,8,362815,3626193,39832497,476570014,6161230724,
2846,24365817,6658,8,362815,3626194,39832601,476576236,6161513894,
2847,24367185,6661,8,362815,3626193,39832498,476570050,,
2848,24367815,6664,8,362815,3626194,39832590,476575058,,
2849,24368157,6666,8,362815,3626192,39832410,476565469,6161043555,
2850,24368175,6667,8,362815,3626192,39832412,476565623,,
2851,24368517,6668,8,362815,3626192,39832418,476566312,,
2852,24368715,6670,8,362815,3626194,39832586,476574616,6161412481,
2853,24371586,6673,8,362815,3626192,39832410,476565549,,
2854,24371685,6675,8,362815,3626192,39832412,476565701,,
2855,24371856,6676,8,362815,3626193,39832498,476570056,6161229785,
2856,24371865,6677,8,362815,3626193,39832498,476570063,,
2857,24375186,6679,8,362815,3626192,39832414,476565920,,
2858,24375816,6682,8,362815,3626192,39832418,476566300,,
2859,24376185,6685,8,362815,3626193,39832494,476569654,,
2860,24376815,6688,8,362815,3626194,39832586,476574643,6161415396,
2861,24378156,6690,8,362815,3626194,39832583,476574302,,
2862,24378165,6691,8,362815,3626194,39832583,476574313,,
2863,24378516,6692,8,362815,3626193,39832498,476570039,6161227461,
2864,24378615,6694,8,362815,3626194,39832586,476574607,6161411417,
2865,24381576,6697,8,362815,3626194,39832582,476574257,,
2866,24381657,6698,4,362815,3626194,39832582,476574273,,
2867,24381675,6699,8,362815,3626194,39832586,476574650,,
2868,24381756,6700,8,362815,3626194,39832586,476574665,,
2869,24381765,6701,8,362815,3626194,39832595,476575632,,
2870,24385176,6703,8,362815,3626193,39832494,476569675,,
2871,24385617,6704,8,362815,3626193,39832499,476570176,,
2872,24385716,6706,8,362815,3626192,39832416,476566045,,
2873,24386157,6708,8,362815,3626192,39832410,476565427,,
2874,24386175,6709,8,362815,3626192,39832414,476565809,,
2875,24386517,6710,8,362815,3626193,39832499,476570193,,
2876,24386715,6712,8,362815,3626194,39832586,476574609,6161411675,
2877,24387156,6714,8,362815,3626194,39832583,476574295,,
2878,24387165,6715,8,362815,3626194,39832585,476574556,6161411357,
2879,24387516,6716,8,362815,3626193,39832502,476570457,,
2880,24387615,6718,8,362815,3626194,39832592,476575257,,
2881,24516837,6730,8,362815,3626191,39832323,476560976,,
2882,24516873,6731,8,362815,3626193,39832498,476570072,,
2883,24517836,6736,8,362815,3626192,39832403,476564774,,
2884,24517863,6737,8,362815,3626193,39832495,476569729,,
2885,24518376,6739,8,362815,3626192,39832406,476565120,6161026187,
2886,24518637,6740,8,362815,3626191,39832320,476560645,,
2887,24518673,6741,8,362815,3626193,39832495,476569740,,
2888,24518736,6742,8,362815,3626192,39832402,476564652,,
2889,24518763,6743,8,362815,3626193,39832499,476570191,,
2890,24536817,6754,8,362815,3626192,39832428,476567275,,
2891,24537816,6760,8,362815,3626193,39832501,476570321,6161243005,
2892,24538176,6763,8,362815,3626193,39832503,476570597,,
2893,24538617,6764,8,362815,3626192,39832416,476566067,,
2894,24538716,6766,8,362815,3626193,39832501,476570338,6161244919,
2895,24561837,6772,8,362815,3626192,39832414,476565849,6161064320,
2896,24561873,6773,8,362815,3626193,39832502,476570463,6161253348,
2897,24563817,6778,8,362815,3626193,39832499,476570205,,
2898,24567183,6781,4,362815,3626194,39832598,476575930,6161495382,
2899,24567813,6784,8,362815,3626195,39832695,476581477,,
2900,24568137,6786,8,362815,3626192,39832412,476565666,,
2901,24568173,6787,8,362815,3626192,39832414,476565882,,
2902,24568317,6788,8,362815,3626192,39832411,476565561,,
2903,24568713,6790,8,362815,3626194,39832601,476576236,6161513838,
2904,24571386,6793,8,362815,3626191,39832318,476560488,,
2905,24571683,6795,8,362815,3626191,39832322,476560858,,
2906,24571836,6796,8,362815,3626191,39832317,476560367,,
2907,24571863,6797,8,362815,3626191,39832317,476560353,,
2908,24573186,6799,8,362815,3626191,39832318,476560493,6160835056,
2909,24573816,6802,8,362815,3626191,39832314,476560075,,
2910,24576183,6805,8,362815,3626193,39832501,476570381,,
2911,24576813,6808,8,362815,3626194,39832600,476576133,,
2912,24578136,6810,8,362815,3626192,39832408,476565290,6161033660,
2913,24578163,6811,8,362815,3626192,39832403,476564786,,
2914,24578316,6812,8,362815,3626192,39832404,476564873,,
2915,24578613,6814,8,362815,3626193,39832508,476571135,,
2916,24581376,6817,8,362815,3626192,39832402,476564656,6160995266,
2917,24581637,6818,8,362815,3626191,39832307,476559333,,
2918,24581673,6819,8,362815,3626192,39832399,476564318,,
2919,24581736,6820,8,362815,3626191,39832310,476559612,,
2920,24581763,6821,8,362815,3626192,39832402,476564648,,
2921,24583176,6823,8,362815,3626192,39832402,476564640,,
2922,24583617,6824,8,362815,3626191,39832308,476559523,,
2923,24583716,6826,8,362815,3626191,39832313,476560005,,
2924,24586137,6828,8,362815,3626191,39832320,476560658,6160842375,
2925,24586173,6829,8,362815,3626191,39832326,476561276,,
2926,24586317,6830,8,362815,3626191,39832320,476560676,6160844601,
2927,24586713,6832,8,362815,3626193,39832510,476571343,6161309283,
2928,24587136,6834,8,362815,3626192,39832402,476564647,6160993698,
2929,24587163,6835,8,362815,3626192,39832404,476564851,,
2930,24587316,6836,8,362815,3626192,39832402,476564586,,
2931,24587613,6838,8,362815,3626194,39832596,476575697,,
2932,24613875,6845,8,362815,3626191,39832323,476561057,,
2933,24615837,6850,8,362815,3626190,39832226,476555541,,
2934,24615873,6851,8,362815,3626191,39832319,476560589,,
2935,24617385,6853,4,362815,3626191,39832320,476560636,,
2936,24617583,6855,8,362815,3626190,39832230,476555897,,
2937,24617835,6856,8,362815,3626191,39832323,476560969,,
2938,24617853,6857,8,362815,3626191,39832319,476560563,6160837285,
2939,24618357,6858,4,362815,3626191,39832319,476560563,6160837143,
2940,24618375,6859,8,362815,3626190,39832228,476555697,,
2941,24618537,6860,8,362815,3626190,39832220,476554897,,
2942,24618573,6861,8,362815,3626190,39832230,476555889,6160646832,
2943,24618735,6862,8,362815,3626191,39832319,476560558,,
2944,24618753,6863,8,362815,3626191,39832319,476560576,,
2945,24631875,6869,8,362815,3626191,39832325,476561225,,
2946,24635817,6874,8,362815,3626192,39832418,476566325,,
2947,24637815,6880,8,362815,3626191,39832319,476560549,6160835981,
2948,24638157,6882,8,362815,3626190,39832230,476555847,,
2949,24638175,6883,8,362815,3626190,39832232,476556054,,
2950,24638517,6884,8,362815,3626190,39832240,476556901,,
2951,24638715,6886,8,362815,3626191,39832319,476560521,,
2952,24651837,6892,8,362815,3626192,39832400,476564466,,
2953,24651873,6893,8,362815,3626193,39832495,476569739,,
2954,24653817,6898,8,362815,3626192,39832418,476566299,,
2955,24657183,6901,4,362815,3626193,39832506,476570876,,
2956,24657813,6904,8,362815,3626194,39832600,476576127,,
2957,24658137,6906,8,362815,3626192,39832404,476564846,6161005584,
2958,24658173,6907,8,362815,3626192,39832410,476565450,,
2959,24658317,6908,8,362815,3626192,39832404,476564845,,
2960,24658713,6910,8,362815,3626194,39832599,476576026,,
2961,24671385,6913,8,362815,3626191,39832320,476560655,,
2962,24671583,6915,8,362815,3626191,39832310,476559681,,
2963,24671835,6916,8,362815,3626192,39832412,476565658,6161053328,
2964,24671853,6917,8,362815,3626191,39832320,476560676,6160844387,
2965,24673185,6919,8,362815,3626191,39832317,476560356,,
2966,24673815,6922,8,362815,3626191,39832316,476560271,,
2967,24675183,6925,8,362815,3626192,39832410,476565444,,
2968,24675813,6928,8,362815,3626192,39832428,476567316,,
2969,24678135,6930,8,362815,3626193,39832509,476571190,,
2970,24678153,6931,8,362815,3626192,39832416,476566092,6161080823,
2971,24678315,6932,8,362815,3626192,39832419,476566380,,
2972,24678513,6934,8,362815,3626193,39832508,476571145,,
2973,24681357,6936,4,362815,3626191,39832327,476561356,,
2974,24681375,6937,8,362815,3626190,39832228,476555669,6160632920,
2975,24681537,6938,8,362815,3626190,39832226,476555450,,
2976,24681573,6939,8,362815,3626190,39832226,476555457,6160619906,
2977,24681735,6940,8,362815,3626190,39832235,476556337,,
2978,24681753,6941,8,362815,3626190,39832234,476556232,,
2979,24683157,6942,8,362815,3626190,39832234,476556255,,
2980,24683175,6943,8,362815,3626190,39832226,476555415,,
2981,24683517,6944,8,362815,3626190,39832234,476556301,,
2982,24683715,6946,8,362815,3626190,39832224,476555275,6160610595,
2983,24685137,6948,8,362815,3626190,39832232,476556046,6160653717,
2984,24685173,6949,8,362815,3626190,39832238,476556652,,
2985,24685317,6950,8,362815,3626190,39832236,476556468,,
2986,24685713,6952,8,362815,3626192,39832426,476567112,,
2987,24687135,6954,8,362815,3626192,39832418,476566265,,
2988,24687153,6955,8,362815,3626192,39832406,476565054,6161018107,
2989,24687315,6956,8,362815,3626192,39832406,476565060,,
2990,24687513,6958,8,362815,3626192,39832422,476566712,,
2991,24713586,6961,8,362815,3626190,39832235,476556417,,
2992,24713685,6963,8,362815,3626190,39832231,476556001,,
2993,24713856,6964,8,362815,3626191,39832314,476560109,,
2994,24713865,6965,8,362815,3626191,39832314,476560092,6160811753,
2995,24715386,6967,8,362815,3626190,39832221,476555050,,
2996,24715683,6969,8,362815,3626191,39832308,476559425,,
2997,24715836,6970,8,362815,3626190,39832211,476554056,,
2998,24715863,6971,8,362815,3626190,39832224,476555276,,
2999,24716385,6973,8,362815,3626190,39832217,476554603,,
3000,24716583,6975,8,362815,3626191,39832314,476560048,,
3001,24716835,6976,8,362815,3626190,39832226,476555435,,
3002,24716853,6977,8,362815,3626190,39832230,476555849,6160642607,
3003,24718356,6978,8,362815,3626191,39832317,476560385,,
3004,24718365,6979,8,362815,3626191,39832314,476560060,6160807752,
3005,24718536,6980,8,362815,3626190,39832223,476555134,,
3006,24718563,6981,8,362815,3626191,39832316,476560228,,
3007,24718635,6982,8,362815,3626190,39832231,476555899,,
3008,24718653,6983,8,362815,3626191,39832316,476560259,,
3009,24731586,6985,8,362815,3626190,39832232,476556081,,
3010,24731685,6987,8,362815,3626190,39832230,476555849,6160642814,
3011,24731856,6988,8,362815,3626191,39832316,476560254,,
3012,24731865,6989,8,362815,3626191,39832316,476560256,,
3013,24735186,6991,8,362815,3626190,39832234,476556329,,
3014,24735816,6994,8,362815,3626190,39832228,476555743,,
3015,24736185,6997,8,362815,3626190,39832224,476555279,,
3016,24736815,7000,8,362815,3626190,39832232,476556065,,
3017,24738156,7002,8,362815,3626191,39832312,476559821,,
3018,24738165,7003,8,362815,3626191,39832312,476559834,,
3019,24738516,7004,8,362815,3626190,39832226,476555501,,
3020,24738615,7006,8,362815,3626190,39832232,476556037,,
3021,24751386,7009,8,362815,3626190,39832232,476556073,6160657238,
3022,24751683,7011,8,362815,3626190,39832230,476555819,,
3023,24751836,7012,8,362815,3626190,39832222,476555041,,
3024,24751863,7013,8,362815,3626190,39832230,476555853,6160642824,
3025,24753186,7015,8,362815,3626190,39832236,476556511,,
3026,24753816,7018,8,362815,3626190,39832228,476555703,,
3027,24756183,7021,8,362815,3626192,39832409,476565344,,
3028,24756813,7024,8,362815,3626192,39832425,476567004,,
3029,24758136,7026,8,362815,3626190,39832235,476556356,,
3030,24758163,7027,8,362815,3626190,39832234,476556285,,
3031,24758316,7028,8,362815,3626190,39832232,476556044,,
3032,24758613,7030,8,362815,3626192,39832426,476567129,,
3033,24761385,7033,8,362815,3626191,39832309,476559530,,
3034,24761583,7035,8,362815,3626191,39832314,476560000,,
3035,24761835,7036,8,362815,3626191,39832317,476560332,,
3036,24761853,7037,8,362815,3626191,39832312,476559825,,
3037,24763185,7039,8,362815,3626191,39832310,476559629,,
3038,24763815,7042,8,362815,3626191,39832309,476559519,,
3039,24765183,7045,8,362815,3626193,39832497,476569939,,
3040,24765813,7048,8,362815,3626194,39832595,476575602,,
3041,24768135,7050,8,362815,3626192,39832415,476565961,,
3042,24768153,7051,8,362815,3626192,39832406,476565047,6161017307,
3043,24768315,7052,8,362815,3626192,39832406,476565030,,
3044,24768513,7054,8,362815,3626192,39832422,476566713,,
3045,24781356,7056,8,362815,3626192,39832407,476565172,6161025983,
3046,24781365,7057,8,362815,3626192,39832405,476564937,,
3047,24781536,7058,8,362815,3626191,39832315,476560120,,
3048,24781563,7059,8,362815,3626192,39832401,476564508,,
3049,24781635,7060,8,362815,3626191,39832317,476560311,,
3050,24781653,7061,8,362815,3626192,39832403,476564730,,
3051,24783156,7062,8,362815,3626192,39832400,476564445,,
3052,24783165,7063,8,362815,3626192,39832400,476564435,,
3053,24783516,7064,8,362815,3626191,39832312,476559874,,
3054,24783615,7066,8,362815,3626191,39832312,476559871,,
3055,24785136,7068,8,362815,3626191,39832312,476559865,,
3056,24785163,7069,8,362815,3626191,39832314,476560097,,
3057,24785316,7070,8,362815,3626191,39832314,476560059,,
3058,24785613,7072,8,362815,3626193,39832505,476570825,,
3059,24786135,7074,8,362815,3626192,39832408,476565266,,
3060,24786153,7075,8,362815,3626192,39832406,476565034,,
3061,24786315,7076,8,362815,3626192,39832402,476564623,6160991345,
3062,24786513,7078,8,362815,3626193,39832506,476570896,,
3063,24813576,7081,8,362815,3626192,39832410,476565469,6161043434,
3064,24813675,7083,8,362815,3626192,39832406,476565061,,
3065,24813756,7084,8,362815,3626192,39832406,476565067,,
3066,24813765,7085,8,362815,3626192,39832414,476565907,6161071214,
3067,24815376,7087,8,362815,3626191,39832315,476560170,,
3068,24815637,7088,8,362815,3626191,39832307,476559298,,
3069,24815673,7089,8,362815,3626192,39832405,476564890,,
3070,24815736,7090,8,362815,3626190,39832225,476555332,,
3071,24815763,7091,8,362815,3626192,39832396,476563999,,
3072,24816375,7093,8,362815,3626190,39832227,476555568,,
3073,24816537,7094,8,362815,3626191,39832311,476559731,,
3074,24816573,7095,8,362815,3626192,39832396,476563991,6160952340,
3075,24816735,7096,8,362815,3626191,39832316,476560229,6160815984,
3076,24816753,7097,8,362815,3626192,39832404,476564828,,
3077,24817356,7098,8,362815,3626191,39832315,476560129,,
3078,24817365,7099,8,362815,3626191,39832313,476559987,,
3079,24817536,7100,8,362815,3626190,39832230,476555831,,
3080,24817563,7101,8,362815,3626192,39832404,476564829,,
3081,24817635,7102,8,362815,3626191,39832315,476560162,,
3082,24817653,7103,8,362815,3626192,39832415,476566007,,
3083,24831576,7105,8,362815,3626192,39832410,476565413,,
3084,24831675,7107,8,362815,3626192,39832408,476565195,,
3085,24831756,7108,8,362815,3626192,39832408,476565203,,
3086,24831765,7109,8,362815,3626192,39832413,476565793,,
3087,24835176,7111,8,362815,3626191,39832321,476560726,,
3088,24835617,7112,8,362815,3626191,39832321,476560783,,
3089,24835716,7114,8,362815,3626190,39832234,476556266,,
3090,24836157,7116,4,362815,3626190,39832230,476555871,6160645209,
3091,24836175,7117,8,362815,3626190,39832228,476555622,6160627931,
3092,24836517,7118,8,362815,3626191,39832321,476560762,,
3093,24836715,7120,8,362815,3626191,39832315,476560144,,
3094,24837156,7122,8,362815,3626191,39832316,476560238,6160817095,
3095,24837165,7123,8,362815,3626191,39832325,476561179,,
3096,24837516,7124,8,362815,3626190,39832236,476556443,,
3097,24837615,7126,8,362815,3626191,39832321,476560761,,
3098,24851376,7129,8,362815,3626191,39832314,476560034,,
3099,24851637,7130,8,362815,3626190,39832226,476555424,,
3100,24851673,7131,8,362815,3626191,39832312,476559833,6160792871,
3101,24851736,7132,8,362815,3626190,39832216,476554465,,
3102,24851763,7133,8,362815,3626191,39832309,476559526,,
3103,24853176,7135,8,362815,3626191,39832318,476560444,,
3104,24853617,7136,8,362815,3626190,39832230,476555876,6160645556,
3105,24853716,7138,8,362815,3626190,39832224,476555275,6160610422,
3106,24856137,7140,8,362815,3626191,39832315,476560132,,
3107,24856173,7141,8,362815,3626191,39832318,476560471,,
3108,24856317,7142,8,362815,3626191,39832317,476560339,,
3109,24856713,7144,8,362815,3626193,39832507,476571041,6161291529,
3110,24857136,7146,8,362815,3626190,39832229,476555752,,
3111,24857163,7147,8,362815,3626190,39832232,476556052,,
3112,24857316,7148,8,362815,3626190,39832228,476555642,,
3113,24857613,7150,8,362815,3626192,39832422,476566703,,
3114,24861375,7153,8,362815,3626190,39832220,476554871,,
3115,24861537,7154,8,362815,3626190,39832220,476554836,,
3116,24861573,7155,8,362815,3626190,39832224,476555187,,
3117,24861735,7156,8,362815,3626190,39832230,476555871,6160644722,
3118,24861753,7157,8,362815,3626190,39832232,476556030,,
3119,24863157,7158,4,362815,3626190,39832222,476555083,6160599286,
3120,24863175,7159,8,362815,3626190,39832221,476554943,,
3121,24863517,7160,8,362815,3626190,39832230,476555878,,
3122,24863715,7162,8,362815,3626190,39832219,476554782,,
3123,24865137,7164,8,362815,3626191,39832315,476560117,,
3124,24865173,7165,8,362815,3626191,39832313,476559943,,
3125,24865317,7166,8,362815,3626191,39832318,476560472,,
3126,24865713,7168,8,362815,3626192,39832420,476566496,,
3127,24867135,7170,8,362815,3626192,39832410,476565475,,
3128,24867153,7171,8,362815,3626192,39832406,476565037,,
3129,24867315,7172,8,362815,3626192,39832402,476564647,6160994077,
3130,24867513,7174,8,362815,3626193,39832508,476571096,,
3131,24871356,7176,8,362815,3626192,39832403,476564736,6160998456,
3132,24871365,7177,8,362815,3626192,39832402,476564615,6160990327,
3133,24871536,7178,8,362815,3626191,39832313,476559903,,
3134,24871563,7179,8,362815,3626192,39832401,476564476,,
3135,24871635,7180,8,362815,3626191,39832316,476560209,,
3136,24871653,7181,8,362815,3626192,39832405,476564973,6161014270,
3137,24873156,7182,8,362815,3626192,39832400,476564377,,
3138,24873165,7183,8,362815,3626192,39832400,476564387,,
3139,24873516,7184,8,362815,3626191,39832310,476559654,,
3140,24873615,7186,8,362815,3626191,39832310,476559691,,
3141,24875136,7188,8,362815,3626191,39832314,476560067,,
3142,24875163,7189,8,362815,3626191,39832318,476560478,,
3143,24875316,7190,8,362815,3626191,39832318,476560460,6160831253,
3144,24875613,7192,8,362815,3626193,39832506,476570903,,
3145,24876135,7194,8,362815,3626192,39832411,476565575,6161049737,
3146,24876153,7195,8,362815,3626192,39832413,476565754,,
3147,24876315,7196,8,362815,3626192,39832407,476565131,,
3148,24876513,7198,8,362815,3626194,39832597,476575817,6161488424,
3149,25136847,7210,4,362815,3626190,39832239,476556964,,
3150,25136874,7211,8,362815,3626192,39832410,476565523,,
3151,25137846,7216,8,362815,3626191,39832326,476561346,6160888467,
3152,25137864,7217,8,362815,3626192,39832414,476565937,,
3153,25138476,7219,8,362815,3626191,39832325,476561298,,
3154,25138647,7220,8,362815,3626190,39832240,476556990,,
3155,25138674,7221,8,362815,3626192,39832414,476565909,6161071951,
3156,25138746,7222,8,362815,3626191,39832326,476561325,6160886269,
3157,25138764,7223,8,362815,3626192,39832427,476567274,,
3158,25146837,7234,8,362815,3626190,39832236,476556553,,
3159,25146873,7235,8,362815,3626192,39832414,476565898,,
3160,25147836,7240,8,362815,3626191,39832317,476560435,,
3161,25147863,7241,8,362815,3626192,39832406,476565084,6161022110,
3162,25148376,7243,8,362815,3626191,39832332,476561993,,
3163,25148637,7244,8,362815,3626190,39832228,476555734,,
3164,25148673,7245,8,362815,3626192,39832406,476565088,,
3165,25148736,7246,8,362815,3626191,39832314,476560163,,
3166,25148763,7247,8,362815,3626192,39832415,476566013,,
3167,25163847,7252,4,362815,3626190,39832226,476555621,,
3168,25163874,7253,8,362815,3626191,39832314,476560144,,
3169,25164837,7258,8,362815,3626190,39832234,476556332,6160676071,
3170,25164873,7259,8,362815,3626191,39832322,476560902,6160859761,
3171,25167834,7264,8,362815,3626193,39832501,476570387,,
3172,25167843,7265,8,362815,3626193,39832501,476570377,,
3173,25168347,7266,8,362815,3626191,39832311,476559775,,
3174,25168374,7267,8,362815,3626190,39832228,476555659,,
3175,25168437,7268,8,362815,3626191,39832309,476559561,,
3176,25168473,7269,8,362815,3626190,39832232,476556075,,
3177,25168734,7270,8,362815,3626193,39832494,476569632,6161203509,
3178,25168743,7271,8,362815,3626193,39832494,476569637,6161203938,
3179,25173486,7273,4,362815,3626191,39832306,476559435,,
3180,25173684,7275,8,362815,3626190,39832221,476555033,,
3181,25173846,7276,8,362815,3626190,39832235,476556380,6160675306,
3182,25173864,7277,8,362815,3626190,39832226,476555509,,
3183,25174386,7279,4,362815,3626191,39832310,476559772,,
3184,25174683,7281,8,362815,3626190,39832235,476556406,,
3185,25174836,7282,8,362815,3626190,39832222,476555116,,
3186,25174863,7283,8,362815,3626190,39832232,476556127,,
3187,25176384,7285,8,362815,3626191,39832311,476559778,6160792735,
3188,25176483,7287,8,362815,3626191,39832317,476560376,6160827571,
3189,25176834,7288,8,362815,3626193,39832494,476569628,,
3190,25176843,7289,8,362815,3626193,39832494,476569637,6161204152,
3191,25178346,7290,8,362815,3626192,39832404,476564891,6161010526,
3192,25178364,7291,8,362815,3626191,39832315,476560119,,
3193,25178436,7292,8,362815,3626192,39832398,476564235,6160969446,
3194,25178463,7293,8,362815,3626191,39832321,476560790,,
3195,25178634,7294,8,362815,3626193,39832494,476569616,,
3196,25178643,7295,8,362815,3626193,39832494,476569638,6161204131,
3197,25183476,7297,8,362815,3626192,39832398,476564318,,
3198,25183647,7298,8,362815,3626190,39832230,476555889,6160647706,
3199,25183674,7299,8,362815,3626191,39832309,476559559,,
3200,25183746,7300,8,362815,3626190,39832226,476555495,,
3201,25183764,7301,8,362815,3626191,39832316,476560321,,
3202,25184376,7303,8,362815,3626192,39832402,476564693,,
3203,25184637,7304,8,362815,3626190,39832224,476555278,,
3204,25184673,7305,8,362815,3626191,39832314,476560103,,
3205,25184736,7306,8,362815,3626190,39832230,476555908,6160649596,
3206,25184763,7307,8,362815,3626191,39832311,476559826,6160798250,
3207,25186347,7308,8,362815,3626191,39832309,476559570,6160779931,
3208,25186374,7309,8,362815,3626190,39832228,476555668,,
3209,25186437,7310,8,362815,3626191,39832313,476559949,,
3210,25186473,7311,8,362815,3626190,39832230,476555850,,
3211,25186734,7312,8,362815,3626193,39832494,476569645,,
3212,25186743,7313,8,362815,3626193,39832494,476569637,6161203886,
3213,25187346,7314,8,362815,3626192,39832402,476564657,6160995054,
3214,25187364,7315,8,362815,3626191,39832315,476560128,6160810584,
3215,25187436,7316,8,362815,3626192,39832398,476564218,,
3216,25187463,7317,8,362815,3626191,39832319,476560587,,
3217,25187634,7318,8,362815,3626193,39832498,476570060,,
3218,25187643,7319,8,362815,3626193,39832500,476570304,,
3219,25316874,7331,8,362815,3626192,39832412,476565670,,
3220,25317846,7336,8,362815,3626191,39832327,476561389,,
3221,25317864,7337,8,362815,3626192,39832416,476566092,6161081174,
3222,25318476,7339,8,362815,3626191,39832323,476561051,6160871549,
3223,25318647,7340,4,362815,3626190,39832243,476557224,,
3224,25318674,7341,8,362815,3626192,39832416,476566064,6161078146,
3225,25318746,7342,8,362815,3626191,39832327,476561386,6160887131,
3226,25318764,7343,8,362815,3626192,39832426,476567157,,
3227,25346817,7354,8,362815,3626192,39832428,476567250,,
3228,25347816,7360,8,362815,3626193,39832501,476570299,,
3229,25348176,7363,8,362815,3626193,39832501,476570378,6161249730,
3230,25348617,7364,8,362815,3626192,39832416,476566047,6161075777,
3231,25348716,7366,8,362815,3626193,39832501,476570321,6161242846,
3232,25361874,7373,8,362815,3626191,39832321,476560744,,
3233,25364817,7378,8,362815,3626192,39832418,476566324,,
3234,25367814,7384,8,362815,3626192,39832415,476565992,,
3235,25368147,7386,8,362815,3626190,39832228,476555661,,
3236,25368174,7387,8,362815,3626190,39832234,476556196,,
3237,25368417,7388,8,362815,3626190,39832232,476556112,,
3238,25368714,7390,8,362815,3626192,39832412,476565637,,
3239,25371684,7395,4,362815,3626190,39832227,476555615,,
3240,25371846,7396,8,362815,3626190,39832226,476555503,,
3241,25371864,7397,8,362815,3626190,39832232,476556049,,
3242,25374816,7402,8,362815,3626190,39832235,476556380,6160675309,
3243,25376184,7405,8,362815,3626191,39832321,476560730,,
3244,25376814,7408,8,362815,3626192,39832414,476565860,,
3245,25378146,7410,8,362815,3626191,39832314,476560032,,
3246,25378164,7411,8,362815,3626191,39832317,476560328,,
3247,25378416,7412,8,362815,3626191,39832308,476559494,,
3248,25378614,7414,8,362815,3626192,39832404,476564862,,
3249,25381476,7417,8,362815,3626191,39832311,476559772,,
3250,25381647,7418,4,362815,3626190,39832227,476555587,,
3251,25381674,7419,8,362815,3626191,39832315,476560113,6160808499,
3252,25381746,7420,8,362815,3626190,39832230,476555837,6160641474,
3253,25381764,7421,8,362815,3626191,39832326,476561306,,
3254,25384176,7423,8,362815,3626191,39832315,476560183,,
3255,25384617,7424,8,362815,3626190,39832232,476556078,,
3256,25384716,7426,8,362815,3626190,39832232,476556069,,
3257,25386147,7428,8,362815,3626190,39832221,476554967,,
3258,25386174,7429,8,362815,3626190,39832227,476555533,,
3259,25386417,7430,8,362815,3626190,39832232,476556116,,
3260,25386714,7432,8,362815,3626192,39832404,476564849,,
3261,25387146,7434,8,362815,3626191,39832313,476559895,,
3262,25387164,7435,8,362815,3626191,39832319,476560554,,
3263,25387416,7436,8,362815,3626191,39832310,476559666,6160785424,
3264,25387614,7438,8,362815,3626192,39832414,476565886,,
3265,25416837,7450,8,362815,3626191,39832316,476560253,,
3266,25416873,7451,8,362815,3626193,39832494,476569623,,
3267,25417836,7456,8,362815,3626192,39832398,476564235,6160969325,
3268,25417863,7457,8,362815,3626193,39832491,476569334,,
3269,25418376,7459,8,362815,3626192,39832400,476564554,,
3270,25418637,7460,8,362815,3626191,39832313,476559950,6160800949,
3271,25418673,7461,8,362815,3626193,39832491,476569326,,
3272,25418736,7462,8,362815,3626192,39832399,476564344,,
3273,25418763,7463,8,362815,3626193,39832496,476569899,6161222650,
3274,25436817,7474,8,362815,3626194,39832599,476575984,,
3275,25437816,7480,8,362815,3626194,39832590,476575069,,
3276,25438176,7483,8,362815,3626194,39832594,476575518,,
3277,25438617,7484,8,362815,3626193,39832509,476571174,,
3278,25438716,7486,8,362815,3626194,39832592,476575289,,
3279,25461837,7492,8,362815,3626192,39832400,476564436,,
3280,25461873,7493,8,362815,3626193,39832493,476569524,,
3281,25463817,7498,8,362815,3626192,39832416,476566099,,
3282,25467813,7504,8,362815,3626194,39832598,476575933,,
3283,25468137,7506,8,362815,3626192,39832404,476564804,,
3284,25468173,7507,8,362815,3626192,39832408,476565213,,
3285,25468317,7508,8,362815,3626192,39832404,476564820,6161002704,
3286,25468713,7510,8,362815,3626194,39832594,476575486,,
3287,25471836,7516,8,362815,3626191,39832311,476559733,,
3288,25471863,7517,8,362815,3626191,39832316,476560194,,
3289,25473816,7522,8,362815,3626191,39832313,476559992,,
3290,25476183,7525,4,362815,3626193,39832501,476570356,,
3291,25476813,7528,8,362815,3626194,39832599,476576014,6161499664,
3292,25478136,7530,8,362815,3626192,39832403,476564731,,
3293,25478163,7531,8,362815,3626192,39832401,476564524,6160985312,
3294,25478316,7532,8,362815,3626192,39832401,476564524,6160985444,
3295,25478613,7534,8,362815,3626193,39832505,476570794,6161274437,
3296,25481376,7537,8,362815,3626192,39832400,476564470,,
3297,25481637,7538,8,362815,3626191,39832304,476558992,,
3298,25481673,7539,8,362815,3626192,39832398,476564174,6160961920,
3299,25481736,7540,8,362815,3626191,39832309,476559521,,
3300,25481763,7541,8,362815,3626192,39832403,476564736,6160998528,
3301,25483176,7543,8,362815,3626192,39832405,476564957,,
3302,25483617,7544,8,362815,3626191,39832318,476560485,,
3303,25483716,7546,8,362815,3626191,39832324,476561093,,
3304,25486137,7548,8,362815,3626191,39832315,476560108,6160807706,
3305,25486173,7549,8,362815,3626191,39832319,476560540,,
3306,25486317,7550,8,362815,3626191,39832316,476560248,6160818325,
3307,25486713,7552,8,362815,3626193,39832505,476570791,,
3308,25487136,7554,8,362815,3626192,39832403,476564723,6160996922,
3309,25487163,7555,8,362815,3626192,39832403,476564749,,
3310,25487316,7556,8,362815,3626192,39832401,476564526,,
3311,25487613,7558,8,362815,3626194,39832594,476575492,,
3312,25613874,7565,8,362815,3626192,39832397,476564162,,
3313,25614837,7570,8,362815,3626191,39832311,476559778,6160792856,
3314,25614873,7571,8,362815,3626192,39832397,476564127,,
3315,25617834,7576,8,362815,3626193,39832490,476569290,,
3316,25617843,7577,8,362815,3626193,39832490,476569269,,
3317,25618347,7578,4,362815,3626192,39832392,476563672,,
3318,25618374,7579,8,362815,3626191,39832305,476559108,,
3319,25618437,7580,8,362815,3626192,39832392,476563588,,
3320,25618473,7581,8,362815,3626191,39832305,476559154,,
3321,25618734,7582,8,362815,3626193,39832488,476569019,6161166507,
3322,25618743,7583,8,362815,3626193,39832488,476569013,,
3323,25631874,7589,8,362815,3626192,39832399,476564356,,
3324,25634817,7594,8,362815,3626193,39832499,476570183,,
3325,25637814,7600,8,362815,3626192,39832398,476564268,,
3326,25638147,7602,8,362815,3626191,39832301,476558733,,
3327,25638174,7603,8,362815,3626191,39832306,476559227,,
3328,25638417,7604,8,362815,3626191,39832310,476559686,,
3329,25638714,7606,8,362815,3626192,39832397,476564137,,
3330,25641837,7612,8,362815,3626192,39832396,476563992,,
3331,25641873,7613,8,362815,3626193,39832485,476568694,,
3332,25643817,7618,8,362815,3626193,39832500,476570288,6161244636,
3333,25647813,7624,8,362815,3626193,39832502,476570504,6161258227,
3334,25648137,7626,8,362815,3626192,39832396,476564006,,
3335,25648173,7627,8,362815,3626192,39832396,476564017,,
3336,25648317,7628,8,362815,3626192,39832400,476564419,,
3337,25648713,7630,8,362815,3626193,39832501,476570368,6161248189,
3338,25671384,7633,4,362815,3626192,39832407,476565125,,
3339,25671483,7635,8,362815,3626192,39832405,476564918,,
3340,25671834,7636,8,362815,3626193,39832503,476570570,,
3341,25671843,7637,8,362815,3626193,39832500,476570266,,
3342,25673814,7642,8,362815,3626192,39832405,476564971,,
3343,25674183,7645,4,362815,3626193,39832490,476569223,,
3344,25674813,7648,8,362815,3626193,39832500,476570324,,
3345,25678134,7650,8,362815,3626194,39832599,476576043,6161502892,
3346,25678143,7651,8,362815,3626194,39832596,476575741,6161485029,
3347,25678314,7652,8,362815,3626193,39832512,476571539,6161320522,
3348,25678413,7654,8,362815,3626194,39832600,476576143,,
3349,25681347,7656,4,362815,3626192,39832398,476564252,,
3350,25681374,7657,8,362815,3626191,39832308,476559375,,
3351,25681437,7658,8,362815,3626192,39832398,476564185,,
3352,25681473,7659,8,362815,3626191,39832304,476559023,,
3353,25681734,7660,8,362815,3626192,39832402,476564612,,
3354,25681743,7661,8,362815,3626192,39832402,476564598,,
3355,25683147,7662,8,362815,3626191,39832312,476559820,,
3356,25683174,7663,8,362815,3626191,39832304,476558972,,
3357,25683417,7664,8,362815,3626192,39832403,476564721,6160996996,
3358,25683714,7666,8,362815,3626191,39832308,476559466,,
3359,25684137,7668,8,362815,3626191,39832317,476560276,,
3360,25684173,7669,8,362815,3626191,39832305,476559120,,
3361,25684317,7670,8,362815,3626192,39832403,476564715,6160996013,
3362,25684713,7672,8,362815,3626191,39832331,476561764,,
3363,25687134,7674,8,362815,3626194,39832587,476574762,6161423436,
3364,25687143,7675,8,362815,3626194,39832587,476574743,6161421076,
3365,25687314,7676,8,362815,3626193,39832501,476570347,,
3366,25687413,7678,8,362815,3626193,39832508,476571092,,
3367,25713486,7681,8,362815,3626191,39832310,476559719,,
3368,25713684,7683,8,362815,3626190,39832219,476554764,,
3369,25713846,7684,8,362815,3626190,39832224,476555250,,
3370,25713864,7685,8,362815,3626190,39832221,476554951,6160590303,
3371,25714386,7687,8,362815,3626191,39832312,476559877,,
3372,25714683,7689,8,362815,3626190,39832225,476555376,,
3373,25714836,7690,8,362815,3626190,39832215,476554369,,
3374,25714863,7691,8,362815,3626190,39832215,476554383,,
3375,25716384,7693,8,362815,3626190,39832220,476554839,,
3376,25716483,7695,8,362815,3626190,39832224,476555225,6160604673,
3377,25716834,7696,8,362815,3626191,39832318,476560425,,
3378,25716843,7697,8,362815,3626191,39832318,476560419,,
3379,25718346,7698,8,362815,3626191,39832320,476560658,6160842331,
3380,25718364,7699,8,362815,3626190,39832225,476555333,,
3381,25718436,7700,8,362815,3626191,39832311,476559723,,
3382,25718463,7701,8,362815,3626190,39832231,476555952,,
3383,25718634,7702,8,362815,3626191,39832316,476560219,,
3384,25718643,7703,8,362815,3626191,39832316,476560238,6160817045,
3385,25731486,7705,8,362815,3626190,39832224,476555304,6160613877,
3386,25731684,7707,8,362815,3626190,39832216,476554422,6160558023,
3387,25731846,7708,8,362815,3626190,39832221,476554947,,
3388,25731864,7709,8,362815,3626190,39832222,476555033,6160594015,
3389,25734186,7711,8,362815,3626191,39832316,476560272,,
3390,25734816,7714,8,362815,3626191,39832309,476559556,,
3391,25736184,7717,8,362815,3626190,39832222,476555066,,
3392,25736814,7720,8,362815,3626190,39832230,476555908,6160649420,
3393,25738146,7722,8,362815,3626190,39832220,476554846,6160583595,
3394,25738164,7723,8,362815,3626190,39832218,476554650,,
3395,25738416,7724,8,362815,3626190,39832224,476555271,,
3396,25738614,7726,8,362815,3626190,39832222,476555105,,
3397,25741386,7729,8,362815,3626190,39832230,476555865,,
3398,25741683,7731,8,362815,3626190,39832224,476555219,,
3399,25741836,7732,8,362815,3626190,39832215,476554313,,
3400,25741863,7733,8,362815,3626190,39832222,476555029,,
3401,25743186,7735,8,362815,3626191,39832320,476560659,,
3402,25743816,7738,8,362815,3626191,39832313,476559945,,
3403,25746183,7741,8,362815,3626192,39832406,476565025,,
3404,25746813,7744,8,362815,3626192,39832420,476566498,,
3405,25748136,7746,8,362815,3626190,39832224,476555235,,
3406,25748163,7747,8,362815,3626190,39832222,476555057,,
3407,25748316,7748,8,362815,3626190,39832228,476555636,6160629350,
3408,25748613,7750,8,362815,3626191,39832331,476561802,,
3409,25761384,7753,8,362815,3626192,39832400,476564334,,
3410,25761483,7755,8,362815,3626192,39832396,476563991,6160952323,
3411,25761834,7756,8,362815,3626193,39832490,476569227,6161179123,
3412,25761843,7757,8,362815,3626193,39832490,476569204,,
3413,25763184,7759,8,362815,3626192,39832396,476563987,6160951876,
3414,25763814,7762,8,362815,3626192,39832396,476564028,,
3415,25764183,7765,8,362815,3626192,39832404,476564802,,
3416,25764813,7768,8,362815,3626192,39832416,476566076,6161078957,
3417,25768134,7770,8,362815,3626194,39832588,476574890,,
3418,25768143,7771,8,362815,3626194,39832588,476574864,,
3419,25768314,7772,8,362815,3626193,39832502,476570470,,
3420,25768413,7774,8,362815,3626193,39832510,476571296,,
3421,25781346,7776,8,362815,3626192,39832411,476565580,,
3422,25781364,7777,8,362815,3626191,39832318,476560434,,
3423,25781436,7778,8,362815,3626192,39832404,476564859,,
3424,25781463,7779,8,362815,3626191,39832318,476560470,,
3425,25781634,7780,8,362815,3626192,39832401,476564550,,
3426,25781643,7781,8,362815,3626192,39832401,476564562,,
3427,25783146,7782,8,362815,3626191,39832323,476560948,,
3428,25783164,7783,8,362815,3626191,39832312,476559833,6160793069,
3429,25783416,7784,8,362815,3626192,39832404,476564861,,
3430,25783614,7786,8,362815,3626191,39832308,476559565,,
3431,25784136,7788,8,362815,3626191,39832318,476560438,6160828623,
3432,25784163,7789,8,362815,3626191,39832312,476559910,,
3433,25784316,7790,8,362815,3626192,39832402,476564670,,
3434,25784613,7792,8,362815,3626192,39832415,476566046,,
3435,25786134,7794,8,362815,3626193,39832502,476570462,,
3436,25786143,7795,8,362815,3626193,39832502,476570440,,
3437,25786314,7796,8,362815,3626192,39832416,476566055,,
3438,25786413,7798,8,362815,3626192,39832424,476566893,,
3439,25813476,7801,8,362815,3626192,39832398,476564273,,
3440,25813674,7803,8,362815,3626191,39832306,476559232,6160757828,
3441,25813746,7804,8,362815,3626190,39832222,476555042,,
3442,25813764,7805,8,362815,3626191,39832313,476559963,,
3443,25814376,7807,8,362815,3626192,39832402,476564672,,
3444,25814637,7808,8,362815,3626190,39832218,476554649,,
3445,25814673,7809,8,362815,3626191,39832305,476559152,,
3446,25814736,7810,8,362815,3626190,39832222,476555097,,
3447,25814763,7811,8,362815,3626191,39832304,476559070,,
3448,25816374,7813,8,362815,3626190,39832216,476554456,,
3449,25816437,7814,8,362815,3626191,39832305,476559125,,
3450,25816473,7815,8,362815,3626190,39832218,476554623,,
3451,25816734,7816,8,362815,3626192,39832398,476564232,,
3452,25816743,7817,8,362815,3626192,39832398,476564212,6160966301,
3453,25817346,7818,8,362815,3626191,39832309,476559528,,
3454,25817364,7819,8,362815,3626190,39832222,476555047,,
3455,25817436,7820,8,362815,3626191,39832305,476559104,,
3456,25817463,7821,8,362815,3626190,39832226,476555467,,
3457,25817634,7822,8,362815,3626192,39832402,476564615,6160990192,
3458,25817643,7823,8,362815,3626192,39832403,476564764,,
3459,25831476,7825,8,362815,3626191,39832312,476559853,,
3460,25831674,7827,8,362815,3626191,39832304,476558954,,
3461,25831746,7828,8,362815,3626190,39832218,476554600,,
3462,25831764,7829,8,362815,3626191,39832307,476559371,,
3463,25834176,7831,8,362815,3626192,39832398,476564220,,
3464,25834617,7832,8,362815,3626191,39832310,476559675,,
3465,25834716,7834,8,362815,3626191,39832307,476559360,,
3466,25836147,7836,4,362815,3626190,39832207,476553731,,
3467,25836174,7837,8,362815,3626190,39832209,476553771,,
3468,25836417,7838,8,362815,3626190,39832224,476555305,,
3469,25836714,7840,8,362815,3626191,39832301,476558813,,
3470,25837146,7842,8,362815,3626190,39832212,476554074,,
3471,25837164,7843,8,362815,3626190,39832228,476555669,6160633068,
3472,25837416,7844,8,362815,3626190,39832214,476554290,,
3473,25837614,7846,8,362815,3626191,39832310,476559708,,
3474,25841376,7849,8,362815,3626191,39832312,476559882,,
3475,25841637,7850,8,362815,3626190,39832212,476554040,,
3476,25841673,7851,8,362815,3626191,39832300,476558596,,
3477,25841736,7852,8,362815,3626190,39832215,476554340,,
3478,25841763,7853,8,362815,3626191,39832303,476558903,,
3479,25843176,7855,8,362815,3626192,39832402,476564656,6160995067,
3480,25843617,7856,8,362815,3626191,39832314,476560038,6160805611,
3481,25843716,7858,8,362815,3626191,39832309,476559604,6160783622,
3482,25846137,7860,8,362815,3626190,39832225,476555340,,
3483,25846173,7861,8,362815,3626190,39832225,476555362,,
3484,25846317,7862,8,362815,3626190,39832232,476556073,6160656902,
3485,25846713,7864,8,362815,3626191,39832332,476561903,,
3486,25847136,7866,8,362815,3626190,39832224,476555273,,
3487,25847163,7867,8,362815,3626190,39832225,476555375,,
3488,25847316,7868,8,362815,3626190,39832228,476555688,,
3489,25847613,7870,8,362815,3626192,39832413,476565788,,
3490,25861374,7873,8,362815,3626190,39832222,476554974,,
3491,25861437,7874,8,362815,3626191,39832312,476559786,,
3492,25861473,7875,8,362815,3626190,39832218,476554614,6160568067,
3493,25861734,7876,8,362815,3626191,39832316,476560257,,
3494,25861743,7877,8,362815,3626191,39832316,476560217,,
3495,25863147,7878,4,362815,3626190,39832226,476555412,,
3496,25863174,7879,8,362815,3626190,39832219,476554710,,
3497,25863417,7880,8,362815,3626191,39832320,476560609,,
3498,25863714,7882,8,362815,3626190,39832223,476555168,,
3499,25864137,7884,8,362815,3626190,39832234,476556190,,
3500,25864173,7885,8,362815,3626190,39832222,476555009,,
3501,25864317,7886,8,362815,3626191,39832320,476560660,,
3502,25864713,7888,8,362815,3626190,39832246,476557461,,
3503,25867134,7890,8,362815,3626193,39832502,476570460,,
3504,25867143,7891,8,362815,3626193,39832502,476570434,,
3505,25867314,7892,8,362815,3626192,39832416,476566049,,
3506,25867413,7894,8,362815,3626192,39832424,476566889,,
3507,25871346,7896,8,362815,3626192,39832401,476564566,,
3508,25871364,7897,8,362815,3626191,39832315,476560085,,
3509,25871436,7898,8,362815,3626192,39832401,476564479,,
3510,25871463,7899,8,362815,3626191,39832311,476559735,,
3511,25871634,7900,8,362815,3626192,39832403,476564692,,
3512,25871643,7901,8,362815,3626192,39832403,476564723,6160997013,
3513,25873146,7902,8,362815,3626191,39832315,476560108,6160807645,
3514,25873164,7903,8,362815,3626191,39832308,476559400,,
3515,25873416,7904,8,362815,3626192,39832398,476564197,,
3516,25873614,7906,8,362815,3626191,39832307,476559453,,
3517,25874136,7908,8,362815,3626191,39832312,476559822,,
3518,25874163,7909,8,362815,3626191,39832302,476558919,,
3519,25874316,7910,8,362815,3626192,39832398,476564219,,
3520,25874613,7912,8,362815,3626191,39832332,476561901,,
3521,25876134,7914,8,362815,3626194,39832587,476574728,,
3522,25876143,7915,8,362815,3626194,39832587,476574722,,
3523,25876314,7916,8,362815,3626193,39832501,476570338,6161244848,85460331546
3524,25876413,7918,8,362815,3626193,39832506,476570922,6161283419,
3525,26134875,7925,8,362815,3626192,39832409,476565443,,
3526,26135874,7931,8,362815,3626191,39832316,476560333,,
3527,26137845,7936,8,362815,3626192,39832405,476564973,6161015167,
3528,26137854,7937,8,362815,3626192,39832405,476564926,,
3529,26138475,7939,8,362815,3626190,39832234,476556264,,
3530,26138574,7941,8,362815,3626190,39832236,476556469,,
3531,26138745,7942,8,362815,3626192,39832405,476564968,,
3532,26138754,7943,8,362815,3626192,39832407,476565205,6161030326,
3533,26143875,7949,8,362815,3626192,39832414,476565978,,
3534,26145837,7954,4,362815,3626191,39832311,476559826,6160798541,
3535,26145873,7955,8,362815,3626192,39832401,476564560,,
3536,26147835,7960,8,362815,3626191,39832308,476559504,,
3537,26147853,7961,8,362815,3626191,39832310,476559747,,
3538,26148375,7963,8,362815,3626190,39832231,476556041,,
3539,26148537,7964,8,362815,3626190,39832220,476554919,,
3540,26148573,7965,8,362815,3626190,39832226,476555515,6160626990,
3541,26148735,7966,8,362815,3626191,39832306,476559329,,
3542,26148753,7967,8,362815,3626191,39832322,476560925,,
3543,26153874,7973,8,362815,3626191,39832316,476560331,,
3544,26154837,7978,4,362815,3626191,39832324,476561134,,
3545,26154873,7979,8,362815,3626192,39832407,476565191,,
3546,26157834,7984,8,362815,3626192,39832410,476565465,,
3547,26157843,7985,8,362815,3626192,39832410,476565495,,
3548,26158374,7987,8,362815,3626190,39832222,476555125,,
3549,26158437,7988,8,362815,3626191,39832313,476560021,,
3550,26158473,7989,8,362815,3626190,39832236,476556522,,
3551,26158734,7990,8,362815,3626192,39832406,476565047,6161017684,
3552,26158743,7991,8,362815,3626192,39832406,476565085,6161022078,
3553,26173845,7996,8,362815,3626191,39832325,476561182,,
3554,26173854,7997,8,362815,3626191,39832313,476560020,,
3555,26174835,8002,8,362815,3626190,39832230,476555877,,
3556,26174853,8003,8,362815,3626190,39832236,476556508,,
3557,26175834,8008,8,362815,3626191,39832323,476560950,,
3558,26175843,8009,8,362815,3626191,39832325,476561186,,
3559,26178345,8010,8,362815,3626193,39832501,476570378,6161249536,
3560,26178354,8011,8,362815,3626193,39832494,476569602,,
3561,26178435,8012,8,362815,3626193,39832494,476569603,,
3562,26178453,8013,8,362815,3626193,39832499,476570147,,
3563,26178534,8014,8,362815,3626193,39832499,476570125,,
3564,26178543,8015,8,362815,3626193,39832501,476570368,6161248305,
3565,26183475,8017,8,362815,3626191,39832312,476559827,,
3566,26183574,8019,8,362815,3626190,39832226,476555511,,
3567,26183745,8020,8,362815,3626191,39832311,476559784,,
3568,26183754,8021,8,362815,3626191,39832313,476559944,,
3569,26184375,8023,8,362815,3626191,39832312,476559852,,
3570,26184537,8024,8,362815,3626192,39832396,476564009,,
3571,26184573,8025,8,362815,3626191,39832318,476560455,6160830740,
3572,26184735,8026,8,362815,3626190,39832231,476555960,,
3573,26184753,8027,8,362815,3626190,39832234,476556294,,
3574,26185374,8029,8,362815,3626190,39832224,476555304,6160613911,
3575,26185437,8030,8,362815,3626192,39832404,476564823,,
3576,26185473,8031,8,362815,3626191,39832308,476559486,,
3577,26185734,8032,8,362815,3626191,39832325,476561170,,
3578,26185743,8033,8,362815,3626191,39832327,476561407,,
3579,26187345,8034,8,362815,3626193,39832498,476570052,6161228892,
3580,26187354,8035,8,362815,3626193,39832493,476569477,,
3581,26187435,8036,8,362815,3626193,39832493,476569478,,
3582,26187453,8037,8,362815,3626193,39832497,476569927,6161220338,
3583,26187534,8038,8,362815,3626193,39832497,476569927,6161220315,
3584,26187543,8039,8,362815,3626193,39832500,476570283,,
3585,26314875,8045,8,362815,3626191,39832324,476561133,,
3586,26315874,8051,8,362815,3626191,39832312,476559892,,
3587,26317845,8056,8,362815,3626192,39832405,476564938,,
3588,26317854,8057,8,362815,3626192,39832405,476564893,,
3589,26318475,8059,8,362815,3626190,39832230,476555853,6160643219,
3590,26318574,8061,8,362815,3626190,39832234,476556247,,
3591,26318745,8062,8,362815,3626192,39832405,476564943,,
3592,26318754,8063,8,362815,3626192,39832405,476564986,,
3593,26341875,8069,8,362815,3626192,39832406,476565130,,
3594,26345817,8074,8,362815,3626193,39832498,476570062,,
3595,26347815,8080,8,362815,3626192,39832397,476564099,,
3596,26348175,8083,8,362815,3626191,39832311,476559740,,
3597,26348517,8084,8,362815,3626191,39832309,476559608,,
3598,26348715,8086,8,362815,3626192,39832397,476564102,,
3599,26351874,8093,8,362815,3626191,39832313,476559931,6160799037,
3600,26354817,8098,8,362815,3626192,39832416,476566064,6161077794,
3601,26357814,8104,8,362815,3626191,39832319,476560562,,
3602,26358174,8107,8,362815,3626190,39832222,476554992,,
3603,26358417,8108,8,362815,3626190,39832226,476555462,,
3604,26358714,8110,8,362815,3626191,39832319,476560510,,
3605,26371845,8116,8,362815,3626191,39832310,476559649,,
3606,26371854,8117,8,362815,3626191,39832310,476559601,6160778015,
3607,26374815,8122,8,362815,3626190,39832229,476555770,,
3608,26375814,8128,8,362815,3626190,39832232,476556083,,
3609,26378145,8130,8,362815,3626192,39832398,476564208,,
3610,26378154,8131,8,362815,3626192,39832398,476564172,,
3611,26378415,8132,8,362815,3626191,39832308,476559471,,
3612,26378514,8134,8,362815,3626191,39832313,476559924,6160798287,
3613,26381475,8137,8,362815,3626190,39832218,476554614,6160568401,
3614,26381574,8139,8,362815,3626190,39832218,476554614,6160568514,
3615,26381745,8140,8,362815,3626191,39832308,476559428,,
3616,26381754,8141,8,362815,3626191,39832308,476559472,,
3617,26384175,8143,8,362815,3626190,39832216,476554445,,
3618,26384517,8144,8,362815,3626191,39832315,476560142,,
3619,26384715,8146,8,362815,3626190,39832218,476554660,,
3620,26385174,8149,8,362815,3626190,39832208,476553711,,
3621,26385417,8150,8,362815,3626191,39832304,476559064,,
3622,26385714,8152,8,362815,3626190,39832228,476555652,,
3623,26387145,8154,8,362815,3626192,39832397,476564079,,
3624,26387154,8155,8,362815,3626192,39832397,476564089,,
3625,26387415,8156,8,362815,3626191,39832310,476559652,,
3626,26387514,8158,8,362815,3626191,39832313,476559950,6160801163,
3627,26413875,8165,8,362815,3626191,39832327,476561465,,
3628,26415873,8171,8,362815,3626191,39832311,476559734,,
3629,26417835,8176,8,362815,3626191,39832307,476559320,,
3630,26417853,8177,8,362815,3626191,39832309,476559546,,
3631,26418375,8179,8,362815,3626190,39832218,476554706,,
3632,26418537,8180,4,362815,3626190,39832215,476554386,,
3633,26418573,8181,8,362815,3626190,39832222,476555049,,
3634,26418735,8182,8,362815,3626191,39832308,476559431,,
3635,26418753,8183,8,362815,3626191,39832316,476560294,6160823436,
3636,26431875,8189,8,362815,3626192,39832413,476565852,6161070499,
3637,26435817,8194,8,362815,3626192,39832416,476566057,6161076992,
3638,26437815,8200,8,362815,3626192,39832403,476564741,6160999026,
3639,26438175,8203,8,362815,3626191,39832322,476560877,,
3640,26438517,8204,8,362815,3626191,39832311,476559805,,
3641,26438715,8206,8,362815,3626192,39832405,476564963,,
3642,26451873,8213,8,362815,3626193,39832485,476568689,,
3643,26453817,8218,8,362815,3626193,39832502,476570509,,
3644,26457813,8224,8,362815,3626193,39832502,476570511,,
3645,26458137,8226,8,362815,3626192,39832396,476564012,,
3646,26458173,8227,8,362815,3626192,39832396,476564018,,
3647,26458317,8228,8,362815,3626192,39832400,476564410,,
3648,26458713,8230,8,362815,3626193,39832501,476570368,6161248164,
3649,26471835,8236,8,362815,3626190,39832230,476555817,,
3650,26471853,8237,8,362815,3626190,39832224,476555237,6160605938,
3651,26473815,8242,8,362815,3626190,39832224,476555240,,
3652,26475813,8248,8,362815,3626192,39832422,476566701,,
3653,26478135,8250,8,362815,3626191,39832320,476560651,,
3654,26478153,8251,8,362815,3626191,39832313,476559972,,
3655,26478315,8252,8,362815,3626191,39832312,476559847,,
3656,26478513,8254,8,362815,3626191,39832331,476561816,,
3657,26481375,8257,8,362815,3626190,39832220,476554847,,
3658,26481537,8258,4,362815,3626190,39832215,476554360,,
3659,26481573,8259,8,362815,3626190,39832216,476554418,6160557059,
3660,26481735,8260,8,362815,3626190,39832219,476554773,,
3661,26481753,8261,8,362815,3626190,39832229,476555735,,
3662,26483175,8263,8,362815,3626190,39832222,476555021,,
3663,26483517,8264,8,362815,3626190,39832222,476555098,,
3664,26483715,8266,8,362815,3626190,39832227,476555569,,
3665,26485137,8268,8,362815,3626190,39832224,476555272,,
3666,26485173,8269,8,362815,3626190,39832226,476555447,,
3667,26485317,8270,8,362815,3626190,39832234,476556258,,
3668,26485713,8272,8,362815,3626191,39832330,476561711,,
3669,26487135,8274,8,362815,3626191,39832319,476560552,6160836173,
3670,26487153,8275,8,362815,3626191,39832315,476560176,,
3671,26487315,8276,8,362815,3626191,39832312,476559849,,
3672,26487513,8278,8,362815,3626192,39832413,476565841,,
3673,26513874,8285,8,362815,3626192,39832395,476563974,,
3674,26514873,8291,8,362815,3626192,39832399,476564352,,
3675,26517834,8296,8,362815,3626193,39832488,476568977,,
3676,26517843,8297,8,362815,3626193,39832488,476568978,,
3677,26518374,8299,8,362815,3626191,39832305,476559061,,
3678,26518437,8300,4,362815,3626192,39832392,476563573,,
3679,26518473,8301,8,362815,3626191,39832307,476559324,,
3680,26518734,8302,8,362815,3626193,39832488,476569001,,
3681,26518743,8303,8,362815,3626193,39832488,476568996,,
3682,26531874,8309,8,362815,3626192,39832402,476564667,,
3683,26534817,8314,8,362815,3626193,39832500,476570269,,
3684,26537814,8320,8,362815,3626192,39832403,476564721,6160997010,
3685,26538174,8323,8,362815,3626191,39832309,476559570,6160779673,
3686,26538417,8324,8,362815,3626191,39832312,476559867,,
3687,26538714,8326,8,362815,3626192,39832403,476564741,6160999544,
3688,26541873,8333,8,362815,3626193,39832495,476569704,,
3689,26543817,8338,8,362815,3626194,39832601,476576231,,
3690,26547813,8344,8,362815,3626194,39832594,476575460,,
3691,26548137,8346,8,362815,3626192,39832407,476565126,,
3692,26548173,8347,8,362815,3626192,39832409,476565315,,
3693,26548317,8348,8,362815,3626192,39832412,476565671,,
3694,26548713,8350,8,362815,3626194,39832594,476575467,,
3695,26571834,8356,8,362815,3626193,39832490,476569235,,
3696,26571843,8357,8,362815,3626193,39832490,476569199,,
3697,26573814,8362,8,362815,3626192,39832396,476564023,,
3698,26574813,8368,8,362815,3626192,39832416,476566076,6161078997,
3699,26578134,8370,8,362815,3626194,39832587,476574749,6161421927,
3700,26578143,8371,8,362815,3626194,39832587,476574727,,
3701,26578314,8372,8,362815,3626193,39832501,476570340,,
3702,26578413,8374,8,362815,3626193,39832508,476571085,,
3703,26581374,8377,8,362815,3626191,39832308,476559347,,
3704,26581437,8378,4,362815,3626192,39832398,476564174,6160962262,
3705,26581473,8379,8,362815,3626191,39832306,476559205,,
3706,26581734,8380,8,362815,3626192,39832402,476564602,,
3707,26581743,8381,8,362815,3626192,39832402,476564593,,
3708,26583174,8383,8,362815,3626191,39832304,476558957,,
3709,26583417,8384,8,362815,3626192,39832401,476564504,,
3710,26583714,8386,8,362815,3626191,39832309,476559591,,
3711,26584137,8388,8,362815,3626191,39832315,476560128,6160809922,
3712,26584173,8389,8,362815,3626191,39832305,476559138,,
3713,26584317,8390,8,362815,3626192,39832403,476564763,,
3714,26584713,8392,8,362815,3626192,39832413,476565790,6161063102,
3715,26587134,8394,8,362815,3626194,39832587,476574753,6161422344,
3716,26587143,8395,8,362815,3626194,39832587,476574734,,
3717,26587314,8396,8,362815,3626193,39832501,476570339,,
3718,26587413,8398,8,362815,3626193,39832507,476570994,,
3719,26713485,8401,4,362815,3626192,39832398,476564231,6160968860,
3720,26713584,8403,8,362815,3626191,39832313,476559900,,
3721,26713845,8404,8,362815,3626192,39832400,476564417,,
3722,26713854,8405,8,362815,3626192,39832398,476564176,,
3723,26714385,8407,4,362815,3626192,39832398,476564191,6160964330,
3724,26714583,8409,8,362815,3626192,39832398,476564206,6160965827,
3725,26714835,8410,8,362815,3626191,39832308,476559417,,
3726,26714853,8411,8,362815,3626191,39832311,476559722,,
3727,26715384,8413,8,362815,3626191,39832312,476559775,6160786680,
3728,26715483,8415,8,362815,3626192,39832398,476564194,,
3729,26715834,8416,8,362815,3626192,39832398,476564214,,
3730,26715843,8417,8,362815,3626192,39832399,476564351,,
3731,26718345,8418,8,362815,3626193,39832499,476570185,,
3732,26718354,8419,8,362815,3626193,39832490,476569248,,
3733,26718435,8420,8,362815,3626193,39832490,476569227,6161179234,
3734,26718453,8421,8,362815,3626193,39832495,476569732,,
3735,26718534,8422,8,362815,3626193,39832495,476569711,,
3736,26718543,8423,8,362815,3626193,39832496,476569859,,
3737,26731584,8427,4,362815,3626191,39832305,476559086,,
3738,26731845,8428,8,362815,3626192,39832397,476564103,,
3739,26731854,8429,8,362815,3626192,39832395,476563879,,
3740,26734815,8434,8,362815,3626192,39832394,476563790,6160940916,
3741,26735184,8437,8,362815,3626191,39832308,476559368,,
3742,26735814,8440,8,362815,3626191,39832309,476559532,,
3743,26738145,8442,8,362815,3626192,39832396,476564015,,
3744,26738154,8443,8,362815,3626192,39832394,476563795,,
3745,26738415,8444,8,362815,3626191,39832316,476560260,,
3746,26738514,8446,8,362815,3626191,39832313,476559950,6160801310,
3747,26741835,8452,8,362815,3626191,39832303,476558886,,
3748,26741853,8453,8,362815,3626191,39832306,476559206,,
3749,26743815,8458,8,362815,3626192,39832394,476563790,6160940789,
3750,26745183,8461,4,362815,3626193,39832489,476569087,,
3751,26745813,8464,8,362815,3626193,39832499,476570161,,
3752,26748135,8466,8,362815,3626191,39832311,476559758,,
3753,26748153,8467,8,362815,3626191,39832309,476559579,,
3754,26748315,8468,8,362815,3626191,39832312,476559831,,
3755,26748513,8470,8,362815,3626192,39832413,476565824,,
3756,26751384,8473,4,362815,3626192,39832400,476564301,,
3757,26751483,8475,8,362815,3626192,39832400,476564347,,
3758,26751834,8476,8,362815,3626193,39832485,476568658,,
3759,26751843,8477,8,362815,3626193,39832485,476568655,,
3760,26753814,8482,8,362815,3626192,39832396,476564021,,
3761,26754183,8485,4,362815,3626193,39832489,476569072,,
3762,26754813,8488,8,362815,3626193,39832500,476570243,,
3763,26758134,8490,8,362815,3626193,39832501,476570320,6161242644,
3764,26758143,8491,8,362815,3626193,39832501,476570306,6161241074,
3765,26758314,8492,8,362815,3626192,39832416,476566025,,
3766,26758413,8494,8,362815,3626192,39832424,476566873,,
3767,26781345,8496,8,362815,3626194,39832595,476575583,,
3768,26781354,8497,8,362815,3626194,39832587,476574757,6161422932,
3769,26781435,8498,8,362815,3626194,39832587,476574758,,
3770,26781453,8499,8,362815,3626194,39832587,476574757,6161423075,
3771,26781534,8500,8,362815,3626194,39832587,476574745,6161421634,
3772,26781543,8501,8,362815,3626194,39832592,476575258,,
3773,26783145,8502,8,362815,3626193,39832503,476570583,6161261623,
3774,26783154,8503,8,362815,3626193,39832499,476570168,6161236360,
3775,26783415,8504,8,362815,3626193,39832500,476570286,,
3776,26783514,8506,8,362815,3626192,39832419,476566393,,
3777,26784135,8508,8,362815,3626192,39832416,476566077,,
3778,26784153,8509,8,362815,3626192,39832418,476566293,,
3779,26784315,8510,8,362815,3626193,39832500,476570268,,
3780,26784513,8512,8,362815,3626194,39832598,476575913,,
3781,26785134,8514,8,362815,3626194,39832592,476575278,,
3782,26785143,8515,8,362815,3626194,39832590,476575074,,
3783,26785314,8516,8,362815,3626193,39832509,476571183,,
3784,26785413,8518,8,362815,3626194,39832598,476575889,,
3785,26813475,8521,8,362815,3626191,39832315,476560108,6160807600,
3786,26813574,8523,8,362815,3626190,39832230,476555837,6160641052,
3787,26813745,8524,8,362815,3626191,39832311,476559726,,
3788,26813754,8525,8,362815,3626191,39832313,476559909,6160796247,
3789,26814375,8527,8,362815,3626191,39832315,476560122,,
3790,26814573,8529,8,362815,3626191,39832313,476559916,6160796805,
3791,26814735,8530,8,362815,3626190,39832227,476555539,,
3792,26814753,8531,8,362815,3626190,39832230,476555854,6160642937,
3793,26815374,8533,8,362815,3626190,39832224,476555251,,
3794,26815473,8535,8,362815,3626191,39832307,476559330,,
3795,26815734,8536,8,362815,3626191,39832317,476560341,,
3796,26815743,8537,8,362815,3626191,39832319,476560577,,
3797,26817345,8538,8,362815,3626192,39832409,476565335,,
3798,26817354,8539,8,362815,3626192,39832404,476564773,,
3799,26817435,8540,8,362815,3626192,39832404,476564770,,
3800,26817453,8541,8,362815,3626192,39832408,476565200,,
3801,26817534,8542,8,362815,3626192,39832408,476565189,,
3802,26817543,8543,8,362815,3626192,39832410,476565461,,
3803,26831475,8545,8,362815,3626190,39832230,476555767,,
3804,26831574,8547,8,362815,3626190,39832222,476554986,,
3805,26831745,8548,8,362815,3626191,39832307,476559265,,
3806,26831754,8549,8,362815,3626191,39832308,476559371,,
3807,26834175,8551,8,362815,3626191,39832309,476559440,,
3808,26834517,8552,8,362815,3626192,39832411,476565520,,
3809,26834715,8554,8,362815,3626191,39832302,476558825,,
3810,26835174,8557,8,362815,3626190,39832211,476553950,,
3811,26835417,8558,8,362815,3626192,39832396,476564022,,
3812,26835714,8560,8,362815,3626190,39832224,476555287,,
3813,26837145,8562,8,362815,3626191,39832307,476559342,,
3814,26837154,8563,8,362815,3626191,39832307,476559362,,
3815,26837415,8564,8,362815,3626190,39832224,476555259,,
3816,26837514,8566,8,362815,3626190,39832224,476555266,,
3817,26841375,8569,8,362815,3626190,39832224,476555196,,
3818,26841573,8571,8,362815,3626190,39832220,476554786,,
3819,26841735,8572,8,362815,3626190,39832212,476554034,,
3820,26841753,8573,8,362815,3626190,39832218,476554643,6160571776,
3821,26843175,8575,8,362815,3626191,39832309,476559500,,
3822,26843517,8576,8,362815,3626192,39832396,476564042,,
3823,26843715,8578,8,362815,3626191,39832300,476558690,,
3824,26845137,8580,4,362815,3626191,39832319,476560515,,
3825,26845173,8581,8,362815,3626191,39832309,476559509,,
3826,26845317,8582,8,362815,3626192,39832408,476565219,,
3827,26845713,8584,8,362815,3626192,39832413,476565790,6161063194,
3828,26847135,8586,8,362815,3626190,39832230,476555854,6160643249,
3829,26847153,8587,8,362815,3626190,39832232,476556079,,
3830,26847315,8588,8,362815,3626190,39832230,476555854,6160643071,
3831,26847513,8590,8,362815,3626191,39832329,476561620,,
3832,26851374,8593,8,362815,3626190,39832222,476554958,,
3833,26851473,8595,8,362815,3626190,39832222,476554985,,
3834,26851734,8596,8,362815,3626191,39832313,476559924,6160798193,
3835,26851743,8597,8,362815,3626191,39832313,476559920,,
3836,26853174,8599,8,362815,3626190,39832222,476554978,,
3837,26853417,8600,8,362815,3626192,39832408,476565191,,
3838,26853714,8602,8,362815,3626190,39832224,476555293,,
3839,26854137,8604,4,362815,3626191,39832319,476560535,6160833862,
3840,26854173,8605,8,362815,3626191,39832307,476559290,6160758933,
3841,26854317,8606,8,362815,3626192,39832413,476565769,,
3842,26854713,8608,8,362815,3626191,39832331,476561743,,
3843,26857134,8610,8,362815,3626193,39832501,476570326,6161243576,
3844,26857143,8611,8,362815,3626193,39832501,476570316,,
3845,26857314,8612,8,362815,3626192,39832416,476566051,6161076399,
3846,26857413,8614,8,362815,3626192,39832426,476567097,,
3847,26871345,8616,8,362815,3626194,39832587,476574742,,
3848,26871354,8617,8,362815,3626194,39832586,476574545,,
3849,26871435,8618,8,362815,3626194,39832586,476574546,,
3850,26871453,8619,8,362815,3626194,39832582,476574209,,
3851,26871534,8620,8,362815,3626194,39832582,476574201,6161387000,
3852,26871543,8621,8,362815,3626194,39832587,476574721,,
3853,26873145,8622,8,362815,3626193,39832497,476569918,6161219067,
3854,26873154,8623,8,362815,3626193,39832497,476569862,6161212725,
3855,26873415,8624,8,362815,3626193,39832493,476569530,6161197028,
3856,26873514,8626,8,362815,3626192,39832410,476565468,,
3857,26874135,8628,8,362815,3626192,39832412,476565588,,
3858,26874153,8629,8,362815,3626192,39832410,476565453,6161041521,
3859,26874315,8630,8,362815,3626193,39832495,476569710,,
3860,26874513,8632,8,362815,3626193,39832509,476571206,,
3861,26875134,8634,8,362815,3626193,39832507,476570929,,
3862,26875143,8635,8,362815,3626193,39832505,476570739,,
3863,26875314,8636,8,362815,3626192,39832424,476566846,,
3864,26875413,8638,8,362815,3626193,39832509,476571208,6161299213,
3865,27134586,8641,4,362815,3626192,39832416,476566094,6161081417,
3866,27134685,8643,8,362815,3626191,39832327,476561386,6160886814,
3867,27134856,8644,8,362815,3626192,39832408,476565281,6161033104,
3868,27134865,8645,8,362815,3626192,39832410,476565439,,
3869,27135486,8647,8,362815,3626192,39832416,476566061,,
3870,27135684,8649,8,362815,3626191,39832321,476560763,,
3871,27135846,8650,8,362815,3626190,39832240,476556875,,
3872,27135864,8651,8,362815,3626190,39832238,476556664,,
3873,27136485,8653,8,362815,3626190,39832240,476556870,,
3874,27136584,8655,8,362815,3626191,39832321,476560749,,
3875,27136845,8656,8,362815,3626191,39832320,476560650,,
3876,27136854,8657,8,362815,3626191,39832324,476561062,,
3877,27138456,8658,8,362815,3626192,39832415,476565983,,
3878,27138465,8659,8,362815,3626192,39832408,476565217,,
3879,27138546,8660,8,362815,3626192,39832408,476565221,6161026449,
3880,27138564,8661,8,362815,3626192,39832408,476565240,,
3881,27138645,8662,8,362815,3626192,39832408,476565229,,
3882,27138654,8663,8,362815,3626192,39832414,476565861,,
3883,27143685,8667,8,362815,3626191,39832327,476561377,,
3884,27143856,8668,8,362815,3626192,39832408,476565271,,
3885,27143865,8669,8,362815,3626192,39832410,476565484,6161045403,
3886,27145386,8671,4,362815,3626192,39832400,476564497,,
3887,27145683,8673,8,362815,3626192,39832410,476565421,,
3888,27145836,8674,8,362815,3626191,39832304,476559069,,
3889,27145863,8675,8,362815,3626191,39832316,476560255,,
3890,27146385,8677,8,362815,3626190,39832229,476555815,,
3891,27146583,8679,8,362815,3626192,39832400,476564418,,
3892,27146835,8680,8,362815,3626190,39832228,476555694,,
3893,27146853,8681,8,362815,3626190,39832230,476555876,6160645724,
3894,27148356,8682,8,362815,3626191,39832313,476560006,,
3895,27148365,8683,8,362815,3626191,39832316,476560303,,
3896,27148536,8684,8,362815,3626190,39832226,476555452,6160619802,
3897,27148563,8685,8,362815,3626191,39832315,476560197,,
3898,27148635,8686,8,362815,3626190,39832228,476555690,,
3899,27148653,8687,8,362815,3626191,39832313,476560001,,
3900,27153486,8689,4,362815,3626192,39832400,476564542,,
3901,27153684,8691,8,362815,3626190,39832228,476555728,,
3902,27153846,8692,8,362815,3626190,39832226,476555532,,
3903,27153864,8693,8,362815,3626190,39832234,476556343,,
3904,27154386,8695,4,362815,3626192,39832421,476566613,,
3905,27154683,8697,8,362815,3626192,39832400,476564437,,
3906,27154836,8698,8,362815,3626191,39832315,476560180,,
3907,27154863,8699,8,362815,3626191,39832314,476560092,6160811634,
3908,27156384,8701,8,362815,3626191,39832317,476560343,6160823879,
3909,27156483,8703,8,362815,3626192,39832404,476564835,,
3910,27156834,8704,8,362815,3626192,39832406,476565058,,
3911,27156843,8705,8,362815,3626192,39832406,476565064,6161019304,
3912,27158346,8706,8,362815,3626191,39832310,476559705,,
3913,27158364,8707,8,362815,3626190,39832236,476556499,,
3914,27158436,8708,8,362815,3626191,39832310,476559723,,
3915,27158463,8709,8,362815,3626190,39832238,476556687,,
3916,27158634,8710,8,362815,3626191,39832325,476561195,6160876268,
3917,27158643,8711,8,362815,3626191,39832328,476561503,,
3918,27163485,8713,8,362815,3626191,39832315,476560160,6160814272,
3919,27163584,8715,8,362815,3626190,39832232,476556084,,
3920,27163845,8716,8,362815,3626191,39832318,476560493,6160835165,
3921,27163854,8717,8,362815,3626191,39832310,476559713,6160790813,
3922,27164385,8719,8,362815,3626191,39832317,476560416,,
3923,27164583,8721,8,362815,3626192,39832404,476564856,6161006778,
3924,27164835,8722,8,362815,3626190,39832230,476555896,,
3925,27164853,8723,8,362815,3626190,39832238,476556718,,
3926,27165384,8725,8,362815,3626191,39832320,476560691,,
3927,27165483,8727,8,362815,3626192,39832417,476566185,,
3928,27165834,8728,8,362815,3626192,39832407,476565172,6161025936,
3929,27165843,8729,8,362815,3626192,39832410,476565517,6161048788,
3930,27168345,8730,8,362815,3626192,39832417,476566158,,
3931,27168354,8731,8,362815,3626192,39832408,476565245,,
3932,27168435,8732,8,362815,3626192,39832408,476565254,,
3933,27168453,8733,8,362815,3626192,39832416,476566087,,
3934,27168534,8734,8,362815,3626192,39832416,476566076,6161079100,
3935,27168543,8735,8,362815,3626192,39832423,476566819,,
3936,27183456,8736,8,362815,3626193,39832512,476571525,,
3937,27183465,8737,8,362815,3626193,39832499,476570157,,
3938,27183546,8738,8,362815,3626193,39832500,476570291,,
3939,27183564,8739,8,362815,3626192,39832414,476565873,,
3940,27183645,8740,8,362815,3626192,39832414,476565852,,
3941,27183654,8741,8,362815,3626193,39832499,476570144,,
3942,27184356,8742,8,362815,3626193,39832499,476570160,6161235816,
3943,27184365,8743,8,362815,3626193,39832499,476570160,6161235843,
3944,27184536,8744,8,362815,3626192,39832412,476565613,,
3945,27184563,8745,8,362815,3626193,39832505,476570767,,
3946,27184635,8746,8,362815,3626192,39832412,476565661,,
3947,27184653,8747,8,362815,3626192,39832412,476565665,,
3948,27185346,8748,8,362815,3626192,39832412,476565624,,
3949,27185364,8749,8,362815,3626192,39832412,476565658,6161053996,
3950,27185436,8750,8,362815,3626193,39832499,476570127,,
3951,27185463,8751,8,362815,3626192,39832412,476565648,,
3952,27185634,8752,8,362815,3626193,39832507,476570993,,
3953,27185643,8753,8,362815,3626193,39832506,476570888,,
3954,27186345,8754,8,362815,3626193,39832505,476570757,,
3955,27186354,8755,8,362815,3626192,39832420,476566416,,
3956,27186435,8756,8,362815,3626192,39832420,476566426,,
3957,27186453,8757,8,362815,3626193,39832506,476570877,,
3958,27186534,8758,8,362815,3626193,39832505,476570755,6161270028,
3959,27186543,8759,8,362815,3626193,39832511,476571449,,
3960,27314685,8763,4,362815,3626190,39832242,476557033,,
3961,27314856,8764,8,362815,3626191,39832323,476560972,,
3962,27314865,8765,8,362815,3626191,39832325,476561108,,
3963,27315684,8769,8,362815,3626191,39832317,476560292,,
3964,27315846,8770,8,362815,3626190,39832232,476556046,6160654031,
3965,27315864,8771,8,362815,3626190,39832234,476556208,,
3966,27316485,8773,8,362815,3626190,39832232,476556055,,
3967,27316584,8775,8,362815,3626191,39832315,476560116,,
3968,27316845,8776,8,362815,3626191,39832319,476560474,,
3969,27316854,8777,8,362815,3626191,39832319,476560528,,
3970,27318456,8778,8,362815,3626192,39832412,476565642,,
3971,27318465,8779,8,362815,3626192,39832404,476564818,,
3972,27318546,8780,8,362815,3626192,39832404,476564816,,
3973,27318564,8781,8,362815,3626192,39832408,476565177,,
3974,27318645,8782,8,362815,3626192,39832408,476565158,,
3975,27318654,8783,8,362815,3626192,39832409,476565346,,
3976,27341856,8788,8,362815,3626192,39832403,476564698,,
3977,27341865,8789,8,362815,3626192,39832403,476564679,,
3978,27345816,8794,8,362815,3626192,39832401,476564483,,
3979,27346185,8797,8,362815,3626191,39832308,476559408,,
3980,27346815,8800,8,362815,3626191,39832312,476559783,,
3981,27348156,8802,8,362815,3626192,39832394,476563758,,
3982,27348165,8803,8,362815,3626192,39832394,476563728,,
3983,27348516,8804,8,362815,3626191,39832308,476559448,,
3984,27348615,8806,8,362815,3626191,39832308,476559380,,
3985,27351684,8811,4,362815,3626190,39832218,476554577,,
3986,27351846,8812,8,362815,3626190,39832216,476554429,,
3987,27351864,8813,8,362815,3626190,39832220,476554830,,
3988,27354816,8818,8,362815,3626192,39832396,476563987,6160952176,
3989,27356184,8821,8,362815,3626191,39832309,476559469,,
3990,27356814,8824,8,362815,3626191,39832313,476559915,,
3991,27358146,8826,8,362815,3626190,39832216,476554417,,
3992,27358164,8827,8,362815,3626190,39832216,476554422,6160557448,
3993,27358416,8828,8,362815,3626190,39832218,476554624,,
3994,27358614,8830,8,362815,3626190,39832228,476555630,,
3995,27361485,8833,8,362815,3626190,39832216,476554441,,
3996,27361584,8835,8,362815,3626190,39832220,476554843,,
3997,27361845,8836,8,362815,3626191,39832306,476559156,,
3998,27361854,8837,8,362815,3626191,39832306,476559192,,
3999,27364185,8839,8,362815,3626190,39832224,476555215,,
4000,27364815,8842,8,362815,3626190,39832224,476555203,,
4001,27365184,8845,8,362815,3626191,39832308,476559344,,
4002,27365814,8848,8,362815,3626191,39832313,476559909,6160795967,
4003,27368145,8850,8,362815,3626191,39832312,476559753,,
4004,27368154,8851,8,362815,3626191,39832312,476559790,,
4005,27368415,8852,8,362815,3626190,39832222,476555033,6160593785,
4006,27368514,8854,8,362815,3626190,39832230,476555813,,
4007,27381456,8856,8,362815,3626192,39832406,476565039,6161016260,
4008,27381465,8857,8,362815,3626192,39832402,476564574,,
4009,27381546,8858,8,362815,3626192,39832402,476564570,,
4010,27381564,8859,8,362815,3626192,39832402,476564540,,
4011,27381645,8860,8,362815,3626192,39832402,476564525,,
4012,27381654,8861,8,362815,3626192,39832403,476564752,,
4013,27384156,8862,8,362815,3626191,39832320,476560649,,
4014,27384165,8863,8,362815,3626191,39832314,476560024,,
4015,27384516,8864,8,362815,3626191,39832319,476560550,,
4016,27384615,8866,8,362815,3626190,39832232,476556024,,
4017,27385146,8868,8,362815,3626190,39832224,476555228,,
4018,27385164,8869,8,362815,3626190,39832224,476555237,6160606244,
4019,27385416,8870,8,362815,3626191,39832311,476559727,,
4020,27385614,8872,8,362815,3626191,39832317,476560343,6160823697,
4021,27386145,8874,8,362815,3626191,39832315,476560055,,
4022,27386154,8875,8,362815,3626191,39832315,476560109,,
4023,27386415,8876,8,362815,3626190,39832230,476555838,,
4024,27386514,8878,8,362815,3626191,39832315,476560124,6160809740,
4025,27413856,8884,8,362815,3626191,39832318,476560438,6160828958,
4026,27413865,8885,8,362815,3626191,39832318,476560456,,
4027,27415836,8890,8,362815,3626190,39832208,476553665,,
4028,27415863,8891,8,362815,3626190,39832218,476554643,6160571680,
4029,27416385,8893,4,362815,3626190,39832210,476554068,,
4030,27416583,8895,8,362815,3626191,39832304,476559000,,
4031,27416835,8896,8,362815,3626190,39832211,476553969,,
4032,27416853,8897,8,362815,3626190,39832218,476554622,,
4033,27418356,8898,8,362815,3626191,39832303,476558965,,
4034,27418365,8899,8,362815,3626191,39832302,476558849,,
4035,27418536,8900,8,362815,3626190,39832216,476554442,,
4036,27418563,8901,8,362815,3626191,39832306,476559232,6160757779,
4037,27418635,8902,8,362815,3626190,39832221,476554922,,
4038,27418653,8903,8,362815,3626191,39832304,476559055,,
4039,27431856,8908,8,362815,3626192,39832401,476564529,,
4040,27431865,8909,8,362815,3626192,39832401,476564548,,
4041,27435816,8914,8,362815,3626192,39832396,476563967,,
4042,27436815,8920,8,362815,3626191,39832308,476559404,,
4043,27438156,8922,8,362815,3626192,39832394,476563786,,
4044,27438165,8923,8,362815,3626192,39832394,476563804,,
4045,27438516,8924,8,362815,3626191,39832310,476559613,,
4046,27438615,8926,8,362815,3626191,39832310,476559601,6160777743,
4047,27451836,8932,8,362815,3626191,39832300,476558568,,
4048,27451863,8933,8,362815,3626191,39832304,476558996,,
4049,27453816,8938,8,362815,3626192,39832396,476564030,,
4050,27456183,8941,4,362815,3626193,39832490,476569217,,
4051,27456813,8944,8,362815,3626193,39832499,476570192,,
4052,27458136,8946,8,362815,3626191,39832305,476559109,,
4053,27458163,8947,8,362815,3626191,39832301,476558749,,
4054,27458316,8948,8,362815,3626191,39832308,476559359,,
4055,27458613,8950,8,362815,3626191,39832331,476561785,6160910144,
4056,27461385,8953,8,362815,3626190,39832220,476554852,,
4057,27461583,8955,8,362815,3626190,39832222,476555000,,
4058,27461835,8956,8,362815,3626190,39832220,476554846,6160583396,
4059,27461853,8957,8,362815,3626190,39832218,476554594,6160565993,
4060,27463185,8959,8,362815,3626190,39832228,476555619,,
4061,27463815,8962,8,362815,3626190,39832226,476555420,,
4062,27465183,8965,8,362815,3626192,39832404,476564757,,
4063,27465813,8968,8,362815,3626192,39832416,476566044,,
4064,27468135,8970,8,362815,3626190,39832232,476556066,,
4065,27468153,8971,8,362815,3626190,39832226,476555423,,
4066,27468315,8972,8,362815,3626190,39832226,476555433,,
4067,27468513,8974,8,362815,3626190,39832246,476557474,,
4068,27481356,8976,8,362815,3626191,39832312,476559830,,
4069,27481365,8977,8,362815,3626191,39832310,476559621,,
4070,27481536,8978,8,362815,3626190,39832220,476554835,,
4071,27481563,8979,8,362815,3626191,39832306,476559208,,
4072,27481635,8980,8,362815,3626190,39832221,476554930,,
4073,27481653,8981,8,362815,3626191,39832304,476559060,,
4074,27483156,8982,8,362815,3626191,39832310,476559600,,
4075,27483165,8983,8,362815,3626191,39832310,476559597,,
4076,27483516,8984,8,362815,3626190,39832226,476555440,,
4077,27483615,8986,8,362815,3626190,39832220,476554907,,
4078,27485136,8988,8,362815,3626190,39832222,476555083,6160599511,
4079,27485163,8989,8,362815,3626190,39832228,476555706,,
4080,27485316,8990,8,362815,3626190,39832228,476555648,,
4081,27485613,8992,8,362815,3626192,39832415,476566020,,
4082,27486135,8994,8,362815,3626190,39832234,476556290,,
4083,27486153,8995,8,362815,3626190,39832228,476555671,,
4084,27486315,8996,8,362815,3626190,39832224,476555335,,
4085,27486513,8998,8,362815,3626191,39832331,476561785,6160910174,
4086,27513846,9004,8,362815,3626190,39832220,476554813,,
4087,27513864,9005,8,362815,3626190,39832224,476555269,,
4088,27514836,9010,8,362815,3626190,39832220,476554824,,
4089,27514863,9011,8,362815,3626190,39832220,476554817,,
4090,27516834,9016,8,362815,3626191,39832313,476559878,,
4091,27516843,9017,8,362815,3626191,39832313,476559884,,
4092,27518346,9018,8,362815,3626191,39832306,476559213,,
4093,27518364,9019,8,362815,3626190,39832220,476554796,,
4094,27518436,9020,8,362815,3626191,39832304,476558976,,
4095,27518463,9021,8,362815,3626190,39832222,476555024,,
4096,27518634,9022,8,362815,3626191,39832313,476559919,,
4097,27518643,9023,8,362815,3626191,39832314,476560038,6160805400,
4098,27531846,9028,8,362815,3626190,39832222,476555032,,
4099,27531864,9029,8,362815,3626190,39832234,476556260,,
4100,27534816,9034,8,362815,3626192,39832396,476564032,,
4101,27536814,9040,8,362815,3626190,39832226,476555452,6160619431,
4102,27538146,9042,8,362815,3626190,39832218,476554630,,
4103,27538164,9043,8,362815,3626190,39832228,476555657,,
4104,27538416,9044,8,362815,3626190,39832218,476554661,,
4105,27538614,9046,8,362815,3626190,39832226,476555506,,
4106,27541836,9052,8,362815,3626191,39832302,476558789,,
4107,27541863,9053,8,362815,3626191,39832308,476559384,6160764064,
4108,27543816,9058,8,362815,3626192,39832414,476565849,6161064164,
4109,27546813,9064,8,362815,3626192,39832416,476566039,,
4110,27548136,9066,8,362815,3626191,39832311,476559705,,
4111,27548163,9067,8,362815,3626191,39832309,476559515,,
4112,27548316,9068,8,362815,3626191,39832314,476560018,,
4113,27548613,9070,8,362815,3626192,39832413,476565755,,
4114,27561384,9073,4,362815,3626192,39832400,476564317,,
4115,27561483,9075,8,362815,3626192,39832400,476564352,,
4116,27561834,9076,8,362815,3626193,39832485,476568669,,
4117,27561843,9077,8,362815,3626193,39832485,476568650,,
4118,27563814,9082,8,362815,3626192,39832396,476564019,,
4119,27564183,9085,4,362815,3626193,39832490,476569194,,
4120,27564813,9088,8,362815,3626193,39832502,476570447,,
4121,27568134,9090,8,362815,3626193,39832501,476570304,,
4122,27568143,9091,8,362815,3626193,39832501,476570283,,
4123,27568314,9092,8,362815,3626192,39832416,476565998,,
4124,27568413,9094,8,362815,3626192,39832424,476566844,,
4125,27581346,9096,8,362815,3626191,39832316,476560235,6160816545,
4126,27581364,9097,8,362815,3626190,39832232,476555980,,
4127,27581436,9098,8,362815,3626191,39832315,476560089,,
4128,27581463,9099,8,362815,3626190,39832228,476555622,6160627531,
4129,27581634,9100,8,362815,3626191,39832317,476560318,,
4130,27581643,9101,8,362815,3626191,39832318,476560439,,
4131,27583146,9102,8,362815,3626190,39832230,476555797,,
4132,27583164,9103,8,362815,3626190,39832224,476555243,,
4133,27583416,9104,8,362815,3626191,39832315,476560081,,
4134,27583614,9106,8,362815,3626190,39832234,476556274,,
4135,27584136,9108,8,362815,3626190,39832230,476555827,,
4136,27584163,9109,8,362815,3626190,39832220,476554884,,
4137,27584316,9110,8,362815,3626191,39832317,476560334,,
4138,27584613,9112,8,362815,3626191,39832329,476561612,,
4139,27586134,9114,8,362815,3626193,39832501,476570342,6161245439,
4140,27586143,9115,8,362815,3626193,39832501,476570320,6161242930,
4141,27586314,9116,8,362815,3626192,39832416,476566051,6161076511,
4142,27586413,9118,8,362815,3626192,39832426,476567081,,
4143,27613485,9121,4,362815,3626192,39832398,476564182,,
4144,27613584,9123,8,362815,3626191,39832313,476559888,,
4145,27613845,9124,8,362815,3626192,39832398,476564174,6160962183,
4146,27613854,9125,8,362815,3626192,39832398,476564138,,
4147,27614385,9127,4,362815,3626192,39832398,476564206,6160966127,
4148,27614583,9129,8,362815,3626192,39832398,476564166,,
4149,27614835,9130,8,362815,3626191,39832308,476559387,,
4150,27614853,9131,8,362815,3626191,39832309,476559516,,
4151,27615384,9133,8,362815,3626191,39832312,476559824,,
4152,27615483,9135,8,362815,3626192,39832400,476564464,,
4153,27615834,9136,8,362815,3626192,39832402,476564575,,
4154,27615843,9137,8,362815,3626192,39832402,476564657,6160994873,
4155,27618345,9138,8,362815,3626193,39832492,476569444,,
4156,27618354,9139,8,362815,3626193,39832490,476569127,,
4157,27618435,9140,8,362815,3626193,39832490,476569132,,
4158,27618453,9141,8,362815,3626193,39832491,476569288,,
4159,27618534,9142,8,362815,3626193,39832491,476569287,,
4160,27618543,9143,8,362815,3626193,39832493,476569544,,
4161,27631584,9147,4,362815,3626191,39832305,476559107,,
4162,27631845,9148,8,362815,3626192,39832395,476563890,,
4163,27631854,9149,8,362815,3626192,39832395,476563859,,
4164,27634815,9154,8,362815,3626192,39832394,476563746,,
4165,27635184,9157,8,362815,3626191,39832308,476559411,,
4166,27635814,9160,8,362815,3626191,39832313,476559929,,
4167,27638145,9162,8,362815,3626192,39832394,476563788,,
4168,27638154,9163,8,362815,3626192,39832394,476563754,,
4169,27638415,9164,8,362815,3626191,39832308,476559437,,
4170,27638514,9166,8,362815,3626191,39832305,476559181,,
4171,27641835,9172,8,362815,3626191,39832306,476559176,,
4172,27641853,9173,8,362815,3626191,39832306,476559224,,
4173,27643815,9178,8,362815,3626192,39832398,476564265,,
4174,27645183,9181,4,362815,3626193,39832489,476569089,,
4175,27645813,9184,8,362815,3626193,39832500,476570250,,
4176,27648135,9186,8,362815,3626191,39832315,476560124,6160809717,
4177,27648153,9187,8,362815,3626191,39832311,476559773,,
4178,27648315,9188,8,362815,3626191,39832313,476559934,,
4179,27648513,9190,8,362815,3626191,39832331,476561806,,
4180,27651384,9193,4,362815,3626192,39832402,476564584,,
4181,27651483,9195,8,362815,3626192,39832406,476565028,,
4182,27651834,9196,8,362815,3626193,39832492,476569356,,
4183,27651843,9197,8,362815,3626193,39832492,476569368,,
4184,27653814,9202,8,362815,3626192,39832407,476565156,,
4185,27654183,9205,4,362815,3626193,39832499,476570168,6161236092,
4186,27654813,9208,8,362815,3626194,39832594,476575490,,
4187,27658134,9210,8,362815,3626194,39832587,476574712,,
4188,27658143,9211,8,362815,3626194,39832587,476574715,,
4189,27658314,9212,8,362815,3626193,39832501,476570330,,
4190,27658413,9214,8,362815,3626193,39832506,476570922,6161283329,
4191,27681345,9216,8,362815,3626194,39832587,476574741,,
4192,27681354,9217,8,362815,3626194,39832586,476574542,,
4193,27681435,9218,8,362815,3626194,39832586,476574549,,
4194,27681453,9219,8,362815,3626194,39832582,476574203,,
4195,27681534,9220,8,362815,3626194,39832582,476574201,6161387008,
4196,27681543,9221,8,362815,3626194,39832587,476574733,6161420022,
4197,27683145,9222,8,362815,3626193,39832497,476569918,6161219066,
4198,27683154,9223,8,362815,3626193,39832497,476569862,6161212723,
4199,27683415,9224,8,362815,3626193,39832493,476569530,6161196958,
4200,27683514,9226,8,362815,3626192,39832410,476565472,6161043505,
4201,27684135,9228,8,362815,3626192,39832412,476565592,,
4202,27684153,9229,8,362815,3626192,39832410,476565459,,
4203,27684315,9230,8,362815,3626193,39832495,476569716,,
4204,27684513,9232,8,362815,3626193,39832509,476571203,,
4205,27685134,9234,8,362815,3626193,39832507,476570935,,
4206,27685143,9235,8,362815,3626193,39832505,476570769,,
4207,27685314,9236,8,362815,3626192,39832424,476566852,,
4208,27685413,9238,8,362815,3626193,39832509,476571226,,
4209,27813456,9240,8,362815,3626194,39832595,476575631,,
4210,27813465,9241,8,362815,3626194,39832587,476574746,6161421545,
4211,27813546,9242,8,362815,3626194,39832588,476574862,,
4212,27813564,9243,8,362815,3626193,39832502,476570442,,
4213,27813645,9244,8,362815,3626193,39832502,476570417,,
4214,27813654,9245,8,362815,3626194,39832587,476574738,6161420747,
4215,27814356,9246,8,362815,3626194,39832587,476574760,,
4216,27814365,9247,8,362815,3626194,39832587,476574762,6161423576,
4217,27814536,9248,8,362815,3626193,39832498,476570009,,
4218,27814563,9249,8,362815,3626194,39832587,476574746,6161421582,
4219,27814635,9250,8,362815,3626193,39832498,476570033,,
4220,27814653,9251,8,362815,3626193,39832498,476570035,,
4221,27815346,9252,8,362815,3626193,39832498,476570026,,
4222,27815364,9253,8,362815,3626193,39832498,476570041,,
4223,27815436,9254,8,362815,3626194,39832587,476574733,6161420178,
4224,27815463,9255,8,362815,3626193,39832498,476570010,,
4225,27815634,9256,8,362815,3626194,39832589,476574968,,
4226,27815643,9257,8,362815,3626194,39832588,476574863,,
4227,27816345,9258,8,362815,3626194,39832587,476574739,6161420925,
4228,27816354,9259,8,362815,3626193,39832502,476570428,6161249415,
4229,27816435,9260,8,362815,3626193,39832502,476570430,,
4230,27816453,9261,8,362815,3626194,39832588,476574872,,
4231,27816534,9262,8,362815,3626194,39832587,476574749,6161421764,
4232,27816543,9263,8,362815,3626194,39832595,476575629,,
4233,27831456,9264,8,362815,3626193,39832503,476570604,,
4234,27831465,9265,8,362815,3626193,39832498,476570040,6161227396,
4235,27831546,9266,8,362815,3626193,39832498,476570056,6161229351,
4236,27831564,9267,8,362815,3626193,39832490,476569247,,
4237,27831645,9268,8,362815,3626193,39832490,476569238,,
4238,27831654,9269,8,362815,3626193,39832499,476570137,,
4239,27834156,9270,8,362815,3626193,39832493,476569577,,
4240,27834165,9271,8,362815,3626193,39832491,476569327,6161184859,
4241,27834516,9272,8,362815,3626193,39832500,476570262,,
4242,27834615,9274,8,362815,3626192,39832406,476565073,,
4243,27835146,9276,8,362815,3626191,39832324,476561066,,
4244,27835164,9277,8,362815,3626191,39832316,476560266,,
4245,27835416,9278,8,362815,3626193,39832490,476569220,,
4246,27835614,9280,8,362815,3626192,39832405,476565025,,
4247,27836145,9282,8,362815,3626192,39832398,476564294,,
4248,27836154,9283,8,362815,3626192,39832406,476565074,,
4249,27836415,9284,8,362815,3626191,39832320,476560669,,
4250,27836514,9286,8,362815,3626192,39832403,476564781,,
4251,27841356,9288,8,362815,3626192,39832409,476565372,,
4252,27841365,9289,8,362815,3626192,39832409,476565338,,
4253,27841536,9290,8,362815,3626191,39832321,476560773,,
4254,27841563,9291,8,362815,3626192,39832403,476564762,,
4255,27841635,9292,8,362815,3626191,39832317,476560400,6160830097,
4256,27841653,9293,8,362815,3626192,39832399,476564355,,
4257,27843156,9294,8,362815,3626193,39832493,476569537,,
4258,27843165,9295,8,362815,3626193,39832493,476569530,6161197006,
4259,27843516,9296,8,362815,3626193,39832490,476569225,6161178996,
4260,27843615,9298,8,362815,3626192,39832404,476564856,6161006633,
4261,27845136,9300,8,362815,3626192,39832405,476564959,,
4262,27845163,9301,8,362815,3626192,39832407,476565188,,
4263,27845316,9302,8,362815,3626193,39832493,476569529,,
4264,27845613,9304,8,362815,3626194,39832598,476575914,,
4265,27846135,9306,8,362815,3626191,39832325,476561219,,
4266,27846153,9307,8,362815,3626191,39832321,476560802,,
4267,27846315,9308,8,362815,3626191,39832325,476561210,,
4268,27846513,9310,8,362815,3626193,39832501,476570400,,
4269,27851346,9312,8,362815,3626192,39832406,476565054,6161018040,
4270,27851364,9313,8,362815,3626191,39832321,476560728,,
4271,27851436,9314,8,362815,3626192,39832406,476565029,6161015309,
4272,27851463,9315,8,362815,3626191,39832319,476560525,,
4273,27851634,9316,8,362815,3626192,39832410,476565487,6161045413,
4274,27851643,9317,8,362815,3626192,39832408,476565280,,
4275,27853146,9318,8,362815,3626191,39832323,476560949,,
4276,27853164,9319,8,362815,3626191,39832321,476560766,,
4277,27853416,9320,8,362815,3626193,39832493,476569515,,
4278,27853614,9322,8,362815,3626191,39832325,476561195,6160876343,
4279,27854136,9324,8,362815,3626192,39832409,476565327,,
4280,27854163,9325,8,362815,3626192,39832397,476564174,,
4281,27854316,9326,8,362815,3626193,39832500,476570258,,
4282,27854613,9328,8,362815,3626193,39832501,476570396,6161251499,
4283,27856134,9330,8,362815,3626194,39832592,476575295,,
4284,27856143,9331,8,362815,3626194,39832590,476575082,,
4285,27856314,9332,8,362815,3626193,39832509,476571218,6161300671,
4286,27856413,9334,8,362815,3626194,39832599,476576014,6161499711,
4287,27861345,9336,8,362815,3626194,39832592,476575249,,
4288,27861354,9337,8,362815,3626194,39832586,476574607,6161411200,
4289,27861435,9338,8,362815,3626194,39832586,476574609,6161411622,
4290,27861453,9339,8,362815,3626194,39832586,476574616,6161412440,
4291,27861534,9340,8,362815,3626194,39832586,476574609,6161411661,
4292,27861543,9341,8,362815,3626194,39832590,476575081,,
4293,27863145,9342,8,362815,3626193,39832502,476570452,,
4294,27863154,9343,8,362815,3626193,39832498,476570038,,
4295,27863415,9344,8,362815,3626193,39832499,476570163,,
4296,27863514,9346,8,362815,3626192,39832418,476566292,,
4297,27864135,9348,8,362815,3626192,39832416,476566047,6161075867,
4298,27864153,9349,8,362815,3626192,39832418,476566281,,
4299,27864315,9350,8,362815,3626193,39832499,476570181,,
4300,27864513,9352,8,362815,3626194,39832598,476575893,,
4301,27865134,9354,8,362815,3626194,39832592,476575263,,
4302,27865143,9355,8,362815,3626194,39832590,476575083,,
4303,27865314,9356,8,362815,3626193,39832509,476571202,,
4304,27865413,9358,8,362815,3626194,39832598,476575929,,
4305,28345617,9512,4,362815,3626193,39832510,476571317,,
4306,28346517,9518,8,362815,3626193,39832497,476569937,,
4307,28354617,9536,4,362815,3626193,39832498,476570055,,
4308,28356417,9542,8,362815,3626192,39832408,476565199,,
4309,28364517,9560,8,362815,3626192,39832408,476565223,,
4310,28365417,9566,8,362815,3626193,39832497,476569910,,
4311,28436517,9638,4,362815,3626193,39832497,476569948,,
4312,28463517,9680,2,362815,3626192,39832404,476564854,,
4313,28536417,9758,2,362815,3626192,39832404,476564834,,
4314,32416875,10931,4,362815,3626194,39832606,476576719,,
4315,32417856,10936,8,362815,3626195,39832691,476581003,,
4316,32417865,10937,8,362815,3626195,39832691,476581010,6161710473,
4317,32418576,10939,4,362815,3626194,39832606,476576723,,
4318,32418675,10941,8,362815,3626195,39832692,476581123,,
4319,32418756,10942,8,362815,3626195,39832691,476581004,6161709891,
4320,32458176,10963,8,362815,3626194,39832591,476575176,,
4321,32461875,10973,8,362815,3626193,39832497,476570014,6161230655,
4322,32468175,10987,8,362815,3626192,39832412,476565626,,
4323,32471856,10996,8,362815,3626193,39832498,476570052,6161229339,
4324,32471865,10997,8,362815,3626193,39832498,476570058,,
4325,32478156,11010,8,362815,3626194,39832583,476574297,,
4326,32478165,11011,8,362815,3626194,39832583,476574306,6161393800,
4327,32481576,11017,4,362815,3626194,39832582,476574254,,
4328,32481675,11019,8,362815,3626194,39832586,476574643,6161415710,
4329,32481756,11020,8,362815,3626194,39832586,476574645,,
4330,32481765,11021,8,362815,3626194,39832593,476575431,6161466749,
4331,32485176,11023,8,362815,3626193,39832494,476569673,6161207981,
4332,32486175,11029,8,362815,3626192,39832414,476565801,,
4333,32487156,11034,8,362815,3626194,39832583,476574294,,
4334,32487165,11035,8,362815,3626194,39832585,476574543,,
4335,32517846,11056,8,362815,3626192,39832410,476565550,,
4336,32517864,11057,8,362815,3626193,39832497,476569998,,
4337,32518476,11059,4,362815,3626192,39832409,476565531,,
4338,32518674,11061,8,362815,3626193,39832497,476569997,,
4339,32518746,11062,8,362815,3626192,39832408,476565340,,
4340,32518764,11063,8,362815,3626193,39832505,476570850,,
4341,32548176,11083,8,362815,3626194,39832591,476575213,,
4342,32561874,11093,4,362815,3626193,39832491,476569349,,
4343,32568174,11107,8,362815,3626192,39832405,476564915,,
4344,32571846,11116,8,362815,3626191,39832320,476560668,,
4345,32571864,11117,8,362815,3626191,39832319,476560549,6160836015,
4346,32578146,11130,8,362815,3626192,39832408,476565268,6161031320,
4347,32578164,11131,8,362815,3626192,39832404,476564846,6161005427,
4348,32581476,11137,4,362815,3626192,39832403,476564821,,
4349,32581674,11139,8,362815,3626192,39832401,476564530,,
4350,32581746,11140,8,362815,3626191,39832315,476560164,,
4351,32581764,11141,8,362815,3626192,39832407,476565175,,
4352,32584176,11143,8,362815,3626192,39832404,476564893,,
4353,32586174,11149,8,362815,3626191,39832319,476560532,,
4354,32587146,11154,8,362815,3626192,39832401,476564551,,
4355,32587164,11155,8,362815,3626192,39832406,476565017,,
4356,32614875,11165,4,362815,3626192,39832418,476566404,,
4357,32615874,11171,8,362815,3626192,39832409,476565477,,
4358,32617845,11176,8,362815,3626193,39832497,476569985,,
4359,32617854,11177,8,362815,3626193,39832497,476569982,6161226786,
4360,32618475,11179,8,362815,3626191,39832319,476560640,6160846898,
4361,32618574,11181,8,362815,3626191,39832327,476561429,,
4362,32618745,11182,8,362815,3626193,39832494,476569672,6161208214,
4363,32618754,11183,8,362815,3626193,39832496,476569899,6161223052,
4364,32648175,11203,8,362815,3626191,39832321,476560786,6160852159,
4365,32651874,11213,4,362815,3626193,39832492,476569459,,
4366,32658174,11227,8,362815,3626192,39832406,476565040,,
4367,32671845,11236,8,362815,3626193,39832492,476569455,,
4368,32671854,11237,8,362815,3626193,39832492,476569443,,
4369,32678145,11250,8,362815,3626194,39832585,476574546,,
4370,32678154,11251,8,362815,3626194,39832585,476574535,6161408688,
4371,32681475,11257,8,362815,3626191,39832316,476560267,,
4372,32681574,11259,8,362815,3626191,39832319,476560564,,
4373,32681745,11260,8,362815,3626192,39832405,476564919,,
4374,32681754,11261,8,362815,3626192,39832406,476565039,6161016464,
4375,32684175,11263,8,362815,3626191,39832308,476559433,,
4376,32685174,11269,8,362815,3626191,39832313,476559946,,
4377,32687145,11274,8,362815,3626194,39832580,476573990,6161374218,
4378,32687154,11275,8,362815,3626194,39832580,476574001,,
4379,32714856,11284,8,362815,3626192,39832407,476565259,,
4380,32714865,11285,8,362815,3626192,39832407,476565248,,
4381,32715846,11290,8,362815,3626191,39832326,476561353,,
4382,32715864,11291,8,362815,3626191,39832331,476561840,6160916794,
4383,32716845,11296,8,362815,3626192,39832413,476565831,,
4384,32716854,11297,8,362815,3626192,39832419,476566441,,
4385,32718456,11298,8,362815,3626193,39832504,476570700,,
4386,32718465,11299,8,362815,3626193,39832495,476569790,,
4387,32718546,11300,8,362815,3626193,39832495,476569791,,
4388,32718564,11301,8,362815,3626193,39832503,476570602,6161264067,85461369287
4389,32718645,11302,8,362815,3626193,39832501,476570386,,
4390,32718654,11303,8,362815,3626193,39832507,476571010,,
4391,32741856,11308,8,362815,3626192,39832400,476564487,,
4392,32741865,11309,8,362815,3626192,39832398,476564285,,
4393,32748156,11322,8,362815,3626192,39832399,476564333,,
4394,32748165,11323,8,362815,3626192,39832397,476564134,,
4395,32751846,11332,8,362815,3626191,39832310,476559666,6160785538,
4396,32751864,11333,8,362815,3626191,39832315,476560166,,
4397,32758146,11346,8,362815,3626191,39832316,476560248,6160818277,
4398,32758164,11347,8,362815,3626191,39832319,476560546,,
4399,32761845,11356,8,362815,3626193,39832488,476569019,6161166617,
4400,32761854,11357,8,362815,3626193,39832489,476569141,,
4401,32768145,11370,8,362815,3626194,39832580,476573995,,
4402,32768154,11371,8,362815,3626194,39832580,476574019,,
4403,32781456,11376,8,362815,3626194,39832585,476574556,6161411234,
4404,32781465,11377,8,362815,3626194,39832580,476574024,,
4405,32781546,11378,8,362815,3626194,39832580,476574023,,
4406,32781564,11379,8,362815,3626194,39832585,476574535,6161408770,
4407,32781645,11380,8,362815,3626194,39832583,476574323,,
4408,32781654,11381,8,362815,3626194,39832588,476574874,,
4409,32784156,11382,8,362815,3626193,39832492,476569432,,
4410,32784165,11383,8,362815,3626193,39832488,476569010,,
4411,32785146,11388,8,362815,3626192,39832405,476564912,,
4412,32785164,11389,8,362815,3626192,39832408,476565236,6161027912,
4413,32786145,11394,8,362815,3626194,39832583,476574284,,
4414,32786154,11395,8,362815,3626194,39832583,476574326,,
4415,32814675,11403,8,362815,3626193,39832506,476570879,,
4416,32814756,11404,8,362815,3626193,39832506,476570886,,
4417,32814765,11405,8,362815,3626194,39832593,476575407,,
4418,32815674,11409,8,362815,3626194,39832590,476575073,,
4419,32815746,11410,8,362815,3626193,39832503,476570599,,
4420,32815764,11411,8,362815,3626193,39832503,476570596,,
4421,32816475,11413,8,362815,3626193,39832505,476570814,,
4422,32816574,11415,8,362815,3626193,39832502,476570500,,
4423,32816745,11416,8,362815,3626194,39832594,476575513,,
4424,32816754,11417,8,362815,3626194,39832594,476575517,,
4425,32817456,11418,8,362815,3626194,39832593,476575420,,
4426,32817465,11419,8,362815,3626193,39832511,476571409,6161311472,
4427,32817546,11420,8,362815,3626193,39832511,476571409,6161311503,
4428,32817564,11421,8,362815,3626194,39832599,476576030,,
4429,32817645,11422,8,362815,3626194,39832597,476575825,,
4430,32817654,11423,8,362815,3626195,39832691,476581070,,
4431,32841675,11427,8,362815,3626193,39832490,476569254,,
4432,32841756,11428,8,362815,3626193,39832490,476569259,,
4433,32841765,11429,8,362815,3626193,39832497,476569993,,
4434,32845176,11431,4,362815,3626193,39832491,476569324,,
4435,32846175,11437,8,362815,3626191,39832317,476560305,,
4436,32847156,11442,8,362815,3626192,39832401,476564514,,
4437,32847165,11443,8,362815,3626192,39832405,476564985,,
4438,32851674,11451,8,362815,3626192,39832403,476564722,,
4439,32851746,11452,8,362815,3626191,39832315,476560209,,
4440,32851764,11453,8,362815,3626192,39832399,476564369,6160979269,
4441,32854176,11455,4,362815,3626193,39832491,476569344,,
4442,32856174,11461,8,362815,3626192,39832403,476564725,,
4443,32857146,11466,8,362815,3626191,39832318,476560455,6160830739,
4444,32857164,11467,8,362815,3626191,39832319,476560535,6160834437,
4445,32861475,11473,8,362815,3626191,39832318,476560460,6160831614,
4446,32861574,11475,8,362815,3626191,39832319,476560535,6160834342,
4447,32861745,11476,8,362815,3626192,39832410,476565462,,
4448,32861754,11477,8,362815,3626192,39832411,476565565,,
4449,32864175,11479,8,362815,3626191,39832316,476560276,,
4450,32865174,11485,8,362815,3626192,39832397,476564121,,
4451,32867145,11490,8,362815,3626194,39832583,476574305,,
4452,32867154,11491,8,362815,3626194,39832583,476574310,,
4453,32871456,11496,8,362815,3626194,39832585,476574534,,
4454,32871465,11497,8,362815,3626194,39832580,476574022,,
4455,32871546,11498,8,362815,3626194,39832580,476574041,,
4456,32871564,11499,8,362815,3626194,39832583,476574337,,
4457,32871645,11500,8,362815,3626194,39832583,476574351,,
4458,32871654,11501,8,362815,3626194,39832592,476575312,,
4459,32874156,11502,8,362815,3626193,39832492,476569445,,
4460,32874165,11503,8,362815,3626193,39832488,476569040,,
4461,32875146,11508,8,362815,3626192,39832407,476565149,,
4462,32875164,11509,8,362815,3626192,39832410,476565472,6161043698,
4463,32876145,11514,8,362815,3626194,39832585,476574537,,
4464,32876154,11515,8,362815,3626194,39832588,476574876,6161431075,
4465,34127856,11536,2,362815,3626196,39832776,476585290,,
4466,34127865,11537,8,362815,3626196,39832776,476585293,,
4467,34128675,11541,4,362815,3626196,39832777,476585404,,
4468,34157826,11560,4,362815,3626192,39832404,476564864,,
4469,34158726,11566,8,362815,3626192,39832406,476565029,6161015399,
4470,34167825,11584,8,362815,3626193,39832495,476569749,,
4471,34168275,11587,8,362815,3626191,39832315,476560134,,
4472,34168725,11590,8,362815,3626193,39832490,476569177,,
4473,34172856,11596,4,362815,3626192,39832412,476565717,6161060196,
4474,34172865,11597,8,362815,3626192,39832412,476565689,6161057273,
4475,34175826,11602,8,362815,3626191,39832317,476560338,6160823011,
4476,34176825,11608,8,362815,3626193,39832490,476569173,,
4477,34178256,11610,8,362815,3626193,39832491,476569321,,
4478,34178265,11611,8,362815,3626193,39832491,476569313,,
4479,34178526,11612,8,362815,3626192,39832405,476564897,,
4480,34178625,11614,8,362815,3626193,39832494,476569568,,
4481,34182675,11619,8,362815,3626193,39832501,476570342,6161245487,
4482,34182756,11620,8,362815,3626193,39832501,476570344,,
4483,34182765,11621,8,362815,3626193,39832506,476570940,,
4484,34185726,11626,8,362815,3626191,39832319,476560526,,
4485,34186275,11629,8,362815,3626191,39832319,476560548,,
4486,34186725,11632,8,362815,3626193,39832494,476569585,,
4487,34187256,11634,8,362815,3626193,39832491,476569303,,
4488,34187265,11635,8,362815,3626193,39832491,476569341,,
4489,34187526,11636,8,362815,3626192,39832405,476564946,,
4490,34187625,11638,8,362815,3626193,39832495,476569734,,
4491,34217865,11657,4,362815,3626196,39832776,476585294,,
4492,34218675,11661,8,362815,3626196,39832777,476585408,,
4493,34218756,11662,4,362815,3626196,39832776,476585303,,
4494,34268175,11707,8,362815,3626192,39832408,476565230,,
4495,34271865,11717,8,362815,3626193,39832501,476570351,,
4496,34278156,11730,8,362815,3626194,39832583,476574306,6161393651,
4497,34278165,11731,8,362815,3626194,39832583,476574315,,
4498,34281675,11739,8,362815,3626194,39832590,476575054,,
4499,34281756,11740,4,362815,3626194,39832590,476575084,,
4500,34281765,11741,8,362815,3626194,39832600,476576126,6161507064,
4501,34286175,11749,8,362815,3626192,39832412,476565617,,
4502,34287156,11754,8,362815,3626194,39832583,476574273,,
4503,34287165,11755,8,362815,3626194,39832583,476574372,,
4504,34518726,11782,8,362815,3626193,39832495,476569735,,
4505,34571826,11836,8,362815,3626192,39832413,476565774,,
4506,34581726,11860,8,362815,3626192,39832409,476565331,,
4507,34617825,11896,4,362815,3626192,39832399,476564373,,
4508,34618275,11899,8,362815,3626191,39832315,476560167,,
4509,34618725,11902,8,362815,3626192,39832398,476564222,,
4510,34628175,11923,8,362815,3626191,39832320,476560662,,
4511,34671825,11956,8,362815,3626192,39832412,476565692,,
4512,34681275,11977,8,362815,3626192,39832403,476564719,,
4513,34681725,11980,8,362815,3626191,39832316,476560233,,
4514,34682175,11983,8,362815,3626192,39832403,476564695,,
4515,34712865,12005,8,362815,3626193,39832491,476569322,,
4516,34715826,12010,8,362815,3626191,39832299,476558544,,
4517,34716825,12016,8,362815,3626191,39832308,476559393,,
4518,34718256,12018,4,362815,3626192,39832402,476564650,,
4519,34718265,12019,8,362815,3626192,39832402,476564631,,
4520,34718526,12020,8,362815,3626191,39832305,476559092,,
4521,34718625,12022,8,362815,3626191,39832312,476559760,,
4522,34721865,12029,8,362815,3626193,39832491,476569319,,
4523,34728156,12042,8,362815,3626192,39832403,476564684,,
4524,34728165,12043,8,362815,3626192,39832403,476564715,6160996167,
4525,34751826,12052,8,362815,3626191,39832314,476560041,,
4526,34761825,12076,8,362815,3626192,39832401,476564519,6160984617,
4527,34781256,12096,4,362815,3626194,39832578,476573828,,
4528,34781265,12097,8,362815,3626194,39832578,476573806,,
4529,34781526,12098,8,362815,3626192,39832399,476564299,,
4530,34781625,12100,8,362815,3626192,39832401,476564490,6160981498,
4531,34782156,12102,8,362815,3626194,39832578,476573780,,
4532,34782165,12103,8,362815,3626194,39832578,476573789,,
4533,34812675,12123,8,362815,3626194,39832583,476574298,,
4534,34812765,12125,8,362815,3626194,39832587,476574781,6161425727,
4535,34815726,12130,8,362815,3626191,39832308,476559384,6160764089,
4536,34816275,12133,8,362815,3626191,39832313,476559916,6160797022,
4537,34816725,12136,8,362815,3626192,39832398,476564173,,
4538,34817265,12139,8,362815,3626192,39832405,476564942,,
4539,34817526,12140,8,362815,3626191,39832312,476559803,,
4540,34817625,12142,8,362815,3626192,39832398,476564212,6160966373,
4541,34821675,12147,8,362815,3626194,39832583,476574274,,
4542,34821765,12149,8,362815,3626194,39832585,476574590,,
4543,34826175,12157,8,362815,3626191,39832317,476560307,,
4544,34827156,12162,4,362815,3626192,39832404,476564847,,
4545,34827165,12163,8,362815,3626192,39832414,476565878,,
4546,34851726,12172,8,362815,3626191,39832310,476559643,,
4547,34861275,12193,8,362815,3626192,39832399,476564286,,
4548,34861725,12196,8,362815,3626191,39832314,476560040,,
4549,34862175,12199,8,362815,3626192,39832399,476564290,,
4550,34872156,12222,2,362815,3626194,39832578,476573773,,
4551,35148726,12286,8,362815,3626191,39832317,476560343,6160823688,
4552,35168274,12307,8,362815,3626190,39832225,476555310,,
4553,35168724,12310,8,362815,3626192,39832406,476565032,6161015455,
4554,35172846,12316,2,362815,3626191,39832319,476560552,6160835792,
4555,35172864,12317,8,362815,3626190,39832230,476555869,,
4556,35174826,12322,4,362815,3626190,39832213,476554180,,
4557,35176824,12328,8,362815,3626192,39832406,476565032,6161015471,
4558,35178246,12330,8,362815,3626191,39832320,476560667,,
4559,35178264,12331,8,362815,3626191,39832310,476559633,,
4560,35178426,12332,8,362815,3626191,39832307,476559309,,
4561,35178624,12334,8,362815,3626192,39832404,476564820,6161002332,
4562,35182674,12339,4,362815,3626191,39832311,476559719,,
4563,35182764,12341,4,362815,3626191,39832316,476560312,,
4564,35184726,12346,8,362815,3626190,39832218,476554653,,
4565,35186274,12349,8,362815,3626190,39832223,476555149,,
4566,35186724,12352,8,362815,3626192,39832404,476564831,,
4567,35187246,12354,8,362815,3626191,39832316,476560251,,
4568,35187264,12355,8,362815,3626191,39832310,476559641,,
4569,35187426,12356,8,362815,3626191,39832307,476559291,,
4570,35187624,12358,8,362815,3626192,39832409,476565345,,
4571,35218674,12381,8,362815,3626193,39832501,476570348,6161246047,
4572,35218746,12382,4,362815,3626192,39832412,476565680,,
4573,35218764,12383,8,362815,3626193,39832507,476571040,,
4574,35268174,12427,8,362815,3626190,39832230,476555787,,
4575,35271864,12437,4,362815,3626190,39832234,476556220,,
4576,35278146,12450,8,362815,3626191,39832313,476559927,,
4577,35278164,12451,8,362815,3626191,39832316,476560200,6160812569,
4578,35281674,12459,8,362815,3626191,39832319,476560497,,
4579,35281746,12460,4,362815,3626190,39832234,476556245,,
4580,35281764,12461,8,362815,3626191,39832328,476561487,,
4581,35286174,12469,8,362815,3626190,39832226,476555394,6160612717,
4582,35287146,12474,8,362815,3626191,39832312,476559775,6160786551,
4583,35287164,12475,8,362815,3626191,39832316,476560235,6160816485,
4584,35418726,12502,8,362815,3626193,39832490,476569201,,
4585,35481726,12580,8,362815,3626192,39832406,476565001,,
4586,35618274,12619,8,362815,3626191,39832314,476560068,,
4587,35618724,12622,8,362815,3626192,39832407,476565164,,
4588,35628174,12643,8,362815,3626191,39832315,476560135,,
4589,35671824,12676,4,362815,3626193,39832510,476571312,,
4590,35681274,12697,8,362815,3626192,39832399,476564346,,
4591,35681724,12700,8,362815,3626191,39832325,476561180,,
4592,35712864,12725,8,362815,3626191,39832316,476560240,,
4593,35714826,12730,8,362815,3626190,39832216,476554418,6160557368,
4594,35716824,12736,8,362815,3626190,39832235,476556348,,
4595,35718246,12738,4,362815,3626191,39832329,476561555,,
4596,35718264,12739,8,362815,3626190,39832232,476556071,,
4597,35718426,12740,8,362815,3626190,39832224,476555225,6160604405,
4598,35718624,12742,8,362815,3626190,39832230,476555853,6160642513,
4599,35721864,12749,8,362815,3626191,39832316,476560229,6160815858,
4600,35728146,12762,8,362815,3626190,39832230,476555846,,
4601,35728164,12763,8,362815,3626190,39832228,476555636,6160629234,
4602,35741826,12772,8,362815,3626190,39832226,476555389,,
4603,35761824,12796,8,362815,3626192,39832415,476565972,,
4604,35781246,12816,4,362815,3626193,39832505,476570795,6161274556,
4605,35781264,12817,8,362815,3626192,39832407,476565162,,
4606,35781426,12818,8,362815,3626191,39832323,476560967,,
4607,35781624,12820,8,362815,3626191,39832321,476560786,6160851684,
4608,35812674,12843,8,362815,3626192,39832398,476564169,,
4609,35812764,12845,8,362815,3626192,39832401,476564538,,
4610,35814726,12850,8,362815,3626190,39832215,476554344,,
4611,35816274,12853,8,362815,3626190,39832221,476554931,,
4612,35816724,12856,8,362815,3626191,39832312,476559837,,
4613,35817426,12860,8,362815,3626190,39832216,476554398,,
4614,35821674,12867,8,362815,3626192,39832398,476564149,,
4615,35821764,12869,8,362815,3626192,39832400,476564438,,
4616,35827146,12882,2,362815,3626190,39832218,476554638,,
4617,35841726,12892,8,362815,3626190,39832223,476555105,,
4618,35861274,12913,8,362815,3626191,39832312,476559828,,
4619,35861724,12916,8,362815,3626190,39832242,476557080,,
4620,36148275,13003,4,362815,3626190,39832217,476554675,,
4621,36148725,13006,8,362815,3626191,39832297,476558363,,
4622,36158274,13027,8,362815,3626190,39832214,476554244,,
4623,36158724,13030,8,362815,3626191,39832313,476559899,,
4624,36178245,13050,4,362815,3626192,39832398,476564279,6160974028,
4625,36178254,13051,8,362815,3626192,39832398,476564225,,
4626,36178425,13052,8,362815,3626191,39832312,476559801,6160789366,
4627,36178524,13054,8,362815,3626191,39832317,476560295,,
4628,36184725,13066,8,362815,3626190,39832212,476554085,,
4629,36185274,13069,4,362815,3626190,39832207,476553590,,
4630,36185724,13072,8,362815,3626190,39832225,476555338,,
4631,36187254,13075,4,362815,3626192,39832398,476564191,6160964115,
4632,36187425,13076,8,362815,3626191,39832311,476559689,,
4633,36187524,13078,8,362815,3626191,39832315,476560113,6160808004,
4634,36218475,13099,8,362815,3626191,39832315,476560125,,
4635,36218574,13101,8,362815,3626191,39832319,476560552,6160836473,
4636,36218745,13102,8,362815,3626193,39832491,476569318,,
4637,36218754,13103,8,362815,3626193,39832492,476569458,,
4638,36248175,13123,8,362815,3626190,39832231,476555969,,
4639,36258174,13147,8,362815,3626190,39832221,476554951,6160590025,
4640,36278145,13170,8,362815,3626192,39832398,476564202,6160965355,
4641,36278154,13171,8,362815,3626192,39832398,476564202,6160965344,
4642,36281475,13177,8,362815,3626190,39832222,476554994,,
4643,36281574,13179,8,362815,3626190,39832224,476555206,,
4644,36281745,13180,8,362815,3626191,39832314,476560016,,
4645,36281754,13181,8,362815,3626191,39832316,476560247,,
4646,36284175,13183,8,362815,3626190,39832214,476554251,,
4647,36285174,13189,8,362815,3626190,39832213,476554182,,
4648,36287145,13194,8,362815,3626192,39832398,476564158,,
4649,36287154,13195,8,362815,3626192,39832398,476564192,,
4650,36418275,13219,8,362815,3626190,39832228,476555651,,
4651,36418725,13222,8,362815,3626191,39832309,476559507,,
4652,36481275,13297,8,362815,3626191,39832314,476560029,,
4653,36481725,13300,8,362815,3626190,39832225,476555343,,
4654,36518274,13339,8,362815,3626191,39832310,476559594,,
4655,36518724,13342,8,362815,3626192,39832403,476564718,6160996189,
4656,36581274,13417,8,362815,3626192,39832398,476564180,,
4657,36581724,13420,8,362815,3626191,39832321,476560755,,
4658,36712845,13444,4,362815,3626193,39832486,476568830,,
4659,36712854,13445,8,362815,3626193,39832485,476568705,,
4660,36714825,13450,4,362815,3626191,39832298,476558415,,
4661,36715824,13456,8,362815,3626191,39832305,476559110,,
4662,36718245,13458,8,362815,3626192,39832411,476565577,,
4663,36718254,13459,8,362815,3626192,39832408,476565260,,
4664,36718425,13460,8,362815,3626191,39832315,476560138,,
4665,36718524,13462,8,362815,3626191,39832317,476560324,,
4666,36721854,13469,4,362815,3626193,39832486,476568803,,
4667,36751824,13516,4,362815,3626192,39832401,476564519,6160984825,
4668,36781245,13536,8,362815,3626194,39832592,476575307,,
4669,36781254,13537,8,362815,3626194,39832588,476574881,,
4670,36781425,13538,8,362815,3626192,39832417,476566200,,
4671,36781524,13540,8,362815,3626192,39832414,476565891,,
4672,36812475,13561,8,362815,3626191,39832318,476560415,,
4673,36812574,13563,8,362815,3626191,39832315,476560121,,
4674,36814275,13567,8,362815,3626190,39832225,476555322,,
4675,36815274,13573,8,362815,3626190,39832216,476554449,,
4676,36821475,13585,8,362815,3626191,39832315,476560087,,
4677,36821574,13587,8,362815,3626191,39832312,476559801,6160789246,
4678,36841275,13609,8,362815,3626191,39832309,476559483,,
4679,36851274,13633,8,362815,3626191,39832307,476559288,,
4680,37145826,13714,2,362815,3626191,39832295,476558022,,
4681,37146825,13720,8,362815,3626190,39832210,476553782,,
4682,37148625,13726,4,362815,3626190,39832210,476553766,,
4683,37154826,13738,2,362815,3626191,39832296,476558220,,
4684,37156824,13744,8,362815,3626191,39832307,476559290,6160758829,
4685,37158426,13748,8,362815,3626190,39832211,476553925,,
4686,37158624,13750,8,362815,3626190,39832224,476555236,,
4687,37165824,13768,8,362815,3626191,39832311,476559682,,
4688,37168425,13772,4,362815,3626190,39832226,476555394,6160612594,
4689,37168524,13774,8,362815,3626190,39832234,476556187,,
4690,37185624,13792,4,362815,3626191,39832320,476560623,,
4691,37186524,13798,4,362815,3626191,39832319,476560499,,
4692,37214865,13805,4,362815,3626192,39832408,476565216,,
4693,37215864,13811,8,362815,3626191,39832319,476560529,,
4694,37216845,13816,8,362815,3626192,39832405,476564891,,
4695,37216854,13817,8,362815,3626192,39832405,476564961,,
4696,37218465,13819,8,362815,3626193,39832490,476569187,,
4697,37218564,13821,8,362815,3626193,39832494,476569591,,
4698,37218645,13822,8,362815,3626193,39832494,476569583,,
4699,37218654,13823,8,362815,3626193,39832496,476569858,,
4700,37251864,13853,4,362815,3626190,39832226,476555429,,
4701,37261845,13876,8,362815,3626191,39832310,476559599,,
4702,37261854,13877,8,362815,3626191,39832313,476559922,,
4703,37281465,13897,8,362815,3626192,39832406,476564984,,
4704,37281564,13899,8,362815,3626192,39832406,476564991,,
4705,37281645,13900,8,362815,3626192,39832406,476564997,,
4706,37281654,13901,8,362815,3626192,39832411,476565567,,
4707,37416825,13936,4,362815,3626190,39832210,476553748,,
4708,37418265,13939,8,362815,3626191,39832305,476559087,,
4709,37418526,13940,4,362815,3626190,39832213,476554122,,
4710,37418625,13942,8,362815,3626190,39832214,476554164,,
4711,37461825,13996,8,362815,3626190,39832222,476554993,,
4712,37481265,14017,8,362815,3626192,39832399,476564276,,
4713,37481526,14018,4,362815,3626190,39832221,476554934,,
4714,37481625,14020,8,362815,3626190,39832218,476554594,6160566324,
4715,37518264,14059,8,362815,3626190,39832218,476554598,,
4716,37518426,14060,4,362815,3626190,39832212,476553984,,
4717,37518624,14062,8,362815,3626190,39832222,476555040,,
4718,37561824,14116,4,362815,3626192,39832401,476564545,,
4719,37581264,14137,8,362815,3626191,39832313,476559925,,
4720,37581426,14138,4,362815,3626190,39832226,476555416,,
4721,37581624,14140,8,362815,3626190,39832230,476555871,6160645161,
4722,37612845,14164,4,362815,3626193,39832485,476568645,,
4723,37612854,14165,8,362815,3626193,39832485,476568633,,
4724,37614825,14170,4,362815,3626191,39832295,476558063,,
4725,37615824,14176,8,362815,3626191,39832308,476559366,,
4726,37618245,14178,8,362815,3626192,39832401,476564522,,
4727,37618254,14179,8,362815,3626192,39832401,476564477,,
4728,37618425,14180,8,362815,3626191,39832311,476559652,,
4729,37618524,14182,8,362815,3626191,39832312,476559785,,
4730,37621854,14189,4,362815,3626193,39832485,476568648,,
4731,37651824,14236,4,362815,3626192,39832408,476565201,,
4732,37681245,14256,8,362815,3626194,39832583,476574354,,
4733,37681254,14257,8,362815,3626194,39832583,476574303,,
4734,37681425,14258,8,362815,3626192,39832412,476565605,,
4735,37681524,14260,8,362815,3626192,39832408,476565225,,
4736,42318675,15981,2,362815,3626196,39832778,476585524,,
4737,42381675,16059,4,362815,3626194,39832590,476575045,,
4738,42381765,16061,8,362815,3626194,39832597,476575835,,
4739,42618375,16219,2,362815,3626190,39832219,476554766,,
4740,42618735,16222,8,362815,3626191,39832313,476559931,6160798994,
4741,42681375,16297,4,362815,3626190,39832219,476554699,,
4742,42681735,16300,8,362815,3626190,39832224,476555210,,
4743,42718635,16342,4,362815,3626190,39832234,476556205,,
4744,42781365,16417,8,362815,3626192,39832401,476564490,6160981532,
4745,42781635,16420,8,362815,3626191,39832316,476560200,6160812603,
4746,43281765,16781,4,362815,3626195,39832691,476581045,,
4747,43618725,16942,4,362815,3626192,39832398,476564188,,
4748,43718265,17059,4,362815,3626192,39832402,476564623,6160991066,
4749,43718625,17062,8,362815,3626191,39832312,476559771,,
4750,43781265,17137,2,362815,3626194,39832578,476573795,,
4751,46281735,18220,2,362815,3626190,39832226,476555457,6160619795,
4752,46718235,18498,2,362815,3626193,39832505,476570838,,
4753,46718325,18500,4,362815,3626192,39832410,476565510,6161047457,
4754,47318625,18982,2,362815,3626190,39832219,476554654,,
4755,47618325,19220,2,362815,3626192,39832404,476564797,,
