rank,pattern,contains_9,avoids_9
0,12345678,65,362815
1,12345687,65,362815
2,12345768,65,362815
3,12345786,65,362815
4,12345867,65,362815
5,12345876,65,362815
6,12346578,65,362815
7,12346587,65,362815
8,12346758,65,362815
9,12346785,65,362815
10,12346857,65,362815
11,12346875,65,362815
12,12347568,65,362815
13,12347586,65,362815
14,12347658,65,362815
15,12347685,65,362815
16,12347856,65,362815
17,12347865,65,362815
18,12348567,65,362815
19,12348576,65,362815
20,12348657,65,362815
21,12348675,65,362815
22,12348756,65,362815
23,12348765,65,362815
24,12354678,65,362815
25,12354687,65,362815
26,12354768,65,362815
27,12354786,65,362815
28,12354867,65,362815
29,12354876,65,362815
30,12356478,65,362815
31,12356487,65,362815
32,12356748,65,362815
33,12356784,65,362815
34,12356847,65,362815
35,12356874,65,362815
36,12357468,65,362815
37,12357486,65,362815
38,12357648,65,362815
39,12357684,65,362815
40,12357846,65,362815
41,12357864,65,362815
42,12358467,65,362815
43,12358476,65,362815
44,12358647,65,362815
45,12358674,65,362815
46,12358746,65,362815
47,12358764,65,362815
48,12364578,65,362815
49,12364587,65,362815
50,12364758,65,362815
51,12364785,65,362815
52,12364857,65,362815
53,12364875,65,362815
54,12365478,65,362815
55,12365487,65,362815
56,12365748,65,362815
57,12365784,65,362815
58,12365847,65,362815
59,12365874,65,362815
60,12367458,65,362815
61,12367485,65,362815
62,12367548,65,362815
63,12367584,65,362815
64,12367845,65,362815
65,12367854,65,362815
66,12368457,65,362815
67,12368475,65,362815
68,12368547,65,362815
69,12368574,65,362815
70,12368745,65,362815
71,12368754,65,362815
72,12374568,65,362815
73,12374586,65,362815
74,12374658,65,362815
75,12374685,65,362815
76,12374856,65,362815
77,12374865,65,362815
78,12375468,65,362815
79,12375486,65,362815
80,12375648,65,362815
81,12375684,65,362815
82,12375846,65,362815
83,12375864,65,362815
84,12376458,65,362815
85,12376485,65,362815
86,12376548,65,362815
87,12376584,65,362815
88,12376845,65,362815
89,12376854,65,362815
90,12378456,65,362815
91,12378465,65,362815
92,12378546,65,362815
93,12378564,65,362815
94,12378645,65,362815
95,12378654,65,362815
96,12384567,65,362815
97,12384576,65,362815
98,12384657,65,362815
99,12384675,65,362815
100,12384756,65,362815
101,12384765,65,362815
102,12385467,65,362815
103,12385476,65,362815
104,12385647,65,362815
105,12385674,65,362815
106,12385746,65,362815
107,12385764,65,362815
108,12386457,65,362815
109,12386475,65,362815
110,12386547,65,362815
111,12386574,65,362815
112,12386745,65,362815
113,12386754,65,362815
114,12387456,65,362815
115,12387465,65,362815
116,12387546,65,362815
117,12387564,65,362815
118,12387645,65,362815
119,12387654,65,362815
120,12435678,65,362815
121,12435687,65,362815
122,12435768,65,362815
123,12435786,65,362815
124,12435867,65,362815
125,12435876,65,362815
126,12436578,65,362815
127,12436587,65,362815
128,12436758,65,362815
129,12436785,65,362815
130,12436857,65,362815
131,12436875,65,362815
132,12437568,65,362815
133,12437586,65,362815
134,12437658,65,362815
135,12437685,65,362815
136,12437856,65,362815
137,12437865,65,362815
138,12438567,65,362815
139,12438576,65,362815
140,12438657,65,362815
141,12438675,65,362815
142,12438756,65,362815
143,12438765,65,362815
144,12453678,65,362815
145,12453687,65,362815
146,12453768,65,362815
147,12453786,65,362815
148,12453867,65,362815
149,12453876,65,362815
150,12456378,65,362815
151,12456387,65,362815
152,12456738,65,362815
153,12456783,65,362815
154,12456837,65,362815
155,12456873,65,362815
156,12457368,65,362815
157,12457386,65,362815
158,12457638,65,362815
159,12457683,65,362815
160,12457836,65,362815
161,12457863,65,362815
162,12458367,65,362815
163,12458376,65,362815
164,12458637,65,362815
165,12458673,65,362815
166,12458736,65,362815
167,12458763,65,362815
168,12463578,65,362815
169,12463587,65,362815
170,12463758,65,362815
171,12463785,65,362815
172,12463857,65,362815
173,12463875,65,362815
174,12465378,65,362815
175,12465387,65,362815
176,12465738,65,362815
177,12465783,65,362815
178,12465837,65,362815
179,12465873,65,362815
180,12467358,65,362815
181,12467385,65,362815
182,12467538,65,362815
183,12467583,65,362815
184,12467835,65,362815
185,12467853,65,362815
186,12468357,65,362815
187,12468375,65,362815
188,12468537,65,362815
189,12468573,65,362815
190,12468735,65,362815
191,12468753,65,362815
192,12473568,65,362815
193,12473586,65,362815
194,12473658,65,362815
195,12473685,65,362815
196,12473856,65,362815
197,12473865,65,362815
198,12475368,65,362815
199,12475386,65,362815
200,12475638,65,362815
201,12475683,65,362815
202,12475836,65,362815
203,12475863,65,362815
204,12476358,65,362815
205,12476385,65,362815
206,12476538,65,362815
207,12476583,65,362815
208,12476835,65,362815
209,12476853,65,362815
210,12478356,65,362815
211,12478365,65,362815
212,12478536,65,362815
213,12478563,65,362815
214,12478635,65,362815
215,12478653,65,362815
216,12483567,65,362815
217,12483576,65,362815
218,12483657,65,362815
219,12483675,65,362815
220,12483756,65,362815
221,12483765,65,362815
222,12485367,65,362815
223,12485376,65,362815
224,12485637,65,362815
225,12485673,65,362815
226,12485736,65,362815
227,12485763,65,362815
228,12486357,65,362815
229,12486375,65,362815
230,12486537,65,362815
231,12486573,65,362815
232,12486735,65,362815
233,12486753,65,362815
234,12487356,65,362815
235,12487365,65,362815
236,12487536,65,362815
237,12487563,65,362815
238,12487635,65,362815
239,12487653,65,362815
240,12534678,65,362815
241,12534687,65,362815
242,12534768,65,362815
243,12534786,65,362815
244,12534867,65,362815
245,12534876,65,362815
246,12536478,65,362815
247,12536487,65,362815
248,12536748,65,362815
249,12536784,65,362815
250,12536847,65,362815
251,12536874,65,362815
252,12537468,65,362815
253,12537486,65,362815
254,12537648,65,362815
255,12537684,65,362815
256,12537846,65,362815
257,12537864,65,362815
258,12538467,65,362815
259,12538476,65,362815
260,12538647,65,362815
261,12538674,65,362815
262,12538746,65,362815
263,12538764,65,362815
264,12543678,65,362815
265,12543687,65,362815
266,12543768,65,362815
267,12543786,65,362815
268,12543867,65,362815
269,12543876,65,362815
270,12546378,65,362815
271,12546387,65,362815
272,12546738,65,362815
273,12546783,65,362815
274,12546837,65,362815
275,12546873,65,362815
276,12547368,65,362815
277,12547386,65,362815
278,12547638,65,362815
279,12547683,65,362815
280,12547836,65,362815
281,12547863,65,362815
282,12548367,65,362815
283,12548376,65,362815
284,12548637,65,362815
285,12548673,65,362815
286,12548736,65,362815
287,12548763,65,362815
288,12563478,65,362815
289,12563487,65,362815
290,12563748,65,362815
291,12563784,65,362815
292,12563847,65,362815
293,12563874,65,362815
294,12564378,65,362815
295,12564387,65,362815
296,12564738,65,362815
297,12564783,65,362815
298,12564837,65,362815
299,12564873,65,362815
300,12567348,65,362815
301,12567384,65,362815
302,12567438,65,362815
303,12567483,65,362815
304,12567834,65,362815
305,12567843,65,362815
306,12568347,65,362815
307,12568374,65,362815
308,12568437,65,362815
309,12568473,65,362815
310,12568734,65,362815
311,12568743,65,362815
312,12573468,65,362815
313,12573486,65,362815
314,12573648,65,362815
315,12573684,65,362815
316,12573846,65,362815
317,12573864,65,362815
318,12574368,65,362815
319,12574386,65,362815
320,12574638,65,362815
321,12574683,65,362815
322,12574836,65,362815
323,12574863,65,362815
324,12576348,65,362815
325,12576384,65,362815
326,12576438,65,362815
327,12576483,65,362815
328,12576834,65,362815
329,12576843,65,362815
330,12578346,65,362815
331,12578364,65,362815
332,12578436,65,362815
333,12578463,65,362815
334,12578634,65,362815
335,12578643,65,362815
336,12583467,65,362815
337,12583476,65,362815
338,12583647,65,362815
339,12583674,65,362815
340,12583746,65,362815
341,12583764,65,362815
342,12584367,65,362815
343,12584376,65,362815
344,12584637,65,362815
345,12584673,65,362815
346,12584736,65,362815
347,12584763,65,362815
348,12586347,65,362815
349,12586374,65,362815
350,12586437,65,362815
351,12586473,65,362815
352,12586734,65,362815
353,12586743,65,362815
354,12587346,65,362815
355,12587364,65,362815
356,12587436,65,362815
357,12587463,65,362815
358,12587634,65,362815
359,12587643,65,362815
360,12634578,65,362815
361,12634587,65,362815
362,12634758,65,362815
363,12634785,65,362815
364,12634857,65,362815
365,12634875,65,362815
366,12635478,65,362815
367,12635487,65,362815
368,12635748,65,362815
369,12635784,65,362815
370,12635847,65,362815
371,12635874,65,362815
372,12637458,65,362815
373,12637485,65,362815
374,12637548,65,362815
375,12637584,65,362815
376,12637845,65,362815
377,12637854,65,362815
378,12638457,65,362815
379,12638475,65,362815
380,12638547,65,362815
381,12638574,65,362815
382,12638745,65,362815
383,12638754,65,362815
384,12643578,65,362815
385,12643587,65,362815
386,12643758,65,362815
387,12643785,65,362815
388,12643857,65,362815
389,12643875,65,362815
390,12645378,65,362815
391,12645387,65,362815
392,12645738,65,362815
393,12645783,65,362815
394,12645837,65,362815
395,12645873,65,362815
396,12647358,65,362815
397,12647385,65,362815
398,12647538,65,362815
399,12647583,65,362815
400,12647835,65,362815
401,12647853,65,362815
402,12648357,65,362815
403,12648375,65,362815
404,12648537,65,362815
405,12648573,65,362815
406,12648735,65,362815
407,12648753,65,362815
408,12653478,65,362815
409,12653487,65,362815
410,12653748,65,362815
411,12653784,65,362815
412,12653847,65,362815
413,12653874,65,362815
414,12654378,65,362815
415,12654387,65,362815
416,12654738,65,362815
417,12654783,65,362815
418,12654837,65,362815
419,12654873,65,362815
420,12657348,65,362815
421,12657384,65,362815
422,12657438,65,362815
423,12657483,65,362815
424,12657834,65,362815
425,12657843,65,362815
426,12658347,65,362815
427,12658374,65,362815
428,12658437,65,362815
429,12658473,65,362815
430,12658734,65,362815
431,12658743,65,362815
432,12673458,65,362815
433,12673485,65,362815
434,12673548,65,362815
435,12673584,65,362815
436,12673845,65,362815
437,12673854,65,362815
438,12674358,65,362815
439,12674385,65,362815
440,12674538,65,362815
441,12674583,65,362815
442,12674835,65,362815
443,12674853,65,362815
444,12675348,65,362815
445,12675384,65,362815
446,12675438,65,362815
447,12675483,65,362815
448,12675834,65,362815
449,12675843,65,362815
450,12678345,65,362815
451,12678354,65,362815
452,12678435,65,362815
453,12678453,65,362815
454,12678534,65,362815
455,12678543,65,362815
456,12683457,65,362815
457,12683475,65,362815
458,12683547,65,362815
459,12683574,65,362815
460,12683745,65,362815
461,12683754,65,362815
462,12684357,65,362815
463,12684375,65,362815
464,12684537,65,362815
465,12684573,65,362815
466,12684735,65,362815
467,12684753,65,362815
468,12685347,65,362815
469,12685374,65,362815
470,12685437,65,362815
471,12685473,65,362815
472,12685734,65,362815
473,12685743,65,362815
474,12687345,65,362815
475,12687354,65,362815
476,12687435,65,362815
477,12687453,65,362815
478,12687534,65,362815
479,12687543,65,362815
480,12734568,65,362815
481,12734586,65,362815
482,12734658,65,362815
483,12734685,65,362815
484,12734856,65,362815
485,12734865,65,362815
486,12735468,65,362815
487,12735486,65,362815
488,12735648,65,362815
489,12735684,65,362815
490,12735846,65,362815
491,12735864,65,362815
492,12736458,65,362815
493,12736485,65,362815
494,12736548,65,362815
495,12736584,65,362815
496,12736845,65,362815
497,12736854,65,362815
498,12738456,65,362815
499,12738465,65,362815
500,12738546,65,362815
501,12738564,65,362815
502,12738645,65,362815
503,12738654,65,362815
504,12743568,65,362815
505,12743586,65,362815
506,12743658,65,362815
507,12743685,65,362815
508,12743856,65,362815
509,12743865,65,362815
510,12745368,65,362815
511,12745386,65,362815
512,12745638,65,362815
513,12745683,65,362815
514,12745836,65,362815
515,12745863,65,362815
516,12746358,65,362815
517,12746385,65,362815
518,12746538,65,362815
519,12746583,65,362815
520,12746835,65,362815
521,12746853,65,362815
522,12748356,65,362815
523,12748365,65,362815
524,12748536,65,362815
525,12748563,65,362815
526,12748635,65,362815
527,12748653,65,362815
528,12753468,65,362815
529,12753486,65,362815
530,12753648,65,362815
531,12753684,65,362815
532,12753846,65,362815
533,12753864,65,362815
534,12754368,65,362815
535,12754386,65,362815
536,12754638,65,362815
537,12754683,65,362815
538,12754836,65,362815
539,12754863,65,362815
540,12756348,65,362815
541,12756384,65,362815
542,12756438,65,362815
543,12756483,65,362815
544,12756834,65,362815
545,12756843,65,362815
546,12758346,65,362815
547,12758364,65,362815
548,12758436,65,362815
549,12758463,65,362815
550,12758634,65,362815
551,12758643,65,362815
552,12763458,65,362815
553,12763485,65,362815
554,12763548,65,362815
555,12763584,65,362815
556,12763845,65,362815
557,12763854,65,362815
558,12764358,65,362815
559,12764385,65,362815
560,12764538,65,362815
561,12764583,65,362815
562,12764835,65,362815
563,12764853,65,362815
564,12765348,65,362815
565,12765384,65,362815
566,12765438,65,362815
567,12765483,65,362815
568,12765834,65,362815
569,12765843,65,362815
570,12768345,65,362815
571,12768354,65,362815
572,12768435,65,362815
573,12768453,65,362815
574,12768534,65,362815
575,12768543,65,362815
576,12783456,65,362815
577,12783465,65,362815
578,12783546,65,362815
579,12783564,65,362815
580,12783645,65,362815
581,12783654,65,362815
582,12784356,65,362815
583,12784365,65,362815
584,12784536,65,362815
585,12784563,65,362815
586,12784635,65,362815
587,12784653,65,362815
588,12785346,65,362815
589,12785364,65,362815
590,12785436,65,362815
591,12785463,65,362815
592,12785634,65,362815
593,12785643,65,362815
594,12786345,65,362815
595,12786354,65,362815
596,12786435,65,362815
597,12786453,65,362815
598,12786534,65,362815
599,12786543,65,362815
600,12834567,65,362815
601,12834576,65,362815
602,12834657,65,362815
603,12834675,65,362815
604,12834756,65,362815
605,12834765,65,362815
606,12835467,65,362815
607,12835476,65,362815
608,12835647,65,362815
609,12835674,65,362815
610,12835746,65,362815
611,12835764,65,362815
612,12836457,65,362815
613,12836475,65,362815
614,12836547,65,362815
615,12836574,65,362815
616,12836745,65,362815
617,12836754,65,362815
618,12837456,65,362815
619,12837465,65,362815
620,12837546,65,362815
621,12837564,65,362815
622,12837645,65,362815
623,12837654,65,362815
624,12843567,65,362815
625,12843576,65,362815
626,12843657,65,362815
627,12843675,65,362815
628,12843756,65,362815
629,12843765,65,362815
630,12845367,65,362815
631,12845376,65,362815
632,12845637,65,362815
633,12845673,65,362815
634,12845736,65,362815
635,12845763,65,362815
636,12846357,65,362815
637,12846375,65,362815
638,12846537,65,362815
639,12846573,65,362815
640,12846735,65,362815
641,12846753,65,362815
642,12847356,65,362815
643,12847365,65,362815
644,12847536,65,362815
645,12847563,65,362815
646,12847635,65,362815
647,12847653,65,362815
648,12853467,65,362815
649,12853476,65,362815
650,12853647,65,362815
651,12853674,65,362815
652,12853746,65,362815
653,12853764,65,362815
654,12854367,65,362815
655,12854376,65,362815
656,12854637,65,362815
657,12854673,65,362815
658,12854736,65,362815
659,12854763,65,362815
660,12856347,65,362815
661,12856374,65,362815
662,12856437,65,362815
663,12856473,65,362815
664,12856734,65,362815
665,12856743,65,362815
666,12857346,65,362815
667,12857364,65,362815
668,12857436,65,362815
669,12857463,65,362815
670,12857634,65,362815
671,12857643,65,362815
672,12863457,65,362815
673,12863475,65,362815
674,12863547,65,362815
675,12863574,65,362815
676,12863745,65,362815
677,12863754,65,362815
678,12864357,65,362815
679,12864375,65,362815
680,12864537,65,362815
681,12864573,65,362815
682,12864735,65,362815
683,12864753,65,362815
684,12865347,65,362815
685,12865374,65,362815
686,12865437,65,362815
687,12865473,65,362815
688,12865734,65,362815
689,12865743,65,362815
690,12867345,65,362815
691,12867354,65,362815
692,12867435,65,362815
693,12867453,65,362815
694,12867534,65,362815
695,12867543,65,362815
696,12873456,65,362815
697,12873465,65,362815
698,12873546,65,362815
699,12873564,65,362815
700,12873645,65,362815
701,12873654,65,362815
702,12874356,65,362815
703,12874365,65,362815
704,12874536,65,362815
705,12874563,65,362815
706,12874635,65,362815
707,12874653,65,362815
708,12875346,65,362815
709,12875364,65,362815
710,12875436,65,362815
711,12875463,65,362815
712,12875634,65,362815
713,12875643,65,362815
714,12876345,65,362815
715,12876354,65,362815
716,12876435,65,362815
717,12876453,65,362815
718,12876534,65,362815
719,12876543,65,362815
720,13245678,65,362815
721,13245687,65,362815
722,13245768,65,362815
723,13245786,65,362815
724,13245867,65,362815
725,13245876,65,362815
726,13246578,65,362815
727,13246587,65,362815
728,13246758,65,362815
729,13246785,65,362815
730,13246857,65,362815
731,13246875,65,362815
732,13247568,65,362815
733,13247586,65,362815
734,13247658,65,362815
735,13247685,65,362815
736,13247856,65,362815
737,13247865,65,362815
738,13248567,65,362815
739,13248576,65,362815
740,13248657,65,362815
741,13248675,65,362815
742,13248756,65,362815
743,13248765,65,362815
744,13254678,65,362815
745,13254687,65,362815
746,13254768,65,362815
747,13254786,65,362815
748,13254867,65,362815
749,13254876,65,362815
750,13256478,65,362815
751,13256487,65,362815
752,13256748,65,362815
753,13256784,65,362815
754,13256847,65,362815
755,13256874,65,362815
756,13257468,65,362815
757,13257486,65,362815
758,13257648,65,362815
759,13257684,65,362815
760,13257846,65,362815
761,13257864,65,362815
762,13258467,65,362815
763,13258476,65,362815
764,13258647,65,362815
765,13258674,65,362815
766,13258746,65,362815
767,13258764,65,362815
768,13264578,65,362815
769,13264587,65,362815
770,13264758,65,362815
771,13264785,65,362815
772,13264857,65,362815
773,13264875,65,362815
774,13265478,65,362815
775,13265487,65,362815
776,13265748,65,362815
777,13265784,65,362815
778,13265847,65,362815
779,13265874,65,362815
780,13267458,65,362815
781,13267485,65,362815
782,13267548,65,362815
783,13267584,65,362815
784,13267845,65,362815
785,13267854,65,362815
786,13268457,65,362815
787,13268475,65,362815
788,13268547,65,362815
789,13268574,65,362815
790,13268745,65,362815
791,13268754,65,362815
792,13274568,65,362815
793,13274586,65,362815
794,13274658,65,362815
795,13274685,65,362815
796,13274856,65,362815
797,13274865,65,362815
798,13275468,65,362815
799,13275486,65,362815
800,13275648,65,362815
801,13275684,65,362815
802,13275846,65,362815
803,13275864,65,362815
804,13276458,65,362815
805,13276485,65,362815
806,13276548,65,362815
807,13276584,65,362815
808,13276845,65,362815
809,13276854,65,362815
810,13278456,65,362815
811,13278465,65,362815
812,13278546,65,362815
813,13278564,65,362815
814,13278645,65,362815
815,13278654,65,362815
816,13284567,65,362815
817,13284576,65,362815
818,13284657,65,362815
819,13284675,65,362815
820,13284756,65,362815
821,13284765,65,362815
822,13285467,65,362815
823,13285476,65,362815
824,13285647,65,362815
825,13285674,65,362815
826,13285746,65,362815
827,13285764,65,362815
828,13286457,65,362815
829,13286475,65,362815
830,13286547,65,362815
831,13286574,65,362815
832,13286745,65,362815
833,13286754,65,362815
834,13287456,65,362815
835,13287465,65,362815
836,13287546,65,362815
837,13287564,65,362815
838,13287645,65,362815
839,13287654,65,362815
840,13425678,65,362815
841,13425687,65,362815
842,13425768,65,362815
843,13425786,65,362815
844,13425867,65,362815
845,13425876,65,362815
846,13426578,65,362815
847,13426587,65,362815
848,13426758,65,362815
849,13426785,65,362815
850,13426857,65,362815
851,13426875,65,362815
852,13427568,65,362815
853,13427586,65,362815
854,13427658,65,362815
855,13427685,65,362815
856,13427856,65,362815
857,13427865,65,362815
858,13428567,65,362815
859,13428576,65,362815
860,13428657,65,362815
861,13428675,65,362815
862,13428756,65,362815
863,13428765,65,362815
864,13452678,65,362815
865,13452687,65,362815
866,13452768,65,362815
867,13452786,65,362815
868,13452867,65,362815
869,13452876,65,362815
870,13456278,65,362815
871,13456287,65,362815
872,13456728,65,362815
873,13456782,65,362815
874,13456827,65,362815
875,13456872,65,362815
876,13457268,65,362815
877,13457286,65,362815
878,13457628,65,362815
879,13457682,65,362815
880,13457826,65,362815
881,13457862,65,362815
882,13458267,65,362815
883,13458276,65,362815
884,13458627,65,362815
885,13458672,65,362815
886,13458726,65,362815
887,13458762,65,362815
888,13462578,65,362815
889,13462587,65,362815
890,13462758,65,362815
891,13462785,65,362815
892,13462857,65,362815
893,13462875,65,362815
894,13465278,65,362815
895,13465287,65,362815
896,13465728,65,362815
897,13465782,65,362815
898,13465827,65,362815
899,13465872,65,362815
900,13467258,65,362815
901,13467285,65,362815
902,13467528,65,362815
903,13467582,65,362815
904,13467825,65,362815
905,13467852,65,362815
906,13468257,65,362815
907,13468275,65,362815
908,13468527,65,362815
909,13468572,65,362815
910,13468725,65,362815
911,13468752,65,362815
912,13472568,65,362815
913,13472586,65,362815
914,13472658,65,362815
915,13472685,65,362815
916,13472856,65,362815
917,13472865,65,362815
918,13475268,65,362815
919,13475286,65,362815
920,13475628,65,362815
921,13475682,65,362815
922,13475826,65,362815
923,13475862,65,362815
924,13476258,65,362815
925,13476285,65,362815
926,13476528,65,362815
927,13476582,65,362815
928,13476825,65,362815
929,13476852,65,362815
930,13478256,65,362815
931,13478265,65,362815
932,13478526,65,362815
933,13478562,65,362815
934,13478625,65,362815
935,13478652,65,362815
936,13482567,65,362815
937,13482576,65,362815
938,13482657,65,362815
939,13482675,65,362815
940,13482756,65,362815
941,13482765,65,362815
942,13485267,65,362815
943,13485276,65,362815
944,13485627,65,362815
945,13485672,65,362815
946,13485726,65,362815
947,13485762,65,362815
948,13486257,65,362815
949,13486275,65,362815
950,13486527,65,362815
951,13486572,65,362815
952,13486725,65,362815
953,13486752,65,362815
954,13487256,65,362815
955,13487265,65,362815
956,13487526,65,362815
957,13487562,65,362815
958,13487625,65,362815
959,13487652,65,362815
960,13524678,65,362815
961,13524687,65,362815
962,13524768,65,362815
963,13524786,65,362815
964,13524867,65,362815
965,13524876,65,362815
966,13526478,65,362815
967,13526487,65,362815
968,13526748,65,362815
969,13526784,65,362815
970,13526847,65,362815
971,13526874,65,362815
972,13527468,65,362815
973,13527486,65,362815
974,13527648,65,362815
975,13527684,65,362815
976,13527846,65,362815
977,13527864,65,362815
978,13528467,65,362815
979,13528476,65,362815
980,13528647,65,362815
981,13528674,65,362815
982,13528746,65,362815
983,13528764,65,362815
984,13542678,65,362815
985,13542687,65,362815
986,13542768,65,362815
987,13542786,65,362815
988,13542867,65,362815
989,13542876,65,362815
990,13546278,65,362815
991,13546287,65,362815
992,13546728,65,362815
993,13546782,65,362815
994,13546827,65,362815
995,13546872,65,362815
996,13547268,65,362815
997,13547286,65,362815
998,13547628,65,362815
999,13547682,65,362815
1000,13547826,65,362815
1001,13547862,65,362815
1002,13548267,65,362815
1003,13548276,65,362815
1004,13548627,65,362815
1005,13548672,65,362815
1006,13548726,65,362815
1007,13548762,65,362815
1008,13562478,65,362815
1009,13562487,65,362815
1010,13562748,65,362815
1011,13562784,65,362815
1012,13562847,65,362815
1013,13562874,65,362815
1014,13564278,65,362815
1015,13564287,65,362815
1016,13564728,65,362815
1017,13564782,65,362815
1018,13564827,65,362815
1019,13564872,65,362815
1020,13567248,65,362815
1021,13567284,65,362815
1022,13567428,65,362815
1023,13567482,65,362815
1024,13567824,65,362815
1025,13567842,65,362815
1026,13568247,65,362815
1027,13568274,65,362815
1028,13568427,65,362815
1029,13568472,65,362815
1030,13568724,65,362815
1031,13568742,65,362815
1032,13572468,65,362815
1033,13572486,65,362815
1034,13572648,65,362815
1035,13572684,65,362815
1036,13572846,65,362815
1037,13572864,65,362815
1038,13574268,65,362815
1039,13574286,65,362815
1040,13574628,65,362815
1041,13574682,65,362815
1042,13574826,65,362815
1043,13574862,65,362815
1044,13576248,65,362815
1045,13576284,65,362815
1046,13576428,65,362815
1047,13576482,65,362815
1048,13576824,65,362815
1049,13576842,65,362815
1050,13578246,65,362815
1051,13578264,65,362815
1052,13578426,65,362815
1053,13578462,65,362815
1054,13578624,65,362815
1055,13578642,65,362815
1056,13582467,65,362815
1057,13582476,65,362815
1058,13582647,65,362815
1059,13582674,65,362815
1060,13582746,65,362815
1061,13582764,65,362815
1062,13584267,65,362815
1063,13584276,65,362815
1064,13584627,65,362815
1065,13584672,65,362815
1066,13584726,65,362815
1067,13584762,65,362815
1068,13586247,65,362815
1069,13586274,65,362815
1070,13586427,65,362815
1071,13586472,65,362815
1072,13586724,65,362815
1073,13586742,65,362815
1074,13587246,65,362815
1075,13587264,65,362815
1076,13587426,65,362815
1077,13587462,65,362815
1078,13587624,65,362815
1079,13587642,65,362815
1080,13624578,65,362815
1081,13624587,65,362815
1082,13624758,65,362815
1083,13624785,65,362815
1084,13624857,65,362815
1085,13624875,65,362815
1086,13625478,65,362815
1087,13625487,65,362815
1088,13625748,65,362815
1089,13625784,65,362815
1090,13625847,65,362815
1091,13625874,65,362815
1092,13627458,65,362815
1093,13627485,65,362815
1094,13627548,65,362815
1095,13627584,65,362815
1096,13627845,65,362815
1097,13627854,65,362815
1098,13628457,65,362815
1099,13628475,65,362815
1100,13628547,65,362815
1101,13628574,65,362815
1102,13628745,65,362815
1103,13628754,65,362815
1104,13642578,65,362815
1105,13642587,65,362815
1106,13642758,65,362815
1107,13642785,65,362815
1108,13642857,65,362815
1109,13642875,65,362815
1110,13645278,65,362815
1111,13645287,65,362815
1112,13645728,65,362815
1113,13645782,65,362815
1114,13645827,65,362815
1115,13645872,65,362815
1116,13647258,65,362815
1117,13647285,65,362815
1118,13647528,65,362815
1119,13647582,65,362815
1120,13647825,65,362815
1121,13647852,65,362815
1122,13648257,65,362815
1123,13648275,65,362815
1124,13648527,65,362815
1125,13648572,65,362815
1126,13648725,65,362815
1127,13648752,65,362815
1128,13652478,65,362815
1129,13652487,65,362815
1130,13652748,65,362815
1131,13652784,65,362815
1132,13652847,65,362815
1133,13652874,65,362815
1134,13654278,65,362815
1135,13654287,65,362815
1136,13654728,65,362815
1137,13654782,65,362815
1138,13654827,65,362815
1139,13654872,65,362815
1140,13657248,65,362815
1141,13657284,65,362815
1142,13657428,65,362815
1143,13657482,65,362815
1144,13657824,65,362815
1145,13657842,65,362815
1146,13658247,65,362815
1147,13658274,65,362815
1148,13658427,65,362815
1149,13658472,65,362815
1150,13658724,65,362815
1151,13658742,65,362815
1152,13672458,65,362815
1153,13672485,65,362815
1154,13672548,65,362815
1155,13672584,65,362815
1156,13672845,65,362815
1157,13672854,65,362815
1158,13674258,65,362815
1159,13674285,65,362815
1160,13674528,65,362815
1161,13674582,65,362815
1162,13674825,65,362815
1163,13674852,65,362815
1164,13675248,65,362815
1165,13675284,65,362815
1166,13675428,65,362815
1167,13675482,65,362815
1168,13675824,65,362815
1169,13675842,65,362815
1170,13678245,65,362815
1171,13678254,65,362815
1172,13678425,65,362815
1173,13678452,65,362815
1174,13678524,65,362815
1175,13678542,65,362815
1176,13682457,65,362815
1177,13682475,65,362815
1178,13682547,65,362815
1179,13682574,65,362815
1180,13682745,65,362815
1181,13682754,65,362815
1182,13684257,65,362815
1183,13684275,65,362815
1184,13684527,65,362815
1185,13684572,65,362815
1186,13684725,65,362815
1187,13684752,65,362815
1188,13685247,65,362815
1189,13685274,65,362815
1190,13685427,65,362815
1191,13685472,65,362815
1192,13685724,65,362815
1193,13685742,65,362815
1194,13687245,65,362815
1195,13687254,65,362815
1196,13687425,65,362815
1197,13687452,65,362815
1198,13687524,65,362815
1199,13687542,65,362815
1200,13724568,65,362815
1201,13724586,65,362815
1202,13724658,65,362815
1203,13724685,65,362815
1204,13724856,65,362815
1205,13724865,65,362815
1206,13725468,65,362815
1207,13725486,65,362815
1208,13725648,65,362815
1209,13725684,65,362815
1210,13725846,65,362815
1211,13725864,65,362815
1212,13726458,65,362815
1213,13726485,65,362815
1214,13726548,65,362815
1215,13726584,65,362815
1216,13726845,65,362815
1217,13726854,65,362815
1218,13728456,65,362815
1219,13728465,65,362815
1220,13728546,65,362815
1221,13728564,65,362815
1222,13728645,65,362815
1223,13728654,65,362815
1224,13742568,65,362815
1225,13742586,65,362815
1226,13742658,65,362815
1227,13742685,65,362815
1228,13742856,65,362815
1229,13742865,65,362815
1230,13745268,65,362815
1231,13745286,65,362815
1232,13745628,65,362815
1233,13745682,65,362815
1234,13745826,65,362815
1235,13745862,65,362815
1236,13746258,65,362815
1237,13746285,65,362815
1238,13746528,65,362815
1239,13746582,65,362815
1240,13746825,65,362815
1241,13746852,65,362815
1242,13748256,65,362815
1243,13748265,65,362815
1244,13748526,65,362815
1245,13748562,65,362815
1246,13748625,65,362815
1247,13748652,65,362815
1248,13752468,65,362815
1249,13752486,65,362815
1250,13752648,65,362815
1251,13752684,65,362815
1252,13752846,65,362815
1253,13752864,65,362815
1254,13754268,65,362815
1255,13754286,65,362815
1256,13754628,65,362815
1257,13754682,65,362815
1258,13754826,65,362815
1259,13754862,65,362815
1260,13756248,65,362815
1261,13756284,65,362815
1262,13756428,65,362815
1263,13756482,65,362815
1264,13756824,65,362815
1265,13756842,65,362815
1266,13758246,65,362815
1267,13758264,65,362815
1268,13758426,65,362815
1269,13758462,65,362815
1270,13758624,65,362815
1271,13758642,65,362815
1272,13762458,65,362815
1273,13762485,65,362815
1274,13762548,65,362815
1275,13762584,65,362815
1276,13762845,65,362815
1277,13762854,65,362815
1278,13764258,65,362815
1279,13764285,65,362815
1280,13764528,65,362815
1281,13764582,65,362815
1282,13764825,65,362815
1283,13764852,65,362815
1284,13765248,65,362815
1285,13765284,65,362815
1286,13765428,65,362815
1287,13765482,65,362815
1288,13765824,65,362815
1289,13765842,65,362815
1290,13768245,65,362815
1291,13768254,65,362815
1292,13768425,65,362815
1293,13768452,65,362815
1294,13768524,65,362815
1295,13768542,65,362815
1296,13782456,65,362815
1297,13782465,65,362815
1298,13782546,65,362815
1299,13782564,65,362815
1300,13782645,65,362815
1301,13782654,65,362815
1302,13784256,65,362815
1303,13784265,65,362815
1304,13784526,65,362815
1305,13784562,65,362815
1306,13784625,65,362815
1307,13784652,65,362815
1308,13785246,65,362815
1309,13785264,65,362815
1310,13785426,65,362815
1311,13785462,65,362815
1312,13785624,65,362815
1313,13785642,65,362815
1314,13786245,65,362815
1315,13786254,65,362815
1316,13786425,65,362815
1317,13786452,65,362815
1318,13786524,65,362815
1319,13786542,65,362815
1320,13824567,65,362815
1321,13824576,65,362815
1322,13824657,65,362815
1323,13824675,65,362815
1324,13824756,65,362815
1325,13824765,65,362815
1326,13825467,65,362815
1327,13825476,65,362815
1328,13825647,65,362815
1329,13825674,65,362815
1330,13825746,65,362815
1331,13825764,65,362815
1332,13826457,65,362815
1333,13826475,65,362815
1334,13826547,65,362815
1335,13826574,65,362815
1336,13826745,65,362815
1337,13826754,65,362815
1338,13827456,65,362815
1339,13827465,65,362815
1340,13827546,65,362815
1341,13827564,65,362815
1342,13827645,65,362815
1343,13827654,65,362815
1344,13842567,65,362815
1345,13842576,65,362815
1346,13842657,65,362815
1347,13842675,65,362815
1348,13842756,65,362815
1349,13842765,65,362815
1350,13845267,65,362815
1351,13845276,65,362815
1352,13845627,65,362815
1353,13845672,65,362815
1354,13845726,65,362815
1355,13845762,65,362815
1356,13846257,65,362815
1357,13846275,65,362815
1358,13846527,65,362815
1359,13846572,65,362815
1360,13846725,65,362815
1361,13846752,65,362815
1362,13847256,65,362815
1363,13847265,65,362815
1364,13847526,65,362815
1365,13847562,65,362815
1366,13847625,65,362815
1367,13847652,65,362815
1368,13852467,65,362815
1369,13852476,65,362815
1370,13852647,65,362815
1371,13852674,65,362815
1372,13852746,65,362815
1373,13852764,65,362815
1374,13854267,65,362815
1375,13854276,65,362815
1376,13854627,65,362815
1377,13854672,65,362815
1378,13854726,65,362815
1379,13854762,65,362815
1380,13856247,65,362815
1381,13856274,65,362815
1382,13856427,65,362815
1383,13856472,65,362815
1384,13856724,65,362815
1385,13856742,65,362815
1386,13857246,65,362815
1387,13857264,65,362815
1388,13857426,65,362815
1389,13857462,65,362815
1390,13857624,65,362815
1391,13857642,65,362815
1392,13862457,65,362815
1393,13862475,65,362815
1394,13862547,65,362815
1395,13862574,65,362815
1396,13862745,65,362815
1397,13862754,65,362815
1398,13864257,65,362815
1399,13864275,65,362815
1400,13864527,65,362815
1401,13864572,65,362815
1402,13864725,65,362815
1403,13864752,65,362815
1404,13865247,65,362815
1405,13865274,65,362815
1406,13865427,65,362815
1407,13865472,65,362815
1408,13865724,65,362815
1409,13865742,65,362815
1410,13867245,65,362815
1411,13867254,65,362815
1412,13867425,65,362815
1413,13867452,65,362815
1414,13867524,65,362815
1415,13867542,65,362815
1416,13872456,65,362815
1417,13872465,65,362815
1418,13872546,65,362815
1419,13872564,65,362815
1420,13872645,65,362815
1421,13872654,65,362815
1422,13874256,65,362815
1423,13874265,65,362815
1424,13874526,65,362815
1425,13874562,65,362815
1426,13874625,65,362815
1427,13874652,65,362815
1428,13875246,65,362815
1429,13875264,65,362815
1430,13875426,65,362815
1431,13875462,65,362815
1432,13875624,65,362815
1433,13875642,65,362815
1434,13876245,65,362815
1435,13876254,65,362815
1436,13876425,65,362815
1437,13876452,65,362815
1438,13876524,65,362815
1439,13876542,65,362815
1440,14235678,65,362815
1441,14235687,65,362815
1442,14235768,65,362815
1443,14235786,65,362815
1444,14235867,65,362815
1445,14235876,65,362815
1446,14236578,65,362815
1447,14236587,65,362815
1448,14236758,65,362815
1449,14236785,65,362815
1450,14236857,65,362815
1451,14236875,65,362815
1452,14237568,65,362815
1453,14237586,65,362815
1454,14237658,65,362815
1455,14237685,65,362815
1456,14237856,65,362815
1457,14237865,65,362815
1458,14238567,65,362815
1459,14238576,65,362815
1460,14238657,65,362815
1461,14238675,65,362815
1462,14238756,65,362815
1463,14238765,65,362815
1464,14253678,65,362815
1465,14253687,65,362815
1466,14253768,65,362815
1467,14253786,65,362815
1468,14253867,65,362815
1469,14253876,65,362815
1470,14256378,65,362815
1471,14256387,65,362815
1472,14256738,65,362815
1473,14256783,65,362815
1474,14256837,65,362815
1475,14256873,65,362815
1476,14257368,65,362815
1477,14257386,65,362815
1478,14257638,65,362815
1479,14257683,65,362815
1480,14257836,65,362815
1481,14257863,65,362815
1482,14258367,65,362815
1483,14258376,65,362815
1484,14258637,65,362815
1485,14258673,65,362815
1486,14258736,65,362815
1487,14258763,65,362815
1488,14263578,65,362815
1489,14263587,65,362815
1490,14263758,65,362815
1491,14263785,65,362815
1492,14263857,65,362815
1493,14263875,65,362815
1494,14265378,65,362815
1495,14265387,65,362815
1496,14265738,65,362815
1497,14265783,65,362815
1498,14265837,65,362815
1499,14265873,65,362815
1500,14267358,65,362815
1501,14267385,65,362815
1502,14267538,65,362815
1503,14267583,65,362815
1504,14267835,65,362815
1505,14267853,65,362815
1506,14268357,65,362815
1507,14268375,65,362815
1508,14268537,65,362815
1509,14268573,65,362815
1510,14268735,65,362815
1511,14268753,65,362815
1512,14273568,65,362815
1513,14273586,65,362815
1514,14273658,65,362815
1515,14273685,65,362815
1516,14273856,65,362815
1517,14273865,65,362815
1518,14275368,65,362815
1519,14275386,65,362815
1520,14275638,65,362815
1521,14275683,65,362815
1522,14275836,65,362815
1523,14275863,65,362815
1524,14276358,65,362815
1525,14276385,65,362815
1526,14276538,65,362815
1527,14276583,65,362815
1528,14276835,65,362815
1529,14276853,65,362815
1530,14278356,65,362815
1531,14278365,65,362815
1532,14278536,65,362815
1533,14278563,65,362815
1534,14278635,65,362815
1535,14278653,65,362815
1536,14283567,65,362815
1537,14283576,65,362815
1538,14283657,65,362815
1539,14283675,65,362815
1540,14283756,65,362815
1541,14283765,65,362815
1542,14285367,65,362815
1543,14285376,65,362815
1544,14285637,65,362815
1545,14285673,65,362815
1546,14285736,65,362815
1547,14285763,65,362815
1548,14286357,65,362815
1549,14286375,65,362815
1550,14286537,65,362815
1551,14286573,65,362815
1552,14286735,65,362815
1553,14286753,65,362815
1554,14287356,65,362815
1555,14287365,65,362815
1556,14287536,65,362815
1557,14287563,65,362815
1558,14287635,65,362815
1559,14287653,65,362815
1560,14325678,65,362815
1561,14325687,65,362815
1562,14325768,65,362815
1563,14325786,65,362815
1564,14325867,65,362815
1565,14325876,65,362815
1566,14326578,65,362815
1567,14326587,65,362815
1568,14326758,65,362815
1569,14326785,65,362815
1570,14326857,65,362815
1571,14326875,65,362815
1572,14327568,65,362815
1573,14327586,65,362815
1574,14327658,65,362815
1575,14327685,65,362815
1576,14327856,65,362815
1577,14327865,65,362815
1578,14328567,65,362815
1579,14328576,65,362815
1580,14328657,65,362815
1581,14328675,65,362815
1582,14328756,65,362815
1583,14328765,65,362815
1584,14352678,65,362815
1585,14352687,65,362815
1586,14352768,65,362815
1587,14352786,65,362815
1588,14352867,65,362815
1589,14352876,65,362815
1590,14356278,65,362815
1591,14356287,65,362815
1592,14356728,65,362815
1593,14356782,65,362815
1594,14356827,65,362815
1595,14356872,65,362815
1596,14357268,65,362815
1597,14357286,65,362815
1598,14357628,65,362815
1599,14357682,65,362815
1600,14357826,65,362815
1601,14357862,65,362815
1602,14358267,65,362815
1603,14358276,65,362815
1604,14358627,65,362815
1605,14358672,65,362815
1606,14358726,65,362815
1607,14358762,65,362815
1608,14362578,65,362815
1609,14362587,65,362815
1610,14362758,65,362815
1611,14362785,65,362815
1612,14362857,65,362815
1613,14362875,65,362815
1614,14365278,65,362815
1615,14365287,65,362815
1616,14365728,65,362815
1617,14365782,65,362815
1618,14365827,65,362815
1619,14365872,65,362815
1620,14367258,65,362815
1621,14367285,65,362815
1622,14367528,65,362815
1623,14367582,65,362815
1624,14367825,65,362815
1625,14367852,65,362815
1626,14368257,65,362815
1627,14368275,65,362815
1628,14368527,65,362815
1629,14368572,65,362815
1630,14368725,65,362815
1631,14368752,65,362815
1632,14372568,65,362815
1633,14372586,65,362815
1634,14372658,65,362815
1635,14372685,65,362815
1636,14372856,65,362815
1637,14372865,65,362815
1638,14375268,65,362815
1639,14375286,65,362815
1640,14375628,65,362815
1641,14375682,65,362815
1642,14375826,65,362815
1643,14375862,65,362815
1644,14376258,65,362815
1645,14376285,65,362815
1646,14376528,65,362815
1647,14376582,65,362815
1648,14376825,65,362815
1649,14376852,65,362815
1650,14378256,65,362815
1651,14378265,65,362815
1652,14378526,65,362815
1653,14378562,65,362815
1654,14378625,65,362815
1655,14378652,65,362815
1656,14382567,65,362815
1657,14382576,65,362815
1658,14382657,65,362815
1659,14382675,65,362815
1660,14382756,65,362815
1661,14382765,65,362815
1662,14385267,65,362815
1663,14385276,65,362815
1664,14385627,65,362815
1665,14385672,65,362815
1666,14385726,65,362815
1667,14385762,65,362815
1668,14386257,65,362815
1669,14386275,65,362815
1670,14386527,65,362815
1671,14386572,65,362815
1672,14386725,65,362815
1673,14386752,65,362815
1674,14387256,65,362815
1675,14387265,65,362815
1676,14387526,65,362815
1677,14387562,65,362815
1678,14387625,65,362815
1679,14387652,65,362815
1680,14523678,65,362815
1681,14523687,65,362815
1682,14523768,65,362815
1683,14523786,65,362815
1684,14523867,65,362815
1685,14523876,65,362815
1686,14526378,65,362815
1687,14526387,65,362815
1688,14526738,65,362815
1689,14526783,65,362815
1690,14526837,65,362815
1691,14526873,65,362815
1692,14527368,65,362815
1693,14527386,65,362815
1694,14527638,65,362815
1695,14527683,65,362815
1696,14527836,65,362815
1697,14527863,65,362815
1698,14528367,65,362815
1699,14528376,65,362815
1700,14528637,65,362815
1701,14528673,65,362815
1702,14528736,65,362815
1703,14528763,65,362815
1704,14532678,65,362815
1705,14532687,65,362815
1706,14532768,65,362815
1707,14532786,65,362815
1708,14532867,65,362815
1709,14532876,65,362815
1710,14536278,65,362815
1711,14536287,65,362815
1712,14536728,65,362815
1713,14536782,65,362815
1714,14536827,65,362815
1715,14536872,65,362815
1716,14537268,65,362815
1717,14537286,65,362815
1718,14537628,65,362815
1719,14537682,65,362815
1720,14537826,65,362815
1721,14537862,65,362815
1722,14538267,65,362815
1723,14538276,65,362815
1724,14538627,65,362815
1725,14538672,65,362815
1726,14538726,65,362815
1727,14538762,65,362815
1728,14562378,65,362815
1729,14562387,65,362815
1730,14562738,65,362815
1731,14562783,65,362815
1732,14562837,65,362815
1733,14562873,65,362815
1734,14563278,65,362815
1735,14563287,65,362815
1736,14563728,65,362815
1737,14563782,65,362815
1738,14563827,65,362815
1739,14563872,65,362815
1740,14567238,65,362815
1741,14567283,65,362815
1742,14567328,65,362815
1743,14567382,65,362815
1744,14567823,65,362815
1745,14567832,65,362815
1746,14568237,65,362815
1747,14568273,65,362815
1748,14568327,65,362815
1749,14568372,65,362815
1750,14568723,65,362815
1751,14568732,65,362815
1752,14572368,65,362815
1753,14572386,65,362815
1754,14572638,65,362815
1755,14572683,65,362815
1756,14572836,65,362815
1757,14572863,65,362815
1758,14573268,65,362815
1759,14573286,65,362815
1760,14573628,65,362815
1761,14573682,65,362815
1762,14573826,65,362815
1763,14573862,65,362815
1764,14576238,65,362815
1765,14576283,65,362815
1766,14576328,65,362815
1767,14576382,65,362815
1768,14576823,65,362815
1769,14576832,65,362815
1770,14578236,65,362815
1771,14578263,65,362815
1772,14578326,65,362815
1773,14578362,65,362815
1774,14578623,65,362815
1775,14578632,65,362815
1776,14582367,65,362815
1777,14582376,65,362815
1778,14582637,65,362815
1779,14582673,65,362815
1780,14582736,65,362815
1781,14582763,65,362815
1782,14583267,65,362815
1783,14583276,65,362815
1784,14583627,65,362815
1785,14583672,65,362815
1786,14583726,65,362815
1787,14583762,65,362815
1788,14586237,65,362815
1789,14586273,65,362815
1790,14586327,65,362815
1791,14586372,65,362815
1792,14586723,65,362815
1793,14586732,65,362815
1794,14587236,65,362815
1795,14587263,65,362815
1796,14587326,65,362815
1797,14587362,65,362815
1798,14587623,65,362815
1799,14587632,65,362815
1800,14623578,65,362815
1801,14623587,65,362815
1802,14623758,65,362815
1803,14623785,65,362815
1804,14623857,65,362815
1805,14623875,65,362815
1806,14625378,65,362815
1807,14625387,65,362815
1808,14625738,65,362815
1809,14625783,65,362815
1810,14625837,65,362815
1811,14625873,65,362815
1812,14627358,65,362815
1813,14627385,65,362815
1814,14627538,65,362815
1815,14627583,65,362815
1816,14627835,65,362815
1817,14627853,65,362815
1818,14628357,65,362815
1819,14628375,65,362815
1820,14628537,65,362815
1821,14628573,65,362815
1822,14628735,65,362815
1823,14628753,65,362815
1824,14632578,65,362815
1825,14632587,65,362815
1826,14632758,65,362815
1827,14632785,65,362815
1828,14632857,65,362815
1829,14632875,65,362815
1830,14635278,65,362815
1831,14635287,65,362815
1832,14635728,65,362815
1833,14635782,65,362815
1834,14635827,65,362815
1835,14635872,65,362815
1836,14637258,65,362815
1837,14637285,65,362815
1838,14637528,65,362815
1839,14637582,65,362815
1840,14637825,65,362815
1841,14637852,65,362815
1842,14638257,65,362815
1843,14638275,65,362815
1844,14638527,65,362815
1845,14638572,65,362815
1846,14638725,65,362815
1847,14638752,65,362815
1848,14652378,65,362815
1849,14652387,65,362815
1850,14652738,65,362815
1851,14652783,65,362815
1852,14652837,65,362815
1853,14652873,65,362815
1854,14653278,65,362815
1855,14653287,65,362815
1856,14653728,65,362815
1857,14653782,65,362815
1858,14653827,65,362815
1859,14653872,65,362815
1860,14657238,65,362815
1861,14657283,65,362815
1862,14657328,65,362815
1863,14657382,65,362815
1864,14657823,65,362815
1865,14657832,65,362815
1866,14658237,65,362815
1867,14658273,65,362815
1868,14658327,65,362815
1869,14658372,65,362815
1870,14658723,65,362815
1871,14658732,65,362815
1872,14672358,65,362815
1873,14672385,65,362815
1874,14672538,65,362815
1875,14672583,65,362815
1876,14672835,65,362815
1877,14672853,65,362815
1878,14673258,65,362815
1879,14673285,65,362815
1880,14673528,65,362815
1881,14673582,65,362815
1882,14673825,65,362815
1883,14673852,65,362815
1884,14675238,65,362815
1885,14675283,65,362815
1886,14675328,65,362815
1887,14675382,65,362815
1888,14675823,65,362815
1889,14675832,65,362815
1890,14678235,65,362815
1891,14678253,65,362815
1892,14678325,65,362815
1893,14678352,65,362815
1894,14678523,65,362815
1895,14678532,65,362815
1896,14682357,65,362815
1897,14682375,65,362815
1898,14682537,65,362815
1899,14682573,65,362815
1900,14682735,65,362815
1901,14682753,65,362815
1902,14683257,65,362815
1903,14683275,65,362815
1904,14683527,65,362815
1905,14683572,65,362815
1906,14683725,65,362815
1907,14683752,65,362815
1908,14685237,65,362815
1909,14685273,65,362815
1910,14685327,65,362815
1911,14685372,65,362815
1912,14685723,65,362815
1913,14685732,65,362815
1914,14687235,65,362815
1915,14687253,65,362815
1916,14687325,65,362815
1917,14687352,65,362815
1918,14687523,65,362815
1919,14687532,65,362815
1920,14723568,65,362815
1921,14723586,65,362815
1922,14723658,65,362815
1923,14723685,65,362815
1924,14723856,65,362815
1925,14723865,65,362815
1926,14725368,65,362815
1927,14725386,65,362815
1928,14725638,65,362815
1929,14725683,65,362815
1930,14725836,65,362815
1931,14725863,65,362815
1932,14726358,65,362815
1933,14726385,65,362815
1934,14726538,65,362815
1935,14726583,65,362815
1936,14726835,65,362815
1937,14726853,65,362815
1938,14728356,65,362815
1939,14728365,65,362815
1940,14728536,65,362815
1941,14728563,65,362815
1942,14728635,65,362815
1943,14728653,65,362815
1944,14732568,65,362815
1945,14732586,65,362815
1946,14732658,65,362815
1947,14732685,65,362815
1948,14732856,65,362815
1949,14732865,65,362815
1950,14735268,65,362815
1951,14735286,65,362815
1952,14735628,65,362815
1953,14735682,65,362815
1954,14735826,65,362815
1955,14735862,65,362815
1956,14736258,65,362815
1957,14736285,65,362815
1958,14736528,65,362815
1959,14736582,65,362815
1960,14736825,65,362815
1961,14736852,65,362815
1962,14738256,65,362815
1963,14738265,65,362815
1964,14738526,65,362815
1965,14738562,65,362815
1966,14738625,65,362815
1967,14738652,65,362815
1968,14752368,65,362815
1969,14752386,65,362815
1970,14752638,65,362815
1971,14752683,65,362815
1972,14752836,65,362815
1973,14752863,65,362815
1974,14753268,65,362815
1975,14753286,65,362815
1976,14753628,65,362815
1977,14753682,65,362815
1978,14753826,65,362815
1979,14753862,65,362815
1980,14756238,65,362815
1981,14756283,65,362815
1982,14756328,65,362815
1983,14756382,65,362815
1984,14756823,65,362815
1985,14756832,65,362815
1986,14758236,65,362815
1987,14758263,65,362815
1988,14758326,65,362815
1989,14758362,65,362815
1990,14758623,65,362815
1991,14758632,65,362815
1992,14762358,65,362815
1993,14762385,65,362815
1994,14762538,65,362815
1995,14762583,65,362815
1996,14762835,65,362815
1997,14762853,65,362815
1998,14763258,65,362815
1999,14763285,65,362815
2000,14763528,65,362815
2001,14763582,65,362815
2002,14763825,65,362815
2003,14763852,65,362815
2004,14765238,65,362815
2005,14765283,65,362815
2006,14765328,65,362815
2007,14765382,65,362815
2008,14765823,65,362815
2009,14765832,65,362815
2010,14768235,65,362815
2011,14768253,65,362815
2012,14768325,65,362815
2013,14768352,65,362815
2014,14768523,65,362815
2015,14768532,65,362815
2016,14782356,65,362815
2017,14782365,65,362815
2018,14782536,65,362815
2019,14782563,65,362815
2020,14782635,65,362815
2021,14782653,65,362815
2022,14783256,65,362815
2023,14783265,65,362815
2024,14783526,65,362815
2025,14783562,65,362815
2026,14783625,65,362815
2027,14783652,65,362815
2028,14785236,65,362815
2029,14785263,65,362815
2030,14785326,65,362815
2031,14785362,65,362815
2032,14785623,65,362815
2033,14785632,65,362815
2034,14786235,65,362815
2035,14786253,65,362815
2036,14786325,65,362815
2037,14786352,65,362815
2038,14786523,65,362815
2039,14786532,65,362815
2040,14823567,65,362815
2041,14823576,65,362815
2042,14823657,65,362815
2043,14823675,65,362815
2044,14823756,65,362815
2045,14823765,65,362815
2046,14825367,65,362815
2047,14825376,65,362815
2048,14825637,65,362815
2049,14825673,65,362815
2050,14825736,65,362815
2051,14825763,65,362815
2052,14826357,65,362815
2053,14826375,65,362815
2054,14826537,65,362815
2055,14826573,65,362815
2056,14826735,65,362815
2057,14826753,65,362815
2058,14827356,65,362815
2059,14827365,65,362815
2060,14827536,65,362815
2061,14827563,65,362815
2062,14827635,65,362815
2063,14827653,65,362815
2064,14832567,65,362815
2065,14832576,65,362815
2066,14832657,65,362815
2067,14832675,65,362815
2068,14832756,65,362815
2069,14832765,65,362815
2070,14835267,65,362815
2071,14835276,65,362815
2072,14835627,65,362815
2073,14835672,65,362815
2074,14835726,65,362815
2075,14835762,65,362815
2076,14836257,65,362815
2077,14836275,65,362815
2078,14836527,65,362815
2079,14836572,65,362815
2080,14836725,65,362815
2081,14836752,65,362815
2082,14837256,65,362815
2083,14837265,65,362815
2084,14837526,65,362815
2085,14837562,65,362815
2086,14837625,65,362815
2087,14837652,65,362815
2088,14852367,65,362815
2089,14852376,65,362815
2090,14852637,65,362815
2091,14852673,65,362815
2092,14852736,65,362815
2093,14852763,65,362815
2094,14853267,65,362815
2095,14853276,65,362815
2096,14853627,65,362815
2097,14853672,65,362815
2098,14853726,65,362815
2099,14853762,65,362815
2100,14856237,65,362815
2101,14856273,65,362815
2102,14856327,65,362815
2103,14856372,65,362815
2104,14856723,65,362815
2105,14856732,65,362815
2106,14857236,65,362815
2107,14857263,65,362815
2108,14857326,65,362815
2109,14857362,65,362815
2110,14857623,65,362815
2111,14857632,65,362815
2112,14862357,65,362815
2113,14862375,65,362815
2114,14862537,65,362815
2115,14862573,65,362815
2116,14862735,65,362815
2117,14862753,65,362815
2118,14863257,65,362815
2119,14863275,65,362815
2120,14863527,65,362815
2121,14863572,65,362815
2122,14863725,65,362815
2123,14863752,65,362815
2124,14865237,65,362815
2125,14865273,65,362815
2126,14865327,65,362815
2127,14865372,65,362815
2128,14865723,65,362815
2129,14865732,65,362815
2130,14867235,65,362815
2131,14867253,65,362815
2132,14867325,65,362815
2133,14867352,65,362815
2134,14867523,65,362815
2135,14867532,65,362815
2136,14872356,65,362815
2137,14872365,65,362815
2138,14872536,65,362815
2139,14872563,65,362815
2140,14872635,65,362815
2141,14872653,65,362815
2142,14873256,65,362815
2143,14873265,65,362815
2144,14873526,65,362815
2145,14873562,65,362815
2146,14873625,65,362815
2147,14873652,65,362815
2148,14875236,65,362815
2149,14875263,65,362815
2150,14875326,65,362815
2151,14875362,65,362815
2152,14875623,65,362815
2153,14875632,65,362815
2154,14876235,65,362815
2155,14876253,65,362815
2156,14876325,65,362815
2157,14876352,65,362815
2158,14876523,65,362815
2159,14876532,65,362815
2160,15234678,65,362815
2161,15234687,65,362815
2162,15234768,65,362815
2163,15234786,65,362815
2164,15234867,65,362815
2165,15234876,65,362815
2166,15236478,65,362815
2167,15236487,65,362815
2168,15236748,65,362815
2169,15236784,65,362815
2170,15236847,65,362815
2171,15236874,65,362815
2172,15237468,65,362815
2173,15237486,65,362815
2174,15237648,65,362815
2175,15237684,65,362815
2176,15237846,65,362815
2177,15237864,65,362815
2178,15238467,65,362815
2179,15238476,65,362815
2180,15238647,65,362815
2181,15238674,65,362815
2182,15238746,65,362815
2183,15238764,65,362815
2184,15243678,65,362815
2185,15243687,65,362815
2186,15243768,65,362815
2187,15243786,65,362815
2188,15243867,65,362815
2189,15243876,65,362815
2190,15246378,65,362815
2191,15246387,65,362815
2192,15246738,65,362815
2193,15246783,65,362815
2194,15246837,65,362815
2195,15246873,65,362815
2196,15247368,65,362815
2197,15247386,65,362815
2198,15247638,65,362815
2199,15247683,65,362815
2200,15247836,65,362815
2201,15247863,65,362815
2202,15248367,65,362815
2203,15248376,65,362815
2204,15248637,65,362815
2205,15248673,65,362815
2206,15248736,65,362815
2207,15248763,65,362815
2208,15263478,65,362815
2209,15263487,65,362815
2210,15263748,65,362815
2211,15263784,65,362815
2212,15263847,65,362815
2213,15263874,65,362815
2214,15264378,65,362815
2215,15264387,65,362815
2216,15264738,65,362815
2217,15264783,65,362815
2218,15264837,65,362815
2219,15264873,65,362815
2220,15267348,65,362815
2221,15267384,65,362815
2222,15267438,65,362815
2223,15267483,65,362815
2224,15267834,65,362815
2225,15267843,65,362815
2226,15268347,65,362815
2227,15268374,65,362815
2228,15268437,65,362815
2229,15268473,65,362815
2230,15268734,65,362815
2231,15268743,65,362815
2232,15273468,65,362815
2233,15273486,65,362815
2234,15273648,65,362815
2235,15273684,65,362815
2236,15273846,65,362815
2237,15273864,65,362815
2238,15274368,65,362815
2239,15274386,65,362815
2240,15274638,65,362815
2241,15274683,65,362815
2242,15274836,65,362815
2243,15274863,65,362815
2244,15276348,65,362815
2245,15276384,65,362815
2246,15276438,65,362815
2247,15276483,65,362815
2248,15276834,65,362815
2249,15276843,65,362815
2250,15278346,65,362815
2251,15278364,65,362815
2252,15278436,65,362815
2253,15278463,65,362815
2254,15278634,65,362815
2255,15278643,65,362815
2256,15283467,65,362815
2257,15283476,65,362815
2258,15283647,65,362815
2259,15283674,65,362815
2260,15283746,65,362815
2261,15283764,65,362815
2262,15284367,65,362815
2263,15284376,65,362815
2264,15284637,65,362815
2265,15284673,65,362815
2266,15284736,65,362815
2267,15284763,65,362815
2268,15286347,65,362815
2269,15286374,65,362815
2270,15286437,65,362815
2271,15286473,65,362815
2272,15286734,65,362815
2273,15286743,65,362815
2274,15287346,65,362815
2275,15287364,65,362815
2276,15287436,65,362815
2277,15287463,65,362815
2278,15287634,65,362815
2279,15287643,65,362815
2280,15324678,65,362815
2281,15324687,65,362815
2282,15324768,65,362815
2283,15324786,65,362815
2284,15324867,65,362815
2285,15324876,65,362815
2286,15326478,65,362815
2287,15326487,65,362815
2288,15326748,65,362815
2289,15326784,65,362815
2290,15326847,65,362815
2291,15326874,65,362815
2292,15327468,65,362815
2293,15327486,65,362815
2294,15327648,65,362815
2295,15327684,65,362815
2296,15327846,65,362815
2297,15327864,65,362815
2298,15328467,65,362815
2299,15328476,65,362815
2300,15328647,65,362815
2301,15328674,65,362815
2302,15328746,65,362815
2303,15328764,65,362815
2304,15342678,65,362815
2305,15342687,65,362815
2306,15342768,65,362815
2307,15342786,65,362815
2308,15342867,65,362815
2309,15342876,65,362815
2310,15346278,65,362815
2311,15346287,65,362815
2312,15346728,65,362815
2313,15346782,65,362815
2314,15346827,65,362815
2315,15346872,65,362815
2316,15347268,65,362815
2317,15347286,65,362815
2318,15347628,65,362815
2319,15347682,65,362815
2320,15347826,65,362815
2321,15347862,65,362815
2322,15348267,65,362815
2323,15348276,65,362815
2324,15348627,65,362815
2325,15348672,65,362815
2326,15348726,65,362815
2327,15348762,65,362815
2328,15362478,65,362815
2329,15362487,65,362815
2330,15362748,65,362815
2331,15362784,65,362815
2332,15362847,65,362815
2333,15362874,65,362815
2334,15364278,65,362815
2335,15364287,65,362815
2336,15364728,65,362815
2337,15364782,65,362815
2338,15364827,65,362815
2339,15364872,65,362815
2340,15367248,65,362815
2341,15367284,65,362815
2342,15367428,65,362815
2343,15367482,65,362815
2344,15367824,65,362815
2345,15367842,65,362815
2346,15368247,65,362815
2347,15368274,65,362815
2348,15368427,65,362815
2349,15368472,65,362815
2350,15368724,65,362815
2351,15368742,65,362815
2352,15372468,65,362815
2353,15372486,65,362815
2354,15372648,65,362815
2355,15372684,65,362815
2356,15372846,65,362815
2357,15372864,65,362815
2358,15374268,65,362815
2359,15374286,65,362815
2360,15374628,65,362815
2361,15374682,65,362815
2362,15374826,65,362815
2363,15374862,65,362815
2364,15376248,65,362815
2365,15376284,65,362815
2366,15376428,65,362815
2367,15376482,65,362815
2368,15376824,65,362815
2369,15376842,65,362815
2370,15378246,65,362815
2371,15378264,65,362815
2372,15378426,65,362815
2373,15378462,65,362815
2374,15378624,65,362815
2375,15378642,65,362815
2376,15382467,65,362815
2377,15382476,65,362815
2378,15382647,65,362815
2379,15382674,65,362815
2380,15382746,65,362815
2381,15382764,65,362815
2382,15384267,65,362815
2383,15384276,65,362815
2384,15384627,65,362815
2385,15384672,65,362815
2386,15384726,65,362815
2387,15384762,65,362815
2388,15386247,65,362815
2389,15386274,65,362815
2390,15386427,65,362815
2391,15386472,65,362815
2392,15386724,65,362815
2393,15386742,65,362815
2394,15387246,65,362815
2395,15387264,65,362815
2396,15387426,65,362815
2397,15387462,65,362815
2398,15387624,65,362815
2399,15387642,65,362815
2400,15423678,65,362815
2401,15423687,65,362815
2402,15423768,65,362815
2403,15423786,65,362815
2404,15423867,65,362815
2405,15423876,65,362815
2406,15426378,65,362815
2407,15426387,65,362815
2408,15426738,65,362815
2409,15426783,65,362815
2410,15426837,65,362815
2411,15426873,65,362815
2412,15427368,65,362815
2413,15427386,65,362815
2414,15427638,65,362815
2415,15427683,65,362815
2416,15427836,65,362815
2417,15427863,65,362815
2418,15428367,65,362815
2419,15428376,65,362815
2420,15428637,65,362815
2421,15428673,65,362815
2422,15428736,65,362815
2423,15428763,65,362815
2424,15432678,65,362815
2425,15432687,65,362815
2426,15432768,65,362815
2427,15432786,65,362815
2428,15432867,65,362815
2429,15432876,65,362815
2430,15436278,65,362815
2431,15436287,65,362815
2432,15436728,65,362815
2433,15436782,65,362815
2434,15436827,65,362815
2435,15436872,65,362815
2436,15437268,65,362815
2437,15437286,65,362815
2438,15437628,65,362815
2439,15437682,65,362815
2440,15437826,65,362815
2441,15437862,65,362815
2442,15438267,65,362815
2443,15438276,65,362815
2444,15438627,65,362815
2445,15438672,65,362815
2446,15438726,65,362815
2447,15438762,65,362815
2448,15462378,65,362815
2449,15462387,65,362815
2450,15462738,65,362815
2451,15462783,65,362815
2452,15462837,65,362815
2453,15462873,65,362815
2454,15463278,65,362815
2455,15463287,65,362815
2456,15463728,65,362815
2457,15463782,65,362815
2458,15463827,65,362815
2459,15463872,65,362815
2460,15467238,65,362815
2461,15467283,65,362815
2462,15467328,65,362815
2463,15467382,65,362815
2464,15467823,65,362815
2465,15467832,65,362815
2466,15468237,65,362815
2467,15468273,65,362815
2468,15468327,65,362815
2469,15468372,65,362815
2470,15468723,65,362815
2471,15468732,65,362815
2472,15472368,65,362815
2473,15472386,65,362815
2474,15472638,65,362815
2475,15472683,65,362815
2476,15472836,65,362815
2477,15472863,65,362815
2478,15473268,65,362815
2479,15473286,65,362815
2480,15473628,65,362815
2481,15473682,65,362815
2482,15473826,65,362815
2483,15473862,65,362815
2484,15476238,65,362815
2485,15476283,65,362815
2486,15476328,65,362815
2487,15476382,65,362815
2488,15476823,65,362815
2489,15476832,65,362815
2490,15478236,65,362815
2491,15478263,65,362815
2492,15478326,65,362815
2493,15478362,65,362815
2494,15478623,65,362815
2495,15478632,65,362815
2496,15482367,65,362815
2497,15482376,65,362815
2498,15482637,65,362815
2499,15482673,65,362815
2500,15482736,65,362815
2501,15482763,65,362815
2502,15483267,65,362815
2503,15483276,65,362815
2504,15483627,65,362815
2505,15483672,65,362815
2506,15483726,65,362815
2507,15483762,65,362815
2508,15486237,65,362815
2509,15486273,65,362815
2510,15486327,65,362815
2511,15486372,65,362815
2512,15486723,65,362815
2513,15486732,65,362815
2514,15487236,65,362815
2515,15487263,65,362815
2516,15487326,65,362815
2517,15487362,65,362815
2518,15487623,65,362815
2519,15487632,65,362815
2520,15623478,65,362815
2521,15623487,65,362815
2522,15623748,65,362815
2523,15623784,65,362815
2524,15623847,65,362815
2525,15623874,65,362815
2526,15624378,65,362815
2527,15624387,65,362815
2528,15624738,65,362815
2529,15624783,65,362815
2530,15624837,65,362815
2531,15624873,65,362815
2532,15627348,65,362815
2533,15627384,65,362815
2534,15627438,65,362815
2535,15627483,65,362815
2536,15627834,65,362815
2537,15627843,65,362815
2538,15628347,65,362815
2539,15628374,65,362815
2540,15628437,65,362815
2541,15628473,65,362815
2542,15628734,65,362815
2543,15628743,65,362815
2544,15632478,65,362815
2545,15632487,65,362815
2546,15632748,65,362815
2547,15632784,65,362815
2548,15632847,65,362815
2549,15632874,65,362815
2550,15634278,65,362815
2551,15634287,65,362815
2552,15634728,65,362815
2553,15634782,65,362815
2554,15634827,65,362815
2555,15634872,65,362815
2556,15637248,65,362815
2557,15637284,65,362815
2558,15637428,65,362815
2559,15637482,65,362815
2560,15637824,65,362815
2561,15637842,65,362815
2562,15638247,65,362815
2563,15638274,65,362815
2564,15638427,65,362815
2565,15638472,65,362815
2566,15638724,65,362815
2567,15638742,65,362815
2568,15642378,65,362815
2569,15642387,65,362815
2570,15642738,65,362815
2571,15642783,65,362815
2572,15642837,65,362815
2573,15642873,65,362815
2574,15643278,65,362815
2575,15643287,65,362815
2576,15643728,65,362815
2577,15643782,65,362815
2578,15643827,65,362815
2579,15643872,65,362815
2580,15647238,65,362815
2581,15647283,65,362815
2582,15647328,65,362815
2583,15647382,65,362815
2584,15647823,65,362815
2585,15647832,65,362815
2586,15648237,65,362815
2587,15648273,65,362815
2588,15648327,65,362815
2589,15648372,65,362815
2590,15648723,65,362815
2591,15648732,65,362815
2592,15672348,65,362815
2593,15672384,65,362815
2594,15672438,65,362815
2595,15672483,65,362815
2596,15672834,65,362815
2597,15672843,65,362815
2598,15673248,65,362815
2599,15673284,65,362815
2600,15673428,65,362815
2601,15673482,65,362815
2602,15673824,65,362815
2603,15673842,65,362815
2604,15674238,65,362815
2605,15674283,65,362815
2606,15674328,65,362815
2607,15674382,65,362815
2608,15674823,65,362815
2609,15674832,65,362815
2610,15678234,65,362815
2611,15678243,65,362815
2612,15678324,65,362815
2613,15678342,65,362815
2614,15678423,65,362815
2615,15678432,65,362815
2616,15682347,65,362815
2617,15682374,65,362815
2618,15682437,65,362815
2619,15682473,65,362815
2620,15682734,65,362815
2621,15682743,65,362815
2622,15683247,65,362815
2623,15683274,65,362815
2624,15683427,65,362815
2625,15683472,65,362815
2626,15683724,65,362815
2627,15683742,65,362815
2628,15684237,65,362815
2629,15684273,65,362815
2630,15684327,65,362815
2631,15684372,65,362815
2632,15684723,65,362815
2633,15684732,65,362815
2634,15687234,65,362815
2635,15687243,65,362815
2636,15687324,65,362815
2637,15687342,65,362815
2638,15687423,65,362815
2639,15687432,65,362815
2640,15723468,65,362815
2641,15723486,65,362815
2642,15723648,65,362815
2643,15723684,65,362815
2644,15723846,65,362815
2645,15723864,65,362815
2646,15724368,65,362815
2647,15724386,65,362815
2648,15724638,65,362815
2649,15724683,65,362815
2650,15724836,65,362815
2651,15724863,65,362815
2652,15726348,65,362815
2653,15726384,65,362815
2654,15726438,65,362815
2655,15726483,65,362815
2656,15726834,65,362815
2657,15726843,65,362815
2658,15728346,65,362815
2659,15728364,65,362815
2660,15728436,65,362815
2661,15728463,65,362815
2662,15728634,65,362815
2663,15728643,65,362815
2664,15732468,65,362815
2665,15732486,65,362815
2666,15732648,65,362815
2667,15732684,65,362815
2668,15732846,65,362815
2669,15732864,65,362815
2670,15734268,65,362815
2671,15734286,65,362815
2672,15734628,65,362815
2673,15734682,65,362815
2674,15734826,65,362815
2675,15734862,65,362815
2676,15736248,65,362815
2677,15736284,65,362815
2678,15736428,65,362815
2679,15736482,65,362815
2680,15736824,65,362815
2681,15736842,65,362815
2682,15738246,65,362815
2683,15738264,65,362815
2684,15738426,65,362815
2685,15738462,65,362815
2686,15738624,65,362815
2687,15738642,65,362815
2688,15742368,65,362815
2689,15742386,65,362815
2690,15742638,65,362815
2691,15742683,65,362815
2692,15742836,65,362815
2693,15742863,65,362815
2694,15743268,65,362815
2695,15743286,65,362815
2696,15743628,65,362815
2697,15743682,65,362815
2698,15743826,65,362815
2699,15743862,65,362815
2700,15746238,65,362815
2701,15746283,65,362815
2702,15746328,65,362815
2703,15746382,65,362815
2704,15746823,65,362815
2705,15746832,65,362815
2706,15748236,65,362815
2707,15748263,65,362815
2708,15748326,65,362815
2709,15748362,65,362815
2710,15748623,65,362815
2711,15748632,65,362815
2712,15762348,65,362815
2713,15762384,65,362815
2714,15762438,65,362815
2715,15762483,65,362815
2716,15762834,65,362815
2717,15762843,65,362815
2718,15763248,65,362815
2719,15763284,65,362815
2720,15763428,65,362815
2721,15763482,65,362815
2722,15763824,65,362815
2723,15763842,65,362815
2724,15764238,65,362815
2725,15764283,65,362815
2726,15764328,65,362815
2727,15764382,65,362815
2728,15764823,65,362815
2729,15764832,65,362815
2730,15768234,65,362815
2731,15768243,65,362815
2732,15768324,65,362815
2733,15768342,65,362815
2734,15768423,65,362815
2735,15768432,65,362815
2736,15782346,65,362815
2737,15782364,65,362815
2738,15782436,65,362815
2739,15782463,65,362815
2740,15782634,65,362815
2741,15782643,65,362815
2742,15783246,65,362815
2743,15783264,65,362815
2744,15783426,65,362815
2745,15783462,65,362815
2746,15783624,65,362815
2747,15783642,65,362815
2748,15784236,65,362815
2749,15784263,65,362815
2750,15784326,65,362815
2751,15784362,65,362815
2752,15784623,65,362815
2753,15784632,65,362815
2754,15786234,65,362815
2755,15786243,65,362815
2756,15786324,65,362815
2757,15786342,65,362815
2758,15786423,65,362815
2759,15786432,65,362815
2760,15823467,65,362815
2761,15823476,65,362815
2762,15823647,65,362815
2763,15823674,65,362815
2764,15823746,65,362815
2765,15823764,65,362815
2766,15824367,65,362815
2767,15824376,65,362815
2768,15824637,65,362815
2769,15824673,65,362815
2770,15824736,65,362815
2771,15824763,65,362815
2772,15826347,65,362815
2773,15826374,65,362815
2774,15826437,65,362815
2775,15826473,65,362815
2776,15826734,65,362815
2777,15826743,65,362815
2778,15827346,65,362815
2779,15827364,65,362815
2780,15827436,65,362815
2781,15827463,65,362815
2782,15827634,65,362815
2783,15827643,65,362815
2784,15832467,65,362815
2785,15832476,65,362815
2786,15832647,65,362815
2787,15832674,65,362815
2788,15832746,65,362815
2789,15832764,65,362815
2790,15834267,65,362815
2791,15834276,65,362815
2792,15834627,65,362815
2793,15834672,65,362815
2794,15834726,65,362815
2795,15834762,65,362815
2796,15836247,65,362815
2797,15836274,65,362815
2798,15836427,65,362815
2799,15836472,65,362815
2800,15836724,65,362815
2801,15836742,65,362815
2802,15837246,65,362815
2803,15837264,65,362815
2804,15837426,65,362815
2805,15837462,65,362815
2806,15837624,65,362815
2807,15837642,65,362815
2808,15842367,65,362815
2809,15842376,65,362815
2810,15842637,65,362815
2811,15842673,65,362815
2812,15842736,65,362815
2813,15842763,65,362815
2814,15843267,65,362815
2815,15843276,65,362815
2816,15843627,65,362815
2817,15843672,65,362815
2818,15843726,65,362815
2819,15843762,65,362815
2820,15846237,65,362815
2821,15846273,65,362815
2822,15846327,65,362815
2823,15846372,65,362815
2824,15846723,65,362815
2825,15846732,65,362815
2826,15847236,65,362815
2827,15847263,65,362815
2828,15847326,65,362815
2829,15847362,65,362815
2830,15847623,65,362815
2831,15847632,65,362815
2832,15862347,65,362815
2833,15862374,65,362815
2834,15862437,65,362815
2835,15862473,65,362815
2836,15862734,65,362815
2837,15862743,65,362815
2838,15863247,65,362815
2839,15863274,65,362815
2840,15863427,65,362815
2841,15863472,65,362815
2842,15863724,65,362815
2843,15863742,65,362815
2844,15864237,65,362815
2845,15864273,65,362815
2846,15864327,65,362815
2847,15864372,65,362815
2848,15864723,65,362815
2849,15864732,65,362815
2850,15867234,65,362815
2851,15867243,65,362815
2852,15867324,65,362815
2853,15867342,65,362815
2854,15867423,65,362815
2855,15867432,65,362815
2856,15872346,65,362815
2857,15872364,65,362815
2858,15872436,65,362815
2859,15872463,65,362815
2860,15872634,65,362815
2861,15872643,65,362815
2862,15873246,65,362815
2863,15873264,65,362815
2864,15873426,65,362815
2865,15873462,65,362815
2866,15873624,65,362815
2867,15873642,65,362815
2868,15874236,65,362815
2869,15874263,65,362815
2870,15874326,65,362815
2871,15874362,65,362815
2872,15874623,65,362815
2873,15874632,65,362815
2874,15876234,65,362815
2875,15876243,65,362815
2876,15876324,65,362815
2877,15876342,65,362815
2878,15876423,65,362815
2879,15876432,65,362815
2880,16234578,65,362815
2881,16234587,65,362815
2882,16234758,65,362815
2883,16234785,65,362815
2884,16234857,65,362815
2885,16234875,65,362815
2886,16235478,65,362815
2887,16235487,65,362815
2888,16235748,65,362815
2889,16235784,65,362815
2890,16235847,65,362815
2891,16235874,65,362815
2892,16237458,65,362815
2893,16237485,65,362815
2894,16237548,65,362815
2895,16237584,65,362815
2896,16237845,65,362815
2897,16237854,65,362815
2898,16238457,65,362815
2899,16238475,65,362815
2900,16238547,65,362815
2901,16238574,65,362815
2902,16238745,65,362815
2903,16238754,65,362815
2904,16243578,65,362815
2905,16243587,65,362815
2906,16243758,65,362815
2907,16243785,65,362815
2908,16243857,65,362815
2909,16243875,65,362815
2910,16245378,65,362815
2911,16245387,65,362815
2912,16245738,65,362815
2913,16245783,65,362815
2914,16245837,65,362815
2915,16245873,65,362815
2916,16247358,65,362815
2917,16247385,65,362815
2918,16247538,65,362815
2919,16247583,65,362815
2920,16247835,65,362815
2921,16247853,65,362815
2922,16248357,65,362815
2923,16248375,65,362815
2924,16248537,65,362815
2925,16248573,65,362815
2926,16248735,65,362815
2927,16248753,65,362815
2928,16253478,65,362815
2929,16253487,65,362815
2930,16253748,65,362815
2931,16253784,65,362815
2932,16253847,65,362815
2933,16253874,65,362815
2934,16254378,65,362815
2935,16254387,65,362815
2936,16254738,65,362815
2937,16254783,65,362815
2938,16254837,65,362815
2939,16254873,65,362815
2940,16257348,65,362815
2941,16257384,65,362815
2942,16257438,65,362815
2943,16257483,65,362815
2944,16257834,65,362815
2945,16257843,65,362815
2946,16258347,65,362815
2947,16258374,65,362815
2948,16258437,65,362815
2949,16258473,65,362815
2950,16258734,65,362815
2951,16258743,65,362815
2952,16273458,65,362815
2953,16273485,65,362815
2954,16273548,65,362815
2955,16273584,65,362815
2956,16273845,65,362815
2957,16273854,65,362815
2958,16274358,65,362815
2959,16274385,65,362815
2960,16274538,65,362815
2961,16274583,65,362815
2962,16274835,65,362815
2963,16274853,65,362815
2964,16275348,65,362815
2965,16275384,65,362815
2966,16275438,65,362815
2967,16275483,65,362815
2968,16275834,65,362815
2969,16275843,65,362815
2970,16278345,65,362815
2971,16278354,65,362815
2972,16278435,65,362815
2973,16278453,65,362815
2974,16278534,65,362815
2975,16278543,65,362815
2976,16283457,65,362815
2977,16283475,65,362815
2978,16283547,65,362815
2979,16283574,65,362815
2980,16283745,65,362815
2981,16283754,65,362815
2982,16284357,65,362815
2983,16284375,65,362815
2984,16284537,65,362815
2985,16284573,65,362815
2986,16284735,65,362815
2987,16284753,65,362815
2988,16285347,65,362815
2989,16285374,65,362815
2990,16285437,65,362815
2991,16285473,65,362815
2992,16285734,65,362815
2993,16285743,65,362815
2994,16287345,65,362815
2995,16287354,65,362815
2996,16287435,65,362815
2997,16287453,65,362815
2998,16287534,65,362815
2999,16287543,65,362815
3000,16324578,65,362815
3001,16324587,65,362815
3002,16324758,65,362815
3003,16324785,65,362815
3004,16324857,65,362815
3005,16324875,65,362815
3006,16325478,65,362815
3007,16325487,65,362815
3008,16325748,65,362815
3009,16325784,65,362815
3010,16325847,65,362815
3011,16325874,65,362815
3012,16327458,65,362815
3013,16327485,65,362815
3014,16327548,65,362815
3015,16327584,65,362815
3016,16327845,65,362815
3017,16327854,65,362815
3018,16328457,65,362815
3019,16328475,65,362815
3020,16328547,65,362815
3021,16328574,65,362815
3022,16328745,65,362815
3023,16328754,65,362815
3024,16342578,65,362815
3025,16342587,65,362815
3026,16342758,65,362815
3027,16342785,65,362815
3028,16342857,65,362815
3029,16342875,65,362815
3030,16345278,65,362815
3031,16345287,65,362815
3032,16345728,65,362815
3033,16345782,65,362815
3034,16345827,65,362815
3035,16345872,65,362815
3036,16347258,65,362815
3037,16347285,65,362815
3038,16347528,65,362815
3039,16347582,65,362815
3040,16347825,65,362815
3041,16347852,65,362815
3042,16348257,65,362815
3043,16348275,65,362815
3044,16348527,65,362815
3045,16348572,65,362815
3046,16348725,65,362815
3047,16348752,65,362815
3048,16352478,65,362815
3049,16352487,65,362815
3050,16352748,65,362815
3051,16352784,65,362815
3052,16352847,65,362815
3053,16352874,65,362815
3054,16354278,65,362815
3055,16354287,65,362815
3056,16354728,65,362815
3057,16354782,65,362815
3058,16354827,65,362815
3059,16354872,65,362815
3060,16357248,65,362815
3061,16357284,65,362815
3062,16357428,65,362815
3063,16357482,65,362815
3064,16357824,65,362815
3065,16357842,65,362815
3066,16358247,65,362815
3067,16358274,65,362815
3068,16358427,65,362815
3069,16358472,65,362815
3070,16358724,65,362815
3071,16358742,65,362815
3072,16372458,65,362815
3073,16372485,65,362815
3074,16372548,65,362815
3075,16372584,65,362815
3076,16372845,65,362815
3077,16372854,65,362815
3078,16374258,65,362815
3079,16374285,65,362815
3080,16374528,65,362815
3081,16374582,65,362815
3082,16374825,65,362815
3083,16374852,65,362815
3084,16375248,65,362815
3085,16375284,65,362815
3086,16375428,65,362815
3087,16375482,65,362815
3088,16375824,65,362815
3089,16375842,65,362815
3090,16378245,65,362815
3091,16378254,65,362815
3092,16378425,65,362815
3093,16378452,65,362815
3094,16378524,65,362815
3095,16378542,65,362815
3096,16382457,65,362815
3097,16382475,65,362815
3098,16382547,65,362815
3099,16382574,65,362815
3100,16382745,65,362815
3101,16382754,65,362815
3102,16384257,65,362815
3103,16384275,65,362815
3104,16384527,65,362815
3105,16384572,65,362815
3106,16384725,65,362815
3107,16384752,65,362815
3108,16385247,65,362815
3109,16385274,65,362815
3110,16385427,65,362815
3111,16385472,65,362815
3112,16385724,65,362815
3113,16385742,65,362815
3114,16387245,65,362815
3115,16387254,65,362815
3116,16387425,65,362815
3117,16387452,65,362815
3118,16387524,65,362815
3119,16387542,65,362815
3120,16423578,65,362815
3121,16423587,65,362815
3122,16423758,65,362815
3123,16423785,65,362815
3124,16423857,65,362815
3125,16423875,65,362815
3126,16425378,65,362815
3127,16425387,65,362815
3128,16425738,65,362815
3129,16425783,65,362815
3130,16425837,65,362815
3131,16425873,65,362815
3132,16427358,65,362815
3133,16427385,65,362815
3134,16427538,65,362815
3135,16427583,65,362815
3136,16427835,65,362815
3137,16427853,65,362815
3138,16428357,65,362815
3139,16428375,65,362815
3140,16428537,65,362815
3141,16428573,65,362815
3142,16428735,65,362815
3143,16428753,65,362815
3144,16432578,65,362815
3145,16432587,65,362815
3146,16432758,65,362815
3147,16432785,65,362815
3148,16432857,65,362815
3149,16432875,65,362815
3150,16435278,65,362815
3151,16435287,65,362815
3152,16435728,65,362815
3153,16435782,65,362815
3154,16435827,65,362815
3155,16435872,65,362815
3156,16437258,65,362815
3157,16437285,65,362815
3158,16437528,65,362815
3159,16437582,65,362815
3160,16437825,65,362815
3161,16437852,65,362815
3162,16438257,65,362815
3163,16438275,65,362815
3164,16438527,65,362815
3165,16438572,65,362815
3166,16438725,65,362815
3167,16438752,65,362815
3168,16452378,65,362815
3169,16452387,65,362815
3170,16452738,65,362815
3171,16452783,65,362815
3172,16452837,65,362815
3173,16452873,65,362815
3174,16453278,65,362815
3175,16453287,65,362815
3176,16453728,65,362815
3177,16453782,65,362815
3178,16453827,65,362815
3179,16453872,65,362815
3180,16457238,65,362815
3181,16457283,65,362815
3182,16457328,65,362815
3183,16457382,65,362815
3184,16457823,65,362815
3185,16457832,65,362815
3186,16458237,65,362815
3187,16458273,65,362815
3188,16458327,65,362815
3189,16458372,65,362815
3190,16458723,65,362815
3191,16458732,65,362815
3192,16472358,65,362815
3193,16472385,65,362815
3194,16472538,65,362815
3195,16472583,65,362815
3196,16472835,65,362815
3197,16472853,65,362815
3198,16473258,65,362815
3199,16473285,65,362815
3200,16473528,65,362815
3201,16473582,65,362815
3202,16473825,65,362815
3203,16473852,65,362815
3204,16475238,65,362815
3205,16475283,65,362815
3206,16475328,65,362815
3207,16475382,65,362815
3208,16475823,65,362815
3209,16475832,65,362815
3210,16478235,65,362815
3211,16478253,65,362815
3212,16478325,65,362815
3213,16478352,65,362815
3214,16478523,65,362815
3215,16478532,65,362815
3216,16482357,65,362815
3217,16482375,65,362815
3218,16482537,65,362815
3219,16482573,65,362815
3220,16482735,65,362815
3221,16482753,65,362815
3222,16483257,65,362815
3223,16483275,65,362815
3224,16483527,65,362815
3225,16483572,65,362815
3226,16483725,65,362815
3227,16483752,65,362815
3228,16485237,65,362815
3229,16485273,65,362815
3230,16485327,65,362815
3231,16485372,65,362815
3232,16485723,65,362815
3233,16485732,65,362815
3234,16487235,65,362815
3235,16487253,65,362815
3236,16487325,65,362815
3237,16487352,65,362815
3238,16487523,65,362815
3239,16487532,65,362815
3240,16523478,65,362815
3241,16523487,65,362815
3242,16523748,65,362815
3243,16523784,65,362815
3244,16523847,65,362815
3245,16523874,65,362815
3246,16524378,65,362815
3247,16524387,65,362815
3248,16524738,65,362815
3249,16524783,65,362815
3250,16524837,65,362815
3251,16524873,65,362815
3252,16527348,65,362815
3253,16527384,65,362815
3254,16527438,65,362815
3255,16527483,65,362815
3256,16527834,65,362815
3257,16527843,65,362815
3258,16528347,65,362815
3259,16528374,65,362815
3260,16528437,65,362815
3261,16528473,65,362815
3262,16528734,65,362815
3263,16528743,65,362815
3264,16532478,65,362815
3265,16532487,65,362815
3266,16532748,65,362815
3267,16532784,65,362815
3268,16532847,65,362815
3269,16532874,65,362815
3270,16534278,65,362815
3271,16534287,65,362815
3272,16534728,65,362815
3273,16534782,65,362815
3274,16534827,65,362815
3275,16534872,65,362815
3276,16537248,65,362815
3277,16537284,65,362815
3278,16537428,65,362815
3279,16537482,65,362815
3280,16537824,65,362815
3281,16537842,65,362815
3282,16538247,65,362815
3283,16538274,65,362815
3284,16538427,65,362815
3285,16538472,65,362815
3286,16538724,65,362815
3287,16538742,65,362815
3288,16542378,65,362815
3289,16542387,65,362815
3290,16542738,65,362815
3291,16542783,65,362815
3292,16542837,65,362815
3293,16542873,65,362815
3294,16543278,65,362815
3295,16543287,65,362815
3296,16543728,65,362815
3297,16543782,65,362815
3298,16543827,65,362815
3299,16543872,65,362815
3300,16547238,65,362815
3301,16547283,65,362815
3302,16547328,65,362815
3303,16547382,65,362815
3304,16547823,65,362815
3305,16547832,65,362815
3306,16548237,65,362815
3307,16548273,65,362815
3308,16548327,65,362815
3309,16548372,65,362815
3310,16548723,65,362815
3311,16548732,65,362815
3312,16572348,65,362815
3313,16572384,65,362815
3314,16572438,65,362815
3315,16572483,65,362815
3316,16572834,65,362815
3317,16572843,65,362815
3318,16573248,65,362815
3319,16573284,65,362815
3320,16573428,65,362815
3321,16573482,65,362815
3322,16573824,65,362815
3323,16573842,65,362815
3324,16574238,65,362815
3325,16574283,65,362815
3326,16574328,65,362815
3327,16574382,65,362815
3328,16574823,65,362815
3329,16574832,65,362815
3330,16578234,65,362815
3331,16578243,65,362815
3332,16578324,65,362815
3333,16578342,65,362815
3334,16578423,65,362815
3335,16578432,65,362815
3336,16582347,65,362815
3337,16582374,65,362815
3338,16582437,65,362815
3339,16582473,65,362815
3340,16582734,65,362815
3341,16582743,65,362815
3342,16583247,65,362815
3343,16583274,65,362815
3344,16583427,65,362815
3345,16583472,65,362815
3346,16583724,65,362815
3347,16583742,65,362815
3348,16584237,65,362815
3349,16584273,65,362815
3350,16584327,65,362815
3351,16584372,65,362815
3352,16584723,65,362815
3353,16584732,65,362815
3354,16587234,65,362815
3355,16587243,65,362815
3356,16587324,65,362815
3357,16587342,65,362815
3358,16587423,65,362815
3359,16587432,65,362815
3360,16723458,65,362815
3361,16723485,65,362815
3362,16723548,65,362815
3363,16723584,65,362815
3364,16723845,65,362815
3365,16723854,65,362815
3366,16724358,65,362815
3367,16724385,65,362815
3368,16724538,65,362815
3369,16724583,65,362815
3370,16724835,65,362815
3371,16724853,65,362815
3372,16725348,65,362815
3373,16725384,65,362815
3374,16725438,65,362815
3375,16725483,65,362815
3376,16725834,65,362815
3377,16725843,65,362815
3378,16728345,65,362815
3379,16728354,65,362815
3380,16728435,65,362815
3381,16728453,65,362815
3382,16728534,65,362815
3383,16728543,65,362815
3384,16732458,65,362815
3385,16732485,65,362815
3386,16732548,65,362815
3387,16732584,65,362815
3388,16732845,65,362815
3389,16732854,65,362815
3390,16734258,65,362815
3391,16734285,65,362815
3392,16734528,65,362815
3393,16734582,65,362815
3394,16734825,65,362815
3395,16734852,65,362815
3396,16735248,65,362815
3397,16735284,65,362815
3398,16735428,65,362815
3399,16735482,65,362815
3400,16735824,65,362815
3401,16735842,65,362815
3402,16738245,65,362815
3403,16738254,65,362815
3404,16738425,65,362815
3405,16738452,65,362815
3406,16738524,65,362815
3407,16738542,65,362815
3408,16742358,65,362815
3409,16742385,65,362815
3410,16742538,65,362815
3411,16742583,65,362815
3412,16742835,65,362815
3413,16742853,65,362815
3414,16743258,65,362815
3415,16743285,65,362815
3416,16743528,65,362815
3417,16743582,65,362815
3418,16743825,65,362815
3419,16743852,65,362815
3420,16745238,65,362815
3421,16745283,65,362815
3422,16745328,65,362815
3423,16745382,65,362815
3424,16745823,65,362815
3425,16745832,65,362815
3426,16748235,65,362815
3427,16748253,65,362815
3428,16748325,65,362815
3429,16748352,65,362815
3430,16748523,65,362815
3431,16748532,65,362815
3432,16752348,65,362815
3433,16752384,65,362815
3434,16752438,65,362815
3435,16752483,65,362815
3436,16752834,65,362815
3437,16752843,65,362815
3438,16753248,65,362815
3439,16753284,65,362815
3440,16753428,65,362815
3441,16753482,65,362815
3442,16753824,65,362815
3443,16753842,65,362815
3444,16754238,65,362815
3445,16754283,65,362815
3446,16754328,65,362815
3447,16754382,65,362815
3448,16754823,65,362815
3449,16754832,65,362815
3450,16758234,65,362815
3451,16758243,65,362815
3452,16758324,65,362815
3453,16758342,65,362815
3454,16758423,65,362815
3455,16758432,65,362815
3456,16782345,65,362815
3457,16782354,65,362815
3458,16782435,65,362815
3459,16782453,65,362815
3460,16782534,65,362815
3461,16782543,65,362815
3462,16783245,65,362815
3463,16783254,65,362815
3464,16783425,65,362815
3465,16783452,65,362815
3466,16783524,65,362815
3467,16783542,65,362815
3468,16784235,65,362815
3469,16784253,65,362815
3470,16784325,65,362815
3471,16784352,65,362815
3472,16784523,65,362815
3473,16784532,65,362815
3474,16785234,65,362815
3475,16785243,65,362815
3476,16785324,65,362815
3477,16785342,65,362815
3478,16785423,65,362815
3479,16785432,65,362815
3480,16823457,65,362815
3481,16823475,65,362815
3482,16823547,65,362815
3483,16823574,65,362815
3484,16823745,65,362815
3485,16823754,65,362815
3486,16824357,65,362815
3487,16824375,65,362815
3488,16824537,65,362815
3489,16824573,65,362815
3490,16824735,65,362815
3491,16824753,65,362815
3492,16825347,65,362815
3493,16825374,65,362815
3494,16825437,65,362815
3495,16825473,65,362815
3496,16825734,65,362815
3497,16825743,65,362815
3498,16827345,65,362815
3499,16827354,65,362815
3500,16827435,65,362815
3501,16827453,65,362815
3502,16827534,65,362815
3503,16827543,65,362815
3504,16832457,65,362815
3505,16832475,65,362815
3506,16832547,65,362815
3507,16832574,65,362815
3508,16832745,65,362815
3509,16832754,65,362815
3510,16834257,65,362815
3511,16834275,65,362815
3512,16834527,65,362815
3513,16834572,65,362815
3514,16834725,65,362815
3515,16834752,65,362815
3516,16835247,65,362815
3517,16835274,65,362815
3518,16835427,65,362815
3519,16835472,65,362815
3520,16835724,65,362815
3521,16835742,65,362815
3522,16837245,65,362815
3523,16837254,65,362815
3524,16837425,65,362815
3525,16837452,65,362815
3526,16837524,65,362815
3527,16837542,65,362815
3528,16842357,65,362815
3529,16842375,65,362815
3530,16842537,65,362815
3531,16842573,65,362815
3532,16842735,65,362815
3533,16842753,65,362815
3534,16843257,65,362815
3535,16843275,65,362815
3536,16843527,65,362815
3537,16843572,65,362815
3538,16843725,65,362815
3539,16843752,65,362815
3540,16845237,65,362815
3541,16845273,65,362815
3542,16845327,65,362815
3543,16845372,65,362815
3544,16845723,65,362815
3545,16845732,65,362815
3546,16847235,65,362815
3547,16847253,65,362815
3548,16847325,65,362815
3549,16847352,65,362815
3550,16847523,65,362815
3551,16847532,65,362815
3552,16852347,65,362815
3553,16852374,65,362815
3554,16852437,65,362815
3555,16852473,65,362815
3556,16852734,65,362815
3557,16852743,65,362815
3558,16853247,65,362815
3559,16853274,65,362815
3560,16853427,65,362815
3561,16853472,65,362815
3562,16853724,65,362815
3563,16853742,65,362815
3564,16854237,65,362815
3565,16854273,65,362815
3566,16854327,65,362815
3567,16854372,65,362815
3568,16854723,65,362815
3569,16854732,65,362815
3570,16857234,65,362815
3571,16857243,65,362815
3572,16857324,65,362815
3573,16857342,65,362815
3574,16857423,65,362815
3575,16857432,65,362815
3576,16872345,65,362815
3577,16872354,65,362815
3578,16872435,65,362815
3579,16872453,65,362815
3580,16872534,65,362815
3581,16872543,65,362815
3582,16873245,65,362815
3583,16873254,65,362815
3584,16873425,65,362815
3585,16873452,65,362815
3586,16873524,65,362815
3587,16873542,65,362815
3588,16874235,65,362815
3589,16874253,65,362815
3590,16874325,65,362815
3591,16874352,65,362815
3592,16874523,65,362815
3593,16874532,65,362815
3594,16875234,65,362815
3595,16875243,65,362815
3596,16875324,65,362815
3597,16875342,65,362815
3598,16875423,65,362815
3599,16875432,65,362815
3600,17234568,65,362815
3601,17234586,65,362815
3602,17234658,65,362815
3603,17234685,65,362815
3604,17234856,65,362815
3605,17234865,65,362815
3606,17235468,65,362815
3607,17235486,65,362815
3608,17235648,65,362815
3609,17235684,65,362815
3610,17235846,65,362815
3611,17235864,65,362815
3612,17236458,65,362815
3613,17236485,65,362815
3614,17236548,65,362815
3615,17236584,65,362815
3616,17236845,65,362815
3617,17236854,65,362815
3618,17238456,65,362815
3619,17238465,65,362815
3620,17238546,65,362815
3621,17238564,65,362815
3622,17238645,65,362815
3623,17238654,65,362815
3624,17243568,65,362815
3625,17243586,65,362815
3626,17243658,65,362815
3627,17243685,65,362815
3628,17243856,65,362815
3629,17243865,65,362815
3630,17245368,65,362815
3631,17245386,65,362815
3632,17245638,65,362815
3633,17245683,65,362815
3634,17245836,65,362815
3635,17245863,65,362815
3636,17246358,65,362815
3637,17246385,65,362815
3638,17246538,65,362815
3639,17246583,65,362815
3640,17246835,65,362815
3641,17246853,65,362815
3642,17248356,65,362815
3643,17248365,65,362815
3644,17248536,65,362815
3645,17248563,65,362815
3646,17248635,65,362815
3647,17248653,65,362815
3648,17253468,65,362815
3649,17253486,65,362815
3650,17253648,65,362815
3651,17253684,65,362815
3652,17253846,65,362815
3653,17253864,65,362815
3654,17254368,65,362815
3655,17254386,65,362815
3656,17254638,65,362815
3657,17254683,65,362815
3658,17254836,65,362815
3659,17254863,65,362815
3660,17256348,65,362815
3661,17256384,65,362815
3662,17256438,65,362815
3663,17256483,65,362815
3664,17256834,65,362815
3665,17256843,65,362815
3666,17258346,65,362815
3667,17258364,65,362815
3668,17258436,65,362815
3669,17258463,65,362815
3670,17258634,65,362815
3671,17258643,65,362815
3672,17263458,65,362815
3673,17263485,65,362815
3674,17263548,65,362815
3675,17263584,65,362815
3676,17263845,65,362815
3677,17263854,65,362815
3678,17264358,65,362815
3679,17264385,65,362815
3680,17264538,65,362815
3681,17264583,65,362815
3682,17264835,65,362815
3683,17264853,65,362815
3684,17265348,65,362815
3685,17265384,65,362815
3686,17265438,65,362815
3687,17265483,65,362815
3688,17265834,65,362815
3689,17265843,65,362815
3690,17268345,65,362815
3691,17268354,65,362815
3692,17268435,65,362815
3693,17268453,65,362815
3694,17268534,65,362815
3695,17268543,65,362815
3696,17283456,65,362815
3697,17283465,65,362815
3698,17283546,65,362815
3699,17283564,65,362815
3700,17283645,65,362815
3701,17283654,65,362815
3702,17284356,65,362815
3703,17284365,65,362815
3704,17284536,65,362815
3705,17284563,65,362815
3706,17284635,65,362815
3707,17284653,65,362815
3708,17285346,65,362815
3709,17285364,65,362815
3710,17285436,65,362815
3711,17285463,65,362815
3712,17285634,65,362815
3713,17285643,65,362815
3714,17286345,65,362815
3715,17286354,65,362815
3716,17286435,65,362815
3717,17286453,65,362815
3718,17286534,65,362815
3719,17286543,65,362815
3720,17324568,65,362815
3721,17324586,65,362815
3722,17324658,65,362815
3723,17324685,65,362815
3724,17324856,65,362815
3725,17324865,65,362815
3726,17325468,65,362815
3727,17325486,65,362815
3728,17325648,65,362815
3729,17325684,65,362815
3730,17325846,65,362815
3731,17325864,65,362815
3732,17326458,65,362815
3733,17326485,65,362815
3734,17326548,65,362815
3735,17326584,65,362815
3736,17326845,65,362815
3737,17326854,65,362815
3738,17328456,65,362815
3739,17328465,65,362815
3740,17328546,65,362815
3741,17328564,65,362815
3742,17328645,65,362815
3743,17328654,65,362815
3744,17342568,65,362815
3745,17342586,65,362815
3746,17342658,65,362815
3747,17342685,65,362815
3748,17342856,65,362815
3749,17342865,65,362815
3750,17345268,65,362815
3751,17345286,65,362815
3752,17345628,65,362815
3753,17345682,65,362815
3754,17345826,65,362815
3755,17345862,65,362815
3756,17346258,65,362815
3757,17346285,65,362815
3758,17346528,65,362815
3759,17346582,65,362815
3760,17346825,65,362815
3761,17346852,65,362815
3762,17348256,65,362815
3763,17348265,65,362815
3764,17348526,65,362815
3765,17348562,65,362815
3766,17348625,65,362815
3767,17348652,65,362815
3768,17352468,65,362815
3769,17352486,65,362815
3770,17352648,65,362815
3771,17352684,65,362815
3772,17352846,65,362815
3773,17352864,65,362815
3774,17354268,65,362815
3775,17354286,65,362815
3776,17354628,65,362815
3777,17354682,65,362815
3778,17354826,65,362815
3779,17354862,65,362815
3780,17356248,65,362815
3781,17356284,65,362815
3782,17356428,65,362815
3783,17356482,65,362815
3784,17356824,65,362815
3785,17356842,65,362815
3786,17358246,65,362815
3787,17358264,65,362815
3788,17358426,65,362815
3789,17358462,65,362815
3790,17358624,65,362815
3791,17358642,65,362815
3792,17362458,65,362815
3793,17362485,65,362815
3794,17362548,65,362815
3795,17362584,65,362815
3796,17362845,65,362815
3797,17362854,65,362815
3798,17364258,65,362815
3799,17364285,65,362815
3800,17364528,65,362815
3801,17364582,65,362815
3802,17364825,65,362815
3803,17364852,65,362815
3804,17365248,65,362815
3805,17365284,65,362815
3806,17365428,65,362815
3807,17365482,65,362815
3808,17365824,65,362815
3809,17365842,65,362815
3810,17368245,65,362815
3811,17368254,65,362815
3812,17368425,65,362815
3813,17368452,65,362815
3814,17368524,65,362815
3815,17368542,65,362815
3816,17382456,65,362815
3817,17382465,65,362815
3818,17382546,65,362815
3819,17382564,65,362815
3820,17382645,65,362815
3821,17382654,65,362815
3822,17384256,65,362815
3823,17384265,65,362815
3824,17384526,65,362815
3825,17384562,65,362815
3826,17384625,65,362815
3827,17384652,65,362815
3828,17385246,65,362815
3829,17385264,65,362815
3830,17385426,65,362815
3831,17385462,65,362815
3832,17385624,65,362815
3833,17385642,65,362815
3834,17386245,65,362815
3835,17386254,65,362815
3836,17386425,65,362815
3837,17386452,65,362815
3838,17386524,65,362815
3839,17386542,65,362815
3840,17423568,65,362815
3841,17423586,65,362815
3842,17423658,65,362815
3843,17423685,65,362815
3844,17423856,65,362815
3845,17423865,65,362815
3846,17425368,65,362815
3847,17425386,65,362815
3848,17425638,65,362815
3849,17425683,65,362815
3850,17425836,65,362815
3851,17425863,65,362815
3852,17426358,65,362815
3853,17426385,65,362815
3854,17426538,65,362815
3855,17426583,65,362815
3856,17426835,65,362815
3857,17426853,65,362815
3858,17428356,65,362815
3859,17428365,65,362815
3860,17428536,65,362815
3861,17428563,65,362815
3862,17428635,65,362815
3863,17428653,65,362815
3864,17432568,65,362815
3865,17432586,65,362815
3866,17432658,65,362815
3867,17432685,65,362815
3868,17432856,65,362815
3869,17432865,65,362815
3870,17435268,65,362815
3871,17435286,65,362815
3872,17435628,65,362815
3873,17435682,65,362815
3874,17435826,65,362815
3875,17435862,65,362815
3876,17436258,65,362815
3877,17436285,65,362815
3878,17436528,65,362815
3879,17436582,65,362815
3880,17436825,65,362815
3881,17436852,65,362815
3882,17438256,65,362815
3883,17438265,65,362815
3884,17438526,65,362815
3885,17438562,65,362815
3886,17438625,65,362815
3887,17438652,65,362815
3888,17452368,65,362815
3889,17452386,65,362815
3890,17452638,65,362815
3891,17452683,65,362815
3892,17452836,65,362815
3893,17452863,65,362815
3894,17453268,65,362815
3895,17453286,65,362815
3896,17453628,65,362815
3897,17453682,65,362815
3898,17453826,65,362815
3899,17453862,65,362815
3900,17456238,65,362815
3901,17456283,65,362815
3902,17456328,65,362815
3903,17456382,65,362815
3904,17456823,65,362815
3905,17456832,65,362815
3906,17458236,65,362815
3907,17458263,65,362815
3908,17458326,65,362815
3909,17458362,65,362815
3910,17458623,65,362815
3911,17458632,65,362815
3912,17462358,65,362815
3913,17462385,65,362815
3914,17462538,65,362815
3915,17462583,65,362815
3916,17462835,65,362815
3917,17462853,65,362815
3918,17463258,65,362815
3919,17463285,65,362815
3920,17463528,65,362815
3921,17463582,65,362815
3922,17463825,65,362815
3923,17463852,65,362815
3924,17465238,65,362815
3925,17465283,65,362815
3926,17465328,65,362815
3927,17465382,65,362815
3928,17465823,65,362815
3929,17465832,65,362815
3930,17468235,65,362815
3931,17468253,65,362815
3932,17468325,65,362815
3933,17468352,65,362815
3934,17468523,65,362815
3935,17468532,65,362815
3936,17482356,65,362815
3937,17482365,65,362815
3938,17482536,65,362815
3939,17482563,65,362815
3940,17482635,65,362815
3941,17482653,65,362815
3942,17483256,65,362815
3943,17483265,65,362815
3944,17483526,65,362815
3945,17483562,65,362815
3946,17483625,65,362815
3947,17483652,65,362815
3948,17485236,65,362815
3949,17485263,65,362815
3950,17485326,65,362815
3951,17485362,65,362815
3952,17485623,65,362815
3953,17485632,65,362815
3954,17486235,65,362815
3955,17486253,65,362815
3956,17486325,65,362815
3957,17486352,65,362815
3958,17486523,65,362815
3959,17486532,65,362815
3960,17523468,65,362815
3961,17523486,65,362815
3962,17523648,65,362815
3963,17523684,65,362815
3964,17523846,65,362815
3965,17523864,65,362815
3966,17524368,65,362815
3967,17524386,65,362815
3968,17524638,65,362815
3969,17524683,65,362815
3970,17524836,65,362815
3971,17524863,65,362815
3972,17526348,65,362815
3973,17526384,65,362815
3974,17526438,65,362815
3975,17526483,65,362815
3976,17526834,65,362815
3977,17526843,65,362815
3978,17528346,65,362815
3979,17528364,65,362815
3980,17528436,65,362815
3981,17528463,65,362815
3982,17528634,65,362815
3983,17528643,65,362815
3984,17532468,65,362815
3985,17532486,65,362815
3986,17532648,65,362815
3987,17532684,65,362815
3988,17532846,65,362815
3989,17532864,65,362815
3990,17534268,65,362815
3991,17534286,65,362815
3992,17534628,65,362815
3993,17534682,65,362815
3994,17534826,65,362815
3995,17534862,65,362815
3996,17536248,65,362815
3997,17536284,65,362815
3998,17536428,65,362815
3999,17536482,65,362815
4000,17536824,65,362815
4001,17536842,65,362815
4002,17538246,65,362815
4003,17538264,65,362815
4004,17538426,65,362815
4005,17538462,65,362815
4006,17538624,65,362815
4007,17538642,65,362815
4008,17542368,65,362815
4009,17542386,65,362815
4010,17542638,65,362815
4011,17542683,65,362815
4012,17542836,65,362815
4013,17542863,65,362815
4014,17543268,65,362815
4015,17543286,65,362815
4016,17543628,65,362815
4017,17543682,65,362815
4018,17543826,65,362815
4019,17543862,65,362815
4020,17546238,65,362815
4021,17546283,65,362815
4022,17546328,65,362815
4023,17546382,65,362815
4024,17546823,65,362815
4025,17546832,65,362815
4026,17548236,65,362815
4027,17548263,65,362815
4028,17548326,65,362815
4029,17548362,65,362815
4030,17548623,65,362815
4031,17548632,65,362815
4032,17562348,65,362815
4033,17562384,65,362815
4034,17562438,65,362815
4035,17562483,65,362815
4036,17562834,65,362815
4037,17562843,65,362815
4038,17563248,65,362815
4039,17563284,65,362815
4040,17563428,65,362815
4041,17563482,65,362815
4042,17563824,65,362815
4043,17563842,65,362815
4044,17564238,65,362815
4045,17564283,65,362815
4046,17564328,65,362815
4047,17564382,65,362815
4048,17564823,65,362815
4049,17564832,65,362815
4050,17568234,65,362815
4051,17568243,65,362815
4052,17568324,65,362815
4053,17568342,65,362815
4054,17568423,65,362815
4055,17568432,65,362815
4056,17582346,65,362815
4057,17582364,65,362815
4058,17582436,65,362815
4059,17582463,65,362815
4060,17582634,65,362815
4061,17582643,65,362815
4062,17583246,65,362815
4063,17583264,65,362815
4064,17583426,65,362815
4065,17583462,65,362815
4066,17583624,65,362815
4067,17583642,65,362815
4068,17584236,65,362815
4069,17584263,65,362815
4070,17584326,65,362815
4071,17584362,65,362815
4072,17584623,65,362815
4073,17584632,65,362815
4074,17586234,65,362815
4075,17586243,65,362815
4076,17586324,65,362815
4077,17586342,65,362815
4078,17586423,65,362815
4079,17586432,65,362815
4080,17623458,65,362815
4081,17623485,65,362815
4082,17623548,65,362815
4083,17623584,65,362815
4084,17623845,65,362815
4085,17623854,65,362815
4086,17624358,65,362815
4087,17624385,65,362815
4088,17624538,65,362815
4089,17624583,65,362815
4090,17624835,65,362815
4091,17624853,65,362815
4092,17625348,65,362815
4093,17625384,65,362815
4094,17625438,65,362815
4095,17625483,65,362815
4096,17625834,65,362815
4097,17625843,65,362815
4098,17628345,65,362815
4099,17628354,65,362815
4100,17628435,65,362815
4101,17628453,65,362815
4102,17628534,65,362815
4103,17628543,65,362815
4104,17632458,65,362815
4105,17632485,65,362815
4106,17632548,65,362815
4107,17632584,65,362815
4108,17632845,65,362815
4109,17632854,65,362815
4110,17634258,65,362815
4111,17634285,65,362815
4112,17634528,65,362815
4113,17634582,65,362815
4114,17634825,65,362815
4115,17634852,65,362815
4116,17635248,65,362815
4117,17635284,65,362815
4118,17635428,65,362815
4119,17635482,65,362815
4120,17635824,65,362815
4121,17635842,65,362815
4122,17638245,65,362815
4123,17638254,65,362815
4124,17638425,65,362815
4125,17638452,65,362815
4126,17638524,65,362815
4127,17638542,65,362815
4128,17642358,65,362815
4129,17642385,65,362815
4130,17642538,65,362815
4131,17642583,65,362815
4132,17642835,65,362815
4133,17642853,65,362815
4134,17643258,65,362815
4135,17643285,65,362815
4136,17643528,65,362815
4137,17643582,65,362815
4138,17643825,65,362815
4139,17643852,65,362815
4140,17645238,65,362815
4141,17645283,65,362815
4142,17645328,65,362815
4143,17645382,65,362815
4144,17645823,65,362815
4145,17645832,65,362815
4146,17648235,65,362815
4147,17648253,65,362815
4148,17648325,65,362815
4149,17648352,65,362815
4150,17648523,65,362815
4151,17648532,65,362815
4152,17652348,65,362815
4153,17652384,65,362815
4154,17652438,65,362815
4155,17652483,65,362815
4156,17652834,65,362815
4157,17652843,65,362815
4158,17653248,65,362815
4159,17653284,65,362815
4160,17653428,65,362815
4161,17653482,65,362815
4162,17653824,65,362815
4163,17653842,65,362815
4164,17654238,65,362815
4165,17654283,65,362815
4166,17654328,65,362815
4167,17654382,65,362815
4168,17654823,65,362815
4169,17654832,65,362815
4170,17658234,65,362815
4171,17658243,65,362815
4172,17658324,65,362815
4173,17658342,65,362815
4174,17658423,65,362815
4175,17658432,65,362815
4176,17682345,65,362815
4177,17682354,65,362815
4178,17682435,65,362815
4179,17682453,65,362815
4180,17682534,65,362815
4181,17682543,65,362815
4182,17683245,65,362815
4183,17683254,65,362815
4184,17683425,65,362815
4185,17683452,65,362815
4186,17683524,65,362815
4187,17683542,65,362815
4188,17684235,65,362815
4189,17684253,65,362815
4190,17684325,65,362815
4191,17684352,65,362815
4192,17684523,65,362815
4193,17684532,65,362815
4194,17685234,65,362815
4195,17685243,65,362815
4196,17685324,65,362815
4197,17685342,65,362815
4198,17685423,65,362815
4199,17685432,65,362815
4200,17823456,65,362815
4201,17823465,65,362815
4202,17823546,65,362815
4203,17823564,65,362815
4204,17823645,65,362815
4205,17823654,65,362815
4206,17824356,65,362815
4207,17824365,65,362815
4208,17824536,65,362815
4209,17824563,65,362815
4210,17824635,65,362815
4211,17824653,65,362815
4212,17825346,65,362815
4213,17825364,65,362815
4214,17825436,65,362815
4215,17825463,65,362815
4216,17825634,65,362815
4217,17825643,65,362815
4218,17826345,65,362815
4219,17826354,65,362815
4220,17826435,65,362815
4221,17826453,65,362815
4222,17826534,65,362815
4223,17826543,65,362815
4224,17832456,65,362815
4225,17832465,65,362815
4226,17832546,65,362815
4227,17832564,65,362815
4228,17832645,65,362815
4229,17832654,65,362815
4230,17834256,65,362815
4231,17834265,65,362815
4232,17834526,65,362815
4233,17834562,65,362815
4234,17834625,65,362815
4235,17834652,65,362815
4236,17835246,65,362815
4237,17835264,65,362815
4238,17835426,65,362815
4239,17835462,65,362815
4240,17835624,65,362815
4241,17835642,65,362815
4242,17836245,65,362815
4243,17836254,65,362815
4244,17836425,65,362815
4245,17836452,65,362815
4246,17836524,65,362815
4247,17836542,65,362815
4248,17842356,65,362815
4249,17842365,65,362815
4250,17842536,65,362815
4251,17842563,65,362815
4252,17842635,65,362815
4253,17842653,65,362815
4254,17843256,65,362815
4255,17843265,65,362815
4256,17843526,65,362815
4257,17843562,65,362815
4258,17843625,65,362815
4259,17843652,65,362815
4260,17845236,65,362815
4261,17845263,65,362815
4262,17845326,65,362815
4263,17845362,65,362815
4264,17845623,65,362815
4265,17845632,65,362815
4266,17846235,65,362815
4267,17846253,65,362815
4268,17846325,65,362815
4269,17846352,65,362815
4270,17846523,65,362815
4271,17846532,65,362815
4272,17852346,65,362815
4273,17852364,65,362815
4274,17852436,65,362815
4275,17852463,65,362815
4276,17852634,65,362815
4277,17852643,65,362815
4278,17853246,65,362815
4279,17853264,65,362815
4280,17853426,65,362815
4281,17853462,65,362815
4282,17853624,65,362815
4283,17853642,65,362815
4284,17854236,65,362815
4285,17854263,65,362815
4286,17854326,65,362815
4287,17854362,65,362815
4288,17854623,65,362815
4289,17854632,65,362815
4290,17856234,65,362815
4291,17856243,65,362815
4292,17856324,65,362815
4293,17856342,65,362815
4294,17856423,65,362815
4295,17856432,65,362815
4296,17862345,65,362815
4297,17862354,65,362815
4298,17862435,65,362815
4299,17862453,65,362815
4300,17862534,65,362815
4301,17862543,65,362815
4302,17863245,65,362815
4303,17863254,65,362815
4304,17863425,65,362815
4305,17863452,65,362815
4306,17863524,65,362815
4307,17863542,65,362815
4308,17864235,65,362815
4309,17864253,65,362815
4310,17864325,65,362815
4311,17864352,65,362815
4312,17864523,65,362815
4313,17864532,65,362815
4314,17865234,65,362815
4315,17865243,65,362815
4316,17865324,65,362815
4317,17865342,65,362815
4318,17865423,65,362815
4319,17865432,65,362815
4320,18234567,65,362815
4321,18234576,65,362815
4322,18234657,65,362815
4323,18234675,65,362815
4324,18234756,65,362815
4325,18234765,65,362815
4326,18235467,65,362815
4327,18235476,65,362815
4328,18235647,65,362815
4329,18235674,65,362815
4330,18235746,65,362815
4331,18235764,65,362815
4332,18236457,65,362815
4333,18236475,65,362815
4334,18236547,65,362815
4335,18236574,65,362815
4336,18236745,65,362815
4337,18236754,65,362815
4338,18237456,65,362815
4339,18237465,65,362815
4340,18237546,65,362815
4341,18237564,65,362815
4342,18237645,65,362815
4343,18237654,65,362815
4344,18243567,65,362815
4345,18243576,65,362815
4346,18243657,65,362815
4347,18243675,65,362815
4348,18243756,65,362815
4349,18243765,65,362815
4350,18245367,65,362815
4351,18245376,65,362815
4352,18245637,65,362815
4353,18245673,65,362815
4354,18245736,65,362815
4355,18245763,65,362815
4356,18246357,65,362815
4357,18246375,65,362815
4358,18246537,65,362815
4359,18246573,65,362815
4360,18246735,65,362815
4361,18246753,65,362815
4362,18247356,65,362815
4363,18247365,65,362815
4364,18247536,65,362815
4365,18247563,65,362815
4366,18247635,65,362815
4367,18247653,65,362815
4368,18253467,65,362815
4369,18253476,65,362815
4370,18253647,65,362815
4371,18253674,65,362815
4372,18253746,65,362815
4373,18253764,65,362815
4374,18254367,65,362815
4375,18254376,65,362815
4376,18254637,65,362815
4377,18254673,65,362815
4378,18254736,65,362815
4379,18254763,65,362815
4380,18256347,65,362815
4381,18256374,65,362815
4382,18256437,65,362815
4383,18256473,65,362815
4384,18256734,65,362815
4385,18256743,65,362815
4386,18257346,65,362815
4387,18257364,65,362815
4388,18257436,65,362815
4389,18257463,65,362815
4390,18257634,65,362815
4391,18257643,65,362815
4392,18263457,65,362815
4393,18263475,65,362815
4394,18263547,65,362815
4395,18263574,65,362815
4396,18263745,65,362815
4397,18263754,65,362815
4398,18264357,65,362815
4399,18264375,65,362815
4400,18264537,65,362815
4401,18264573,65,362815
4402,18264735,65,362815
4403,18264753,65,362815
4404,18265347,65,362815
4405,18265374,65,362815
4406,18265437,65,362815
4407,18265473,65,362815
4408,18265734,65,362815
4409,18265743,65,362815
4410,18267345,65,362815
4411,18267354,65,362815
4412,18267435,65,362815
4413,18267453,65,362815
4414,18267534,65,362815
4415,18267543,65,362815
4416,18273456,65,362815
4417,18273465,65,362815
4418,18273546,65,362815
4419,18273564,65,362815
4420,18273645,65,362815
4421,18273654,65,362815
4422,18274356,65,362815
4423,18274365,65,362815
4424,18274536,65,362815
4425,18274563,65,362815
4426,18274635,65,362815
4427,18274653,65,362815
4428,18275346,65,362815
4429,18275364,65,362815
4430,18275436,65,362815
4431,18275463,65,362815
4432,18275634,65,362815
4433,18275643,65,362815
4434,18276345,65,362815
4435,18276354,65,362815
4436,18276435,65,362815
4437,18276453,65,362815
4438,18276534,65,362815
4439,18276543,65,362815
4440,18324567,65,362815
4441,18324576,65,362815
4442,18324657,65,362815
4443,18324675,65,362815
4444,18324756,65,362815
4445,18324765,65,362815
4446,18325467,65,362815
4447,18325476,65,362815
4448,18325647,65,362815
4449,18325674,65,362815
4450,18325746,65,362815
4451,18325764,65,362815
4452,18326457,65,362815
4453,18326475,65,362815
4454,18326547,65,362815
4455,18326574,65,362815
4456,18326745,65,362815
4457,18326754,65,362815
4458,18327456,65,362815
4459,18327465,65,362815
4460,18327546,65,362815
4461,18327564,65,362815
4462,18327645,65,362815
4463,18327654,65,362815
4464,18342567,65,362815
4465,18342576,65,362815
4466,18342657,65,362815
4467,18342675,65,362815
4468,18342756,65,362815
4469,18342765,65,362815
4470,18345267,65,362815
4471,18345276,65,362815
4472,18345627,65,362815
4473,18345672,65,362815
4474,18345726,65,362815
4475,18345762,65,362815
4476,18346257,65,362815
4477,18346275,65,362815
4478,18346527,65,362815
4479,18346572,65,362815
4480,18346725,65,362815
4481,18346752,65,362815
4482,18347256,65,362815
4483,18347265,65,362815
4484,18347526,65,362815
4485,18347562,65,362815
4486,18347625,65,362815
4487,18347652,65,362815
4488,18352467,65,362815
4489,18352476,65,362815
4490,18352647,65,362815
4491,18352674,65,362815
4492,18352746,65,362815
4493,18352764,65,362815
4494,18354267,65,362815
4495,18354276,65,362815
4496,18354627,65,362815
4497,18354672,65,362815
4498,18354726,65,362815
4499,18354762,65,362815
4500,18356247,65,362815
4501,18356274,65,362815
4502,18356427,65,362815
4503,18356472,65,362815
4504,18356724,65,362815
4505,18356742,65,362815
4506,18357246,65,362815
4507,18357264,65,362815
4508,18357426,65,362815
4509,18357462,65,362815
4510,18357624,65,362815
4511,18357642,65,362815
4512,18362457,65,362815
4513,18362475,65,362815
4514,18362547,65,362815
4515,18362574,65,362815
4516,18362745,65,362815
4517,18362754,65,362815
4518,18364257,65,362815
4519,18364275,65,362815
4520,18364527,65,362815
4521,18364572,65,362815
4522,18364725,65,362815
4523,18364752,65,362815
4524,18365247,65,362815
4525,18365274,65,362815
4526,18365427,65,362815
4527,18365472,65,362815
4528,18365724,65,362815
4529,18365742,65,362815
4530,18367245,65,362815
4531,18367254,65,362815
4532,18367425,65,362815
4533,18367452,65,362815
4534,18367524,65,362815
4535,18367542,65,362815
4536,18372456,65,362815
4537,18372465,65,362815
4538,18372546,65,362815
4539,18372564,65,362815
4540,18372645,65,362815
4541,18372654,65,362815
4542,18374256,65,362815
4543,18374265,65,362815
4544,18374526,65,362815
4545,18374562,65,362815
4546,18374625,65,362815
4547,18374652,65,362815
4548,18375246,65,362815
4549,18375264,65,362815
4550,18375426,65,362815
4551,18375462,65,362815
4552,18375624,65,362815
4553,18375642,65,362815
4554,18376245,65,362815
4555,18376254,65,362815
4556,18376425,65,362815
4557,18376452,65,362815
4558,18376524,65,362815
4559,18376542,65,362815
4560,18423567,65,362815
4561,18423576,65,362815
4562,18423657,65,362815
4563,18423675,65,362815
4564,18423756,65,362815
4565,18423765,65,362815
4566,18425367,65,362815
4567,18425376,65,362815
4568,18425637,65,362815
4569,18425673,65,362815
4570,18425736,65,362815
4571,18425763,65,362815
4572,18426357,65,362815
4573,18426375,65,362815
4574,18426537,65,362815
4575,18426573,65,362815
4576,18426735,65,362815
4577,18426753,65,362815
4578,18427356,65,362815
4579,18427365,65,362815
4580,18427536,65,362815
4581,18427563,65,362815
4582,18427635,65,362815
4583,18427653,65,362815
4584,18432567,65,362815
4585,18432576,65,362815
4586,18432657,65,362815
4587,18432675,65,362815
4588,18432756,65,362815
4589,18432765,65,362815
4590,18435267,65,362815
4591,18435276,65,362815
4592,18435627,65,362815
4593,18435672,65,362815
4594,18435726,65,362815
4595,18435762,65,362815
4596,18436257,65,362815
4597,18436275,65,362815
4598,18436527,65,362815
4599,18436572,65,362815
4600,18436725,65,362815
4601,18436752,65,362815
4602,18437256,65,362815
4603,18437265,65,362815
4604,18437526,65,362815
4605,18437562,65,362815
4606,18437625,65,362815
4607,18437652,65,362815
4608,18452367,65,362815
4609,18452376,65,362815
4610,18452637,65,362815
4611,18452673,65,362815
4612,18452736,65,362815
4613,18452763,65,362815
4614,18453267,65,362815
4615,18453276,65,362815
4616,18453627,65,362815
4617,18453672,65,362815
4618,18453726,65,362815
4619,18453762,65,362815
4620,18456237,65,362815
4621,18456273,65,362815
4622,18456327,65,362815
4623,18456372,65,362815
4624,18456723,65,362815
4625,18456732,65,362815
4626,18457236,65,362815
4627,18457263,65,362815
4628,18457326,65,362815
4629,18457362,65,362815
4630,18457623,65,362815
4631,18457632,65,362815
4632,18462357,65,362815
4633,18462375,65,362815
4634,18462537,65,362815
4635,18462573,65,362815
4636,18462735,65,362815
4637,18462753,65,362815
4638,18463257,65,362815
4639,18463275,65,362815
4640,18463527,65,362815
4641,18463572,65,362815
4642,18463725,65,362815
4643,18463752,65,362815
4644,18465237,65,362815
4645,18465273,65,362815
4646,18465327,65,362815
4647,18465372,65,362815
4648,18465723,65,362815
4649,18465732,65,362815
4650,18467235,65,362815
4651,18467253,65,362815
4652,18467325,65,362815
4653,18467352,65,362815
4654,18467523,65,362815
4655,18467532,65,362815
4656,18472356,65,362815
4657,18472365,65,362815
4658,18472536,65,362815
4659,18472563,65,362815
4660,18472635,65,362815
4661,18472653,65,362815
4662,18473256,65,362815
4663,18473265,65,362815
4664,18473526,65,362815
4665,18473562,65,362815
4666,18473625,65,362815
4667,18473652,65,362815
4668,18475236,65,362815
4669,18475263,65,362815
4670,18475326,65,362815
4671,18475362,65,362815
4672,18475623,65,362815
4673,18475632,65,362815
4674,18476235,65,362815
4675,18476253,65,362815
4676,18476325,65,362815
4677,18476352,65,362815
4678,18476523,65,362815
4679,18476532,65,362815
4680,18523467,65,362815
4681,18523476,65,362815
4682,18523647,65,362815
4683,18523674,65,362815
4684,18523746,65,362815
4685,18523764,65,362815
4686,18524367,65,362815
4687,18524376,65,362815
4688,18524637,65,362815
4689,18524673,65,362815
4690,18524736,65,362815
4691,18524763,65,362815
4692,18526347,65,362815
4693,18526374,65,362815
4694,18526437,65,362815
4695,18526473,65,362815
4696,18526734,65,362815
4697,18526743,65,362815
4698,18527346,65,362815
4699,18527364,65,362815
4700,18527436,65,362815
4701,18527463,65,362815
4702,18527634,65,362815
4703,18527643,65,362815
4704,18532467,65,362815
4705,18532476,65,362815
4706,18532647,65,362815
4707,18532674,65,362815
4708,18532746,65,362815
4709,18532764,65,362815
4710,18534267,65,362815
4711,18534276,65,362815
4712,18534627,65,362815
4713,18534672,65,362815
4714,18534726,65,362815
4715,18534762,65,362815
4716,18536247,65,362815
4717,18536274,65,362815
4718,18536427,65,362815
4719,18536472,65,362815
4720,18536724,65,362815
4721,18536742,65,362815
4722,18537246,65,362815
4723,18537264,65,362815
4724,18537426,65,362815
4725,18537462,65,362815
4726,18537624,65,362815
4727,18537642,65,362815
4728,18542367,65,362815
4729,18542376,65,362815
4730,18542637,65,362815
4731,18542673,65,362815
4732,18542736,65,362815
4733,18542763,65,362815
4734,18543267,65,362815
4735,18543276,65,362815
4736,18543627,65,362815
4737,18543672,65,362815
4738,18543726,65,362815
4739,18543762,65,362815
4740,18546237,65,362815
4741,18546273,65,362815
4742,18546327,65,362815
4743,18546372,65,362815
4744,18546723,65,362815
4745,18546732,65,362815
4746,18547236,65,362815
4747,18547263,65,362815
4748,18547326,65,362815
4749,18547362,65,362815
4750,18547623,65,362815
4751,18547632,65,362815
4752,18562347,65,362815
4753,18562374,65,362815
4754,18562437,65,362815
4755,18562473,65,362815
4756,18562734,65,362815
4757,18562743,65,362815
4758,18563247,65,362815
4759,18563274,65,362815
4760,18563427,65,362815
4761,18563472,65,362815
4762,18563724,65,362815
4763,18563742,65,362815
4764,18564237,65,362815
4765,18564273,65,362815
4766,18564327,65,362815
4767,18564372,65,362815
4768,18564723,65,362815
4769,18564732,65,362815
4770,18567234,65,362815
4771,18567243,65,362815
4772,18567324,65,362815
4773,18567342,65,362815
4774,18567423,65,362815
4775,18567432,65,362815
4776,18572346,65,362815
4777,18572364,65,362815
4778,18572436,65,362815
4779,18572463,65,362815
4780,18572634,65,362815
4781,18572643,65,362815
4782,18573246,65,362815
4783,18573264,65,362815
4784,18573426,65,362815
4785,18573462,65,362815
4786,18573624,65,362815
4787,18573642,65,362815
4788,18574236,65,362815
4789,18574263,65,362815
4790,18574326,65,362815
4791,18574362,65,362815
4792,18574623,65,362815
4793,18574632,65,362815
4794,18576234,65,362815
4795,18576243,65,362815
4796,18576324,65,362815
4797,18576342,65,362815
4798,18576423,65,362815
4799,18576432,65,362815
4800,18623457,65,362815
4801,18623475,65,362815
4802,18623547,65,362815
4803,18623574,65,362815
4804,18623745,65,362815
4805,18623754,65,362815
4806,18624357,65,362815
4807,18624375,65,362815
4808,18624537,65,362815
4809,18624573,65,362815
4810,18624735,65,362815
4811,18624753,65,362815
4812,18625347,65,362815
4813,18625374,65,362815
4814,18625437,65,362815
4815,18625473,65,362815
4816,18625734,65,362815
4817,18625743,65,362815
4818,18627345,65,362815
4819,18627354,65,362815
4820,18627435,65,362815
4821,18627453,65,362815
4822,18627534,65,362815
4823,18627543,65,362815
4824,18632457,65,362815
4825,18632475,65,362815
4826,18632547,65,362815
4827,18632574,65,362815
4828,18632745,65,362815
4829,18632754,65,362815
4830,18634257,65,362815
4831,18634275,65,362815
4832,18634527,65,362815
4833,18634572,65,362815
4834,18634725,65,362815
4835,18634752,65,362815
4836,18635247,65,362815
4837,18635274,65,362815
4838,18635427,65,362815
4839,18635472,65,362815
4840,18635724,65,362815
4841,18635742,65,362815
4842,18637245,65,362815
4843,18637254,65,362815
4844,18637425,65,362815
4845,18637452,65,362815
4846,18637524,65,362815
4847,18637542,65,362815
4848,18642357,65,362815
4849,18642375,65,362815
4850,18642537,65,362815
4851,18642573,65,362815
4852,18642735,65,362815
4853,18642753,65,362815
4854,18643257,65,362815
4855,18643275,65,362815
4856,18643527,65,362815
4857,18643572,65,362815
4858,18643725,65,362815
4859,18643752,65,362815
4860,18645237,65,362815
4861,18645273,65,362815
4862,18645327,65,362815
4863,18645372,65,362815
4864,18645723,65,362815
4865,18645732,65,362815
4866,18647235,65,362815
4867,18647253,65,362815
4868,18647325,65,362815
4869,18647352,65,362815
4870,18647523,65,362815
4871,18647532,65,362815
4872,18652347,65,362815
4873,18652374,65,362815
4874,18652437,65,362815
4875,18652473,65,362815
4876,18652734,65,362815
4877,18652743,65,362815
4878,18653247,65,362815
4879,18653274,65,362815
4880,18653427,65,362815
4881,18653472,65,362815
4882,18653724,65,362815
4883,18653742,65,362815
4884,18654237,65,362815
4885,18654273,65,362815
4886,18654327,65,362815
4887,18654372,65,362815
4888,18654723,65,362815
4889,18654732,65,362815
4890,18657234,65,362815
4891,18657243,65,362815
4892,18657324,65,362815
4893,18657342,65,362815
4894,18657423,65,362815
4895,18657432,65,362815
4896,18672345,65,362815
4897,18672354,65,362815
4898,18672435,65,362815
4899,18672453,65,362815
4900,18672534,65,362815
4901,18672543,65,362815
4902,18673245,65,362815
4903,18673254,65,362815
4904,18673425,65,362815
4905,18673452,65,362815
4906,18673524,65,362815
4907,18673542,65,362815
4908,18674235,65,362815
4909,18674253,65,362815
4910,18674325,65,362815
4911,18674352,65,362815
4912,18674523,65,362815
4913,18674532,65,362815
4914,18675234,65,362815
4915,18675243,65,362815
4916,18675324,65,362815
4917,18675342,65,362815
4918,18675423,65,362815
4919,18675432,65,362815
4920,18723456,65,362815
4921,18723465,65,362815
4922,18723546,65,362815
4923,18723564,65,362815
4924,18723645,65,362815
4925,18723654,65,362815
4926,18724356,65,362815
4927,18724365,65,362815
4928,18724536,65,362815
4929,18724563,65,362815
4930,18724635,65,362815
4931,18724653,65,362815
4932,18725346,65,362815
4933,18725364,65,362815
4934,18725436,65,362815
4935,18725463,65,362815
4936,18725634,65,362815
4937,18725643,65,362815
4938,18726345,65,362815
4939,18726354,65,362815
4940,18726435,65,362815
4941,18726453,65,362815
4942,18726534,65,362815
4943,18726543,65,362815
4944,18732456,65,362815
4945,18732465,65,362815
4946,18732546,65,362815
4947,18732564,65,362815
4948,18732645,65,362815
4949,18732654,65,362815
4950,18734256,65,362815
4951,18734265,65,362815
4952,18734526,65,362815
4953,18734562,65,362815
4954,18734625,65,362815
4955,18734652,65,362815
4956,18735246,65,362815
4957,18735264,65,362815
4958,18735426,65,362815
4959,18735462,65,362815
4960,18735624,65,362815
4961,18735642,65,362815
4962,18736245,65,362815
4963,18736254,65,362815
4964,18736425,65,362815
4965,18736452,65,362815
4966,18736524,65,362815
4967,18736542,65,362815
4968,18742356,65,362815
4969,18742365,65,362815
4970,18742536,65,362815
4971,18742563,65,362815
4972,18742635,65,362815
4973,18742653,65,362815
4974,18743256,65,362815
4975,18743265,65,362815
4976,18743526,65,362815
4977,18743562,65,362815
4978,18743625,65,362815
4979,18743652,65,362815
4980,18745236,65,362815
4981,18745263,65,362815
4982,18745326,65,362815
4983,18745362,65,362815
4984,18745623,65,362815
4985,18745632,65,362815
4986,18746235,65,362815
4987,18746253,65,362815
4988,18746325,65,362815
4989,18746352,65,362815
4990,18746523,65,362815
4991,18746532,65,362815
4992,18752346,65,362815
4993,18752364,65,362815
4994,18752436,65,362815
4995,18752463,65,362815
4996,18752634,65,362815
4997,18752643,65,362815
4998,18753246,65,362815
4999,18753264,65,362815
5000,18753426,65,362815
5001,18753462,65,362815
5002,18753624,65,362815
5003,18753642,65,362815
5004,18754236,65,362815
5005,18754263,65,362815
5006,18754326,65,362815
5007,18754362,65,362815
5008,18754623,65,362815
5009,18754632,65,362815
5010,18756234,65,362815
5011,18756243,65,362815
5012,18756324,65,362815
5013,18756342,65,362815
5014,18756423,65,362815
5015,18756432,65,362815
5016,18762345,65,362815
5017,18762354,65,362815
5018,18762435,65,362815
5019,18762453,65,362815
5020,18762534,65,362815
5021,18762543,65,362815
5022,18763245,65,362815
5023,18763254,65,362815
5024,18763425,65,362815
5025,18763452,65,362815
5026,18763524,65,362815
5027,18763542,65,362815
5028,18764235,65,362815
5029,18764253,65,362815
5030,18764325,65,362815
5031,18764352,65,362815
5032,18764523,65,362815
5033,18764532,65,362815
5034,18765234,65,362815
5035,18765243,65,362815
5036,18765324,65,362815
5037,18765342,65,362815
5038,18765423,65,362815
5039,18765432,65,362815
5040,21345678,65,362815
5041,21345687,65,362815
5042,21345768,65,362815
5043,21345786,65,362815
5044,21345867,65,362815
5045,21345876,65,362815
5046,21346578,65,362815
5047,21346587,65,362815
5048,21346758,65,362815
5049,21346785,65,362815
5050,21346857,65,362815
5051,21346875,65,362815
5052,21347568,65,362815
5053,21347586,65,362815
5054,21347658,65,362815
5055,21347685,65,362815
5056,21347856,65,362815
5057,21347865,65,362815
5058,21348567,65,362815
5059,21348576,65,362815
5060,21348657,65,362815
5061,21348675,65,362815
5062,21348756,65,362815
5063,21348765,65,362815
5064,21354678,65,362815
5065,21354687,65,362815
5066,21354768,65,362815
5067,21354786,65,362815
5068,21354867,65,362815
5069,21354876,65,362815
5070,21356478,65,362815
5071,21356487,65,362815
5072,21356748,65,362815
5073,21356784,65,362815
5074,21356847,65,362815
5075,21356874,65,362815
5076,21357468,65,362815
5077,21357486,65,362815
5078,21357648,65,362815
5079,21357684,65,362815
5080,21357846,65,362815
5081,21357864,65,362815
5082,21358467,65,362815
5083,21358476,65,362815
5084,21358647,65,362815
5085,21358674,65,362815
5086,21358746,65,362815
5087,21358764,65,362815
5088,21364578,65,362815
5089,21364587,65,362815
5090,21364758,65,362815
5091,21364785,65,362815
5092,21364857,65,362815
5093,21364875,65,362815
5094,21365478,65,362815
5095,21365487,65,362815
5096,21365748,65,362815
5097,21365784,65,362815
5098,21365847,65,362815
5099,21365874,65,362815
5100,21367458,65,362815
5101,21367485,65,362815
5102,21367548,65,362815
5103,21367584,65,362815
5104,21367845,65,362815
5105,21367854,65,362815
5106,21368457,65,362815
5107,21368475,65,362815
5108,21368547,65,362815
5109,21368574,65,362815
5110,21368745,65,362815
5111,21368754,65,362815
5112,21374568,65,362815
5113,21374586,65,362815
5114,21374658,65,362815
5115,21374685,65,362815
5116,21374856,65,362815
5117,21374865,65,362815
5118,21375468,65,362815
5119,21375486,65,362815
5120,21375648,65,362815
5121,21375684,65,362815
5122,21375846,65,362815
5123,21375864,65,362815
5124,21376458,65,362815
5125,21376485,65,362815
5126,21376548,65,362815
5127,21376584,65,362815
5128,21376845,65,362815
5129,21376854,65,362815
5130,21378456,65,362815
5131,21378465,65,362815
5132,21378546,65,362815
5133,21378564,65,362815
5134,21378645,65,362815
5135,21378654,65,362815
5136,21384567,65,362815
5137,21384576,65,362815
5138,21384657,65,362815
5139,21384675,65,362815
5140,21384756,65,362815
5141,21384765,65,362815
5142,21385467,65,362815
5143,21385476,65,362815
5144,21385647,65,362815
5145,21385674,65,362815
5146,21385746,65,362815
5147,21385764,65,362815
5148,21386457,65,362815
5149,21386475,65,362815
5150,21386547,65,362815
5151,21386574,65,362815
5152,21386745,65,362815
5153,21386754,65,362815
5154,21387456,65,362815
5155,21387465,65,362815
5156,21387546,65,362815
5157,21387564,65,362815
5158,21387645,65,362815
5159,21387654,65,362815
5160,21435678,65,362815
5161,21435687,65,362815
5162,21435768,65,362815
5163,21435786,65,362815
5164,21435867,65,362815
5165,21435876,65,362815
5166,21436578,65,362815
5167,21436587,65,362815
5168,21436758,65,362815
5169,21436785,65,362815
5170,21436857,65,362815
5171,21436875,65,362815
5172,21437568,65,362815
5173,21437586,65,362815
5174,21437658,65,362815
5175,21437685,65,362815
5176,21437856,65,362815
5177,21437865,65,362815
5178,21438567,65,362815
5179,21438576,65,362815
5180,21438657,65,362815
5181,21438675,65,362815
5182,21438756,65,362815
5183,21438765,65,362815
5184,21453678,65,362815
5185,21453687,65,362815
5186,21453768,65,362815
5187,21453786,65,362815
5188,21453867,65,362815
5189,21453876,65,362815
5190,21456378,65,362815
5191,21456387,65,362815
5192,21456738,65,362815
5193,21456783,65,362815
5194,21456837,65,362815
5195,21456873,65,362815
5196,21457368,65,362815
5197,21457386,65,362815
5198,21457638,65,362815
5199,21457683,65,362815
5200,21457836,65,362815
5201,21457863,65,362815
5202,21458367,65,362815
5203,21458376,65,362815
5204,21458637,65,362815
5205,21458673,65,362815
5206,21458736,65,362815
5207,21458763,65,362815
5208,21463578,65,362815
5209,21463587,65,362815
5210,21463758,65,362815
5211,21463785,65,362815
5212,21463857,65,362815
5213,21463875,65,362815
5214,21465378,65,362815
5215,21465387,65,362815
5216,21465738,65,362815
5217,21465783,65,362815
5218,21465837,65,362815
5219,21465873,65,362815
5220,21467358,65,362815
5221,21467385,65,362815
5222,21467538,65,362815
5223,21467583,65,362815
5224,21467835,65,362815
5225,21467853,65,362815
5226,21468357,65,362815
5227,21468375,65,362815
5228,21468537,65,362815
5229,21468573,65,362815
5230,21468735,65,362815
5231,21468753,65,362815
5232,21473568,65,362815
5233,21473586,65,362815
5234,21473658,65,362815
5235,21473685,65,362815
5236,21473856,65,362815
5237,21473865,65,362815
5238,21475368,65,362815
5239,21475386,65,362815
5240,21475638,65,362815
5241,21475683,65,362815
5242,21475836,65,362815
5243,21475863,65,362815
5244,21476358,65,362815
5245,21476385,65,362815
5246,21476538,65,362815
5247,21476583,65,362815
5248,21476835,65,362815
5249,21476853,65,362815
5250,21478356,65,362815
5251,21478365,65,362815
5252,21478536,65,362815
5253,21478563,65,362815
5254,21478635,65,362815
5255,21478653,65,362815
5256,21483567,65,362815
5257,21483576,65,362815
5258,21483657,65,362815
5259,21483675,65,362815
5260,21483756,65,362815
5261,21483765,65,362815
5262,21485367,65,362815
5263,21485376,65,362815
5264,21485637,65,362815
5265,21485673,65,362815
5266,21485736,65,362815
5267,21485763,65,362815
5268,21486357,65,362815
5269,21486375,65,362815
5270,21486537,65,362815
5271,21486573,65,362815
5272,21486735,65,362815
5273,21486753,65,362815
5274,21487356,65,362815
5275,21487365,65,362815
5276,21487536,65,362815
5277,21487563,65,362815
5278,21487635,65,362815
5279,21487653,65,362815
5280,21534678,65,362815
5281,21534687,65,362815
5282,21534768,65,362815
5283,21534786,65,362815
5284,21534867,65,362815
5285,21534876,65,362815
5286,21536478,65,362815
5287,21536487,65,362815
5288,21536748,65,362815
5289,21536784,65,362815
5290,21536847,65,362815
5291,21536874,65,362815
5292,21537468,65,362815
5293,21537486,65,362815
5294,21537648,65,362815
5295,21537684,65,362815
5296,21537846,65,362815
5297,21537864,65,362815
5298,21538467,65,362815
5299,21538476,65,362815
5300,21538647,65,362815
5301,21538674,65,362815
5302,21538746,65,362815
5303,21538764,65,362815
5304,21543678,65,362815
5305,21543687,65,362815
5306,21543768,65,362815
5307,21543786,65,362815
5308,21543867,65,362815
5309,21543876,65,362815
5310,21546378,65,362815
5311,21546387,65,362815
5312,21546738,65,362815
5313,21546783,65,362815
5314,21546837,65,362815
5315,21546873,65,362815
5316,21547368,65,362815
5317,21547386,65,362815
5318,21547638,65,362815
5319,21547683,65,362815
5320,21547836,65,362815
5321,21547863,65,362815
5322,21548367,65,362815
5323,21548376,65,362815
5324,21548637,65,362815
5325,21548673,65,362815
5326,21548736,65,362815
5327,21548763,65,362815
5328,21563478,65,362815
5329,21563487,65,362815
5330,21563748,65,362815
5331,21563784,65,362815
5332,21563847,65,362815
5333,21563874,65,362815
5334,21564378,65,362815
5335,21564387,65,362815
5336,21564738,65,362815
5337,21564783,65,362815
5338,21564837,65,362815
5339,21564873,65,362815
5340,21567348,65,362815
5341,21567384,65,362815
5342,21567438,65,362815
5343,21567483,65,362815
5344,21567834,65,362815
5345,21567843,65,362815
5346,21568347,65,362815
5347,21568374,65,362815
5348,21568437,65,362815
5349,21568473,65,362815
5350,21568734,65,362815
5351,21568743,65,362815
5352,21573468,65,362815
5353,21573486,65,362815
5354,21573648,65,362815
5355,21573684,65,362815
5356,21573846,65,362815
5357,21573864,65,362815
5358,21574368,65,362815
5359,21574386,65,362815
5360,21574638,65,362815
5361,21574683,65,362815
5362,21574836,65,362815
5363,21574863,65,362815
5364,21576348,65,362815
5365,21576384,65,362815
5366,21576438,65,362815
5367,21576483,65,362815
5368,21576834,65,362815
5369,21576843,65,362815
5370,21578346,65,362815
5371,21578364,65,362815
5372,21578436,65,362815
5373,21578463,65,362815
5374,21578634,65,362815
5375,21578643,65,362815
5376,21583467,65,362815
5377,21583476,65,362815
5378,21583647,65,362815
5379,21583674,65,362815
5380,21583746,65,362815
5381,21583764,65,362815
5382,21584367,65,362815
5383,21584376,65,362815
5384,21584637,65,362815
5385,21584673,65,362815
5386,21584736,65,362815
5387,21584763,65,362815
5388,21586347,65,362815
5389,21586374,65,362815
5390,21586437,65,362815
5391,21586473,65,362815
5392,21586734,65,362815
5393,21586743,65,362815
5394,21587346,65,362815
5395,21587364,65,362815
5396,21587436,65,362815
5397,21587463,65,362815
5398,21587634,65,362815
5399,21587643,65,362815
5400,21634578,65,362815
5401,21634587,65,362815
5402,21634758,65,362815
5403,21634785,65,362815
5404,21634857,65,362815
5405,21634875,65,362815
5406,21635478,65,362815
5407,21635487,65,362815
5408,21635748,65,362815
5409,21635784,65,362815
5410,21635847,65,362815
5411,21635874,65,362815
5412,21637458,65,362815
5413,21637485,65,362815
5414,21637548,65,362815
5415,21637584,65,362815
5416,21637845,65,362815
5417,21637854,65,362815
5418,21638457,65,362815
5419,21638475,65,362815
5420,21638547,65,362815
5421,21638574,65,362815
5422,21638745,65,362815
5423,21638754,65,362815
5424,21643578,65,362815
5425,21643587,65,362815
5426,21643758,65,362815
5427,21643785,65,362815
5428,21643857,65,362815
5429,21643875,65,362815
5430,21645378,65,362815
5431,21645387,65,362815
5432,21645738,65,362815
5433,21645783,65,362815
5434,21645837,65,362815
5435,21645873,65,362815
5436,21647358,65,362815
5437,21647385,65,362815
5438,21647538,65,362815
5439,21647583,65,362815
5440,21647835,65,362815
5441,21647853,65,362815
5442,21648357,65,362815
5443,21648375,65,362815
5444,21648537,65,362815
5445,21648573,65,362815
5446,21648735,65,362815
5447,21648753,65,362815
5448,21653478,65,362815
5449,21653487,65,362815
5450,21653748,65,362815
5451,21653784,65,362815
5452,21653847,65,362815
5453,21653874,65,362815
5454,21654378,65,362815
5455,21654387,65,362815
5456,21654738,65,362815
5457,21654783,65,362815
5458,21654837,65,362815
5459,21654873,65,362815
5460,21657348,65,362815
5461,21657384,65,362815
5462,21657438,65,362815
5463,21657483,65,362815
5464,21657834,65,362815
5465,21657843,65,362815
5466,21658347,65,362815
5467,21658374,65,362815
5468,21658437,65,362815
5469,21658473,65,362815
5470,21658734,65,362815
5471,21658743,65,362815
5472,21673458,65,362815
5473,21673485,65,362815
5474,21673548,65,362815
5475,21673584,65,362815
5476,21673845,65,362815
5477,21673854,65,362815
5478,21674358,65,362815
5479,21674385,65,362815
5480,21674538,65,362815
5481,21674583,65,362815
5482,21674835,65,362815
5483,21674853,65,362815
5484,21675348,65,362815
5485,21675384,65,362815
5486,21675438,65,362815
5487,21675483,65,362815
5488,21675834,65,362815
5489,21675843,65,362815
5490,21678345,65,362815
5491,21678354,65,362815
5492,21678435,65,362815
5493,21678453,65,362815
5494,21678534,65,362815
5495,21678543,65,362815
5496,21683457,65,362815
5497,21683475,65,362815
5498,21683547,65,362815
5499,21683574,65,362815
5500,21683745,65,362815
5501,21683754,65,362815
5502,21684357,65,362815
5503,21684375,65,362815
5504,21684537,65,362815
5505,21684573,65,362815
5506,21684735,65,362815
5507,21684753,65,362815
5508,21685347,65,362815
5509,21685374,65,362815
5510,21685437,65,362815
5511,21685473,65,362815
5512,21685734,65,362815
5513,21685743,65,362815
5514,21687345,65,362815
5515,21687354,65,362815
5516,21687435,65,362815
5517,21687453,65,362815
5518,21687534,65,362815
5519,21687543,65,362815
5520,21734568,65,362815
5521,21734586,65,362815
5522,21734658,65,362815
5523,21734685,65,362815
5524,21734856,65,362815
5525,21734865,65,362815
5526,21735468,65,362815
5527,21735486,65,362815
5528,21735648,65,362815
5529,21735684,65,362815
5530,21735846,65,362815
5531,21735864,65,362815
5532,21736458,65,362815
5533,21736485,65,362815
5534,21736548,65,362815
5535,21736584,65,362815
5536,21736845,65,362815
5537,21736854,65,362815
5538,21738456,65,362815
5539,21738465,65,362815
5540,21738546,65,362815
5541,21738564,65,362815
5542,21738645,65,362815
5543,21738654,65,362815
5544,21743568,65,362815
5545,21743586,65,362815
5546,21743658,65,362815
5547,21743685,65,362815
5548,21743856,65,362815
5549,21743865,65,362815
5550,21745368,65,362815
5551,21745386,65,362815
5552,21745638,65,362815
5553,21745683,65,362815
5554,21745836,65,362815
5555,21745863,65,362815
5556,21746358,65,362815
5557,21746385,65,362815
5558,21746538,65,362815
5559,21746583,65,362815
5560,21746835,65,362815
5561,21746853,65,362815
5562,21748356,65,362815
5563,21748365,65,362815
5564,21748536,65,362815
5565,21748563,65,362815
5566,21748635,65,362815
5567,21748653,65,362815
5568,21753468,65,362815
5569,21753486,65,362815
5570,21753648,65,362815
5571,21753684,65,362815
5572,21753846,65,362815
5573,21753864,65,362815
5574,21754368,65,362815
5575,21754386,65,362815
5576,21754638,65,362815
5577,21754683,65,362815
5578,21754836,65,362815
5579,21754863,65,362815
5580,21756348,65,362815
5581,21756384,65,362815
5582,21756438,65,362815
5583,21756483,65,362815
5584,21756834,65,362815
5585,21756843,65,362815
5586,21758346,65,362815
5587,21758364,65,362815
5588,21758436,65,362815
5589,21758463,65,362815
5590,21758634,65,362815
5591,21758643,65,362815
5592,21763458,65,362815
5593,21763485,65,362815
5594,21763548,65,362815
5595,21763584,65,362815
5596,21763845,65,362815
5597,21763854,65,362815
5598,21764358,65,362815
5599,21764385,65,362815
5600,21764538,65,362815
5601,21764583,65,362815
5602,21764835,65,362815
5603,21764853,65,362815
5604,21765348,65,362815
5605,21765384,65,362815
5606,21765438,65,362815
5607,21765483,65,362815
5608,21765834,65,362815
5609,21765843,65,362815
5610,21768345,65,362815
5611,21768354,65,362815
5612,21768435,65,362815
5613,21768453,65,362815
5614,21768534,65,362815
5615,21768543,65,362815
5616,21783456,65,362815
5617,21783465,65,362815
5618,21783546,65,362815
5619,21783564,65,362815
5620,21783645,65,362815
5621,21783654,65,362815
5622,21784356,65,362815
5623,21784365,65,362815
5624,21784536,65,362815
5625,21784563,65,362815
5626,21784635,65,362815
5627,21784653,65,362815
5628,21785346,65,362815
5629,21785364,65,362815
5630,21785436,65,362815
5631,21785463,65,362815
5632,21785634,65,362815
5633,21785643,65,362815
5634,21786345,65,362815
5635,21786354,65,362815
5636,21786435,65,362815
5637,21786453,65,362815
5638,21786534,65,362815
5639,21786543,65,362815
5640,21834567,65,362815
5641,21834576,65,362815
5642,21834657,65,362815
5643,21834675,65,362815
5644,21834756,65,362815
5645,21834765,65,362815
5646,21835467,65,362815
5647,21835476,65,362815
5648,21835647,65,362815
5649,21835674,65,362815
5650,21835746,65,362815
5651,21835764,65,362815
5652,21836457,65,362815
5653,21836475,65,362815
5654,21836547,65,362815
5655,21836574,65,362815
5656,21836745,65,362815
5657,21836754,65,362815
5658,21837456,65,362815
5659,21837465,65,362815
5660,21837546,65,362815
5661,21837564,65,362815
5662,21837645,65,362815
5663,21837654,65,362815
5664,21843567,65,362815
5665,21843576,65,362815
5666,21843657,65,362815
5667,21843675,65,362815
5668,21843756,65,362815
5669,21843765,65,362815
5670,21845367,65,362815
5671,21845376,65,362815
5672,21845637,65,362815
5673,21845673,65,362815
5674,21845736,65,362815
5675,21845763,65,362815
5676,21846357,65,362815
5677,21846375,65,362815
5678,21846537,65,362815
5679,21846573,65,362815
5680,21846735,65,362815
5681,21846753,65,362815
5682,21847356,65,362815
5683,21847365,65,362815
5684,21847536,65,362815
5685,21847563,65,362815
5686,21847635,65,362815
5687,21847653,65,362815
5688,21853467,65,362815
5689,21853476,65,362815
5690,21853647,65,362815
5691,21853674,65,362815
5692,21853746,65,362815
5693,21853764,65,362815
5694,21854367,65,362815
5695,21854376,65,362815
5696,21854637,65,362815
5697,21854673,65,362815
5698,21854736,65,362815
5699,21854763,65,362815
5700,21856347,65,362815
5701,21856374,65,362815
5702,21856437,65,362815
5703,21856473,65,362815
5704,21856734,65,362815
5705,21856743,65,362815
5706,21857346,65,362815
5707,21857364,65,362815
5708,21857436,65,362815
5709,21857463,65,362815
5710,21857634,65,362815
5711,21857643,65,362815
5712,21863457,65,362815
5713,21863475,65,362815
5714,21863547,65,362815
5715,21863574,65,362815
5716,21863745,65,362815
5717,21863754,65,362815
5718,21864357,65,362815
5719,21864375,65,362815
5720,21864537,65,362815
5721,21864573,65,362815
5722,21864735,65,362815
5723,21864753,65,362815
5724,21865347,65,362815
5725,21865374,65,362815
5726,21865437,65,362815
5727,21865473,65,362815
5728,21865734,65,362815
5729,21865743,65,362815
5730,21867345,65,362815
5731,21867354,65,362815
5732,21867435,65,362815
5733,21867453,65,362815
5734,21867534,65,362815
5735,21867543,65,362815
5736,21873456,65,362815
5737,21873465,65,362815
5738,21873546,65,362815
5739,21873564,65,362815
5740,21873645,65,362815
5741,21873654,65,362815
5742,21874356,65,362815
5743,21874365,65,362815
5744,21874536,65,362815
5745,21874563,65,362815
5746,21874635,65,362815
5747,21874653,65,362815
5748,21875346,65,362815
5749,21875364,65,362815
5750,21875436,65,362815
5751,21875463,65,362815
5752,21875634,65,362815
5753,21875643,65,362815
5754,21876345,65,362815
5755,21876354,65,362815
5756,21876435,65,362815
5757,21876453,65,362815
5758,21876534,65,362815
5759,21876543,65,362815
5760,23145678,65,362815
5761,23145687,65,362815
5762,23145768,65,362815
5763,23145786,65,362815
5764,23145867,65,362815
5765,23145876,65,362815
5766,23146578,65,362815
5767,23146587,65,362815
5768,23146758,65,362815
5769,23146785,65,362815
5770,23146857,65,362815
5771,23146875,65,362815
5772,23147568,65,362815
5773,23147586,65,362815
5774,23147658,65,362815
5775,23147685,65,362815
5776,23147856,65,362815
5777,23147865,65,362815
5778,23148567,65,362815
5779,23148576,65,362815
5780,23148657,65,362815
5781,23148675,65,362815
5782,23148756,65,362815
5783,23148765,65,362815
5784,23154678,65,362815
5785,23154687,65,362815
5786,23154768,65,362815
5787,23154786,65,362815
5788,23154867,65,362815
5789,23154876,65,362815
5790,23156478,65,362815
5791,23156487,65,362815
5792,23156748,65,362815
5793,23156784,65,362815
5794,23156847,65,362815
5795,23156874,65,362815
5796,23157468,65,362815
5797,23157486,65,362815
5798,23157648,65,362815
5799,23157684,65,362815
5800,23157846,65,362815
5801,23157864,65,362815
5802,23158467,65,362815
5803,23158476,65,362815
5804,23158647,65,362815
5805,23158674,65,362815
5806,23158746,65,362815
5807,23158764,65,362815
5808,23164578,65,362815
5809,23164587,65,362815
5810,23164758,65,362815
5811,23164785,65,362815
5812,23164857,65,362815
5813,23164875,65,362815
5814,23165478,65,362815
5815,23165487,65,362815
5816,23165748,65,362815
5817,23165784,65,362815
5818,23165847,65,362815
5819,23165874,65,362815
5820,23167458,65,362815
5821,23167485,65,362815
5822,23167548,65,362815
5823,23167584,65,362815
5824,23167845,65,362815
5825,23167854,65,362815
5826,23168457,65,362815
5827,23168475,65,362815
5828,23168547,65,362815
5829,23168574,65,362815
5830,23168745,65,362815
5831,23168754,65,362815
5832,23174568,65,362815
5833,23174586,65,362815
5834,23174658,65,362815
5835,23174685,65,362815
5836,23174856,65,362815
5837,23174865,65,362815
5838,23175468,65,362815
5839,23175486,65,362815
5840,23175648,65,362815
5841,23175684,65,362815
5842,23175846,65,362815
5843,23175864,65,362815
5844,23176458,65,362815
5845,23176485,65,362815
5846,23176548,65,362815
5847,23176584,65,362815
5848,23176845,65,362815
5849,23176854,65,362815
5850,23178456,65,362815
5851,23178465,65,362815
5852,23178546,65,362815
5853,23178564,65,362815
5854,23178645,65,362815
5855,23178654,65,362815
5856,23184567,65,362815
5857,23184576,65,362815
5858,23184657,65,362815
5859,23184675,65,362815
5860,23184756,65,362815
5861,23184765,65,362815
5862,23185467,65,362815
5863,23185476,65,362815
5864,23185647,65,362815
5865,23185674,65,362815
5866,23185746,65,362815
5867,23185764,65,362815
5868,23186457,65,362815
5869,23186475,65,362815
5870,23186547,65,362815
5871,23186574,65,362815
5872,23186745,65,362815
5873,23186754,65,362815
5874,23187456,65,362815
5875,23187465,65,362815
5876,23187546,65,362815
5877,23187564,65,362815
5878,23187645,65,362815
5879,23187654,65,362815
5880,23415678,65,362815
5881,23415687,65,362815
5882,23415768,65,362815
5883,23415786,65,362815
5884,23415867,65,362815
5885,23415876,65,362815
5886,23416578,65,362815
5887,23416587,65,362815
5888,23416758,65,362815
5889,23416785,65,362815
5890,23416857,65,362815
5891,23416875,65,362815
5892,23417568,65,362815
5893,23417586,65,362815
5894,23417658,65,362815
5895,23417685,65,362815
5896,23417856,65,362815
5897,23417865,65,362815
5898,23418567,65,362815
5899,23418576,65,362815
5900,23418657,65,362815
5901,23418675,65,362815
5902,23418756,65,362815
5903,23418765,65,362815
5904,23451678,65,362815
5905,23451687,65,362815
5906,23451768,65,362815
5907,23451786,65,362815
5908,23451867,65,362815
5909,23451876,65,362815
5910,23456178,65,362815
5911,23456187,65,362815
5912,23456718,65,362815
5913,23456781,65,362815
5914,23456817,65,362815
5915,23456871,65,362815
5916,23457168,65,362815
5917,23457186,65,362815
5918,23457618,65,362815
5919,23457681,65,362815
5920,23457816,65,362815
5921,23457861,65,362815
5922,23458167,65,362815
5923,23458176,65,362815
5924,23458617,65,362815
5925,23458671,65,362815
5926,23458716,65,362815
5927,23458761,65,362815
5928,23461578,65,362815
5929,23461587,65,362815
5930,23461758,65,362815
5931,23461785,65,362815
5932,23461857,65,362815
5933,23461875,65,362815
5934,23465178,65,362815
5935,23465187,65,362815
5936,23465718,65,362815
5937,23465781,65,362815
5938,23465817,65,362815
5939,23465871,65,362815
5940,23467158,65,362815
5941,23467185,65,362815
5942,23467518,65,362815
5943,23467581,65,362815
5944,23467815,65,362815
5945,23467851,65,362815
5946,23468157,65,362815
5947,23468175,65,362815
5948,23468517,65,362815
5949,23468571,65,362815
5950,23468715,65,362815
5951,23468751,65,362815
5952,23471568,65,362815
5953,23471586,65,362815
5954,23471658,65,362815
5955,23471685,65,362815
5956,23471856,65,362815
5957,23471865,65,362815
5958,23475168,65,362815
5959,23475186,65,362815
5960,23475618,65,362815
5961,23475681,65,362815
5962,23475816,65,362815
5963,23475861,65,362815
5964,23476158,65,362815
5965,23476185,65,362815
5966,23476518,65,362815
5967,23476581,65,362815
5968,23476815,65,362815
5969,23476851,65,362815
5970,23478156,65,362815
5971,23478165,65,362815
5972,23478516,65,362815
5973,23478561,65,362815
5974,23478615,65,362815
5975,23478651,65,362815
5976,23481567,65,362815
5977,23481576,65,362815
5978,23481657,65,362815
5979,23481675,65,362815
5980,23481756,65,362815
5981,23481765,65,362815
5982,23485167,65,362815
5983,23485176,65,362815
5984,23485617,65,362815
5985,23485671,65,362815
5986,23485716,65,362815
5987,23485761,65,362815
5988,23486157,65,362815
5989,23486175,65,362815
5990,23486517,65,362815
5991,23486571,65,362815
5992,23486715,65,362815
5993,23486751,65,362815
5994,23487156,65,362815
5995,23487165,65,362815
5996,23487516,65,362815
5997,23487561,65,362815
5998,23487615,65,362815
5999,23487651,65,362815
6000,23514678,65,362815
6001,23514687,65,362815
6002,23514768,65,362815
6003,23514786,65,362815
6004,23514867,65,362815
6005,23514876,65,362815
6006,23516478,65,362815
6007,23516487,65,362815
6008,23516748,65,362815
6009,23516784,65,362815
6010,23516847,65,362815
6011,23516874,65,362815
6012,23517468,65,362815
6013,23517486,65,362815
6014,23517648,65,362815
6015,23517684,65,362815
6016,23517846,65,362815
6017,23517864,65,362815
6018,23518467,65,362815
6019,23518476,65,362815
6020,23518647,65,362815
6021,23518674,65,362815
6022,23518746,65,362815
6023,23518764,65,362815
6024,23541678,65,362815
6025,23541687,65,362815
6026,23541768,65,362815
6027,23541786,65,362815
6028,23541867,65,362815
6029,23541876,65,362815
6030,23546178,65,362815
6031,23546187,65,362815
6032,23546718,65,362815
6033,23546781,65,362815
6034,23546817,65,362815
6035,23546871,65,362815
6036,23547168,65,362815
6037,23547186,65,362815
6038,23547618,65,362815
6039,23547681,65,362815
6040,23547816,65,362815
6041,23547861,65,362815
6042,23548167,65,362815
6043,23548176,65,362815
6044,23548617,65,362815
6045,23548671,65,362815
6046,23548716,65,362815
6047,23548761,65,362815
6048,23561478,65,362815
6049,23561487,65,362815
6050,23561748,65,362815
6051,23561784,65,362815
6052,23561847,65,362815
6053,23561874,65,362815
6054,23564178,65,362815
6055,23564187,65,362815
6056,23564718,65,362815
6057,23564781,65,362815
6058,23564817,65,362815
6059,23564871,65,362815
6060,23567148,65,362815
6061,23567184,65,362815
6062,23567418,65,362815
6063,23567481,65,362815
6064,23567814,65,362815
6065,23567841,65,362815
6066,23568147,65,362815
6067,23568174,65,362815
6068,23568417,65,362815
6069,23568471,65,362815
6070,23568714,65,362815
6071,23568741,65,362815
6072,23571468,65,362815
6073,23571486,65,362815
6074,23571648,65,362815
6075,23571684,65,362815
6076,23571846,65,362815
6077,23571864,65,362815
6078,23574168,65,362815
6079,23574186,65,362815
6080,23574618,65,362815
6081,23574681,65,362815
6082,23574816,65,362815
6083,23574861,65,362815
6084,23576148,65,362815
6085,23576184,65,362815
6086,23576418,65,362815
6087,23576481,65,362815
6088,23576814,65,362815
6089,23576841,65,362815
6090,23578146,65,362815
6091,23578164,65,362815
6092,23578416,65,362815
6093,23578461,65,362815
6094,23578614,65,362815
6095,23578641,65,362815
6096,23581467,65,362815
6097,23581476,65,362815
6098,23581647,65,362815
6099,23581674,65,362815
6100,23581746,65,362815
6101,23581764,65,362815
6102,23584167,65,362815
6103,23584176,65,362815
6104,23584617,65,362815
6105,23584671,65,362815
6106,23584716,65,362815
6107,23584761,65,362815
6108,23586147,65,362815
6109,23586174,65,362815
6110,23586417,65,362815
6111,23586471,65,362815
6112,23586714,65,362815
6113,23586741,65,362815
6114,23587146,65,362815
6115,23587164,65,362815
6116,23587416,65,362815
6117,23587461,65,362815
6118,23587614,65,362815
6119,23587641,65,362815
6120,23614578,65,362815
6121,23614587,65,362815
6122,23614758,65,362815
6123,23614785,65,362815
6124,23614857,65,362815
6125,23614875,65,362815
6126,23615478,65,362815
6127,23615487,65,362815
6128,23615748,65,362815
6129,23615784,65,362815
6130,23615847,65,362815
6131,23615874,65,362815
6132,23617458,65,362815
6133,23617485,65,362815
6134,23617548,65,362815
6135,23617584,65,362815
6136,23617845,65,362815
6137,23617854,65,362815
6138,23618457,65,362815
6139,23618475,65,362815
6140,23618547,65,362815
6141,23618574,65,362815
6142,23618745,65,362815
6143,23618754,65,362815
6144,23641578,65,362815
6145,23641587,65,362815
6146,23641758,65,362815
6147,23641785,65,362815
6148,23641857,65,362815
6149,23641875,65,362815
6150,23645178,65,362815
6151,23645187,65,362815
6152,23645718,65,362815
6153,23645781,65,362815
6154,23645817,65,362815
6155,23645871,65,362815
6156,23647158,65,362815
6157,23647185,65,362815
6158,23647518,65,362815
6159,23647581,65,362815
6160,23647815,65,362815
6161,23647851,65,362815
6162,23648157,65,362815
6163,23648175,65,362815
6164,23648517,65,362815
6165,23648571,65,362815
6166,23648715,65,362815
6167,23648751,65,362815
6168,23651478,65,362815
6169,23651487,65,362815
6170,23651748,65,362815
6171,23651784,65,362815
6172,23651847,65,362815
6173,23651874,65,362815
6174,23654178,65,362815
6175,23654187,65,362815
6176,23654718,65,362815
6177,23654781,65,362815
6178,23654817,65,362815
6179,23654871,65,362815
6180,23657148,65,362815
6181,23657184,65,362815
6182,23657418,65,362815
6183,23657481,65,362815
6184,23657814,65,362815
6185,23657841,65,362815
6186,23658147,65,362815
6187,23658174,65,362815
6188,23658417,65,362815
6189,23658471,65,362815
6190,23658714,65,362815
6191,23658741,65,362815
6192,23671458,65,362815
6193,23671485,65,362815
6194,23671548,65,362815
6195,23671584,65,362815
6196,23671845,65,362815
6197,23671854,65,362815
6198,23674158,65,362815
6199,23674185,65,362815
6200,23674518,65,362815
6201,23674581,65,362815
6202,23674815,65,362815
6203,23674851,65,362815
6204,23675148,65,362815
6205,23675184,65,362815
6206,23675418,65,362815
6207,23675481,65,362815
6208,23675814,65,362815
6209,23675841,65,362815
6210,23678145,65,362815
6211,23678154,65,362815
6212,23678415,65,362815
6213,23678451,65,362815
6214,23678514,65,362815
6215,23678541,65,362815
6216,23681457,65,362815
6217,23681475,65,362815
6218,23681547,65,362815
6219,23681574,65,362815
6220,23681745,65,362815
6221,23681754,65,362815
6222,23684157,65,362815
6223,23684175,65,362815
6224,23684517,65,362815
6225,23684571,65,362815
6226,23684715,65,362815
6227,23684751,65,362815
6228,23685147,65,362815
6229,23685174,65,362815
6230,23685417,65,362815
6231,23685471,65,362815
6232,23685714,65,362815
6233,23685741,65,362815
6234,23687145,65,362815
6235,23687154,65,362815
6236,23687415,65,362815
6237,23687451,65,362815
6238,23687514,65,362815
6239,23687541,65,362815
6240,23714568,65,362815
6241,23714586,65,362815
6242,23714658,65,362815
6243,23714685,65,362815
6244,23714856,65,362815
6245,23714865,65,362815
6246,23715468,65,362815
6247,23715486,65,362815
6248,23715648,65,362815
6249,23715684,65,362815
6250,23715846,65,362815
6251,23715864,65,362815
6252,23716458,65,362815
6253,23716485,65,362815
6254,23716548,65,362815
6255,23716584,65,362815
6256,23716845,65,362815
6257,23716854,65,362815
6258,23718456,65,362815
6259,23718465,65,362815
6260,23718546,65,362815
6261,23718564,65,362815
6262,23718645,65,362815
6263,23718654,65,362815
6264,23741568,65,362815
6265,23741586,65,362815
6266,23741658,65,362815
6267,23741685,65,362815
6268,23741856,65,362815
6269,23741865,65,362815
6270,23745168,65,362815
6271,23745186,65,362815
6272,23745618,65,362815
6273,23745681,65,362815
6274,23745816,65,362815
6275,23745861,65,362815
6276,23746158,65,362815
6277,23746185,65,362815
6278,23746518,65,362815
6279,23746581,65,362815
6280,23746815,65,362815
6281,23746851,65,362815
6282,23748156,65,362815
6283,23748165,65,362815
6284,23748516,65,362815
6285,23748561,65,362815
6286,23748615,65,362815
6287,23748651,65,362815
6288,23751468,65,362815
6289,23751486,65,362815
6290,23751648,65,362815
6291,23751684,65,362815
6292,23751846,65,362815
6293,23751864,65,362815
6294,23754168,65,362815
6295,23754186,65,362815
6296,23754618,65,362815
6297,23754681,65,362815
6298,23754816,65,362815
6299,23754861,65,362815
6300,23756148,65,362815
6301,23756184,65,362815
6302,23756418,65,362815
6303,23756481,65,362815
6304,23756814,65,362815
6305,23756841,65,362815
6306,23758146,65,362815
6307,23758164,65,362815
6308,23758416,65,362815
6309,23758461,65,362815
6310,23758614,65,362815
6311,23758641,65,362815
6312,23761458,65,362815
6313,23761485,65,362815
6314,23761548,65,362815
6315,23761584,65,362815
6316,23761845,65,362815
6317,23761854,65,362815
6318,23764158,65,362815
6319,23764185,65,362815
6320,23764518,65,362815
6321,23764581,65,362815
6322,23764815,65,362815
6323,23764851,65,362815
6324,23765148,65,362815
6325,23765184,65,362815
6326,23765418,65,362815
6327,23765481,65,362815
6328,23765814,65,362815
6329,23765841,65,362815
6330,23768145,65,362815
6331,23768154,65,362815
6332,23768415,65,362815
6333,23768451,65,362815
6334,23768514,65,362815
6335,23768541,65,362815
6336,23781456,65,362815
6337,23781465,65,362815
6338,23781546,65,362815
6339,23781564,65,362815
6340,23781645,65,362815
6341,23781654,65,362815
6342,23784156,65,362815
6343,23784165,65,362815
6344,23784516,65,362815
6345,23784561,65,362815
6346,23784615,65,362815
6347,23784651,65,362815
6348,23785146,65,362815
6349,23785164,65,362815
6350,23785416,65,362815
6351,23785461,65,362815
6352,23785614,65,362815
6353,23785641,65,362815
6354,23786145,65,362815
6355,23786154,65,362815
6356,23786415,65,362815
6357,23786451,65,362815
6358,23786514,65,362815
6359,23786541,65,362815
6360,23814567,65,362815
6361,23814576,65,362815
6362,23814657,65,362815
6363,23814675,65,362815
6364,23814756,65,362815
6365,23814765,65,362815
6366,23815467,65,362815
6367,23815476,65,362815
6368,23815647,65,362815
6369,23815674,65,362815
6370,23815746,65,362815
6371,23815764,65,362815
6372,23816457,65,362815
6373,23816475,65,362815
6374,23816547,65,362815
6375,23816574,65,362815
6376,23816745,65,362815
6377,23816754,65,362815
6378,23817456,65,362815
6379,23817465,65,362815
6380,23817546,65,362815
6381,23817564,65,362815
6382,23817645,65,362815
6383,23817654,65,362815
6384,23841567,65,362815
6385,23841576,65,362815
6386,23841657,65,362815
6387,23841675,65,362815
6388,23841756,65,362815
6389,23841765,65,362815
6390,23845167,65,362815
6391,23845176,65,362815
6392,23845617,65,362815
6393,23845671,65,362815
6394,23845716,65,362815
6395,23845761,65,362815
6396,23846157,65,362815
6397,23846175,65,362815
6398,23846517,65,362815
6399,23846571,65,362815
6400,23846715,65,362815
6401,23846751,65,362815
6402,23847156,65,362815
6403,23847165,65,362815
6404,23847516,65,362815
6405,23847561,65,362815
6406,23847615,65,362815
6407,23847651,65,362815
6408,23851467,65,362815
6409,23851476,65,362815
6410,23851647,65,362815
6411,23851674,65,362815
6412,23851746,65,362815
6413,23851764,65,362815
6414,23854167,65,362815
6415,23854176,65,362815
6416,23854617,65,362815
6417,23854671,65,362815
6418,23854716,65,362815
6419,23854761,65,362815
6420,23856147,65,362815
6421,23856174,65,362815
6422,23856417,65,362815
6423,23856471,65,362815
6424,23856714,65,362815
6425,23856741,65,362815
6426,23857146,65,362815
6427,23857164,65,362815
6428,23857416,65,362815
6429,23857461,65,362815
6430,23857614,65,362815
6431,23857641,65,362815
6432,23861457,65,362815
6433,23861475,65,362815
6434,23861547,65,362815
6435,23861574,65,362815
6436,23861745,65,362815
6437,23861754,65,362815
6438,23864157,65,362815
6439,23864175,65,362815
6440,23864517,65,362815
6441,23864571,65,362815
6442,23864715,65,362815
6443,23864751,65,362815
6444,23865147,65,362815
6445,23865174,65,362815
6446,23865417,65,362815
6447,23865471,65,362815
6448,23865714,65,362815
6449,23865741,65,362815
6450,23867145,65,362815
6451,23867154,65,362815
6452,23867415,65,362815
6453,23867451,65,362815
6454,23867514,65,362815
6455,23867541,65,362815
6456,23871456,65,362815
6457,23871465,65,362815
6458,23871546,65,362815
6459,23871564,65,362815
6460,23871645,65,362815
6461,23871654,65,362815
6462,23874156,65,362815
6463,23874165,65,362815
6464,23874516,65,362815
6465,23874561,65,362815
6466,23874615,65,362815
6467,23874651,65,362815
6468,23875146,65,362815
6469,23875164,65,362815
6470,23875416,65,362815
6471,23875461,65,362815
6472,23875614,65,362815
6473,23875641,65,362815
6474,23876145,65,362815
6475,23876154,65,362815
6476,23876415,65,362815
6477,23876451,65,362815
6478,23876514,65,362815
6479,23876541,65,362815
6480,24135678,65,362815
6481,24135687,65,362815
6482,24135768,65,362815
6483,24135786,65,362815
6484,24135867,65,362815
6485,24135876,65,362815
6486,24136578,65,362815
6487,24136587,65,362815
6488,24136758,65,362815
6489,24136785,65,362815
6490,24136857,65,362815
6491,24136875,65,362815
6492,24137568,65,362815
6493,24137586,65,362815
6494,24137658,65,362815
6495,24137685,65,362815
6496,24137856,65,362815
6497,24137865,65,362815
6498,24138567,65,362815
6499,24138576,65,362815
6500,24138657,65,362815
6501,24138675,65,362815
6502,24138756,65,362815
6503,24138765,65,362815
6504,24153678,65,362815
6505,24153687,65,362815
6506,24153768,65,362815
6507,24153786,65,362815
6508,24153867,65,362815
6509,24153876,65,362815
6510,24156378,65,362815
6511,24156387,65,362815
6512,24156738,65,362815
6513,24156783,65,362815
6514,24156837,65,362815
6515,24156873,65,362815
6516,24157368,65,362815
6517,24157386,65,362815
6518,24157638,65,362815
6519,24157683,65,362815
6520,24157836,65,362815
6521,24157863,65,362815
6522,24158367,65,362815
6523,24158376,65,362815
6524,24158637,65,362815
6525,24158673,65,362815
6526,24158736,65,362815
6527,24158763,65,362815
6528,24163578,65,362815
6529,24163587,65,362815
6530,24163758,65,362815
6531,24163785,65,362815
6532,24163857,65,362815
6533,24163875,65,362815
6534,24165378,65,362815
6535,24165387,65,362815
6536,24165738,65,362815
6537,24165783,65,362815
6538,24165837,65,362815
6539,24165873,65,362815
6540,24167358,65,362815
6541,24167385,65,362815
6542,24167538,65,362815
6543,24167583,65,362815
6544,24167835,65,362815
6545,24167853,65,362815
6546,24168357,65,362815
6547,24168375,65,362815
6548,24168537,65,362815
6549,24168573,65,362815
6550,24168735,65,362815
6551,24168753,65,362815
6552,24173568,65,362815
6553,24173586,65,362815
6554,24173658,65,362815
6555,24173685,65,362815
6556,24173856,65,362815
6557,24173865,65,362815
6558,24175368,65,362815
6559,24175386,65,362815
6560,24175638,65,362815
6561,24175683,65,362815
6562,24175836,65,362815
6563,24175863,65,362815
6564,24176358,65,362815
6565,24176385,65,362815
6566,24176538,65,362815
6567,24176583,65,362815
6568,24176835,65,362815
6569,24176853,65,362815
6570,24178356,65,362815
6571,24178365,65,362815
6572,24178536,65,362815
6573,24178563,65,362815
6574,24178635,65,362815
6575,24178653,65,362815
6576,24183567,65,362815
6577,24183576,65,362815
6578,24183657,65,362815
6579,24183675,65,362815
6580,24183756,65,362815
6581,24183765,65,362815
6582,24185367,65,362815
6583,24185376,65,362815
6584,24185637,65,362815
6585,24185673,65,362815
6586,24185736,65,362815
6587,24185763,65,362815
6588,24186357,65,362815
6589,24186375,65,362815
6590,24186537,65,362815
6591,24186573,65,362815
6592,24186735,65,362815
6593,24186753,65,362815
6594,24187356,65,362815
6595,24187365,65,362815
6596,24187536,65,362815
6597,24187563,65,362815
6598,24187635,65,362815
6599,24187653,65,362815
6600,24315678,65,362815
6601,24315687,65,362815
6602,24315768,65,362815
6603,24315786,65,362815
6604,24315867,65,362815
6605,24315876,65,362815
6606,24316578,65,362815
6607,24316587,65,362815
6608,24316758,65,362815
6609,24316785,65,362815
6610,24316857,65,362815
6611,24316875,65,362815
6612,24317568,65,362815
6613,24317586,65,362815
6614,24317658,65,362815
6615,24317685,65,362815
6616,24317856,65,362815
6617,24317865,65,362815
6618,24318567,65,362815
6619,24318576,65,362815
6620,24318657,65,362815
6621,24318675,65,362815
6622,24318756,65,362815
6623,24318765,65,362815
6624,24351678,65,362815
6625,24351687,65,362815
6626,24351768,65,362815
6627,24351786,65,362815
6628,24351867,65,362815
6629,24351876,65,362815
6630,24356178,65,362815
6631,24356187,65,362815
6632,24356718,65,362815
6633,24356781,65,362815
6634,24356817,65,362815
6635,24356871,65,362815
6636,24357168,65,362815
6637,24357186,65,362815
6638,24357618,65,362815
6639,24357681,65,362815
6640,24357816,65,362815
6641,24357861,65,362815
6642,24358167,65,362815
6643,24358176,65,362815
6644,24358617,65,362815
6645,24358671,65,362815
6646,24358716,65,362815
6647,24358761,65,362815
6648,24361578,65,362815
6649,24361587,65,362815
6650,24361758,65,362815
6651,24361785,65,362815
6652,24361857,65,362815
6653,24361875,65,362815
6654,24365178,65,362815
6655,24365187,65,362815
6656,24365718,65,362815
6657,24365781,65,362815
6658,24365817,65,362815
6659,24365871,65,362815
6660,24367158,65,362815
6661,24367185,65,362815
6662,24367518,65,362815
6663,24367581,65,362815
6664,24367815,65,362815
6665,24367851,65,362815
6666,24368157,65,362815
6667,24368175,65,362815
6668,24368517,65,362815
6669,24368571,65,362815
6670,24368715,65,362815
6671,24368751,65,362815
6672,24371568,65,362815
6673,24371586,65,362815
6674,24371658,65,362815
6675,24371685,65,362815
6676,24371856,65,362815
6677,24371865,65,362815
6678,24375168,65,362815
6679,24375186,65,362815
6680,24375618,65,362815
6681,24375681,65,362815
6682,24375816,65,362815
6683,24375861,65,362815
6684,24376158,65,362815
6685,24376185,65,362815
6686,24376518,65,362815
6687,24376581,65,362815
6688,24376815,65,362815
6689,24376851,65,362815
6690,24378156,65,362815
6691,24378165,65,362815
6692,24378516,65,362815
6693,24378561,65,362815
6694,24378615,65,362815
6695,24378651,65,362815
6696,24381567,65,362815
6697,24381576,65,362815
6698,24381657,65,362815
6699,24381675,65,362815
6700,24381756,65,362815
6701,24381765,65,362815
6702,24385167,65,362815
6703,24385176,65,362815
6704,24385617,65,362815
6705,24385671,65,362815
6706,24385716,65,362815
6707,24385761,65,362815
6708,24386157,65,362815
6709,24386175,65,362815
6710,24386517,65,362815
6711,24386571,65,362815
6712,24386715,65,362815
6713,24386751,65,362815
6714,24387156,65,362815
6715,24387165,65,362815
6716,24387516,65,362815
6717,24387561,65,362815
6718,24387615,65,362815
6719,24387651,65,362815
6720,24513678,65,362815
6721,24513687,65,362815
6722,24513768,65,362815
6723,24513786,65,362815
6724,24513867,65,362815
6725,24513876,65,362815
6726,24516378,65,362815
6727,24516387,65,362815
6728,24516738,65,362815
6729,24516783,65,362815
6730,24516837,65,362815
6731,24516873,65,362815
6732,24517368,65,362815
6733,24517386,65,362815
6734,24517638,65,362815
6735,24517683,65,362815
6736,24517836,65,362815
6737,24517863,65,362815
6738,24518367,65,362815
6739,24518376,65,362815
6740,24518637,65,362815
6741,24518673,65,362815
6742,24518736,65,362815
6743,24518763,65,362815
6744,24531678,65,362815
6745,24531687,65,362815
6746,24531768,65,362815
6747,24531786,65,362815
6748,24531867,65,362815
6749,24531876,65,362815
6750,24536178,65,362815
6751,24536187,65,362815
6752,24536718,65,362815
6753,24536781,65,362815
6754,24536817,65,362815
6755,24536871,65,362815
6756,24537168,65,362815
6757,24537186,65,362815
6758,24537618,65,362815
6759,24537681,65,362815
6760,24537816,65,362815
6761,24537861,65,362815
6762,24538167,65,362815
6763,24538176,65,362815
6764,24538617,65,362815
6765,24538671,65,362815
6766,24538716,65,362815
6767,24538761,65,362815
6768,24561378,65,362815
6769,24561387,65,362815
6770,24561738,65,362815
6771,24561783,65,362815
6772,24561837,65,362815
6773,24561873,65,362815
6774,24563178,65,362815
6775,24563187,65,362815
6776,24563718,65,362815
6777,24563781,65,362815
6778,24563817,65,362815
6779,24563871,65,362815
6780,24567138,65,362815
6781,24567183,65,362815
6782,24567318,65,362815
6783,24567381,65,362815
6784,24567813,65,362815
6785,24567831,65,362815
6786,24568137,65,362815
6787,24568173,65,362815
6788,24568317,65,362815
6789,24568371,65,362815
6790,24568713,65,362815
6791,24568731,65,362815
6792,24571368,65,362815
6793,24571386,65,362815
6794,24571638,65,362815
6795,24571683,65,362815
6796,24571836,65,362815
6797,24571863,65,362815
6798,24573168,65,362815
6799,24573186,65,362815
6800,24573618,65,362815
6801,24573681,65,362815
6802,24573816,65,362815
6803,24573861,65,362815
6804,24576138,65,362815
6805,24576183,65,362815
6806,24576318,65,362815
6807,24576381,65,362815
6808,24576813,65,362815
6809,24576831,65,362815
6810,24578136,65,362815
6811,24578163,65,362815
6812,24578316,65,362815
6813,24578361,65,362815
6814,24578613,65,362815
6815,24578631,65,362815
6816,24581367,65,362815
6817,24581376,65,362815
6818,24581637,65,362815
6819,24581673,65,362815
6820,24581736,65,362815
6821,24581763,65,362815
6822,24583167,65,362815
6823,24583176,65,362815
6824,24583617,65,362815
6825,24583671,65,362815
6826,24583716,65,362815
6827,24583761,65,362815
6828,24586137,65,362815
6829,24586173,65,362815
6830,24586317,65,362815
6831,24586371,65,362815
6832,24586713,65,362815
6833,24586731,65,362815
6834,24587136,65,362815
6835,24587163,65,362815
6836,24587316,65,362815
6837,24587361,65,362815
6838,24587613,65,362815
6839,24587631,65,362815
6840,24613578,65,362815
6841,24613587,65,362815
6842,24613758,65,362815
6843,24613785,65,362815
6844,24613857,65,362815
6845,24613875,65,362815
6846,24615378,65,362815
6847,24615387,65,362815
6848,24615738,65,362815
6849,24615783,65,362815
6850,24615837,65,362815
6851,24615873,65,362815
6852,24617358,65,362815
6853,24617385,65,362815
6854,24617538,65,362815
6855,24617583,65,362815
6856,24617835,65,362815
6857,24617853,65,362815
6858,24618357,65,362815
6859,24618375,65,362815
6860,24618537,65,362815
6861,24618573,65,362815
6862,24618735,65,362815
6863,24618753,65,362815
6864,24631578,65,362815
6865,24631587,65,362815
6866,24631758,65,362815
6867,24631785,65,362815
6868,24631857,65,362815
6869,24631875,65,362815
6870,24635178,65,362815
6871,24635187,65,362815
6872,24635718,65,362815
6873,24635781,65,362815
6874,24635817,65,362815
6875,24635871,65,362815
6876,24637158,65,362815
6877,24637185,65,362815
6878,24637518,65,362815
6879,24637581,65,362815
6880,24637815,65,362815
6881,24637851,65,362815
6882,24638157,65,362815
6883,24638175,65,362815
6884,24638517,65,362815
6885,24638571,65,362815
6886,24638715,65,362815
6887,24638751,65,362815
6888,24651378,65,362815
6889,24651387,65,362815
6890,24651738,65,362815
6891,24651783,65,362815
6892,24651837,65,362815
6893,24651873,65,362815
6894,24653178,65,362815
6895,24653187,65,362815
6896,24653718,65,362815
6897,24653781,65,362815
6898,24653817,65,362815
6899,24653871,65,362815
6900,24657138,65,362815
6901,24657183,65,362815
6902,24657318,65,362815
6903,24657381,65,362815
6904,24657813,65,362815
6905,24657831,65,362815
6906,24658137,65,362815
6907,24658173,65,362815
6908,24658317,65,362815
6909,24658371,65,362815
6910,24658713,65,362815
6911,24658731,65,362815
6912,24671358,65,362815
6913,24671385,65,362815
6914,24671538,65,362815
6915,24671583,65,362815
6916,24671835,65,362815
6917,24671853,65,362815
6918,24673158,65,362815
6919,24673185,65,362815
6920,24673518,65,362815
6921,24673581,65,362815
6922,24673815,65,362815
6923,24673851,65,362815
6924,24675138,65,362815
6925,24675183,65,362815
6926,24675318,65,362815
6927,24675381,65,362815
6928,24675813,65,362815
6929,24675831,65,362815
6930,24678135,65,362815
6931,24678153,65,362815
6932,24678315,65,362815
6933,24678351,65,362815
6934,24678513,65,362815
6935,24678531,65,362815
6936,24681357,65,362815
6937,24681375,65,362815
6938,24681537,65,362815
6939,24681573,65,362815
6940,24681735,65,362815
6941,24681753,65,362815
6942,24683157,65,362815
6943,24683175,65,362815
6944,24683517,65,362815
6945,24683571,65,362815
6946,24683715,65,362815
6947,24683751,65,362815
6948,24685137,65,362815
6949,24685173,65,362815
6950,24685317,65,362815
6951,24685371,65,362815
6952,24685713,65,362815
6953,24685731,65,362815
6954,24687135,65,362815
6955,24687153,65,362815
6956,24687315,65,362815
6957,24687351,65,362815
6958,24687513,65,362815
6959,24687531,65,362815
6960,24713568,65,362815
6961,24713586,65,362815
6962,24713658,65,362815
6963,24713685,65,362815
6964,24713856,65,362815
6965,24713865,65,362815
6966,24715368,65,362815
6967,24715386,65,362815
6968,24715638,65,362815
6969,24715683,65,362815
6970,24715836,65,362815
6971,24715863,65,362815
6972,24716358,65,362815
6973,24716385,65,362815
6974,24716538,65,362815
6975,24716583,65,362815
6976,24716835,65,362815
6977,24716853,65,362815
6978,24718356,65,362815
6979,24718365,65,362815
6980,24718536,65,362815
6981,24718563,65,362815
6982,24718635,65,362815
6983,24718653,65,362815
6984,24731568,65,362815
6985,24731586,65,362815
6986,24731658,65,362815
6987,24731685,65,362815
6988,24731856,65,362815
6989,24731865,65,362815
6990,24735168,65,362815
6991,24735186,65,362815
6992,24735618,65,362815
6993,24735681,65,362815
6994,24735816,65,362815
6995,24735861,65,362815
6996,24736158,65,362815
6997,24736185,65,362815
6998,24736518,65,362815
6999,24736581,65,362815
7000,24736815,65,362815
7001,24736851,65,362815
7002,24738156,65,362815
7003,24738165,65,362815
7004,24738516,65,362815
7005,24738561,65,362815
7006,24738615,65,362815
7007,24738651,65,362815
7008,24751368,65,362815
7009,24751386,65,362815
7010,24751638,65,362815
7011,24751683,65,362815
7012,24751836,65,362815
7013,24751863,65,362815
7014,24753168,65,362815
7015,24753186,65,362815
7016,24753618,65,362815
7017,24753681,65,362815
7018,24753816,65,362815
7019,24753861,65,362815
7020,24756138,65,362815
7021,24756183,65,362815
7022,24756318,65,362815
7023,24756381,65,362815
7024,24756813,65,362815
7025,24756831,65,362815
7026,24758136,65,362815
7027,24758163,65,362815
7028,24758316,65,362815
7029,24758361,65,362815
7030,24758613,65,362815
7031,24758631,65,362815
7032,24761358,65,362815
7033,24761385,65,362815
7034,24761538,65,362815
7035,24761583,65,362815
7036,24761835,65,362815
7037,24761853,65,362815
7038,24763158,65,362815
7039,24763185,65,362815
7040,24763518,65,362815
7041,24763581,65,362815
7042,24763815,65,362815
7043,24763851,65,362815
7044,24765138,65,362815
7045,24765183,65,362815
7046,24765318,65,362815
7047,24765381,65,362815
7048,24765813,65,362815
7049,24765831,65,362815
7050,24768135,65,362815
7051,24768153,65,362815
7052,24768315,65,362815
7053,24768351,65,362815
7054,24768513,65,362815
7055,24768531,65,362815
7056,24781356,65,362815
7057,24781365,65,362815
7058,24781536,65,362815
7059,24781563,65,362815
7060,24781635,65,362815
7061,24781653,65,362815
7062,24783156,65,362815
7063,24783165,65,362815
7064,24783516,65,362815
7065,24783561,65,362815
7066,24783615,65,362815
7067,24783651,65,362815
7068,24785136,65,362815
7069,24785163,65,362815
7070,24785316,65,362815
7071,24785361,65,362815
7072,24785613,65,362815
7073,24785631,65,362815
7074,24786135,65,362815
7075,24786153,65,362815
7076,24786315,65,362815
7077,24786351,65,362815
7078,24786513,65,362815
7079,24786531,65,362815
7080,24813567,65,362815
7081,24813576,65,362815
7082,24813657,65,362815
7083,24813675,65,362815
7084,24813756,65,362815
7085,24813765,65,362815
7086,24815367,65,362815
7087,24815376,65,362815
7088,24815637,65,362815
7089,24815673,65,362815
7090,24815736,65,362815
7091,24815763,65,362815
7092,24816357,65,362815
7093,24816375,65,362815
7094,24816537,65,362815
7095,24816573,65,362815
7096,24816735,65,362815
7097,24816753,65,362815
7098,24817356,65,362815
7099,24817365,65,362815
7100,24817536,65,362815
7101,24817563,65,362815
7102,24817635,65,362815
7103,24817653,65,362815
7104,24831567,65,362815
7105,24831576,65,362815
7106,24831657,65,362815
7107,24831675,65,362815
7108,24831756,65,362815
7109,24831765,65,362815
7110,24835167,65,362815
7111,24835176,65,362815
7112,24835617,65,362815
7113,24835671,65,362815
7114,24835716,65,362815
7115,24835761,65,362815
7116,24836157,65,362815
7117,24836175,65,362815
7118,24836517,65,362815
7119,24836571,65,362815
7120,24836715,65,362815
7121,24836751,65,362815
7122,24837156,65,362815
7123,24837165,65,362815
7124,24837516,65,362815
7125,24837561,65,362815
7126,24837615,65,362815
7127,24837651,65,362815
7128,24851367,65,362815
7129,24851376,65,362815
7130,24851637,65,362815
7131,24851673,65,362815
7132,24851736,65,362815
7133,24851763,65,362815
7134,24853167,65,362815
7135,24853176,65,362815
7136,24853617,65,362815
7137,24853671,65,362815
7138,24853716,65,362815
7139,24853761,65,362815
7140,24856137,65,362815
7141,24856173,65,362815
7142,24856317,65,362815
7143,24856371,65,362815
7144,24856713,65,362815
7145,24856731,65,362815
7146,24857136,65,362815
7147,24857163,65,362815
7148,24857316,65,362815
7149,24857361,65,362815
7150,24857613,65,362815
7151,24857631,65,362815
7152,24861357,65,362815
7153,24861375,65,362815
7154,24861537,65,362815
7155,24861573,65,362815
7156,24861735,65,362815
7157,24861753,65,362815
7158,24863157,65,362815
7159,24863175,65,362815
7160,24863517,65,362815
7161,24863571,65,362815
7162,24863715,65,362815
7163,24863751,65,362815
7164,24865137,65,362815
7165,24865173,65,362815
7166,24865317,65,362815
7167,24865371,65,362815
7168,24865713,65,362815
7169,24865731,65,362815
7170,24867135,65,362815
7171,24867153,65,362815
7172,24867315,65,362815
7173,24867351,65,362815
7174,24867513,65,362815
7175,24867531,65,362815
7176,24871356,65,362815
7177,24871365,65,362815
7178,24871536,65,362815
7179,24871563,65,362815
7180,24871635,65,362815
7181,24871653,65,362815
7182,24873156,65,362815
7183,24873165,65,362815
7184,24873516,65,362815
7185,24873561,65,362815
7186,24873615,65,362815
7187,24873651,65,362815
7188,24875136,65,362815
7189,24875163,65,362815
7190,24875316,65,362815
7191,24875361,65,362815
7192,24875613,65,362815
7193,24875631,65,362815
7194,24876135,65,362815
7195,24876153,65,362815
7196,24876315,65,362815
7197,24876351,65,362815
7198,24876513,65,362815
7199,24876531,65,362815
7200,25134678,65,362815
7201,25134687,65,362815
7202,25134768,65,362815
7203,25134786,65,362815
7204,25134867,65,362815
7205,25134876,65,362815
7206,25136478,65,362815
7207,25136487,65,362815
7208,25136748,65,362815
7209,25136784,65,362815
7210,25136847,65,362815
7211,25136874,65,362815
7212,25137468,65,362815
7213,25137486,65,362815
7214,25137648,65,362815
7215,25137684,65,362815
7216,25137846,65,362815
7217,25137864,65,362815
7218,25138467,65,362815
7219,25138476,65,362815
7220,25138647,65,362815
7221,25138674,65,362815
7222,25138746,65,362815
7223,25138764,65,362815
7224,25143678,65,362815
7225,25143687,65,362815
7226,25143768,65,362815
7227,25143786,65,362815
7228,25143867,65,362815
7229,25143876,65,362815
7230,25146378,65,362815
7231,25146387,65,362815
7232,25146738,65,362815
7233,25146783,65,362815
7234,25146837,65,362815
7235,25146873,65,362815
7236,25147368,65,362815
7237,25147386,65,362815
7238,25147638,65,362815
7239,25147683,65,362815
7240,25147836,65,362815
7241,25147863,65,362815
7242,25148367,65,362815
7243,25148376,65,362815
7244,25148637,65,362815
7245,25148673,65,362815
7246,25148736,65,362815
7247,25148763,65,362815
7248,25163478,65,362815
7249,25163487,65,362815
7250,25163748,65,362815
7251,25163784,65,362815
7252,25163847,65,362815
7253,25163874,65,362815
7254,25164378,65,362815
7255,25164387,65,362815
7256,25164738,65,362815
7257,25164783,65,362815
7258,25164837,65,362815
7259,25164873,65,362815
7260,25167348,65,362815
7261,25167384,65,362815
7262,25167438,65,362815
7263,25167483,65,362815
7264,25167834,65,362815
7265,25167843,65,362815
7266,25168347,65,362815
7267,25168374,65,362815
7268,25168437,65,362815
7269,25168473,65,362815
7270,25168734,65,362815
7271,25168743,65,362815
7272,25173468,65,362815
7273,25173486,65,362815
7274,25173648,65,362815
7275,25173684,65,362815
7276,25173846,65,362815
7277,25173864,65,362815
7278,25174368,65,362815
7279,25174386,65,362815
7280,25174638,65,362815
7281,25174683,65,362815
7282,25174836,65,362815
7283,25174863,65,362815
7284,25176348,65,362815
7285,25176384,65,362815
7286,25176438,65,362815
7287,25176483,65,362815
7288,25176834,65,362815
7289,25176843,65,362815
7290,25178346,65,362815
7291,25178364,65,362815
7292,25178436,65,362815
7293,25178463,65,362815
7294,25178634,65,362815
7295,25178643,65,362815
7296,25183467,65,362815
7297,25183476,65,362815
7298,25183647,65,362815
7299,25183674,65,362815
7300,25183746,65,362815
7301,25183764,65,362815
7302,25184367,65,362815
7303,25184376,65,362815
7304,25184637,65,362815
7305,25184673,65,362815
7306,25184736,65,362815
7307,25184763,65,362815
7308,25186347,65,362815
7309,25186374,65,362815
7310,25186437,65,362815
7311,25186473,65,362815
7312,25186734,65,362815
7313,25186743,65,362815
7314,25187346,65,362815
7315,25187364,65,362815
7316,25187436,65,362815
7317,25187463,65,362815
7318,25187634,65,362815
7319,25187643,65,362815
7320,25314678,65,362815
7321,25314687,65,362815
7322,25314768,65,362815
7323,25314786,65,362815
7324,25314867,65,362815
7325,25314876,65,362815
7326,25316478,65,362815
7327,25316487,65,362815
7328,25316748,65,362815
7329,25316784,65,362815
7330,25316847,65,362815
7331,25316874,65,362815
7332,25317468,65,362815
7333,25317486,65,362815
7334,25317648,65,362815
7335,25317684,65,362815
7336,25317846,65,362815
7337,25317864,65,362815
7338,25318467,65,362815
7339,25318476,65,362815
7340,25318647,65,362815
7341,25318674,65,362815
7342,25318746,65,362815
7343,25318764,65,362815
7344,25341678,65,362815
7345,25341687,65,362815
7346,25341768,65,362815
7347,25341786,65,362815
7348,25341867,65,362815
7349,25341876,65,362815
7350,25346178,65,362815
7351,25346187,65,362815
7352,25346718,65,362815
7353,25346781,65,362815
7354,25346817,65,362815
7355,25346871,65,362815
7356,25347168,65,362815
7357,25347186,65,362815
7358,25347618,65,362815
7359,25347681,65,362815
7360,25347816,65,362815
7361,25347861,65,362815
7362,25348167,65,362815
7363,25348176,65,362815
7364,25348617,65,362815
7365,25348671,65,362815
7366,25348716,65,362815
7367,25348761,65,362815
7368,25361478,65,362815
7369,25361487,65,362815
7370,25361748,65,362815
7371,25361784,65,362815
7372,25361847,65,362815
7373,25361874,65,362815
7374,25364178,65,362815
7375,25364187,65,362815
7376,25364718,65,362815
7377,25364781,65,362815
7378,25364817,65,362815
7379,25364871,65,362815
7380,25367148,65,362815
7381,25367184,65,362815
7382,25367418,65,362815
7383,25367481,65,362815
7384,25367814,65,362815
7385,25367841,65,362815
7386,25368147,65,362815
7387,25368174,65,362815
7388,25368417,65,362815
7389,25368471,65,362815
7390,25368714,65,362815
7391,25368741,65,362815
7392,25371468,65,362815
7393,25371486,65,362815
7394,25371648,65,362815
7395,25371684,65,362815
7396,25371846,65,362815
7397,25371864,65,362815
7398,25374168,65,362815
7399,25374186,65,362815
7400,25374618,65,362815
7401,25374681,65,362815
7402,25374816,65,362815
7403,25374861,65,362815
7404,25376148,65,362815
7405,25376184,65,362815
7406,25376418,65,362815
7407,25376481,65,362815
7408,25376814,65,362815
7409,25376841,65,362815
7410,25378146,65,362815
7411,25378164,65,362815
7412,25378416,65,362815
7413,25378461,65,362815
7414,25378614,65,362815
7415,25378641,65,362815
7416,25381467,65,362815
7417,25381476,65,362815
7418,25381647,65,362815
7419,25381674,65,362815
7420,25381746,65,362815
7421,25381764,65,362815
7422,25384167,65,362815
7423,25384176,65,362815
7424,25384617,65,362815
7425,25384671,65,362815
7426,25384716,65,362815
7427,25384761,65,362815
7428,25386147,65,362815
7429,25386174,65,362815
7430,25386417,65,362815
7431,25386471,65,362815
7432,25386714,65,362815
7433,25386741,65,362815
7434,25387146,65,362815
7435,25387164,65,362815
7436,25387416,65,362815
7437,25387461,65,362815
7438,25387614,65,362815
7439,25387641,65,362815
7440,25413678,65,362815
7441,25413687,65,362815
7442,25413768,65,362815
7443,25413786,65,362815
7444,25413867,65,362815
7445,25413876,65,362815
7446,25416378,65,362815
7447,25416387,65,362815
7448,25416738,65,362815
7449,25416783,65,362815
7450,25416837,65,362815
7451,25416873,65,362815
7452,25417368,65,362815
7453,25417386,65,362815
7454,25417638,65,362815
7455,25417683,65,362815
7456,25417836,65,362815
7457,25417863,65,362815
7458,25418367,65,362815
7459,25418376,65,362815
7460,25418637,65,362815
7461,25418673,65,362815
7462,25418736,65,362815
7463,25418763,65,362815
7464,25431678,65,362815
7465,25431687,65,362815
7466,25431768,65,362815
7467,25431786,65,362815
7468,25431867,65,362815
7469,25431876,65,362815
7470,25436178,65,362815
7471,25436187,65,362815
7472,25436718,65,362815
7473,25436781,65,362815
7474,25436817,65,362815
7475,25436871,65,362815
7476,25437168,65,362815
7477,25437186,65,362815
7478,25437618,65,362815
7479,25437681,65,362815
7480,25437816,65,362815
7481,25437861,65,362815
7482,25438167,65,362815
7483,25438176,65,362815
7484,25438617,65,362815
7485,25438671,65,362815
7486,25438716,65,362815
7487,25438761,65,362815
7488,25461378,65,362815
7489,25461387,65,362815
7490,25461738,65,362815
7491,25461783,65,362815
7492,25461837,65,362815
7493,25461873,65,362815
7494,25463178,65,362815
7495,25463187,65,362815
7496,25463718,65,362815
7497,25463781,65,362815
7498,25463817,65,362815
7499,25463871,65,362815
7500,25467138,65,362815
7501,25467183,65,362815
7502,25467318,65,362815
7503,25467381,65,362815
7504,25467813,65,362815
7505,25467831,65,362815
7506,25468137,65,362815
7507,25468173,65,362815
7508,25468317,65,362815
7509,25468371,65,362815
7510,25468713,65,362815
7511,25468731,65,362815
7512,25471368,65,362815
7513,25471386,65,362815
7514,25471638,65,362815
7515,25471683,65,362815
7516,25471836,65,362815
7517,25471863,65,362815
7518,25473168,65,362815
7519,25473186,65,362815
7520,25473618,65,362815
7521,25473681,65,362815
7522,25473816,65,362815
7523,25473861,65,362815
7524,25476138,65,362815
7525,25476183,65,362815
7526,25476318,65,362815
7527,25476381,65,362815
7528,25476813,65,362815
7529,25476831,65,362815
7530,25478136,65,362815
7531,25478163,65,362815
7532,25478316,65,362815
7533,25478361,65,362815
7534,25478613,65,362815
7535,25478631,65,362815
7536,25481367,65,362815
7537,25481376,65,362815
7538,25481637,65,362815
7539,25481673,65,362815
7540,25481736,65,362815
7541,25481763,65,362815
7542,25483167,65,362815
7543,25483176,65,362815
7544,25483617,65,362815
7545,25483671,65,362815
7546,25483716,65,362815
7547,25483761,65,362815
7548,25486137,65,362815
7549,25486173,65,362815
7550,25486317,65,362815
7551,25486371,65,362815
7552,25486713,65,362815
7553,25486731,65,362815
7554,25487136,65,362815
7555,25487163,65,362815
7556,25487316,65,362815
7557,25487361,65,362815
7558,25487613,65,362815
7559,25487631,65,362815
7560,25613478,65,362815
7561,25613487,65,362815
7562,25613748,65,362815
7563,25613784,65,362815
7564,25613847,65,362815
7565,25613874,65,362815
7566,25614378,65,362815
7567,25614387,65,362815
7568,25614738,65,362815
7569,25614783,65,362815
7570,25614837,65,362815
7571,25614873,65,362815
7572,25617348,65,362815
7573,25617384,65,362815
7574,25617438,65,362815
7575,25617483,65,362815
7576,25617834,65,362815
7577,25617843,65,362815
7578,25618347,65,362815
7579,25618374,65,362815
7580,25618437,65,362815
7581,25618473,65,362815
7582,25618734,65,362815
7583,25618743,65,362815
7584,25631478,65,362815
7585,25631487,65,362815
7586,25631748,65,362815
7587,25631784,65,362815
7588,25631847,65,362815
7589,25631874,65,362815
7590,25634178,65,362815
7591,25634187,65,362815
7592,25634718,65,362815
7593,25634781,65,362815
7594,25634817,65,362815
7595,25634871,65,362815
7596,25637148,65,362815
7597,25637184,65,362815
7598,25637418,65,362815
7599,25637481,65,362815
7600,25637814,65,362815
7601,25637841,65,362815
7602,25638147,65,362815
7603,25638174,65,362815
7604,25638417,65,362815
7605,25638471,65,362815
7606,25638714,65,362815
7607,25638741,65,362815
7608,25641378,65,362815
7609,25641387,65,362815
7610,25641738,65,362815
7611,25641783,65,362815
7612,25641837,65,362815
7613,25641873,65,362815
7614,25643178,65,362815
7615,25643187,65,362815
7616,25643718,65,362815
7617,25643781,65,362815
7618,25643817,65,362815
7619,25643871,65,362815
7620,25647138,65,362815
7621,25647183,65,362815
7622,25647318,65,362815
7623,25647381,65,362815
7624,25647813,65,362815
7625,25647831,65,362815
7626,25648137,65,362815
7627,25648173,65,362815
7628,25648317,65,362815
7629,25648371,65,362815
7630,25648713,65,362815
7631,25648731,65,362815
7632,25671348,65,362815
7633,25671384,65,362815
7634,25671438,65,362815
7635,25671483,65,362815
7636,25671834,65,362815
7637,25671843,65,362815
7638,25673148,65,362815
7639,25673184,65,362815
7640,25673418,65,362815
7641,25673481,65,362815
7642,25673814,65,362815
7643,25673841,65,362815
7644,25674138,65,362815
7645,25674183,65,362815
7646,25674318,65,362815
7647,25674381,65,362815
7648,25674813,65,362815
7649,25674831,65,362815
7650,25678134,65,362815
7651,25678143,65,362815
7652,25678314,65,362815
7653,25678341,65,362815
7654,25678413,65,362815
7655,25678431,65,362815
7656,25681347,65,362815
7657,25681374,65,362815
7658,25681437,65,362815
7659,25681473,65,362815
7660,25681734,65,362815
7661,25681743,65,362815
7662,25683147,65,362815
7663,25683174,65,362815
7664,25683417,65,362815
7665,25683471,65,362815
7666,25683714,65,362815
7667,25683741,65,362815
7668,25684137,65,362815
7669,25684173,65,362815
7670,25684317,65,362815
7671,25684371,65,362815
7672,25684713,65,362815
7673,25684731,65,362815
7674,25687134,65,362815
7675,25687143,65,362815
7676,25687314,65,362815
7677,25687341,65,362815
7678,25687413,65,362815
7679,25687431,65,362815
7680,25713468,65,362815
7681,25713486,65,362815
7682,25713648,65,362815
7683,25713684,65,362815
7684,25713846,65,362815
7685,25713864,65,362815
7686,25714368,65,362815
7687,25714386,65,362815
7688,25714638,65,362815
7689,25714683,65,362815
7690,25714836,65,362815
7691,25714863,65,362815
7692,25716348,65,362815
7693,25716384,65,362815
7694,25716438,65,362815
7695,25716483,65,362815
7696,25716834,65,362815
7697,25716843,65,362815
7698,25718346,65,362815
7699,25718364,65,362815
7700,25718436,65,362815
7701,25718463,65,362815
7702,25718634,65,362815
7703,25718643,65,362815
7704,25731468,65,362815
7705,25731486,65,362815
7706,25731648,65,362815
7707,25731684,65,362815
7708,25731846,65,362815
7709,25731864,65,362815
7710,25734168,65,362815
7711,25734186,65,362815
7712,25734618,65,362815
7713,25734681,65,362815
7714,25734816,65,362815
7715,25734861,65,362815
7716,25736148,65,362815
7717,25736184,65,362815
7718,25736418,65,362815
7719,25736481,65,362815
7720,25736814,65,362815
7721,25736841,65,362815
7722,25738146,65,362815
7723,25738164,65,362815
7724,25738416,65,362815
7725,25738461,65,362815
7726,25738614,65,362815
7727,25738641,65,362815
7728,25741368,65,362815
7729,25741386,65,362815
7730,25741638,65,362815
7731,25741683,65,362815
7732,25741836,65,362815
7733,25741863,65,362815
7734,25743168,65,362815
7735,25743186,65,362815
7736,25743618,65,362815
7737,25743681,65,362815
7738,25743816,65,362815
7739,25743861,65,362815
7740,25746138,65,362815
7741,25746183,65,362815
7742,25746318,65,362815
7743,25746381,65,362815
7744,25746813,65,362815
7745,25746831,65,362815
7746,25748136,65,362815
7747,25748163,65,362815
7748,25748316,65,362815
7749,25748361,65,362815
7750,25748613,65,362815
7751,25748631,65,362815
7752,25761348,65,362815
7753,25761384,65,362815
7754,25761438,65,362815
7755,25761483,65,362815
7756,25761834,65,362815
7757,25761843,65,362815
7758,25763148,65,362815
7759,25763184,65,362815
7760,25763418,65,362815
7761,25763481,65,362815
7762,25763814,65,362815
7763,25763841,65,362815
7764,25764138,65,362815
7765,25764183,65,362815
7766,25764318,65,362815
7767,25764381,65,362815
7768,25764813,65,362815
7769,25764831,65,362815
7770,25768134,65,362815
7771,25768143,65,362815
7772,25768314,65,362815
7773,25768341,65,362815
7774,25768413,65,362815
7775,25768431,65,362815
7776,25781346,65,362815
7777,25781364,65,362815
7778,25781436,65,362815
7779,25781463,65,362815
7780,25781634,65,362815
7781,25781643,65,362815
7782,25783146,65,362815
7783,25783164,65,362815
7784,25783416,65,362815
7785,25783461,65,362815
7786,25783614,65,362815
7787,25783641,65,362815
7788,25784136,65,362815
7789,25784163,65,362815
7790,25784316,65,362815
7791,25784361,65,362815
7792,25784613,65,362815
7793,25784631,65,362815
7794,25786134,65,362815
7795,25786143,65,362815
7796,25786314,65,362815
7797,25786341,65,362815
7798,25786413,65,362815
7799,25786431,65,362815
7800,25813467,65,362815
7801,25813476,65,362815
7802,25813647,65,362815
7803,25813674,65,362815
7804,25813746,65,362815
7805,25813764,65,362815
7806,25814367,65,362815
7807,25814376,65,362815
7808,25814637,65,362815
7809,25814673,65,362815
7810,25814736,65,362815
7811,25814763,65,362815
7812,25816347,65,362815
7813,25816374,65,362815
7814,25816437,65,362815
7815,25816473,65,362815
7816,25816734,65,362815
7817,25816743,65,362815
7818,25817346,65,362815
7819,25817364,65,362815
7820,25817436,65,362815
7821,25817463,65,362815
7822,25817634,65,362815
7823,25817643,65,362815
7824,25831467,65,362815
7825,25831476,65,362815
7826,25831647,65,362815
7827,25831674,65,362815
7828,25831746,65,362815
7829,25831764,65,362815
7830,25834167,65,362815
7831,25834176,65,362815
7832,25834617,65,362815
7833,25834671,65,362815
7834,25834716,65,362815
7835,25834761,65,362815
7836,25836147,65,362815
7837,25836174,65,362815
7838,25836417,65,362815
7839,25836471,65,362815
7840,25836714,65,362815
7841,25836741,65,362815
7842,25837146,65,362815
7843,25837164,65,362815
7844,25837416,65,362815
7845,25837461,65,362815
7846,25837614,65,362815
7847,25837641,65,362815
7848,25841367,65,362815
7849,25841376,65,362815
7850,25841637,65,362815
7851,25841673,65,362815
7852,25841736,65,362815
7853,25841763,65,362815
7854,25843167,65,362815
7855,25843176,65,362815
7856,25843617,65,362815
7857,25843671,65,362815
7858,25843716,65,362815
7859,25843761,65,362815
7860,25846137,65,362815
7861,25846173,65,362815
7862,25846317,65,362815
7863,25846371,65,362815
7864,25846713,65,362815
7865,25846731,65,362815
7866,25847136,65,362815
7867,25847163,65,362815
7868,25847316,65,362815
7869,25847361,65,362815
7870,25847613,65,362815
7871,25847631,65,362815
7872,25861347,65,362815
7873,25861374,65,362815
7874,25861437,65,362815
7875,25861473,65,362815
7876,25861734,65,362815
7877,25861743,65,362815
7878,25863147,65,362815
7879,25863174,65,362815
7880,25863417,65,362815
7881,25863471,65,362815
7882,25863714,65,362815
7883,25863741,65,362815
7884,25864137,65,362815
7885,25864173,65,362815
7886,25864317,65,362815
7887,25864371,65,362815
7888,25864713,65,362815
7889,25864731,65,362815
7890,25867134,65,362815
7891,25867143,65,362815
7892,25867314,65,362815
7893,25867341,65,362815
7894,25867413,65,362815
7895,25867431,65,362815
7896,25871346,65,362815
7897,25871364,65,362815
7898,25871436,65,362815
7899,25871463,65,362815
7900,25871634,65,362815
7901,25871643,65,362815
7902,25873146,65,362815
7903,25873164,65,362815
7904,25873416,65,362815
7905,25873461,65,362815
7906,25873614,65,362815
7907,25873641,65,362815
7908,25874136,65,362815
7909,25874163,65,362815
7910,25874316,65,362815
7911,25874361,65,362815
7912,25874613,65,362815
7913,25874631,65,362815
7914,25876134,65,362815
7915,25876143,65,362815
7916,25876314,65,362815
7917,25876341,65,362815
7918,25876413,65,362815
7919,25876431,65,362815
7920,26134578,65,362815
7921,26134587,65,362815
7922,26134758,65,362815
7923,26134785,65,362815
7924,26134857,65,362815
7925,26134875,65,362815
7926,26135478,65,362815
7927,26135487,65,362815
7928,26135748,65,362815
7929,26135784,65,362815
7930,26135847,65,362815
7931,26135874,65,362815
7932,26137458,65,362815
7933,26137485,65,362815
7934,26137548,65,362815
7935,26137584,65,362815
7936,26137845,65,362815
7937,26137854,65,362815
7938,26138457,65,362815
7939,26138475,65,362815
7940,26138547,65,362815
7941,26138574,65,362815
7942,26138745,65,362815
7943,26138754,65,362815
7944,26143578,65,362815
7945,26143587,65,362815
7946,26143758,65,362815
7947,26143785,65,362815
7948,26143857,65,362815
7949,26143875,65,362815
7950,26145378,65,362815
7951,26145387,65,362815
7952,26145738,65,362815
7953,26145783,65,362815
7954,26145837,65,362815
7955,26145873,65,362815
7956,26147358,65,362815
7957,26147385,65,362815
7958,26147538,65,362815
7959,26147583,65,362815
7960,26147835,65,362815
7961,26147853,65,362815
7962,26148357,65,362815
7963,26148375,65,362815
7964,26148537,65,362815
7965,26148573,65,362815
7966,26148735,65,362815
7967,26148753,65,362815
7968,26153478,65,362815
7969,26153487,65,362815
7970,26153748,65,362815
7971,26153784,65,362815
7972,26153847,65,362815
7973,26153874,65,362815
7974,26154378,65,362815
7975,26154387,65,362815
7976,26154738,65,362815
7977,26154783,65,362815
7978,26154837,65,362815
7979,26154873,65,362815
7980,26157348,65,362815
7981,26157384,65,362815
7982,26157438,65,362815
7983,26157483,65,362815
7984,26157834,65,362815
7985,26157843,65,362815
7986,26158347,65,362815
7987,26158374,65,362815
7988,26158437,65,362815
7989,26158473,65,362815
7990,26158734,65,362815
7991,26158743,65,362815
7992,26173458,65,362815
7993,26173485,65,362815
7994,26173548,65,362815
7995,26173584,65,362815
7996,26173845,65,362815
7997,26173854,65,362815
7998,26174358,65,362815
7999,26174385,65,362815
8000,26174538,65,362815
8001,26174583,65,362815
8002,26174835,65,362815
8003,26174853,65,362815
8004,26175348,65,362815
8005,26175384,65,362815
8006,26175438,65,362815
8007,26175483,65,362815
8008,26175834,65,362815
8009,26175843,65,362815
8010,26178345,65,362815
8011,26178354,65,362815
8012,26178435,65,362815
8013,26178453,65,362815
8014,26178534,65,362815
8015,26178543,65,362815
8016,26183457,65,362815
8017,26183475,65,362815
8018,26183547,65,362815
8019,26183574,65,362815
8020,26183745,65,362815
8021,26183754,65,362815
8022,26184357,65,362815
8023,26184375,65,362815
8024,26184537,65,362815
8025,26184573,65,362815
8026,26184735,65,362815
8027,26184753,65,362815
8028,26185347,65,362815
8029,26185374,65,362815
8030,26185437,65,362815
8031,26185473,65,362815
8032,26185734,65,362815
8033,26185743,65,362815
8034,26187345,65,362815
8035,26187354,65,362815
8036,26187435,65,362815
8037,26187453,65,362815
8038,26187534,65,362815
8039,26187543,65,362815
8040,26314578,65,362815
8041,26314587,65,362815
8042,26314758,65,362815
8043,26314785,65,362815
8044,26314857,65,362815
8045,26314875,65,362815
8046,26315478,65,362815
8047,26315487,65,362815
8048,26315748,65,362815
8049,26315784,65,362815
8050,26315847,65,362815
8051,26315874,65,362815
8052,26317458,65,362815
8053,26317485,65,362815
8054,26317548,65,362815
8055,26317584,65,362815
8056,26317845,65,362815
8057,26317854,65,362815
8058,26318457,65,362815
8059,26318475,65,362815
8060,26318547,65,362815
8061,26318574,65,362815
8062,26318745,65,362815
8063,26318754,65,362815
8064,26341578,65,362815
8065,26341587,65,362815
8066,26341758,65,362815
8067,26341785,65,362815
8068,26341857,65,362815
8069,26341875,65,362815
8070,26345178,65,362815
8071,26345187,65,362815
8072,26345718,65,362815
8073,26345781,65,362815
8074,26345817,65,362815
8075,26345871,65,362815
8076,26347158,65,362815
8077,26347185,65,362815
8078,26347518,65,362815
8079,26347581,65,362815
8080,26347815,65,362815
8081,26347851,65,362815
8082,26348157,65,362815
8083,26348175,65,362815
8084,26348517,65,362815
8085,26348571,65,362815
8086,26348715,65,362815
8087,26348751,65,362815
8088,26351478,65,362815
8089,26351487,65,362815
8090,26351748,65,362815
8091,26351784,65,362815
8092,26351847,65,362815
8093,26351874,65,362815
8094,26354178,65,362815
8095,26354187,65,362815
8096,26354718,65,362815
8097,26354781,65,362815
8098,26354817,65,362815
8099,26354871,65,362815
8100,26357148,65,362815
8101,26357184,65,362815
8102,26357418,65,362815
8103,26357481,65,362815
8104,26357814,65,362815
8105,26357841,65,362815
8106,26358147,65,362815
8107,26358174,65,362815
8108,26358417,65,362815
8109,26358471,65,362815
8110,26358714,65,362815
8111,26358741,65,362815
8112,26371458,65,362815
8113,26371485,65,362815
8114,26371548,65,362815
8115,26371584,65,362815
8116,26371845,65,362815
8117,26371854,65,362815
8118,26374158,65,362815
8119,26374185,65,362815
8120,26374518,65,362815
8121,26374581,65,362815
8122,26374815,65,362815
8123,26374851,65,362815
8124,26375148,65,362815
8125,26375184,65,362815
8126,26375418,65,362815
8127,26375481,65,362815
8128,26375814,65,362815
8129,26375841,65,362815
8130,26378145,65,362815
8131,26378154,65,362815
8132,26378415,65,362815
8133,26378451,65,362815
8134,26378514,65,362815
8135,26378541,65,362815
8136,26381457,65,362815
8137,26381475,65,362815
8138,26381547,65,362815
8139,26381574,65,362815
8140,26381745,65,362815
8141,26381754,65,362815
8142,26384157,65,362815
8143,26384175,65,362815
8144,26384517,65,362815
8145,26384571,65,362815
8146,26384715,65,362815
8147,26384751,65,362815
8148,26385147,65,362815
8149,26385174,65,362815
8150,26385417,65,362815
8151,26385471,65,362815
8152,26385714,65,362815
8153,26385741,65,362815
8154,26387145,65,362815
8155,26387154,65,362815
8156,26387415,65,362815
8157,26387451,65,362815
8158,26387514,65,362815
8159,26387541,65,362815
8160,26413578,65,362815
8161,26413587,65,362815
8162,26413758,65,362815
8163,26413785,65,362815
8164,26413857,65,362815
8165,26413875,65,362815
8166,26415378,65,362815
8167,26415387,65,362815
8168,26415738,65,362815
8169,26415783,65,362815
8170,26415837,65,362815
8171,26415873,65,362815
8172,26417358,65,362815
8173,26417385,65,362815
8174,26417538,65,362815
8175,26417583,65,362815
8176,26417835,65,362815
8177,26417853,65,362815
8178,26418357,65,362815
8179,26418375,65,362815
8180,26418537,65,362815
8181,26418573,65,362815
8182,26418735,65,362815
8183,26418753,65,362815
8184,26431578,65,362815
8185,26431587,65,362815
8186,26431758,65,362815
8187,26431785,65,362815
8188,26431857,65,362815
8189,26431875,65,362815
8190,26435178,65,362815
8191,26435187,65,362815
8192,26435718,65,362815
8193,26435781,65,362815
8194,26435817,65,362815
8195,26435871,65,362815
8196,26437158,65,362815
8197,26437185,65,362815
8198,26437518,65,362815
8199,26437581,65,362815
8200,26437815,65,362815
8201,26437851,65,362815
8202,26438157,65,362815
8203,26438175,65,362815
8204,26438517,65,362815
8205,26438571,65,362815
8206,26438715,65,362815
8207,26438751,65,362815
8208,26451378,65,362815
8209,26451387,65,362815
8210,26451738,65,362815
8211,26451783,65,362815
8212,26451837,65,362815
8213,26451873,65,362815
8214,26453178,65,362815
8215,26453187,65,362815
8216,26453718,65,362815
8217,26453781,65,362815
8218,26453817,65,362815
8219,26453871,65,362815
8220,26457138,65,362815
8221,26457183,65,362815
8222,26457318,65,362815
8223,26457381,65,362815
8224,26457813,65,362815
8225,26457831,65,362815
8226,26458137,65,362815
8227,26458173,65,362815
8228,26458317,65,362815
8229,26458371,65,362815
8230,26458713,65,362815
8231,26458731,65,362815
8232,26471358,65,362815
8233,26471385,65,362815
8234,26471538,65,362815
8235,26471583,65,362815
8236,26471835,65,362815
8237,26471853,65,362815
8238,26473158,65,362815
8239,26473185,65,362815
8240,26473518,65,362815
8241,26473581,65,362815
8242,26473815,65,362815
8243,26473851,65,362815
8244,26475138,65,362815
8245,26475183,65,362815
8246,26475318,65,362815
8247,26475381,65,362815
8248,26475813,65,362815
8249,26475831,65,362815
8250,26478135,65,362815
8251,26478153,65,362815
8252,26478315,65,362815
8253,26478351,65,362815
8254,26478513,65,362815
8255,26478531,65,362815
8256,26481357,65,362815
8257,26481375,65,362815
8258,26481537,65,362815
8259,26481573,65,362815
8260,26481735,65,362815
8261,26481753,65,362815
8262,26483157,65,362815
8263,26483175,65,362815
8264,26483517,65,362815
8265,26483571,65,362815
8266,26483715,65,362815
8267,26483751,65,362815
8268,26485137,65,362815
8269,26485173,65,362815
8270,26485317,65,362815
8271,26485371,65,362815
8272,26485713,65,362815
8273,26485731,65,362815
8274,26487135,65,362815
8275,26487153,65,362815
8276,26487315,65,362815
8277,26487351,65,362815
8278,26487513,65,362815
8279,26487531,65,362815
8280,26513478,65,362815
8281,26513487,65,362815
8282,26513748,65,362815
8283,26513784,65,362815
8284,26513847,65,362815
8285,26513874,65,362815
8286,26514378,65,362815
8287,26514387,65,362815
8288,26514738,65,362815
8289,26514783,65,362815
8290,26514837,65,362815
8291,26514873,65,362815
8292,26517348,65,362815
8293,26517384,65,362815
8294,26517438,65,362815
8295,26517483,65,362815
8296,26517834,65,362815
8297,26517843,65,362815
8298,26518347,65,362815
8299,26518374,65,362815
8300,26518437,65,362815
8301,26518473,65,362815
8302,26518734,65,362815
8303,26518743,65,362815
8304,26531478,65,362815
8305,26531487,65,362815
8306,26531748,65,362815
8307,26531784,65,362815
8308,26531847,65,362815
8309,26531874,65,362815
8310,26534178,65,362815
8311,26534187,65,362815
8312,26534718,65,362815
8313,26534781,65,362815
8314,26534817,65,362815
8315,26534871,65,362815
8316,26537148,65,362815
8317,26537184,65,362815
8318,26537418,65,362815
8319,26537481,65,362815
8320,26537814,65,362815
8321,26537841,65,362815
8322,26538147,65,362815
8323,26538174,65,362815
8324,26538417,65,362815
8325,26538471,65,362815
8326,26538714,65,362815
8327,26538741,65,362815
8328,26541378,65,362815
8329,26541387,65,362815
8330,26541738,65,362815
8331,26541783,65,362815
8332,26541837,65,362815
8333,26541873,65,362815
8334,26543178,65,362815
8335,26543187,65,362815
8336,26543718,65,362815
8337,26543781,65,362815
8338,26543817,65,362815
8339,26543871,65,362815
8340,26547138,65,362815
8341,26547183,65,362815
8342,26547318,65,362815
8343,26547381,65,362815
8344,26547813,65,362815
8345,26547831,65,362815
8346,26548137,65,362815
8347,26548173,65,362815
8348,26548317,65,362815
8349,26548371,65,362815
8350,26548713,65,362815
8351,26548731,65,362815
8352,26571348,65,362815
8353,26571384,65,362815
8354,26571438,65,362815
8355,26571483,65,362815
8356,26571834,65,362815
8357,26571843,65,362815
8358,26573148,65,362815
8359,26573184,65,362815
8360,26573418,65,362815
8361,26573481,65,362815
8362,26573814,65,362815
8363,26573841,65,362815
8364,26574138,65,362815
8365,26574183,65,362815
8366,26574318,65,362815
8367,26574381,65,362815
8368,26574813,65,362815
8369,26574831,65,362815
8370,26578134,65,362815
8371,26578143,65,362815
8372,26578314,65,362815
8373,26578341,65,362815
8374,26578413,65,362815
8375,26578431,65,362815
8376,26581347,65,362815
8377,26581374,65,362815
8378,26581437,65,362815
8379,26581473,65,362815
8380,26581734,65,362815
8381,26581743,65,362815
8382,26583147,65,362815
8383,26583174,65,362815
8384,26583417,65,362815
8385,26583471,65,362815
8386,26583714,65,362815
8387,26583741,65,362815
8388,26584137,65,362815
8389,26584173,65,362815
8390,26584317,65,362815
8391,26584371,65,362815
8392,26584713,65,362815
8393,26584731,65,362815
8394,26587134,65,362815
8395,26587143,65,362815
8396,26587314,65,362815
8397,26587341,65,362815
8398,26587413,65,362815
8399,26587431,65,362815
8400,26713458,65,362815
8401,26713485,65,362815
8402,26713548,65,362815
8403,26713584,65,362815
8404,26713845,65,362815
8405,26713854,65,362815
8406,26714358,65,362815
8407,26714385,65,362815
8408,26714538,65,362815
8409,26714583,65,362815
8410,26714835,65,362815
8411,26714853,65,362815
8412,26715348,65,362815
8413,26715384,65,362815
8414,26715438,65,362815
8415,26715483,65,362815
8416,26715834,65,362815
8417,26715843,65,362815
8418,26718345,65,362815
8419,26718354,65,362815
8420,26718435,65,362815
8421,26718453,65,362815
8422,26718534,65,362815
8423,26718543,65,362815
8424,26731458,65,362815
8425,26731485,65,362815
8426,26731548,65,362815
8427,26731584,65,362815
8428,26731845,65,362815
8429,26731854,65,362815
8430,26734158,65,362815
8431,26734185,65,362815
8432,26734518,65,362815
8433,26734581,65,362815
8434,26734815,65,362815
8435,26734851,65,362815
8436,26735148,65,362815
8437,26735184,65,362815
8438,26735418,65,362815
8439,26735481,65,362815
8440,26735814,65,362815
8441,26735841,65,362815
8442,26738145,65,362815
8443,26738154,65,362815
8444,26738415,65,362815
8445,26738451,65,362815
8446,26738514,65,362815
8447,26738541,65,362815
8448,26741358,65,362815
8449,26741385,65,362815
8450,26741538,65,362815
8451,26741583,65,362815
8452,26741835,65,362815
8453,26741853,65,362815
8454,26743158,65,362815
8455,26743185,65,362815
8456,26743518,65,362815
8457,26743581,65,362815
8458,26743815,65,362815
8459,26743851,65,362815
8460,26745138,65,362815
8461,26745183,65,362815
8462,26745318,65,362815
8463,26745381,65,362815
8464,26745813,65,362815
8465,26745831,65,362815
8466,26748135,65,362815
8467,26748153,65,362815
8468,26748315,65,362815
8469,26748351,65,362815
8470,26748513,65,362815
8471,26748531,65,362815
8472,26751348,65,362815
8473,26751384,65,362815
8474,26751438,65,362815
8475,26751483,65,362815
8476,26751834,65,362815
8477,26751843,65,362815
8478,26753148,65,362815
8479,26753184,65,362815
8480,26753418,65,362815
8481,26753481,65,362815
8482,26753814,65,362815
8483,26753841,65,362815
8484,26754138,65,362815
8485,26754183,65,362815
8486,26754318,65,362815
8487,26754381,65,362815
8488,26754813,65,362815
8489,26754831,65,362815
8490,26758134,65,362815
8491,26758143,65,362815
8492,26758314,65,362815
8493,26758341,65,362815
8494,26758413,65,362815
8495,26758431,65,362815
8496,26781345,65,362815
8497,26781354,65,362815
8498,26781435,65,362815
8499,26781453,65,362815
8500,26781534,65,362815
8501,26781543,65,362815
8502,26783145,65,362815
8503,26783154,65,362815
8504,26783415,65,362815
8505,26783451,65,362815
8506,26783514,65,362815
8507,26783541,65,362815
8508,26784135,65,362815
8509,26784153,65,362815
8510,26784315,65,362815
8511,26784351,65,362815
8512,26784513,65,362815
8513,26784531,65,362815
8514,26785134,65,362815
8515,26785143,65,362815
8516,26785314,65,362815
8517,26785341,65,362815
8518,26785413,65,362815
8519,26785431,65,362815
8520,26813457,65,362815
8521,26813475,65,362815
8522,26813547,65,362815
8523,26813574,65,362815
8524,26813745,65,362815
8525,26813754,65,362815
8526,26814357,65,362815
8527,26814375,65,362815
8528,26814537,65,362815
8529,26814573,65,362815
8530,26814735,65,362815
8531,26814753,65,362815
8532,26815347,65,362815
8533,26815374,65,362815
8534,26815437,65,362815
8535,26815473,65,362815
8536,26815734,65,362815
8537,26815743,65,362815
8538,26817345,65,362815
8539,26817354,65,362815
8540,26817435,65,362815
8541,26817453,65,362815
8542,26817534,65,362815
8543,26817543,65,362815
8544,26831457,65,362815
8545,26831475,65,362815
8546,26831547,65,362815
8547,26831574,65,362815
8548,26831745,65,362815
8549,26831754,65,362815
8550,26834157,65,362815
8551,26834175,65,362815
8552,26834517,65,362815
8553,26834571,65,362815
8554,26834715,65,362815
8555,26834751,65,362815
8556,26835147,65,362815
8557,26835174,65,362815
8558,26835417,65,362815
8559,26835471,65,362815
8560,26835714,65,362815
8561,26835741,65,362815
8562,26837145,65,362815
8563,26837154,65,362815
8564,26837415,65,362815
8565,26837451,65,362815
8566,26837514,65,362815
8567,26837541,65,362815
8568,26841357,65,362815
8569,26841375,65,362815
8570,26841537,65,362815
8571,26841573,65,362815
8572,26841735,65,362815
8573,26841753,65,362815
8574,26843157,65,362815
8575,26843175,65,362815
8576,26843517,65,362815
8577,26843571,65,362815
8578,26843715,65,362815
8579,26843751,65,362815
8580,26845137,65,362815
8581,26845173,65,362815
8582,26845317,65,362815
8583,26845371,65,362815
8584,26845713,65,362815
8585,26845731,65,362815
8586,26847135,65,362815
8587,26847153,65,362815
8588,26847315,65,362815
8589,26847351,65,362815
8590,26847513,65,362815
8591,26847531,65,362815
8592,26851347,65,362815
8593,26851374,65,362815
8594,26851437,65,362815
8595,26851473,65,362815
8596,26851734,65,362815
8597,26851743,65,362815
8598,26853147,65,362815
8599,26853174,65,362815
8600,26853417,65,362815
8601,26853471,65,362815
8602,26853714,65,362815
8603,26853741,65,362815
8604,26854137,65,362815
8605,26854173,65,362815
8606,26854317,65,362815
8607,26854371,65,362815
8608,26854713,65,362815
8609,26854731,65,362815
8610,26857134,65,362815
8611,26857143,65,362815
8612,26857314,65,362815
8613,26857341,65,362815
8614,26857413,65,362815
8615,26857431,65,362815
8616,26871345,65,362815
8617,26871354,65,362815
8618,26871435,65,362815
8619,26871453,65,362815
8620,26871534,65,362815
8621,26871543,65,362815
8622,26873145,65,362815
8623,26873154,65,362815
8624,26873415,65,362815
8625,26873451,65,362815
8626,26873514,65,362815
8627,26873541,65,362815
8628,26874135,65,362815
8629,26874153,65,362815
8630,26874315,65,362815
8631,26874351,65,362815
8632,26874513,65,362815
8633,26874531,65,362815
8634,26875134,65,362815
8635,26875143,65,362815
8636,26875314,65,362815
8637,26875341,65,362815
8638,26875413,65,362815
8639,26875431,65,362815
8640,27134568,65,362815
8641,27134586,65,362815
8642,27134658,65,362815
8643,27134685,65,362815
8644,27134856,65,362815
8645,27134865,65,362815
8646,27135468,65,362815
8647,27135486,65,362815
8648,27135648,65,362815
8649,27135684,65,362815
8650,27135846,65,362815
8651,27135864,65,362815
8652,27136458,65,362815
8653,27136485,65,362815
8654,27136548,65,362815
8655,27136584,65,362815
8656,27136845,65,362815
8657,27136854,65,362815
8658,27138456,65,362815
8659,27138465,65,362815
8660,27138546,65,362815
8661,27138564,65,362815
8662,27138645,65,362815
8663,27138654,65,362815
8664,27143568,65,362815
8665,27143586,65,362815
8666,27143658,65,362815
8667,27143685,65,362815
8668,27143856,65,362815
8669,27143865,65,362815
8670,27145368,65,362815
8671,27145386,65,362815
8672,27145638,65,362815
8673,27145683,65,362815
8674,27145836,65,362815
8675,27145863,65,362815
8676,27146358,65,362815
8677,27146385,65,362815
8678,27146538,65,362815
8679,27146583,65,362815
8680,27146835,65,362815
8681,27146853,65,362815
8682,27148356,65,362815
8683,27148365,65,362815
8684,27148536,65,362815
8685,27148563,65,362815
8686,27148635,65,362815
8687,27148653,65,362815
8688,27153468,65,362815
8689,27153486,65,362815
8690,27153648,65,362815
8691,27153684,65,362815
8692,27153846,65,362815
8693,27153864,65,362815
8694,27154368,65,362815
8695,27154386,65,362815
8696,27154638,65,362815
8697,27154683,65,362815
8698,27154836,65,362815
8699,27154863,65,362815
8700,27156348,65,362815
8701,27156384,65,362815
8702,27156438,65,362815
8703,27156483,65,362815
8704,27156834,65,362815
8705,27156843,65,362815
8706,27158346,65,362815
8707,27158364,65,362815
8708,27158436,65,362815
8709,27158463,65,362815
8710,27158634,65,362815
8711,27158643,65,362815
8712,27163458,65,362815
8713,27163485,65,362815
8714,27163548,65,362815
8715,27163584,65,362815
8716,27163845,65,362815
8717,27163854,65,362815
8718,27164358,65,362815
8719,27164385,65,362815
8720,27164538,65,362815
8721,27164583,65,362815
8722,27164835,65,362815
8723,27164853,65,362815
8724,27165348,65,362815
8725,27165384,65,362815
8726,27165438,65,362815
8727,27165483,65,362815
8728,27165834,65,362815
8729,27165843,65,362815
8730,27168345,65,362815
8731,27168354,65,362815
8732,27168435,65,362815
8733,27168453,65,362815
8734,27168534,65,362815
8735,27168543,65,362815
8736,27183456,65,362815
8737,27183465,65,362815
8738,27183546,65,362815
8739,27183564,65,362815
8740,27183645,65,362815
8741,27183654,65,362815
8742,27184356,65,362815
8743,27184365,65,362815
8744,27184536,65,362815
8745,27184563,65,362815
8746,27184635,65,362815
8747,27184653,65,362815
8748,27185346,65,362815
8749,27185364,65,362815
8750,27185436,65,362815
8751,27185463,65,362815
8752,27185634,65,362815
8753,27185643,65,362815
8754,27186345,65,362815
8755,27186354,65,362815
8756,27186435,65,362815
8757,27186453,65,362815
8758,27186534,65,362815
8759,27186543,65,362815
8760,27314568,65,362815
8761,27314586,65,362815
8762,27314658,65,362815
8763,27314685,65,362815
8764,27314856,65,362815
8765,27314865,65,362815
8766,27315468,65,362815
8767,27315486,65,362815
8768,27315648,65,362815
8769,27315684,65,362815
8770,27315846,65,362815
8771,27315864,65,362815
8772,27316458,65,362815
8773,27316485,65,362815
8774,27316548,65,362815
8775,27316584,65,362815
8776,27316845,65,362815
8777,27316854,65,362815
8778,27318456,65,362815
8779,27318465,65,362815
8780,27318546,65,362815
8781,27318564,65,362815
8782,27318645,65,362815
8783,27318654,65,362815
8784,27341568,65,362815
8785,27341586,65,362815
8786,27341658,65,362815
8787,27341685,65,362815
8788,27341856,65,362815
8789,27341865,65,362815
8790,27345168,65,362815
8791,27345186,65,362815
8792,27345618,65,362815
8793,27345681,65,362815
8794,27345816,65,362815
8795,27345861,65,362815
8796,27346158,65,362815
8797,27346185,65,362815
8798,27346518,65,362815
8799,27346581,65,362815
8800,27346815,65,362815
8801,27346851,65,362815
8802,27348156,65,362815
8803,27348165,65,362815
8804,27348516,65,362815
8805,27348561,65,362815
8806,27348615,65,362815
8807,27348651,65,362815
8808,27351468,65,362815
8809,27351486,65,362815
8810,27351648,65,362815
8811,27351684,65,362815
8812,27351846,65,362815
8813,27351864,65,362815
8814,27354168,65,362815
8815,27354186,65,362815
8816,27354618,65,362815
8817,27354681,65,362815
8818,27354816,65,362815
8819,27354861,65,362815
8820,27356148,65,362815
8821,27356184,65,362815
8822,27356418,65,362815
8823,27356481,65,362815
8824,27356814,65,362815
8825,27356841,65,362815
8826,27358146,65,362815
8827,27358164,65,362815
8828,27358416,65,362815
8829,27358461,65,362815
8830,27358614,65,362815
8831,27358641,65,362815
8832,27361458,65,362815
8833,27361485,65,362815
8834,27361548,65,362815
8835,27361584,65,362815
8836,27361845,65,362815
8837,27361854,65,362815
8838,27364158,65,362815
8839,27364185,65,362815
8840,27364518,65,362815
8841,27364581,65,362815
8842,27364815,65,362815
8843,27364851,65,362815
8844,27365148,65,362815
8845,27365184,65,362815
8846,27365418,65,362815
8847,27365481,65,362815
8848,27365814,65,362815
8849,27365841,65,362815
8850,27368145,65,362815
8851,27368154,65,362815
8852,27368415,65,362815
8853,27368451,65,362815
8854,27368514,65,362815
8855,27368541,65,362815
8856,27381456,65,362815
8857,27381465,65,362815
8858,27381546,65,362815
8859,27381564,65,362815
8860,27381645,65,362815
8861,27381654,65,362815
8862,27384156,65,362815
8863,27384165,65,362815
8864,27384516,65,362815
8865,27384561,65,362815
8866,27384615,65,362815
8867,27384651,65,362815
8868,27385146,65,362815
8869,27385164,65,362815
8870,27385416,65,362815
8871,27385461,65,362815
8872,27385614,65,362815
8873,27385641,65,362815
8874,27386145,65,362815
8875,27386154,65,362815
8876,27386415,65,362815
8877,27386451,65,362815
8878,27386514,65,362815
8879,27386541,65,362815
8880,27413568,65,362815
8881,27413586,65,362815
8882,27413658,65,362815
8883,27413685,65,362815
8884,27413856,65,362815
8885,27413865,65,362815
8886,27415368,65,362815
8887,27415386,65,362815
8888,27415638,65,362815
8889,27415683,65,362815
8890,27415836,65,362815
8891,27415863,65,362815
8892,27416358,65,362815
8893,27416385,65,362815
8894,27416538,65,362815
8895,27416583,65,362815
8896,27416835,65,362815
8897,27416853,65,362815
8898,27418356,65,362815
8899,27418365,65,362815
8900,27418536,65,362815
8901,27418563,65,362815
8902,27418635,65,362815
8903,27418653,65,362815
8904,27431568,65,362815
8905,27431586,65,362815
8906,27431658,65,362815
8907,27431685,65,362815
8908,27431856,65,362815
8909,27431865,65,362815
8910,27435168,65,362815
8911,27435186,65,362815
8912,27435618,65,362815
8913,27435681,65,362815
8914,27435816,65,362815
8915,27435861,65,362815
8916,27436158,65,362815
8917,27436185,65,362815
8918,27436518,65,362815
8919,27436581,65,362815
8920,27436815,65,362815
8921,27436851,65,362815
8922,27438156,65,362815
8923,27438165,65,362815
8924,27438516,65,362815
8925,27438561,65,362815
8926,27438615,65,362815
8927,27438651,65,362815
8928,27451368,65,362815
8929,27451386,65,362815
8930,27451638,65,362815
8931,27451683,65,362815
8932,27451836,65,362815
8933,27451863,65,362815
8934,27453168,65,362815
8935,27453186,65,362815
8936,27453618,65,362815
8937,27453681,65,362815
8938,27453816,65,362815
8939,27453861,65,362815
8940,27456138,65,362815
8941,27456183,65,362815
8942,27456318,65,362815
8943,27456381,65,362815
8944,27456813,65,362815
8945,27456831,65,362815
8946,27458136,65,362815
8947,27458163,65,362815
8948,27458316,65,362815
8949,27458361,65,362815
8950,27458613,65,362815
8951,27458631,65,362815
8952,27461358,65,362815
8953,27461385,65,362815
8954,27461538,65,362815
8955,27461583,65,362815
8956,27461835,65,362815
8957,27461853,65,362815
8958,27463158,65,362815
8959,27463185,65,362815
8960,27463518,65,362815
8961,27463581,65,362815
8962,27463815,65,362815
8963,27463851,65,362815
8964,27465138,65,362815
8965,27465183,65,362815
8966,27465318,65,362815
8967,27465381,65,362815
8968,27465813,65,362815
8969,27465831,65,362815
8970,27468135,65,362815
8971,27468153,65,362815
8972,27468315,65,362815
8973,27468351,65,362815
8974,27468513,65,362815
8975,27468531,65,362815
8976,27481356,65,362815
8977,27481365,65,362815
8978,27481536,65,362815
8979,27481563,65,362815
8980,27481635,65,362815
8981,27481653,65,362815
8982,27483156,65,362815
8983,27483165,65,362815
8984,27483516,65,362815
8985,27483561,65,362815
8986,27483615,65,362815
8987,27483651,65,362815
8988,27485136,65,362815
8989,27485163,65,362815
8990,27485316,65,362815
8991,27485361,65,362815
8992,27485613,65,362815
8993,27485631,65,362815
8994,27486135,65,362815
8995,27486153,65,362815
8996,27486315,65,362815
8997,27486351,65,362815
8998,27486513,65,362815
8999,27486531,65,362815
9000,27513468,65,362815
9001,27513486,65,362815
9002,27513648,65,362815
9003,27513684,65,362815
9004,27513846,65,362815
9005,27513864,65,362815
9006,27514368,65,362815
9007,27514386,65,362815
9008,27514638,65,362815
9009,27514683,65,362815
9010,27514836,65,362815
9011,27514863,65,362815
9012,27516348,65,362815
9013,27516384,65,362815
9014,27516438,65,362815
9015,27516483,65,362815
9016,27516834,65,362815
9017,27516843,65,362815
9018,27518346,65,362815
9019,27518364,65,362815
9020,27518436,65,362815
9021,27518463,65,362815
9022,27518634,65,362815
9023,27518643,65,362815
9024,27531468,65,362815
9025,27531486,65,362815
9026,27531648,65,362815
9027,27531684,65,362815
9028,27531846,65,362815
9029,27531864,65,362815
9030,27534168,65,362815
9031,27534186,65,362815
9032,27534618,65,362815
9033,27534681,65,362815
9034,27534816,65,362815
9035,27534861,65,362815
9036,27536148,65,362815
9037,27536184,65,362815
9038,27536418,65,362815
9039,27536481,65,362815
9040,27536814,65,362815
9041,27536841,65,362815
9042,27538146,65,362815
9043,27538164,65,362815
9044,27538416,65,362815
9045,27538461,65,362815
9046,27538614,65,362815
9047,27538641,65,362815
9048,27541368,65,362815
9049,27541386,65,362815
9050,27541638,65,362815
9051,27541683,65,362815
9052,27541836,65,362815
9053,27541863,65,362815
9054,27543168,65,362815
9055,27543186,65,362815
9056,27543618,65,362815
9057,27543681,65,362815
9058,27543816,65,362815
9059,27543861,65,362815
9060,27546138,65,362815
9061,27546183,65,362815
9062,27546318,65,362815
9063,27546381,65,362815
9064,27546813,65,362815
9065,27546831,65,362815
9066,27548136,65,362815
9067,27548163,65,362815
9068,27548316,65,362815
9069,27548361,65,362815
9070,27548613,65,362815
9071,27548631,65,362815
9072,27561348,65,362815
9073,27561384,65,362815
9074,27561438,65,362815
9075,27561483,65,362815
9076,27561834,65,362815
9077,27561843,65,362815
9078,27563148,65,362815
9079,27563184,65,362815
9080,27563418,65,362815
9081,27563481,65,362815
9082,27563814,65,362815
9083,27563841,65,362815
9084,27564138,65,362815
9085,27564183,65,362815
9086,27564318,65,362815
9087,27564381,65,362815
9088,27564813,65,362815
9089,27564831,65,362815
9090,27568134,65,362815
9091,27568143,65,362815
9092,27568314,65,362815
9093,27568341,65,362815
9094,27568413,65,362815
9095,27568431,65,362815
9096,27581346,65,362815
9097,27581364,65,362815
9098,27581436,65,362815
9099,27581463,65,362815
9100,27581634,65,362815
9101,27581643,65,362815
9102,27583146,65,362815
9103,27583164,65,362815
9104,27583416,65,362815
9105,27583461,65,362815
9106,27583614,65,362815
9107,27583641,65,362815
9108,27584136,65,362815
9109,27584163,65,362815
9110,27584316,65,362815
9111,27584361,65,362815
9112,27584613,65,362815
9113,27584631,65,362815
9114,27586134,65,362815
9115,27586143,65,362815
9116,27586314,65,362815
9117,27586341,65,362815
9118,27586413,65,362815
9119,27586431,65,362815
9120,27613458,65,362815
9121,27613485,65,362815
9122,27613548,65,362815
9123,27613584,65,362815
9124,27613845,65,362815
9125,27613854,65,362815
9126,27614358,65,362815
9127,27614385,65,362815
9128,27614538,65,362815
9129,27614583,65,362815
9130,27614835,65,362815
9131,27614853,65,362815
9132,27615348,65,362815
9133,27615384,65,362815
9134,27615438,65,362815
9135,27615483,65,362815
9136,27615834,65,362815
9137,27615843,65,362815
9138,27618345,65,362815
9139,27618354,65,362815
9140,27618435,65,362815
9141,27618453,65,362815
9142,27618534,65,362815
9143,27618543,65,362815
9144,27631458,65,362815
9145,27631485,65,362815
9146,27631548,65,362815
9147,27631584,65,362815
9148,27631845,65,362815
9149,27631854,65,362815
9150,27634158,65,362815
9151,27634185,65,362815
9152,27634518,65,362815
9153,27634581,65,362815
9154,27634815,65,362815
9155,27634851,65,362815
9156,27635148,65,362815
9157,27635184,65,362815
9158,27635418,65,362815
9159,27635481,65,362815
9160,27635814,65,362815
9161,27635841,65,362815
9162,27638145,65,362815
9163,27638154,65,362815
9164,27638415,65,362815
9165,27638451,65,362815
9166,27638514,65,362815
9167,27638541,65,362815
9168,27641358,65,362815
9169,27641385,65,362815
9170,27641538,65,362815
9171,27641583,65,362815
9172,27641835,65,362815
9173,27641853,65,362815
9174,27643158,65,362815
9175,27643185,65,362815
9176,27643518,65,362815
9177,27643581,65,362815
9178,27643815,65,362815
9179,27643851,65,362815
9180,27645138,65,362815
9181,27645183,65,362815
9182,27645318,65,362815
9183,27645381,65,362815
9184,27645813,65,362815
9185,27645831,65,362815
9186,27648135,65,362815
9187,27648153,65,362815
9188,27648315,65,362815
9189,27648351,65,362815
9190,27648513,65,362815
9191,27648531,65,362815
9192,27651348,65,362815
9193,27651384,65,362815
9194,27651438,65,362815
9195,27651483,65,362815
9196,27651834,65,362815
9197,27651843,65,362815
9198,27653148,65,362815
9199,27653184,65,362815
9200,27653418,65,362815
9201,27653481,65,362815
9202,27653814,65,362815
9203,27653841,65,362815
9204,27654138,65,362815
9205,27654183,65,362815
9206,27654318,65,362815
9207,27654381,65,362815
9208,27654813,65,362815
9209,27654831,65,362815
9210,27658134,65,362815
9211,27658143,65,362815
9212,27658314,65,362815
9213,27658341,65,362815
9214,27658413,65,362815
9215,27658431,65,362815
9216,27681345,65,362815
9217,27681354,65,362815
9218,27681435,65,362815
9219,27681453,65,362815
9220,27681534,65,362815
9221,27681543,65,362815
9222,27683145,65,362815
9223,27683154,65,362815
9224,27683415,65,362815
9225,27683451,65,362815
9226,27683514,65,362815
9227,27683541,65,362815
9228,27684135,65,362815
9229,27684153,65,362815
9230,27684315,65,362815
9231,27684351,65,362815
9232,27684513,65,362815
9233,27684531,65,362815
9234,27685134,65,362815
9235,27685143,65,362815
9236,27685314,65,362815
9237,27685341,65,362815
9238,27685413,65,362815
9239,27685431,65,362815
9240,27813456,65,362815
9241,27813465,65,362815
9242,27813546,65,362815
9243,27813564,65,362815
9244,27813645,65,362815
9245,27813654,65,362815
9246,27814356,65,362815
9247,27814365,65,362815
9248,27814536,65,362815
9249,27814563,65,362815
9250,27814635,65,362815
9251,27814653,65,362815
9252,27815346,65,362815
9253,27815364,65,362815
9254,27815436,65,362815
9255,27815463,65,362815
9256,27815634,65,362815
9257,27815643,65,362815
9258,27816345,65,362815
9259,27816354,65,362815
9260,27816435,65,362815
9261,27816453,65,362815
9262,27816534,65,362815
9263,27816543,65,362815
9264,27831456,65,362815
9265,27831465,65,362815
9266,27831546,65,362815
9267,27831564,65,362815
9268,27831645,65,362815
9269,27831654,65,362815
9270,27834156,65,362815
9271,27834165,65,362815
9272,27834516,65,362815
9273,27834561,65,362815
9274,27834615,65,362815
9275,27834651,65,362815
9276,27835146,65,362815
9277,27835164,65,362815
9278,27835416,65,362815
9279,27835461,65,362815
9280,27835614,65,362815
9281,27835641,65,362815
9282,27836145,65,362815
9283,27836154,65,362815
9284,27836415,65,362815
9285,27836451,65,362815
9286,27836514,65,362815
9287,27836541,65,362815
9288,27841356,65,362815
9289,27841365,65,362815
9290,27841536,65,362815
9291,27841563,65,362815
9292,27841635,65,362815
9293,27841653,65,362815
9294,27843156,65,362815
9295,27843165,65,362815
9296,27843516,65,362815
9297,27843561,65,362815
9298,27843615,65,362815
9299,27843651,65,362815
9300,27845136,65,362815
9301,27845163,65,362815
9302,27845316,65,362815
9303,27845361,65,362815
9304,27845613,65,362815
9305,27845631,65,362815
9306,27846135,65,362815
9307,27846153,65,362815
9308,27846315,65,362815
9309,27846351,65,362815
9310,27846513,65,362815
9311,27846531,65,362815
9312,27851346,65,362815
9313,27851364,65,362815
9314,27851436,65,362815
9315,27851463,65,362815
9316,27851634,65,362815
9317,27851643,65,362815
9318,27853146,65,362815
9319,27853164,65,362815
9320,27853416,65,362815
9321,27853461,65,362815
9322,27853614,65,362815
9323,27853641,65,362815
9324,27854136,65,362815
9325,27854163,65,362815
9326,27854316,65,362815
9327,27854361,65,362815
9328,27854613,65,362815
9329,27854631,65,362815
9330,27856134,65,362815
9331,27856143,65,362815
9332,27856314,65,362815
9333,27856341,65,362815
9334,27856413,65,362815
9335,27856431,65,362815
9336,27861345,65,362815
9337,27861354,65,362815
9338,27861435,65,362815
9339,27861453,65,362815
9340,27861534,65,362815
9341,27861543,65,362815
9342,27863145,65,362815
9343,27863154,65,362815
9344,27863415,65,362815
9345,27863451,65,362815
9346,27863514,65,362815
9347,27863541,65,362815
9348,27864135,65,362815
9349,27864153,65,362815
9350,27864315,65,362815
9351,27864351,65,362815
9352,27864513,65,362815
9353,27864531,65,362815
9354,27865134,65,362815
9355,27865143,65,362815
9356,27865314,65,362815
9357,27865341,65,362815
9358,27865413,65,362815
9359,27865431,65,362815
9360,28134567,65,362815
9361,28134576,65,362815
9362,28134657,65,362815
9363,28134675,65,362815
9364,28134756,65,362815
9365,28134765,65,362815
9366,28135467,65,362815
9367,28135476,65,362815
9368,28135647,65,362815
9369,28135674,65,362815
9370,28135746,65,362815
9371,28135764,65,362815
9372,28136457,65,362815
9373,28136475,65,362815
9374,28136547,65,362815
9375,28136574,65,362815
9376,28136745,65,362815
9377,28136754,65,362815
9378,28137456,65,362815
9379,28137465,65,362815
9380,28137546,65,362815
9381,28137564,65,362815
9382,28137645,65,362815
9383,28137654,65,362815
9384,28143567,65,362815
9385,28143576,65,362815
9386,28143657,65,362815
9387,28143675,65,362815
9388,28143756,65,362815
9389,28143765,65,362815
9390,28145367,65,362815
9391,28145376,65,362815
9392,28145637,65,362815
9393,28145673,65,362815
9394,28145736,65,362815
9395,28145763,65,362815
9396,28146357,65,362815
9397,28146375,65,362815
9398,28146537,65,362815
9399,28146573,65,362815
9400,28146735,65,362815
9401,28146753,65,362815
9402,28147356,65,362815
9403,28147365,65,362815
9404,28147536,65,362815
9405,28147563,65,362815
9406,28147635,65,362815
9407,28147653,65,362815
9408,28153467,65,362815
9409,28153476,65,362815
9410,28153647,65,362815
9411,28153674,65,362815
9412,28153746,65,362815
9413,28153764,65,362815
9414,28154367,65,362815
9415,28154376,65,362815
9416,28154637,65,362815
9417,28154673,65,362815
9418,28154736,65,362815
9419,28154763,65,362815
9420,28156347,65,362815
9421,28156374,65,362815
9422,28156437,65,362815
9423,28156473,65,362815
9424,28156734,65,362815
9425,28156743,65,362815
9426,28157346,65,362815
9427,28157364,65,362815
9428,28157436,65,362815
9429,28157463,65,362815
9430,28157634,65,362815
9431,28157643,65,362815
9432,28163457,65,362815
9433,28163475,65,362815
9434,28163547,65,362815
9435,28163574,65,362815
9436,28163745,65,362815
9437,28163754,65,362815
9438,28164357,65,362815
9439,28164375,65,362815
9440,28164537,65,362815
9441,28164573,65,362815
9442,28164735,65,362815
9443,28164753,65,362815
9444,28165347,65,362815
9445,28165374,65,362815
9446,28165437,65,362815
9447,28165473,65,362815
9448,28165734,65,362815
9449,28165743,65,362815
9450,28167345,65,362815
9451,28167354,65,362815
9452,28167435,65,362815
9453,28167453,65,362815
9454,28167534,65,362815
9455,28167543,65,362815
9456,28173456,65,362815
9457,28173465,65,362815
9458,28173546,65,362815
9459,28173564,65,362815
9460,28173645,65,362815
9461,28173654,65,362815
9462,28174356,65,362815
9463,28174365,65,362815
9464,28174536,65,362815
9465,28174563,65,362815
9466,28174635,65,362815
9467,28174653,65,362815
9468,28175346,65,362815
9469,28175364,65,362815
9470,28175436,65,362815
9471,28175463,65,362815
9472,28175634,65,362815
9473,28175643,65,362815
9474,28176345,65,362815
9475,28176354,65,362815
9476,28176435,65,362815
9477,28176453,65,362815
9478,28176534,65,362815
9479,28176543,65,362815
9480,28314567,65,362815
9481,28314576,65,362815
9482,28314657,65,362815
9483,28314675,65,362815
9484,28314756,65,362815
9485,28314765,65,362815
9486,28315467,65,362815
9487,28315476,65,362815
9488,28315647,65,362815
9489,28315674,65,362815
9490,28315746,65,362815
9491,28315764,65,362815
9492,28316457,65,362815
9493,28316475,65,362815
9494,28316547,65,362815
9495,28316574,65,362815
9496,28316745,65,362815
9497,28316754,65,362815
9498,28317456,65,362815
9499,28317465,65,362815
9500,28317546,65,362815
9501,28317564,65,362815
9502,28317645,65,362815
9503,28317654,65,362815
9504,28341567,65,362815
9505,28341576,65,362815
9506,28341657,65,362815
9507,28341675,65,362815
9508,28341756,65,362815
9509,28341765,65,362815
9510,28345167,65,362815
9511,28345176,65,362815
9512,28345617,65,362815
9513,28345671,65,362815
9514,28345716,65,362815
9515,28345761,65,362815
9516,28346157,65,362815
9517,28346175,65,362815
9518,28346517,65,362815
9519,28346571,65,362815
9520,28346715,65,362815
9521,28346751,65,362815
9522,28347156,65,362815
9523,28347165,65,362815
9524,28347516,65,362815
9525,28347561,65,362815
9526,28347615,65,362815
9527,28347651,65,362815
9528,28351467,65,362815
9529,28351476,65,362815
9530,28351647,65,362815
9531,28351674,65,362815
9532,28351746,65,362815
9533,28351764,65,362815
9534,28354167,65,362815
9535,28354176,65,362815
9536,28354617,65,362815
9537,28354671,65,362815
9538,28354716,65,362815
9539,28354761,65,362815
9540,28356147,65,362815
9541,28356174,65,362815
9542,28356417,65,362815
9543,28356471,65,362815
9544,28356714,65,362815
9545,28356741,65,362815
9546,28357146,65,362815
9547,28357164,65,362815
9548,28357416,65,362815
9549,28357461,65,362815
9550,28357614,65,362815
9551,28357641,65,362815
9552,28361457,65,362815
9553,28361475,65,362815
9554,28361547,65,362815
9555,28361574,65,362815
9556,28361745,65,362815
9557,28361754,65,362815
9558,28364157,65,362815
9559,28364175,65,362815
9560,28364517,65,362815
9561,28364571,65,362815
9562,28364715,65,362815
9563,28364751,65,362815
9564,28365147,65,362815
9565,28365174,65,362815
9566,28365417,65,362815
9567,28365471,65,362815
9568,28365714,65,362815
9569,28365741,65,362815
9570,28367145,65,362815
9571,28367154,65,362815
9572,28367415,65,362815
9573,28367451,65,362815
9574,28367514,65,362815
9575,28367541,65,362815
9576,28371456,65,362815
9577,28371465,65,362815
9578,28371546,65,362815
9579,28371564,65,362815
9580,28371645,65,362815
9581,28371654,65,362815
9582,28374156,65,362815
9583,28374165,65,362815
9584,28374516,65,362815
9585,28374561,65,362815
9586,28374615,65,362815
9587,28374651,65,362815
9588,28375146,65,362815
9589,28375164,65,362815
9590,28375416,65,362815
9591,28375461,65,362815
9592,28375614,65,362815
9593,28375641,65,362815
9594,28376145,65,362815
9595,28376154,65,362815
9596,28376415,65,362815
9597,28376451,65,362815
9598,28376514,65,362815
9599,28376541,65,362815
9600,28413567,65,362815
9601,28413576,65,362815
9602,28413657,65,362815
9603,28413675,65,362815
9604,28413756,65,362815
9605,28413765,65,362815
9606,28415367,65,362815
9607,28415376,65,362815
9608,28415637,65,362815
9609,28415673,65,362815
9610,28415736,65,362815
9611,28415763,65,362815
9612,28416357,65,362815
9613,28416375,65,362815
9614,28416537,65,362815
9615,28416573,65,362815
9616,28416735,65,362815
9617,28416753,65,362815
9618,28417356,65,362815
9619,28417365,65,362815
9620,28417536,65,362815
9621,28417563,65,362815
9622,28417635,65,362815
9623,28417653,65,362815
9624,28431567,65,362815
9625,28431576,65,362815
9626,28431657,65,362815
9627,28431675,65,362815
9628,28431756,65,362815
9629,28431765,65,362815
9630,28435167,65,362815
9631,28435176,65,362815
9632,28435617,65,362815
9633,28435671,65,362815
9634,28435716,65,362815
9635,28435761,65,362815
9636,28436157,65,362815
9637,28436175,65,362815
9638,28436517,65,362815
9639,28436571,65,362815
9640,28436715,65,362815
9641,28436751,65,362815
9642,28437156,65,362815
9643,28437165,65,362815
9644,28437516,65,362815
9645,28437561,65,362815
9646,28437615,65,362815
9647,28437651,65,362815
9648,28451367,65,362815
9649,28451376,65,362815
9650,28451637,65,362815
9651,28451673,65,362815
9652,28451736,65,362815
9653,28451763,65,362815
9654,28453167,65,362815
9655,28453176,65,362815
9656,28453617,65,362815
9657,28453671,65,362815
9658,28453716,65,362815
9659,28453761,65,362815
9660,28456137,65,362815
9661,28456173,65,362815
9662,28456317,65,362815
9663,28456371,65,362815
9664,28456713,65,362815
9665,28456731,65,362815
9666,28457136,65,362815
9667,28457163,65,362815
9668,28457316,65,362815
9669,28457361,65,362815
9670,28457613,65,362815
9671,28457631,65,362815
9672,28461357,65,362815
9673,28461375,65,362815
9674,28461537,65,362815
9675,28461573,65,362815
9676,28461735,65,362815
9677,28461753,65,362815
9678,28463157,65,362815
9679,28463175,65,362815
9680,28463517,65,362815
9681,28463571,65,362815
9682,28463715,65,362815
9683,28463751,65,362815
9684,28465137,65,362815
9685,28465173,65,362815
9686,28465317,65,362815
9687,28465371,65,362815
9688,28465713,65,362815
9689,28465731,65,362815
9690,28467135,65,362815
9691,28467153,65,362815
9692,28467315,65,362815
9693,28467351,65,362815
9694,28467513,65,362815
9695,28467531,65,362815
9696,28471356,65,362815
9697,28471365,65,362815
9698,28471536,65,362815
9699,28471563,65,362815
9700,28471635,65,362815
9701,28471653,65,362815
9702,28473156,65,362815
9703,28473165,65,362815
9704,28473516,65,362815
9705,28473561,65,362815
9706,28473615,65,362815
9707,28473651,65,362815
9708,28475136,65,362815
9709,28475163,65,362815
9710,28475316,65,362815
9711,28475361,65,362815
9712,28475613,65,362815
9713,28475631,65,362815
9714,28476135,65,362815
9715,28476153,65,362815
9716,28476315,65,362815
9717,28476351,65,362815
9718,28476513,65,362815
9719,28476531,65,362815
9720,28513467,65,362815
9721,28513476,65,362815
9722,28513647,65,362815
9723,28513674,65,362815
9724,28513746,65,362815
9725,28513764,65,362815
9726,28514367,65,362815
9727,28514376,65,362815
9728,28514637,65,362815
9729,28514673,65,362815
9730,28514736,65,362815
9731,28514763,65,362815
9732,28516347,65,362815
9733,28516374,65,362815
9734,28516437,65,362815
9735,28516473,65,362815
9736,28516734,65,362815
9737,28516743,65,362815
9738,28517346,65,362815
9739,28517364,65,362815
9740,28517436,65,362815
9741,28517463,65,362815
9742,28517634,65,362815
9743,28517643,65,362815
9744,28531467,65,362815
9745,28531476,65,362815
9746,28531647,65,362815
9747,28531674,65,362815
9748,28531746,65,362815
9749,28531764,65,362815
9750,28534167,65,362815
9751,28534176,65,362815
9752,28534617,65,362815
9753,28534671,65,362815
9754,28534716,65,362815
9755,28534761,65,362815
9756,28536147,65,362815
9757,28536174,65,362815
9758,28536417,65,362815
9759,28536471,65,362815
9760,28536714,65,362815
9761,28536741,65,362815
9762,28537146,65,362815
9763,28537164,65,362815
9764,28537416,65,362815
9765,28537461,65,362815
9766,28537614,65,362815
9767,28537641,65,362815
9768,28541367,65,362815
9769,28541376,65,362815
9770,28541637,65,362815
9771,28541673,65,362815
9772,28541736,65,362815
9773,28541763,65,362815
9774,28543167,65,362815
9775,28543176,65,362815
9776,28543617,65,362815
9777,28543671,65,362815
9778,28543716,65,362815
9779,28543761,65,362815
9780,28546137,65,362815
9781,28546173,65,362815
9782,28546317,65,362815
9783,28546371,65,362815
9784,28546713,65,362815
9785,28546731,65,362815
9786,28547136,65,362815
9787,28547163,65,362815
9788,28547316,65,362815
9789,28547361,65,362815
9790,28547613,65,362815
9791,28547631,65,362815
9792,28561347,65,362815
9793,28561374,65,362815
9794,28561437,65,362815
9795,28561473,65,362815
9796,28561734,65,362815
9797,28561743,65,362815
9798,28563147,65,362815
9799,28563174,65,362815
9800,28563417,65,362815
9801,28563471,65,362815
9802,28563714,65,362815
9803,28563741,65,362815
9804,28564137,65,362815
9805,28564173,65,362815
9806,28564317,65,362815
9807,28564371,65,362815
9808,28564713,65,362815
9809,28564731,65,362815
9810,28567134,65,362815
9811,28567143,65,362815
9812,28567314,65,362815
9813,28567341,65,362815
9814,28567413,65,362815
9815,28567431,65,362815
9816,28571346,65,362815
9817,28571364,65,362815
9818,28571436,65,362815
9819,28571463,65,362815
9820,28571634,65,362815
9821,28571643,65,362815
9822,28573146,65,362815
9823,28573164,65,362815
9824,28573416,65,362815
9825,28573461,65,362815
9826,28573614,65,362815
9827,28573641,65,362815
9828,28574136,65,362815
9829,28574163,65,362815
9830,28574316,65,362815
9831,28574361,65,362815
9832,28574613,65,362815
9833,28574631,65,362815
9834,28576134,65,362815
9835,28576143,65,362815
9836,28576314,65,362815
9837,28576341,65,362815
9838,28576413,65,362815
9839,28576431,65,362815
9840,28613457,65,362815
9841,28613475,65,362815
9842,28613547,65,362815
9843,28613574,65,362815
9844,28613745,65,362815
9845,28613754,65,362815
9846,28614357,65,362815
9847,28614375,65,362815
9848,28614537,65,362815
9849,28614573,65,362815
9850,28614735,65,362815
9851,28614753,65,362815
9852,28615347,65,362815
9853,28615374,65,362815
9854,28615437,65,362815
9855,28615473,65,362815
9856,28615734,65,362815
9857,28615743,65,362815
9858,28617345,65,362815
9859,28617354,65,362815
9860,28617435,65,362815
9861,28617453,65,362815
9862,28617534,65,362815
9863,28617543,65,362815
9864,28631457,65,362815
9865,28631475,65,362815
9866,28631547,65,362815
9867,28631574,65,362815
9868,28631745,65,362815
9869,28631754,65,362815
9870,28634157,65,362815
9871,28634175,65,362815
9872,28634517,65,362815
9873,28634571,65,362815
9874,28634715,65,362815
9875,28634751,65,362815
9876,28635147,65,362815
9877,28635174,65,362815
9878,28635417,65,362815
9879,28635471,65,362815
9880,28635714,65,362815
9881,28635741,65,362815
9882,28637145,65,362815
9883,28637154,65,362815
9884,28637415,65,362815
9885,28637451,65,362815
9886,28637514,65,362815
9887,28637541,65,362815
9888,28641357,65,362815
9889,28641375,65,362815
9890,28641537,65,362815
9891,28641573,65,362815
9892,28641735,65,362815
9893,28641753,65,362815
9894,28643157,65,362815
9895,28643175,65,362815
9896,28643517,65,362815
9897,28643571,65,362815
9898,28643715,65,362815
9899,28643751,65,362815
9900,28645137,65,362815
9901,28645173,65,362815
9902,28645317,65,362815
9903,28645371,65,362815
9904,28645713,65,362815
9905,28645731,65,362815
9906,28647135,65,362815
9907,28647153,65,362815
9908,28647315,65,362815
9909,28647351,65,362815
9910,28647513,65,362815
9911,28647531,65,362815
9912,28651347,65,362815
9913,28651374,65,362815
9914,28651437,65,362815
9915,28651473,65,362815
9916,28651734,65,362815
9917,28651743,65,362815
9918,28653147,65,362815
9919,28653174,65,362815
9920,28653417,65,362815
9921,28653471,65,362815
9922,28653714,65,362815
9923,28653741,65,362815
9924,28654137,65,362815
9925,28654173,65,362815
9926,28654317,65,362815
9927,28654371,65,362815
9928,28654713,65,362815
9929,28654731,65,362815
9930,28657134,65,362815
9931,28657143,65,362815
9932,28657314,65,362815
9933,28657341,65,362815
9934,28657413,65,362815
9935,28657431,65,362815
9936,28671345,65,362815
9937,28671354,65,362815
9938,28671435,65,362815
9939,28671453,65,362815
9940,28671534,65,362815
9941,28671543,65,362815
9942,28673145,65,362815
9943,28673154,65,362815
9944,28673415,65,362815
9945,28673451,65,362815
9946,28673514,65,362815
9947,28673541,65,362815
9948,28674135,65,362815
9949,28674153,65,362815
9950,28674315,65,362815
9951,28674351,65,362815
9952,28674513,65,362815
9953,28674531,65,362815
9954,28675134,65,362815
9955,28675143,65,362815
9956,28675314,65,362815
9957,28675341,65,362815
9958,28675413,65,362815
9959,28675431,65,362815
9960,28713456,65,362815
9961,28713465,65,362815
9962,28713546,65,362815
9963,28713564,65,362815
9964,28713645,65,362815
9965,28713654,65,362815
9966,28714356,65,362815
9967,28714365,65,362815
9968,28714536,65,362815
9969,28714563,65,362815
9970,28714635,65,362815
9971,28714653,65,362815
9972,28715346,65,362815
9973,28715364,65,362815
9974,28715436,65,362815
9975,28715463,65,362815
9976,28715634,65,362815
9977,28715643,65,362815
9978,28716345,65,362815
9979,28716354,65,362815
9980,28716435,65,362815
9981,28716453,65,362815
9982,28716534,65,362815
9983,28716543,65,362815
9984,28731456,65,362815
9985,28731465,65,362815
9986,28731546,65,362815
9987,28731564,65,362815
9988,28731645,65,362815
9989,28731654,65,362815
9990,28734156,65,362815
9991,28734165,65,362815
9992,28734516,65,362815
9993,28734561,65,362815
9994,28734615,65,362815
9995,28734651,65,362815
9996,28735146,65,362815
9997,28735164,65,362815
9998,28735416,65,362815
9999,28735461,65,362815
10000,28735614,65,362815
10001,28735641,65,362815
10002,28736145,65,362815
10003,28736154,65,362815
10004,28736415,65,362815
10005,28736451,65,362815
10006,28736514,65,362815
10007,28736541,65,362815
10008,28741356,65,362815
10009,28741365,65,362815
10010,28741536,65,362815
10011,28741563,65,362815
10012,28741635,65,362815
10013,28741653,65,362815
10014,28743156,65,362815
10015,28743165,65,362815
10016,28743516,65,362815
10017,28743561,65,362815
10018,28743615,65,362815
10019,28743651,65,362815
10020,28745136,65,362815
10021,28745163,65,362815
10022,28745316,65,362815
10023,28745361,65,362815
10024,28745613,65,362815
10025,28745631,65,362815
10026,28746135,65,362815
10027,28746153,65,362815
10028,28746315,65,362815
10029,28746351,65,362815
10030,28746513,65,362815
10031,28746531,65,362815
10032,28751346,65,362815
10033,28751364,65,362815
10034,28751436,65,362815
10035,28751463,65,362815
10036,28751634,65,362815
10037,28751643,65,362815
10038,28753146,65,362815
10039,28753164,65,362815
10040,28753416,65,362815
10041,28753461,65,362815
10042,28753614,65,362815
10043,28753641,65,362815
10044,28754136,65,362815
10045,28754163,65,362815
10046,28754316,65,362815
10047,28754361,65,362815
10048,28754613,65,362815
10049,28754631,65,362815
10050,28756134,65,362815
10051,28756143,65,362815
10052,28756314,65,362815
10053,28756341,65,362815
10054,28756413,65,362815
10055,28756431,65,362815
10056,28761345,65,362815
10057,28761354,65,362815
10058,28761435,65,362815
10059,28761453,65,362815
10060,28761534,65,362815
10061,28761543,65,362815
10062,28763145,65,362815
10063,28763154,65,362815
10064,28763415,65,362815
10065,28763451,65,362815
10066,28763514,65,362815
10067,28763541,65,362815
10068,28764135,65,362815
10069,28764153,65,362815
10070,28764315,65,362815
10071,28764351,65,362815
10072,28764513,65,362815
10073,28764531,65,362815
10074,28765134,65,362815
10075,28765143,65,362815
10076,28765314,65,362815
10077,28765341,65,362815
10078,28765413,65,362815
10079,28765431,65,362815
10080,31245678,65,362815
10081,31245687,65,362815
10082,31245768,65,362815
10083,31245786,65,362815
10084,31245867,65,362815
10085,31245876,65,362815
10086,31246578,65,362815
10087,31246587,65,362815
10088,31246758,65,362815
10089,31246785,65,362815
10090,31246857,65,362815
10091,31246875,65,362815
10092,31247568,65,362815
10093,31247586,65,362815
10094,31247658,65,362815
10095,31247685,65,362815
10096,31247856,65,362815
10097,31247865,65,362815
10098,31248567,65,362815
10099,31248576,65,362815
10100,31248657,65,362815
10101,31248675,65,362815
10102,31248756,65,362815
10103,31248765,65,362815
10104,31254678,65,362815
10105,31254687,65,362815
10106,31254768,65,362815
10107,31254786,65,362815
10108,31254867,65,362815
10109,31254876,65,362815
10110,31256478,65,362815
10111,31256487,65,362815
10112,31256748,65,362815
10113,31256784,65,362815
10114,31256847,65,362815
10115,31256874,65,362815
10116,31257468,65,362815
10117,31257486,65,362815
10118,31257648,65,362815
10119,31257684,65,362815
10120,31257846,65,362815
10121,31257864,65,362815
10122,31258467,65,362815
10123,31258476,65,362815
10124,31258647,65,362815
10125,31258674,65,362815
10126,31258746,65,362815
10127,31258764,65,362815
10128,31264578,65,362815
10129,31264587,65,362815
10130,31264758,65,362815
10131,31264785,65,362815
10132,31264857,65,362815
10133,31264875,65,362815
10134,31265478,65,362815
10135,31265487,65,362815
10136,31265748,65,362815
10137,31265784,65,362815
10138,31265847,65,362815
10139,31265874,65,362815
10140,31267458,65,362815
10141,31267485,65,362815
10142,31267548,65,362815
10143,31267584,65,362815
10144,31267845,65,362815
10145,31267854,65,362815
10146,31268457,65,362815
10147,31268475,65,362815
10148,31268547,65,362815
10149,31268574,65,362815
10150,31268745,65,362815
10151,31268754,65,362815
10152,31274568,65,362815
10153,31274586,65,362815
10154,31274658,65,362815
10155,31274685,65,362815
10156,31274856,65,362815
10157,31274865,65,362815
10158,31275468,65,362815
10159,31275486,65,362815
10160,31275648,65,362815
10161,31275684,65,362815
10162,31275846,65,362815
10163,31275864,65,362815
10164,31276458,65,362815
10165,31276485,65,362815
10166,31276548,65,362815
10167,31276584,65,362815
10168,31276845,65,362815
10169,31276854,65,362815
10170,31278456,65,362815
10171,31278465,65,362815
10172,31278546,65,362815
10173,31278564,65,362815
10174,31278645,65,362815
10175,31278654,65,362815
10176,31284567,65,362815
10177,31284576,65,362815
10178,31284657,65,362815
10179,31284675,65,362815
10180,31284756,65,362815
10181,31284765,65,362815
10182,31285467,65,362815
10183,31285476,65,362815
10184,31285647,65,362815
10185,31285674,65,362815
10186,31285746,65,362815
10187,31285764,65,362815
10188,31286457,65,362815
10189,31286475,65,362815
10190,31286547,65,362815
10191,31286574,65,362815
10192,31286745,65,362815
10193,31286754,65,362815
10194,31287456,65,362815
10195,31287465,65,362815
10196,31287546,65,362815
10197,31287564,65,362815
10198,31287645,65,362815
10199,31287654,65,362815
10200,31425678,65,362815
10201,31425687,65,362815
10202,31425768,65,362815
10203,31425786,65,362815
10204,31425867,65,362815
10205,31425876,65,362815
10206,31426578,65,362815
10207,31426587,65,362815
10208,31426758,65,362815
10209,31426785,65,362815
10210,31426857,65,362815
10211,31426875,65,362815
10212,31427568,65,362815
10213,31427586,65,362815
10214,31427658,65,362815
10215,31427685,65,362815
10216,31427856,65,362815
10217,31427865,65,362815
10218,31428567,65,362815
10219,31428576,65,362815
10220,31428657,65,362815
10221,31428675,65,362815
10222,31428756,65,362815
10223,31428765,65,362815
10224,31452678,65,362815
10225,31452687,65,362815
10226,31452768,65,362815
10227,31452786,65,362815
10228,31452867,65,362815
10229,31452876,65,362815
10230,31456278,65,362815
10231,31456287,65,362815
10232,31456728,65,362815
10233,31456782,65,362815
10234,31456827,65,362815
10235,31456872,65,362815
10236,31457268,65,362815
10237,31457286,65,362815
10238,31457628,65,362815
10239,31457682,65,362815
10240,31457826,65,362815
10241,31457862,65,362815
10242,31458267,65,362815
10243,31458276,65,362815
10244,31458627,65,362815
10245,31458672,65,362815
10246,31458726,65,362815
10247,31458762,65,362815
10248,31462578,65,362815
10249,31462587,65,362815
10250,31462758,65,362815
10251,31462785,65,362815
10252,31462857,65,362815
10253,31462875,65,362815
10254,31465278,65,362815
10255,31465287,65,362815
10256,31465728,65,362815
10257,31465782,65,362815
10258,31465827,65,362815
10259,31465872,65,362815
10260,31467258,65,362815
10261,31467285,65,362815
10262,31467528,65,362815
10263,31467582,65,362815
10264,31467825,65,362815
10265,31467852,65,362815
10266,31468257,65,362815
10267,31468275,65,362815
10268,31468527,65,362815
10269,31468572,65,362815
10270,31468725,65,362815
10271,31468752,65,362815
10272,31472568,65,362815
10273,31472586,65,362815
10274,31472658,65,362815
10275,31472685,65,362815
10276,31472856,65,362815
10277,31472865,65,362815
10278,31475268,65,362815
10279,31475286,65,362815
10280,31475628,65,362815
10281,31475682,65,362815
10282,31475826,65,362815
10283,31475862,65,362815
10284,31476258,65,362815
10285,31476285,65,362815
10286,31476528,65,362815
10287,31476582,65,362815
10288,31476825,65,362815
10289,31476852,65,362815
10290,31478256,65,362815
10291,31478265,65,362815
10292,31478526,65,362815
10293,31478562,65,362815
10294,31478625,65,362815
10295,31478652,65,362815
10296,31482567,65,362815
10297,31482576,65,362815
10298,31482657,65,362815
10299,31482675,65,362815
10300,31482756,65,362815
10301,31482765,65,362815
10302,31485267,65,362815
10303,31485276,65,362815
10304,31485627,65,362815
10305,31485672,65,362815
10306,31485726,65,362815
10307,31485762,65,362815
10308,31486257,65,362815
10309,31486275,65,362815
10310,31486527,65,362815
10311,31486572,65,362815
10312,31486725,65,362815
10313,31486752,65,362815
10314,31487256,65,362815
10315,31487265,65,362815
10316,31487526,65,362815
10317,31487562,65,362815
10318,31487625,65,362815
10319,31487652,65,362815
10320,31524678,65,362815
10321,31524687,65,362815
10322,31524768,65,362815
10323,31524786,65,362815
10324,31524867,65,362815
10325,31524876,65,362815
10326,31526478,65,362815
10327,31526487,65,362815
10328,31526748,65,362815
10329,31526784,65,362815
10330,31526847,65,362815
10331,31526874,65,362815
10332,31527468,65,362815
10333,31527486,65,362815
10334,31527648,65,362815
10335,31527684,65,362815
10336,31527846,65,362815
10337,31527864,65,362815
10338,31528467,65,362815
10339,31528476,65,362815
10340,31528647,65,362815
10341,31528674,65,362815
10342,31528746,65,362815
10343,31528764,65,362815
10344,31542678,65,362815
10345,31542687,65,362815
10346,31542768,65,362815
10347,31542786,65,362815
10348,31542867,65,362815
10349,31542876,65,362815
10350,31546278,65,362815
10351,31546287,65,362815
10352,31546728,65,362815
10353,31546782,65,362815
10354,31546827,65,362815
10355,31546872,65,362815
10356,31547268,65,362815
10357,31547286,65,362815
10358,31547628,65,362815
10359,31547682,65,362815
10360,31547826,65,362815
10361,31547862,65,362815
10362,31548267,65,362815
10363,31548276,65,362815
10364,31548627,65,362815
10365,31548672,65,362815
10366,31548726,65,362815
10367,31548762,65,362815
10368,31562478,65,362815
10369,31562487,65,362815
10370,31562748,65,362815
10371,31562784,65,362815
10372,31562847,65,362815
10373,31562874,65,362815
10374,31564278,65,362815
10375,31564287,65,362815
10376,31564728,65,362815
10377,31564782,65,362815
10378,31564827,65,362815
10379,31564872,65,362815
10380,31567248,65,362815
10381,31567284,65,362815
10382,31567428,65,362815
10383,31567482,65,362815
10384,31567824,65,362815
10385,31567842,65,362815
10386,31568247,65,362815
10387,31568274,65,362815
10388,31568427,65,362815
10389,31568472,65,362815
10390,31568724,65,362815
10391,31568742,65,362815
10392,31572468,65,362815
10393,31572486,65,362815
10394,31572648,65,362815
10395,31572684,65,362815
10396,31572846,65,362815
10397,31572864,65,362815
10398,31574268,65,362815
10399,31574286,65,362815
10400,31574628,65,362815
10401,31574682,65,362815
10402,31574826,65,362815
10403,31574862,65,362815
10404,31576248,65,362815
10405,31576284,65,362815
10406,31576428,65,362815
10407,31576482,65,362815
10408,31576824,65,362815
10409,31576842,65,362815
10410,31578246,65,362815
10411,31578264,65,362815
10412,31578426,65,362815
10413,31578462,65,362815
10414,31578624,65,362815
10415,31578642,65,362815
10416,31582467,65,362815
10417,31582476,65,362815
10418,31582647,65,362815
10419,31582674,65,362815
10420,31582746,65,362815
10421,31582764,65,362815
10422,31584267,65,362815
10423,31584276,65,362815
10424,31584627,65,362815
10425,31584672,65,362815
10426,31584726,65,362815
10427,31584762,65,362815
10428,31586247,65,362815
10429,31586274,65,362815
10430,31586427,65,362815
10431,31586472,65,362815
10432,31586724,65,362815
10433,31586742,65,362815
10434,31587246,65,362815
10435,31587264,65,362815
10436,31587426,65,362815
10437,31587462,65,362815
10438,31587624,65,362815
10439,31587642,65,362815
10440,31624578,65,362815
10441,31624587,65,362815
10442,31624758,65,362815
10443,31624785,65,362815
10444,31624857,65,362815
10445,31624875,65,362815
10446,31625478,65,362815
10447,31625487,65,362815
10448,31625748,65,362815
10449,31625784,65,362815
10450,31625847,65,362815
10451,31625874,65,362815
10452,31627458,65,362815
10453,31627485,65,362815
10454,31627548,65,362815
10455,31627584,65,362815
10456,31627845,65,362815
10457,31627854,65,362815
10458,31628457,65,362815
10459,31628475,65,362815
10460,31628547,65,362815
10461,31628574,65,362815
10462,31628745,65,362815
10463,31628754,65,362815
10464,31642578,65,362815
10465,31642587,65,362815
10466,31642758,65,362815
10467,31642785,65,362815
10468,31642857,65,362815
10469,31642875,65,362815
10470,31645278,65,362815
10471,31645287,65,362815
10472,31645728,65,362815
10473,31645782,65,362815
10474,31645827,65,362815
10475,31645872,65,362815
10476,31647258,65,362815
10477,31647285,65,362815
10478,31647528,65,362815
10479,31647582,65,362815
10480,31647825,65,362815
10481,31647852,65,362815
10482,31648257,65,362815
10483,31648275,65,362815
10484,31648527,65,362815
10485,31648572,65,362815
10486,31648725,65,362815
10487,31648752,65,362815
10488,31652478,65,362815
10489,31652487,65,362815
10490,31652748,65,362815
10491,31652784,65,362815
10492,31652847,65,362815
10493,31652874,65,362815
10494,31654278,65,362815
10495,31654287,65,362815
10496,31654728,65,362815
10497,31654782,65,362815
10498,31654827,65,362815
10499,31654872,65,362815
10500,31657248,65,362815
10501,31657284,65,362815
10502,31657428,65,362815
10503,31657482,65,362815
10504,31657824,65,362815
10505,31657842,65,362815
10506,31658247,65,362815
10507,31658274,65,362815
10508,31658427,65,362815
10509,31658472,65,362815
10510,31658724,65,362815
10511,31658742,65,362815
10512,31672458,65,362815
10513,31672485,65,362815
10514,31672548,65,362815
10515,31672584,65,362815
10516,31672845,65,362815
10517,31672854,65,362815
10518,31674258,65,362815
10519,31674285,65,362815
10520,31674528,65,362815
10521,31674582,65,362815
10522,31674825,65,362815
10523,31674852,65,362815
10524,31675248,65,362815
10525,31675284,65,362815
10526,31675428,65,362815
10527,31675482,65,362815
10528,31675824,65,362815
10529,31675842,65,362815
10530,31678245,65,362815
10531,31678254,65,362815
10532,31678425,65,362815
10533,31678452,65,362815
10534,31678524,65,362815
10535,31678542,65,362815
10536,31682457,65,362815
10537,31682475,65,362815
10538,31682547,65,362815
10539,31682574,65,362815
10540,31682745,65,362815
10541,31682754,65,362815
10542,31684257,65,362815
10543,31684275,65,362815
10544,31684527,65,362815
10545,31684572,65,362815
10546,31684725,65,362815
10547,31684752,65,362815
10548,31685247,65,362815
10549,31685274,65,362815
10550,31685427,65,362815
10551,31685472,65,362815
10552,31685724,65,362815
10553,31685742,65,362815
10554,31687245,65,362815
10555,31687254,65,362815
10556,31687425,65,362815
10557,31687452,65,362815
10558,31687524,65,362815
10559,31687542,65,362815
10560,31724568,65,362815
10561,31724586,65,362815
10562,31724658,65,362815
10563,31724685,65,362815
10564,31724856,65,362815
10565,31724865,65,362815
10566,31725468,65,362815
10567,31725486,65,362815
10568,31725648,65,362815
10569,31725684,65,362815
10570,31725846,65,362815
10571,31725864,65,362815
10572,31726458,65,362815
10573,31726485,65,362815
10574,31726548,65,362815
10575,31726584,65,362815
10576,31726845,65,362815
10577,31726854,65,362815
10578,31728456,65,362815
10579,31728465,65,362815
10580,31728546,65,362815
10581,31728564,65,362815
10582,31728645,65,362815
10583,31728654,65,362815
10584,31742568,65,362815
10585,31742586,65,362815
10586,31742658,65,362815
10587,31742685,65,362815
10588,31742856,65,362815
10589,31742865,65,362815
10590,31745268,65,362815
10591,31745286,65,362815
10592,31745628,65,362815
10593,31745682,65,362815
10594,31745826,65,362815
10595,31745862,65,362815
10596,31746258,65,362815
10597,31746285,65,362815
10598,31746528,65,362815
10599,31746582,65,362815
10600,31746825,65,362815
10601,31746852,65,362815
10602,31748256,65,362815
10603,31748265,65,362815
10604,31748526,65,362815
10605,31748562,65,362815
10606,31748625,65,362815
10607,31748652,65,362815
10608,31752468,65,362815
10609,31752486,65,362815
10610,31752648,65,362815
10611,31752684,65,362815
10612,31752846,65,362815
10613,31752864,65,362815
10614,31754268,65,362815
10615,31754286,65,362815
10616,31754628,65,362815
10617,31754682,65,362815
10618,31754826,65,362815
10619,31754862,65,362815
10620,31756248,65,362815
10621,31756284,65,362815
10622,31756428,65,362815
10623,31756482,65,362815
10624,31756824,65,362815
10625,31756842,65,362815
10626,31758246,65,362815
10627,31758264,65,362815
10628,31758426,65,362815
10629,31758462,65,362815
10630,31758624,65,362815
10631,31758642,65,362815
10632,31762458,65,362815
10633,31762485,65,362815
10634,31762548,65,362815
10635,31762584,65,362815
10636,31762845,65,362815
10637,31762854,65,362815
10638,31764258,65,362815
10639,31764285,65,362815
10640,31764528,65,362815
10641,31764582,65,362815
10642,31764825,65,362815
10643,31764852,65,362815
10644,31765248,65,362815
10645,31765284,65,362815
10646,31765428,65,362815
10647,31765482,65,362815
10648,31765824,65,362815
10649,31765842,65,362815
10650,31768245,65,362815
10651,31768254,65,362815
10652,31768425,65,362815
10653,31768452,65,362815
10654,31768524,65,362815
10655,31768542,65,362815
10656,31782456,65,362815
10657,31782465,65,362815
10658,31782546,65,362815
10659,31782564,65,362815
10660,31782645,65,362815
10661,31782654,65,362815
10662,31784256,65,362815
10663,31784265,65,362815
10664,31784526,65,362815
10665,31784562,65,362815
10666,31784625,65,362815
10667,31784652,65,362815
10668,31785246,65,362815
10669,31785264,65,362815
10670,31785426,65,362815
10671,31785462,65,362815
10672,31785624,65,362815
10673,31785642,65,362815
10674,31786245,65,362815
10675,31786254,65,362815
10676,31786425,65,362815
10677,31786452,65,362815
10678,31786524,65,362815
10679,31786542,65,362815
10680,31824567,65,362815
10681,31824576,65,362815
10682,31824657,65,362815
10683,31824675,65,362815
10684,31824756,65,362815
10685,31824765,65,362815
10686,31825467,65,362815
10687,31825476,65,362815
10688,31825647,65,362815
10689,31825674,65,362815
10690,31825746,65,362815
10691,31825764,65,362815
10692,31826457,65,362815
10693,31826475,65,362815
10694,31826547,65,362815
10695,31826574,65,362815
10696,31826745,65,362815
10697,31826754,65,362815
10698,31827456,65,362815
10699,31827465,65,362815
10700,31827546,65,362815
10701,31827564,65,362815
10702,31827645,65,362815
10703,31827654,65,362815
10704,31842567,65,362815
10705,31842576,65,362815
10706,31842657,65,362815
10707,31842675,65,362815
10708,31842756,65,362815
10709,31842765,65,362815
10710,31845267,65,362815
10711,31845276,65,362815
10712,31845627,65,362815
10713,31845672,65,362815
10714,31845726,65,362815
10715,31845762,65,362815
10716,31846257,65,362815
10717,31846275,65,362815
10718,31846527,65,362815
10719,31846572,65,362815
10720,31846725,65,362815
10721,31846752,65,362815
10722,31847256,65,362815
10723,31847265,65,362815
10724,31847526,65,362815
10725,31847562,65,362815
10726,31847625,65,362815
10727,31847652,65,362815
10728,31852467,65,362815
10729,31852476,65,362815
10730,31852647,65,362815
10731,31852674,65,362815
10732,31852746,65,362815
10733,31852764,65,362815
10734,31854267,65,362815
10735,31854276,65,362815
10736,31854627,65,362815
10737,31854672,65,362815
10738,31854726,65,362815
10739,31854762,65,362815
10740,31856247,65,362815
10741,31856274,65,362815
10742,31856427,65,362815
10743,31856472,65,362815
10744,31856724,65,362815
10745,31856742,65,362815
10746,31857246,65,362815
10747,31857264,65,362815
10748,31857426,65,362815
10749,31857462,65,362815
10750,31857624,65,362815
10751,31857642,65,362815
10752,31862457,65,362815
10753,31862475,65,362815
10754,31862547,65,362815
10755,31862574,65,362815
10756,31862745,65,362815
10757,31862754,65,362815
10758,31864257,65,362815
10759,31864275,65,362815
10760,31864527,65,362815
10761,31864572,65,362815
10762,31864725,65,362815
10763,31864752,65,362815
10764,31865247,65,362815
10765,31865274,65,362815
10766,31865427,65,362815
10767,31865472,65,362815
10768,31865724,65,362815
10769,31865742,65,362815
10770,31867245,65,362815
10771,31867254,65,362815
10772,31867425,65,362815
10773,31867452,65,362815
10774,31867524,65,362815
10775,31867542,65,362815
10776,31872456,65,362815
10777,31872465,65,362815
10778,31872546,65,362815
10779,31872564,65,362815
10780,31872645,65,362815
10781,31872654,65,362815
10782,31874256,65,362815
10783,31874265,65,362815
10784,31874526,65,362815
10785,31874562,65,362815
10786,31874625,65,362815
10787,31874652,65,362815
10788,31875246,65,362815
10789,31875264,65,362815
10790,31875426,65,362815
10791,31875462,65,362815
10792,31875624,65,362815
10793,31875642,65,362815
10794,31876245,65,362815
10795,31876254,65,362815
10796,31876425,65,362815
10797,31876452,65,362815
10798,31876524,65,362815
10799,31876542,65,362815
10800,32145678,65,362815
10801,32145687,65,362815
10802,32145768,65,362815
10803,32145786,65,362815
10804,32145867,65,362815
10805,32145876,65,362815
10806,32146578,65,362815
10807,32146587,65,362815
10808,32146758,65,362815
10809,32146785,65,362815
10810,32146857,65,362815
10811,32146875,65,362815
10812,32147568,65,362815
10813,32147586,65,362815
10814,32147658,65,362815
10815,32147685,65,362815
10816,32147856,65,362815
10817,32147865,65,362815
10818,32148567,65,362815
10819,32148576,65,362815
10820,32148657,65,362815
10821,32148675,65,362815
10822,32148756,65,362815
10823,32148765,65,362815
10824,32154678,65,362815
10825,32154687,65,362815
10826,32154768,65,362815
10827,32154786,65,362815
10828,32154867,65,362815
10829,32154876,65,362815
10830,32156478,65,362815
10831,32156487,65,362815
10832,32156748,65,362815
10833,32156784,65,362815
10834,32156847,65,362815
10835,32156874,65,362815
10836,32157468,65,362815
10837,32157486,65,362815
10838,32157648,65,362815
10839,32157684,65,362815
10840,32157846,65,362815
10841,32157864,65,362815
10842,32158467,65,362815
10843,32158476,65,362815
10844,32158647,65,362815
10845,32158674,65,362815
10846,32158746,65,362815
10847,32158764,65,362815
10848,32164578,65,362815
10849,32164587,65,362815
10850,32164758,65,362815
10851,32164785,65,362815
10852,32164857,65,362815
10853,32164875,65,362815
10854,32165478,65,362815
10855,32165487,65,362815
10856,32165748,65,362815
10857,32165784,65,362815
10858,32165847,65,362815
10859,32165874,65,362815
10860,32167458,65,362815
10861,32167485,65,362815
10862,32167548,65,362815
10863,32167584,65,362815
10864,32167845,65,362815
10865,32167854,65,362815
10866,32168457,65,362815
10867,32168475,65,362815
10868,32168547,65,362815
10869,32168574,65,362815
10870,32168745,65,362815
10871,32168754,65,362815
10872,32174568,65,362815
10873,32174586,65,362815
10874,32174658,65,362815
10875,32174685,65,362815
10876,32174856,65,362815
10877,32174865,65,362815
10878,32175468,65,362815
10879,32175486,65,362815
10880,32175648,65,362815
10881,32175684,65,362815
10882,32175846,65,362815
10883,32175864,65,362815
10884,32176458,65,362815
10885,32176485,65,362815
10886,32176548,65,362815
10887,32176584,65,362815
10888,32176845,65,362815
10889,32176854,65,362815
10890,32178456,65,362815
10891,32178465,65,362815
10892,32178546,65,362815
10893,32178564,65,362815
10894,32178645,65,362815
10895,32178654,65,362815
10896,32184567,65,362815
10897,32184576,65,362815
10898,32184657,65,362815
10899,32184675,65,362815
10900,32184756,65,362815
10901,32184765,65,362815
10902,32185467,65,362815
10903,32185476,65,362815
10904,32185647,65,362815
10905,32185674,65,362815
10906,32185746,65,362815
10907,32185764,65,362815
10908,32186457,65,362815
10909,32186475,65,362815
10910,32186547,65,362815
10911,32186574,65,362815
10912,32186745,65,362815
10913,32186754,65,362815
10914,32187456,65,362815
10915,32187465,65,362815
10916,32187546,65,362815
10917,32187564,65,362815
10918,32187645,65,362815
10919,32187654,65,362815
10920,32415678,65,362815
10921,32415687,65,362815
10922,32415768,65,362815
10923,32415786,65,362815
10924,32415867,65,362815
10925,32415876,65,362815
10926,32416578,65,362815
10927,32416587,65,362815
10928,32416758,65,362815
10929,32416785,65,362815
10930,32416857,65,362815
10931,32416875,65,362815
10932,32417568,65,362815
10933,32417586,65,362815
10934,32417658,65,362815
10935,32417685,65,362815
10936,32417856,65,362815
10937,32417865,65,362815
10938,32418567,65,362815
10939,32418576,65,362815
10940,32418657,65,362815
10941,32418675,65,362815
10942,32418756,65,362815
10943,32418765,65,362815
10944,32451678,65,362815
10945,32451687,65,362815
10946,32451768,65,362815
10947,32451786,65,362815
10948,32451867,65,362815
10949,32451876,65,362815
10950,32456178,65,362815
10951,32456187,65,362815
10952,32456718,65,362815
10953,32456781,65,362815
10954,32456817,65,362815
10955,32456871,65,362815
10956,32457168,65,362815
10957,32457186,65,362815
10958,32457618,65,362815
10959,32457681,65,362815
10960,32457816,65,362815
10961,32457861,65,362815
10962,32458167,65,362815
10963,32458176,65,362815
10964,32458617,65,362815
10965,32458671,65,362815
10966,32458716,65,362815
10967,32458761,65,362815
10968,32461578,65,362815
10969,32461587,65,362815
10970,32461758,65,362815
10971,32461785,65,362815
10972,32461857,65,362815
10973,32461875,65,362815
10974,32465178,65,362815
10975,32465187,65,362815
10976,32465718,65,362815
10977,32465781,65,362815
10978,32465817,65,362815
10979,32465871,65,362815
10980,32467158,65,362815
10981,32467185,65,362815
10982,32467518,65,362815
10983,32467581,65,362815
10984,32467815,65,362815
10985,32467851,65,362815
10986,32468157,65,362815
10987,32468175,65,362815
10988,32468517,65,362815
10989,32468571,65,362815
10990,32468715,65,362815
10991,32468751,65,362815
10992,32471568,65,362815
10993,32471586,65,362815
10994,32471658,65,362815
10995,32471685,65,362815
10996,32471856,65,362815
10997,32471865,65,362815
10998,32475168,65,362815
10999,32475186,65,362815
11000,32475618,65,362815
11001,32475681,65,362815
11002,32475816,65,362815
11003,32475861,65,362815
11004,32476158,65,362815
11005,32476185,65,362815
11006,32476518,65,362815
11007,32476581,65,362815
11008,32476815,65,362815
11009,32476851,65,362815
11010,32478156,65,362815
11011,32478165,65,362815
11012,32478516,65,362815
11013,32478561,65,362815
11014,32478615,65,362815
11015,32478651,65,362815
11016,32481567,65,362815
11017,32481576,65,362815
11018,32481657,65,362815
11019,32481675,65,362815
11020,32481756,65,362815
11021,32481765,65,362815
11022,32485167,65,362815
11023,32485176,65,362815
11024,32485617,65,362815
11025,32485671,65,362815
11026,32485716,65,362815
11027,32485761,65,362815
11028,32486157,65,362815
11029,32486175,65,362815
11030,32486517,65,362815
11031,32486571,65,362815
11032,32486715,65,362815
11033,32486751,65,362815
11034,32487156,65,362815
11035,32487165,65,362815
11036,32487516,65,362815
11037,32487561,65,362815
11038,32487615,65,362815
11039,32487651,65,362815
11040,32514678,65,362815
11041,32514687,65,362815
11042,32514768,65,362815
11043,32514786,65,362815
11044,32514867,65,362815
11045,32514876,65,362815
11046,32516478,65,362815
11047,32516487,65,362815
11048,32516748,65,362815
11049,32516784,65,362815
11050,32516847,65,362815
11051,32516874,65,362815
11052,32517468,65,362815
11053,32517486,65,362815
11054,32517648,65,362815
11055,32517684,65,362815
11056,32517846,65,362815
11057,32517864,65,362815
11058,32518467,65,362815
11059,32518476,65,362815
11060,32518647,65,362815
11061,32518674,65,362815
11062,32518746,65,362815
11063,32518764,65,362815
11064,32541678,65,362815
11065,32541687,65,362815
11066,32541768,65,362815
11067,32541786,65,362815
11068,32541867,65,362815
11069,32541876,65,362815
11070,32546178,65,362815
11071,32546187,65,362815
11072,32546718,65,362815
11073,32546781,65,362815
11074,32546817,65,362815
11075,32546871,65,362815
11076,32547168,65,362815
11077,32547186,65,362815
11078,32547618,65,362815
11079,32547681,65,362815
11080,32547816,65,362815
11081,32547861,65,362815
11082,32548167,65,362815
11083,32548176,65,362815
11084,32548617,65,362815
11085,32548671,65,362815
11086,32548716,65,362815
11087,32548761,65,362815
11088,32561478,65,362815
11089,32561487,65,362815
11090,32561748,65,362815
11091,32561784,65,362815
11092,32561847,65,362815
11093,32561874,65,362815
11094,32564178,65,362815
11095,32564187,65,362815
11096,32564718,65,362815
11097,32564781,65,362815
11098,32564817,65,362815
11099,32564871,65,362815
11100,32567148,65,362815
11101,32567184,65,362815
11102,32567418,65,362815
11103,32567481,65,362815
11104,32567814,65,362815
11105,32567841,65,362815
11106,32568147,65,362815
11107,32568174,65,362815
11108,32568417,65,362815
11109,32568471,65,362815
11110,32568714,65,362815
11111,32568741,65,362815
11112,32571468,65,362815
11113,32571486,65,362815
11114,32571648,65,362815
11115,32571684,65,362815
11116,32571846,65,362815
11117,32571864,65,362815
11118,32574168,65,362815
11119,32574186,65,362815
11120,32574618,65,362815
11121,32574681,65,362815
11122,32574816,65,362815
11123,32574861,65,362815
11124,32576148,65,362815
11125,32576184,65,362815
11126,32576418,65,362815
11127,32576481,65,362815
11128,32576814,65,362815
11129,32576841,65,362815
11130,32578146,65,362815
11131,32578164,65,362815
11132,32578416,65,362815
11133,32578461,65,362815
11134,32578614,65,362815
11135,32578641,65,362815
11136,32581467,65,362815
11137,32581476,65,362815
11138,32581647,65,362815
11139,32581674,65,362815
11140,32581746,65,362815
11141,32581764,65,362815
11142,32584167,65,362815
11143,32584176,65,362815
11144,32584617,65,362815
11145,32584671,65,362815
11146,32584716,65,362815
11147,32584761,65,362815
11148,32586147,65,362815
11149,32586174,65,362815
11150,32586417,65,362815
11151,32586471,65,362815
11152,32586714,65,362815
11153,32586741,65,362815
11154,32587146,65,362815
11155,32587164,65,362815
11156,32587416,65,362815
11157,32587461,65,362815
11158,32587614,65,362815
11159,32587641,65,362815
11160,32614578,65,362815
11161,32614587,65,362815
11162,32614758,65,362815
11163,32614785,65,362815
11164,32614857,65,362815
11165,32614875,65,362815
11166,32615478,65,362815
11167,32615487,65,362815
11168,32615748,65,362815
11169,32615784,65,362815
11170,32615847,65,362815
11171,32615874,65,362815
11172,32617458,65,362815
11173,32617485,65,362815
11174,32617548,65,362815
11175,32617584,65,362815
11176,32617845,65,362815
11177,32617854,65,362815
11178,32618457,65,362815
11179,32618475,65,362815
11180,32618547,65,362815
11181,32618574,65,362815
11182,32618745,65,362815
11183,32618754,65,362815
11184,32641578,65,362815
11185,32641587,65,362815
11186,32641758,65,362815
11187,32641785,65,362815
11188,32641857,65,362815
11189,32641875,65,362815
11190,32645178,65,362815
11191,32645187,65,362815
11192,32645718,65,362815
11193,32645781,65,362815
11194,32645817,65,362815
11195,32645871,65,362815
11196,32647158,65,362815
11197,32647185,65,362815
11198,32647518,65,362815
11199,32647581,65,362815
11200,32647815,65,362815
11201,32647851,65,362815
11202,32648157,65,362815
11203,32648175,65,362815
11204,32648517,65,362815
11205,32648571,65,362815
11206,32648715,65,362815
11207,32648751,65,362815
11208,32651478,65,362815
11209,32651487,65,362815
11210,32651748,65,362815
11211,32651784,65,362815
11212,32651847,65,362815
11213,32651874,65,362815
11214,32654178,65,362815
11215,32654187,65,362815
11216,32654718,65,362815
11217,32654781,65,362815
11218,32654817,65,362815
11219,32654871,65,362815
11220,32657148,65,362815
11221,32657184,65,362815
11222,32657418,65,362815
11223,32657481,65,362815
11224,32657814,65,362815
11225,32657841,65,362815
11226,32658147,65,362815
11227,32658174,65,362815
11228,32658417,65,362815
11229,32658471,65,362815
11230,32658714,65,362815
11231,32658741,65,362815
11232,32671458,65,362815
11233,32671485,65,362815
11234,32671548,65,362815
11235,32671584,65,362815
11236,32671845,65,362815
11237,32671854,65,362815
11238,32674158,65,362815
11239,32674185,65,362815
11240,32674518,65,362815
11241,32674581,65,362815
11242,32674815,65,362815
11243,32674851,65,362815
11244,32675148,65,362815
11245,32675184,65,362815
11246,32675418,65,362815
11247,32675481,65,362815
11248,32675814,65,362815
11249,32675841,65,362815
11250,32678145,65,362815
11251,32678154,65,362815
11252,32678415,65,362815
11253,32678451,65,362815
11254,32678514,65,362815
11255,32678541,65,362815
11256,32681457,65,362815
11257,32681475,65,362815
11258,32681547,65,362815
11259,32681574,65,362815
11260,32681745,65,362815
11261,32681754,65,362815
11262,32684157,65,362815
11263,32684175,65,362815
11264,32684517,65,362815
11265,32684571,65,362815
11266,32684715,65,362815
11267,32684751,65,362815
11268,32685147,65,362815
11269,32685174,65,362815
11270,32685417,65,362815
11271,32685471,65,362815
11272,32685714,65,362815
11273,32685741,65,362815
11274,32687145,65,362815
11275,32687154,65,362815
11276,32687415,65,362815
11277,32687451,65,362815
11278,32687514,65,362815
11279,32687541,65,362815
11280,32714568,65,362815
11281,32714586,65,362815
11282,32714658,65,362815
11283,32714685,65,362815
11284,32714856,65,362815
11285,32714865,65,362815
11286,32715468,65,362815
11287,32715486,65,362815
11288,32715648,65,362815
11289,32715684,65,362815
11290,32715846,65,362815
11291,32715864,65,362815
11292,32716458,65,362815
11293,32716485,65,362815
11294,32716548,65,362815
11295,32716584,65,362815
11296,32716845,65,362815
11297,32716854,65,362815
11298,32718456,65,362815
11299,32718465,65,362815
11300,32718546,65,362815
11301,32718564,65,362815
11302,32718645,65,362815
11303,32718654,65,362815
11304,32741568,65,362815
11305,32741586,65,362815
11306,32741658,65,362815
11307,32741685,65,362815
11308,32741856,65,362815
11309,32741865,65,362815
11310,32745168,65,362815
11311,32745186,65,362815
11312,32745618,65,362815
11313,32745681,65,362815
11314,32745816,65,362815
11315,32745861,65,362815
11316,32746158,65,362815
11317,32746185,65,362815
11318,32746518,65,362815
11319,32746581,65,362815
11320,32746815,65,362815
11321,32746851,65,362815
11322,32748156,65,362815
11323,32748165,65,362815
11324,32748516,65,362815
11325,32748561,65,362815
11326,32748615,65,362815
11327,32748651,65,362815
11328,32751468,65,362815
11329,32751486,65,362815
11330,32751648,65,362815
11331,32751684,65,362815
11332,32751846,65,362815
11333,32751864,65,362815
11334,32754168,65,362815
11335,32754186,65,362815
11336,32754618,65,362815
11337,32754681,65,362815
11338,32754816,65,362815
11339,32754861,65,362815
11340,32756148,65,362815
11341,32756184,65,362815
11342,32756418,65,362815
11343,32756481,65,362815
11344,32756814,65,362815
11345,32756841,65,362815
11346,32758146,65,362815
11347,32758164,65,362815
11348,32758416,65,362815
11349,32758461,65,362815
11350,32758614,65,362815
11351,32758641,65,362815
11352,32761458,65,362815
11353,32761485,65,362815
11354,32761548,65,362815
11355,32761584,65,362815
11356,32761845,65,362815
11357,32761854,65,362815
11358,32764158,65,362815
11359,32764185,65,362815
11360,32764518,65,362815
11361,32764581,65,362815
11362,32764815,65,362815
11363,32764851,65,362815
11364,32765148,65,362815
11365,32765184,65,362815
11366,32765418,65,362815
11367,32765481,65,362815
11368,32765814,65,362815
11369,32765841,65,362815
11370,32768145,65,362815
11371,32768154,65,362815
11372,32768415,65,362815
11373,32768451,65,362815
11374,32768514,65,362815
11375,32768541,65,362815
11376,32781456,65,362815
11377,32781465,65,362815
11378,32781546,65,362815
11379,32781564,65,362815
11380,32781645,65,362815
11381,32781654,65,362815
11382,32784156,65,362815
11383,32784165,65,362815
11384,32784516,65,362815
11385,32784561,65,362815
11386,32784615,65,362815
11387,32784651,65,362815
11388,32785146,65,362815
11389,32785164,65,362815
11390,32785416,65,362815
11391,32785461,65,362815
11392,32785614,65,362815
11393,32785641,65,362815
11394,32786145,65,362815
11395,32786154,65,362815
11396,32786415,65,362815
11397,32786451,65,362815
11398,32786514,65,362815
11399,32786541,65,362815
11400,32814567,65,362815
11401,32814576,65,362815
11402,32814657,65,362815
11403,32814675,65,362815
11404,32814756,65,362815
11405,32814765,65,362815
11406,32815467,65,362815
11407,32815476,65,362815
11408,32815647,65,362815
11409,32815674,65,362815
11410,32815746,65,362815
11411,32815764,65,362815
11412,32816457,65,362815
11413,32816475,65,362815
11414,32816547,65,362815
11415,32816574,65,362815
11416,32816745,65,362815
11417,32816754,65,362815
11418,32817456,65,362815
11419,32817465,65,362815
11420,32817546,65,362815
11421,32817564,65,362815
11422,32817645,65,362815
11423,32817654,65,362815
11424,32841567,65,362815
11425,32841576,65,362815
11426,32841657,65,362815
11427,32841675,65,362815
11428,32841756,65,362815
11429,32841765,65,362815
11430,32845167,65,362815
11431,32845176,65,362815
11432,32845617,65,362815
11433,32845671,65,362815
11434,32845716,65,362815
11435,32845761,65,362815
11436,32846157,65,362815
11437,32846175,65,362815
11438,32846517,65,362815
11439,32846571,65,362815
11440,32846715,65,362815
11441,32846751,65,362815
11442,32847156,65,362815
11443,32847165,65,362815
11444,32847516,65,362815
11445,32847561,65,362815
11446,32847615,65,362815
11447,32847651,65,362815
11448,32851467,65,362815
11449,32851476,65,362815
11450,32851647,65,362815
11451,32851674,65,362815
11452,32851746,65,362815
11453,32851764,65,362815
11454,32854167,65,362815
11455,32854176,65,362815
11456,32854617,65,362815
11457,32854671,65,362815
11458,32854716,65,362815
11459,32854761,65,362815
11460,32856147,65,362815
11461,32856174,65,362815
11462,32856417,65,362815
11463,32856471,65,362815
11464,32856714,65,362815
11465,32856741,65,362815
11466,32857146,65,362815
11467,32857164,65,362815
11468,32857416,65,362815
11469,32857461,65,362815
11470,32857614,65,362815
11471,32857641,65,362815
11472,32861457,65,362815
11473,32861475,65,362815
11474,32861547,65,362815
11475,32861574,65,362815
11476,32861745,65,362815
11477,32861754,65,362815
11478,32864157,65,362815
11479,32864175,65,362815
11480,32864517,65,362815
11481,32864571,65,362815
11482,32864715,65,362815
11483,32864751,65,362815
11484,32865147,65,362815
11485,32865174,65,362815
11486,32865417,65,362815
11487,32865471,65,362815
11488,32865714,65,362815
11489,32865741,65,362815
11490,32867145,65,362815
11491,32867154,65,362815
11492,32867415,65,362815
11493,32867451,65,362815
11494,32867514,65,362815
11495,32867541,65,362815
11496,32871456,65,362815
11497,32871465,65,362815
11498,32871546,65,362815
11499,32871564,65,362815
11500,32871645,65,362815
11501,32871654,65,362815
11502,32874156,65,362815
11503,32874165,65,362815
11504,32874516,65,362815
11505,32874561,65,362815
11506,32874615,65,362815
11507,32874651,65,362815
11508,32875146,65,362815
11509,32875164,65,362815
11510,32875416,65,362815
11511,32875461,65,362815
11512,32875614,65,362815
11513,32875641,65,362815
11514,32876145,65,362815
11515,32876154,65,362815
11516,32876415,65,362815
11517,32876451,65,362815
11518,32876514,65,362815
11519,32876541,65,362815
11520,34125678,65,362815
11521,34125687,65,362815
11522,34125768,65,362815
11523,34125786,65,362815
11524,34125867,65,362815
11525,34125876,65,362815
11526,34126578,65,362815
11527,34126587,65,362815
11528,34126758,65,362815
11529,34126785,65,362815
11530,34126857,65,362815
11531,34126875,65,362815
11532,34127568,65,362815
11533,34127586,65,362815
11534,34127658,65,362815
11535,34127685,65,362815
11536,34127856,65,362815
11537,34127865,65,362815
11538,34128567,65,362815
11539,34128576,65,362815
11540,34128657,65,362815
11541,34128675,65,362815
11542,34128756,65,362815
11543,34128765,65,362815
11544,34152678,65,362815
11545,34152687,65,362815
11546,34152768,65,362815
11547,34152786,65,362815
11548,34152867,65,362815
11549,34152876,65,362815
11550,34156278,65,362815
11551,34156287,65,362815
11552,34156728,65,362815
11553,34156782,65,362815
11554,34156827,65,362815
11555,34156872,65,362815
11556,34157268,65,362815
11557,34157286,65,362815
11558,34157628,65,362815
11559,34157682,65,362815
11560,34157826,65,362815
11561,34157862,65,362815
11562,34158267,65,362815
11563,34158276,65,362815
11564,34158627,65,362815
11565,34158672,65,362815
11566,34158726,65,362815
11567,34158762,65,362815
11568,34162578,65,362815
11569,34162587,65,362815
11570,34162758,65,362815
11571,34162785,65,362815
11572,34162857,65,362815
11573,34162875,65,362815
11574,34165278,65,362815
11575,34165287,65,362815
11576,34165728,65,362815
11577,34165782,65,362815
11578,34165827,65,362815
11579,34165872,65,362815
11580,34167258,65,362815
11581,34167285,65,362815
11582,34167528,65,362815
11583,34167582,65,362815
11584,34167825,65,362815
11585,34167852,65,362815
11586,34168257,65,362815
11587,34168275,65,362815
11588,34168527,65,362815
11589,34168572,65,362815
11590,34168725,65,362815
11591,34168752,65,362815
11592,34172568,65,362815
11593,34172586,65,362815
11594,34172658,65,362815
11595,34172685,65,362815
11596,34172856,65,362815
11597,34172865,65,362815
11598,34175268,65,362815
11599,34175286,65,362815
11600,34175628,65,362815
11601,34175682,65,362815
11602,34175826,65,362815
11603,34175862,65,362815
11604,34176258,65,362815
11605,34176285,65,362815
11606,34176528,65,362815
11607,34176582,65,362815
11608,34176825,65,362815
11609,34176852,65,362815
11610,34178256,65,362815
11611,34178265,65,362815
11612,34178526,65,362815
11613,34178562,65,362815
11614,34178625,65,362815
11615,34178652,65,362815
11616,34182567,65,362815
11617,34182576,65,362815
11618,34182657,65,362815
11619,34182675,65,362815
11620,34182756,65,362815
11621,34182765,65,362815
11622,34185267,65,362815
11623,34185276,65,362815
11624,34185627,65,362815
11625,34185672,65,362815
11626,34185726,65,362815
11627,34185762,65,362815
11628,34186257,65,362815
11629,34186275,65,362815
11630,34186527,65,362815
11631,34186572,65,362815
11632,34186725,65,362815
11633,34186752,65,362815
11634,34187256,65,362815
11635,34187265,65,362815
11636,34187526,65,362815
11637,34187562,65,362815
11638,34187625,65,362815
11639,34187652,65,362815
11640,34215678,65,362815
11641,34215687,65,362815
11642,34215768,65,362815
11643,34215786,65,362815
11644,34215867,65,362815
11645,34215876,65,362815
11646,34216578,65,362815
11647,34216587,65,362815
11648,34216758,65,362815
11649,34216785,65,362815
11650,34216857,65,362815
11651,34216875,65,362815
11652,34217568,65,362815
11653,34217586,65,362815
11654,34217658,65,362815
11655,34217685,65,362815
11656,34217856,65,362815
11657,34217865,65,362815
11658,34218567,65,362815
11659,34218576,65,362815
11660,34218657,65,362815
11661,34218675,65,362815
11662,34218756,65,362815
11663,34218765,65,362815
11664,34251678,65,362815
11665,34251687,65,362815
11666,34251768,65,362815
11667,34251786,65,362815
11668,34251867,65,362815
11669,34251876,65,362815
11670,34256178,65,362815
11671,34256187,65,362815
11672,34256718,65,362815
11673,34256781,65,362815
11674,34256817,65,362815
11675,34256871,65,362815
11676,34257168,65,362815
11677,34257186,65,362815
11678,34257618,65,362815
11679,34257681,65,362815
11680,34257816,65,362815
11681,34257861,65,362815
11682,34258167,65,362815
11683,34258176,65,362815
11684,34258617,65,362815
11685,34258671,65,362815
11686,34258716,65,362815
11687,34258761,65,362815
11688,34261578,65,362815
11689,34261587,65,362815
11690,34261758,65,362815
11691,34261785,65,362815
11692,34261857,65,362815
11693,34261875,65,362815
11694,34265178,65,362815
11695,34265187,65,362815
11696,34265718,65,362815
11697,34265781,65,362815
11698,34265817,65,362815
11699,34265871,65,362815
11700,34267158,65,362815
11701,34267185,65,362815
11702,34267518,65,362815
11703,34267581,65,362815
11704,34267815,65,362815
11705,34267851,65,362815
11706,34268157,65,362815
11707,34268175,65,362815
11708,34268517,65,362815
11709,34268571,65,362815
11710,34268715,65,362815
11711,34268751,65,362815
11712,34271568,65,362815
11713,34271586,65,362815
11714,34271658,65,362815
11715,34271685,65,362815
11716,34271856,65,362815
11717,34271865,65,362815
11718,34275168,65,362815
11719,34275186,65,362815
11720,34275618,65,362815
11721,34275681,65,362815
11722,34275816,65,362815
11723,34275861,65,362815
11724,34276158,65,362815
11725,34276185,65,362815
11726,34276518,65,362815
11727,34276581,65,362815
11728,34276815,65,362815
11729,34276851,65,362815
11730,34278156,65,362815
11731,34278165,65,362815
11732,34278516,65,362815
11733,34278561,65,362815
11734,34278615,65,362815
11735,34278651,65,362815
11736,34281567,65,362815
11737,34281576,65,362815
11738,34281657,65,362815
11739,34281675,65,362815
11740,34281756,65,362815
11741,34281765,65,362815
11742,34285167,65,362815
11743,34285176,65,362815
11744,34285617,65,362815
11745,34285671,65,362815
11746,34285716,65,362815
11747,34285761,65,362815
11748,34286157,65,362815
11749,34286175,65,362815
11750,34286517,65,362815
11751,34286571,65,362815
11752,34286715,65,362815
11753,34286751,65,362815
11754,34287156,65,362815
11755,34287165,65,362815
11756,34287516,65,362815
11757,34287561,65,362815
11758,34287615,65,362815
11759,34287651,65,362815
11760,34512678,65,362815
11761,34512687,65,362815
11762,34512768,65,362815
11763,34512786,65,362815
11764,34512867,65,362815
11765,34512876,65,362815
11766,34516278,65,362815
11767,34516287,65,362815
11768,34516728,65,362815
11769,34516782,65,362815
11770,34516827,65,362815
11771,34516872,65,362815
11772,34517268,65,362815
11773,34517286,65,362815
11774,34517628,65,362815
11775,34517682,65,362815
11776,34517826,65,362815
11777,34517862,65,362815
11778,34518267,65,362815
11779,34518276,65,362815
11780,34518627,65,362815
11781,34518672,65,362815
11782,34518726,65,362815
11783,34518762,65,362815
11784,34521678,65,362815
11785,34521687,65,362815
11786,34521768,65,362815
11787,34521786,65,362815
11788,34521867,65,362815
11789,34521876,65,362815
11790,34526178,65,362815
11791,34526187,65,362815
11792,34526718,65,362815
11793,34526781,65,362815
11794,34526817,65,362815
11795,34526871,65,362815
11796,34527168,65,362815
11797,34527186,65,362815
11798,34527618,65,362815
11799,34527681,65,362815
11800,34527816,65,362815
11801,34527861,65,362815
11802,34528167,65,362815
11803,34528176,65,362815
11804,34528617,65,362815
11805,34528671,65,362815
11806,34528716,65,362815
11807,34528761,65,362815
11808,34561278,65,362815
11809,34561287,65,362815
11810,34561728,65,362815
11811,34561782,65,362815
11812,34561827,65,362815
11813,34561872,65,362815
11814,34562178,65,362815
11815,34562187,65,362815
11816,34562718,65,362815
11817,34562781,65,362815
11818,34562817,65,362815
11819,34562871,65,362815
11820,34567128,65,362815
11821,34567182,65,362815
11822,34567218,65,362815
11823,34567281,65,362815
11824,34567812,65,362815
11825,34567821,65,362815
11826,34568127,65,362815
11827,34568172,65,362815
11828,34568217,65,362815
11829,34568271,65,362815
11830,34568712,65,362815
11831,34568721,65,362815
11832,34571268,65,362815
11833,34571286,65,362815
11834,34571628,65,362815
11835,34571682,65,362815
11836,34571826,65,362815
11837,34571862,65,362815
11838,34572168,65,362815
11839,34572186,65,362815
11840,34572618,65,362815
11841,34572681,65,362815
11842,34572816,65,362815
11843,34572861,65,362815
11844,34576128,65,362815
11845,34576182,65,362815
11846,34576218,65,362815
11847,34576281,65,362815
11848,34576812,65,362815
11849,34576821,65,362815
11850,34578126,65,362815
11851,34578162,65,362815
11852,34578216,65,362815
11853,34578261,65,362815
11854,34578612,65,362815
11855,34578621,65,362815
11856,34581267,65,362815
11857,34581276,65,362815
11858,34581627,65,362815
11859,34581672,65,362815
11860,34581726,65,362815
11861,34581762,65,362815
11862,34582167,65,362815
11863,34582176,65,362815
11864,34582617,65,362815
11865,34582671,65,362815
11866,34582716,65,362815
11867,34582761,65,362815
11868,34586127,65,362815
11869,34586172,65,362815
11870,34586217,65,362815
11871,34586271,65,362815
11872,34586712,65,362815
11873,34586721,65,362815
11874,34587126,65,362815
11875,34587162,65,362815
11876,34587216,65,362815
11877,34587261,65,362815
11878,34587612,65,362815
11879,34587621,65,362815
11880,34612578,65,362815
11881,34612587,65,362815
11882,34612758,65,362815
11883,34612785,65,362815
11884,34612857,65,362815
11885,34612875,65,362815
11886,34615278,65,362815
11887,34615287,65,362815
11888,34615728,65,362815
11889,34615782,65,362815
11890,34615827,65,362815
11891,34615872,65,362815
11892,34617258,65,362815
11893,34617285,65,362815
11894,34617528,65,362815
11895,34617582,65,362815
11896,34617825,65,362815
11897,34617852,65,362815
11898,34618257,65,362815
11899,34618275,65,362815
11900,34618527,65,362815
11901,34618572,65,362815
11902,34618725,65,362815
11903,34618752,65,362815
11904,34621578,65,362815
11905,34621587,65,362815
11906,34621758,65,362815
11907,34621785,65,362815
11908,34621857,65,362815
11909,34621875,65,362815
11910,34625178,65,362815
11911,34625187,65,362815
11912,34625718,65,362815
11913,34625781,65,362815
11914,34625817,65,362815
11915,34625871,65,362815
11916,34627158,65,362815
11917,34627185,65,362815
11918,34627518,65,362815
11919,34627581,65,362815
11920,34627815,65,362815
11921,34627851,65,362815
11922,34628157,65,362815
11923,34628175,65,362815
11924,34628517,65,362815
11925,34628571,65,362815
11926,34628715,65,362815
11927,34628751,65,362815
11928,34651278,65,362815
11929,34651287,65,362815
11930,34651728,65,362815
11931,34651782,65,362815
11932,34651827,65,362815
11933,34651872,65,362815
11934,34652178,65,362815
11935,34652187,65,362815
11936,34652718,65,362815
11937,34652781,65,362815
11938,34652817,65,362815
11939,34652871,65,362815
11940,34657128,65,362815
11941,34657182,65,362815
11942,34657218,65,362815
11943,34657281,65,362815
11944,34657812,65,362815
11945,34657821,65,362815
11946,34658127,65,362815
11947,34658172,65,362815
11948,34658217,65,362815
11949,34658271,65,362815
11950,34658712,65,362815
11951,34658721,65,362815
11952,34671258,65,362815
11953,34671285,65,362815
11954,34671528,65,362815
11955,34671582,65,362815
11956,34671825,65,362815
11957,34671852,65,362815
11958,34672158,65,362815
11959,34672185,65,362815
11960,34672518,65,362815
11961,34672581,65,362815
11962,34672815,65,362815
11963,34672851,65,362815
11964,34675128,65,362815
11965,34675182,65,362815
11966,34675218,65,362815
11967,34675281,65,362815
11968,34675812,65,362815
11969,34675821,65,362815
11970,34678125,65,362815
11971,34678152,65,362815
11972,34678215,65,362815
11973,34678251,65,362815
11974,34678512,65,362815
11975,34678521,65,362815
11976,34681257,65,362815
11977,34681275,65,362815
11978,34681527,65,362815
11979,34681572,65,362815
11980,34681725,65,362815
11981,34681752,65,362815
11982,34682157,65,362815
11983,34682175,65,362815
11984,34682517,65,362815
11985,34682571,65,362815
11986,34682715,65,362815
11987,34682751,65,362815
11988,34685127,65,362815
11989,34685172,65,362815
11990,34685217,65,362815
11991,34685271,65,362815
11992,34685712,65,362815
11993,34685721,65,362815
11994,34687125,65,362815
11995,34687152,65,362815
11996,34687215,65,362815
11997,34687251,65,362815
11998,34687512,65,362815
11999,34687521,65,362815
12000,34712568,65,362815
12001,34712586,65,362815
12002,34712658,65,362815
12003,34712685,65,362815
12004,34712856,65,362815
12005,34712865,65,362815
12006,34715268,65,362815
12007,34715286,65,362815
12008,34715628,65,362815
12009,34715682,65,362815
12010,34715826,65,362815
12011,34715862,65,362815
12012,34716258,65,362815
12013,34716285,65,362815
12014,34716528,65,362815
12015,34716582,65,362815
12016,34716825,65,362815
12017,34716852,65,362815
12018,34718256,65,362815
12019,34718265,65,362815
12020,34718526,65,362815
12021,34718562,65,362815
12022,34718625,65,362815
12023,34718652,65,362815
12024,34721568,65,362815
12025,34721586,65,362815
12026,34721658,65,362815
12027,34721685,65,362815
12028,34721856,65,362815
12029,34721865,65,362815
12030,34725168,65,362815
12031,34725186,65,362815
12032,34725618,65,362815
12033,34725681,65,362815
12034,34725816,65,362815
12035,34725861,65,362815
12036,34726158,65,362815
12037,34726185,65,362815
12038,34726518,65,362815
12039,34726581,65,362815
12040,34726815,65,362815
12041,34726851,65,362815
12042,34728156,65,362815
12043,34728165,65,362815
12044,34728516,65,362815
12045,34728561,65,362815
12046,34728615,65,362815
12047,34728651,65,362815
12048,34751268,65,362815
12049,34751286,65,362815
12050,34751628,65,362815
12051,34751682,65,362815
12052,34751826,65,362815
12053,34751862,65,362815
12054,34752168,65,362815
12055,34752186,65,362815
12056,34752618,65,362815
12057,34752681,65,362815
12058,34752816,65,362815
12059,34752861,65,362815
12060,34756128,65,362815
12061,34756182,65,362815
12062,34756218,65,362815
12063,34756281,65,362815
12064,34756812,65,362815
12065,34756821,65,362815
12066,34758126,65,362815
12067,34758162,65,362815
12068,34758216,65,362815
12069,34758261,65,362815
12070,34758612,65,362815
12071,34758621,65,362815
12072,34761258,65,362815
12073,34761285,65,362815
12074,34761528,65,362815
12075,34761582,65,362815
12076,34761825,65,362815
12077,34761852,65,362815
12078,34762158,65,362815
12079,34762185,65,362815
12080,34762518,65,362815
12081,34762581,65,362815
12082,34762815,65,362815
12083,34762851,65,362815
12084,34765128,65,362815
12085,34765182,65,362815
12086,34765218,65,362815
12087,34765281,65,362815
12088,34765812,65,362815
12089,34765821,65,362815
12090,34768125,65,362815
12091,34768152,65,362815
12092,34768215,65,362815
12093,34768251,65,362815
12094,34768512,65,362815
12095,34768521,65,362815
12096,34781256,65,362815
12097,34781265,65,362815
12098,34781526,65,362815
12099,34781562,65,362815
12100,34781625,65,362815
12101,34781652,65,362815
12102,34782156,65,362815
12103,34782165,65,362815
12104,34782516,65,362815
12105,34782561,65,362815
12106,34782615,65,362815
12107,34782651,65,362815
12108,34785126,65,362815
12109,34785162,65,362815
12110,34785216,65,362815
12111,34785261,65,362815
12112,34785612,65,362815
12113,34785621,65,362815
12114,34786125,65,362815
12115,34786152,65,362815
12116,34786215,65,362815
12117,34786251,65,362815
12118,34786512,65,362815
12119,34786521,65,362815
12120,34812567,65,362815
12121,34812576,65,362815
12122,34812657,65,362815
12123,34812675,65,362815
12124,34812756,65,362815
12125,34812765,65,362815
12126,34815267,65,362815
12127,34815276,65,362815
12128,34815627,65,362815
12129,34815672,65,362815
12130,34815726,65,362815
12131,34815762,65,362815
12132,34816257,65,362815
12133,34816275,65,362815
12134,34816527,65,362815
12135,34816572,65,362815
12136,34816725,65,362815
12137,34816752,65,362815
12138,34817256,65,362815
12139,34817265,65,362815
12140,34817526,65,362815
12141,34817562,65,362815
12142,34817625,65,362815
12143,34817652,65,362815
12144,34821567,65,362815
12145,34821576,65,362815
12146,34821657,65,362815
12147,34821675,65,362815
12148,34821756,65,362815
12149,34821765,65,362815
12150,34825167,65,362815
12151,34825176,65,362815
12152,34825617,65,362815
12153,34825671,65,362815
12154,34825716,65,362815
12155,34825761,65,362815
12156,34826157,65,362815
12157,34826175,65,362815
12158,34826517,65,362815
12159,34826571,65,362815
12160,34826715,65,362815
12161,34826751,65,362815
12162,34827156,65,362815
12163,34827165,65,362815
12164,34827516,65,362815
12165,34827561,65,362815
12166,34827615,65,362815
12167,34827651,65,362815
12168,34851267,65,362815
12169,34851276,65,362815
12170,34851627,65,362815
12171,34851672,65,362815
12172,34851726,65,362815
12173,34851762,65,362815
12174,34852167,65,362815
12175,34852176,65,362815
12176,34852617,65,362815
12177,34852671,65,362815
12178,34852716,65,362815
12179,34852761,65,362815
12180,34856127,65,362815
12181,34856172,65,362815
12182,34856217,65,362815
12183,34856271,65,362815
12184,34856712,65,362815
12185,34856721,65,362815
12186,34857126,65,362815
12187,34857162,65,362815
12188,34857216,65,362815
12189,34857261,65,362815
12190,34857612,65,362815
12191,34857621,65,362815
12192,34861257,65,362815
12193,34861275,65,362815
12194,34861527,65,362815
12195,34861572,65,362815
12196,34861725,65,362815
12197,34861752,65,362815
12198,34862157,65,362815
12199,34862175,65,362815
12200,34862517,65,362815
12201,34862571,65,362815
12202,34862715,65,362815
12203,34862751,65,362815
12204,34865127,65,362815
12205,34865172,65,362815
12206,34865217,65,362815
12207,34865271,65,362815
12208,34865712,65,362815
12209,34865721,65,362815
12210,34867125,65,362815
12211,34867152,65,362815
12212,34867215,65,362815
12213,34867251,65,362815
12214,34867512,65,362815
12215,34867521,65,362815
12216,34871256,65,362815
12217,34871265,65,362815
12218,34871526,65,362815
12219,34871562,65,362815
12220,34871625,65,362815
12221,34871652,65,362815
12222,34872156,65,362815
12223,34872165,65,362815
12224,34872516,65,362815
12225,34872561,65,362815
12226,34872615,65,362815
12227,34872651,65,362815
12228,34875126,65,362815
12229,34875162,65,362815
12230,34875216,65,362815
12231,34875261,65,362815
12232,34875612,65,362815
12233,34875621,65,362815
12234,34876125,65,362815
12235,34876152,65,362815
12236,34876215,65,362815
12237,34876251,65,362815
12238,34876512,65,362815
12239,34876521,65,362815
12240,35124678,65,362815
12241,35124687,65,362815
12242,35124768,65,362815
12243,35124786,65,362815
12244,35124867,65,362815
12245,35124876,65,362815
12246,35126478,65,362815
12247,35126487,65,362815
12248,35126748,65,362815
12249,35126784,65,362815
12250,35126847,65,362815
12251,35126874,65,362815
12252,35127468,65,362815
12253,35127486,65,362815
12254,35127648,65,362815
12255,35127684,65,362815
12256,35127846,65,362815
12257,35127864,65,362815
12258,35128467,65,362815
12259,35128476,65,362815
12260,35128647,65,362815
12261,35128674,65,362815
12262,35128746,65,362815
12263,35128764,65,362815
12264,35142678,65,362815
12265,35142687,65,362815
12266,35142768,65,362815
12267,35142786,65,362815
12268,35142867,65,362815
12269,35142876,65,362815
12270,35146278,65,362815
12271,35146287,65,362815
12272,35146728,65,362815
12273,35146782,65,362815
12274,35146827,65,362815
12275,35146872,65,362815
12276,35147268,65,362815
12277,35147286,65,362815
12278,35147628,65,362815
12279,35147682,65,362815
12280,35147826,65,362815
12281,35147862,65,362815
12282,35148267,65,362815
12283,35148276,65,362815
12284,35148627,65,362815
12285,35148672,65,362815
12286,35148726,65,362815
12287,35148762,65,362815
12288,35162478,65,362815
12289,35162487,65,362815
12290,35162748,65,362815
12291,35162784,65,362815
12292,35162847,65,362815
12293,35162874,65,362815
12294,35164278,65,362815
12295,35164287,65,362815
12296,35164728,65,362815
12297,35164782,65,362815
12298,35164827,65,362815
12299,35164872,65,362815
12300,35167248,65,362815
12301,35167284,65,362815
12302,35167428,65,362815
12303,35167482,65,362815
12304,35167824,65,362815
12305,35167842,65,362815
12306,35168247,65,362815
12307,35168274,65,362815
12308,35168427,65,362815
12309,35168472,65,362815
12310,35168724,65,362815
12311,35168742,65,362815
12312,35172468,65,362815
12313,35172486,65,362815
12314,35172648,65,362815
12315,35172684,65,362815
12316,35172846,65,362815
12317,35172864,65,362815
12318,35174268,65,362815
12319,35174286,65,362815
12320,35174628,65,362815
12321,35174682,65,362815
12322,35174826,65,362815
12323,35174862,65,362815
12324,35176248,65,362815
12325,35176284,65,362815
12326,35176428,65,362815
12327,35176482,65,362815
12328,35176824,65,362815
12329,35176842,65,362815
12330,35178246,65,362815
12331,35178264,65,362815
12332,35178426,65,362815
12333,35178462,65,362815
12334,35178624,65,362815
12335,35178642,65,362815
12336,35182467,65,362815
12337,35182476,65,362815
12338,35182647,65,362815
12339,35182674,65,362815
12340,35182746,65,362815
12341,35182764,65,362815
12342,35184267,65,362815
12343,35184276,65,362815
12344,35184627,65,362815
12345,35184672,65,362815
12346,35184726,65,362815
12347,35184762,65,362815
12348,35186247,65,362815
12349,35186274,65,362815
12350,35186427,65,362815
12351,35186472,65,362815
12352,35186724,65,362815
12353,35186742,65,362815
12354,35187246,65,362815
12355,35187264,65,362815
12356,35187426,65,362815
12357,35187462,65,362815
12358,35187624,65,362815
12359,35187642,65,362815
12360,35214678,65,362815
12361,35214687,65,362815
12362,35214768,65,362815
12363,35214786,65,362815
12364,35214867,65,362815
12365,35214876,65,362815
12366,35216478,65,362815
12367,35216487,65,362815
12368,35216748,65,362815
12369,35216784,65,362815
12370,35216847,65,362815
12371,35216874,65,362815
12372,35217468,65,362815
12373,35217486,65,362815
12374,35217648,65,362815
12375,35217684,65,362815
12376,35217846,65,362815
12377,35217864,65,362815
12378,35218467,65,362815
12379,35218476,65,362815
12380,35218647,65,362815
12381,35218674,65,362815
12382,35218746,65,362815
12383,35218764,65,362815
12384,35241678,65,362815
12385,35241687,65,362815
12386,35241768,65,362815
12387,35241786,65,362815
12388,35241867,65,362815
12389,35241876,65,362815
12390,35246178,65,362815
12391,35246187,65,362815
12392,35246718,65,362815
12393,35246781,65,362815
12394,35246817,65,362815
12395,35246871,65,362815
12396,35247168,65,362815
12397,35247186,65,362815
12398,35247618,65,362815
12399,35247681,65,362815
12400,35247816,65,362815
12401,35247861,65,362815
12402,35248167,65,362815
12403,35248176,65,362815
12404,35248617,65,362815
12405,35248671,65,362815
12406,35248716,65,362815
12407,35248761,65,362815
12408,35261478,65,362815
12409,35261487,65,362815
12410,35261748,65,362815
12411,35261784,65,362815
12412,35261847,65,362815
12413,35261874,65,362815
12414,35264178,65,362815
12415,35264187,65,362815
12416,35264718,65,362815
12417,35264781,65,362815
12418,35264817,65,362815
12419,35264871,65,362815
12420,35267148,65,362815
12421,35267184,65,362815
12422,35267418,65,362815
12423,35267481,65,362815
12424,35267814,65,362815
12425,35267841,65,362815
12426,35268147,65,362815
12427,35268174,65,362815
12428,35268417,65,362815
12429,35268471,65,362815
12430,35268714,65,362815
12431,35268741,65,362815
12432,35271468,65,362815
12433,35271486,65,362815
12434,35271648,65,362815
12435,35271684,65,362815
12436,35271846,65,362815
12437,35271864,65,362815
12438,35274168,65,362815
12439,35274186,65,362815
12440,35274618,65,362815
12441,35274681,65,362815
12442,35274816,65,362815
12443,35274861,65,362815
12444,35276148,65,362815
12445,35276184,65,362815
12446,35276418,65,362815
12447,35276481,65,362815
12448,35276814,65,362815
12449,35276841,65,362815
12450,35278146,65,362815
12451,35278164,65,362815
12452,35278416,65,362815
12453,35278461,65,362815
12454,35278614,65,362815
12455,35278641,65,362815
12456,35281467,65,362815
12457,35281476,65,362815
12458,35281647,65,362815
12459,35281674,65,362815
12460,35281746,65,362815
12461,35281764,65,362815
12462,35284167,65,362815
12463,35284176,65,362815
12464,35284617,65,362815
12465,35284671,65,362815
12466,35284716,65,362815
12467,35284761,65,362815
12468,35286147,65,362815
12469,35286174,65,362815
12470,35286417,65,362815
12471,35286471,65,362815
12472,35286714,65,362815
12473,35286741,65,362815
12474,35287146,65,362815
12475,35287164,65,362815
12476,35287416,65,362815
12477,35287461,65,362815
12478,35287614,65,362815
12479,35287641,65,362815
12480,35412678,65,362815
12481,35412687,65,362815
12482,35412768,65,362815
12483,35412786,65,362815
12484,35412867,65,362815
12485,35412876,65,362815
12486,35416278,65,362815
12487,35416287,65,362815
12488,35416728,65,362815
12489,35416782,65,362815
12490,35416827,65,362815
12491,35416872,65,362815
12492,35417268,65,362815
12493,35417286,65,362815
12494,35417628,65,362815
12495,35417682,65,362815
12496,35417826,65,362815
12497,35417862,65,362815
12498,35418267,65,362815
12499,35418276,65,362815
12500,35418627,65,362815
12501,35418672,65,362815
12502,35418726,65,362815
12503,35418762,65,362815
12504,35421678,65,362815
12505,35421687,65,362815
12506,35421768,65,362815
12507,35421786,65,362815
12508,35421867,65,362815
12509,35421876,65,362815
12510,35426178,65,362815
12511,35426187,65,362815
12512,35426718,65,362815
12513,35426781,65,362815
12514,35426817,65,362815
12515,35426871,65,362815
12516,35427168,65,362815
12517,35427186,65,362815
12518,35427618,65,362815
12519,35427681,65,362815
12520,35427816,65,362815
12521,35427861,65,362815
12522,35428167,65,362815
12523,35428176,65,362815
12524,35428617,65,362815
12525,35428671,65,362815
12526,35428716,65,362815
12527,35428761,65,362815
12528,35461278,65,362815
12529,35461287,65,362815
12530,35461728,65,362815
12531,35461782,65,362815
12532,35461827,65,362815
12533,35461872,65,362815
12534,35462178,65,362815
12535,35462187,65,362815
12536,35462718,65,362815
12537,35462781,65,362815
12538,35462817,65,362815
12539,35462871,65,362815
12540,35467128,65,362815
12541,35467182,65,362815
12542,35467218,65,362815
12543,35467281,65,362815
12544,35467812,65,362815
12545,35467821,65,362815
12546,35468127,65,362815
12547,35468172,65,362815
12548,35468217,65,362815
12549,35468271,65,362815
12550,35468712,65,362815
12551,35468721,65,362815
12552,35471268,65,362815
12553,35471286,65,362815
12554,35471628,65,362815
12555,35471682,65,362815
12556,35471826,65,362815
12557,35471862,65,362815
12558,35472168,65,362815
12559,35472186,65,362815
12560,35472618,65,362815
12561,35472681,65,362815
12562,35472816,65,362815
12563,35472861,65,362815
12564,35476128,65,362815
12565,35476182,65,362815
12566,35476218,65,362815
12567,35476281,65,362815
12568,35476812,65,362815
12569,35476821,65,362815
12570,35478126,65,362815
12571,35478162,65,362815
12572,35478216,65,362815
12573,35478261,65,362815
12574,35478612,65,362815
12575,35478621,65,362815
12576,35481267,65,362815
12577,35481276,65,362815
12578,35481627,65,362815
12579,35481672,65,362815
12580,35481726,65,362815
12581,35481762,65,362815
12582,35482167,65,362815
12583,35482176,65,362815
12584,35482617,65,362815
12585,35482671,65,362815
12586,35482716,65,362815
12587,35482761,65,362815
12588,35486127,65,362815
12589,35486172,65,362815
12590,35486217,65,362815
12591,35486271,65,362815
12592,35486712,65,362815
12593,35486721,65,362815
12594,35487126,65,362815
12595,35487162,65,362815
12596,35487216,65,362815
12597,35487261,65,362815
12598,35487612,65,362815
12599,35487621,65,362815
12600,35612478,65,362815
12601,35612487,65,362815
12602,35612748,65,362815
12603,35612784,65,362815
12604,35612847,65,362815
12605,35612874,65,362815
12606,35614278,65,362815
12607,35614287,65,362815
12608,35614728,65,362815
12609,35614782,65,362815
12610,35614827,65,362815
12611,35614872,65,362815
12612,35617248,65,362815
12613,35617284,65,362815
12614,35617428,65,362815
12615,35617482,65,362815
12616,35617824,65,362815
12617,35617842,65,362815
12618,35618247,65,362815
12619,35618274,65,362815
12620,35618427,65,362815
12621,35618472,65,362815
12622,35618724,65,362815
12623,35618742,65,362815
12624,35621478,65,362815
12625,35621487,65,362815
12626,35621748,65,362815
12627,35621784,65,362815
12628,35621847,65,362815
12629,35621874,65,362815
12630,35624178,65,362815
12631,35624187,65,362815
12632,35624718,65,362815
12633,35624781,65,362815
12634,35624817,65,362815
12635,35624871,65,362815
12636,35627148,65,362815
12637,35627184,65,362815
12638,35627418,65,362815
12639,35627481,65,362815
12640,35627814,65,362815
12641,35627841,65,362815
12642,35628147,65,362815
12643,35628174,65,362815
12644,35628417,65,362815
12645,35628471,65,362815
12646,35628714,65,362815
12647,35628741,65,362815
12648,35641278,65,362815
12649,35641287,65,362815
12650,35641728,65,362815
12651,35641782,65,362815
12652,35641827,65,362815
12653,35641872,65,362815
12654,35642178,65,362815
12655,35642187,65,362815
12656,35642718,65,362815
12657,35642781,65,362815
12658,35642817,65,362815
12659,35642871,65,362815
12660,35647128,65,362815
12661,35647182,65,362815
12662,35647218,65,362815
12663,35647281,65,362815
12664,35647812,65,362815
12665,35647821,65,362815
12666,35648127,65,362815
12667,35648172,65,362815
12668,35648217,65,362815
12669,35648271,65,362815
12670,35648712,65,362815
12671,35648721,65,362815
12672,35671248,65,362815
12673,35671284,65,362815
12674,35671428,65,362815
12675,35671482,65,362815
12676,35671824,65,362815
12677,35671842,65,362815
12678,35672148,65,362815
12679,35672184,65,362815
12680,35672418,65,362815
12681,35672481,65,362815
12682,35672814,65,362815
12683,35672841,65,362815
12684,35674128,65,362815
12685,35674182,65,362815
12686,35674218,65,362815
12687,35674281,65,362815
12688,35674812,65,362815
12689,35674821,65,362815
12690,35678124,65,362815
12691,35678142,65,362815
12692,35678214,65,362815
12693,35678241,65,362815
12694,35678412,65,362815
12695,35678421,65,362815
12696,35681247,65,362815
12697,35681274,65,362815
12698,35681427,65,362815
12699,35681472,65,362815
12700,35681724,65,362815
12701,35681742,65,362815
12702,35682147,65,362815
12703,35682174,65,362815
12704,35682417,65,362815
12705,35682471,65,362815
12706,35682714,65,362815
12707,35682741,65,362815
12708,35684127,65,362815
12709,35684172,65,362815
12710,35684217,65,362815
12711,35684271,65,362815
12712,35684712,65,362815
12713,35684721,65,362815
12714,35687124,65,362815
12715,35687142,65,362815
12716,35687214,65,362815
12717,35687241,65,362815
12718,35687412,65,362815
12719,35687421,65,362815
12720,35712468,65,362815
12721,35712486,65,362815
12722,35712648,65,362815
12723,35712684,65,362815
12724,35712846,65,362815
12725,35712864,65,362815
12726,35714268,65,362815
12727,35714286,65,362815
12728,35714628,65,362815
12729,35714682,65,362815
12730,35714826,65,362815
12731,35714862,65,362815
12732,35716248,65,362815
12733,35716284,65,362815
12734,35716428,65,362815
12735,35716482,65,362815
12736,35716824,65,362815
12737,35716842,65,362815
12738,35718246,65,362815
12739,35718264,65,362815
12740,35718426,65,362815
12741,35718462,65,362815
12742,35718624,65,362815
12743,35718642,65,362815
12744,35721468,65,362815
12745,35721486,65,362815
12746,35721648,65,362815
12747,35721684,65,362815
12748,35721846,65,362815
12749,35721864,65,362815
12750,35724168,65,362815
12751,35724186,65,362815
12752,35724618,65,362815
12753,35724681,65,362815
12754,35724816,65,362815
12755,35724861,65,362815
12756,35726148,65,362815
12757,35726184,65,362815
12758,35726418,65,362815
12759,35726481,65,362815
12760,35726814,65,362815
12761,35726841,65,362815
12762,35728146,65,362815
12763,35728164,65,362815
12764,35728416,65,362815
12765,35728461,65,362815
12766,35728614,65,362815
12767,35728641,65,362815
12768,35741268,65,362815
12769,35741286,65,362815
12770,35741628,65,362815
12771,35741682,65,362815
12772,35741826,65,362815
12773,35741862,65,362815
12774,35742168,65,362815
12775,35742186,65,362815
12776,35742618,65,362815
12777,35742681,65,362815
12778,35742816,65,362815
12779,35742861,65,362815
12780,35746128,65,362815
12781,35746182,65,362815
12782,35746218,65,362815
12783,35746281,65,362815
12784,35746812,65,362815
12785,35746821,65,362815
12786,35748126,65,362815
12787,35748162,65,362815
12788,35748216,65,362815
12789,35748261,65,362815
12790,35748612,65,362815
12791,35748621,65,362815
12792,35761248,65,362815
12793,35761284,65,362815
12794,35761428,65,362815
12795,35761482,65,362815
12796,35761824,65,362815
12797,35761842,65,362815
12798,35762148,65,362815
12799,35762184,65,362815
12800,35762418,65,362815
12801,35762481,65,362815
12802,35762814,65,362815
12803,35762841,65,362815
12804,35764128,65,362815
12805,35764182,65,362815
12806,35764218,65,362815
12807,35764281,65,362815
12808,35764812,65,362815
12809,35764821,65,362815
12810,35768124,65,362815
12811,35768142,65,362815
12812,35768214,65,362815
12813,35768241,65,362815
12814,35768412,65,362815
12815,35768421,65,362815
12816,35781246,65,362815
12817,35781264,65,362815
12818,35781426,65,362815
12819,35781462,65,362815
12820,35781624,65,362815
12821,35781642,65,362815
12822,35782146,65,362815
12823,35782164,65,362815
12824,35782416,65,362815
12825,35782461,65,362815
12826,35782614,65,362815
12827,35782641,65,362815
12828,35784126,65,362815
12829,35784162,65,362815
12830,35784216,65,362815
12831,35784261,65,362815
12832,35784612,65,362815
12833,35784621,65,362815
12834,35786124,65,362815
12835,35786142,65,362815
12836,35786214,65,362815
12837,35786241,65,362815
12838,35786412,65,362815
12839,35786421,65,362815
12840,35812467,65,362815
12841,35812476,65,362815
12842,35812647,65,362815
12843,35812674,65,362815
12844,35812746,65,362815
12845,35812764,65,362815
12846,35814267,65,362815
12847,35814276,65,362815
12848,35814627,65,362815
12849,35814672,65,362815
12850,35814726,65,362815
12851,35814762,65,362815
12852,35816247,65,362815
12853,35816274,65,362815
12854,35816427,65,362815
12855,35816472,65,362815
12856,35816724,65,362815
12857,35816742,65,362815
12858,35817246,65,362815
12859,35817264,65,362815
12860,35817426,65,362815
12861,35817462,65,362815
12862,35817624,65,362815
12863,35817642,65,362815
12864,35821467,65,362815
12865,35821476,65,362815
12866,35821647,65,362815
12867,35821674,65,362815
12868,35821746,65,362815
12869,35821764,65,362815
12870,35824167,65,362815
12871,35824176,65,362815
12872,35824617,65,362815
12873,35824671,65,362815
12874,35824716,65,362815
12875,35824761,65,362815
12876,35826147,65,362815
12877,35826174,65,362815
12878,35826417,65,362815
12879,35826471,65,362815
12880,35826714,65,362815
12881,35826741,65,362815
12882,35827146,65,362815
12883,35827164,65,362815
12884,35827416,65,362815
12885,35827461,65,362815
12886,35827614,65,362815
12887,35827641,65,362815
12888,35841267,65,362815
12889,35841276,65,362815
12890,35841627,65,362815
12891,35841672,65,362815
12892,35841726,65,362815
12893,35841762,65,362815
12894,35842167,65,362815
12895,35842176,65,362815
12896,35842617,65,362815
12897,35842671,65,362815
12898,35842716,65,362815
12899,35842761,65,362815
12900,35846127,65,362815
12901,35846172,65,362815
12902,35846217,65,362815
12903,35846271,65,362815
12904,35846712,65,362815
12905,35846721,65,362815
12906,35847126,65,362815
12907,35847162,65,362815
12908,35847216,65,362815
12909,35847261,65,362815
12910,35847612,65,362815
12911,35847621,65,362815
12912,35861247,65,362815
12913,35861274,65,362815
12914,35861427,65,362815
12915,35861472,65,362815
12916,35861724,65,362815
12917,35861742,65,362815
12918,35862147,65,362815
12919,35862174,65,362815
12920,35862417,65,362815
12921,35862471,65,362815
12922,35862714,65,362815
12923,35862741,65,362815
12924,35864127,65,362815
12925,35864172,65,362815
12926,35864217,65,362815
12927,35864271,65,362815
12928,35864712,65,362815
12929,35864721,65,362815
12930,35867124,65,362815
12931,35867142,65,362815
12932,35867214,65,362815
12933,35867241,65,362815
12934,35867412,65,362815
12935,35867421,65,362815
12936,35871246,65,362815
12937,35871264,65,362815
12938,35871426,65,362815
12939,35871462,65,362815
12940,35871624,65,362815
12941,35871642,65,362815
12942,35872146,65,362815
12943,35872164,65,362815
12944,35872416,65,362815
12945,35872461,65,362815
12946,35872614,65,362815
12947,35872641,65,362815
12948,35874126,65,362815
12949,35874162,65,362815
12950,35874216,65,362815
12951,35874261,65,362815
12952,35874612,65,362815
12953,35874621,65,362815
12954,35876124,65,362815
12955,35876142,65,362815
12956,35876214,65,362815
12957,35876241,65,362815
12958,35876412,65,362815
12959,35876421,65,362815
12960,36124578,65,362815
12961,36124587,65,362815
12962,36124758,65,362815
12963,36124785,65,362815
12964,36124857,65,362815
12965,36124875,65,362815
12966,36125478,65,362815
12967,36125487,65,362815
12968,36125748,65,362815
12969,36125784,65,362815
12970,36125847,65,362815
12971,36125874,65,362815
12972,36127458,65,362815
12973,36127485,65,362815
12974,36127548,65,362815
12975,36127584,65,362815
12976,36127845,65,362815
12977,36127854,65,362815
12978,36128457,65,362815
12979,36128475,65,362815
12980,36128547,65,362815
12981,36128574,65,362815
12982,36128745,65,362815
12983,36128754,65,362815
12984,36142578,65,362815
12985,36142587,65,362815
12986,36142758,65,362815
12987,36142785,65,362815
12988,36142857,65,362815
12989,36142875,65,362815
12990,36145278,65,362815
12991,36145287,65,362815
12992,36145728,65,362815
12993,36145782,65,362815
12994,36145827,65,362815
12995,36145872,65,362815
12996,36147258,65,362815
12997,36147285,65,362815
12998,36147528,65,362815
12999,36147582,65,362815
13000,36147825,65,362815
13001,36147852,65,362815
13002,36148257,65,362815
13003,36148275,65,362815
13004,36148527,65,362815
13005,36148572,65,362815
13006,36148725,65,362815
13007,36148752,65,362815
13008,36152478,65,362815
13009,36152487,65,362815
13010,36152748,65,362815
13011,36152784,65,362815
13012,36152847,65,362815
13013,36152874,65,362815
13014,36154278,65,362815
13015,36154287,65,362815
13016,36154728,65,362815
13017,36154782,65,362815
13018,36154827,65,362815
13019,36154872,65,362815
13020,36157248,65,362815
13021,36157284,65,362815
13022,36157428,65,362815
13023,36157482,65,362815
13024,36157824,65,362815
13025,36157842,65,362815
13026,36158247,65,362815
13027,36158274,65,362815
13028,36158427,65,362815
13029,36158472,65,362815
13030,36158724,65,362815
13031,36158742,65,362815
13032,36172458,65,362815
13033,36172485,65,362815
13034,36172548,65,362815
13035,36172584,65,362815
13036,36172845,65,362815
13037,36172854,65,362815
13038,36174258,65,362815
13039,36174285,65,362815
13040,36174528,65,362815
13041,36174582,65,362815
13042,36174825,65,362815
13043,36174852,65,362815
13044,36175248,65,362815
13045,36175284,65,362815
13046,36175428,65,362815
13047,36175482,65,362815
13048,36175824,65,362815
13049,36175842,65,362815
13050,36178245,65,362815
13051,36178254,65,362815
13052,36178425,65,362815
13053,36178452,65,362815
13054,36178524,65,362815
13055,36178542,65,362815
13056,36182457,65,362815
13057,36182475,65,362815
13058,36182547,65,362815
13059,36182574,65,362815
13060,36182745,65,362815
13061,36182754,65,362815
13062,36184257,65,362815
13063,36184275,65,362815
13064,36184527,65,362815
13065,36184572,65,362815
13066,36184725,65,362815
13067,36184752,65,362815
13068,36185247,65,362815
13069,36185274,65,362815
13070,36185427,65,362815
13071,36185472,65,362815
13072,36185724,65,362815
13073,36185742,65,362815
13074,36187245,65,362815
13075,36187254,65,362815
13076,36187425,65,362815
13077,36187452,65,362815
13078,36187524,65,362815
13079,36187542,65,362815
13080,36214578,65,362815
13081,36214587,65,362815
13082,36214758,65,362815
13083,36214785,65,362815
13084,36214857,65,362815
13085,36214875,65,362815
13086,36215478,65,362815
13087,36215487,65,362815
13088,36215748,65,362815
13089,36215784,65,362815
13090,36215847,65,362815
13091,36215874,65,362815
13092,36217458,65,362815
13093,36217485,65,362815
13094,36217548,65,362815
13095,36217584,65,362815
13096,36217845,65,362815
13097,36217854,65,362815
13098,36218457,65,362815
13099,36218475,65,362815
13100,36218547,65,362815
13101,36218574,65,362815
13102,36218745,65,362815
13103,36218754,65,362815
13104,36241578,65,362815
13105,36241587,65,362815
13106,36241758,65,362815
13107,36241785,65,362815
13108,36241857,65,362815
13109,36241875,65,362815
13110,36245178,65,362815
13111,36245187,65,362815
13112,36245718,65,362815
13113,36245781,65,362815
13114,36245817,65,362815
13115,36245871,65,362815
13116,36247158,65,362815
13117,36247185,65,362815
13118,36247518,65,362815
13119,36247581,65,362815
13120,36247815,65,362815
13121,36247851,65,362815
13122,36248157,65,362815
13123,36248175,65,362815
13124,36248517,65,362815
13125,36248571,65,362815
13126,36248715,65,362815
13127,36248751,65,362815
13128,36251478,65,362815
13129,36251487,65,362815
13130,36251748,65,362815
13131,36251784,65,362815
13132,36251847,65,362815
13133,36251874,65,362815
13134,36254178,65,362815
13135,36254187,65,362815
13136,36254718,65,362815
13137,36254781,65,362815
13138,36254817,65,362815
13139,36254871,65,362815
13140,36257148,65,362815
13141,36257184,65,362815
13142,36257418,65,362815
13143,36257481,65,362815
13144,36257814,65,362815
13145,36257841,65,362815
13146,36258147,65,362815
13147,36258174,65,362815
13148,36258417,65,362815
13149,36258471,65,362815
13150,36258714,65,362815
13151,36258741,65,362815
13152,36271458,65,362815
13153,36271485,65,362815
13154,36271548,65,362815
13155,36271584,65,362815
13156,36271845,65,362815
13157,36271854,65,362815
13158,36274158,65,362815
13159,36274185,65,362815
13160,36274518,65,362815
13161,36274581,65,362815
13162,36274815,65,362815
13163,36274851,65,362815
13164,36275148,65,362815
13165,36275184,65,362815
13166,36275418,65,362815
13167,36275481,65,362815
13168,36275814,65,362815
13169,36275841,65,362815
13170,36278145,65,362815
13171,36278154,65,362815
13172,36278415,65,362815
13173,36278451,65,362815
13174,36278514,65,362815
13175,36278541,65,362815
13176,36281457,65,362815
13177,36281475,65,362815
13178,36281547,65,362815
13179,36281574,65,362815
13180,36281745,65,362815
13181,36281754,65,362815
13182,36284157,65,362815
13183,36284175,65,362815
13184,36284517,65,362815
13185,36284571,65,362815
13186,36284715,65,362815
13187,36284751,65,362815
13188,36285147,65,362815
13189,36285174,65,362815
13190,36285417,65,362815
13191,36285471,65,362815
13192,36285714,65,362815
13193,36285741,65,362815
13194,36287145,65,362815
13195,36287154,65,362815
13196,36287415,65,362815
13197,36287451,65,362815
13198,36287514,65,362815
13199,36287541,65,362815
13200,36412578,65,362815
13201,36412587,65,362815
13202,36412758,65,362815
13203,36412785,65,362815
13204,36412857,65,362815
13205,36412875,65,362815
13206,36415278,65,362815
13207,36415287,65,362815
13208,36415728,65,362815
13209,36415782,65,362815
13210,36415827,65,362815
13211,36415872,65,362815
13212,36417258,65,362815
13213,36417285,65,362815
13214,36417528,65,362815
13215,36417582,65,362815
13216,36417825,65,362815
13217,36417852,65,362815
13218,36418257,65,362815
13219,36418275,65,362815
13220,36418527,65,362815
13221,36418572,65,362815
13222,36418725,65,362815
13223,36418752,65,362815
13224,36421578,65,362815
13225,36421587,65,362815
13226,36421758,65,362815
13227,36421785,65,362815
13228,36421857,65,362815
13229,36421875,65,362815
13230,36425178,65,362815
13231,36425187,65,362815
13232,36425718,65,362815
13233,36425781,65,362815
13234,36425817,65,362815
13235,36425871,65,362815
13236,36427158,65,362815
13237,36427185,65,362815
13238,36427518,65,362815
13239,36427581,65,362815
13240,36427815,65,362815
13241,36427851,65,362815
13242,36428157,65,362815
13243,36428175,65,362815
13244,36428517,65,362815
13245,36428571,65,362815
13246,36428715,65,362815
13247,36428751,65,362815
13248,36451278,65,362815
13249,36451287,65,362815
13250,36451728,65,362815
13251,36451782,65,362815
13252,36451827,65,362815
13253,36451872,65,362815
13254,36452178,65,362815
13255,36452187,65,362815
13256,36452718,65,362815
13257,36452781,65,362815
13258,36452817,65,362815
13259,36452871,65,362815
13260,36457128,65,362815
13261,36457182,65,362815
13262,36457218,65,362815
13263,36457281,65,362815
13264,36457812,65,362815
13265,36457821,65,362815
13266,36458127,65,362815
13267,36458172,65,362815
13268,36458217,65,362815
13269,36458271,65,362815
13270,36458712,65,362815
13271,36458721,65,362815
13272,36471258,65,362815
13273,36471285,65,362815
13274,36471528,65,362815
13275,36471582,65,362815
13276,36471825,65,362815
13277,36471852,65,362815
13278,36472158,65,362815
13279,36472185,65,362815
13280,36472518,65,362815
13281,36472581,65,362815
13282,36472815,65,362815
13283,36472851,65,362815
13284,36475128,65,362815
13285,36475182,65,362815
13286,36475218,65,362815
13287,36475281,65,362815
13288,36475812,65,362815
13289,36475821,65,362815
13290,36478125,65,362815
13291,36478152,65,362815
13292,36478215,65,362815
13293,36478251,65,362815
13294,36478512,65,362815
13295,36478521,65,362815
13296,36481257,65,362815
13297,36481275,65,362815
13298,36481527,65,362815
13299,36481572,65,362815
13300,36481725,65,362815
13301,36481752,65,362815
13302,36482157,65,362815
13303,36482175,65,362815
13304,36482517,65,362815
13305,36482571,65,362815
13306,36482715,65,362815
13307,36482751,65,362815
13308,36485127,65,362815
13309,36485172,65,362815
13310,36485217,65,362815
13311,36485271,65,362815
13312,36485712,65,362815
13313,36485721,65,362815
13314,36487125,65,362815
13315,36487152,65,362815
13316,36487215,65,362815
13317,36487251,65,362815
13318,36487512,65,362815
13319,36487521,65,362815
13320,36512478,65,362815
13321,36512487,65,362815
13322,36512748,65,362815
13323,36512784,65,362815
13324,36512847,65,362815
13325,36512874,65,362815
13326,36514278,65,362815
13327,36514287,65,362815
13328,36514728,65,362815
13329,36514782,65,362815
13330,36514827,65,362815
13331,36514872,65,362815
13332,36517248,65,362815
13333,36517284,65,362815
13334,36517428,65,362815
13335,36517482,65,362815
13336,36517824,65,362815
13337,36517842,65,362815
13338,36518247,65,362815
13339,36518274,65,362815
13340,36518427,65,362815
13341,36518472,65,362815
13342,36518724,65,362815
13343,36518742,65,362815
13344,36521478,65,362815
13345,36521487,65,362815
13346,36521748,65,362815
13347,36521784,65,362815
13348,36521847,65,362815
13349,36521874,65,362815
13350,36524178,65,362815
13351,36524187,65,362815
13352,36524718,65,362815
13353,36524781,65,362815
13354,36524817,65,362815
13355,36524871,65,362815
13356,36527148,65,362815
13357,36527184,65,362815
13358,36527418,65,362815
13359,36527481,65,362815
13360,36527814,65,362815
13361,36527841,65,362815
13362,36528147,65,362815
13363,36528174,65,362815
13364,36528417,65,362815
13365,36528471,65,362815
13366,36528714,65,362815
13367,36528741,65,362815
13368,36541278,65,362815
13369,36541287,65,362815
13370,36541728,65,362815
13371,36541782,65,362815
13372,36541827,65,362815
13373,36541872,65,362815
13374,36542178,65,362815
13375,36542187,65,362815
13376,36542718,65,362815
13377,36542781,65,362815
13378,36542817,65,362815
13379,36542871,65,362815
13380,36547128,65,362815
13381,36547182,65,362815
13382,36547218,65,362815
13383,36547281,65,362815
13384,36547812,65,362815
13385,36547821,65,362815
13386,36548127,65,362815
13387,36548172,65,362815
13388,36548217,65,362815
13389,36548271,65,362815
13390,36548712,65,362815
13391,36548721,65,362815
13392,36571248,65,362815
13393,36571284,65,362815
13394,36571428,65,362815
13395,36571482,65,362815
13396,36571824,65,362815
13397,36571842,65,362815
13398,36572148,65,362815
13399,36572184,65,362815
13400,36572418,65,362815
13401,36572481,65,362815
13402,36572814,65,362815
13403,36572841,65,362815
13404,36574128,65,362815
13405,36574182,65,362815
13406,36574218,65,362815
13407,36574281,65,362815
13408,36574812,65,362815
13409,36574821,65,362815
13410,36578124,65,362815
13411,36578142,65,362815
13412,36578214,65,362815
13413,36578241,65,362815
13414,36578412,65,362815
13415,36578421,65,362815
13416,36581247,65,362815
13417,36581274,65,362815
13418,36581427,65,362815
13419,36581472,65,362815
13420,36581724,65,362815
13421,36581742,65,362815
13422,36582147,65,362815
13423,36582174,65,362815
13424,36582417,65,362815
13425,36582471,65,362815
13426,36582714,65,362815
13427,36582741,65,362815
13428,36584127,65,362815
13429,36584172,65,362815
13430,36584217,65,362815
13431,36584271,65,362815
13432,36584712,65,362815
13433,36584721,65,362815
13434,36587124,65,362815
13435,36587142,65,362815
13436,36587214,65,362815
13437,36587241,65,362815
13438,36587412,65,362815
13439,36587421,65,362815
13440,36712458,65,362815
13441,36712485,65,362815
13442,36712548,65,362815
13443,36712584,65,362815
13444,36712845,65,362815
13445,36712854,65,362815
13446,36714258,65,362815
13447,36714285,65,362815
13448,36714528,65,362815
13449,36714582,65,362815
13450,36714825,65,362815
13451,36714852,65,362815
13452,36715248,65,362815
13453,36715284,65,362815
13454,36715428,65,362815
13455,36715482,65,362815
13456,36715824,65,362815
13457,36715842,65,362815
13458,36718245,65,362815
13459,36718254,65,362815
13460,36718425,65,362815
13461,36718452,65,362815
13462,36718524,65,362815
13463,36718542,65,362815
13464,36721458,65,362815
13465,36721485,65,362815
13466,36721548,65,362815
13467,36721584,65,362815
13468,36721845,65,362815
13469,36721854,65,362815
13470,36724158,65,362815
13471,36724185,65,362815
13472,36724518,65,362815
13473,36724581,65,362815
13474,36724815,65,362815
13475,36724851,65,362815
13476,36725148,65,362815
13477,36725184,65,362815
13478,36725418,65,362815
13479,36725481,65,362815
13480,36725814,65,362815
13481,36725841,65,362815
13482,36728145,65,362815
13483,36728154,65,362815
13484,36728415,65,362815
13485,36728451,65,362815
13486,36728514,65,362815
13487,36728541,65,362815
13488,36741258,65,362815
13489,36741285,65,362815
13490,36741528,65,362815
13491,36741582,65,362815
13492,36741825,65,362815
13493,36741852,65,362815
13494,36742158,65,362815
13495,36742185,65,362815
13496,36742518,65,362815
13497,36742581,65,362815
13498,36742815,65,362815
13499,36742851,65,362815
13500,36745128,65,362815
13501,36745182,65,362815
13502,36745218,65,362815
13503,36745281,65,362815
13504,36745812,65,362815
13505,36745821,65,362815
13506,36748125,65,362815
13507,36748152,65,362815
13508,36748215,65,362815
13509,36748251,65,362815
13510,36748512,65,362815
13511,36748521,65,362815
13512,36751248,65,362815
13513,36751284,65,362815
13514,36751428,65,362815
13515,36751482,65,362815
13516,36751824,65,362815
13517,36751842,65,362815
13518,36752148,65,362815
13519,36752184,65,362815
13520,36752418,65,362815
13521,36752481,65,362815
13522,36752814,65,362815
13523,36752841,65,362815
13524,36754128,65,362815
13525,36754182,65,362815
13526,36754218,65,362815
13527,36754281,65,362815
13528,36754812,65,362815
13529,36754821,65,362815
13530,36758124,65,362815
13531,36758142,65,362815
13532,36758214,65,362815
13533,36758241,65,362815
13534,36758412,65,362815
13535,36758421,65,362815
13536,36781245,65,362815
13537,36781254,65,362815
13538,36781425,65,362815
13539,36781452,65,362815
13540,36781524,65,362815
13541,36781542,65,362815
13542,36782145,65,362815
13543,36782154,65,362815
13544,36782415,65,362815
13545,36782451,65,362815
13546,36782514,65,362815
13547,36782541,65,362815
13548,36784125,65,362815
13549,36784152,65,362815
13550,36784215,65,362815
13551,36784251,65,362815
13552,36784512,65,362815
13553,36784521,65,362815
13554,36785124,65,362815
13555,36785142,65,362815
13556,36785214,65,362815
13557,36785241,65,362815
13558,36785412,65,362815
13559,36785421,65,362815
13560,36812457,65,362815
13561,36812475,65,362815
13562,36812547,65,362815
13563,36812574,65,362815
13564,36812745,65,362815
13565,36812754,65,362815
13566,36814257,65,362815
13567,36814275,65,362815
13568,36814527,65,362815
13569,36814572,65,362815
13570,36814725,65,362815
13571,36814752,65,362815
13572,36815247,65,362815
13573,36815274,65,362815
13574,36815427,65,362815
13575,36815472,65,362815
13576,36815724,65,362815
13577,36815742,65,362815
13578,36817245,65,362815
13579,36817254,65,362815
13580,36817425,65,362815
13581,36817452,65,362815
13582,36817524,65,362815
13583,36817542,65,362815
13584,36821457,65,362815
13585,36821475,65,362815
13586,36821547,65,362815
13587,36821574,65,362815
13588,36821745,65,362815
13589,36821754,65,362815
13590,36824157,65,362815
13591,36824175,65,362815
13592,36824517,65,362815
13593,36824571,65,362815
13594,36824715,65,362815
13595,36824751,65,362815
13596,36825147,65,362815
13597,36825174,65,362815
13598,36825417,65,362815
13599,36825471,65,362815
13600,36825714,65,362815
13601,36825741,65,362815
13602,36827145,65,362815
13603,36827154,65,362815
13604,36827415,65,362815
13605,36827451,65,362815
13606,36827514,65,362815
13607,36827541,65,362815
13608,36841257,65,362815
13609,36841275,65,362815
13610,36841527,65,362815
13611,36841572,65,362815
13612,36841725,65,362815
13613,36841752,65,362815
13614,36842157,65,362815
13615,36842175,65,362815
13616,36842517,65,362815
13617,36842571,65,362815
13618,36842715,65,362815
13619,36842751,65,362815
13620,36845127,65,362815
13621,36845172,65,362815
13622,36845217,65,362815
13623,36845271,65,362815
13624,36845712,65,362815
13625,36845721,65,362815
13626,36847125,65,362815
13627,36847152,65,362815
13628,36847215,65,362815
13629,36847251,65,362815
13630,36847512,65,362815
13631,36847521,65,362815
13632,36851247,65,362815
13633,36851274,65,362815
13634,36851427,65,362815
13635,36851472,65,362815
13636,36851724,65,362815
13637,36851742,65,362815
13638,36852147,65,362815
13639,36852174,65,362815
13640,36852417,65,362815
13641,36852471,65,362815
13642,36852714,65,362815
13643,36852741,65,362815
13644,36854127,65,362815
13645,36854172,65,362815
13646,36854217,65,362815
13647,36854271,65,362815
13648,36854712,65,362815
13649,36854721,65,362815
13650,36857124,65,362815
13651,36857142,65,362815
13652,36857214,65,362815
13653,36857241,65,362815
13654,36857412,65,362815
13655,36857421,65,362815
13656,36871245,65,362815
13657,36871254,65,362815
13658,36871425,65,362815
13659,36871452,65,362815
13660,36871524,65,362815
13661,36871542,65,362815
13662,36872145,65,362815
13663,36872154,65,362815
13664,36872415,65,362815
13665,36872451,65,362815
13666,36872514,65,362815
13667,36872541,65,362815
13668,36874125,65,362815
13669,36874152,65,362815
13670,36874215,65,362815
13671,36874251,65,362815
13672,36874512,65,362815
13673,36874521,65,362815
13674,36875124,65,362815
13675,36875142,65,362815
13676,36875214,65,362815
13677,36875241,65,362815
13678,36875412,65,362815
13679,36875421,65,362815
13680,37124568,65,362815
13681,37124586,65,362815
13682,37124658,65,362815
13683,37124685,65,362815
13684,37124856,65,362815
13685,37124865,65,362815
13686,37125468,65,362815
13687,37125486,65,362815
13688,37125648,65,362815
13689,37125684,65,362815
13690,37125846,65,362815
13691,37125864,65,362815
13692,37126458,65,362815
13693,37126485,65,362815
13694,37126548,65,362815
13695,37126584,65,362815
13696,37126845,65,362815
13697,37126854,65,362815
13698,37128456,65,362815
13699,37128465,65,362815
13700,37128546,65,362815
13701,37128564,65,362815
13702,37128645,65,362815
13703,37128654,65,362815
13704,37142568,65,362815
13705,37142586,65,362815
13706,37142658,65,362815
13707,37142685,65,362815
13708,37142856,65,362815
13709,37142865,65,362815
13710,37145268,65,362815
13711,37145286,65,362815
13712,37145628,65,362815
13713,37145682,65,362815
13714,37145826,65,362815
13715,37145862,65,362815
13716,37146258,65,362815
13717,37146285,65,362815
13718,37146528,65,362815
13719,37146582,65,362815
13720,37146825,65,362815
13721,37146852,65,362815
13722,37148256,65,362815
13723,37148265,65,362815
13724,37148526,65,362815
13725,37148562,65,362815
13726,37148625,65,362815
13727,37148652,65,362815
13728,37152468,65,362815
13729,37152486,65,362815
13730,37152648,65,362815
13731,37152684,65,362815
13732,37152846,65,362815
13733,37152864,65,362815
13734,37154268,65,362815
13735,37154286,65,362815
13736,37154628,65,362815
13737,37154682,65,362815
13738,37154826,65,362815
13739,37154862,65,362815
13740,37156248,65,362815
13741,37156284,65,362815
13742,37156428,65,362815
13743,37156482,65,362815
13744,37156824,65,362815
13745,37156842,65,362815
13746,37158246,65,362815
13747,37158264,65,362815
13748,37158426,65,362815
13749,37158462,65,362815
13750,37158624,65,362815
13751,37158642,65,362815
13752,37162458,65,362815
13753,37162485,65,362815
13754,37162548,65,362815
13755,37162584,65,362815
13756,37162845,65,362815
13757,37162854,65,362815
13758,37164258,65,362815
13759,37164285,65,362815
13760,37164528,65,362815
13761,37164582,65,362815
13762,37164825,65,362815
13763,37164852,65,362815
13764,37165248,65,362815
13765,37165284,65,362815
13766,37165428,65,362815
13767,37165482,65,362815
13768,37165824,65,362815
13769,37165842,65,362815
13770,37168245,65,362815
13771,37168254,65,362815
13772,37168425,65,362815
13773,37168452,65,362815
13774,37168524,65,362815
13775,37168542,65,362815
13776,37182456,65,362815
13777,37182465,65,362815
13778,37182546,65,362815
13779,37182564,65,362815
13780,37182645,65,362815
13781,37182654,65,362815
13782,37184256,65,362815
13783,37184265,65,362815
13784,37184526,65,362815
13785,37184562,65,362815
13786,37184625,65,362815
13787,37184652,65,362815
13788,37185246,65,362815
13789,37185264,65,362815
13790,37185426,65,362815
13791,37185462,65,362815
13792,37185624,65,362815
13793,37185642,65,362815
13794,37186245,65,362815
13795,37186254,65,362815
13796,37186425,65,362815
13797,37186452,65,362815
13798,37186524,65,362815
13799,37186542,65,362815
13800,37214568,65,362815
13801,37214586,65,362815
13802,37214658,65,362815
13803,37214685,65,362815
13804,37214856,65,362815
13805,37214865,65,362815
13806,37215468,65,362815
13807,37215486,65,362815
13808,37215648,65,362815
13809,37215684,65,362815
13810,37215846,65,362815
13811,37215864,65,362815
13812,37216458,65,362815
13813,37216485,65,362815
13814,37216548,65,362815
13815,37216584,65,362815
13816,37216845,65,362815
13817,37216854,65,362815
13818,37218456,65,362815
13819,37218465,65,362815
13820,37218546,65,362815
13821,37218564,65,362815
13822,37218645,65,362815
13823,37218654,65,362815
13824,37241568,65,362815
13825,37241586,65,362815
13826,37241658,65,362815
13827,37241685,65,362815
13828,37241856,65,362815
13829,37241865,65,362815
13830,37245168,65,362815
13831,37245186,65,362815
13832,37245618,65,362815
13833,37245681,65,362815
13834,37245816,65,362815
13835,37245861,65,362815
13836,37246158,65,362815
13837,37246185,65,362815
13838,37246518,65,362815
13839,37246581,65,362815
13840,37246815,65,362815
13841,37246851,65,362815
13842,37248156,65,362815
13843,37248165,65,362815
13844,37248516,65,362815
13845,37248561,65,362815
13846,37248615,65,362815
13847,37248651,65,362815
13848,37251468,65,362815
13849,37251486,65,362815
13850,37251648,65,362815
13851,37251684,65,362815
13852,37251846,65,362815
13853,37251864,65,362815
13854,37254168,65,362815
13855,37254186,65,362815
13856,37254618,65,362815
13857,37254681,65,362815
13858,37254816,65,362815
13859,37254861,65,362815
13860,37256148,65,362815
13861,37256184,65,362815
13862,37256418,65,362815
13863,37256481,65,362815
13864,37256814,65,362815
13865,37256841,65,362815
13866,37258146,65,362815
13867,37258164,65,362815
13868,37258416,65,362815
13869,37258461,65,362815
13870,37258614,65,362815
13871,37258641,65,362815
13872,37261458,65,362815
13873,37261485,65,362815
13874,37261548,65,362815
13875,37261584,65,362815
13876,37261845,65,362815
13877,37261854,65,362815
13878,37264158,65,362815
13879,37264185,65,362815
13880,37264518,65,362815
13881,37264581,65,362815
13882,37264815,65,362815
13883,37264851,65,362815
13884,37265148,65,362815
13885,37265184,65,362815
13886,37265418,65,362815
13887,37265481,65,362815
13888,37265814,65,362815
13889,37265841,65,362815
13890,37268145,65,362815
13891,37268154,65,362815
13892,37268415,65,362815
13893,37268451,65,362815
13894,37268514,65,362815
13895,37268541,65,362815
13896,37281456,65,362815
13897,37281465,65,362815
13898,37281546,65,362815
13899,37281564,65,362815
13900,37281645,65,362815
13901,37281654,65,362815
13902,37284156,65,362815
13903,37284165,65,362815
13904,37284516,65,362815
13905,37284561,65,362815
13906,37284615,65,362815
13907,37284651,65,362815
13908,37285146,65,362815
13909,37285164,65,362815
13910,37285416,65,362815
13911,37285461,65,362815
13912,37285614,65,362815
13913,37285641,65,362815
13914,37286145,65,362815
13915,37286154,65,362815
13916,37286415,65,362815
13917,37286451,65,362815
13918,37286514,65,362815
13919,37286541,65,362815
13920,37412568,65,362815
13921,37412586,65,362815
13922,37412658,65,362815
13923,37412685,65,362815
13924,37412856,65,362815
13925,37412865,65,362815
13926,37415268,65,362815
13927,37415286,65,362815
13928,37415628,65,362815
13929,37415682,65,362815
13930,37415826,65,362815
13931,37415862,65,362815
13932,37416258,65,362815
13933,37416285,65,362815
13934,37416528,65,362815
13935,37416582,65,362815
13936,37416825,65,362815
13937,37416852,65,362815
13938,37418256,65,362815
13939,37418265,65,362815
13940,37418526,65,362815
13941,37418562,65,362815
13942,37418625,65,362815
13943,37418652,65,362815
13944,37421568,65,362815
13945,37421586,65,362815
13946,37421658,65,362815
13947,37421685,65,362815
13948,37421856,65,362815
13949,37421865,65,362815
13950,37425168,65,362815
13951,37425186,65,362815
13952,37425618,65,362815
13953,37425681,65,362815
13954,37425816,65,362815
13955,37425861,65,362815
13956,37426158,65,362815
13957,37426185,65,362815
13958,37426518,65,362815
13959,37426581,65,362815
13960,37426815,65,362815
13961,37426851,65,362815
13962,37428156,65,362815
13963,37428165,65,362815
13964,37428516,65,362815
13965,37428561,65,362815
13966,37428615,65,362815
13967,37428651,65,362815
13968,37451268,65,362815
13969,37451286,65,362815
13970,37451628,65,362815
13971,37451682,65,362815
13972,37451826,65,362815
13973,37451862,65,362815
13974,37452168,65,362815
13975,37452186,65,362815
13976,37452618,65,362815
13977,37452681,65,362815
13978,37452816,65,362815
13979,37452861,65,362815
13980,37456128,65,362815
13981,37456182,65,362815
13982,37456218,65,362815
13983,37456281,65,362815
13984,37456812,65,362815
13985,37456821,65,362815
13986,37458126,65,362815
13987,37458162,65,362815
13988,37458216,65,362815
13989,37458261,65,362815
13990,37458612,65,362815
13991,37458621,65,362815
13992,37461258,65,362815
13993,37461285,65,362815
13994,37461528,65,362815
13995,37461582,65,362815
13996,37461825,65,362815
13997,37461852,65,362815
13998,37462158,65,362815
13999,37462185,65,362815
14000,37462518,65,362815
14001,37462581,65,362815
14002,37462815,65,362815
14003,37462851,65,362815
14004,37465128,65,362815
14005,37465182,65,362815
14006,37465218,65,362815
14007,37465281,65,362815
14008,37465812,65,362815
14009,37465821,65,362815
14010,37468125,65,362815
14011,37468152,65,362815
14012,37468215,65,362815
14013,37468251,65,362815
14014,37468512,65,362815
14015,37468521,65,362815
14016,37481256,65,362815
14017,37481265,65,362815
14018,37481526,65,362815
14019,37481562,65,362815
14020,37481625,65,362815
14021,37481652,65,362815
14022,37482156,65,362815
14023,37482165,65,362815
14024,37482516,65,362815
14025,37482561,65,362815
14026,37482615,65,362815
14027,37482651,65,362815
14028,37485126,65,362815
14029,37485162,65,362815
14030,37485216,65,362815
14031,37485261,65,362815
14032,37485612,65,362815
14033,37485621,65,362815
14034,37486125,65,362815
14035,37486152,65,362815
14036,37486215,65,362815
14037,37486251,65,362815
14038,37486512,65,362815
14039,37486521,65,362815
14040,37512468,65,362815
14041,37512486,65,362815
14042,37512648,65,362815
14043,37512684,65,362815
14044,37512846,65,362815
14045,37512864,65,362815
14046,37514268,65,362815
14047,37514286,65,362815
14048,37514628,65,362815
14049,37514682,65,362815
14050,37514826,65,362815
14051,37514862,65,362815
14052,37516248,65,362815
14053,37516284,65,362815
14054,37516428,65,362815
14055,37516482,65,362815
14056,37516824,65,362815
14057,37516842,65,362815
14058,37518246,65,362815
14059,37518264,65,362815
14060,37518426,65,362815
14061,37518462,65,362815
14062,37518624,65,362815
14063,37518642,65,362815
14064,37521468,65,362815
14065,37521486,65,362815
14066,37521648,65,362815
14067,37521684,65,362815
14068,37521846,65,362815
14069,37521864,65,362815
14070,37524168,65,362815
14071,37524186,65,362815
14072,37524618,65,362815
14073,37524681,65,362815
14074,37524816,65,362815
14075,37524861,65,362815
14076,37526148,65,362815
14077,37526184,65,362815
14078,37526418,65,362815
14079,37526481,65,362815
14080,37526814,65,362815
14081,37526841,65,362815
14082,37528146,65,362815
14083,37528164,65,362815
14084,37528416,65,362815
14085,37528461,65,362815
14086,37528614,65,362815
14087,37528641,65,362815
14088,37541268,65,362815
14089,37541286,65,362815
14090,37541628,65,362815
14091,37541682,65,362815
14092,37541826,65,362815
14093,37541862,65,362815
14094,37542168,65,362815
14095,37542186,65,362815
14096,37542618,65,362815
14097,37542681,65,362815
14098,37542816,65,362815
14099,37542861,65,362815
14100,37546128,65,362815
14101,37546182,65,362815
14102,37546218,65,362815
14103,37546281,65,362815
14104,37546812,65,362815
14105,37546821,65,362815
14106,37548126,65,362815
14107,37548162,65,362815
14108,37548216,65,362815
14109,37548261,65,362815
14110,37548612,65,362815
14111,37548621,65,362815
14112,37561248,65,362815
14113,37561284,65,362815
14114,37561428,65,362815
14115,37561482,65,362815
14116,37561824,65,362815
14117,37561842,65,362815
14118,37562148,65,362815
14119,37562184,65,362815
14120,37562418,65,362815
14121,37562481,65,362815
14122,37562814,65,362815
14123,37562841,65,362815
14124,37564128,65,362815
14125,37564182,65,362815
14126,37564218,65,362815
14127,37564281,65,362815
14128,37564812,65,362815
14129,37564821,65,362815
14130,37568124,65,362815
14131,37568142,65,362815
14132,37568214,65,362815
14133,37568241,65,362815
14134,37568412,65,362815
14135,37568421,65,362815
14136,37581246,65,362815
14137,37581264,65,362815
14138,37581426,65,362815
14139,37581462,65,362815
14140,37581624,65,362815
14141,37581642,65,362815
14142,37582146,65,362815
14143,37582164,65,362815
14144,37582416,65,362815
14145,37582461,65,362815
14146,37582614,65,362815
14147,37582641,65,362815
14148,37584126,65,362815
14149,37584162,65,362815
14150,37584216,65,362815
14151,37584261,65,362815
14152,37584612,65,362815
14153,37584621,65,362815
14154,37586124,65,362815
14155,37586142,65,362815
14156,37586214,65,362815
14157,37586241,65,362815
14158,37586412,65,362815
14159,37586421,65,362815
14160,37612458,65,362815
14161,37612485,65,362815
14162,37612548,65,362815
14163,37612584,65,362815
14164,37612845,65,362815
14165,37612854,65,362815
14166,37614258,65,362815
14167,37614285,65,362815
14168,37614528,65,362815
14169,37614582,65,362815
14170,37614825,65,362815
14171,37614852,65,362815
14172,37615248,65,362815
14173,37615284,65,362815
14174,37615428,65,362815
14175,37615482,65,362815
14176,37615824,65,362815
14177,37615842,65,362815
14178,37618245,65,362815
14179,37618254,65,362815
14180,37618425,65,362815
14181,37618452,65,362815
14182,37618524,65,362815
14183,37618542,65,362815
14184,37621458,65,362815
14185,37621485,65,362815
14186,37621548,65,362815
14187,37621584,65,362815
14188,37621845,65,362815
14189,37621854,65,362815
14190,37624158,65,362815
14191,37624185,65,362815
14192,37624518,65,362815
14193,37624581,65,362815
14194,37624815,65,362815
14195,37624851,65,362815
14196,37625148,65,362815
14197,37625184,65,362815
14198,37625418,65,362815
14199,37625481,65,362815
14200,37625814,65,362815
14201,37625841,65,362815
14202,37628145,65,362815
14203,37628154,65,362815
14204,37628415,65,362815
14205,37628451,65,362815
14206,37628514,65,362815
14207,37628541,65,362815
14208,37641258,65,362815
14209,37641285,65,362815
14210,37641528,65,362815
14211,37641582,65,362815
14212,37641825,65,362815
14213,37641852,65,362815
14214,37642158,65,362815
14215,37642185,65,362815
14216,37642518,65,362815
14217,37642581,65,362815
14218,37642815,65,362815
14219,37642851,65,362815
14220,37645128,65,362815
14221,37645182,65,362815
14222,37645218,65,362815
14223,37645281,65,362815
14224,37645812,65,362815
14225,37645821,65,362815
14226,37648125,65,362815
14227,37648152,65,362815
14228,37648215,65,362815
14229,37648251,65,362815
14230,37648512,65,362815
14231,37648521,65,362815
14232,37651248,65,362815
14233,37651284,65,362815
14234,37651428,65,362815
14235,37651482,65,362815
14236,37651824,65,362815
14237,37651842,65,362815
14238,37652148,65,362815
14239,37652184,65,362815
14240,37652418,65,362815
14241,37652481,65,362815
14242,37652814,65,362815
14243,37652841,65,362815
14244,37654128,65,362815
14245,37654182,65,362815
14246,37654218,65,362815
14247,37654281,65,362815
14248,37654812,65,362815
14249,37654821,65,362815
14250,37658124,65,362815
14251,37658142,65,362815
14252,37658214,65,362815
14253,37658241,65,362815
14254,37658412,65,362815
14255,37658421,65,362815
14256,37681245,65,362815
14257,37681254,65,362815
14258,37681425,65,362815
14259,37681452,65,362815
14260,37681524,65,362815
14261,37681542,65,362815
14262,37682145,65,362815
14263,37682154,65,362815
14264,37682415,65,362815
14265,37682451,65,362815
14266,37682514,65,362815
14267,37682541,65,362815
14268,37684125,65,362815
14269,37684152,65,362815
14270,37684215,65,362815
14271,37684251,65,362815
14272,37684512,65,362815
14273,37684521,65,362815
14274,37685124,65,362815
14275,37685142,65,362815
14276,37685214,65,362815
14277,37685241,65,362815
14278,37685412,65,362815
14279,37685421,65,362815
14280,37812456,65,362815
14281,37812465,65,362815
14282,37812546,65,362815
14283,37812564,65,362815
14284,37812645,65,362815
14285,37812654,65,362815
14286,37814256,65,362815
14287,37814265,65,362815
14288,37814526,65,362815
14289,37814562,65,362815
14290,37814625,65,362815
14291,37814652,65,362815
14292,37815246,65,362815
14293,37815264,65,362815
14294,37815426,65,362815
14295,37815462,65,362815
14296,37815624,65,362815
14297,37815642,65,362815
14298,37816245,65,362815
14299,37816254,65,362815
14300,37816425,65,362815
14301,37816452,65,362815
14302,37816524,65,362815
14303,37816542,65,362815
14304,37821456,65,362815
14305,37821465,65,362815
14306,37821546,65,362815
14307,37821564,65,362815
14308,37821645,65,362815
14309,37821654,65,362815
14310,37824156,65,362815
14311,37824165,65,362815
14312,37824516,65,362815
14313,37824561,65,362815
14314,37824615,65,362815
14315,37824651,65,362815
14316,37825146,65,362815
14317,37825164,65,362815
14318,37825416,65,362815
14319,37825461,65,362815
14320,37825614,65,362815
14321,37825641,65,362815
14322,37826145,65,362815
14323,37826154,65,362815
14324,37826415,65,362815
14325,37826451,65,362815
14326,37826514,65,362815
14327,37826541,65,362815
14328,37841256,65,362815
14329,37841265,65,362815
14330,37841526,65,362815
14331,37841562,65,362815
14332,37841625,65,362815
14333,37841652,65,362815
14334,37842156,65,362815
14335,37842165,65,362815
14336,37842516,65,362815
14337,37842561,65,362815
14338,37842615,65,362815
14339,37842651,65,362815
14340,37845126,65,362815
14341,37845162,65,362815
14342,37845216,65,362815
14343,37845261,65,362815
14344,37845612,65,362815
14345,37845621,65,362815
14346,37846125,65,362815
14347,37846152,65,362815
14348,37846215,65,362815
14349,37846251,65,362815
14350,37846512,65,362815
14351,37846521,65,362815
14352,37851246,65,362815
14353,37851264,65,362815
14354,37851426,65,362815
14355,37851462,65,362815
14356,37851624,65,362815
14357,37851642,65,362815
14358,37852146,65,362815
14359,37852164,65,362815
14360,37852416,65,362815
14361,37852461,65,362815
14362,37852614,65,362815
14363,37852641,65,362815
14364,37854126,65,362815
14365,37854162,65,362815
14366,37854216,65,362815
14367,37854261,65,362815
14368,37854612,65,362815
14369,37854621,65,362815
14370,37856124,65,362815
14371,37856142,65,362815
14372,37856214,65,362815
14373,37856241,65,362815
14374,37856412,65,362815
14375,37856421,65,362815
14376,37861245,65,362815
14377,37861254,65,362815
14378,37861425,65,362815
14379,37861452,65,362815
14380,37861524,65,362815
14381,37861542,65,362815
14382,37862145,65,362815
14383,37862154,65,362815
14384,37862415,65,362815
14385,37862451,65,362815
14386,37862514,65,362815
14387,37862541,65,362815
14388,37864125,65,362815
14389,37864152,65,362815
14390,37864215,65,362815
14391,37864251,65,362815
14392,37864512,65,362815
14393,37864521,65,362815
14394,37865124,65,362815
14395,37865142,65,362815
14396,37865214,65,362815
14397,37865241,65,362815
14398,37865412,65,362815
14399,37865421,65,362815
14400,38124567,65,362815
14401,38124576,65,362815
14402,38124657,65,362815
14403,38124675,65,362815
14404,38124756,65,362815
14405,38124765,65,362815
14406,38125467,65,362815
14407,38125476,65,362815
14408,38125647,65,362815
14409,38125674,65,362815
14410,38125746,65,362815
14411,38125764,65,362815
14412,38126457,65,362815
14413,38126475,65,362815
14414,38126547,65,362815
14415,38126574,65,362815
14416,38126745,65,362815
14417,38126754,65,362815
14418,38127456,65,362815
14419,38127465,65,362815
14420,38127546,65,362815
14421,38127564,65,362815
14422,38127645,65,362815
14423,38127654,65,362815
14424,38142567,65,362815
14425,38142576,65,362815
14426,38142657,65,362815
14427,38142675,65,362815
14428,38142756,65,362815
14429,38142765,65,362815
14430,38145267,65,362815
14431,38145276,65,362815
14432,38145627,65,362815
14433,38145672,65,362815
14434,38145726,65,362815
14435,38145762,65,362815
14436,38146257,65,362815
14437,38146275,65,362815
14438,38146527,65,362815
14439,38146572,65,362815
14440,38146725,65,362815
14441,38146752,65,362815
14442,38147256,65,362815
14443,38147265,65,362815
14444,38147526,65,362815
14445,38147562,65,362815
14446,38147625,65,362815
14447,38147652,65,362815
14448,38152467,65,362815
14449,38152476,65,362815
14450,38152647,65,362815
14451,38152674,65,362815
14452,38152746,65,362815
14453,38152764,65,362815
14454,38154267,65,362815
14455,38154276,65,362815
14456,38154627,65,362815
14457,38154672,65,362815
14458,38154726,65,362815
14459,38154762,65,362815
14460,38156247,65,362815
14461,38156274,65,362815
14462,38156427,65,362815
14463,38156472,65,362815
14464,38156724,65,362815
14465,38156742,65,362815
14466,38157246,65,362815
14467,38157264,65,362815
14468,38157426,65,362815
14469,38157462,65,362815
14470,38157624,65,362815
14471,38157642,65,362815
14472,38162457,65,362815
14473,38162475,65,362815
14474,38162547,65,362815
14475,38162574,65,362815
14476,38162745,65,362815
14477,38162754,65,362815
14478,38164257,65,362815
14479,38164275,65,362815
14480,38164527,65,362815
14481,38164572,65,362815
14482,38164725,65,362815
14483,38164752,65,362815
14484,38165247,65,362815
14485,38165274,65,362815
14486,38165427,65,362815
14487,38165472,65,362815
14488,38165724,65,362815
14489,38165742,65,362815
14490,38167245,65,362815
14491,38167254,65,362815
14492,38167425,65,362815
14493,38167452,65,362815
14494,38167524,65,362815
14495,38167542,65,362815
14496,38172456,65,362815
14497,38172465,65,362815
14498,38172546,65,362815
14499,38172564,65,362815
14500,38172645,65,362815
14501,38172654,65,362815
14502,38174256,65,362815
14503,38174265,65,362815
14504,38174526,65,362815
14505,38174562,65,362815
14506,38174625,65,362815
14507,38174652,65,362815
14508,38175246,65,362815
14509,38175264,65,362815
14510,38175426,65,362815
14511,38175462,65,362815
14512,38175624,65,362815
14513,38175642,65,362815
14514,38176245,65,362815
14515,38176254,65,362815
14516,38176425,65,362815
14517,38176452,65,362815
14518,38176524,65,362815
14519,38176542,65,362815
14520,38214567,65,362815
14521,38214576,65,362815
14522,38214657,65,362815
14523,38214675,65,362815
14524,38214756,65,362815
14525,38214765,65,362815
14526,38215467,65,362815
14527,38215476,65,362815
14528,38215647,65,362815
14529,38215674,65,362815
14530,38215746,65,362815
14531,38215764,65,362815
14532,38216457,65,362815
14533,38216475,65,362815
14534,38216547,65,362815
14535,38216574,65,362815
14536,38216745,65,362815
14537,38216754,65,362815
14538,38217456,65,362815
14539,38217465,65,362815
14540,38217546,65,362815
14541,38217564,65,362815
14542,38217645,65,362815
14543,38217654,65,362815
14544,38241567,65,362815
14545,38241576,65,362815
14546,38241657,65,362815
14547,38241675,65,362815
14548,38241756,65,362815
14549,38241765,65,362815
14550,38245167,65,362815
14551,38245176,65,362815
14552,38245617,65,362815
14553,38245671,65,362815
14554,38245716,65,362815
14555,38245761,65,362815
14556,38246157,65,362815
14557,38246175,65,362815
14558,38246517,65,362815
14559,38246571,65,362815
14560,38246715,65,362815
14561,38246751,65,362815
14562,38247156,65,362815
14563,38247165,65,362815
14564,38247516,65,362815
14565,38247561,65,362815
14566,38247615,65,362815
14567,38247651,65,362815
14568,38251467,65,362815
14569,38251476,65,362815
14570,38251647,65,362815
14571,38251674,65,362815
14572,38251746,65,362815
14573,38251764,65,362815
14574,38254167,65,362815
14575,38254176,65,362815
14576,38254617,65,362815
14577,38254671,65,362815
14578,38254716,65,362815
14579,38254761,65,362815
14580,38256147,65,362815
14581,38256174,65,362815
14582,38256417,65,362815
14583,38256471,65,362815
14584,38256714,65,362815
14585,38256741,65,362815
14586,38257146,65,362815
14587,38257164,65,362815
14588,38257416,65,362815
14589,38257461,65,362815
14590,38257614,65,362815
14591,38257641,65,362815
14592,38261457,65,362815
14593,38261475,65,362815
14594,38261547,65,362815
14595,38261574,65,362815
14596,38261745,65,362815
14597,38261754,65,362815
14598,38264157,65,362815
14599,38264175,65,362815
14600,38264517,65,362815
14601,38264571,65,362815
14602,38264715,65,362815
14603,38264751,65,362815
14604,38265147,65,362815
14605,38265174,65,362815
14606,38265417,65,362815
14607,38265471,65,362815
14608,38265714,65,362815
14609,38265741,65,362815
14610,38267145,65,362815
14611,38267154,65,362815
14612,38267415,65,362815
14613,38267451,65,362815
14614,38267514,65,362815
14615,38267541,65,362815
14616,38271456,65,362815
14617,38271465,65,362815
14618,38271546,65,362815
14619,38271564,65,362815
14620,38271645,65,362815
14621,38271654,65,362815
14622,38274156,65,362815
14623,38274165,65,362815
14624,38274516,65,362815
14625,38274561,65,362815
14626,38274615,65,362815
14627,38274651,65,362815
14628,38275146,65,362815
14629,38275164,65,362815
14630,38275416,65,362815
14631,38275461,65,362815
14632,38275614,65,362815
14633,38275641,65,362815
14634,38276145,65,362815
14635,38276154,65,362815
14636,38276415,65,362815
14637,38276451,65,362815
14638,38276514,65,362815
14639,38276541,65,362815
14640,38412567,65,362815
14641,38412576,65,362815
14642,38412657,65,362815
14643,38412675,65,362815
14644,38412756,65,362815
14645,38412765,65,362815
14646,38415267,65,362815
14647,38415276,65,362815
14648,38415627,65,362815
14649,38415672,65,362815
14650,38415726,65,362815
14651,38415762,65,362815
14652,38416257,65,362815
14653,38416275,65,362815
14654,38416527,65,362815
14655,38416572,65,362815
14656,38416725,65,362815
14657,38416752,65,362815
14658,38417256,65,362815
14659,38417265,65,362815
14660,38417526,65,362815
14661,38417562,65,362815
14662,38417625,65,362815
14663,38417652,65,362815
14664,38421567,65,362815
14665,38421576,65,362815
14666,38421657,65,362815
14667,38421675,65,362815
14668,38421756,65,362815
14669,38421765,65,362815
14670,38425167,65,362815
14671,38425176,65,362815
14672,38425617,65,362815
14673,38425671,65,362815
14674,38425716,65,362815
14675,38425761,65,362815
14676,38426157,65,362815
14677,38426175,65,362815
14678,38426517,65,362815
14679,38426571,65,362815
14680,38426715,65,362815
14681,38426751,65,362815
14682,38427156,65,362815
14683,38427165,65,362815
14684,38427516,65,362815
14685,38427561,65,362815
14686,38427615,65,362815
14687,38427651,65,362815
14688,38451267,65,362815
14689,38451276,65,362815
14690,38451627,65,362815
14691,38451672,65,362815
14692,38451726,65,362815
14693,38451762,65,362815
14694,38452167,65,362815
14695,38452176,65,362815
14696,38452617,65,362815
14697,38452671,65,362815
14698,38452716,65,362815
14699,38452761,65,362815
14700,38456127,65,362815
14701,38456172,65,362815
14702,38456217,65,362815
14703,38456271,65,362815
14704,38456712,65,362815
14705,38456721,65,362815
14706,38457126,65,362815
14707,38457162,65,362815
14708,38457216,65,362815
14709,38457261,65,362815
14710,38457612,65,362815
14711,38457621,65,362815
14712,38461257,65,362815
14713,38461275,65,362815
14714,38461527,65,362815
14715,38461572,65,362815
14716,38461725,65,362815
14717,38461752,65,362815
14718,38462157,65,362815
14719,38462175,65,362815
14720,38462517,65,362815
14721,38462571,65,362815
14722,38462715,65,362815
14723,38462751,65,362815
14724,38465127,65,362815
14725,38465172,65,362815
14726,38465217,65,362815
14727,38465271,65,362815
14728,38465712,65,362815
14729,38465721,65,362815
14730,38467125,65,362815
14731,38467152,65,362815
14732,38467215,65,362815
14733,38467251,65,362815
14734,38467512,65,362815
14735,38467521,65,362815
14736,38471256,65,362815
14737,38471265,65,362815
14738,38471526,65,362815
14739,38471562,65,362815
14740,38471625,65,362815
14741,38471652,65,362815
14742,38472156,65,362815
14743,38472165,65,362815
14744,38472516,65,362815
14745,38472561,65,362815
14746,38472615,65,362815
14747,38472651,65,362815
14748,38475126,65,362815
14749,38475162,65,362815
14750,38475216,65,362815
14751,38475261,65,362815
14752,38475612,65,362815
14753,38475621,65,362815
14754,38476125,65,362815
14755,38476152,65,362815
14756,38476215,65,362815
14757,38476251,65,362815
14758,38476512,65,362815
14759,38476521,65,362815
14760,38512467,65,362815
14761,38512476,65,362815
14762,38512647,65,362815
14763,38512674,65,362815
14764,38512746,65,362815
14765,38512764,65,362815
14766,38514267,65,362815
14767,38514276,65,362815
14768,38514627,65,362815
14769,38514672,65,362815
14770,38514726,65,362815
14771,38514762,65,362815
14772,38516247,65,362815
14773,38516274,65,362815
14774,38516427,65,362815
14775,38516472,65,362815
14776,38516724,65,362815
14777,38516742,65,362815
14778,38517246,65,362815
14779,38517264,65,362815
14780,38517426,65,362815
14781,38517462,65,362815
14782,38517624,65,362815
14783,38517642,65,362815
14784,38521467,65,362815
14785,38521476,65,362815
14786,38521647,65,362815
14787,38521674,65,362815
14788,38521746,65,362815
14789,38521764,65,362815
14790,38524167,65,362815
14791,38524176,65,362815
14792,38524617,65,362815
14793,38524671,65,362815
14794,38524716,65,362815
14795,38524761,65,362815
14796,38526147,65,362815
14797,38526174,65,362815
14798,38526417,65,362815
14799,38526471,65,362815
14800,38526714,65,362815
14801,38526741,65,362815
14802,38527146,65,362815
14803,38527164,65,362815
14804,38527416,65,362815
14805,38527461,65,362815
14806,38527614,65,362815
14807,38527641,65,362815
14808,38541267,65,362815
14809,38541276,65,362815
14810,38541627,65,362815
14811,38541672,65,362815
14812,38541726,65,362815
14813,38541762,65,362815
14814,38542167,65,362815
14815,38542176,65,362815
14816,38542617,65,362815
14817,38542671,65,362815
14818,38542716,65,362815
14819,38542761,65,362815
14820,38546127,65,362815
14821,38546172,65,362815
14822,38546217,65,362815
14823,38546271,65,362815
14824,38546712,65,362815
14825,38546721,65,362815
14826,38547126,65,362815
14827,38547162,65,362815
14828,38547216,65,362815
14829,38547261,65,362815
14830,38547612,65,362815
14831,38547621,65,362815
14832,38561247,65,362815
14833,38561274,65,362815
14834,38561427,65,362815
14835,38561472,65,362815
14836,38561724,65,362815
14837,38561742,65,362815
14838,38562147,65,362815
14839,38562174,65,362815
14840,38562417,65,362815
14841,38562471,65,362815
14842,38562714,65,362815
14843,38562741,65,362815
14844,38564127,65,362815
14845,38564172,65,362815
14846,38564217,65,362815
14847,38564271,65,362815
14848,38564712,65,362815
14849,38564721,65,362815
14850,38567124,65,362815
14851,38567142,65,362815
14852,38567214,65,362815
14853,38567241,65,362815
14854,38567412,65,362815
14855,38567421,65,362815
14856,38571246,65,362815
14857,38571264,65,362815
14858,38571426,65,362815
14859,38571462,65,362815
14860,38571624,65,362815
14861,38571642,65,362815
14862,38572146,65,362815
14863,38572164,65,362815
14864,38572416,65,362815
14865,38572461,65,362815
14866,38572614,65,362815
14867,38572641,65,362815
14868,38574126,65,362815
14869,38574162,65,362815
14870,38574216,65,362815
14871,38574261,65,362815
14872,38574612,65,362815
14873,38574621,65,362815
14874,38576124,65,362815
14875,38576142,65,362815
14876,38576214,65,362815
14877,38576241,65,362815
14878,38576412,65,362815
14879,38576421,65,362815
14880,38612457,65,362815
14881,38612475,65,362815
14882,38612547,65,362815
14883,38612574,65,362815
14884,38612745,65,362815
14885,38612754,65,362815
14886,38614257,65,362815
14887,38614275,65,362815
14888,38614527,65,362815
14889,38614572,65,362815
14890,38614725,65,362815
14891,38614752,65,362815
14892,38615247,65,362815
14893,38615274,65,362815
14894,38615427,65,362815
14895,38615472,65,362815
14896,38615724,65,362815
14897,38615742,65,362815
14898,38617245,65,362815
14899,38617254,65,362815
14900,38617425,65,362815
14901,38617452,65,362815
14902,38617524,65,362815
14903,38617542,65,362815
14904,38621457,65,362815
14905,38621475,65,362815
14906,38621547,65,362815
14907,38621574,65,362815
14908,38621745,65,362815
14909,38621754,65,362815
14910,38624157,65,362815
14911,38624175,65,362815
14912,38624517,65,362815
14913,38624571,65,362815
14914,38624715,65,362815
14915,38624751,65,362815
14916,38625147,65,362815
14917,38625174,65,362815
14918,38625417,65,362815
14919,38625471,65,362815
14920,38625714,65,362815
14921,38625741,65,362815
14922,38627145,65,362815
14923,38627154,65,362815
14924,38627415,65,362815
14925,38627451,65,362815
14926,38627514,65,362815
14927,38627541,65,362815
14928,38641257,65,362815
14929,38641275,65,362815
14930,38641527,65,362815
14931,38641572,65,362815
14932,38641725,65,362815
14933,38641752,65,362815
14934,38642157,65,362815
14935,38642175,65,362815
14936,38642517,65,362815
14937,38642571,65,362815
14938,38642715,65,362815
14939,38642751,65,362815
14940,38645127,65,362815
14941,38645172,65,362815
14942,38645217,65,362815
14943,38645271,65,362815
14944,38645712,65,362815
14945,38645721,65,362815
14946,38647125,65,362815
14947,38647152,65,362815
14948,38647215,65,362815
14949,38647251,65,362815
14950,38647512,65,362815
14951,38647521,65,362815
14952,38651247,65,362815
14953,38651274,65,362815
14954,38651427,65,362815
14955,38651472,65,362815
14956,38651724,65,362815
14957,38651742,65,362815
14958,38652147,65,362815
14959,38652174,65,362815
14960,38652417,65,362815
14961,38652471,65,362815
14962,38652714,65,362815
14963,38652741,65,362815
14964,38654127,65,362815
14965,38654172,65,362815
14966,38654217,65,362815
14967,38654271,65,362815
14968,38654712,65,362815
14969,38654721,65,362815
14970,38657124,65,362815
14971,38657142,65,362815
14972,38657214,65,362815
14973,38657241,65,362815
14974,38657412,65,362815
14975,38657421,65,362815
14976,38671245,65,362815
14977,38671254,65,362815
14978,38671425,65,362815
14979,38671452,65,362815
14980,38671524,65,362815
14981,38671542,65,362815
14982,38672145,65,362815
14983,38672154,65,362815
14984,38672415,65,362815
14985,38672451,65,362815
14986,38672514,65,362815
14987,38672541,65,362815
14988,38674125,65,362815
14989,38674152,65,362815
14990,38674215,65,362815
14991,38674251,65,362815
14992,38674512,65,362815
14993,38674521,65,362815
14994,38675124,65,362815
14995,38675142,65,362815
14996,38675214,65,362815
14997,38675241,65,362815
14998,38675412,65,362815
14999,38675421,65,362815
15000,38712456,65,362815
15001,38712465,65,362815
15002,38712546,65,362815
15003,38712564,65,362815
15004,38712645,65,362815
15005,38712654,65,362815
15006,38714256,65,362815
15007,38714265,65,362815
15008,38714526,65,362815
15009,38714562,65,362815
15010,38714625,65,362815
15011,38714652,65,362815
15012,38715246,65,362815
15013,38715264,65,362815
15014,38715426,65,362815
15015,38715462,65,362815
15016,38715624,65,362815
15017,38715642,65,362815
15018,38716245,65,362815
15019,38716254,65,362815
15020,38716425,65,362815
15021,38716452,65,362815
15022,38716524,65,362815
15023,38716542,65,362815
15024,38721456,65,362815
15025,38721465,65,362815
15026,38721546,65,362815
15027,38721564,65,362815
15028,38721645,65,362815
15029,38721654,65,362815
15030,38724156,65,362815
15031,38724165,65,362815
15032,38724516,65,362815
15033,38724561,65,362815
15034,38724615,65,362815
15035,38724651,65,362815
15036,38725146,65,362815
15037,38725164,65,362815
15038,38725416,65,362815
15039,38725461,65,362815
15040,38725614,65,362815
15041,38725641,65,362815
15042,38726145,65,362815
15043,38726154,65,362815
15044,38726415,65,362815
15045,38726451,65,362815
15046,38726514,65,362815
15047,38726541,65,362815
15048,38741256,65,362815
15049,38741265,65,362815
15050,38741526,65,362815
15051,38741562,65,362815
15052,38741625,65,362815
15053,38741652,65,362815
15054,38742156,65,362815
15055,38742165,65,362815
15056,38742516,65,362815
15057,38742561,65,362815
15058,38742615,65,362815
15059,38742651,65,362815
15060,38745126,65,362815
15061,38745162,65,362815
15062,38745216,65,362815
15063,38745261,65,362815
15064,38745612,65,362815
15065,38745621,65,362815
15066,38746125,65,362815
15067,38746152,65,362815
15068,38746215,65,362815
15069,38746251,65,362815
15070,38746512,65,362815
15071,38746521,65,362815
15072,38751246,65,362815
15073,38751264,65,362815
15074,38751426,65,362815
15075,38751462,65,362815
15076,38751624,65,362815
15077,38751642,65,362815
15078,38752146,65,362815
15079,38752164,65,362815
15080,38752416,65,362815
15081,38752461,65,362815
15082,38752614,65,362815
15083,38752641,65,362815
15084,38754126,65,362815
15085,38754162,65,362815
15086,38754216,65,362815
15087,38754261,65,362815
15088,38754612,65,362815
15089,38754621,65,362815
15090,38756124,65,362815
15091,38756142,65,362815
15092,38756214,65,362815
15093,38756241,65,362815
15094,38756412,65,362815
15095,38756421,65,362815
15096,38761245,65,362815
15097,38761254,65,362815
15098,38761425,65,362815
15099,38761452,65,362815
15100,38761524,65,362815
15101,38761542,65,362815
15102,38762145,65,362815
15103,38762154,65,362815
15104,38762415,65,362815
15105,38762451,65,362815
15106,38762514,65,362815
15107,38762541,65,362815
15108,38764125,65,362815
15109,38764152,65,362815
15110,38764215,65,362815
15111,38764251,65,362815
15112,38764512,65,362815
15113,38764521,65,362815
15114,38765124,65,362815
15115,38765142,65,362815
15116,38765214,65,362815
15117,38765241,65,362815
15118,38765412,65,362815
15119,38765421,65,362815
15120,41235678,65,362815
15121,41235687,65,362815
15122,41235768,65,362815
15123,41235786,65,362815
15124,41235867,65,362815
15125,41235876,65,362815
15126,41236578,65,362815
15127,41236587,65,362815
15128,41236758,65,362815
15129,41236785,65,362815
15130,41236857,65,362815
15131,41236875,65,362815
15132,41237568,65,362815
15133,41237586,65,362815
15134,41237658,65,362815
15135,41237685,65,362815
15136,41237856,65,362815
15137,41237865,65,362815
15138,41238567,65,362815
15139,41238576,65,362815
15140,41238657,65,362815
15141,41238675,65,362815
15142,41238756,65,362815
15143,41238765,65,362815
15144,41253678,65,362815
15145,41253687,65,362815
15146,41253768,65,362815
15147,41253786,65,362815
15148,41253867,65,362815
15149,41253876,65,362815
15150,41256378,65,362815
15151,41256387,65,362815
15152,41256738,65,362815
15153,41256783,65,362815
15154,41256837,65,362815
15155,41256873,65,362815
15156,41257368,65,362815
15157,41257386,65,362815
15158,41257638,65,362815
15159,41257683,65,362815
15160,41257836,65,362815
15161,41257863,65,362815
15162,41258367,65,362815
15163,41258376,65,362815
15164,41258637,65,362815
15165,41258673,65,362815
15166,41258736,65,362815
15167,41258763,65,362815
15168,41263578,65,362815
15169,41263587,65,362815
15170,41263758,65,362815
15171,41263785,65,362815
15172,41263857,65,362815
15173,41263875,65,362815
15174,41265378,65,362815
15175,41265387,65,362815
15176,41265738,65,362815
15177,41265783,65,362815
15178,41265837,65,362815
15179,41265873,65,362815
15180,41267358,65,362815
15181,41267385,65,362815
15182,41267538,65,362815
15183,41267583,65,362815
15184,41267835,65,362815
15185,41267853,65,362815
15186,41268357,65,362815
15187,41268375,65,362815
15188,41268537,65,362815
15189,41268573,65,362815
15190,41268735,65,362815
15191,41268753,65,362815
15192,41273568,65,362815
15193,41273586,65,362815
15194,41273658,65,362815
15195,41273685,65,362815
15196,41273856,65,362815
15197,41273865,65,362815
15198,41275368,65,362815
15199,41275386,65,362815
15200,41275638,65,362815
15201,41275683,65,362815
15202,41275836,65,362815
15203,41275863,65,362815
15204,41276358,65,362815
15205,41276385,65,362815
15206,41276538,65,362815
15207,41276583,65,362815
15208,41276835,65,362815
15209,41276853,65,362815
15210,41278356,65,362815
15211,41278365,65,362815
15212,41278536,65,362815
15213,41278563,65,362815
15214,41278635,65,362815
15215,41278653,65,362815
15216,41283567,65,362815
15217,41283576,65,362815
15218,41283657,65,362815
15219,41283675,65,362815
15220,41283756,65,362815
15221,41283765,65,362815
15222,41285367,65,362815
15223,41285376,65,362815
15224,41285637,65,362815
15225,41285673,65,362815
15226,41285736,65,362815
15227,41285763,65,362815
15228,41286357,65,362815
15229,41286375,65,362815
15230,41286537,65,362815
15231,41286573,65,362815
15232,41286735,65,362815
15233,41286753,65,362815
15234,41287356,65,362815
15235,41287365,65,362815
15236,41287536,65,362815
15237,41287563,65,362815
15238,41287635,65,362815
15239,41287653,65,362815
15240,41325678,65,362815
15241,41325687,65,362815
15242,41325768,65,362815
15243,41325786,65,362815
15244,41325867,65,362815
15245,41325876,65,362815
15246,41326578,65,362815
15247,41326587,65,362815
15248,41326758,65,362815
15249,41326785,65,362815
15250,41326857,65,362815
15251,41326875,65,362815
15252,41327568,65,362815
15253,41327586,65,362815
15254,41327658,65,362815
15255,41327685,65,362815
15256,41327856,65,362815
15257,41327865,65,362815
15258,41328567,65,362815
15259,41328576,65,362815
15260,41328657,65,362815
15261,41328675,65,362815
15262,41328756,65,362815
15263,41328765,65,362815
15264,41352678,65,362815
15265,41352687,65,362815
15266,41352768,65,362815
15267,41352786,65,362815
15268,41352867,65,362815
15269,41352876,65,362815
15270,41356278,65,362815
15271,41356287,65,362815
15272,41356728,65,362815
15273,41356782,65,362815
15274,41356827,65,362815
15275,41356872,65,362815
15276,41357268,65,362815
15277,41357286,65,362815
15278,41357628,65,362815
15279,41357682,65,362815
15280,41357826,65,362815
15281,41357862,65,362815
15282,41358267,65,362815
15283,41358276,65,362815
15284,41358627,65,362815
15285,41358672,65,362815
15286,41358726,65,362815
15287,41358762,65,362815
15288,41362578,65,362815
15289,41362587,65,362815
15290,41362758,65,362815
15291,41362785,65,362815
15292,41362857,65,362815
15293,41362875,65,362815
15294,41365278,65,362815
15295,41365287,65,362815
15296,41365728,65,362815
15297,41365782,65,362815
15298,41365827,65,362815
15299,41365872,65,362815
15300,41367258,65,362815
15301,41367285,65,362815
15302,41367528,65,362815
15303,41367582,65,362815
15304,41367825,65,362815
15305,41367852,65,362815
15306,41368257,65,362815
15307,41368275,65,362815
15308,41368527,65,362815
15309,41368572,65,362815
15310,41368725,65,362815
15311,41368752,65,362815
15312,41372568,65,362815
15313,41372586,65,362815
15314,41372658,65,362815
15315,41372685,65,362815
15316,41372856,65,362815
15317,41372865,65,362815
15318,41375268,65,362815
15319,41375286,65,362815
15320,41375628,65,362815
15321,41375682,65,362815
15322,41375826,65,362815
15323,41375862,65,362815
15324,41376258,65,362815
15325,41376285,65,362815
15326,41376528,65,362815
15327,41376582,65,362815
15328,41376825,65,362815
15329,41376852,65,362815
15330,41378256,65,362815
15331,41378265,65,362815
15332,41378526,65,362815
15333,41378562,65,362815
15334,41378625,65,362815
15335,41378652,65,362815
15336,41382567,65,362815
15337,41382576,65,362815
15338,41382657,65,362815
15339,41382675,65,362815
15340,41382756,65,362815
15341,41382765,65,362815
15342,41385267,65,362815
15343,41385276,65,362815
15344,41385627,65,362815
15345,41385672,65,362815
15346,41385726,65,362815
15347,41385762,65,362815
15348,41386257,65,362815
15349,41386275,65,362815
15350,41386527,65,362815
15351,41386572,65,362815
15352,41386725,65,362815
15353,41386752,65,362815
15354,41387256,65,362815
15355,41387265,65,362815
15356,41387526,65,362815
15357,41387562,65,362815
15358,41387625,65,362815
15359,41387652,65,362815
15360,41523678,65,362815
15361,41523687,65,362815
15362,41523768,65,362815
15363,41523786,65,362815
15364,41523867,65,362815
15365,41523876,65,362815
15366,41526378,65,362815
15367,41526387,65,362815
15368,41526738,65,362815
15369,41526783,65,362815
15370,41526837,65,362815
15371,41526873,65,362815
15372,41527368,65,362815
15373,41527386,65,362815
15374,41527638,65,362815
15375,41527683,65,362815
15376,41527836,65,362815
15377,41527863,65,362815
15378,41528367,65,362815
15379,41528376,65,362815
15380,41528637,65,362815
15381,41528673,65,362815
15382,41528736,65,362815
15383,41528763,65,362815
15384,41532678,65,362815
15385,41532687,65,362815
15386,41532768,65,362815
15387,41532786,65,362815
15388,41532867,65,362815
15389,41532876,65,362815
15390,41536278,65,362815
15391,41536287,65,362815
15392,41536728,65,362815
15393,41536782,65,362815
15394,41536827,65,362815
15395,41536872,65,362815
15396,41537268,65,362815
15397,41537286,65,362815
15398,41537628,65,362815
15399,41537682,65,362815
15400,41537826,65,362815
15401,41537862,65,362815
15402,41538267,65,362815
15403,41538276,65,362815
15404,41538627,65,362815
15405,41538672,65,362815
15406,41538726,65,362815
15407,41538762,65,362815
15408,41562378,65,362815
15409,41562387,65,362815
15410,41562738,65,362815
15411,41562783,65,362815
15412,41562837,65,362815
15413,41562873,65,362815
15414,41563278,65,362815
15415,41563287,65,362815
15416,41563728,65,362815
15417,41563782,65,362815
15418,41563827,65,362815
15419,41563872,65,362815
15420,41567238,65,362815
15421,41567283,65,362815
15422,41567328,65,362815
15423,41567382,65,362815
15424,41567823,65,362815
15425,41567832,65,362815
15426,41568237,65,362815
15427,41568273,65,362815
15428,41568327,65,362815
15429,41568372,65,362815
15430,41568723,65,362815
15431,41568732,65,362815
15432,41572368,65,362815
15433,41572386,65,362815
15434,41572638,65,362815
15435,41572683,65,362815
15436,41572836,65,362815
15437,41572863,65,362815
15438,41573268,65,362815
15439,41573286,65,362815
15440,41573628,65,362815
15441,41573682,65,362815
15442,41573826,65,362815
15443,41573862,65,362815
15444,41576238,65,362815
15445,41576283,65,362815
15446,41576328,65,362815
15447,41576382,65,362815
15448,41576823,65,362815
15449,41576832,65,362815
15450,41578236,65,362815
15451,41578263,65,362815
15452,41578326,65,362815
15453,41578362,65,362815
15454,41578623,65,362815
15455,41578632,65,362815
15456,41582367,65,362815
15457,41582376,65,362815
15458,41582637,65,362815
15459,41582673,65,362815
15460,41582736,65,362815
15461,41582763,65,362815
15462,41583267,65,362815
15463,41583276,65,362815
15464,41583627,65,362815
15465,41583672,65,362815
15466,41583726,65,362815
15467,41583762,65,362815
15468,41586237,65,362815
15469,41586273,65,362815
15470,41586327,65,362815
15471,41586372,65,362815
15472,41586723,65,362815
15473,41586732,65,362815
15474,41587236,65,362815
15475,41587263,65,362815
15476,41587326,65,362815
15477,41587362,65,362815
15478,41587623,65,362815
15479,41587632,65,362815
15480,41623578,65,362815
15481,41623587,65,362815
15482,41623758,65,362815
15483,41623785,65,362815
15484,41623857,65,362815
15485,41623875,65,362815
15486,41625378,65,362815
15487,41625387,65,362815
15488,41625738,65,362815
15489,41625783,65,362815
15490,41625837,65,362815
15491,41625873,65,362815
15492,41627358,65,362815
15493,41627385,65,362815
15494,41627538,65,362815
15495,41627583,65,362815
15496,41627835,65,362815
15497,41627853,65,362815
15498,41628357,65,362815
15499,41628375,65,362815
15500,41628537,65,362815
15501,41628573,65,362815
15502,41628735,65,362815
15503,41628753,65,362815
15504,41632578,65,362815
15505,41632587,65,362815
15506,41632758,65,362815
15507,41632785,65,362815
15508,41632857,65,362815
15509,41632875,65,362815
15510,41635278,65,362815
15511,41635287,65,362815
15512,41635728,65,362815
15513,41635782,65,362815
15514,41635827,65,362815
15515,41635872,65,362815
15516,41637258,65,362815
15517,41637285,65,362815
15518,41637528,65,362815
15519,41637582,65,362815
15520,41637825,65,362815
15521,41637852,65,362815
15522,41638257,65,362815
15523,41638275,65,362815
15524,41638527,65,362815
15525,41638572,65,362815
15526,41638725,65,362815
15527,41638752,65,362815
15528,41652378,65,362815
15529,41652387,65,362815
15530,41652738,65,362815
15531,41652783,65,362815
15532,41652837,65,362815
15533,41652873,65,362815
15534,41653278,65,362815
15535,41653287,65,362815
15536,41653728,65,362815
15537,41653782,65,362815
15538,41653827,65,362815
15539,41653872,65,362815
15540,41657238,65,362815
15541,41657283,65,362815
15542,41657328,65,362815
15543,41657382,65,362815
15544,41657823,65,362815
15545,41657832,65,362815
15546,41658237,65,362815
15547,41658273,65,362815
15548,41658327,65,362815
15549,41658372,65,362815
15550,41658723,65,362815
15551,41658732,65,362815
15552,41672358,65,362815
15553,41672385,65,362815
15554,41672538,65,362815
15555,41672583,65,362815
15556,41672835,65,362815
15557,41672853,65,362815
15558,41673258,65,362815
15559,41673285,65,362815
15560,41673528,65,362815
15561,41673582,65,362815
15562,41673825,65,362815
15563,41673852,65,362815
15564,41675238,65,362815
15565,41675283,65,362815
15566,41675328,65,362815
15567,41675382,65,362815
15568,41675823,65,362815
15569,41675832,65,362815
15570,41678235,65,362815
15571,41678253,65,362815
15572,41678325,65,362815
15573,41678352,65,362815
15574,41678523,65,362815
15575,41678532,65,362815
15576,41682357,65,362815
15577,41682375,65,362815
15578,41682537,65,362815
15579,41682573,65,362815
15580,41682735,65,362815
15581,41682753,65,362815
15582,41683257,65,362815
15583,41683275,65,362815
15584,41683527,65,362815
15585,41683572,65,362815
15586,41683725,65,362815
15587,41683752,65,362815
15588,41685237,65,362815
15589,41685273,65,362815
15590,41685327,65,362815
15591,41685372,65,362815
15592,41685723,65,362815
15593,41685732,65,362815
15594,41687235,65,362815
15595,41687253,65,362815
15596,41687325,65,362815
15597,41687352,65,362815
15598,41687523,65,362815
15599,41687532,65,362815
15600,41723568,65,362815
15601,41723586,65,362815
15602,41723658,65,362815
15603,41723685,65,362815
15604,41723856,65,362815
15605,41723865,65,362815
15606,41725368,65,362815
15607,41725386,65,362815
15608,41725638,65,362815
15609,41725683,65,362815
15610,41725836,65,362815
15611,41725863,65,362815
15612,41726358,65,362815
15613,41726385,65,362815
15614,41726538,65,362815
15615,41726583,65,362815
15616,41726835,65,362815
15617,41726853,65,362815
15618,41728356,65,362815
15619,41728365,65,362815
15620,41728536,65,362815
15621,41728563,65,362815
15622,41728635,65,362815
15623,41728653,65,362815
15624,41732568,65,362815
15625,41732586,65,362815
15626,41732658,65,362815
15627,41732685,65,362815
15628,41732856,65,362815
15629,41732865,65,362815
15630,41735268,65,362815
15631,41735286,65,362815
15632,41735628,65,362815
15633,41735682,65,362815
15634,41735826,65,362815
15635,41735862,65,362815
15636,41736258,65,362815
15637,41736285,65,362815
15638,41736528,65,362815
15639,41736582,65,362815
15640,41736825,65,362815
15641,41736852,65,362815
15642,41738256,65,362815
15643,41738265,65,362815
15644,41738526,65,362815
15645,41738562,65,362815
15646,41738625,65,362815
15647,41738652,65,362815
15648,41752368,65,362815
15649,41752386,65,362815
15650,41752638,65,362815
15651,41752683,65,362815
15652,41752836,65,362815
15653,41752863,65,362815
15654,41753268,65,362815
15655,41753286,65,362815
15656,41753628,65,362815
15657,41753682,65,362815
15658,41753826,65,362815
15659,41753862,65,362815
15660,41756238,65,362815
15661,41756283,65,362815
15662,41756328,65,362815
15663,41756382,65,362815
15664,41756823,65,362815
15665,41756832,65,362815
15666,41758236,65,362815
15667,41758263,65,362815
15668,41758326,65,362815
15669,41758362,65,362815
15670,41758623,65,362815
15671,41758632,65,362815
15672,41762358,65,362815
15673,41762385,65,362815
15674,41762538,65,362815
15675,41762583,65,362815
15676,41762835,65,362815
15677,41762853,65,362815
15678,41763258,65,362815
15679,41763285,65,362815
15680,41763528,65,362815
15681,41763582,65,362815
15682,41763825,65,362815
15683,41763852,65,362815
15684,41765238,65,362815
15685,41765283,65,362815
15686,41765328,65,362815
15687,41765382,65,362815
15688,41765823,65,362815
15689,41765832,65,362815
15690,41768235,65,362815
15691,41768253,65,362815
15692,41768325,65,362815
15693,41768352,65,362815
15694,41768523,65,362815
15695,41768532,65,362815
15696,41782356,65,362815
15697,41782365,65,362815
15698,41782536,65,362815
15699,41782563,65,362815
15700,41782635,65,362815
15701,41782653,65,362815
15702,41783256,65,362815
15703,41783265,65,362815
15704,41783526,65,362815
15705,41783562,65,362815
15706,41783625,65,362815
15707,41783652,65,362815
15708,41785236,65,362815
15709,41785263,65,362815
15710,41785326,65,362815
15711,41785362,65,362815
15712,41785623,65,362815
15713,41785632,65,362815
15714,41786235,65,362815
15715,41786253,65,362815
15716,41786325,65,362815
15717,41786352,65,362815
15718,41786523,65,362815
15719,41786532,65,362815
15720,41823567,65,362815
15721,41823576,65,362815
15722,41823657,65,362815
15723,41823675,65,362815
15724,41823756,65,362815
15725,41823765,65,362815
15726,41825367,65,362815
15727,41825376,65,362815
15728,41825637,65,362815
15729,41825673,65,362815
15730,41825736,65,362815
15731,41825763,65,362815
15732,41826357,65,362815
15733,41826375,65,362815
15734,41826537,65,362815
15735,41826573,65,362815
15736,41826735,65,362815
15737,41826753,65,362815
15738,41827356,65,362815
15739,41827365,65,362815
15740,41827536,65,362815
15741,41827563,65,362815
15742,41827635,65,362815
15743,41827653,65,362815
15744,41832567,65,362815
15745,41832576,65,362815
15746,41832657,65,362815
15747,41832675,65,362815
15748,41832756,65,362815
15749,41832765,65,362815
15750,41835267,65,362815
15751,41835276,65,362815
15752,41835627,65,362815
15753,41835672,65,362815
15754,41835726,65,362815
15755,41835762,65,362815
15756,41836257,65,362815
15757,41836275,65,362815
15758,41836527,65,362815
15759,41836572,65,362815
15760,41836725,65,362815
15761,41836752,65,362815
15762,41837256,65,362815
15763,41837265,65,362815
15764,41837526,65,362815
15765,41837562,65,362815
15766,41837625,65,362815
15767,41837652,65,362815
15768,41852367,65,362815
15769,41852376,65,362815
15770,41852637,65,362815
15771,41852673,65,362815
15772,41852736,65,362815
15773,41852763,65,362815
15774,41853267,65,362815
15775,41853276,65,362815
15776,41853627,65,362815
15777,41853672,65,362815
15778,41853726,65,362815
15779,41853762,65,362815
15780,41856237,65,362815
15781,41856273,65,362815
15782,41856327,65,362815
15783,41856372,65,362815
15784,41856723,65,362815
15785,41856732,65,362815
15786,41857236,65,362815
15787,41857263,65,362815
15788,41857326,65,362815
15789,41857362,65,362815
15790,41857623,65,362815
15791,41857632,65,362815
15792,41862357,65,362815
15793,41862375,65,362815
15794,41862537,65,362815
15795,41862573,65,362815
15796,41862735,65,362815
15797,41862753,65,362815
15798,41863257,65,362815
15799,41863275,65,362815
15800,41863527,65,362815
15801,41863572,65,362815
15802,41863725,65,362815
15803,41863752,65,362815
15804,41865237,65,362815
15805,41865273,65,362815
15806,41865327,65,362815
15807,41865372,65,362815
15808,41865723,65,362815
15809,41865732,65,362815
15810,41867235,65,362815
15811,41867253,65,362815
15812,41867325,65,362815
15813,41867352,65,362815
15814,41867523,65,362815
15815,41867532,65,362815
15816,41872356,65,362815
15817,41872365,65,362815
15818,41872536,65,362815
15819,41872563,65,362815
15820,41872635,65,362815
15821,41872653,65,362815
15822,41873256,65,362815
15823,41873265,65,362815
15824,41873526,65,362815
15825,41873562,65,362815
15826,41873625,65,362815
15827,41873652,65,362815
15828,41875236,65,362815
15829,41875263,65,362815
15830,41875326,65,362815
15831,41875362,65,362815
15832,41875623,65,362815
15833,41875632,65,362815
15834,41876235,65,362815
15835,41876253,65,362815
15836,41876325,65,362815
15837,41876352,65,362815
15838,41876523,65,362815
15839,41876532,65,362815
15840,42135678,65,362815
15841,42135687,65,362815
15842,42135768,65,362815
15843,42135786,65,362815
15844,42135867,65,362815
15845,42135876,65,362815
15846,42136578,65,362815
15847,42136587,65,362815
15848,42136758,65,362815
15849,42136785,65,362815
15850,42136857,65,362815
15851,42136875,65,362815
15852,42137568,65,362815
15853,42137586,65,362815
15854,42137658,65,362815
15855,42137685,65,362815
15856,42137856,65,362815
15857,42137865,65,362815
15858,42138567,65,362815
15859,42138576,65,362815
15860,42138657,65,362815
15861,42138675,65,362815
15862,42138756,65,362815
15863,42138765,65,362815
15864,42153678,65,362815
15865,42153687,65,362815
15866,42153768,65,362815
15867,42153786,65,362815
15868,42153867,65,362815
15869,42153876,65,362815
15870,42156378,65,362815
15871,42156387,65,362815
15872,42156738,65,362815
15873,42156783,65,362815
15874,42156837,65,362815
15875,42156873,65,362815
15876,42157368,65,362815
15877,42157386,65,362815
15878,42157638,65,362815
15879,42157683,65,362815
15880,42157836,65,362815
15881,42157863,65,362815
15882,42158367,65,362815
15883,42158376,65,362815
15884,42158637,65,362815
15885,42158673,65,362815
15886,42158736,65,362815
15887,42158763,65,362815
15888,42163578,65,362815
15889,42163587,65,362815
15890,42163758,65,362815
15891,42163785,65,362815
15892,42163857,65,362815
15893,42163875,65,362815
15894,42165378,65,362815
15895,42165387,65,362815
15896,42165738,65,362815
15897,42165783,65,362815
15898,42165837,65,362815
15899,42165873,65,362815
15900,42167358,65,362815
15901,42167385,65,362815
15902,42167538,65,362815
15903,42167583,65,362815
15904,42167835,65,362815
15905,42167853,65,362815
15906,42168357,65,362815
15907,42168375,65,362815
15908,42168537,65,362815
15909,42168573,65,362815
15910,42168735,65,362815
15911,42168753,65,362815
15912,42173568,65,362815
15913,42173586,65,362815
15914,42173658,65,362815
15915,42173685,65,362815
15916,42173856,65,362815
15917,42173865,65,362815
15918,42175368,65,362815
15919,42175386,65,362815
15920,42175638,65,362815
15921,42175683,65,362815
15922,42175836,65,362815
15923,42175863,65,362815
15924,42176358,65,362815
15925,42176385,65,362815
15926,42176538,65,362815
15927,42176583,65,362815
15928,42176835,65,362815
15929,42176853,65,362815
15930,42178356,65,362815
15931,42178365,65,362815
15932,42178536,65,362815
15933,42178563,65,362815
15934,42178635,65,362815
15935,42178653,65,362815
15936,42183567,65,362815
15937,42183576,65,362815
15938,42183657,65,362815
15939,42183675,65,362815
15940,42183756,65,362815
15941,42183765,65,362815
15942,42185367,65,362815
15943,42185376,65,362815
15944,42185637,65,362815
15945,42185673,65,362815
15946,42185736,65,362815
15947,42185763,65,362815
15948,42186357,65,362815
15949,42186375,65,362815
15950,42186537,65,362815
15951,42186573,65,362815
15952,42186735,65,362815
15953,42186753,65,362815
15954,42187356,65,362815
15955,42187365,65,362815
15956,42187536,65,362815
15957,42187563,65,362815
15958,42187635,65,362815
15959,42187653,65,362815
15960,42315678,65,362815
15961,42315687,65,362815
15962,42315768,65,362815
15963,42315786,65,362815
15964,42315867,65,362815
15965,42315876,65,362815
15966,42316578,65,362815
15967,42316587,65,362815
15968,42316758,65,362815
15969,42316785,65,362815
15970,42316857,65,362815
15971,42316875,65,362815
15972,42317568,65,362815
15973,42317586,65,362815
15974,42317658,65,362815
15975,42317685,65,362815
15976,42317856,65,362815
15977,42317865,65,362815
15978,42318567,65,362815
15979,42318576,65,362815
15980,42318657,65,362815
15981,42318675,65,362815
15982,42318756,65,362815
15983,42318765,65,362815
15984,42351678,65,362815
15985,42351687,65,362815
15986,42351768,65,362815
15987,42351786,65,362815
15988,42351867,65,362815
15989,42351876,65,362815
15990,42356178,65,362815
15991,42356187,65,362815
15992,42356718,65,362815
15993,42356781,65,362815
15994,42356817,65,362815
15995,42356871,65,362815
15996,42357168,65,362815
15997,42357186,65,362815
15998,42357618,65,362815
15999,42357681,65,362815
16000,42357816,65,362815
16001,42357861,65,362815
16002,42358167,65,362815
16003,42358176,65,362815
16004,42358617,65,362815
16005,42358671,65,362815
16006,42358716,65,362815
16007,42358761,65,362815
16008,42361578,65,362815
16009,42361587,65,362815
16010,42361758,65,362815
16011,42361785,65,362815
16012,42361857,65,362815
16013,42361875,65,362815
16014,42365178,65,362815
16015,42365187,65,362815
16016,42365718,65,362815
16017,42365781,65,362815
16018,42365817,65,362815
16019,42365871,65,362815
16020,42367158,65,362815
16021,42367185,65,362815
16022,42367518,65,362815
16023,42367581,65,362815
16024,42367815,65,362815
16025,42367851,65,362815
16026,42368157,65,362815
16027,42368175,65,362815
16028,42368517,65,362815
16029,42368571,65,362815
16030,42368715,65,362815
16031,42368751,65,362815
16032,42371568,65,362815
16033,42371586,65,362815
16034,42371658,65,362815
16035,42371685,65,362815
16036,42371856,65,362815
16037,42371865,65,362815
16038,42375168,65,362815
16039,42375186,65,362815
16040,42375618,65,362815
16041,42375681,65,362815
16042,42375816,65,362815
16043,42375861,65,362815
16044,42376158,65,362815
16045,42376185,65,362815
16046,42376518,65,362815
16047,42376581,65,362815
16048,42376815,65,362815
16049,42376851,65,362815
16050,42378156,65,362815
16051,42378165,65,362815
16052,42378516,65,362815
16053,42378561,65,362815
16054,42378615,65,362815
16055,42378651,65,362815
16056,42381567,65,362815
16057,42381576,65,362815
16058,42381657,65,362815
16059,42381675,65,362815
16060,42381756,65,362815
16061,42381765,65,362815
16062,42385167,65,362815
16063,42385176,65,362815
16064,42385617,65,362815
16065,42385671,65,362815
16066,42385716,65,362815
16067,42385761,65,362815
16068,42386157,65,362815
16069,42386175,65,362815
16070,42386517,65,362815
16071,42386571,65,362815
16072,42386715,65,362815
16073,42386751,65,362815
16074,42387156,65,362815
16075,42387165,65,362815
16076,42387516,65,362815
16077,42387561,65,362815
16078,42387615,65,362815
16079,42387651,65,362815
16080,42513678,65,362815
16081,42513687,65,362815
16082,42513768,65,362815
16083,42513786,65,362815
16084,42513867,65,362815
16085,42513876,65,362815
16086,42516378,65,362815
16087,42516387,65,362815
16088,42516738,65,362815
16089,42516783,65,362815
16090,42516837,65,362815
16091,42516873,65,362815
16092,42517368,65,362815
16093,42517386,65,362815
16094,42517638,65,362815
16095,42517683,65,362815
16096,42517836,65,362815
16097,42517863,65,362815
16098,42518367,65,362815
16099,42518376,65,362815
16100,42518637,65,362815
16101,42518673,65,362815
16102,42518736,65,362815
16103,42518763,65,362815
16104,42531678,65,362815
16105,42531687,65,362815
16106,42531768,65,362815
16107,42531786,65,362815
16108,42531867,65,362815
16109,42531876,65,362815
16110,42536178,65,362815
16111,42536187,65,362815
16112,42536718,65,362815
16113,42536781,65,362815
16114,42536817,65,362815
16115,42536871,65,362815
16116,42537168,65,362815
16117,42537186,65,362815
16118,42537618,65,362815
16119,42537681,65,362815
16120,42537816,65,362815
16121,42537861,65,362815
16122,42538167,65,362815
16123,42538176,65,362815
16124,42538617,65,362815
16125,42538671,65,362815
16126,42538716,65,362815
16127,42538761,65,362815
16128,42561378,65,362815
16129,42561387,65,362815
16130,42561738,65,362815
16131,42561783,65,362815
16132,42561837,65,362815
16133,42561873,65,362815
16134,42563178,65,362815
16135,42563187,65,362815
16136,42563718,65,362815
16137,42563781,65,362815
16138,42563817,65,362815
16139,42563871,65,362815
16140,42567138,65,362815
16141,42567183,65,362815
16142,42567318,65,362815
16143,42567381,65,362815
16144,42567813,65,362815
16145,42567831,65,362815
16146,42568137,65,362815
16147,42568173,65,362815
16148,42568317,65,362815
16149,42568371,65,362815
16150,42568713,65,362815
16151,42568731,65,362815
16152,42571368,65,362815
16153,42571386,65,362815
16154,42571638,65,362815
16155,42571683,65,362815
16156,42571836,65,362815
16157,42571863,65,362815
16158,42573168,65,362815
16159,42573186,65,362815
16160,42573618,65,362815
16161,42573681,65,362815
16162,42573816,65,362815
16163,42573861,65,362815
16164,42576138,65,362815
16165,42576183,65,362815
16166,42576318,65,362815
16167,42576381,65,362815
16168,42576813,65,362815
16169,42576831,65,362815
16170,42578136,65,362815
16171,42578163,65,362815
16172,42578316,65,362815
16173,42578361,65,362815
16174,42578613,65,362815
16175,42578631,65,362815
16176,42581367,65,362815
16177,42581376,65,362815
16178,42581637,65,362815
16179,42581673,65,362815
16180,42581736,65,362815
16181,42581763,65,362815
16182,42583167,65,362815
16183,42583176,65,362815
16184,42583617,65,362815
16185,42583671,65,362815
16186,42583716,65,362815
16187,42583761,65,362815
16188,42586137,65,362815
16189,42586173,65,362815
16190,42586317,65,362815
16191,42586371,65,362815
16192,42586713,65,362815
16193,42586731,65,362815
16194,42587136,65,362815
16195,42587163,65,362815
16196,42587316,65,362815
16197,42587361,65,362815
16198,42587613,65,362815
16199,42587631,65,362815
16200,42613578,65,362815
16201,42613587,65,362815
16202,42613758,65,362815
16203,42613785,65,362815
16204,42613857,65,362815
16205,42613875,65,362815
16206,42615378,65,362815
16207,42615387,65,362815
16208,42615738,65,362815
16209,42615783,65,362815
16210,42615837,65,362815
16211,42615873,65,362815
16212,42617358,65,362815
16213,42617385,65,362815
16214,42617538,65,362815
16215,42617583,65,362815
16216,42617835,65,362815
16217,42617853,65,362815
16218,42618357,65,362815
16219,42618375,65,362815
16220,42618537,65,362815
16221,42618573,65,362815
16222,42618735,65,362815
16223,42618753,65,362815
16224,42631578,65,362815
16225,42631587,65,362815
16226,42631758,65,362815
16227,42631785,65,362815
16228,42631857,65,362815
16229,42631875,65,362815
16230,42635178,65,362815
16231,42635187,65,362815
16232,42635718,65,362815
16233,42635781,65,362815
16234,42635817,65,362815
16235,42635871,65,362815
16236,42637158,65,362815
16237,42637185,65,362815
16238,42637518,65,362815
16239,42637581,65,362815
16240,42637815,65,362815
16241,42637851,65,362815
16242,42638157,65,362815
16243,42638175,65,362815
16244,42638517,65,362815
16245,42638571,65,362815
16246,42638715,65,362815
16247,42638751,65,362815
16248,42651378,65,362815
16249,42651387,65,362815
16250,42651738,65,362815
16251,42651783,65,362815
16252,42651837,65,362815
16253,42651873,65,362815
16254,42653178,65,362815
16255,42653187,65,362815
16256,42653718,65,362815
16257,42653781,65,362815
16258,42653817,65,362815
16259,42653871,65,362815
16260,42657138,65,362815
16261,42657183,65,362815
16262,42657318,65,362815
16263,42657381,65,362815
16264,42657813,65,362815
16265,42657831,65,362815
16266,42658137,65,362815
16267,42658173,65,362815
16268,42658317,65,362815
16269,42658371,65,362815
16270,42658713,65,362815
16271,42658731,65,362815
16272,42671358,65,362815
16273,42671385,65,362815
16274,42671538,65,362815
16275,42671583,65,362815
16276,42671835,65,362815
16277,42671853,65,362815
16278,42673158,65,362815
16279,42673185,65,362815
16280,42673518,65,362815
16281,42673581,65,362815
16282,42673815,65,362815
16283,42673851,65,362815
16284,42675138,65,362815
16285,42675183,65,362815
16286,42675318,65,362815
16287,42675381,65,362815
16288,42675813,65,362815
16289,42675831,65,362815
16290,42678135,65,362815
16291,42678153,65,362815
16292,42678315,65,362815
16293,42678351,65,362815
16294,42678513,65,362815
16295,42678531,65,362815
16296,42681357,65,362815
16297,42681375,65,362815
16298,42681537,65,362815
16299,42681573,65,362815
16300,42681735,65,362815
16301,42681753,65,362815
16302,42683157,65,362815
16303,42683175,65,362815
16304,42683517,65,362815
16305,42683571,65,362815
16306,42683715,65,362815
16307,42683751,65,362815
16308,42685137,65,362815
16309,42685173,65,362815
16310,42685317,65,362815
16311,42685371,65,362815
16312,42685713,65,362815
16313,42685731,65,362815
16314,42687135,65,362815
16315,42687153,65,362815
16316,42687315,65,362815
16317,42687351,65,362815
16318,42687513,65,362815
16319,42687531,65,362815
16320,42713568,65,362815
16321,42713586,65,362815
16322,42713658,65,362815
16323,42713685,65,362815
16324,42713856,65,362815
16325,42713865,65,362815
16326,42715368,65,362815
16327,42715386,65,362815
16328,42715638,65,362815
16329,42715683,65,362815
16330,42715836,65,362815
16331,42715863,65,362815
16332,42716358,65,362815
16333,42716385,65,362815
16334,42716538,65,362815
16335,42716583,65,362815
16336,42716835,65,362815
16337,42716853,65,362815
16338,42718356,65,362815
16339,42718365,65,362815
16340,42718536,65,362815
16341,42718563,65,362815
16342,42718635,65,362815
16343,42718653,65,362815
16344,42731568,65,362815
16345,42731586,65,362815
16346,42731658,65,362815
16347,42731685,65,362815
16348,42731856,65,362815
16349,42731865,65,362815
16350,42735168,65,362815
16351,42735186,65,362815
16352,42735618,65,362815
16353,42735681,65,362815
16354,42735816,65,362815
16355,42735861,65,362815
16356,42736158,65,362815
16357,42736185,65,362815
16358,42736518,65,362815
16359,42736581,65,362815
16360,42736815,65,362815
16361,42736851,65,362815
16362,42738156,65,362815
16363,42738165,65,362815
16364,42738516,65,362815
16365,42738561,65,362815
16366,42738615,65,362815
16367,42738651,65,362815
16368,42751368,65,362815
16369,42751386,65,362815
16370,42751638,65,362815
16371,42751683,65,362815
16372,42751836,65,362815
16373,42751863,65,362815
16374,42753168,65,362815
16375,42753186,65,362815
16376,42753618,65,362815
16377,42753681,65,362815
16378,42753816,65,362815
16379,42753861,65,362815
16380,42756138,65,362815
16381,42756183,65,362815
16382,42756318,65,362815
16383,42756381,65,362815
16384,42756813,65,362815
16385,42756831,65,362815
16386,42758136,65,362815
16387,42758163,65,362815
16388,42758316,65,362815
16389,42758361,65,362815
16390,42758613,65,362815
16391,42758631,65,362815
16392,42761358,65,362815
16393,42761385,65,362815
16394,42761538,65,362815
16395,42761583,65,362815
16396,42761835,65,362815
16397,42761853,65,362815
16398,42763158,65,362815
16399,42763185,65,362815
16400,42763518,65,362815
16401,42763581,65,362815
16402,42763815,65,362815
16403,42763851,65,362815
16404,42765138,65,362815
16405,42765183,65,362815
16406,42765318,65,362815
16407,42765381,65,362815
16408,42765813,65,362815
16409,42765831,65,362815
16410,42768135,65,362815
16411,42768153,65,362815
16412,42768315,65,362815
16413,42768351,65,362815
16414,42768513,65,362815
16415,42768531,65,362815
16416,42781356,65,362815
16417,42781365,65,362815
16418,42781536,65,362815
16419,42781563,65,362815
16420,42781635,65,362815
16421,42781653,65,362815
16422,42783156,65,362815
16423,42783165,65,362815
16424,42783516,65,362815
16425,42783561,65,362815
16426,42783615,65,362815
16427,42783651,65,362815
16428,42785136,65,362815
16429,42785163,65,362815
16430,42785316,65,362815
16431,42785361,65,362815
16432,42785613,65,362815
16433,42785631,65,362815
16434,42786135,65,362815
16435,42786153,65,362815
16436,42786315,65,362815
16437,42786351,65,362815
16438,42786513,65,362815
16439,42786531,65,362815
16440,42813567,65,362815
16441,42813576,65,362815
16442,42813657,65,362815
16443,42813675,65,362815
16444,42813756,65,362815
16445,42813765,65,362815
16446,42815367,65,362815
16447,42815376,65,362815
16448,42815637,65,362815
16449,42815673,65,362815
16450,42815736,65,362815
16451,42815763,65,362815
16452,42816357,65,362815
16453,42816375,65,362815
16454,42816537,65,362815
16455,42816573,65,362815
16456,42816735,65,362815
16457,42816753,65,362815
16458,42817356,65,362815
16459,42817365,65,362815
16460,42817536,65,362815
16461,42817563,65,362815
16462,42817635,65,362815
16463,42817653,65,362815
16464,42831567,65,362815
16465,42831576,65,362815
16466,42831657,65,362815
16467,42831675,65,362815
16468,42831756,65,362815
16469,42831765,65,362815
16470,42835167,65,362815
16471,42835176,65,362815
16472,42835617,65,362815
16473,42835671,65,362815
16474,42835716,65,362815
16475,42835761,65,362815
16476,42836157,65,362815
16477,42836175,65,362815
16478,42836517,65,362815
16479,42836571,65,362815
16480,42836715,65,362815
16481,42836751,65,362815
16482,42837156,65,362815
16483,42837165,65,362815
16484,42837516,65,362815
16485,42837561,65,362815
16486,42837615,65,362815
16487,42837651,65,362815
16488,42851367,65,362815
16489,42851376,65,362815
16490,42851637,65,362815
16491,42851673,65,362815
16492,42851736,65,362815
16493,42851763,65,362815
16494,42853167,65,362815
16495,42853176,65,362815
16496,42853617,65,362815
16497,42853671,65,362815
16498,42853716,65,362815
16499,42853761,65,362815
16500,42856137,65,362815
16501,42856173,65,362815
16502,42856317,65,362815
16503,42856371,65,362815
16504,42856713,65,362815
16505,42856731,65,362815
16506,42857136,65,362815
16507,42857163,65,362815
16508,42857316,65,362815
16509,42857361,65,362815
16510,42857613,65,362815
16511,42857631,65,362815
16512,42861357,65,362815
16513,42861375,65,362815
16514,42861537,65,362815
16515,42861573,65,362815
16516,42861735,65,362815
16517,42861753,65,362815
16518,42863157,65,362815
16519,42863175,65,362815
16520,42863517,65,362815
16521,42863571,65,362815
16522,42863715,65,362815
16523,42863751,65,362815
16524,42865137,65,362815
16525,42865173,65,362815
16526,42865317,65,362815
16527,42865371,65,362815
16528,42865713,65,362815
16529,42865731,65,362815
16530,42867135,65,362815
16531,42867153,65,362815
16532,42867315,65,362815
16533,42867351,65,362815
16534,42867513,65,362815
16535,42867531,65,362815
16536,42871356,65,362815
16537,42871365,65,362815
16538,42871536,65,362815
16539,42871563,65,362815
16540,42871635,65,362815
16541,42871653,65,362815
16542,42873156,65,362815
16543,42873165,65,362815
16544,42873516,65,362815
16545,42873561,65,362815
16546,42873615,65,362815
16547,42873651,65,362815
16548,42875136,65,362815
16549,42875163,65,362815
16550,42875316,65,362815
16551,42875361,65,362815
16552,42875613,65,362815
16553,42875631,65,362815
16554,42876135,65,362815
16555,42876153,65,362815
16556,42876315,65,362815
16557,42876351,65,362815
16558,42876513,65,362815
16559,42876531,65,362815
16560,43125678,65,362815
16561,43125687,65,362815
16562,43125768,65,362815
16563,43125786,65,362815
16564,43125867,65,362815
16565,43125876,65,362815
16566,43126578,65,362815
16567,43126587,65,362815
16568,43126758,65,362815
16569,43126785,65,362815
16570,43126857,65,362815
16571,43126875,65,362815
16572,43127568,65,362815
16573,43127586,65,362815
16574,43127658,65,362815
16575,43127685,65,362815
16576,43127856,65,362815
16577,43127865,65,362815
16578,43128567,65,362815
16579,43128576,65,362815
16580,43128657,65,362815
16581,43128675,65,362815
16582,43128756,65,362815
16583,43128765,65,362815
16584,43152678,65,362815
16585,43152687,65,362815
16586,43152768,65,362815
16587,43152786,65,362815
16588,43152867,65,362815
16589,43152876,65,362815
16590,43156278,65,362815
16591,43156287,65,362815
16592,43156728,65,362815
16593,43156782,65,362815
16594,43156827,65,362815
16595,43156872,65,362815
16596,43157268,65,362815
16597,43157286,65,362815
16598,43157628,65,362815
16599,43157682,65,362815
16600,43157826,65,362815
16601,43157862,65,362815
16602,43158267,65,362815
16603,43158276,65,362815
16604,43158627,65,362815
16605,43158672,65,362815
16606,43158726,65,362815
16607,43158762,65,362815
16608,43162578,65,362815
16609,43162587,65,362815
16610,43162758,65,362815
16611,43162785,65,362815
16612,43162857,65,362815
16613,43162875,65,362815
16614,43165278,65,362815
16615,43165287,65,362815
16616,43165728,65,362815
16617,43165782,65,362815
16618,43165827,65,362815
16619,43165872,65,362815
16620,43167258,65,362815
16621,43167285,65,362815
16622,43167528,65,362815
16623,43167582,65,362815
16624,43167825,65,362815
16625,43167852,65,362815
16626,43168257,65,362815
16627,43168275,65,362815
16628,43168527,65,362815
16629,43168572,65,362815
16630,43168725,65,362815
16631,43168752,65,362815
16632,43172568,65,362815
16633,43172586,65,362815
16634,43172658,65,362815
16635,43172685,65,362815
16636,43172856,65,362815
16637,43172865,65,362815
16638,43175268,65,362815
16639,43175286,65,362815
16640,43175628,65,362815
16641,43175682,65,362815
16642,43175826,65,362815
16643,43175862,65,362815
16644,43176258,65,362815
16645,43176285,65,362815
16646,43176528,65,362815
16647,43176582,65,362815
16648,43176825,65,362815
16649,43176852,65,362815
16650,43178256,65,362815
16651,43178265,65,362815
16652,43178526,65,362815
16653,43178562,65,362815
16654,43178625,65,362815
16655,43178652,65,362815
16656,43182567,65,362815
16657,43182576,65,362815
16658,43182657,65,362815
16659,43182675,65,362815
16660,43182756,65,362815
16661,43182765,65,362815
16662,43185267,65,362815
16663,43185276,65,362815
16664,43185627,65,362815
16665,43185672,65,362815
16666,43185726,65,362815
16667,43185762,65,362815
16668,43186257,65,362815
16669,43186275,65,362815
16670,43186527,65,362815
16671,43186572,65,362815
16672,43186725,65,362815
16673,43186752,65,362815
16674,43187256,65,362815
16675,43187265,65,362815
16676,43187526,65,362815
16677,43187562,65,362815
16678,43187625,65,362815
16679,43187652,65,362815
16680,43215678,65,362815
16681,43215687,65,362815
16682,43215768,65,362815
16683,43215786,65,362815
16684,43215867,65,362815
16685,43215876,65,362815
16686,43216578,65,362815
16687,43216587,65,362815
16688,43216758,65,362815
16689,43216785,65,362815
16690,43216857,65,362815
16691,43216875,65,362815
16692,43217568,65,362815
16693,43217586,65,362815
16694,43217658,65,362815
16695,43217685,65,362815
16696,43217856,65,362815
16697,43217865,65,362815
16698,43218567,65,362815
16699,43218576,65,362815
16700,43218657,65,362815
16701,43218675,65,362815
16702,43218756,65,362815
16703,43218765,65,362815
16704,43251678,65,362815
16705,43251687,65,362815
16706,43251768,65,362815
16707,43251786,65,362815
16708,43251867,65,362815
16709,43251876,65,362815
16710,43256178,65,362815
16711,43256187,65,362815
16712,43256718,65,362815
16713,43256781,65,362815
16714,43256817,65,362815
16715,43256871,65,362815
16716,43257168,65,362815
16717,43257186,65,362815
16718,43257618,65,362815
16719,43257681,65,362815
16720,43257816,65,362815
16721,43257861,65,362815
16722,43258167,65,362815
16723,43258176,65,362815
16724,43258617,65,362815
16725,43258671,65,362815
16726,43258716,65,362815
16727,43258761,65,362815
16728,43261578,65,362815
16729,43261587,65,362815
16730,43261758,65,362815
16731,43261785,65,362815
16732,43261857,65,362815
16733,43261875,65,362815
16734,43265178,65,362815
16735,43265187,65,362815
16736,43265718,65,362815
16737,43265781,65,362815
16738,43265817,65,362815
16739,43265871,65,362815
16740,43267158,65,362815
16741,43267185,65,362815
16742,43267518,65,362815
16743,43267581,65,362815
16744,43267815,65,362815
16745,43267851,65,362815
16746,43268157,65,362815
16747,43268175,65,362815
16748,43268517,65,362815
16749,43268571,65,362815
16750,43268715,65,362815
16751,43268751,65,362815
16752,43271568,65,362815
16753,43271586,65,362815
16754,43271658,65,362815
16755,43271685,65,362815
16756,43271856,65,362815
16757,43271865,65,362815
16758,43275168,65,362815
16759,43275186,65,362815
16760,43275618,65,362815
16761,43275681,65,362815
16762,43275816,65,362815
16763,43275861,65,362815
16764,43276158,65,362815
16765,43276185,65,362815
16766,43276518,65,362815
16767,43276581,65,362815
16768,43276815,65,362815
16769,43276851,65,362815
16770,43278156,65,362815
16771,43278165,65,362815
16772,43278516,65,362815
16773,43278561,65,362815
16774,43278615,65,362815
16775,43278651,65,362815
16776,43281567,65,362815
16777,43281576,65,362815
16778,43281657,65,362815
16779,43281675,65,362815
16780,43281756,65,362815
16781,43281765,65,362815
16782,43285167,65,362815
16783,43285176,65,362815
16784,43285617,65,362815
16785,43285671,65,362815
16786,43285716,65,362815
16787,43285761,65,362815
16788,43286157,65,362815
16789,43286175,65,362815
16790,43286517,65,362815
16791,43286571,65,362815
16792,43286715,65,362815
16793,43286751,65,362815
16794,43287156,65,362815
16795,43287165,65,362815
16796,43287516,65,362815
16797,43287561,65,362815
16798,43287615,65,362815
16799,43287651,65,362815
16800,43512678,65,362815
16801,43512687,65,362815
16802,43512768,65,362815
16803,43512786,65,362815
16804,43512867,65,362815
16805,43512876,65,362815
16806,43516278,65,362815
16807,43516287,65,362815
16808,43516728,65,362815
16809,43516782,65,362815
16810,43516827,65,362815
16811,43516872,65,362815
16812,43517268,65,362815
16813,43517286,65,362815
16814,43517628,65,362815
16815,43517682,65,362815
16816,43517826,65,362815
16817,43517862,65,362815
16818,43518267,65,362815
16819,43518276,65,362815
16820,43518627,65,362815
16821,43518672,65,362815
16822,43518726,65,362815
16823,43518762,65,362815
16824,43521678,65,362815
16825,43521687,65,362815
16826,43521768,65,362815
16827,43521786,65,362815
16828,43521867,65,362815
16829,43521876,65,362815
16830,43526178,65,362815
16831,43526187,65,362815
16832,43526718,65,362815
16833,43526781,65,362815
16834,43526817,65,362815
16835,43526871,65,362815
16836,43527168,65,362815
16837,43527186,65,362815
16838,43527618,65,362815
16839,43527681,65,362815
16840,43527816,65,362815
16841,43527861,65,362815
16842,43528167,65,362815
16843,43528176,65,362815
16844,43528617,65,362815
16845,43528671,65,362815
16846,43528716,65,362815
16847,43528761,65,362815
16848,43561278,65,362815
16849,43561287,65,362815
16850,43561728,65,362815
16851,43561782,65,362815
16852,43561827,65,362815
16853,43561872,65,362815
16854,43562178,65,362815
16855,43562187,65,362815
16856,43562718,65,362815
16857,43562781,65,362815
16858,43562817,65,362815
16859,43562871,65,362815
16860,43567128,65,362815
16861,43567182,65,362815
16862,43567218,65,362815
16863,43567281,65,362815
16864,43567812,65,362815
16865,43567821,65,362815
16866,43568127,65,362815
16867,43568172,65,362815
16868,43568217,65,362815
16869,43568271,65,362815
16870,43568712,65,362815
16871,43568721,65,362815
16872,43571268,65,362815
16873,43571286,65,362815
16874,43571628,65,362815
16875,43571682,65,362815
16876,43571826,65,362815
16877,43571862,65,362815
16878,43572168,65,362815
16879,43572186,65,362815
16880,43572618,65,362815
16881,43572681,65,362815
16882,43572816,65,362815
16883,43572861,65,362815
16884,43576128,65,362815
16885,43576182,65,362815
16886,43576218,65,362815
16887,43576281,65,362815
16888,43576812,65,362815
16889,43576821,65,362815
16890,43578126,65,362815
16891,43578162,65,362815
16892,43578216,65,362815
16893,43578261,65,362815
16894,43578612,65,362815
16895,43578621,65,362815
16896,43581267,65,362815
16897,43581276,65,362815
16898,43581627,65,362815
16899,43581672,65,362815
16900,43581726,65,362815
16901,43581762,65,362815
16902,43582167,65,362815
16903,43582176,65,362815
16904,43582617,65,362815
16905,43582671,65,362815
16906,43582716,65,362815
16907,43582761,65,362815
16908,43586127,65,362815
16909,43586172,65,362815
16910,43586217,65,362815
16911,43586271,65,362815
16912,43586712,65,362815
16913,43586721,65,362815
16914,43587126,65,362815
16915,43587162,65,362815
16916,43587216,65,362815
16917,43587261,65,362815
16918,43587612,65,362815
16919,43587621,65,362815
16920,43612578,65,362815
16921,43612587,65,362815
16922,43612758,65,362815
16923,43612785,65,362815
16924,43612857,65,362815
16925,43612875,65,362815
16926,43615278,65,362815
16927,43615287,65,362815
16928,43615728,65,362815
16929,43615782,65,362815
16930,43615827,65,362815
16931,43615872,65,362815
16932,43617258,65,362815
16933,43617285,65,362815
16934,43617528,65,362815
16935,43617582,65,362815
16936,43617825,65,362815
16937,43617852,65,362815
16938,43618257,65,362815
16939,43618275,65,362815
16940,43618527,65,362815
16941,43618572,65,362815
16942,43618725,65,362815
16943,43618752,65,362815
16944,43621578,65,362815
16945,43621587,65,362815
16946,43621758,65,362815
16947,43621785,65,362815
16948,43621857,65,362815
16949,43621875,65,362815
16950,43625178,65,362815
16951,43625187,65,362815
16952,43625718,65,362815
16953,43625781,65,362815
16954,43625817,65,362815
16955,43625871,65,362815
16956,43627158,65,362815
16957,43627185,65,362815
16958,43627518,65,362815
16959,43627581,65,362815
16960,43627815,65,362815
16961,43627851,65,362815
16962,43628157,65,362815
16963,43628175,65,362815
16964,43628517,65,362815
16965,43628571,65,362815
16966,43628715,65,362815
16967,43628751,65,362815
16968,43651278,65,362815
16969,43651287,65,362815
16970,43651728,65,362815
16971,43651782,65,362815
16972,43651827,65,362815
16973,43651872,65,362815
16974,43652178,65,362815
16975,43652187,65,362815
16976,43652718,65,362815
16977,43652781,65,362815
16978,43652817,65,362815
16979,43652871,65,362815
16980,43657128,65,362815
16981,43657182,65,362815
16982,43657218,65,362815
16983,43657281,65,362815
16984,43657812,65,362815
16985,43657821,65,362815
16986,43658127,65,362815
16987,43658172,65,362815
16988,43658217,65,362815
16989,43658271,65,362815
16990,43658712,65,362815
16991,43658721,65,362815
16992,43671258,65,362815
16993,43671285,65,362815
16994,43671528,65,362815
16995,43671582,65,362815
16996,43671825,65,362815
16997,43671852,65,362815
16998,43672158,65,362815
16999,43672185,65,362815
17000,43672518,65,362815
17001,43672581,65,362815
17002,43672815,65,362815
17003,43672851,65,362815
17004,43675128,65,362815
17005,43675182,65,362815
17006,43675218,65,362815
17007,43675281,65,362815
17008,43675812,65,362815
17009,43675821,65,362815
17010,43678125,65,362815
17011,43678152,65,362815
17012,43678215,65,362815
17013,43678251,65,362815
17014,43678512,65,362815
17015,43678521,65,362815
17016,43681257,65,362815
17017,43681275,65,362815
17018,43681527,65,362815
17019,43681572,65,362815
17020,43681725,65,362815
17021,43681752,65,362815
17022,43682157,65,362815
17023,43682175,65,362815
17024,43682517,65,362815
17025,43682571,65,362815
17026,43682715,65,362815
17027,43682751,65,362815
17028,43685127,65,362815
17029,43685172,65,362815
17030,43685217,65,362815
17031,43685271,65,362815
17032,43685712,65,362815
17033,43685721,65,362815
17034,43687125,65,362815
17035,43687152,65,362815
17036,43687215,65,362815
17037,43687251,65,362815
17038,43687512,65,362815
17039,43687521,65,362815
17040,43712568,65,362815
17041,43712586,65,362815
17042,43712658,65,362815
17043,43712685,65,362815
17044,43712856,65,362815
17045,43712865,65,362815
17046,43715268,65,362815
17047,43715286,65,362815
17048,43715628,65,362815
17049,43715682,65,362815
17050,43715826,65,362815
17051,43715862,65,362815
17052,43716258,65,362815
17053,43716285,65,362815
17054,43716528,65,362815
17055,43716582,65,362815
17056,43716825,65,362815
17057,43716852,65,362815
17058,43718256,65,362815
17059,43718265,65,362815
17060,43718526,65,362815
17061,43718562,65,362815
17062,43718625,65,362815
17063,43718652,65,362815
17064,43721568,65,362815
17065,43721586,65,362815
17066,43721658,65,362815
17067,43721685,65,362815
17068,43721856,65,362815
17069,43721865,65,362815
17070,43725168,65,362815
17071,43725186,65,362815
17072,43725618,65,362815
17073,43725681,65,362815
17074,43725816,65,362815
17075,43725861,65,362815
17076,43726158,65,362815
17077,43726185,65,362815
17078,43726518,65,362815
17079,43726581,65,362815
17080,43726815,65,362815
17081,43726851,65,362815
17082,43728156,65,362815
17083,43728165,65,362815
17084,43728516,65,362815
17085,43728561,65,362815
17086,43728615,65,362815
17087,43728651,65,362815
17088,43751268,65,362815
17089,43751286,65,362815
17090,43751628,65,362815
17091,43751682,65,362815
17092,43751826,65,362815
17093,43751862,65,362815
17094,43752168,65,362815
17095,43752186,65,362815
17096,43752618,65,362815
17097,43752681,65,362815
17098,43752816,65,362815
17099,43752861,65,362815
17100,43756128,65,362815
17101,43756182,65,362815
17102,43756218,65,362815
17103,43756281,65,362815
17104,43756812,65,362815
17105,43756821,65,362815
17106,43758126,65,362815
17107,43758162,65,362815
17108,43758216,65,362815
17109,43758261,65,362815
17110,43758612,65,362815
17111,43758621,65,362815
17112,43761258,65,362815
17113,43761285,65,362815
17114,43761528,65,362815
17115,43761582,65,362815
17116,43761825,65,362815
17117,43761852,65,362815
17118,43762158,65,362815
17119,43762185,65,362815
17120,43762518,65,362815
17121,43762581,65,362815
17122,43762815,65,362815
17123,43762851,65,362815
17124,43765128,65,362815
17125,43765182,65,362815
17126,43765218,65,362815
17127,43765281,65,362815
17128,43765812,65,362815
17129,43765821,65,362815
17130,43768125,65,362815
17131,43768152,65,362815
17132,43768215,65,362815
17133,43768251,65,362815
17134,43768512,65,362815
17135,43768521,65,362815
17136,43781256,65,362815
17137,43781265,65,362815
17138,43781526,65,362815
17139,43781562,65,362815
17140,43781625,65,362815
17141,43781652,65,362815
17142,43782156,65,362815
17143,43782165,65,362815
17144,43782516,65,362815
17145,43782561,65,362815
17146,43782615,65,362815
17147,43782651,65,362815
17148,43785126,65,362815
17149,43785162,65,362815
17150,43785216,65,362815
17151,43785261,65,362815
17152,43785612,65,362815
17153,43785621,65,362815
17154,43786125,65,362815
17155,43786152,65,362815
17156,43786215,65,362815
17157,43786251,65,362815
17158,43786512,65,362815
17159,43786521,65,362815
17160,43812567,65,362815
17161,43812576,65,362815
17162,43812657,65,362815
17163,43812675,65,362815
17164,43812756,65,362815
17165,43812765,65,362815
17166,43815267,65,362815
17167,43815276,65,362815
17168,43815627,65,362815
17169,43815672,65,362815
17170,43815726,65,362815
17171,43815762,65,362815
17172,43816257,65,362815
17173,43816275,65,362815
17174,43816527,65,362815
17175,43816572,65,362815
17176,43816725,65,362815
17177,43816752,65,362815
17178,43817256,65,362815
17179,43817265,65,362815
17180,43817526,65,362815
17181,43817562,65,362815
17182,43817625,65,362815
17183,43817652,65,362815
17184,43821567,65,362815
17185,43821576,65,362815
17186,43821657,65,362815
17187,43821675,65,362815
17188,43821756,65,362815
17189,43821765,65,362815
17190,43825167,65,362815
17191,43825176,65,362815
17192,43825617,65,362815
17193,43825671,65,362815
17194,43825716,65,362815
17195,43825761,65,362815
17196,43826157,65,362815
17197,43826175,65,362815
17198,43826517,65,362815
17199,43826571,65,362815
17200,43826715,65,362815
17201,43826751,65,362815
17202,43827156,65,362815
17203,43827165,65,362815
17204,43827516,65,362815
17205,43827561,65,362815
17206,43827615,65,362815
17207,43827651,65,362815
17208,43851267,65,362815
17209,43851276,65,362815
17210,43851627,65,362815
17211,43851672,65,362815
17212,43851726,65,362815
17213,43851762,65,362815
17214,43852167,65,362815
17215,43852176,65,362815
17216,43852617,65,362815
17217,43852671,65,362815
17218,43852716,65,362815
17219,43852761,65,362815
17220,43856127,65,362815
17221,43856172,65,362815
17222,43856217,65,362815
17223,43856271,65,362815
17224,43856712,65,362815
17225,43856721,65,362815
17226,43857126,65,362815
17227,43857162,65,362815
17228,43857216,65,362815
17229,43857261,65,362815
17230,43857612,65,362815
17231,43857621,65,362815
17232,43861257,65,362815
17233,43861275,65,362815
17234,43861527,65,362815
17235,43861572,65,362815
17236,43861725,65,362815
17237,43861752,65,362815
17238,43862157,65,362815
17239,43862175,65,362815
17240,43862517,65,362815
17241,43862571,65,362815
17242,43862715,65,362815
17243,43862751,65,362815
17244,43865127,65,362815
17245,43865172,65,362815
17246,43865217,65,362815
17247,43865271,65,362815
17248,43865712,65,362815
17249,43865721,65,362815
17250,43867125,65,362815
17251,43867152,65,362815
17252,43867215,65,362815
17253,43867251,65,362815
17254,43867512,65,362815
17255,43867521,65,362815
17256,43871256,65,362815
17257,43871265,65,362815
17258,43871526,65,362815
17259,43871562,65,362815
17260,43871625,65,362815
17261,43871652,65,362815
17262,43872156,65,362815
17263,43872165,65,362815
17264,43872516,65,362815
17265,43872561,65,362815
17266,43872615,65,362815
17267,43872651,65,362815
17268,43875126,65,362815
17269,43875162,65,362815
17270,43875216,65,362815
17271,43875261,65,362815
17272,43875612,65,362815
17273,43875621,65,362815
17274,43876125,65,362815
17275,43876152,65,362815
17276,43876215,65,362815
17277,43876251,65,362815
17278,43876512,65,362815
17279,43876521,65,362815
17280,45123678,65,362815
17281,45123687,65,362815
17282,45123768,65,362815
17283,45123786,65,362815
17284,45123867,65,362815
17285,45123876,65,362815
17286,45126378,65,362815
17287,45126387,65,362815
17288,45126738,65,362815
17289,45126783,65,362815
17290,45126837,65,362815
17291,45126873,65,362815
17292,45127368,65,362815
17293,45127386,65,362815
17294,45127638,65,362815
17295,45127683,65,362815
17296,45127836,65,362815
17297,45127863,65,362815
17298,45128367,65,362815
17299,45128376,65,362815
17300,45128637,65,362815
17301,45128673,65,362815
17302,45128736,65,362815
17303,45128763,65,362815
17304,45132678,65,362815
17305,45132687,65,362815
17306,45132768,65,362815
17307,45132786,65,362815
17308,45132867,65,362815
17309,45132876,65,362815
17310,45136278,65,362815
17311,45136287,65,362815
17312,45136728,65,362815
17313,45136782,65,362815
17314,45136827,65,362815
17315,45136872,65,362815
17316,45137268,65,362815
17317,45137286,65,362815
17318,45137628,65,362815
17319,45137682,65,362815
17320,45137826,65,362815
17321,45137862,65,362815
17322,45138267,65,362815
17323,45138276,65,362815
17324,45138627,65,362815
17325,45138672,65,362815
17326,45138726,65,362815
17327,45138762,65,362815
17328,45162378,65,362815
17329,45162387,65,362815
17330,45162738,65,362815
17331,45162783,65,362815
17332,45162837,65,362815
17333,45162873,65,362815
17334,45163278,65,362815
17335,45163287,65,362815
17336,45163728,65,362815
17337,45163782,65,362815
17338,45163827,65,362815
17339,45163872,65,362815
17340,45167238,65,362815
17341,45167283,65,362815
17342,45167328,65,362815
17343,45167382,65,362815
17344,45167823,65,362815
17345,45167832,65,362815
17346,45168237,65,362815
17347,45168273,65,362815
17348,45168327,65,362815
17349,45168372,65,362815
17350,45168723,65,362815
17351,45168732,65,362815
17352,45172368,65,362815
17353,45172386,65,362815
17354,45172638,65,362815
17355,45172683,65,362815
17356,45172836,65,362815
17357,45172863,65,362815
17358,45173268,65,362815
17359,45173286,65,362815
17360,45173628,65,362815
17361,45173682,65,362815
17362,45173826,65,362815
17363,45173862,65,362815
17364,45176238,65,362815
17365,45176283,65,362815
17366,45176328,65,362815
17367,45176382,65,362815
17368,45176823,65,362815
17369,45176832,65,362815
17370,45178236,65,362815
17371,45178263,65,362815
17372,45178326,65,362815
17373,45178362,65,362815
17374,45178623,65,362815
17375,45178632,65,362815
17376,45182367,65,362815
17377,45182376,65,362815
17378,45182637,65,362815
17379,45182673,65,362815
17380,45182736,65,362815
17381,45182763,65,362815
17382,45183267,65,362815
17383,45183276,65,362815
17384,45183627,65,362815
17385,45183672,65,362815
17386,45183726,65,362815
17387,45183762,65,362815
17388,45186237,65,362815
17389,45186273,65,362815
17390,45186327,65,362815
17391,45186372,65,362815
17392,45186723,65,362815
17393,45186732,65,362815
17394,45187236,65,362815
17395,45187263,65,362815
17396,45187326,65,362815
17397,45187362,65,362815
17398,45187623,65,362815
17399,45187632,65,362815
17400,45213678,65,362815
17401,45213687,65,362815
17402,45213768,65,362815
17403,45213786,65,362815
17404,45213867,65,362815
17405,45213876,65,362815
17406,45216378,65,362815
17407,45216387,65,362815
17408,45216738,65,362815
17409,45216783,65,362815
17410,45216837,65,362815
17411,45216873,65,362815
17412,45217368,65,362815
17413,45217386,65,362815
17414,45217638,65,362815
17415,45217683,65,362815
17416,45217836,65,362815
17417,45217863,65,362815
17418,45218367,65,362815
17419,45218376,65,362815
17420,45218637,65,362815
17421,45218673,65,362815
17422,45218736,65,362815
17423,45218763,65,362815
17424,45231678,65,362815
17425,45231687,65,362815
17426,45231768,65,362815
17427,45231786,65,362815
17428,45231867,65,362815
17429,45231876,65,362815
17430,45236178,65,362815
17431,45236187,65,362815
17432,45236718,65,362815
17433,45236781,65,362815
17434,45236817,65,362815
17435,45236871,65,362815
17436,45237168,65,362815
17437,45237186,65,362815
17438,45237618,65,362815
17439,45237681,65,362815
17440,45237816,65,362815
17441,45237861,65,362815
17442,45238167,65,362815
17443,45238176,65,362815
17444,45238617,65,362815
17445,45238671,65,362815
17446,45238716,65,362815
17447,45238761,65,362815
17448,45261378,65,362815
17449,45261387,65,362815
17450,45261738,65,362815
17451,45261783,65,362815
17452,45261837,65,362815
17453,45261873,65,362815
17454,45263178,65,362815
17455,45263187,65,362815
17456,45263718,65,362815
17457,45263781,65,362815
17458,45263817,65,362815
17459,45263871,65,362815
17460,45267138,65,362815
17461,45267183,65,362815
17462,45267318,65,362815
17463,45267381,65,362815
17464,45267813,65,362815
17465,45267831,65,362815
17466,45268137,65,362815
17467,45268173,65,362815
17468,45268317,65,362815
17469,45268371,65,362815
17470,45268713,65,362815
17471,45268731,65,362815
17472,45271368,65,362815
17473,45271386,65,362815
17474,45271638,65,362815
17475,45271683,65,362815
17476,45271836,65,362815
17477,45271863,65,362815
17478,45273168,65,362815
17479,45273186,65,362815
17480,45273618,65,362815
17481,45273681,65,362815
17482,45273816,65,362815
17483,45273861,65,362815
17484,45276138,65,362815
17485,45276183,65,362815
17486,45276318,65,362815
17487,45276381,65,362815
17488,45276813,65,362815
17489,45276831,65,362815
17490,45278136,65,362815
17491,45278163,65,362815
17492,45278316,65,362815
17493,45278361,65,362815
17494,45278613,65,362815
17495,45278631,65,362815
17496,45281367,65,362815
17497,45281376,65,362815
17498,45281637,65,362815
17499,45281673,65,362815
17500,45281736,65,362815
17501,45281763,65,362815
17502,45283167,65,362815
17503,45283176,65,362815
17504,45283617,65,362815
17505,45283671,65,362815
17506,45283716,65,362815
17507,45283761,65,362815
17508,45286137,65,362815
17509,45286173,65,362815
17510,45286317,65,362815
17511,45286371,65,362815
17512,45286713,65,362815
17513,45286731,65,362815
17514,45287136,65,362815
17515,45287163,65,362815
17516,45287316,65,362815
17517,45287361,65,362815
17518,45287613,65,362815
17519,45287631,65,362815
17520,45312678,65,362815
17521,45312687,65,362815
17522,45312768,65,362815
17523,45312786,65,362815
17524,45312867,65,362815
17525,45312876,65,362815
17526,45316278,65,362815
17527,45316287,65,362815
17528,45316728,65,362815
17529,45316782,65,362815
17530,45316827,65,362815
17531,45316872,65,362815
17532,45317268,65,362815
17533,45317286,65,362815
17534,45317628,65,362815
17535,45317682,65,362815
17536,45317826,65,362815
17537,45317862,65,362815
17538,45318267,65,362815
17539,45318276,65,362815
17540,45318627,65,362815
17541,45318672,65,362815
17542,45318726,65,362815
17543,45318762,65,362815
17544,45321678,65,362815
17545,45321687,65,362815
17546,45321768,65,362815
17547,45321786,65,362815
17548,45321867,65,362815
17549,45321876,65,362815
17550,45326178,65,362815
17551,45326187,65,362815
17552,45326718,65,362815
17553,45326781,65,362815
17554,45326817,65,362815
17555,45326871,65,362815
17556,45327168,65,362815
17557,45327186,65,362815
17558,45327618,65,362815
17559,45327681,65,362815
17560,45327816,65,362815
17561,45327861,65,362815
17562,45328167,65,362815
17563,45328176,65,362815
17564,45328617,65,362815
17565,45328671,65,362815
17566,45328716,65,362815
17567,45328761,65,362815
17568,45361278,65,362815
17569,45361287,65,362815
17570,45361728,65,362815
17571,45361782,65,362815
17572,45361827,65,362815
17573,45361872,65,362815
17574,45362178,65,362815
17575,45362187,65,362815
17576,45362718,65,362815
17577,45362781,65,362815
17578,45362817,65,362815
17579,45362871,65,362815
17580,45367128,65,362815
17581,45367182,65,362815
17582,45367218,65,362815
17583,45367281,65,362815
17584,45367812,65,362815
17585,45367821,65,362815
17586,45368127,65,362815
17587,45368172,65,362815
17588,45368217,65,362815
17589,45368271,65,362815
17590,45368712,65,362815
17591,45368721,65,362815
17592,45371268,65,362815
17593,45371286,65,362815
17594,45371628,65,362815
17595,45371682,65,362815
17596,45371826,65,362815
17597,45371862,65,362815
17598,45372168,65,362815
17599,45372186,65,362815
17600,45372618,65,362815
17601,45372681,65,362815
17602,45372816,65,362815
17603,45372861,65,362815
17604,45376128,65,362815
17605,45376182,65,362815
17606,45376218,65,362815
17607,45376281,65,362815
17608,45376812,65,362815
17609,45376821,65,362815
17610,45378126,65,362815
17611,45378162,65,362815
17612,45378216,65,362815
17613,45378261,65,362815
17614,45378612,65,362815
17615,45378621,65,362815
17616,45381267,65,362815
17617,45381276,65,362815
17618,45381627,65,362815
17619,45381672,65,362815
17620,45381726,65,362815
17621,45381762,65,362815
17622,45382167,65,362815
17623,45382176,65,362815
17624,45382617,65,362815
17625,45382671,65,362815
17626,45382716,65,362815
17627,45382761,65,362815
17628,45386127,65,362815
17629,45386172,65,362815
17630,45386217,65,362815
17631,45386271,65,362815
17632,45386712,65,362815
17633,45386721,65,362815
17634,45387126,65,362815
17635,45387162,65,362815
17636,45387216,65,362815
17637,45387261,65,362815
17638,45387612,65,362815
17639,45387621,65,362815
17640,45612378,65,362815
17641,45612387,65,362815
17642,45612738,65,362815
17643,45612783,65,362815
17644,45612837,65,362815
17645,45612873,65,362815
17646,45613278,65,362815
17647,45613287,65,362815
17648,45613728,65,362815
17649,45613782,65,362815
17650,45613827,65,362815
17651,45613872,65,362815
17652,45617238,65,362815
17653,45617283,65,362815
17654,45617328,65,362815
17655,45617382,65,362815
17656,45617823,65,362815
17657,45617832,65,362815
17658,45618237,65,362815
17659,45618273,65,362815
17660,45618327,65,362815
17661,45618372,65,362815
17662,45618723,65,362815
17663,45618732,65,362815
17664,45621378,65,362815
17665,45621387,65,362815
17666,45621738,65,362815
17667,45621783,65,362815
17668,45621837,65,362815
17669,45621873,65,362815
17670,45623178,65,362815
17671,45623187,65,362815
17672,45623718,65,362815
17673,45623781,65,362815
17674,45623817,65,362815
17675,45623871,65,362815
17676,45627138,65,362815
17677,45627183,65,362815
17678,45627318,65,362815
17679,45627381,65,362815
17680,45627813,65,362815
17681,45627831,65,362815
17682,45628137,65,362815
17683,45628173,65,362815
17684,45628317,65,362815
17685,45628371,65,362815
17686,45628713,65,362815
17687,45628731,65,362815
17688,45631278,65,362815
17689,45631287,65,362815
17690,45631728,65,362815
17691,45631782,65,362815
17692,45631827,65,362815
17693,45631872,65,362815
17694,45632178,65,362815
17695,45632187,65,362815
17696,45632718,65,362815
17697,45632781,65,362815
17698,45632817,65,362815
17699,45632871,65,362815
17700,45637128,65,362815
17701,45637182,65,362815
17702,45637218,65,362815
17703,45637281,65,362815
17704,45637812,65,362815
17705,45637821,65,362815
17706,45638127,65,362815
17707,45638172,65,362815
17708,45638217,65,362815
17709,45638271,65,362815
17710,45638712,65,362815
17711,45638721,65,362815
17712,45671238,65,362815
17713,45671283,65,362815
17714,45671328,65,362815
17715,45671382,65,362815
17716,45671823,65,362815
17717,45671832,65,362815
17718,45672138,65,362815
17719,45672183,65,362815
17720,45672318,65,362815
17721,45672381,65,362815
17722,45672813,65,362815
17723,45672831,65,362815
17724,45673128,65,362815
17725,45673182,65,362815
17726,45673218,65,362815
17727,45673281,65,362815
17728,45673812,65,362815
17729,45673821,65,362815
17730,45678123,65,362815
17731,45678132,65,362815
17732,45678213,65,362815
17733,45678231,65,362815
17734,45678312,65,362815
17735,45678321,65,362815
17736,45681237,65,362815
17737,45681273,65,362815
17738,45681327,65,362815
17739,45681372,65,362815
17740,45681723,65,362815
17741,45681732,65,362815
17742,45682137,65,362815
17743,45682173,65,362815
17744,45682317,65,362815
17745,45682371,65,362815
17746,45682713,65,362815
17747,45682731,65,362815
17748,45683127,65,362815
17749,45683172,65,362815
17750,45683217,65,362815
17751,45683271,65,362815
17752,45683712,65,362815
17753,45683721,65,362815
17754,45687123,65,362815
17755,45687132,65,362815
17756,45687213,65,362815
17757,45687231,65,362815
17758,45687312,65,362815
17759,45687321,65,362815
17760,45712368,65,362815
17761,45712386,65,362815
17762,45712638,65,362815
17763,45712683,65,362815
17764,45712836,65,362815
17765,45712863,65,362815
17766,45713268,65,362815
17767,45713286,65,362815
17768,45713628,65,362815
17769,45713682,65,362815
17770,45713826,65,362815
17771,45713862,65,362815
17772,45716238,65,362815
17773,45716283,65,362815
17774,45716328,65,362815
17775,45716382,65,362815
17776,45716823,65,362815
17777,45716832,65,362815
17778,45718236,65,362815
17779,45718263,65,362815
17780,45718326,65,362815
17781,45718362,65,362815
17782,45718623,65,362815
17783,45718632,65,362815
17784,45721368,65,362815
17785,45721386,65,362815
17786,45721638,65,362815
17787,45721683,65,362815
17788,45721836,65,362815
17789,45721863,65,362815
17790,45723168,65,362815
17791,45723186,65,362815
17792,45723618,65,362815
17793,45723681,65,362815
17794,45723816,65,362815
17795,45723861,65,362815
17796,45726138,65,362815
17797,45726183,65,362815
17798,45726318,65,362815
17799,45726381,65,362815
17800,45726813,65,362815
17801,45726831,65,362815
17802,45728136,65,362815
17803,45728163,65,362815
17804,45728316,65,362815
17805,45728361,65,362815
17806,45728613,65,362815
17807,45728631,65,362815
17808,45731268,65,362815
17809,45731286,65,362815
17810,45731628,65,362815
17811,45731682,65,362815
17812,45731826,65,362815
17813,45731862,65,362815
17814,45732168,65,362815
17815,45732186,65,362815
17816,45732618,65,362815
17817,45732681,65,362815
17818,45732816,65,362815
17819,45732861,65,362815
17820,45736128,65,362815
17821,45736182,65,362815
17822,45736218,65,362815
17823,45736281,65,362815
17824,45736812,65,362815
17825,45736821,65,362815
17826,45738126,65,362815
17827,45738162,65,362815
17828,45738216,65,362815
17829,45738261,65,362815
17830,45738612,65,362815
17831,45738621,65,362815
17832,45761238,65,362815
17833,45761283,65,362815
17834,45761328,65,362815
17835,45761382,65,362815
17836,45761823,65,362815
17837,45761832,65,362815
17838,45762138,65,362815
17839,45762183,65,362815
17840,45762318,65,362815
17841,45762381,65,362815
17842,45762813,65,362815
17843,45762831,65,362815
17844,45763128,65,362815
17845,45763182,65,362815
17846,45763218,65,362815
17847,45763281,65,362815
17848,45763812,65,362815
17849,45763821,65,362815
17850,45768123,65,362815
17851,45768132,65,362815
17852,45768213,65,362815
17853,45768231,65,362815
17854,45768312,65,362815
17855,45768321,65,362815
17856,45781236,65,362815
17857,45781263,65,362815
17858,45781326,65,362815
17859,45781362,65,362815
17860,45781623,65,362815
17861,45781632,65,362815
17862,45782136,65,362815
17863,45782163,65,362815
17864,45782316,65,362815
17865,45782361,65,362815
17866,45782613,65,362815
17867,45782631,65,362815
17868,45783126,65,362815
17869,45783162,65,362815
17870,45783216,65,362815
17871,45783261,65,362815
17872,45783612,65,362815
17873,45783621,65,362815
17874,45786123,65,362815
17875,45786132,65,362815
17876,45786213,65,362815
17877,45786231,65,362815
17878,45786312,65,362815
17879,45786321,65,362815
17880,45812367,65,362815
17881,45812376,65,362815
17882,45812637,65,362815
17883,45812673,65,362815
17884,45812736,65,362815
17885,45812763,65,362815
17886,45813267,65,362815
17887,45813276,65,362815
17888,45813627,65,362815
17889,45813672,65,362815
17890,45813726,65,362815
17891,45813762,65,362815
17892,45816237,65,362815
17893,45816273,65,362815
17894,45816327,65,362815
17895,45816372,65,362815
17896,45816723,65,362815
17897,45816732,65,362815
17898,45817236,65,362815
17899,45817263,65,362815
17900,45817326,65,362815
17901,45817362,65,362815
17902,45817623,65,362815
17903,45817632,65,362815
17904,45821367,65,362815
17905,45821376,65,362815
17906,45821637,65,362815
17907,45821673,65,362815
17908,45821736,65,362815
17909,45821763,65,362815
17910,45823167,65,362815
17911,45823176,65,362815
17912,45823617,65,362815
17913,45823671,65,362815
17914,45823716,65,362815
17915,45823761,65,362815
17916,45826137,65,362815
17917,45826173,65,362815
17918,45826317,65,362815
17919,45826371,65,362815
17920,45826713,65,362815
17921,45826731,65,362815
17922,45827136,65,362815
17923,45827163,65,362815
17924,45827316,65,362815
17925,45827361,65,362815
17926,45827613,65,362815
17927,45827631,65,362815
17928,45831267,65,362815
17929,45831276,65,362815
17930,45831627,65,362815
17931,45831672,65,362815
17932,45831726,65,362815
17933,45831762,65,362815
17934,45832167,65,362815
17935,45832176,65,362815
17936,45832617,65,362815
17937,45832671,65,362815
17938,45832716,65,362815
17939,45832761,65,362815
17940,45836127,65,362815
17941,45836172,65,362815
17942,45836217,65,362815
17943,45836271,65,362815
17944,45836712,65,362815
17945,45836721,65,362815
17946,45837126,65,362815
17947,45837162,65,362815
17948,45837216,65,362815
17949,45837261,65,362815
17950,45837612,65,362815
17951,45837621,65,362815
17952,45861237,65,362815
17953,45861273,65,362815
17954,45861327,65,362815
17955,45861372,65,362815
17956,45861723,65,362815
17957,45861732,65,362815
17958,45862137,65,362815
17959,45862173,65,362815
17960,45862317,65,362815
17961,45862371,65,362815
17962,45862713,65,362815
17963,45862731,65,362815
17964,45863127,65,362815
17965,45863172,65,362815
17966,45863217,65,362815
17967,45863271,65,362815
17968,45863712,65,362815
17969,45863721,65,362815
17970,45867123,65,362815
17971,45867132,65,362815
17972,45867213,65,362815
17973,45867231,65,362815
17974,45867312,65,362815
17975,45867321,65,362815
17976,45871236,65,362815
17977,45871263,65,362815
17978,45871326,65,362815
17979,45871362,65,362815
17980,45871623,65,362815
17981,45871632,65,362815
17982,45872136,65,362815
17983,45872163,65,362815
17984,45872316,65,362815
17985,45872361,65,362815
17986,45872613,65,362815
17987,45872631,65,362815
17988,45873126,65,362815
17989,45873162,65,362815
17990,45873216,65,362815
17991,45873261,65,362815
17992,45873612,65,362815
17993,45873621,65,362815
17994,45876123,65,362815
17995,45876132,65,362815
17996,45876213,65,362815
17997,45876231,65,362815
17998,45876312,65,362815
17999,45876321,65,362815
18000,46123578,65,362815
18001,46123587,65,362815
18002,46123758,65,362815
18003,46123785,65,362815
18004,46123857,65,362815
18005,46123875,65,362815
18006,46125378,65,362815
18007,46125387,65,362815
18008,46125738,65,362815
18009,46125783,65,362815
18010,46125837,65,362815
18011,46125873,65,362815
18012,46127358,65,362815
18013,46127385,65,362815
18014,46127538,65,362815
18015,46127583,65,362815
18016,46127835,65,362815
18017,46127853,65,362815
18018,46128357,65,362815
18019,46128375,65,362815
18020,46128537,65,362815
18021,46128573,65,362815
18022,46128735,65,362815
18023,46128753,65,362815
18024,46132578,65,362815
18025,46132587,65,362815
18026,46132758,65,362815
18027,46132785,65,362815
18028,46132857,65,362815
18029,46132875,65,362815
18030,46135278,65,362815
18031,46135287,65,362815
18032,46135728,65,362815
18033,46135782,65,362815
18034,46135827,65,362815
18035,46135872,65,362815
18036,46137258,65,362815
18037,46137285,65,362815
18038,46137528,65,362815
18039,46137582,65,362815
18040,46137825,65,362815
18041,46137852,65,362815
18042,46138257,65,362815
18043,46138275,65,362815
18044,46138527,65,362815
18045,46138572,65,362815
18046,46138725,65,362815
18047,46138752,65,362815
18048,46152378,65,362815
18049,46152387,65,362815
18050,46152738,65,362815
18051,46152783,65,362815
18052,46152837,65,362815
18053,46152873,65,362815
18054,46153278,65,362815
18055,46153287,65,362815
18056,46153728,65,362815
18057,46153782,65,362815
18058,46153827,65,362815
18059,46153872,65,362815
18060,46157238,65,362815
18061,46157283,65,362815
18062,46157328,65,362815
18063,46157382,65,362815
18064,46157823,65,362815
18065,46157832,65,362815
18066,46158237,65,362815
18067,46158273,65,362815
18068,46158327,65,362815
18069,46158372,65,362815
18070,46158723,65,362815
18071,46158732,65,362815
18072,46172358,65,362815
18073,46172385,65,362815
18074,46172538,65,362815
18075,46172583,65,362815
18076,46172835,65,362815
18077,46172853,65,362815
18078,46173258,65,362815
18079,46173285,65,362815
18080,46173528,65,362815
18081,46173582,65,362815
18082,46173825,65,362815
18083,46173852,65,362815
18084,46175238,65,362815
18085,46175283,65,362815
18086,46175328,65,362815
18087,46175382,65,362815
18088,46175823,65,362815
18089,46175832,65,362815
18090,46178235,65,362815
18091,46178253,65,362815
18092,46178325,65,362815
18093,46178352,65,362815
18094,46178523,65,362815
18095,46178532,65,362815
18096,46182357,65,362815
18097,46182375,65,362815
18098,46182537,65,362815
18099,46182573,65,362815
18100,46182735,65,362815
18101,46182753,65,362815
18102,46183257,65,362815
18103,46183275,65,362815
18104,46183527,65,362815
18105,46183572,65,362815
18106,46183725,65,362815
18107,46183752,65,362815
18108,46185237,65,362815
18109,46185273,65,362815
18110,46185327,65,362815
18111,46185372,65,362815
18112,46185723,65,362815
18113,46185732,65,362815
18114,46187235,65,362815
18115,46187253,65,362815
18116,46187325,65,362815
18117,46187352,65,362815
18118,46187523,65,362815
18119,46187532,65,362815
18120,46213578,65,362815
18121,46213587,65,362815
18122,46213758,65,362815
18123,46213785,65,362815
18124,46213857,65,362815
18125,46213875,65,362815
18126,46215378,65,362815
18127,46215387,65,362815
18128,46215738,65,362815
18129,46215783,65,362815
18130,46215837,65,362815
18131,46215873,65,362815
18132,46217358,65,362815
18133,46217385,65,362815
18134,46217538,65,362815
18135,46217583,65,362815
18136,46217835,65,362815
18137,46217853,65,362815
18138,46218357,65,362815
18139,46218375,65,362815
18140,46218537,65,362815
18141,46218573,65,362815
18142,46218735,65,362815
18143,46218753,65,362815
18144,46231578,65,362815
18145,46231587,65,362815
18146,46231758,65,362815
18147,46231785,65,362815
18148,46231857,65,362815
18149,46231875,65,362815
18150,46235178,65,362815
18151,46235187,65,362815
18152,46235718,65,362815
18153,46235781,65,362815
18154,46235817,65,362815
18155,46235871,65,362815
18156,46237158,65,362815
18157,46237185,65,362815
18158,46237518,65,362815
18159,46237581,65,362815
18160,46237815,65,362815
18161,46237851,65,362815
18162,46238157,65,362815
18163,46238175,65,362815
18164,46238517,65,362815
18165,46238571,65,362815
18166,46238715,65,362815
18167,46238751,65,362815
18168,46251378,65,362815
18169,46251387,65,362815
18170,46251738,65,362815
18171,46251783,65,362815
18172,46251837,65,362815
18173,46251873,65,362815
18174,46253178,65,362815
18175,46253187,65,362815
18176,46253718,65,362815
18177,46253781,65,362815
18178,46253817,65,362815
18179,46253871,65,362815
18180,46257138,65,362815
18181,46257183,65,362815
18182,46257318,65,362815
18183,46257381,65,362815
18184,46257813,65,362815
18185,46257831,65,362815
18186,46258137,65,362815
18187,46258173,65,362815
18188,46258317,65,362815
18189,46258371,65,362815
18190,46258713,65,362815
18191,46258731,65,362815
18192,46271358,65,362815
18193,46271385,65,362815
18194,46271538,65,362815
18195,46271583,65,362815
18196,46271835,65,362815
18197,46271853,65,362815
18198,46273158,65,362815
18199,46273185,65,362815
18200,46273518,65,362815
18201,46273581,65,362815
18202,46273815,65,362815
18203,46273851,65,362815
18204,46275138,65,362815
18205,46275183,65,362815
18206,46275318,65,362815
18207,46275381,65,362815
18208,46275813,65,362815
18209,46275831,65,362815
18210,46278135,65,362815
18211,46278153,65,362815
18212,46278315,65,362815
18213,46278351,65,362815
18214,46278513,65,362815
18215,46278531,65,362815
18216,46281357,65,362815
18217,46281375,65,362815
18218,46281537,65,362815
18219,46281573,65,362815
18220,46281735,65,362815
18221,46281753,65,362815
18222,46283157,65,362815
18223,46283175,65,362815
18224,46283517,65,362815
18225,46283571,65,362815
18226,46283715,65,362815
18227,46283751,65,362815
18228,46285137,65,362815
18229,46285173,65,362815
18230,46285317,65,362815
18231,46285371,65,362815
18232,46285713,65,362815
18233,46285731,65,362815
18234,46287135,65,362815
18235,46287153,65,362815
18236,46287315,65,362815
18237,46287351,65,362815
18238,46287513,65,362815
18239,46287531,65,362815
18240,46312578,65,362815
18241,46312587,65,362815
18242,46312758,65,362815
18243,46312785,65,362815
18244,46312857,65,362815
18245,46312875,65,362815
18246,46315278,65,362815
18247,46315287,65,362815
18248,46315728,65,362815
18249,46315782,65,362815
18250,46315827,65,362815
18251,46315872,65,362815
18252,46317258,65,362815
18253,46317285,65,362815
18254,46317528,65,362815
18255,46317582,65,362815
18256,46317825,65,362815
18257,46317852,65,362815
18258,46318257,65,362815
18259,46318275,65,362815
18260,46318527,65,362815
18261,46318572,65,362815
18262,46318725,65,362815
18263,46318752,65,362815
18264,46321578,65,362815
18265,46321587,65,362815
18266,46321758,65,362815
18267,46321785,65,362815
18268,46321857,65,362815
18269,46321875,65,362815
18270,46325178,65,362815
18271,46325187,65,362815
18272,46325718,65,362815
18273,46325781,65,362815
18274,46325817,65,362815
18275,46325871,65,362815
18276,46327158,65,362815
18277,46327185,65,362815
18278,46327518,65,362815
18279,46327581,65,362815
18280,46327815,65,362815
18281,46327851,65,362815
18282,46328157,65,362815
18283,46328175,65,362815
18284,46328517,65,362815
18285,46328571,65,362815
18286,46328715,65,362815
18287,46328751,65,362815
18288,46351278,65,362815
18289,46351287,65,362815
18290,46351728,65,362815
18291,46351782,65,362815
18292,46351827,65,362815
18293,46351872,65,362815
18294,46352178,65,362815
18295,46352187,65,362815
18296,46352718,65,362815
18297,46352781,65,362815
18298,46352817,65,362815
18299,46352871,65,362815
18300,46357128,65,362815
18301,46357182,65,362815
18302,46357218,65,362815
18303,46357281,65,362815
18304,46357812,65,362815
18305,46357821,65,362815
18306,46358127,65,362815
18307,46358172,65,362815
18308,46358217,65,362815
18309,46358271,65,362815
18310,46358712,65,362815
18311,46358721,65,362815
18312,46371258,65,362815
18313,46371285,65,362815
18314,46371528,65,362815
18315,46371582,65,362815
18316,46371825,65,362815
18317,46371852,65,362815
18318,46372158,65,362815
18319,46372185,65,362815
18320,46372518,65,362815
18321,46372581,65,362815
18322,46372815,65,362815
18323,46372851,65,362815
18324,46375128,65,362815
18325,46375182,65,362815
18326,46375218,65,362815
18327,46375281,65,362815
18328,46375812,65,362815
18329,46375821,65,362815
18330,46378125,65,362815
18331,46378152,65,362815
18332,46378215,65,362815
18333,46378251,65,362815
18334,46378512,65,362815
18335,46378521,65,362815
18336,46381257,65,362815
18337,46381275,65,362815
18338,46381527,65,362815
18339,46381572,65,362815
18340,46381725,65,362815
18341,46381752,65,362815
18342,46382157,65,362815
18343,46382175,65,362815
18344,46382517,65,362815
18345,46382571,65,362815
18346,46382715,65,362815
18347,46382751,65,362815
18348,46385127,65,362815
18349,46385172,65,362815
18350,46385217,65,362815
18351,46385271,65,362815
18352,46385712,65,362815
18353,46385721,65,362815
18354,46387125,65,362815
18355,46387152,65,362815
18356,46387215,65,362815
18357,46387251,65,362815
18358,46387512,65,362815
18359,46387521,65,362815
18360,46512378,65,362815
18361,46512387,65,362815
18362,46512738,65,362815
18363,46512783,65,362815
18364,46512837,65,362815
18365,46512873,65,362815
18366,46513278,65,362815
18367,46513287,65,362815
18368,46513728,65,362815
18369,46513782,65,362815
18370,46513827,65,362815
18371,46513872,65,362815
18372,46517238,65,362815
18373,46517283,65,362815
18374,46517328,65,362815
18375,46517382,65,362815
18376,46517823,65,362815
18377,46517832,65,362815
18378,46518237,65,362815
18379,46518273,65,362815
18380,46518327,65,362815
18381,46518372,65,362815
18382,46518723,65,362815
18383,46518732,65,362815
18384,46521378,65,362815
18385,46521387,65,362815
18386,46521738,65,362815
18387,46521783,65,362815
18388,46521837,65,362815
18389,46521873,65,362815
18390,46523178,65,362815
18391,46523187,65,362815
18392,46523718,65,362815
18393,46523781,65,362815
18394,46523817,65,362815
18395,46523871,65,362815
18396,46527138,65,362815
18397,46527183,65,362815
18398,46527318,65,362815
18399,46527381,65,362815
18400,46527813,65,362815
18401,46527831,65,362815
18402,46528137,65,362815
18403,46528173,65,362815
18404,46528317,65,362815
18405,46528371,65,362815
18406,46528713,65,362815
18407,46528731,65,362815
18408,46531278,65,362815
18409,46531287,65,362815
18410,46531728,65,362815
18411,46531782,65,362815
18412,46531827,65,362815
18413,46531872,65,362815
18414,46532178,65,362815
18415,46532187,65,362815
18416,46532718,65,362815
18417,46532781,65,362815
18418,46532817,65,362815
18419,46532871,65,362815
18420,46537128,65,362815
18421,46537182,65,362815
18422,46537218,65,362815
18423,46537281,65,362815
18424,46537812,65,362815
18425,46537821,65,362815
18426,46538127,65,362815
18427,46538172,65,362815
18428,46538217,65,362815
18429,46538271,65,362815
18430,46538712,65,362815
18431,46538721,65,362815
18432,46571238,65,362815
18433,46571283,65,362815
18434,46571328,65,362815
18435,46571382,65,362815
18436,46571823,65,362815
18437,46571832,65,362815
18438,46572138,65,362815
18439,46572183,65,362815
18440,46572318,65,362815
18441,46572381,65,362815
18442,46572813,65,362815
18443,46572831,65,362815
18444,46573128,65,362815
18445,46573182,65,362815
18446,46573218,65,362815
18447,46573281,65,362815
18448,46573812,65,362815
18449,46573821,65,362815
18450,46578123,65,362815
18451,46578132,65,362815
18452,46578213,65,362815
18453,46578231,65,362815
18454,46578312,65,362815
18455,46578321,65,362815
18456,46581237,65,362815
18457,46581273,65,362815
18458,46581327,65,362815
18459,46581372,65,362815
18460,46581723,65,362815
18461,46581732,65,362815
18462,46582137,65,362815
18463,46582173,65,362815
18464,46582317,65,362815
18465,46582371,65,362815
18466,46582713,65,362815
18467,46582731,65,362815
18468,46583127,65,362815
18469,46583172,65,362815
18470,46583217,65,362815
18471,46583271,65,362815
18472,46583712,65,362815
18473,46583721,65,362815
18474,46587123,65,362815
18475,46587132,65,362815
18476,46587213,65,362815
18477,46587231,65,362815
18478,46587312,65,362815
18479,46587321,65,362815
18480,46712358,65,362815
18481,46712385,65,362815
18482,46712538,65,362815
18483,46712583,65,362815
18484,46712835,65,362815
18485,46712853,65,362815
18486,46713258,65,362815
18487,46713285,65,362815
18488,46713528,65,362815
18489,46713582,65,362815
18490,46713825,65,362815
18491,46713852,65,362815
18492,46715238,65,362815
18493,46715283,65,362815
18494,46715328,65,362815
18495,46715382,65,362815
18496,46715823,65,362815
18497,46715832,65,362815
18498,46718235,65,362815
18499,46718253,65,362815
18500,46718325,65,362815
18501,46718352,65,362815
18502,46718523,65,362815
18503,46718532,65,362815
18504,46721358,65,362815
18505,46721385,65,362815
18506,46721538,65,362815
18507,46721583,65,362815
18508,46721835,65,362815
18509,46721853,65,362815
18510,46723158,65,362815
18511,46723185,65,362815
18512,46723518,65,362815
18513,46723581,65,362815
18514,46723815,65,362815
18515,46723851,65,362815
18516,46725138,65,362815
18517,46725183,65,362815
18518,46725318,65,362815
18519,46725381,65,362815
18520,46725813,65,362815
18521,46725831,65,362815
18522,46728135,65,362815
18523,46728153,65,362815
18524,46728315,65,362815
18525,46728351,65,362815
18526,46728513,65,362815
18527,46728531,65,362815
18528,46731258,65,362815
18529,46731285,65,362815
18530,46731528,65,362815
18531,46731582,65,362815
18532,46731825,65,362815
18533,46731852,65,362815
18534,46732158,65,362815
18535,46732185,65,362815
18536,46732518,65,362815
18537,46732581,65,362815
18538,46732815,65,362815
18539,46732851,65,362815
18540,46735128,65,362815
18541,46735182,65,362815
18542,46735218,65,362815
18543,46735281,65,362815
18544,46735812,65,362815
18545,46735821,65,362815
18546,46738125,65,362815
18547,46738152,65,362815
18548,46738215,65,362815
18549,46738251,65,362815
18550,46738512,65,362815
18551,46738521,65,362815
18552,46751238,65,362815
18553,46751283,65,362815
18554,46751328,65,362815
18555,46751382,65,362815
18556,46751823,65,362815
18557,46751832,65,362815
18558,46752138,65,362815
18559,46752183,65,362815
18560,46752318,65,362815
18561,46752381,65,362815
18562,46752813,65,362815
18563,46752831,65,362815
18564,46753128,65,362815
18565,46753182,65,362815
18566,46753218,65,362815
18567,46753281,65,362815
18568,46753812,65,362815
18569,46753821,65,362815
18570,46758123,65,362815
18571,46758132,65,362815
18572,46758213,65,362815
18573,46758231,65,362815
18574,46758312,65,362815
18575,46758321,65,362815
18576,46781235,65,362815
18577,46781253,65,362815
18578,46781325,65,362815
18579,46781352,65,362815
18580,46781523,65,362815
18581,46781532,65,362815
18582,46782135,65,362815
18583,46782153,65,362815
18584,46782315,65,362815
18585,46782351,65,362815
18586,46782513,65,362815
18587,46782531,65,362815
18588,46783125,65,362815
18589,46783152,65,362815
18590,46783215,65,362815
18591,46783251,65,362815
18592,46783512,65,362815
18593,46783521,65,362815
18594,46785123,65,362815
18595,46785132,65,362815
18596,46785213,65,362815
18597,46785231,65,362815
18598,46785312,65,362815
18599,46785321,65,362815
18600,46812357,65,362815
18601,46812375,65,362815
18602,46812537,65,362815
18603,46812573,65,362815
18604,46812735,65,362815
18605,46812753,65,362815
18606,46813257,65,362815
18607,46813275,65,362815
18608,46813527,65,362815
18609,46813572,65,362815
18610,46813725,65,362815
18611,46813752,65,362815
18612,46815237,65,362815
18613,46815273,65,362815
18614,46815327,65,362815
18615,46815372,65,362815
18616,46815723,65,362815
18617,46815732,65,362815
18618,46817235,65,362815
18619,46817253,65,362815
18620,46817325,65,362815
18621,46817352,65,362815
18622,46817523,65,362815
18623,46817532,65,362815
18624,46821357,65,362815
18625,46821375,65,362815
18626,46821537,65,362815
18627,46821573,65,362815
18628,46821735,65,362815
18629,46821753,65,362815
18630,46823157,65,362815
18631,46823175,65,362815
18632,46823517,65,362815
18633,46823571,65,362815
18634,46823715,65,362815
18635,46823751,65,362815
18636,46825137,65,362815
18637,46825173,65,362815
18638,46825317,65,362815
18639,46825371,65,362815
18640,46825713,65,362815
18641,46825731,65,362815
18642,46827135,65,362815
18643,46827153,65,362815
18644,46827315,65,362815
18645,46827351,65,362815
18646,46827513,65,362815
18647,46827531,65,362815
18648,46831257,65,362815
18649,46831275,65,362815
18650,46831527,65,362815
18651,46831572,65,362815
18652,46831725,65,362815
18653,46831752,65,362815
18654,46832157,65,362815
18655,46832175,65,362815
18656,46832517,65,362815
18657,46832571,65,362815
18658,46832715,65,362815
18659,46832751,65,362815
18660,46835127,65,362815
18661,46835172,65,362815
18662,46835217,65,362815
18663,46835271,65,362815
18664,46835712,65,362815
18665,46835721,65,362815
18666,46837125,65,362815
18667,46837152,65,362815
18668,46837215,65,362815
18669,46837251,65,362815
18670,46837512,65,362815
18671,46837521,65,362815
18672,46851237,65,362815
18673,46851273,65,362815
18674,46851327,65,362815
18675,46851372,65,362815
18676,46851723,65,362815
18677,46851732,65,362815
18678,46852137,65,362815
18679,46852173,65,362815
18680,46852317,65,362815
18681,46852371,65,362815
18682,46852713,65,362815
18683,46852731,65,362815
18684,46853127,65,362815
18685,46853172,65,362815
18686,46853217,65,362815
18687,46853271,65,362815
18688,46853712,65,362815
18689,46853721,65,362815
18690,46857123,65,362815
18691,46857132,65,362815
18692,46857213,65,362815
18693,46857231,65,362815
18694,46857312,65,362815
18695,46857321,65,362815
18696,46871235,65,362815
18697,46871253,65,362815
18698,46871325,65,362815
18699,46871352,65,362815
18700,46871523,65,362815
18701,46871532,65,362815
18702,46872135,65,362815
18703,46872153,65,362815
18704,46872315,65,362815
18705,46872351,65,362815
18706,46872513,65,362815
18707,46872531,65,362815
18708,46873125,65,362815
18709,46873152,65,362815
18710,46873215,65,362815
18711,46873251,65,362815
18712,46873512,65,362815
18713,46873521,65,362815
18714,46875123,65,362815
18715,46875132,65,362815
18716,46875213,65,362815
18717,46875231,65,362815
18718,46875312,65,362815
18719,46875321,65,362815
18720,47123568,65,362815
18721,47123586,65,362815
18722,47123658,65,362815
18723,47123685,65,362815
18724,47123856,65,362815
18725,47123865,65,362815
18726,47125368,65,362815
18727,47125386,65,362815
18728,47125638,65,362815
18729,47125683,65,362815
18730,47125836,65,362815
18731,47125863,65,362815
18732,47126358,65,362815
18733,47126385,65,362815
18734,47126538,65,362815
18735,47126583,65,362815
18736,47126835,65,362815
18737,47126853,65,362815
18738,47128356,65,362815
18739,47128365,65,362815
18740,47128536,65,362815
18741,47128563,65,362815
18742,47128635,65,362815
18743,47128653,65,362815
18744,47132568,65,362815
18745,47132586,65,362815
18746,47132658,65,362815
18747,47132685,65,362815
18748,47132856,65,362815
18749,47132865,65,362815
18750,47135268,65,362815
18751,47135286,65,362815
18752,47135628,65,362815
18753,47135682,65,362815
18754,47135826,65,362815
18755,47135862,65,362815
18756,47136258,65,362815
18757,47136285,65,362815
18758,47136528,65,362815
18759,47136582,65,362815
18760,47136825,65,362815
18761,47136852,65,362815
18762,47138256,65,362815
18763,47138265,65,362815
18764,47138526,65,362815
18765,47138562,65,362815
18766,47138625,65,362815
18767,47138652,65,362815
18768,47152368,65,362815
18769,47152386,65,362815
18770,47152638,65,362815
18771,47152683,65,362815
18772,47152836,65,362815
18773,47152863,65,362815
18774,47153268,65,362815
18775,47153286,65,362815
18776,47153628,65,362815
18777,47153682,65,362815
18778,47153826,65,362815
18779,47153862,65,362815
18780,47156238,65,362815
18781,47156283,65,362815
18782,47156328,65,362815
18783,47156382,65,362815
18784,47156823,65,362815
18785,47156832,65,362815
18786,47158236,65,362815
18787,47158263,65,362815
18788,47158326,65,362815
18789,47158362,65,362815
18790,47158623,65,362815
18791,47158632,65,362815
18792,47162358,65,362815
18793,47162385,65,362815
18794,47162538,65,362815
18795,47162583,65,362815
18796,47162835,65,362815
18797,47162853,65,362815
18798,47163258,65,362815
18799,47163285,65,362815
18800,47163528,65,362815
18801,47163582,65,362815
18802,47163825,65,362815
18803,47163852,65,362815
18804,47165238,65,362815
18805,47165283,65,362815
18806,47165328,65,362815
18807,47165382,65,362815
18808,47165823,65,362815
18809,47165832,65,362815
18810,47168235,65,362815
18811,47168253,65,362815
18812,47168325,65,362815
18813,47168352,65,362815
18814,47168523,65,362815
18815,47168532,65,362815
18816,47182356,65,362815
18817,47182365,65,362815
18818,47182536,65,362815
18819,47182563,65,362815
18820,47182635,65,362815
18821,47182653,65,362815
18822,47183256,65,362815
18823,47183265,65,362815
18824,47183526,65,362815
18825,47183562,65,362815
18826,47183625,65,362815
18827,47183652,65,362815
18828,47185236,65,362815
18829,47185263,65,362815
18830,47185326,65,362815
18831,47185362,65,362815
18832,47185623,65,362815
18833,47185632,65,362815
18834,47186235,65,362815
18835,47186253,65,362815
18836,47186325,65,362815
18837,47186352,65,362815
18838,47186523,65,362815
18839,47186532,65,362815
18840,47213568,65,362815
18841,47213586,65,362815
18842,47213658,65,362815
18843,47213685,65,362815
18844,47213856,65,362815
18845,47213865,65,362815
18846,47215368,65,362815
18847,47215386,65,362815
18848,47215638,65,362815
18849,47215683,65,362815
18850,47215836,65,362815
18851,47215863,65,362815
18852,47216358,65,362815
18853,47216385,65,362815
18854,47216538,65,362815
18855,47216583,65,362815
18856,47216835,65,362815
18857,47216853,65,362815
18858,47218356,65,362815
18859,47218365,65,362815
18860,47218536,65,362815
18861,47218563,65,362815
18862,47218635,65,362815
18863,47218653,65,362815
18864,47231568,65,362815
18865,47231586,65,362815
18866,47231658,65,362815
18867,47231685,65,362815
18868,47231856,65,362815
18869,47231865,65,362815
18870,47235168,65,362815
18871,47235186,65,362815
18872,47235618,65,362815
18873,47235681,65,362815
18874,47235816,65,362815
18875,47235861,65,362815
18876,47236158,65,362815
18877,47236185,65,362815
18878,47236518,65,362815
18879,47236581,65,362815
18880,47236815,65,362815
18881,47236851,65,362815
18882,47238156,65,362815
18883,47238165,65,362815
18884,47238516,65,362815
18885,47238561,65,362815
18886,47238615,65,362815
18887,47238651,65,362815
18888,47251368,65,362815
18889,47251386,65,362815
18890,47251638,65,362815
18891,47251683,65,362815
18892,47251836,65,362815
18893,47251863,65,362815
18894,47253168,65,362815
18895,47253186,65,362815
18896,47253618,65,362815
18897,47253681,65,362815
18898,47253816,65,362815
18899,47253861,65,362815
18900,47256138,65,362815
18901,47256183,65,362815
18902,47256318,65,362815
18903,47256381,65,362815
18904,47256813,65,362815
18905,47256831,65,362815
18906,47258136,65,362815
18907,47258163,65,362815
18908,47258316,65,362815
18909,47258361,65,362815
18910,47258613,65,362815
18911,47258631,65,362815
18912,47261358,65,362815
18913,47261385,65,362815
18914,47261538,65,362815
18915,47261583,65,362815
18916,47261835,65,362815
18917,47261853,65,362815
18918,47263158,65,362815
18919,47263185,65,362815
18920,47263518,65,362815
18921,47263581,65,362815
18922,47263815,65,362815
18923,47263851,65,362815
18924,47265138,65,362815
18925,47265183,65,362815
18926,47265318,65,362815
18927,47265381,65,362815
18928,47265813,65,362815
18929,47265831,65,362815
18930,47268135,65,362815
18931,47268153,65,362815
18932,47268315,65,362815
18933,47268351,65,362815
18934,47268513,65,362815
18935,47268531,65,362815
18936,47281356,65,362815
18937,47281365,65,362815
18938,47281536,65,362815
18939,47281563,65,362815
18940,47281635,65,362815
18941,47281653,65,362815
18942,47283156,65,362815
18943,47283165,65,362815
18944,47283516,65,362815
18945,47283561,65,362815
18946,47283615,65,362815
18947,47283651,65,362815
18948,47285136,65,362815
18949,47285163,65,362815
18950,47285316,65,362815
18951,47285361,65,362815
18952,47285613,65,362815
18953,47285631,65,362815
18954,47286135,65,362815
18955,47286153,65,362815
18956,47286315,65,362815
18957,47286351,65,362815
18958,47286513,65,362815
18959,47286531,65,362815
18960,47312568,65,362815
18961,47312586,65,362815
18962,47312658,65,362815
18963,47312685,65,362815
18964,47312856,65,362815
18965,47312865,65,362815
18966,47315268,65,362815
18967,47315286,65,362815
18968,47315628,65,362815
18969,47315682,65,362815
18970,47315826,65,362815
18971,47315862,65,362815
18972,47316258,65,362815
18973,47316285,65,362815
18974,47316528,65,362815
18975,47316582,65,362815
18976,47316825,65,362815
18977,47316852,65,362815
18978,47318256,65,362815
18979,47318265,65,362815
18980,47318526,65,362815
18981,47318562,65,362815
18982,47318625,65,362815
18983,47318652,65,362815
18984,47321568,65,362815
18985,47321586,65,362815
18986,47321658,65,362815
18987,47321685,65,362815
18988,47321856,65,362815
18989,47321865,65,362815
18990,47325168,65,362815
18991,47325186,65,362815
18992,47325618,65,362815
18993,47325681,65,362815
18994,47325816,65,362815
18995,47325861,65,362815
18996,47326158,65,362815
18997,47326185,65,362815
18998,47326518,65,362815
18999,47326581,65,362815
19000,47326815,65,362815
19001,47326851,65,362815
19002,47328156,65,362815
19003,47328165,65,362815
19004,47328516,65,362815
19005,47328561,65,362815
19006,47328615,65,362815
19007,47328651,65,362815
19008,47351268,65,362815
19009,47351286,65,362815
19010,47351628,65,362815
19011,47351682,65,362815
19012,47351826,65,362815
19013,47351862,65,362815
19014,47352168,65,362815
19015,47352186,65,362815
19016,47352618,65,362815
19017,47352681,65,362815
19018,47352816,65,362815
19019,47352861,65,362815
19020,47356128,65,362815
19021,47356182,65,362815
19022,47356218,65,362815
19023,47356281,65,362815
19024,47356812,65,362815
19025,47356821,65,362815
19026,47358126,65,362815
19027,47358162,65,362815
19028,47358216,65,362815
19029,47358261,65,362815
19030,47358612,65,362815
19031,47358621,65,362815
19032,47361258,65,362815
19033,47361285,65,362815
19034,47361528,65,362815
19035,47361582,65,362815
19036,47361825,65,362815
19037,47361852,65,362815
19038,47362158,65,362815
19039,47362185,65,362815
19040,47362518,65,362815
19041,47362581,65,362815
19042,47362815,65,362815
19043,47362851,65,362815
19044,47365128,65,362815
19045,47365182,65,362815
19046,47365218,65,362815
19047,47365281,65,362815
19048,47365812,65,362815
19049,47365821,65,362815
19050,47368125,65,362815
19051,47368152,65,362815
19052,47368215,65,362815
19053,47368251,65,362815
19054,47368512,65,362815
19055,47368521,65,362815
19056,47381256,65,362815
19057,47381265,65,362815
19058,47381526,65,362815
19059,47381562,65,362815
19060,47381625,65,362815
19061,47381652,65,362815
19062,47382156,65,362815
19063,47382165,65,362815
19064,47382516,65,362815
19065,47382561,65,362815
19066,47382615,65,362815
19067,47382651,65,362815
19068,47385126,65,362815
19069,47385162,65,362815
19070,47385216,65,362815
19071,47385261,65,362815
19072,47385612,65,362815
19073,47385621,65,362815
19074,47386125,65,362815
19075,47386152,65,362815
19076,47386215,65,362815
19077,47386251,65,362815
19078,47386512,65,362815
19079,47386521,65,362815
19080,47512368,65,362815
19081,47512386,65,362815
19082,47512638,65,362815
19083,47512683,65,362815
19084,47512836,65,362815
19085,47512863,65,362815
19086,47513268,65,362815
19087,47513286,65,362815
19088,47513628,65,362815
19089,47513682,65,362815
19090,47513826,65,362815
19091,47513862,65,362815
19092,47516238,65,362815
19093,47516283,65,362815
19094,47516328,65,362815
19095,47516382,65,362815
19096,47516823,65,362815
19097,47516832,65,362815
19098,47518236,65,362815
19099,47518263,65,362815
19100,47518326,65,362815
19101,47518362,65,362815
19102,47518623,65,362815
19103,47518632,65,362815
19104,47521368,65,362815
19105,47521386,65,362815
19106,47521638,65,362815
19107,47521683,65,362815
19108,47521836,65,362815
19109,47521863,65,362815
19110,47523168,65,362815
19111,47523186,65,362815
19112,47523618,65,362815
19113,47523681,65,362815
19114,47523816,65,362815
19115,47523861,65,362815
19116,47526138,65,362815
19117,47526183,65,362815
19118,47526318,65,362815
19119,47526381,65,362815
19120,47526813,65,362815
19121,47526831,65,362815
19122,47528136,65,362815
19123,47528163,65,362815
19124,47528316,65,362815
19125,47528361,65,362815
19126,47528613,65,362815
19127,47528631,65,362815
19128,47531268,65,362815
19129,47531286,65,362815
19130,47531628,65,362815
19131,47531682,65,362815
19132,47531826,65,362815
19133,47531862,65,362815
19134,47532168,65,362815
19135,47532186,65,362815
19136,47532618,65,362815
19137,47532681,65,362815
19138,47532816,65,362815
19139,47532861,65,362815
19140,47536128,65,362815
19141,47536182,65,362815
19142,47536218,65,362815
19143,47536281,65,362815
19144,47536812,65,362815
19145,47536821,65,362815
19146,47538126,65,362815
19147,47538162,65,362815
19148,47538216,65,362815
19149,47538261,65,362815
19150,47538612,65,362815
19151,47538621,65,362815
19152,47561238,65,362815
19153,47561283,65,362815
19154,47561328,65,362815
19155,47561382,65,362815
19156,47561823,65,362815
19157,47561832,65,362815
19158,47562138,65,362815
19159,47562183,65,362815
19160,47562318,65,362815
19161,47562381,65,362815
19162,47562813,65,362815
19163,47562831,65,362815
19164,47563128,65,362815
19165,47563182,65,362815
19166,47563218,65,362815
19167,47563281,65,362815
19168,47563812,65,362815
19169,47563821,65,362815
19170,47568123,65,362815
19171,47568132,65,362815
19172,47568213,65,362815
19173,47568231,65,362815
19174,47568312,65,362815
19175,47568321,65,362815
19176,47581236,65,362815
19177,47581263,65,362815
19178,47581326,65,362815
19179,47581362,65,362815
19180,47581623,65,362815
19181,47581632,65,362815
19182,47582136,65,362815
19183,47582163,65,362815
19184,47582316,65,362815
19185,47582361,65,362815
19186,47582613,65,362815
19187,47582631,65,362815
19188,47583126,65,362815
19189,47583162,65,362815
19190,47583216,65,362815
19191,47583261,65,362815
19192,47583612,65,362815
19193,47583621,65,362815
19194,47586123,65,362815
19195,47586132,65,362815
19196,47586213,65,362815
19197,47586231,65,362815
19198,47586312,65,362815
19199,47586321,65,362815
19200,47612358,65,362815
19201,47612385,65,362815
19202,47612538,65,362815
19203,47612583,65,362815
19204,47612835,65,362815
19205,47612853,65,362815
19206,47613258,65,362815
19207,47613285,65,362815
19208,47613528,65,362815
19209,47613582,65,362815
19210,47613825,65,362815
19211,47613852,65,362815
19212,47615238,65,362815
19213,47615283,65,362815
19214,47615328,65,362815
19215,47615382,65,362815
19216,47615823,65,362815
19217,47615832,65,362815
19218,47618235,65,362815
19219,47618253,65,362815
19220,47618325,65,362815
19221,47618352,65,362815
19222,47618523,65,362815
19223,47618532,65,362815
19224,47621358,65,362815
19225,47621385,65,362815
19226,47621538,65,362815
19227,47621583,65,362815
19228,47621835,65,362815
19229,47621853,65,362815
19230,47623158,65,362815
19231,47623185,65,362815
19232,47623518,65,362815
19233,47623581,65,362815
19234,47623815,65,362815
19235,47623851,65,362815
19236,47625138,65,362815
19237,47625183,65,362815
19238,47625318,65,362815
19239,47625381,65,362815
19240,47625813,65,362815
19241,47625831,65,362815
19242,47628135,65,362815
19243,47628153,65,362815
19244,47628315,65,362815
19245,47628351,65,362815
19246,47628513,65,362815
19247,47628531,65,362815
19248,47631258,65,362815
19249,47631285,65,362815
19250,47631528,65,362815
19251,47631582,65,362815
19252,47631825,65,362815
19253,47631852,65,362815
19254,47632158,65,362815
19255,47632185,65,362815
19256,47632518,65,362815
19257,47632581,65,362815
19258,47632815,65,362815
19259,47632851,65,362815
19260,47635128,65,362815
19261,47635182,65,362815
19262,47635218,65,362815
19263,47635281,65,362815
19264,47635812,65,362815
19265,47635821,65,362815
19266,47638125,65,362815
19267,47638152,65,362815
19268,47638215,65,362815
19269,47638251,65,362815
19270,47638512,65,362815
19271,47638521,65,362815
19272,47651238,65,362815
19273,47651283,65,362815
19274,47651328,65,362815
19275,47651382,65,362815
19276,47651823,65,362815
19277,47651832,65,362815
19278,47652138,65,362815
19279,47652183,65,362815
19280,47652318,65,362815
19281,47652381,65,362815
19282,47652813,65,362815
19283,47652831,65,362815
19284,47653128,65,362815
19285,47653182,65,362815
19286,47653218,65,362815
19287,47653281,65,362815
19288,47653812,65,362815
19289,47653821,65,362815
19290,47658123,65,362815
19291,47658132,65,362815
19292,47658213,65,362815
19293,47658231,65,362815
19294,47658312,65,362815
19295,47658321,65,362815
19296,47681235,65,362815
19297,47681253,65,362815
19298,47681325,65,362815
19299,47681352,65,362815
19300,47681523,65,362815
19301,47681532,65,362815
19302,47682135,65,362815
19303,47682153,65,362815
19304,47682315,65,362815
19305,47682351,65,362815
19306,47682513,65,362815
19307,47682531,65,362815
19308,47683125,65,362815
19309,47683152,65,362815
19310,47683215,65,362815
19311,47683251,65,362815
19312,47683512,65,362815
19313,47683521,65,362815
19314,47685123,65,362815
19315,47685132,65,362815
19316,47685213,65,362815
19317,47685231,65,362815
19318,47685312,65,362815
19319,47685321,65,362815
19320,47812356,65,362815
19321,47812365,65,362815
19322,47812536,65,362815
19323,47812563,65,362815
19324,47812635,65,362815
19325,47812653,65,362815
19326,47813256,65,362815
19327,47813265,65,362815
19328,47813526,65,362815
19329,47813562,65,362815
19330,47813625,65,362815
19331,47813652,65,362815
19332,47815236,65,362815
19333,47815263,65,362815
19334,47815326,65,362815
19335,47815362,65,362815
19336,47815623,65,362815
19337,47815632,65,362815
19338,47816235,65,362815
19339,47816253,65,362815
19340,47816325,65,362815
19341,47816352,65,362815
19342,47816523,65,362815
19343,47816532,65,362815
19344,47821356,65,362815
19345,47821365,65,362815
19346,47821536,65,362815
19347,47821563,65,362815
19348,47821635,65,362815
19349,47821653,65,362815
19350,47823156,65,362815
19351,47823165,65,362815
19352,47823516,65,362815
19353,47823561,65,362815
19354,47823615,65,362815
19355,47823651,65,362815
19356,47825136,65,362815
19357,47825163,65,362815
19358,47825316,65,362815
19359,47825361,65,362815
19360,47825613,65,362815
19361,47825631,65,362815
19362,47826135,65,362815
19363,47826153,65,362815
19364,47826315,65,362815
19365,47826351,65,362815
19366,47826513,65,362815
19367,47826531,65,362815
19368,47831256,65,362815
19369,47831265,65,362815
19370,47831526,65,362815
19371,47831562,65,362815
19372,47831625,65,362815
19373,47831652,65,362815
19374,47832156,65,362815
19375,47832165,65,362815
19376,47832516,65,362815
19377,47832561,65,362815
19378,47832615,65,362815
19379,47832651,65,362815
19380,47835126,65,362815
19381,47835162,65,362815
19382,47835216,65,362815
19383,47835261,65,362815
19384,47835612,65,362815
19385,47835621,65,362815
19386,47836125,65,362815
19387,47836152,65,362815
19388,47836215,65,362815
19389,47836251,65,362815
19390,47836512,65,362815
19391,47836521,65,362815
19392,47851236,65,362815
19393,47851263,65,362815
19394,47851326,65,362815
19395,47851362,65,362815
19396,47851623,65,362815
19397,47851632,65,362815
19398,47852136,65,362815
19399,47852163,65,362815
19400,47852316,65,362815
19401,47852361,65,362815
19402,47852613,65,362815
19403,47852631,65,362815
19404,47853126,65,362815
19405,47853162,65,362815
19406,47853216,65,362815
19407,47853261,65,362815
19408,47853612,65,362815
19409,47853621,65,362815
19410,47856123,65,362815
19411,47856132,65,362815
19412,47856213,65,362815
19413,47856231,65,362815
19414,47856312,65,362815
19415,47856321,65,362815
19416,47861235,65,362815
19417,47861253,65,362815
19418,47861325,65,362815
19419,47861352,65,362815
19420,47861523,65,362815
19421,47861532,65,362815
19422,47862135,65,362815
19423,47862153,65,362815
19424,47862315,65,362815
19425,47862351,65,362815
19426,47862513,65,362815
19427,47862531,65,362815
19428,47863125,65,362815
19429,47863152,65,362815
19430,47863215,65,362815
19431,47863251,65,362815
19432,47863512,65,362815
19433,47863521,65,362815
19434,47865123,65,362815
19435,47865132,65,362815
19436,47865213,65,362815
19437,47865231,65,362815
19438,47865312,65,362815
19439,47865321,65,362815
19440,48123567,65,362815
19441,48123576,65,362815
19442,48123657,65,362815
19443,48123675,65,362815
19444,48123756,65,362815
19445,48123765,65,362815
19446,48125367,65,362815
19447,48125376,65,362815
19448,48125637,65,362815
19449,48125673,65,362815
19450,48125736,65,362815
19451,48125763,65,362815
19452,48126357,65,362815
19453,48126375,65,362815
19454,48126537,65,362815
19455,48126573,65,362815
19456,48126735,65,362815
19457,48126753,65,362815
19458,48127356,65,362815
19459,48127365,65,362815
19460,48127536,65,362815
19461,48127563,65,362815
19462,48127635,65,362815
19463,48127653,65,362815
19464,48132567,65,362815
19465,48132576,65,362815
19466,48132657,65,362815
19467,48132675,65,362815
19468,48132756,65,362815
19469,48132765,65,362815
19470,48135267,65,362815
19471,48135276,65,362815
19472,48135627,65,362815
19473,48135672,65,362815
19474,48135726,65,362815
19475,48135762,65,362815
19476,48136257,65,362815
19477,48136275,65,362815
19478,48136527,65,362815
19479,48136572,65,362815
19480,48136725,65,362815
19481,48136752,65,362815
19482,48137256,65,362815
19483,48137265,65,362815
19484,48137526,65,362815
19485,48137562,65,362815
19486,48137625,65,362815
19487,48137652,65,362815
19488,48152367,65,362815
19489,48152376,65,362815
19490,48152637,65,362815
19491,48152673,65,362815
19492,48152736,65,362815
19493,48152763,65,362815
19494,48153267,65,362815
19495,48153276,65,362815
19496,48153627,65,362815
19497,48153672,65,362815
19498,48153726,65,362815
19499,48153762,65,362815
19500,48156237,65,362815
19501,48156273,65,362815
19502,48156327,65,362815
19503,48156372,65,362815
19504,48156723,65,362815
19505,48156732,65,362815
19506,48157236,65,362815
19507,48157263,65,362815
19508,48157326,65,362815
19509,48157362,65,362815
19510,48157623,65,362815
19511,48157632,65,362815
19512,48162357,65,362815
19513,48162375,65,362815
19514,48162537,65,362815
19515,48162573,65,362815
19516,48162735,65,362815
19517,48162753,65,362815
19518,48163257,65,362815
19519,48163275,65,362815
19520,48163527,65,362815
19521,48163572,65,362815
19522,48163725,65,362815
19523,48163752,65,362815
19524,48165237,65,362815
19525,48165273,65,362815
19526,48165327,65,362815
19527,48165372,65,362815
19528,48165723,65,362815
19529,48165732,65,362815
19530,48167235,65,362815
19531,48167253,65,362815
19532,48167325,65,362815
19533,48167352,65,362815
19534,48167523,65,362815
19535,48167532,65,362815
19536,48172356,65,362815
19537,48172365,65,362815
19538,48172536,65,362815
19539,48172563,65,362815
19540,48172635,65,362815
19541,48172653,65,362815
19542,48173256,65,362815
19543,48173265,65,362815
19544,48173526,65,362815
19545,48173562,65,362815
19546,48173625,65,362815
19547,48173652,65,362815
19548,48175236,65,362815
19549,48175263,65,362815
19550,48175326,65,362815
19551,48175362,65,362815
19552,48175623,65,362815
19553,48175632,65,362815
19554,48176235,65,362815
19555,48176253,65,362815
19556,48176325,65,362815
19557,48176352,65,362815
19558,48176523,65,362815
19559,48176532,65,362815
19560,48213567,65,362815
19561,48213576,65,362815
19562,48213657,65,362815
19563,48213675,65,362815
19564,48213756,65,362815
19565,48213765,65,362815
19566,48215367,65,362815
19567,48215376,65,362815
19568,48215637,65,362815
19569,48215673,65,362815
19570,48215736,65,362815
19571,48215763,65,362815
19572,48216357,65,362815
19573,48216375,65,362815
19574,48216537,65,362815
19575,48216573,65,362815
19576,48216735,65,362815
19577,48216753,65,362815
19578,48217356,65,362815
19579,48217365,65,362815
19580,48217536,65,362815
19581,48217563,65,362815
19582,48217635,65,362815
19583,48217653,65,362815
19584,48231567,65,362815
19585,48231576,65,362815
19586,48231657,65,362815
19587,48231675,65,362815
19588,48231756,65,362815
19589,48231765,65,362815
19590,48235167,65,362815
19591,48235176,65,362815
19592,48235617,65,362815
19593,48235671,65,362815
19594,48235716,65,362815
19595,48235761,65,362815
19596,48236157,65,362815
19597,48236175,65,362815
19598,48236517,65,362815
19599,48236571,65,362815
19600,48236715,65,362815
19601,48236751,65,362815
19602,48237156,65,362815
19603,48237165,65,362815
19604,48237516,65,362815
19605,48237561,65,362815
19606,48237615,65,362815
19607,48237651,65,362815
19608,48251367,65,362815
19609,48251376,65,362815
19610,48251637,65,362815
19611,48251673,65,362815
19612,48251736,65,362815
19613,48251763,65,362815
19614,48253167,65,362815
19615,48253176,65,362815
19616,48253617,65,362815
19617,48253671,65,362815
19618,48253716,65,362815
19619,48253761,65,362815
19620,48256137,65,362815
19621,48256173,65,362815
19622,48256317,65,362815
19623,48256371,65,362815
19624,48256713,65,362815
19625,48256731,65,362815
19626,48257136,65,362815
19627,48257163,65,362815
19628,48257316,65,362815
19629,48257361,65,362815
19630,48257613,65,362815
19631,48257631,65,362815
19632,48261357,65,362815
19633,48261375,65,362815
19634,48261537,65,362815
19635,48261573,65,362815
19636,48261735,65,362815
19637,48261753,65,362815
19638,48263157,65,362815
19639,48263175,65,362815
19640,48263517,65,362815
19641,48263571,65,362815
19642,48263715,65,362815
19643,48263751,65,362815
19644,48265137,65,362815
19645,48265173,65,362815
19646,48265317,65,362815
19647,48265371,65,362815
19648,48265713,65,362815
19649,48265731,65,362815
19650,48267135,65,362815
19651,48267153,65,362815
19652,48267315,65,362815
19653,48267351,65,362815
19654,48267513,65,362815
19655,48267531,65,362815
19656,48271356,65,362815
19657,48271365,65,362815
19658,48271536,65,362815
19659,48271563,65,362815
19660,48271635,65,362815
19661,48271653,65,362815
19662,48273156,65,362815
19663,48273165,65,362815
19664,48273516,65,362815
19665,48273561,65,362815
19666,48273615,65,362815
19667,48273651,65,362815
19668,48275136,65,362815
19669,48275163,65,362815
19670,48275316,65,362815
19671,48275361,65,362815
19672,48275613,65,362815
19673,48275631,65,362815
19674,48276135,65,362815
19675,48276153,65,362815
19676,48276315,65,362815
19677,48276351,65,362815
19678,48276513,65,362815
19679,48276531,65,362815
19680,48312567,65,362815
19681,48312576,65,362815
19682,48312657,65,362815
19683,48312675,65,362815
19684,48312756,65,362815
19685,48312765,65,362815
19686,48315267,65,362815
19687,48315276,65,362815
19688,48315627,65,362815
19689,48315672,65,362815
19690,48315726,65,362815
19691,48315762,65,362815
19692,48316257,65,362815
19693,48316275,65,362815
19694,48316527,65,362815
19695,48316572,65,362815
19696,48316725,65,362815
19697,48316752,65,362815
19698,48317256,65,362815
19699,48317265,65,362815
19700,48317526,65,362815
19701,48317562,65,362815
19702,48317625,65,362815
19703,48317652,65,362815
19704,48321567,65,362815
19705,48321576,65,362815
19706,48321657,65,362815
19707,48321675,65,362815
19708,48321756,65,362815
19709,48321765,65,362815
19710,48325167,65,362815
19711,48325176,65,362815
19712,48325617,65,362815
19713,48325671,65,362815
19714,48325716,65,362815
19715,48325761,65,362815
19716,48326157,65,362815
19717,48326175,65,362815
19718,48326517,65,362815
19719,48326571,65,362815
19720,48326715,65,362815
19721,48326751,65,362815
19722,48327156,65,362815
19723,48327165,65,362815
19724,48327516,65,362815
19725,48327561,65,362815
19726,48327615,65,362815
19727,48327651,65,362815
19728,48351267,65,362815
19729,48351276,65,362815
19730,48351627,65,362815
19731,48351672,65,362815
19732,48351726,65,362815
19733,48351762,65,362815
19734,48352167,65,362815
19735,48352176,65,362815
19736,48352617,65,362815
19737,48352671,65,362815
19738,48352716,65,362815
19739,48352761,65,362815
19740,48356127,65,362815
19741,48356172,65,362815
19742,48356217,65,362815
19743,48356271,65,362815
19744,48356712,65,362815
19745,48356721,65,362815
19746,48357126,65,362815
19747,48357162,65,362815
19748,48357216,65,362815
19749,48357261,65,362815
19750,48357612,65,362815
19751,48357621,65,362815
19752,48361257,65,362815
19753,48361275,65,362815
19754,48361527,65,362815
19755,48361572,65,362815
19756,48361725,65,362815
19757,48361752,65,362815
19758,48362157,65,362815
19759,48362175,65,362815
19760,48362517,65,362815
19761,48362571,65,362815
19762,48362715,65,362815
19763,48362751,65,362815
19764,48365127,65,362815
19765,48365172,65,362815
19766,48365217,65,362815
19767,48365271,65,362815
19768,48365712,65,362815
19769,48365721,65,362815
19770,48367125,65,362815
19771,48367152,65,362815
19772,48367215,65,362815
19773,48367251,65,362815
19774,48367512,65,362815
19775,48367521,65,362815
19776,48371256,65,362815
19777,48371265,65,362815
19778,48371526,65,362815
19779,48371562,65,362815
19780,48371625,65,362815
19781,48371652,65,362815
19782,48372156,65,362815
19783,48372165,65,362815
19784,48372516,65,362815
19785,48372561,65,362815
19786,48372615,65,362815
19787,48372651,65,362815
19788,48375126,65,362815
19789,48375162,65,362815
19790,48375216,65,362815
19791,48375261,65,362815
19792,48375612,65,362815
19793,48375621,65,362815
19794,48376125,65,362815
19795,48376152,65,362815
19796,48376215,65,362815
19797,48376251,65,362815
19798,48376512,65,362815
19799,48376521,65,362815
19800,48512367,65,362815
19801,48512376,65,362815
19802,48512637,65,362815
19803,48512673,65,362815
19804,48512736,65,362815
19805,48512763,65,362815
19806,48513267,65,362815
19807,48513276,65,362815
19808,48513627,65,362815
19809,48513672,65,362815
19810,48513726,65,362815
19811,48513762,65,362815
19812,48516237,65,362815
19813,48516273,65,362815
19814,48516327,65,362815
19815,48516372,65,362815
19816,48516723,65,362815
19817,48516732,65,362815
19818,48517236,65,362815
19819,48517263,65,362815
19820,48517326,65,362815
19821,48517362,65,362815
19822,48517623,65,362815
19823,48517632,65,362815
19824,48521367,65,362815
19825,48521376,65,362815
19826,48521637,65,362815
19827,48521673,65,362815
19828,48521736,65,362815
19829,48521763,65,362815
19830,48523167,65,362815
19831,48523176,65,362815
19832,48523617,65,362815
19833,48523671,65,362815
19834,48523716,65,362815
19835,48523761,65,362815
19836,48526137,65,362815
19837,48526173,65,362815
19838,48526317,65,362815
19839,48526371,65,362815
19840,48526713,65,362815
19841,48526731,65,362815
19842,48527136,65,362815
19843,48527163,65,362815
19844,48527316,65,362815
19845,48527361,65,362815
19846,48527613,65,362815
19847,48527631,65,362815
19848,48531267,65,362815
19849,48531276,65,362815
19850,48531627,65,362815
19851,48531672,65,362815
19852,48531726,65,362815
19853,48531762,65,362815
19854,48532167,65,362815
19855,48532176,65,362815
19856,48532617,65,362815
19857,48532671,65,362815
19858,48532716,65,362815
19859,48532761,65,362815
19860,48536127,65,362815
19861,48536172,65,362815
19862,48536217,65,362815
19863,48536271,65,362815
19864,48536712,65,362815
19865,48536721,65,362815
19866,48537126,65,362815
19867,48537162,65,362815
19868,48537216,65,362815
19869,48537261,65,362815
19870,48537612,65,362815
19871,48537621,65,362815
19872,48561237,65,362815
19873,48561273,65,362815
19874,48561327,65,362815
19875,48561372,65,362815
19876,48561723,65,362815
19877,48561732,65,362815
19878,48562137,65,362815
19879,48562173,65,362815
19880,48562317,65,362815
19881,48562371,65,362815
19882,48562713,65,362815
19883,48562731,65,362815
19884,48563127,65,362815
19885,48563172,65,362815
19886,48563217,65,362815
19887,48563271,65,362815
19888,48563712,65,362815
19889,48563721,65,362815
19890,48567123,65,362815
19891,48567132,65,362815
19892,48567213,65,362815
19893,48567231,65,362815
19894,48567312,65,362815
19895,48567321,65,362815
19896,48571236,65,362815
19897,48571263,65,362815
19898,48571326,65,362815
19899,48571362,65,362815
19900,48571623,65,362815
19901,48571632,65,362815
19902,48572136,65,362815
19903,48572163,65,362815
19904,48572316,65,362815
19905,48572361,65,362815
19906,48572613,65,362815
19907,48572631,65,362815
19908,48573126,65,362815
19909,48573162,65,362815
19910,48573216,65,362815
19911,48573261,65,362815
19912,48573612,65,362815
19913,48573621,65,362815
19914,48576123,65,362815
19915,48576132,65,362815
19916,48576213,65,362815
19917,48576231,65,362815
19918,48576312,65,362815
19919,48576321,65,362815
19920,48612357,65,362815
19921,48612375,65,362815
19922,48612537,65,362815
19923,48612573,65,362815
19924,48612735,65,362815
19925,48612753,65,362815
19926,48613257,65,362815
19927,48613275,65,362815
19928,48613527,65,362815
19929,48613572,65,362815
19930,48613725,65,362815
19931,48613752,65,362815
19932,48615237,65,362815
19933,48615273,65,362815
19934,48615327,65,362815
19935,48615372,65,362815
19936,48615723,65,362815
19937,48615732,65,362815
19938,48617235,65,362815
19939,48617253,65,362815
19940,48617325,65,362815
19941,48617352,65,362815
19942,48617523,65,362815
19943,48617532,65,362815
19944,48621357,65,362815
19945,48621375,65,362815
19946,48621537,65,362815
19947,48621573,65,362815
19948,48621735,65,362815
19949,48621753,65,362815
19950,48623157,65,362815
19951,48623175,65,362815
19952,48623517,65,362815
19953,48623571,65,362815
19954,48623715,65,362815
19955,48623751,65,362815
19956,48625137,65,362815
19957,48625173,65,362815
19958,48625317,65,362815
19959,48625371,65,362815
19960,48625713,65,362815
19961,48625731,65,362815
19962,48627135,65,362815
19963,48627153,65,362815
19964,48627315,65,362815
19965,48627351,65,362815
19966,48627513,65,362815
19967,48627531,65,362815
19968,48631257,65,362815
19969,48631275,65,362815
19970,48631527,65,362815
19971,48631572,65,362815
19972,48631725,65,362815
19973,48631752,65,362815
19974,48632157,65,362815
19975,48632175,65,362815
19976,48632517,65,362815
19977,48632571,65,362815
19978,48632715,65,362815
19979,48632751,65,362815
19980,48635127,65,362815
19981,48635172,65,362815
19982,48635217,65,362815
19983,48635271,65,362815
19984,48635712,65,362815
19985,48635721,65,362815
19986,48637125,65,362815
19987,48637152,65,362815
19988,48637215,65,362815
19989,48637251,65,362815
19990,48637512,65,362815
19991,48637521,65,362815
19992,48651237,65,362815
19993,48651273,65,362815
19994,48651327,65,362815
19995,48651372,65,362815
19996,48651723,65,362815
19997,48651732,65,362815
19998,48652137,65,362815
19999,48652173,65,362815
20000,48652317,65,362815
20001,48652371,65,362815
20002,48652713,65,362815
20003,48652731,65,362815
20004,48653127,65,362815
20005,48653172,65,362815
20006,48653217,65,362815
20007,48653271,65,362815
20008,48653712,65,362815
20009,48653721,65,362815
20010,48657123,65,362815
20011,48657132,65,362815
20012,48657213,65,362815
20013,48657231,65,362815
20014,48657312,65,362815
20015,48657321,65,362815
20016,48671235,65,362815
20017,48671253,65,362815
20018,48671325,65,362815
20019,48671352,65,362815
20020,48671523,65,362815
20021,48671532,65,362815
20022,48672135,65,362815
20023,48672153,65,362815
20024,48672315,65,362815
20025,48672351,65,362815
20026,48672513,65,362815
20027,48672531,65,362815
20028,48673125,65,362815
20029,48673152,65,362815
20030,48673215,65,362815
20031,48673251,65,362815
20032,48673512,65,362815
20033,48673521,65,362815
20034,48675123,65,362815
20035,48675132,65,362815
20036,48675213,65,362815
20037,48675231,65,362815
20038,48675312,65,362815
20039,48675321,65,362815
20040,48712356,65,362815
20041,48712365,65,362815
20042,48712536,65,362815
20043,48712563,65,362815
20044,48712635,65,362815
20045,48712653,65,362815
20046,48713256,65,362815
20047,48713265,65,362815
20048,48713526,65,362815
20049,48713562,65,362815
20050,48713625,65,362815
20051,48713652,65,362815
20052,48715236,65,362815
20053,48715263,65,362815
20054,48715326,65,362815
20055,48715362,65,362815
20056,48715623,65,362815
20057,48715632,65,362815
20058,48716235,65,362815
20059,48716253,65,362815
20060,48716325,65,362815
20061,48716352,65,362815
20062,48716523,65,362815
20063,48716532,65,362815
20064,48721356,65,362815
20065,48721365,65,362815
20066,48721536,65,362815
20067,48721563,65,362815
20068,48721635,65,362815
20069,48721653,65,362815
20070,48723156,65,362815
20071,48723165,65,362815
20072,48723516,65,362815
20073,48723561,65,362815
20074,48723615,65,362815
20075,48723651,65,362815
20076,48725136,65,362815
20077,48725163,65,362815
20078,48725316,65,362815
20079,48725361,65,362815
20080,48725613,65,362815
20081,48725631,65,362815
20082,48726135,65,362815
20083,48726153,65,362815
20084,48726315,65,362815
20085,48726351,65,362815
20086,48726513,65,362815
20087,48726531,65,362815
20088,48731256,65,362815
20089,48731265,65,362815
20090,48731526,65,362815
20091,48731562,65,362815
20092,48731625,65,362815
20093,48731652,65,362815
20094,48732156,65,362815
20095,48732165,65,362815
20096,48732516,65,362815
20097,48732561,65,362815
20098,48732615,65,362815
20099,48732651,65,362815
20100,48735126,65,362815
20101,48735162,65,362815
20102,48735216,65,362815
20103,48735261,65,362815
20104,48735612,65,362815
20105,48735621,65,362815
20106,48736125,65,362815
20107,48736152,65,362815
20108,48736215,65,362815
20109,48736251,65,362815
20110,48736512,65,362815
20111,48736521,65,362815
20112,48751236,65,362815
20113,48751263,65,362815
20114,48751326,65,362815
20115,48751362,65,362815
20116,48751623,65,362815
20117,48751632,65,362815
20118,48752136,65,362815
20119,48752163,65,362815
20120,48752316,65,362815
20121,48752361,65,362815
20122,48752613,65,362815
20123,48752631,65,362815
20124,48753126,65,362815
20125,48753162,65,362815
20126,48753216,65,362815
20127,48753261,65,362815
20128,48753612,65,362815
20129,48753621,65,362815
20130,48756123,65,362815
20131,48756132,65,362815
20132,48756213,65,362815
20133,48756231,65,362815
20134,48756312,65,362815
20135,48756321,65,362815
20136,48761235,65,362815
20137,48761253,65,362815
20138,48761325,65,362815
20139,48761352,65,362815
20140,48761523,65,362815
20141,48761532,65,362815
20142,48762135,65,362815
20143,48762153,65,362815
20144,48762315,65,362815
20145,48762351,65,362815
20146,48762513,65,362815
20147,48762531,65,362815
20148,48763125,65,362815
20149,48763152,65,362815
20150,48763215,65,362815
20151,48763251,65,362815
20152,48763512,65,362815
20153,48763521,65,362815
20154,48765123,65,362815
20155,48765132,65,362815
20156,48765213,65,362815
20157,48765231,65,362815
20158,48765312,65,362815
20159,48765321,65,362815
20160,51234678,65,362815
20161,51234687,65,362815
20162,51234768,65,362815
20163,51234786,65,362815
20164,51234867,65,362815
20165,51234876,65,362815
20166,51236478,65,362815
20167,51236487,65,362815
20168,51236748,65,362815
20169,51236784,65,362815
20170,51236847,65,362815
20171,51236874,65,362815
20172,51237468,65,362815
20173,51237486,65,362815
20174,51237648,65,362815
20175,51237684,65,362815
20176,51237846,65,362815
20177,51237864,65,362815
20178,51238467,65,362815
20179,51238476,65,362815
20180,51238647,65,362815
20181,51238674,65,362815
20182,51238746,65,362815
20183,51238764,65,362815
20184,51243678,65,362815
20185,51243687,65,362815
20186,51243768,65,362815
20187,51243786,65,362815
20188,51243867,65,362815
20189,51243876,65,362815
20190,51246378,65,362815
20191,51246387,65,362815
20192,51246738,65,362815
20193,51246783,65,362815
20194,51246837,65,362815
20195,51246873,65,362815
20196,51247368,65,362815
20197,51247386,65,362815
20198,51247638,65,362815
20199,51247683,65,362815
20200,51247836,65,362815
20201,51247863,65,362815
20202,51248367,65,362815
20203,51248376,65,362815
20204,51248637,65,362815
20205,51248673,65,362815
20206,51248736,65,362815
20207,51248763,65,362815
20208,51263478,65,362815
20209,51263487,65,362815
20210,51263748,65,362815
20211,51263784,65,362815
20212,51263847,65,362815
20213,51263874,65,362815
20214,51264378,65,362815
20215,51264387,65,362815
20216,51264738,65,362815
20217,51264783,65,362815
20218,51264837,65,362815
20219,51264873,65,362815
20220,51267348,65,362815
20221,51267384,65,362815
20222,51267438,65,362815
20223,51267483,65,362815
20224,51267834,65,362815
20225,51267843,65,362815
20226,51268347,65,362815
20227,51268374,65,362815
20228,51268437,65,362815
20229,51268473,65,362815
20230,51268734,65,362815
20231,51268743,65,362815
20232,51273468,65,362815
20233,51273486,65,362815
20234,51273648,65,362815
20235,51273684,65,362815
20236,51273846,65,362815
20237,51273864,65,362815
20238,51274368,65,362815
20239,51274386,65,362815
20240,51274638,65,362815
20241,51274683,65,362815
20242,51274836,65,362815
20243,51274863,65,362815
20244,51276348,65,362815
20245,51276384,65,362815
20246,51276438,65,362815
20247,51276483,65,362815
20248,51276834,65,362815
20249,51276843,65,362815
20250,51278346,65,362815
20251,51278364,65,362815
20252,51278436,65,362815
20253,51278463,65,362815
20254,51278634,65,362815
20255,51278643,65,362815
20256,51283467,65,362815
20257,51283476,65,362815
20258,51283647,65,362815
20259,51283674,65,362815
20260,51283746,65,362815
20261,51283764,65,362815
20262,51284367,65,362815
20263,51284376,65,362815
20264,51284637,65,362815
20265,51284673,65,362815
20266,51284736,65,362815
20267,51284763,65,362815
20268,51286347,65,362815
20269,51286374,65,362815
20270,51286437,65,362815
20271,51286473,65,362815
20272,51286734,65,362815
20273,51286743,65,362815
20274,51287346,65,362815
20275,51287364,65,362815
20276,51287436,65,362815
20277,51287463,65,362815
20278,51287634,65,362815
20279,51287643,65,362815
20280,51324678,65,362815
20281,51324687,65,362815
20282,51324768,65,362815
20283,51324786,65,362815
20284,51324867,65,362815
20285,51324876,65,362815
20286,51326478,65,362815
20287,51326487,65,362815
20288,51326748,65,362815
20289,51326784,65,362815
20290,51326847,65,362815
20291,51326874,65,362815
20292,51327468,65,362815
20293,51327486,65,362815
20294,51327648,65,362815
20295,51327684,65,362815
20296,51327846,65,362815
20297,51327864,65,362815
20298,51328467,65,362815
20299,51328476,65,362815
20300,51328647,65,362815
20301,51328674,65,362815
20302,51328746,65,362815
20303,51328764,65,362815
20304,51342678,65,362815
20305,51342687,65,362815
20306,51342768,65,362815
20307,51342786,65,362815
20308,51342867,65,362815
20309,51342876,65,362815
20310,51346278,65,362815
20311,51346287,65,362815
20312,51346728,65,362815
20313,51346782,65,362815
20314,51346827,65,362815
20315,51346872,65,362815
20316,51347268,65,362815
20317,51347286,65,362815
20318,51347628,65,362815
20319,51347682,65,362815
20320,51347826,65,362815
20321,51347862,65,362815
20322,51348267,65,362815
20323,51348276,65,362815
20324,51348627,65,362815
20325,51348672,65,362815
20326,51348726,65,362815
20327,51348762,65,362815
20328,51362478,65,362815
20329,51362487,65,362815
20330,51362748,65,362815
20331,51362784,65,362815
20332,51362847,65,362815
20333,51362874,65,362815
20334,51364278,65,362815
20335,51364287,65,362815
20336,51364728,65,362815
20337,51364782,65,362815
20338,51364827,65,362815
20339,51364872,65,362815
20340,51367248,65,362815
20341,51367284,65,362815
20342,51367428,65,362815
20343,51367482,65,362815
20344,51367824,65,362815
20345,51367842,65,362815
20346,51368247,65,362815
20347,51368274,65,362815
20348,51368427,65,362815
20349,51368472,65,362815
20350,51368724,65,362815
20351,51368742,65,362815
20352,51372468,65,362815
20353,51372486,65,362815
20354,51372648,65,362815
20355,51372684,65,362815
20356,51372846,65,362815
20357,51372864,65,362815
20358,51374268,65,362815
20359,51374286,65,362815
20360,51374628,65,362815
20361,51374682,65,362815
20362,51374826,65,362815
20363,51374862,65,362815
20364,51376248,65,362815
20365,51376284,65,362815
20366,51376428,65,362815
20367,51376482,65,362815
20368,51376824,65,362815
20369,51376842,65,362815
20370,51378246,65,362815
20371,51378264,65,362815
20372,51378426,65,362815
20373,51378462,65,362815
20374,51378624,65,362815
20375,51378642,65,362815
20376,51382467,65,362815
20377,51382476,65,362815
20378,51382647,65,362815
20379,51382674,65,362815
20380,51382746,65,362815
20381,51382764,65,362815
20382,51384267,65,362815
20383,51384276,65,362815
20384,51384627,65,362815
20385,51384672,65,362815
20386,51384726,65,362815
20387,51384762,65,362815
20388,51386247,65,362815
20389,51386274,65,362815
20390,51386427,65,362815
20391,51386472,65,362815
20392,51386724,65,362815
20393,51386742,65,362815
20394,51387246,65,362815
20395,51387264,65,362815
20396,51387426,65,362815
20397,51387462,65,362815
20398,51387624,65,362815
20399,51387642,65,362815
20400,51423678,65,362815
20401,51423687,65,362815
20402,51423768,65,362815
20403,51423786,65,362815
20404,51423867,65,362815
20405,51423876,65,362815
20406,51426378,65,362815
20407,51426387,65,362815
20408,51426738,65,362815
20409,51426783,65,362815
20410,51426837,65,362815
20411,51426873,65,362815
20412,51427368,65,362815
20413,51427386,65,362815
20414,51427638,65,362815
20415,51427683,65,362815
20416,51427836,65,362815
20417,51427863,65,362815
20418,51428367,65,362815
20419,51428376,65,362815
20420,51428637,65,362815
20421,51428673,65,362815
20422,51428736,65,362815
20423,51428763,65,362815
20424,51432678,65,362815
20425,51432687,65,362815
20426,51432768,65,362815
20427,51432786,65,362815
20428,51432867,65,362815
20429,51432876,65,362815
20430,51436278,65,362815
20431,51436287,65,362815
20432,51436728,65,362815
20433,51436782,65,362815
20434,51436827,65,362815
20435,51436872,65,362815
20436,51437268,65,362815
20437,51437286,65,362815
20438,51437628,65,362815
20439,51437682,65,362815
20440,51437826,65,362815
20441,51437862,65,362815
20442,51438267,65,362815
20443,51438276,65,362815
20444,51438627,65,362815
20445,51438672,65,362815
20446,51438726,65,362815
20447,51438762,65,362815
20448,51462378,65,362815
20449,51462387,65,362815
20450,51462738,65,362815
20451,51462783,65,362815
20452,51462837,65,362815
20453,51462873,65,362815
20454,51463278,65,362815
20455,51463287,65,362815
20456,51463728,65,362815
20457,51463782,65,362815
20458,51463827,65,362815
20459,51463872,65,362815
20460,51467238,65,362815
20461,51467283,65,362815
20462,51467328,65,362815
20463,51467382,65,362815
20464,51467823,65,362815
20465,51467832,65,362815
20466,51468237,65,362815
20467,51468273,65,362815
20468,51468327,65,362815
20469,51468372,65,362815
20470,51468723,65,362815
20471,51468732,65,362815
20472,51472368,65,362815
20473,51472386,65,362815
20474,51472638,65,362815
20475,51472683,65,362815
20476,51472836,65,362815
20477,51472863,65,362815
20478,51473268,65,362815
20479,51473286,65,362815
20480,51473628,65,362815
20481,51473682,65,362815
20482,51473826,65,362815
20483,51473862,65,362815
20484,51476238,65,362815
20485,51476283,65,362815
20486,51476328,65,362815
20487,51476382,65,362815
20488,51476823,65,362815
20489,51476832,65,362815
20490,51478236,65,362815
20491,51478263,65,362815
20492,51478326,65,362815
20493,51478362,65,362815
20494,51478623,65,362815
20495,51478632,65,362815
20496,51482367,65,362815
20497,51482376,65,362815
20498,51482637,65,362815
20499,51482673,65,362815
20500,51482736,65,362815
20501,51482763,65,362815
20502,51483267,65,362815
20503,51483276,65,362815
20504,51483627,65,362815
20505,51483672,65,362815
20506,51483726,65,362815
20507,51483762,65,362815
20508,51486237,65,362815
20509,51486273,65,362815
20510,51486327,65,362815
20511,51486372,65,362815
20512,51486723,65,362815
20513,51486732,65,362815
20514,51487236,65,362815
20515,51487263,65,362815
20516,51487326,65,362815
20517,51487362,65,362815
20518,51487623,65,362815
20519,51487632,65,362815
20520,51623478,65,362815
20521,51623487,65,362815
20522,51623748,65,362815
20523,51623784,65,362815
20524,51623847,65,362815
20525,51623874,65,362815
20526,51624378,65,362815
20527,51624387,65,362815
20528,51624738,65,362815
20529,51624783,65,362815
20530,51624837,65,362815
20531,51624873,65,362815
20532,51627348,65,362815
20533,51627384,65,362815
20534,51627438,65,362815
20535,51627483,65,362815
20536,51627834,65,362815
20537,51627843,65,362815
20538,51628347,65,362815
20539,51628374,65,362815
20540,51628437,65,362815
20541,51628473,65,362815
20542,51628734,65,362815
20543,51628743,65,362815
20544,51632478,65,362815
20545,51632487,65,362815
20546,51632748,65,362815
20547,51632784,65,362815
20548,51632847,65,362815
20549,51632874,65,362815
20550,51634278,65,362815
20551,51634287,65,362815
20552,51634728,65,362815
20553,51634782,65,362815
20554,51634827,65,362815
20555,51634872,65,362815
20556,51637248,65,362815
20557,51637284,65,362815
20558,51637428,65,362815
20559,51637482,65,362815
20560,51637824,65,362815
20561,51637842,65,362815
20562,51638247,65,362815
20563,51638274,65,362815
20564,51638427,65,362815
20565,51638472,65,362815
20566,51638724,65,362815
20567,51638742,65,362815
20568,51642378,65,362815
20569,51642387,65,362815
20570,51642738,65,362815
20571,51642783,65,362815
20572,51642837,65,362815
20573,51642873,65,362815
20574,51643278,65,362815
20575,51643287,65,362815
20576,51643728,65,362815
20577,51643782,65,362815
20578,51643827,65,362815
20579,51643872,65,362815
20580,51647238,65,362815
20581,51647283,65,362815
20582,51647328,65,362815
20583,51647382,65,362815
20584,51647823,65,362815
20585,51647832,65,362815
20586,51648237,65,362815
20587,51648273,65,362815
20588,51648327,65,362815
20589,51648372,65,362815
20590,51648723,65,362815
20591,51648732,65,362815
20592,51672348,65,362815
20593,51672384,65,362815
20594,51672438,65,362815
20595,51672483,65,362815
20596,51672834,65,362815
20597,51672843,65,362815
20598,51673248,65,362815
20599,51673284,65,362815
20600,51673428,65,362815
20601,51673482,65,362815
20602,51673824,65,362815
20603,51673842,65,362815
20604,51674238,65,362815
20605,51674283,65,362815
20606,51674328,65,362815
20607,51674382,65,362815
20608,51674823,65,362815
20609,51674832,65,362815
20610,51678234,65,362815
20611,51678243,65,362815
20612,51678324,65,362815
20613,51678342,65,362815
20614,51678423,65,362815
20615,51678432,65,362815
20616,51682347,65,362815
20617,51682374,65,362815
20618,51682437,65,362815
20619,51682473,65,362815
20620,51682734,65,362815
20621,51682743,65,362815
20622,51683247,65,362815
20623,51683274,65,362815
20624,51683427,65,362815
20625,51683472,65,362815
20626,51683724,65,362815
20627,51683742,65,362815
20628,51684237,65,362815
20629,51684273,65,362815
20630,51684327,65,362815
20631,51684372,65,362815
20632,51684723,65,362815
20633,51684732,65,362815
20634,51687234,65,362815
20635,51687243,65,362815
20636,51687324,65,362815
20637,51687342,65,362815
20638,51687423,65,362815
20639,51687432,65,362815
20640,51723468,65,362815
20641,51723486,65,362815
20642,51723648,65,362815
20643,51723684,65,362815
20644,51723846,65,362815
20645,51723864,65,362815
20646,51724368,65,362815
20647,51724386,65,362815
20648,51724638,65,362815
20649,51724683,65,362815
20650,51724836,65,362815
20651,51724863,65,362815
20652,51726348,65,362815
20653,51726384,65,362815
20654,51726438,65,362815
20655,51726483,65,362815
20656,51726834,65,362815
20657,51726843,65,362815
20658,51728346,65,362815
20659,51728364,65,362815
20660,51728436,65,362815
20661,51728463,65,362815
20662,51728634,65,362815
20663,51728643,65,362815
20664,51732468,65,362815
20665,51732486,65,362815
20666,51732648,65,362815
20667,51732684,65,362815
20668,51732846,65,362815
20669,51732864,65,362815
20670,51734268,65,362815
20671,51734286,65,362815
20672,51734628,65,362815
20673,51734682,65,362815
20674,51734826,65,362815
20675,51734862,65,362815
20676,51736248,65,362815
20677,51736284,65,362815
20678,51736428,65,362815
20679,51736482,65,362815
20680,51736824,65,362815
20681,51736842,65,362815
20682,51738246,65,362815
20683,51738264,65,362815
20684,51738426,65,362815
20685,51738462,65,362815
20686,51738624,65,362815
20687,51738642,65,362815
20688,51742368,65,362815
20689,51742386,65,362815
20690,51742638,65,362815
20691,51742683,65,362815
20692,51742836,65,362815
20693,51742863,65,362815
20694,51743268,65,362815
20695,51743286,65,362815
20696,51743628,65,362815
20697,51743682,65,362815
20698,51743826,65,362815
20699,51743862,65,362815
20700,51746238,65,362815
20701,51746283,65,362815
20702,51746328,65,362815
20703,51746382,65,362815
20704,51746823,65,362815
20705,51746832,65,362815
20706,51748236,65,362815
20707,51748263,65,362815
20708,51748326,65,362815
20709,51748362,65,362815
20710,51748623,65,362815
20711,51748632,65,362815
20712,51762348,65,362815
20713,51762384,65,362815
20714,51762438,65,362815
20715,51762483,65,362815
20716,51762834,65,362815
20717,51762843,65,362815
20718,51763248,65,362815
20719,51763284,65,362815
20720,51763428,65,362815
20721,51763482,65,362815
20722,51763824,65,362815
20723,51763842,65,362815
20724,51764238,65,362815
20725,51764283,65,362815
20726,51764328,65,362815
20727,51764382,65,362815
20728,51764823,65,362815
20729,51764832,65,362815
20730,51768234,65,362815
20731,51768243,65,362815
20732,51768324,65,362815
20733,51768342,65,362815
20734,51768423,65,362815
20735,51768432,65,362815
20736,51782346,65,362815
20737,51782364,65,362815
20738,51782436,65,362815
20739,51782463,65,362815
20740,51782634,65,362815
20741,51782643,65,362815
20742,51783246,65,362815
20743,51783264,65,362815
20744,51783426,65,362815
20745,51783462,65,362815
20746,51783624,65,362815
20747,51783642,65,362815
20748,51784236,65,362815
20749,51784263,65,362815
20750,51784326,65,362815
20751,51784362,65,362815
20752,51784623,65,362815
20753,51784632,65,362815
20754,51786234,65,362815
20755,51786243,65,362815
20756,51786324,65,362815
20757,51786342,65,362815
20758,51786423,65,362815
20759,51786432,65,362815
20760,51823467,65,362815
20761,51823476,65,362815
20762,51823647,65,362815
20763,51823674,65,362815
20764,51823746,65,362815
20765,51823764,65,362815
20766,51824367,65,362815
20767,51824376,65,362815
20768,51824637,65,362815
20769,51824673,65,362815
20770,51824736,65,362815
20771,51824763,65,362815
20772,51826347,65,362815
20773,51826374,65,362815
20774,51826437,65,362815
20775,51826473,65,362815
20776,51826734,65,362815
20777,51826743,65,362815
20778,51827346,65,362815
20779,51827364,65,362815
20780,51827436,65,362815
20781,51827463,65,362815
20782,51827634,65,362815
20783,51827643,65,362815
20784,51832467,65,362815
20785,51832476,65,362815
20786,51832647,65,362815
20787,51832674,65,362815
20788,51832746,65,362815
20789,51832764,65,362815
20790,51834267,65,362815
20791,51834276,65,362815
20792,51834627,65,362815
20793,51834672,65,362815
20794,51834726,65,362815
20795,51834762,65,362815
20796,51836247,65,362815
20797,51836274,65,362815
20798,51836427,65,362815
20799,51836472,65,362815
20800,51836724,65,362815
20801,51836742,65,362815
20802,51837246,65,362815
20803,51837264,65,362815
20804,51837426,65,362815
20805,51837462,65,362815
20806,51837624,65,362815
20807,51837642,65,362815
20808,51842367,65,362815
20809,51842376,65,362815
20810,51842637,65,362815
20811,51842673,65,362815
20812,51842736,65,362815
20813,51842763,65,362815
20814,51843267,65,362815
20815,51843276,65,362815
20816,51843627,65,362815
20817,51843672,65,362815
20818,51843726,65,362815
20819,51843762,65,362815
20820,51846237,65,362815
20821,51846273,65,362815
20822,51846327,65,362815
20823,51846372,65,362815
20824,51846723,65,362815
20825,51846732,65,362815
20826,51847236,65,362815
20827,51847263,65,362815
20828,51847326,65,362815
20829,51847362,65,362815
20830,51847623,65,362815
20831,51847632,65,362815
20832,51862347,65,362815
20833,51862374,65,362815
20834,51862437,65,362815
20835,51862473,65,362815
20836,51862734,65,362815
20837,51862743,65,362815
20838,51863247,65,362815
20839,51863274,65,362815
20840,51863427,65,362815
20841,51863472,65,362815
20842,51863724,65,362815
20843,51863742,65,362815
20844,51864237,65,362815
20845,51864273,65,362815
20846,51864327,65,362815
20847,51864372,65,362815
20848,51864723,65,362815
20849,51864732,65,362815
20850,51867234,65,362815
20851,51867243,65,362815
20852,51867324,65,362815
20853,51867342,65,362815
20854,51867423,65,362815
20855,51867432,65,362815
20856,51872346,65,362815
20857,51872364,65,362815
20858,51872436,65,362815
20859,51872463,65,362815
20860,51872634,65,362815
20861,51872643,65,362815
20862,51873246,65,362815
20863,51873264,65,362815
20864,51873426,65,362815
20865,51873462,65,362815
20866,51873624,65,362815
20867,51873642,65,362815
20868,51874236,65,362815
20869,51874263,65,362815
20870,51874326,65,362815
20871,51874362,65,362815
20872,51874623,65,362815
20873,51874632,65,362815
20874,51876234,65,362815
20875,51876243,65,362815
20876,51876324,65,362815
20877,51876342,65,362815
20878,51876423,65,362815
20879,51876432,65,362815
20880,52134678,65,362815
20881,52134687,65,362815
20882,52134768,65,362815
20883,52134786,65,362815
20884,52134867,65,362815
20885,52134876,65,362815
20886,52136478,65,362815
20887,52136487,65,362815
20888,52136748,65,362815
20889,52136784,65,362815
20890,52136847,65,362815
20891,52136874,65,362815
20892,52137468,65,362815
20893,52137486,65,362815
20894,52137648,65,362815
20895,52137684,65,362815
20896,52137846,65,362815
20897,52137864,65,362815
20898,52138467,65,362815
20899,52138476,65,362815
20900,52138647,65,362815
20901,52138674,65,362815
20902,52138746,65,362815
20903,52138764,65,362815
20904,52143678,65,362815
20905,52143687,65,362815
20906,52143768,65,362815
20907,52143786,65,362815
20908,52143867,65,362815
20909,52143876,65,362815
20910,52146378,65,362815
20911,52146387,65,362815
20912,52146738,65,362815
20913,52146783,65,362815
20914,52146837,65,362815
20915,52146873,65,362815
20916,52147368,65,362815
20917,52147386,65,362815
20918,52147638,65,362815
20919,52147683,65,362815
20920,52147836,65,362815
20921,52147863,65,362815
20922,52148367,65,362815
20923,52148376,65,362815
20924,52148637,65,362815
20925,52148673,65,362815
20926,52148736,65,362815
20927,52148763,65,362815
20928,52163478,65,362815
20929,52163487,65,362815
20930,52163748,65,362815
20931,52163784,65,362815
20932,52163847,65,362815
20933,52163874,65,362815
20934,52164378,65,362815
20935,52164387,65,362815
20936,52164738,65,362815
20937,52164783,65,362815
20938,52164837,65,362815
20939,52164873,65,362815
20940,52167348,65,362815
20941,52167384,65,362815
20942,52167438,65,362815
20943,52167483,65,362815
20944,52167834,65,362815
20945,52167843,65,362815
20946,52168347,65,362815
20947,52168374,65,362815
20948,52168437,65,362815
20949,52168473,65,362815
20950,52168734,65,362815
20951,52168743,65,362815
20952,52173468,65,362815
20953,52173486,65,362815
20954,52173648,65,362815
20955,52173684,65,362815
20956,52173846,65,362815
20957,52173864,65,362815
20958,52174368,65,362815
20959,52174386,65,362815
20960,52174638,65,362815
20961,52174683,65,362815
20962,52174836,65,362815
20963,52174863,65,362815
20964,52176348,65,362815
20965,52176384,65,362815
20966,52176438,65,362815
20967,52176483,65,362815
20968,52176834,65,362815
20969,52176843,65,362815
20970,52178346,65,362815
20971,52178364,65,362815
20972,52178436,65,362815
20973,52178463,65,362815
20974,52178634,65,362815
20975,52178643,65,362815
20976,52183467,65,362815
20977,52183476,65,362815
20978,52183647,65,362815
20979,52183674,65,362815
20980,52183746,65,362815
20981,52183764,65,362815
20982,52184367,65,362815
20983,52184376,65,362815
20984,52184637,65,362815
20985,52184673,65,362815
20986,52184736,65,362815
20987,52184763,65,362815
20988,52186347,65,362815
20989,52186374,65,362815
20990,52186437,65,362815
20991,52186473,65,362815
20992,52186734,65,362815
20993,52186743,65,362815
20994,52187346,65,362815
20995,52187364,65,362815
20996,52187436,65,362815
20997,52187463,65,362815
20998,52187634,65,362815
20999,52187643,65,362815
21000,52314678,65,362815
21001,52314687,65,362815
21002,52314768,65,362815
21003,52314786,65,362815
21004,52314867,65,362815
21005,52314876,65,362815
21006,52316478,65,362815
21007,52316487,65,362815
21008,52316748,65,362815
21009,52316784,65,362815
21010,52316847,65,362815
21011,52316874,65,362815
21012,52317468,65,362815
21013,52317486,65,362815
21014,52317648,65,362815
21015,52317684,65,362815
21016,52317846,65,362815
21017,52317864,65,362815
21018,52318467,65,362815
21019,52318476,65,362815
21020,52318647,65,362815
21021,52318674,65,362815
21022,52318746,65,362815
21023,52318764,65,362815
21024,52341678,65,362815
21025,52341687,65,362815
21026,52341768,65,362815
21027,52341786,65,362815
21028,52341867,65,362815
21029,52341876,65,362815
21030,52346178,65,362815
21031,52346187,65,362815
21032,52346718,65,362815
21033,52346781,65,362815
21034,52346817,65,362815
21035,52346871,65,362815
21036,52347168,65,362815
21037,52347186,65,362815
21038,52347618,65,362815
21039,52347681,65,362815
21040,52347816,65,362815
21041,52347861,65,362815
21042,52348167,65,362815
21043,52348176,65,362815
21044,52348617,65,362815
21045,52348671,65,362815
21046,52348716,65,362815
21047,52348761,65,362815
21048,52361478,65,362815
21049,52361487,65,362815
21050,52361748,65,362815
21051,52361784,65,362815
21052,52361847,65,362815
21053,52361874,65,362815
21054,52364178,65,362815
21055,52364187,65,362815
21056,52364718,65,362815
21057,52364781,65,362815
21058,52364817,65,362815
21059,52364871,65,362815
21060,52367148,65,362815
21061,52367184,65,362815
21062,52367418,65,362815
21063,52367481,65,362815
21064,52367814,65,362815
21065,52367841,65,362815
21066,52368147,65,362815
21067,52368174,65,362815
21068,52368417,65,362815
21069,52368471,65,362815
21070,52368714,65,362815
21071,52368741,65,362815
21072,52371468,65,362815
21073,52371486,65,362815
21074,52371648,65,362815
21075,52371684,65,362815
21076,52371846,65,362815
21077,52371864,65,362815
21078,52374168,65,362815
21079,52374186,65,362815
21080,52374618,65,362815
21081,52374681,65,362815
21082,52374816,65,362815
21083,52374861,65,362815
21084,52376148,65,362815
21085,52376184,65,362815
21086,52376418,65,362815
21087,52376481,65,362815
21088,52376814,65,362815
21089,52376841,65,362815
21090,52378146,65,362815
21091,52378164,65,362815
21092,52378416,65,362815
21093,52378461,65,362815
21094,52378614,65,362815
21095,52378641,65,362815
21096,52381467,65,362815
21097,52381476,65,362815
21098,52381647,65,362815
21099,52381674,65,362815
21100,52381746,65,362815
21101,52381764,65,362815
21102,52384167,65,362815
21103,52384176,65,362815
21104,52384617,65,362815
21105,52384671,65,362815
21106,52384716,65,362815
21107,52384761,65,362815
21108,52386147,65,362815
21109,52386174,65,362815
21110,52386417,65,362815
21111,52386471,65,362815
21112,52386714,65,362815
21113,52386741,65,362815
21114,52387146,65,362815
21115,52387164,65,362815
21116,52387416,65,362815
21117,52387461,65,362815
21118,52387614,65,362815
21119,52387641,65,362815
21120,52413678,65,362815
21121,52413687,65,362815
21122,52413768,65,362815
21123,52413786,65,362815
21124,52413867,65,362815
21125,52413876,65,362815
21126,52416378,65,362815
21127,52416387,65,362815
21128,52416738,65,362815
21129,52416783,65,362815
21130,52416837,65,362815
21131,52416873,65,362815
21132,52417368,65,362815
21133,52417386,65,362815
21134,52417638,65,362815
21135,52417683,65,362815
21136,52417836,65,362815
21137,52417863,65,362815
21138,52418367,65,362815
21139,52418376,65,362815
21140,52418637,65,362815
21141,52418673,65,362815
21142,52418736,65,362815
21143,52418763,65,362815
21144,52431678,65,362815
21145,52431687,65,362815
21146,52431768,65,362815
21147,52431786,65,362815
21148,52431867,65,362815
21149,52431876,65,362815
21150,52436178,65,362815
21151,52436187,65,362815
21152,52436718,65,362815
21153,52436781,65,362815
21154,52436817,65,362815
21155,52436871,65,362815
21156,52437168,65,362815
21157,52437186,65,362815
21158,52437618,65,362815
21159,52437681,65,362815
21160,52437816,65,362815
21161,52437861,65,362815
21162,52438167,65,362815
21163,52438176,65,362815
21164,52438617,65,362815
21165,52438671,65,362815
21166,52438716,65,362815
21167,52438761,65,362815
21168,52461378,65,362815
21169,52461387,65,362815
21170,52461738,65,362815
21171,52461783,65,362815
21172,52461837,65,362815
21173,52461873,65,362815
21174,52463178,65,362815
21175,52463187,65,362815
21176,52463718,65,362815
21177,52463781,65,362815
21178,52463817,65,362815
21179,52463871,65,362815
21180,52467138,65,362815
21181,52467183,65,362815
21182,52467318,65,362815
21183,52467381,65,362815
21184,52467813,65,362815
21185,52467831,65,362815
21186,52468137,65,362815
21187,52468173,65,362815
21188,52468317,65,362815
21189,52468371,65,362815
21190,52468713,65,362815
21191,52468731,65,362815
21192,52471368,65,362815
21193,52471386,65,362815
21194,52471638,65,362815
21195,52471683,65,362815
21196,52471836,65,362815
21197,52471863,65,362815
21198,52473168,65,362815
21199,52473186,65,362815
21200,52473618,65,362815
21201,52473681,65,362815
21202,52473816,65,362815
21203,52473861,65,362815
21204,52476138,65,362815
21205,52476183,65,362815
21206,52476318,65,362815
21207,52476381,65,362815
21208,52476813,65,362815
21209,52476831,65,362815
21210,52478136,65,362815
21211,52478163,65,362815
21212,52478316,65,362815
21213,52478361,65,362815
21214,52478613,65,362815
21215,52478631,65,362815
21216,52481367,65,362815
21217,52481376,65,362815
21218,52481637,65,362815
21219,52481673,65,362815
21220,52481736,65,362815
21221,52481763,65,362815
21222,52483167,65,362815
21223,52483176,65,362815
21224,52483617,65,362815
21225,52483671,65,362815
21226,52483716,65,362815
21227,52483761,65,362815
21228,52486137,65,362815
21229,52486173,65,362815
21230,52486317,65,362815
21231,52486371,65,362815
21232,52486713,65,362815
21233,52486731,65,362815
21234,52487136,65,362815
21235,52487163,65,362815
21236,52487316,65,362815
21237,52487361,65,362815
21238,52487613,65,362815
21239,52487631,65,362815
21240,52613478,65,362815
21241,52613487,65,362815
21242,52613748,65,362815
21243,52613784,65,362815
21244,52613847,65,362815
21245,52613874,65,362815
21246,52614378,65,362815
21247,52614387,65,362815
21248,52614738,65,362815
21249,52614783,65,362815
21250,52614837,65,362815
21251,52614873,65,362815
21252,52617348,65,362815
21253,52617384,65,362815
21254,52617438,65,362815
21255,52617483,65,362815
21256,52617834,65,362815
21257,52617843,65,362815
21258,52618347,65,362815
21259,52618374,65,362815
21260,52618437,65,362815
21261,52618473,65,362815
21262,52618734,65,362815
21263,52618743,65,362815
21264,52631478,65,362815
21265,52631487,65,362815
21266,52631748,65,362815
21267,52631784,65,362815
21268,52631847,65,362815
21269,52631874,65,362815
21270,52634178,65,362815
21271,52634187,65,362815
21272,52634718,65,362815
21273,52634781,65,362815
21274,52634817,65,362815
21275,52634871,65,362815
21276,52637148,65,362815
21277,52637184,65,362815
21278,52637418,65,362815
21279,52637481,65,362815
21280,52637814,65,362815
21281,52637841,65,362815
21282,52638147,65,362815
21283,52638174,65,362815
21284,52638417,65,362815
21285,52638471,65,362815
21286,52638714,65,362815
21287,52638741,65,362815
21288,52641378,65,362815
21289,52641387,65,362815
21290,52641738,65,362815
21291,52641783,65,362815
21292,52641837,65,362815
21293,52641873,65,362815
21294,52643178,65,362815
21295,52643187,65,362815
21296,52643718,65,362815
21297,52643781,65,362815
21298,52643817,65,362815
21299,52643871,65,362815
21300,52647138,65,362815
21301,52647183,65,362815
21302,52647318,65,362815
21303,52647381,65,362815
21304,52647813,65,362815
21305,52647831,65,362815
21306,52648137,65,362815
21307,52648173,65,362815
21308,52648317,65,362815
21309,52648371,65,362815
21310,52648713,65,362815
21311,52648731,65,362815
21312,52671348,65,362815
21313,52671384,65,362815
21314,52671438,65,362815
21315,52671483,65,362815
21316,52671834,65,362815
21317,52671843,65,362815
21318,52673148,65,362815
21319,52673184,65,362815
21320,52673418,65,362815
21321,52673481,65,362815
21322,52673814,65,362815
21323,52673841,65,362815
21324,52674138,65,362815
21325,52674183,65,362815
21326,52674318,65,362815
21327,52674381,65,362815
21328,52674813,65,362815
21329,52674831,65,362815
21330,52678134,65,362815
21331,52678143,65,362815
21332,52678314,65,362815
21333,52678341,65,362815
21334,52678413,65,362815
21335,52678431,65,362815
21336,52681347,65,362815
21337,52681374,65,362815
21338,52681437,65,362815
21339,52681473,65,362815
21340,52681734,65,362815
21341,52681743,65,362815
21342,52683147,65,362815
21343,52683174,65,362815
21344,52683417,65,362815
21345,52683471,65,362815
21346,52683714,65,362815
21347,52683741,65,362815
21348,52684137,65,362815
21349,52684173,65,362815
21350,52684317,65,362815
21351,52684371,65,362815
21352,52684713,65,362815
21353,52684731,65,362815
21354,52687134,65,362815
21355,52687143,65,362815
21356,52687314,65,362815
21357,52687341,65,362815
21358,52687413,65,362815
21359,52687431,65,362815
21360,52713468,65,362815
21361,52713486,65,362815
21362,52713648,65,362815
21363,52713684,65,362815
21364,52713846,65,362815
21365,52713864,65,362815
21366,52714368,65,362815
21367,52714386,65,362815
21368,52714638,65,362815
21369,52714683,65,362815
21370,52714836,65,362815
21371,52714863,65,362815
21372,52716348,65,362815
21373,52716384,65,362815
21374,52716438,65,362815
21375,52716483,65,362815
21376,52716834,65,362815
21377,52716843,65,362815
21378,52718346,65,362815
21379,52718364,65,362815
21380,52718436,65,362815
21381,52718463,65,362815
21382,52718634,65,362815
21383,52718643,65,362815
21384,52731468,65,362815
21385,52731486,65,362815
21386,52731648,65,362815
21387,52731684,65,362815
21388,52731846,65,362815
21389,52731864,65,362815
21390,52734168,65,362815
21391,52734186,65,362815
21392,52734618,65,362815
21393,52734681,65,362815
21394,52734816,65,362815
21395,52734861,65,362815
21396,52736148,65,362815
21397,52736184,65,362815
21398,52736418,65,362815
21399,52736481,65,362815
21400,52736814,65,362815
21401,52736841,65,362815
21402,52738146,65,362815
21403,52738164,65,362815
21404,52738416,65,362815
21405,52738461,65,362815
21406,52738614,65,362815
21407,52738641,65,362815
21408,52741368,65,362815
21409,52741386,65,362815
21410,52741638,65,362815
21411,52741683,65,362815
21412,52741836,65,362815
21413,52741863,65,362815
21414,52743168,65,362815
21415,52743186,65,362815
21416,52743618,65,362815
21417,52743681,65,362815
21418,52743816,65,362815
21419,52743861,65,362815
21420,52746138,65,362815
21421,52746183,65,362815
21422,52746318,65,362815
21423,52746381,65,362815
21424,52746813,65,362815
21425,52746831,65,362815
21426,52748136,65,362815
21427,52748163,65,362815
21428,52748316,65,362815
21429,52748361,65,362815
21430,52748613,65,362815
21431,52748631,65,362815
21432,52761348,65,362815
21433,52761384,65,362815
21434,52761438,65,362815
21435,52761483,65,362815
21436,52761834,65,362815
21437,52761843,65,362815
21438,52763148,65,362815
21439,52763184,65,362815
21440,52763418,65,362815
21441,52763481,65,362815
21442,52763814,65,362815
21443,52763841,65,362815
21444,52764138,65,362815
21445,52764183,65,362815
21446,52764318,65,362815
21447,52764381,65,362815
21448,52764813,65,362815
21449,52764831,65,362815
21450,52768134,65,362815
21451,52768143,65,362815
21452,52768314,65,362815
21453,52768341,65,362815
21454,52768413,65,362815
21455,52768431,65,362815
21456,52781346,65,362815
21457,52781364,65,362815
21458,52781436,65,362815
21459,52781463,65,362815
21460,52781634,65,362815
21461,52781643,65,362815
21462,52783146,65,362815
21463,52783164,65,362815
21464,52783416,65,362815
21465,52783461,65,362815
21466,52783614,65,362815
21467,52783641,65,362815
21468,52784136,65,362815
21469,52784163,65,362815
21470,52784316,65,362815
21471,52784361,65,362815
21472,52784613,65,362815
21473,52784631,65,362815
21474,52786134,65,362815
21475,52786143,65,362815
21476,52786314,65,362815
21477,52786341,65,362815
21478,52786413,65,362815
21479,52786431,65,362815
21480,52813467,65,362815
21481,52813476,65,362815
21482,52813647,65,362815
21483,52813674,65,362815
21484,52813746,65,362815
21485,52813764,65,362815
21486,52814367,65,362815
21487,52814376,65,362815
21488,52814637,65,362815
21489,52814673,65,362815
21490,52814736,65,362815
21491,52814763,65,362815
21492,52816347,65,362815
21493,52816374,65,362815
21494,52816437,65,362815
21495,52816473,65,362815
21496,52816734,65,362815
21497,52816743,65,362815
21498,52817346,65,362815
21499,52817364,65,362815
21500,52817436,65,362815
21501,52817463,65,362815
21502,52817634,65,362815
21503,52817643,65,362815
21504,52831467,65,362815
21505,52831476,65,362815
21506,52831647,65,362815
21507,52831674,65,362815
21508,52831746,65,362815
21509,52831764,65,362815
21510,52834167,65,362815
21511,52834176,65,362815
21512,52834617,65,362815
21513,52834671,65,362815
21514,52834716,65,362815
21515,52834761,65,362815
21516,52836147,65,362815
21517,52836174,65,362815
21518,52836417,65,362815
21519,52836471,65,362815
21520,52836714,65,362815
21521,52836741,65,362815
21522,52837146,65,362815
21523,52837164,65,362815
21524,52837416,65,362815
21525,52837461,65,362815
21526,52837614,65,362815
21527,52837641,65,362815
21528,52841367,65,362815
21529,52841376,65,362815
21530,52841637,65,362815
21531,52841673,65,362815
21532,52841736,65,362815
21533,52841763,65,362815
21534,52843167,65,362815
21535,52843176,65,362815
21536,52843617,65,362815
21537,52843671,65,362815
21538,52843716,65,362815
21539,52843761,65,362815
21540,52846137,65,362815
21541,52846173,65,362815
21542,52846317,65,362815
21543,52846371,65,362815
21544,52846713,65,362815
21545,52846731,65,362815
21546,52847136,65,362815
21547,52847163,65,362815
21548,52847316,65,362815
21549,52847361,65,362815
21550,52847613,65,362815
21551,52847631,65,362815
21552,52861347,65,362815
21553,52861374,65,362815
21554,52861437,65,362815
21555,52861473,65,362815
21556,52861734,65,362815
21557,52861743,65,362815
21558,52863147,65,362815
21559,52863174,65,362815
21560,52863417,65,362815
21561,52863471,65,362815
21562,52863714,65,362815
21563,52863741,65,362815
21564,52864137,65,362815
21565,52864173,65,362815
21566,52864317,65,362815
21567,52864371,65,362815
21568,52864713,65,362815
21569,52864731,65,362815
21570,52867134,65,362815
21571,52867143,65,362815
21572,52867314,65,362815
21573,52867341,65,362815
21574,52867413,65,362815
21575,52867431,65,362815
21576,52871346,65,362815
21577,52871364,65,362815
21578,52871436,65,362815
21579,52871463,65,362815
21580,52871634,65,362815
21581,52871643,65,362815
21582,52873146,65,362815
21583,52873164,65,362815
21584,52873416,65,362815
21585,52873461,65,362815
21586,52873614,65,362815
21587,52873641,65,362815
21588,52874136,65,362815
21589,52874163,65,362815
21590,52874316,65,362815
21591,52874361,65,362815
21592,52874613,65,362815
21593,52874631,65,362815
21594,52876134,65,362815
21595,52876143,65,362815
21596,52876314,65,362815
21597,52876341,65,362815
21598,52876413,65,362815
21599,52876431,65,362815
21600,53124678,65,362815
21601,53124687,65,362815
21602,53124768,65,362815
21603,53124786,65,362815
21604,53124867,65,362815
21605,53124876,65,362815
21606,53126478,65,362815
21607,53126487,65,362815
21608,53126748,65,362815
21609,53126784,65,362815
21610,53126847,65,362815
21611,53126874,65,362815
21612,53127468,65,362815
21613,53127486,65,362815
21614,53127648,65,362815
21615,53127684,65,362815
21616,53127846,65,362815
21617,53127864,65,362815
21618,53128467,65,362815
21619,53128476,65,362815
21620,53128647,65,362815
21621,53128674,65,362815
21622,53128746,65,362815
21623,53128764,65,362815
21624,53142678,65,362815
21625,53142687,65,362815
21626,53142768,65,362815
21627,53142786,65,362815
21628,53142867,65,362815
21629,53142876,65,362815
21630,53146278,65,362815
21631,53146287,65,362815
21632,53146728,65,362815
21633,53146782,65,362815
21634,53146827,65,362815
21635,53146872,65,362815
21636,53147268,65,362815
21637,53147286,65,362815
21638,53147628,65,362815
21639,53147682,65,362815
21640,53147826,65,362815
21641,53147862,65,362815
21642,53148267,65,362815
21643,53148276,65,362815
21644,53148627,65,362815
21645,53148672,65,362815
21646,53148726,65,362815
21647,53148762,65,362815
21648,53162478,65,362815
21649,53162487,65,362815
21650,53162748,65,362815
21651,53162784,65,362815
21652,53162847,65,362815
21653,53162874,65,362815
21654,53164278,65,362815
21655,53164287,65,362815
21656,53164728,65,362815
21657,53164782,65,362815
21658,53164827,65,362815
21659,53164872,65,362815
21660,53167248,65,362815
21661,53167284,65,362815
21662,53167428,65,362815
21663,53167482,65,362815
21664,53167824,65,362815
21665,53167842,65,362815
21666,53168247,65,362815
21667,53168274,65,362815
21668,53168427,65,362815
21669,53168472,65,362815
21670,53168724,65,362815
21671,53168742,65,362815
21672,53172468,65,362815
21673,53172486,65,362815
21674,53172648,65,362815
21675,53172684,65,362815
21676,53172846,65,362815
21677,53172864,65,362815
21678,53174268,65,362815
21679,53174286,65,362815
21680,53174628,65,362815
21681,53174682,65,362815
21682,53174826,65,362815
21683,53174862,65,362815
21684,53176248,65,362815
21685,53176284,65,362815
21686,53176428,65,362815
21687,53176482,65,362815
21688,53176824,65,362815
21689,53176842,65,362815
21690,53178246,65,362815
21691,53178264,65,362815
21692,53178426,65,362815
21693,53178462,65,362815
21694,53178624,65,362815
21695,53178642,65,362815
21696,53182467,65,362815
21697,53182476,65,362815
21698,53182647,65,362815
21699,53182674,65,362815
21700,53182746,65,362815
21701,53182764,65,362815
21702,53184267,65,362815
21703,53184276,65,362815
21704,53184627,65,362815
21705,53184672,65,362815
21706,53184726,65,362815
21707,53184762,65,362815
21708,53186247,65,362815
21709,53186274,65,362815
21710,53186427,65,362815
21711,53186472,65,362815
21712,53186724,65,362815
21713,53186742,65,362815
21714,53187246,65,362815
21715,53187264,65,362815
21716,53187426,65,362815
21717,53187462,65,362815
21718,53187624,65,362815
21719,53187642,65,362815
21720,53214678,65,362815
21721,53214687,65,362815
21722,53214768,65,362815
21723,53214786,65,362815
21724,53214867,65,362815
21725,53214876,65,362815
21726,53216478,65,362815
21727,53216487,65,362815
21728,53216748,65,362815
21729,53216784,65,362815
21730,53216847,65,362815
21731,53216874,65,362815
21732,53217468,65,362815
21733,53217486,65,362815
21734,53217648,65,362815
21735,53217684,65,362815
21736,53217846,65,362815
21737,53217864,65,362815
21738,53218467,65,362815
21739,53218476,65,362815
21740,53218647,65,362815
21741,53218674,65,362815
21742,53218746,65,362815
21743,53218764,65,362815
21744,53241678,65,362815
21745,53241687,65,362815
21746,53241768,65,362815
21747,53241786,65,362815
21748,53241867,65,362815
21749,53241876,65,362815
21750,53246178,65,362815
21751,53246187,65,362815
21752,53246718,65,362815
21753,53246781,65,362815
21754,53246817,65,362815
21755,53246871,65,362815
21756,53247168,65,362815
21757,53247186,65,362815
21758,53247618,65,362815
21759,53247681,65,362815
21760,53247816,65,362815
21761,53247861,65,362815
21762,53248167,65,362815
21763,53248176,65,362815
21764,53248617,65,362815
21765,53248671,65,362815
21766,53248716,65,362815
21767,53248761,65,362815
21768,53261478,65,362815
21769,53261487,65,362815
21770,53261748,65,362815
21771,53261784,65,362815
21772,53261847,65,362815
21773,53261874,65,362815
21774,53264178,65,362815
21775,53264187,65,362815
21776,53264718,65,362815
21777,53264781,65,362815
21778,53264817,65,362815
21779,53264871,65,362815
21780,53267148,65,362815
21781,53267184,65,362815
21782,53267418,65,362815
21783,53267481,65,362815
21784,53267814,65,362815
21785,53267841,65,362815
21786,53268147,65,362815
21787,53268174,65,362815
21788,53268417,65,362815
21789,53268471,65,362815
21790,53268714,65,362815
21791,53268741,65,362815
21792,53271468,65,362815
21793,53271486,65,362815
21794,53271648,65,362815
21795,53271684,65,362815
21796,53271846,65,362815
21797,53271864,65,362815
21798,53274168,65,362815
21799,53274186,65,362815
21800,53274618,65,362815
21801,53274681,65,362815
21802,53274816,65,362815
21803,53274861,65,362815
21804,53276148,65,362815
21805,53276184,65,362815
21806,53276418,65,362815
21807,53276481,65,362815
21808,53276814,65,362815
21809,53276841,65,362815
21810,53278146,65,362815
21811,53278164,65,362815
21812,53278416,65,362815
21813,53278461,65,362815
21814,53278614,65,362815
21815,53278641,65,362815
21816,53281467,65,362815
21817,53281476,65,362815
21818,53281647,65,362815
21819,53281674,65,362815
21820,53281746,65,362815
21821,53281764,65,362815
21822,53284167,65,362815
21823,53284176,65,362815
21824,53284617,65,362815
21825,53284671,65,362815
21826,53284716,65,362815
21827,53284761,65,362815
21828,53286147,65,362815
21829,53286174,65,362815
21830,53286417,65,362815
21831,53286471,65,362815
21832,53286714,65,362815
21833,53286741,65,362815
21834,53287146,65,362815
21835,53287164,65,362815
21836,53287416,65,362815
21837,53287461,65,362815
21838,53287614,65,362815
21839,53287641,65,362815
21840,53412678,65,362815
21841,53412687,65,362815
21842,53412768,65,362815
21843,53412786,65,362815
21844,53412867,65,362815
21845,53412876,65,362815
21846,53416278,65,362815
21847,53416287,65,362815
21848,53416728,65,362815
21849,53416782,65,362815
21850,53416827,65,362815
21851,53416872,65,362815
21852,53417268,65,362815
21853,53417286,65,362815
21854,53417628,65,362815
21855,53417682,65,362815
21856,53417826,65,362815
21857,53417862,65,362815
21858,53418267,65,362815
21859,53418276,65,362815
21860,53418627,65,362815
21861,53418672,65,362815
21862,53418726,65,362815
21863,53418762,65,362815
21864,53421678,65,362815
21865,53421687,65,362815
21866,53421768,65,362815
21867,53421786,65,362815
21868,53421867,65,362815
21869,53421876,65,362815
21870,53426178,65,362815
21871,53426187,65,362815
21872,53426718,65,362815
21873,53426781,65,362815
21874,53426817,65,362815
21875,53426871,65,362815
21876,53427168,65,362815
21877,53427186,65,362815
21878,53427618,65,362815
21879,53427681,65,362815
21880,53427816,65,362815
21881,53427861,65,362815
21882,53428167,65,362815
21883,53428176,65,362815
21884,53428617,65,362815
21885,53428671,65,362815
21886,53428716,65,362815
21887,53428761,65,362815
21888,53461278,65,362815
21889,53461287,65,362815
21890,53461728,65,362815
21891,53461782,65,362815
21892,53461827,65,362815
21893,53461872,65,362815
21894,53462178,65,362815
21895,53462187,65,362815
21896,53462718,65,362815
21897,53462781,65,362815
21898,53462817,65,362815
21899,53462871,65,362815
21900,53467128,65,362815
21901,53467182,65,362815
21902,53467218,65,362815
21903,53467281,65,362815
21904,53467812,65,362815
21905,53467821,65,362815
21906,53468127,65,362815
21907,53468172,65,362815
21908,53468217,65,362815
21909,53468271,65,362815
21910,53468712,65,362815
21911,53468721,65,362815
21912,53471268,65,362815
21913,53471286,65,362815
21914,53471628,65,362815
21915,53471682,65,362815
21916,53471826,65,362815
21917,53471862,65,362815
21918,53472168,65,362815
21919,53472186,65,362815
21920,53472618,65,362815
21921,53472681,65,362815
21922,53472816,65,362815
21923,53472861,65,362815
21924,53476128,65,362815
21925,53476182,65,362815
21926,53476218,65,362815
21927,53476281,65,362815
21928,53476812,65,362815
21929,53476821,65,362815
21930,53478126,65,362815
21931,53478162,65,362815
21932,53478216,65,362815
21933,53478261,65,362815
21934,53478612,65,362815
21935,53478621,65,362815
21936,53481267,65,362815
21937,53481276,65,362815
21938,53481627,65,362815
21939,53481672,65,362815
21940,53481726,65,362815
21941,53481762,65,362815
21942,53482167,65,362815
21943,53482176,65,362815
21944,53482617,65,362815
21945,53482671,65,362815
21946,53482716,65,362815
21947,53482761,65,362815
21948,53486127,65,362815
21949,53486172,65,362815
21950,53486217,65,362815
21951,53486271,65,362815
21952,53486712,65,362815
21953,53486721,65,362815
21954,53487126,65,362815
21955,53487162,65,362815
21956,53487216,65,362815
21957,53487261,65,362815
21958,53487612,65,362815
21959,53487621,65,362815
21960,53612478,65,362815
21961,53612487,65,362815
21962,53612748,65,362815
21963,53612784,65,362815
21964,53612847,65,362815
21965,53612874,65,362815
21966,53614278,65,362815
21967,53614287,65,362815
21968,53614728,65,362815
21969,53614782,65,362815
21970,53614827,65,362815
21971,53614872,65,362815
21972,53617248,65,362815
21973,53617284,65,362815
21974,53617428,65,362815
21975,53617482,65,362815
21976,53617824,65,362815
21977,53617842,65,362815
21978,53618247,65,362815
21979,53618274,65,362815
21980,53618427,65,362815
21981,53618472,65,362815
21982,53618724,65,362815
21983,53618742,65,362815
21984,53621478,65,362815
21985,53621487,65,362815
21986,53621748,65,362815
21987,53621784,65,362815
21988,53621847,65,362815
21989,53621874,65,362815
21990,53624178,65,362815
21991,53624187,65,362815
21992,53624718,65,362815
21993,53624781,65,362815
21994,53624817,65,362815
21995,53624871,65,362815
21996,53627148,65,362815
21997,53627184,65,362815
21998,53627418,65,362815
21999,53627481,65,362815
22000,53627814,65,362815
22001,53627841,65,362815
22002,53628147,65,362815
22003,53628174,65,362815
22004,53628417,65,362815
22005,53628471,65,362815
22006,53628714,65,362815
22007,53628741,65,362815
22008,53641278,65,362815
22009,53641287,65,362815
22010,53641728,65,362815
22011,53641782,65,362815
22012,53641827,65,362815
22013,53641872,65,362815
22014,53642178,65,362815
22015,53642187,65,362815
22016,53642718,65,362815
22017,53642781,65,362815
22018,53642817,65,362815
22019,53642871,65,362815
22020,53647128,65,362815
22021,53647182,65,362815
22022,53647218,65,362815
22023,53647281,65,362815
22024,53647812,65,362815
22025,53647821,65,362815
22026,53648127,65,362815
22027,53648172,65,362815
22028,53648217,65,362815
22029,53648271,65,362815
22030,53648712,65,362815
22031,53648721,65,362815
22032,53671248,65,362815
22033,53671284,65,362815
22034,53671428,65,362815
22035,53671482,65,362815
22036,53671824,65,362815
22037,53671842,65,362815
22038,53672148,65,362815
22039,53672184,65,362815
22040,53672418,65,362815
22041,53672481,65,362815
22042,53672814,65,362815
22043,53672841,65,362815
22044,53674128,65,362815
22045,53674182,65,362815
22046,53674218,65,362815
22047,53674281,65,362815
22048,53674812,65,362815
22049,53674821,65,362815
22050,53678124,65,362815
22051,53678142,65,362815
22052,53678214,65,362815
22053,53678241,65,362815
22054,53678412,65,362815
22055,53678421,65,362815
22056,53681247,65,362815
22057,53681274,65,362815
22058,53681427,65,362815
22059,53681472,65,362815
22060,53681724,65,362815
22061,53681742,65,362815
22062,53682147,65,362815
22063,53682174,65,362815
22064,53682417,65,362815
22065,53682471,65,362815
22066,53682714,65,362815
22067,53682741,65,362815
22068,53684127,65,362815
22069,53684172,65,362815
22070,53684217,65,362815
22071,53684271,65,362815
22072,53684712,65,362815
22073,53684721,65,362815
22074,53687124,65,362815
22075,53687142,65,362815
22076,53687214,65,362815
22077,53687241,65,362815
22078,53687412,65,362815
22079,53687421,65,362815
22080,53712468,65,362815
22081,53712486,65,362815
22082,53712648,65,362815
22083,53712684,65,362815
22084,53712846,65,362815
22085,53712864,65,362815
22086,53714268,65,362815
22087,53714286,65,362815
22088,53714628,65,362815
22089,53714682,65,362815
22090,53714826,65,362815
22091,53714862,65,362815
22092,53716248,65,362815
22093,53716284,65,362815
22094,53716428,65,362815
22095,53716482,65,362815
22096,53716824,65,362815
22097,53716842,65,362815
22098,53718246,65,362815
22099,53718264,65,362815
22100,53718426,65,362815
22101,53718462,65,362815
22102,53718624,65,362815
22103,53718642,65,362815
22104,53721468,65,362815
22105,53721486,65,362815
22106,53721648,65,362815
22107,53721684,65,362815
22108,53721846,65,362815
22109,53721864,65,362815
22110,53724168,65,362815
22111,53724186,65,362815
22112,53724618,65,362815
22113,53724681,65,362815
22114,53724816,65,362815
22115,53724861,65,362815
22116,53726148,65,362815
22117,53726184,65,362815
22118,53726418,65,362815
22119,53726481,65,362815
22120,53726814,65,362815
22121,53726841,65,362815
22122,53728146,65,362815
22123,53728164,65,362815
22124,53728416,65,362815
22125,53728461,65,362815
22126,53728614,65,362815
22127,53728641,65,362815
22128,53741268,65,362815
22129,53741286,65,362815
22130,53741628,65,362815
22131,53741682,65,362815
22132,53741826,65,362815
22133,53741862,65,362815
22134,53742168,65,362815
22135,53742186,65,362815
22136,53742618,65,362815
22137,53742681,65,362815
22138,53742816,65,362815
22139,53742861,65,362815
22140,53746128,65,362815
22141,53746182,65,362815
22142,53746218,65,362815
22143,53746281,65,362815
22144,53746812,65,362815
22145,53746821,65,362815
22146,53748126,65,362815
22147,53748162,65,362815
22148,53748216,65,362815
22149,53748261,65,362815
22150,53748612,65,362815
22151,53748621,65,362815
22152,53761248,65,362815
22153,53761284,65,362815
22154,53761428,65,362815
22155,53761482,65,362815
22156,53761824,65,362815
22157,53761842,65,362815
22158,53762148,65,362815
22159,53762184,65,362815
22160,53762418,65,362815
22161,53762481,65,362815
22162,53762814,65,362815
22163,53762841,65,362815
22164,53764128,65,362815
22165,53764182,65,362815
22166,53764218,65,362815
22167,53764281,65,362815
22168,53764812,65,362815
22169,53764821,65,362815
22170,53768124,65,362815
22171,53768142,65,362815
22172,53768214,65,362815
22173,53768241,65,362815
22174,53768412,65,362815
22175,53768421,65,362815
22176,53781246,65,362815
22177,53781264,65,362815
22178,53781426,65,362815
22179,53781462,65,362815
22180,53781624,65,362815
22181,53781642,65,362815
22182,53782146,65,362815
22183,53782164,65,362815
22184,53782416,65,362815
22185,53782461,65,362815
22186,53782614,65,362815
22187,53782641,65,362815
22188,53784126,65,362815
22189,53784162,65,362815
22190,53784216,65,362815
22191,53784261,65,362815
22192,53784612,65,362815
22193,53784621,65,362815
22194,53786124,65,362815
22195,53786142,65,362815
22196,53786214,65,362815
22197,53786241,65,362815
22198,53786412,65,362815
22199,53786421,65,362815
22200,53812467,65,362815
22201,53812476,65,362815
22202,53812647,65,362815
22203,53812674,65,362815
22204,53812746,65,362815
22205,53812764,65,362815
22206,53814267,65,362815
22207,53814276,65,362815
22208,53814627,65,362815
22209,53814672,65,362815
22210,53814726,65,362815
22211,53814762,65,362815
22212,53816247,65,362815
22213,53816274,65,362815
22214,53816427,65,362815
22215,53816472,65,362815
22216,53816724,65,362815
22217,53816742,65,362815
22218,53817246,65,362815
22219,53817264,65,362815
22220,53817426,65,362815
22221,53817462,65,362815
22222,53817624,65,362815
22223,53817642,65,362815
22224,53821467,65,362815
22225,53821476,65,362815
22226,53821647,65,362815
22227,53821674,65,362815
22228,53821746,65,362815
22229,53821764,65,362815
22230,53824167,65,362815
22231,53824176,65,362815
22232,53824617,65,362815
22233,53824671,65,362815
22234,53824716,65,362815
22235,53824761,65,362815
22236,53826147,65,362815
22237,53826174,65,362815
22238,53826417,65,362815
22239,53826471,65,362815
22240,53826714,65,362815
22241,53826741,65,362815
22242,53827146,65,362815
22243,53827164,65,362815
22244,53827416,65,362815
22245,53827461,65,362815
22246,53827614,65,362815
22247,53827641,65,362815
22248,53841267,65,362815
22249,53841276,65,362815
22250,53841627,65,362815
22251,53841672,65,362815
22252,53841726,65,362815
22253,53841762,65,362815
22254,53842167,65,362815
22255,53842176,65,362815
22256,53842617,65,362815
22257,53842671,65,362815
22258,53842716,65,362815
22259,53842761,65,362815
22260,53846127,65,362815
22261,53846172,65,362815
22262,53846217,65,362815
22263,53846271,65,362815
22264,53846712,65,362815
22265,53846721,65,362815
22266,53847126,65,362815
22267,53847162,65,362815
22268,53847216,65,362815
22269,53847261,65,362815
22270,53847612,65,362815
22271,53847621,65,362815
22272,53861247,65,362815
22273,53861274,65,362815
22274,53861427,65,362815
22275,53861472,65,362815
22276,53861724,65,362815
22277,53861742,65,362815
22278,53862147,65,362815
22279,53862174,65,362815
22280,53862417,65,362815
22281,53862471,65,362815
22282,53862714,65,362815
22283,53862741,65,362815
22284,53864127,65,362815
22285,53864172,65,362815
22286,53864217,65,362815
22287,53864271,65,362815
22288,53864712,65,362815
22289,53864721,65,362815
22290,53867124,65,362815
22291,53867142,65,362815
22292,53867214,65,362815
22293,53867241,65,362815
22294,53867412,65,362815
22295,53867421,65,362815
22296,53871246,65,362815
22297,53871264,65,362815
22298,53871426,65,362815
22299,53871462,65,362815
22300,53871624,65,362815
22301,53871642,65,362815
22302,53872146,65,362815
22303,53872164,65,362815
22304,53872416,65,362815
22305,53872461,65,362815
22306,53872614,65,362815
22307,53872641,65,362815
22308,53874126,65,362815
22309,53874162,65,362815
22310,53874216,65,362815
22311,53874261,65,362815
22312,53874612,65,362815
22313,53874621,65,362815
22314,53876124,65,362815
22315,53876142,65,362815
22316,53876214,65,362815
22317,53876241,65,362815
22318,53876412,65,362815
22319,53876421,65,362815
22320,54123678,65,362815
22321,54123687,65,362815
22322,54123768,65,362815
22323,54123786,65,362815
22324,54123867,65,362815
22325,54123876,65,362815
22326,54126378,65,362815
22327,54126387,65,362815
22328,54126738,65,362815
22329,54126783,65,362815
22330,54126837,65,362815
22331,54126873,65,362815
22332,54127368,65,362815
22333,54127386,65,362815
22334,54127638,65,362815
22335,54127683,65,362815
22336,54127836,65,362815
22337,54127863,65,362815
22338,54128367,65,362815
22339,54128376,65,362815
22340,54128637,65,362815
22341,54128673,65,362815
22342,54128736,65,362815
22343,54128763,65,362815
22344,54132678,65,362815
22345,54132687,65,362815
22346,54132768,65,362815
22347,54132786,65,362815
22348,54132867,65,362815
22349,54132876,65,362815
22350,54136278,65,362815
22351,54136287,65,362815
22352,54136728,65,362815
22353,54136782,65,362815
22354,54136827,65,362815
22355,54136872,65,362815
22356,54137268,65,362815
22357,54137286,65,362815
22358,54137628,65,362815
22359,54137682,65,362815
22360,54137826,65,362815
22361,54137862,65,362815
22362,54138267,65,362815
22363,54138276,65,362815
22364,54138627,65,362815
22365,54138672,65,362815
22366,54138726,65,362815
22367,54138762,65,362815
22368,54162378,65,362815
22369,54162387,65,362815
22370,54162738,65,362815
22371,54162783,65,362815
22372,54162837,65,362815
22373,54162873,65,362815
22374,54163278,65,362815
22375,54163287,65,362815
22376,54163728,65,362815
22377,54163782,65,362815
22378,54163827,65,362815
22379,54163872,65,362815
22380,54167238,65,362815
22381,54167283,65,362815
22382,54167328,65,362815
22383,54167382,65,362815
22384,54167823,65,362815
22385,54167832,65,362815
22386,54168237,65,362815
22387,54168273,65,362815
22388,54168327,65,362815
22389,54168372,65,362815
22390,54168723,65,362815
22391,54168732,65,362815
22392,54172368,65,362815
22393,54172386,65,362815
22394,54172638,65,362815
22395,54172683,65,362815
22396,54172836,65,362815
22397,54172863,65,362815
22398,54173268,65,362815
22399,54173286,65,362815
22400,54173628,65,362815
22401,54173682,65,362815
22402,54173826,65,362815
22403,54173862,65,362815
22404,54176238,65,362815
22405,54176283,65,362815
22406,54176328,65,362815
22407,54176382,65,362815
22408,54176823,65,362815
22409,54176832,65,362815
22410,54178236,65,362815
22411,54178263,65,362815
22412,54178326,65,362815
22413,54178362,65,362815
22414,54178623,65,362815
22415,54178632,65,362815
22416,54182367,65,362815
22417,54182376,65,362815
22418,54182637,65,362815
22419,54182673,65,362815
22420,54182736,65,362815
22421,54182763,65,362815
22422,54183267,65,362815
22423,54183276,65,362815
22424,54183627,65,362815
22425,54183672,65,362815
22426,54183726,65,362815
22427,54183762,65,362815
22428,54186237,65,362815
22429,54186273,65,362815
22430,54186327,65,362815
22431,54186372,65,362815
22432,54186723,65,362815
22433,54186732,65,362815
22434,54187236,65,362815
22435,54187263,65,362815
22436,54187326,65,362815
22437,54187362,65,362815
22438,54187623,65,362815
22439,54187632,65,362815
22440,54213678,65,362815
22441,54213687,65,362815
22442,54213768,65,362815
22443,54213786,65,362815
22444,54213867,65,362815
22445,54213876,65,362815
22446,54216378,65,362815
22447,54216387,65,362815
22448,54216738,65,362815
22449,54216783,65,362815
22450,54216837,65,362815
22451,54216873,65,362815
22452,54217368,65,362815
22453,54217386,65,362815
22454,54217638,65,362815
22455,54217683,65,362815
22456,54217836,65,362815
22457,54217863,65,362815
22458,54218367,65,362815
22459,54218376,65,362815
22460,54218637,65,362815
22461,54218673,65,362815
22462,54218736,65,362815
22463,54218763,65,362815
22464,54231678,65,362815
22465,54231687,65,362815
22466,54231768,65,362815
22467,54231786,65,362815
22468,54231867,65,362815
22469,54231876,65,362815
22470,54236178,65,362815
22471,54236187,65,362815
22472,54236718,65,362815
22473,54236781,65,362815
22474,54236817,65,362815
22475,54236871,65,362815
22476,54237168,65,362815
22477,54237186,65,362815
22478,54237618,65,362815
22479,54237681,65,362815
22480,54237816,65,362815
22481,54237861,65,362815
22482,54238167,65,362815
22483,54238176,65,362815
22484,54238617,65,362815
22485,54238671,65,362815
22486,54238716,65,362815
22487,54238761,65,362815
22488,54261378,65,362815
22489,54261387,65,362815
22490,54261738,65,362815
22491,54261783,65,362815
22492,54261837,65,362815
22493,54261873,65,362815
22494,54263178,65,362815
22495,54263187,65,362815
22496,54263718,65,362815
22497,54263781,65,362815
22498,54263817,65,362815
22499,54263871,65,362815
22500,54267138,65,362815
22501,54267183,65,362815
22502,54267318,65,362815
22503,54267381,65,362815
22504,54267813,65,362815
22505,54267831,65,362815
22506,54268137,65,362815
22507,54268173,65,362815
22508,54268317,65,362815
22509,54268371,65,362815
22510,54268713,65,362815
22511,54268731,65,362815
22512,54271368,65,362815
22513,54271386,65,362815
22514,54271638,65,362815
22515,54271683,65,362815
22516,54271836,65,362815
22517,54271863,65,362815
22518,54273168,65,362815
22519,54273186,65,362815
22520,54273618,65,362815
22521,54273681,65,362815
22522,54273816,65,362815
22523,54273861,65,362815
22524,54276138,65,362815
22525,54276183,65,362815
22526,54276318,65,362815
22527,54276381,65,362815
22528,54276813,65,362815
22529,54276831,65,362815
22530,54278136,65,362815
22531,54278163,65,362815
22532,54278316,65,362815
22533,54278361,65,362815
22534,54278613,65,362815
22535,54278631,65,362815
22536,54281367,65,362815
22537,54281376,65,362815
22538,54281637,65,362815
22539,54281673,65,362815
22540,54281736,65,362815
22541,54281763,65,362815
22542,54283167,65,362815
22543,54283176,65,362815
22544,54283617,65,362815
22545,54283671,65,362815
22546,54283716,65,362815
22547,54283761,65,362815
22548,54286137,65,362815
22549,54286173,65,362815
22550,54286317,65,362815
22551,54286371,65,362815
22552,54286713,65,362815
22553,54286731,65,362815
22554,54287136,65,362815
22555,54287163,65,362815
22556,54287316,65,362815
22557,54287361,65,362815
22558,54287613,65,362815
22559,54287631,65,362815
22560,54312678,65,362815
22561,54312687,65,362815
22562,54312768,65,362815
22563,54312786,65,362815
22564,54312867,65,362815
22565,54312876,65,362815
22566,54316278,65,362815
22567,54316287,65,362815
22568,54316728,65,362815
22569,54316782,65,362815
22570,54316827,65,362815
22571,54316872,65,362815
22572,54317268,65,362815
22573,54317286,65,362815
22574,54317628,65,362815
22575,54317682,65,362815
22576,54317826,65,362815
22577,54317862,65,362815
22578,54318267,65,362815
22579,54318276,65,362815
22580,54318627,65,362815
22581,54318672,65,362815
22582,54318726,65,362815
22583,54318762,65,362815
22584,54321678,65,362815
22585,54321687,65,362815
22586,54321768,65,362815
22587,54321786,65,362815
22588,54321867,65,362815
22589,54321876,65,362815
22590,54326178,65,362815
22591,54326187,65,362815
22592,54326718,65,362815
22593,54326781,65,362815
22594,54326817,65,362815
22595,54326871,65,362815
22596,54327168,65,362815
22597,54327186,65,362815
22598,54327618,65,362815
22599,54327681,65,362815
22600,54327816,65,362815
22601,54327861,65,362815
22602,54328167,65,362815
22603,54328176,65,362815
22604,54328617,65,362815
22605,54328671,65,362815
22606,54328716,65,362815
22607,54328761,65,362815
22608,54361278,65,362815
22609,54361287,65,362815
22610,54361728,65,362815
22611,54361782,65,362815
22612,54361827,65,362815
22613,54361872,65,362815
22614,54362178,65,362815
22615,54362187,65,362815
22616,54362718,65,362815
22617,54362781,65,362815
22618,54362817,65,362815
22619,54362871,65,362815
22620,54367128,65,362815
22621,54367182,65,362815
22622,54367218,65,362815
22623,54367281,65,362815
22624,54367812,65,362815
22625,54367821,65,362815
22626,54368127,65,362815
22627,54368172,65,362815
22628,54368217,65,362815
22629,54368271,65,362815
22630,54368712,65,362815
22631,54368721,65,362815
22632,54371268,65,362815
22633,54371286,65,362815
22634,54371628,65,362815
22635,54371682,65,362815
22636,54371826,65,362815
22637,54371862,65,362815
22638,54372168,65,362815
22639,54372186,65,362815
22640,54372618,65,362815
22641,54372681,65,362815
22642,54372816,65,362815
22643,54372861,65,362815
22644,54376128,65,362815
22645,54376182,65,362815
22646,54376218,65,362815
22647,54376281,65,362815
22648,54376812,65,362815
22649,54376821,65,362815
22650,54378126,65,362815
22651,54378162,65,362815
22652,54378216,65,362815
22653,54378261,65,362815
22654,54378612,65,362815
22655,54378621,65,362815
22656,54381267,65,362815
22657,54381276,65,362815
22658,54381627,65,362815
22659,54381672,65,362815
22660,54381726,65,362815
22661,54381762,65,362815
22662,54382167,65,362815
22663,54382176,65,362815
22664,54382617,65,362815
22665,54382671,65,362815
22666,54382716,65,362815
22667,54382761,65,362815
22668,54386127,65,362815
22669,54386172,65,362815
22670,54386217,65,362815
22671,54386271,65,362815
22672,54386712,65,362815
22673,54386721,65,362815
22674,54387126,65,362815
22675,54387162,65,362815
22676,54387216,65,362815
22677,54387261,65,362815
22678,54387612,65,362815
22679,54387621,65,362815
22680,54612378,65,362815
22681,54612387,65,362815
22682,54612738,65,362815
22683,54612783,65,362815
22684,54612837,65,362815
22685,54612873,65,362815
22686,54613278,65,362815
22687,54613287,65,362815
22688,54613728,65,362815
22689,54613782,65,362815
22690,54613827,65,362815
22691,54613872,65,362815
22692,54617238,65,362815
22693,54617283,65,362815
22694,54617328,65,362815
22695,54617382,65,362815
22696,54617823,65,362815
22697,54617832,65,362815
22698,54618237,65,362815
22699,54618273,65,362815
22700,54618327,65,362815
22701,54618372,65,362815
22702,54618723,65,362815
22703,54618732,65,362815
22704,54621378,65,362815
22705,54621387,65,362815
22706,54621738,65,362815
22707,54621783,65,362815
22708,54621837,65,362815
22709,54621873,65,362815
22710,54623178,65,362815
22711,54623187,65,362815
22712,54623718,65,362815
22713,54623781,65,362815
22714,54623817,65,362815
22715,54623871,65,362815
22716,54627138,65,362815
22717,54627183,65,362815
22718,54627318,65,362815
22719,54627381,65,362815
22720,54627813,65,362815
22721,54627831,65,362815
22722,54628137,65,362815
22723,54628173,65,362815
22724,54628317,65,362815
22725,54628371,65,362815
22726,54628713,65,362815
22727,54628731,65,362815
22728,54631278,65,362815
22729,54631287,65,362815
22730,54631728,65,362815
22731,54631782,65,362815
22732,54631827,65,362815
22733,54631872,65,362815
22734,54632178,65,362815
22735,54632187,65,362815
22736,54632718,65,362815
22737,54632781,65,362815
22738,54632817,65,362815
22739,54632871,65,362815
22740,54637128,65,362815
22741,54637182,65,362815
22742,54637218,65,362815
22743,54637281,65,362815
22744,54637812,65,362815
22745,54637821,65,362815
22746,54638127,65,362815
22747,54638172,65,362815
22748,54638217,65,362815
22749,54638271,65,362815
22750,54638712,65,362815
22751,54638721,65,362815
22752,54671238,65,362815
22753,54671283,65,362815
22754,54671328,65,362815
22755,54671382,65,362815
22756,54671823,65,362815
22757,54671832,65,362815
22758,54672138,65,362815
22759,54672183,65,362815
22760,54672318,65,362815
22761,54672381,65,362815
22762,54672813,65,362815
22763,54672831,65,362815
22764,54673128,65,362815
22765,54673182,65,362815
22766,54673218,65,362815
22767,54673281,65,362815
22768,54673812,65,362815
22769,54673821,65,362815
22770,54678123,65,362815
22771,54678132,65,362815
22772,54678213,65,362815
22773,54678231,65,362815
22774,54678312,65,362815
22775,54678321,65,362815
22776,54681237,65,362815
22777,54681273,65,362815
22778,54681327,65,362815
22779,54681372,65,362815
22780,54681723,65,362815
22781,54681732,65,362815
22782,54682137,65,362815
22783,54682173,65,362815
22784,54682317,65,362815
22785,54682371,65,362815
22786,54682713,65,362815
22787,54682731,65,362815
22788,54683127,65,362815
22789,54683172,65,362815
22790,54683217,65,362815
22791,54683271,65,362815
22792,54683712,65,362815
22793,54683721,65,362815
22794,54687123,65,362815
22795,54687132,65,362815
22796,54687213,65,362815
22797,54687231,65,362815
22798,54687312,65,362815
22799,54687321,65,362815
22800,54712368,65,362815
22801,54712386,65,362815
22802,54712638,65,362815
22803,54712683,65,362815
22804,54712836,65,362815
22805,54712863,65,362815
22806,54713268,65,362815
22807,54713286,65,362815
22808,54713628,65,362815
22809,54713682,65,362815
22810,54713826,65,362815
22811,54713862,65,362815
22812,54716238,65,362815
22813,54716283,65,362815
22814,54716328,65,362815
22815,54716382,65,362815
22816,54716823,65,362815
22817,54716832,65,362815
22818,54718236,65,362815
22819,54718263,65,362815
22820,54718326,65,362815
22821,54718362,65,362815
22822,54718623,65,362815
22823,54718632,65,362815
22824,54721368,65,362815
22825,54721386,65,362815
22826,54721638,65,362815
22827,54721683,65,362815
22828,54721836,65,362815
22829,54721863,65,362815
22830,54723168,65,362815
22831,54723186,65,362815
22832,54723618,65,362815
22833,54723681,65,362815
22834,54723816,65,362815
22835,54723861,65,362815
22836,54726138,65,362815
22837,54726183,65,362815
22838,54726318,65,362815
22839,54726381,65,362815
22840,54726813,65,362815
22841,54726831,65,362815
22842,54728136,65,362815
22843,54728163,65,362815
22844,54728316,65,362815
22845,54728361,65,362815
22846,54728613,65,362815
22847,54728631,65,362815
22848,54731268,65,362815
22849,54731286,65,362815
22850,54731628,65,362815
22851,54731682,65,362815
22852,54731826,65,362815
22853,54731862,65,362815
22854,54732168,65,362815
22855,54732186,65,362815
22856,54732618,65,362815
22857,54732681,65,362815
22858,54732816,65,362815
22859,54732861,65,362815
22860,54736128,65,362815
22861,54736182,65,362815
22862,54736218,65,362815
22863,54736281,65,362815
22864,54736812,65,362815
22865,54736821,65,362815
22866,54738126,65,362815
22867,54738162,65,362815
22868,54738216,65,362815
22869,54738261,65,362815
22870,54738612,65,362815
22871,54738621,65,362815
22872,54761238,65,362815
22873,54761283,65,362815
22874,54761328,65,362815
22875,54761382,65,362815
22876,54761823,65,362815
22877,54761832,65,362815
22878,54762138,65,362815
22879,54762183,65,362815
22880,54762318,65,362815
22881,54762381,65,362815
22882,54762813,65,362815
22883,54762831,65,362815
22884,54763128,65,362815
22885,54763182,65,362815
22886,54763218,65,362815
22887,54763281,65,362815
22888,54763812,65,362815
22889,54763821,65,362815
22890,54768123,65,362815
22891,54768132,65,362815
22892,54768213,65,362815
22893,54768231,65,362815
22894,54768312,65,362815
22895,54768321,65,362815
22896,54781236,65,362815
22897,54781263,65,362815
22898,54781326,65,362815
22899,54781362,65,362815
22900,54781623,65,362815
22901,54781632,65,362815
22902,54782136,65,362815
22903,54782163,65,362815
22904,54782316,65,362815
22905,54782361,65,362815
22906,54782613,65,362815
22907,54782631,65,362815
22908,54783126,65,362815
22909,54783162,65,362815
22910,54783216,65,362815
22911,54783261,65,362815
22912,54783612,65,362815
22913,54783621,65,362815
22914,54786123,65,362815
22915,54786132,65,362815
22916,54786213,65,362815
22917,54786231,65,362815
22918,54786312,65,362815
22919,54786321,65,362815
22920,54812367,65,362815
22921,54812376,65,362815
22922,54812637,65,362815
22923,54812673,65,362815
22924,54812736,65,362815
22925,54812763,65,362815
22926,54813267,65,362815
22927,54813276,65,362815
22928,54813627,65,362815
22929,54813672,65,362815
22930,54813726,65,362815
22931,54813762,65,362815
22932,54816237,65,362815
22933,54816273,65,362815
22934,54816327,65,362815
22935,54816372,65,362815
22936,54816723,65,362815
22937,54816732,65,362815
22938,54817236,65,362815
22939,54817263,65,362815
22940,54817326,65,362815
22941,54817362,65,362815
22942,54817623,65,362815
22943,54817632,65,362815
22944,54821367,65,362815
22945,54821376,65,362815
22946,54821637,65,362815
22947,54821673,65,362815
22948,54821736,65,362815
22949,54821763,65,362815
22950,54823167,65,362815
22951,54823176,65,362815
22952,54823617,65,362815
22953,54823671,65,362815
22954,54823716,65,362815
22955,54823761,65,362815
22956,54826137,65,362815
22957,54826173,65,362815
22958,54826317,65,362815
22959,54826371,65,362815
22960,54826713,65,362815
22961,54826731,65,362815
22962,54827136,65,362815
22963,54827163,65,362815
22964,54827316,65,362815
22965,54827361,65,362815
22966,54827613,65,362815
22967,54827631,65,362815
22968,54831267,65,362815
22969,54831276,65,362815
22970,54831627,65,362815
22971,54831672,65,362815
22972,54831726,65,362815
22973,54831762,65,362815
22974,54832167,65,362815
22975,54832176,65,362815
22976,54832617,65,362815
22977,54832671,65,362815
22978,54832716,65,362815
22979,54832761,65,362815
22980,54836127,65,362815
22981,54836172,65,362815
22982,54836217,65,362815
22983,54836271,65,362815
22984,54836712,65,362815
22985,54836721,65,362815
22986,54837126,65,362815
22987,54837162,65,362815
22988,54837216,65,362815
22989,54837261,65,362815
22990,54837612,65,362815
22991,54837621,65,362815
22992,54861237,65,362815
22993,54861273,65,362815
22994,54861327,65,362815
22995,54861372,65,362815
22996,54861723,65,362815
22997,54861732,65,362815
22998,54862137,65,362815
22999,54862173,65,362815
23000,54862317,65,362815
23001,54862371,65,362815
23002,54862713,65,362815
23003,54862731,65,362815
23004,54863127,65,362815
23005,54863172,65,362815
23006,54863217,65,362815
23007,54863271,65,362815
23008,54863712,65,362815
23009,54863721,65,362815
23010,54867123,65,362815
23011,54867132,65,362815
23012,54867213,65,362815
23013,54867231,65,362815
23014,54867312,65,362815
23015,54867321,65,362815
23016,54871236,65,362815
23017,54871263,65,362815
23018,54871326,65,362815
23019,54871362,65,362815
23020,54871623,65,362815
23021,54871632,65,362815
23022,54872136,65,362815
23023,54872163,65,362815
23024,54872316,65,362815
23025,54872361,65,362815
23026,54872613,65,362815
23027,54872631,65,362815
23028,54873126,65,362815
23029,54873162,65,362815
23030,54873216,65,362815
23031,54873261,65,362815
23032,54873612,65,362815
23033,54873621,65,362815
23034,54876123,65,362815
23035,54876132,65,362815
23036,54876213,65,362815
23037,54876231,65,362815
23038,54876312,65,362815
23039,54876321,65,362815
23040,56123478,65,362815
23041,56123487,65,362815
23042,56123748,65,362815
23043,56123784,65,362815
23044,56123847,65,362815
23045,56123874,65,362815
23046,56124378,65,362815
23047,56124387,65,362815
23048,56124738,65,362815
23049,56124783,65,362815
23050,56124837,65,362815
23051,56124873,65,362815
23052,56127348,65,362815
23053,56127384,65,362815
23054,56127438,65,362815
23055,56127483,65,362815
23056,56127834,65,362815
23057,56127843,65,362815
23058,56128347,65,362815
23059,56128374,65,362815
23060,56128437,65,362815
23061,56128473,65,362815
23062,56128734,65,362815
23063,56128743,65,362815
23064,56132478,65,362815
23065,56132487,65,362815
23066,56132748,65,362815
23067,56132784,65,362815
23068,56132847,65,362815
23069,56132874,65,362815
23070,56134278,65,362815
23071,56134287,65,362815
23072,56134728,65,362815
23073,56134782,65,362815
23074,56134827,65,362815
23075,56134872,65,362815
23076,56137248,65,362815
23077,56137284,65,362815
23078,56137428,65,362815
23079,56137482,65,362815
23080,56137824,65,362815
23081,56137842,65,362815
23082,56138247,65,362815
23083,56138274,65,362815
23084,56138427,65,362815
23085,56138472,65,362815
23086,56138724,65,362815
23087,56138742,65,362815
23088,56142378,65,362815
23089,56142387,65,362815
23090,56142738,65,362815
23091,56142783,65,362815
23092,56142837,65,362815
23093,56142873,65,362815
23094,56143278,65,362815
23095,56143287,65,362815
23096,56143728,65,362815
23097,56143782,65,362815
23098,56143827,65,362815
23099,56143872,65,362815
23100,56147238,65,362815
23101,56147283,65,362815
23102,56147328,65,362815
23103,56147382,65,362815
23104,56147823,65,362815
23105,56147832,65,362815
23106,56148237,65,362815
23107,56148273,65,362815
23108,56148327,65,362815
23109,56148372,65,362815
23110,56148723,65,362815
23111,56148732,65,362815
23112,56172348,65,362815
23113,56172384,65,362815
23114,56172438,65,362815
23115,56172483,65,362815
23116,56172834,65,362815
23117,56172843,65,362815
23118,56173248,65,362815
23119,56173284,65,362815
23120,56173428,65,362815
23121,56173482,65,362815
23122,56173824,65,362815
23123,56173842,65,362815
23124,56174238,65,362815
23125,56174283,65,362815
23126,56174328,65,362815
23127,56174382,65,362815
23128,56174823,65,362815
23129,56174832,65,362815
23130,56178234,65,362815
23131,56178243,65,362815
23132,56178324,65,362815
23133,56178342,65,362815
23134,56178423,65,362815
23135,56178432,65,362815
23136,56182347,65,362815
23137,56182374,65,362815
23138,56182437,65,362815
23139,56182473,65,362815
23140,56182734,65,362815
23141,56182743,65,362815
23142,56183247,65,362815
23143,56183274,65,362815
23144,56183427,65,362815
23145,56183472,65,362815
23146,56183724,65,362815
23147,56183742,65,362815
23148,56184237,65,362815
23149,56184273,65,362815
23150,56184327,65,362815
23151,56184372,65,362815
23152,56184723,65,362815
23153,56184732,65,362815
23154,56187234,65,362815
23155,56187243,65,362815
23156,56187324,65,362815
23157,56187342,65,362815
23158,56187423,65,362815
23159,56187432,65,362815
23160,56213478,65,362815
23161,56213487,65,362815
23162,56213748,65,362815
23163,56213784,65,362815
23164,56213847,65,362815
23165,56213874,65,362815
23166,56214378,65,362815
23167,56214387,65,362815
23168,56214738,65,362815
23169,56214783,65,362815
23170,56214837,65,362815
23171,56214873,65,362815
23172,56217348,65,362815
23173,56217384,65,362815
23174,56217438,65,362815
23175,56217483,65,362815
23176,56217834,65,362815
23177,56217843,65,362815
23178,56218347,65,362815
23179,56218374,65,362815
23180,56218437,65,362815
23181,56218473,65,362815
23182,56218734,65,362815
23183,56218743,65,362815
23184,56231478,65,362815
23185,56231487,65,362815
23186,56231748,65,362815
23187,56231784,65,362815
23188,56231847,65,362815
23189,56231874,65,362815
23190,56234178,65,362815
23191,56234187,65,362815
23192,56234718,65,362815
23193,56234781,65,362815
23194,56234817,65,362815
23195,56234871,65,362815
23196,56237148,65,362815
23197,56237184,65,362815
23198,56237418,65,362815
23199,56237481,65,362815
23200,56237814,65,362815
23201,56237841,65,362815
23202,56238147,65,362815
23203,56238174,65,362815
23204,56238417,65,362815
23205,56238471,65,362815
23206,56238714,65,362815
23207,56238741,65,362815
23208,56241378,65,362815
23209,56241387,65,362815
23210,56241738,65,362815
23211,56241783,65,362815
23212,56241837,65,362815
23213,56241873,65,362815
23214,56243178,65,362815
23215,56243187,65,362815
23216,56243718,65,362815
23217,56243781,65,362815
23218,56243817,65,362815
23219,56243871,65,362815
23220,56247138,65,362815
23221,56247183,65,362815
23222,56247318,65,362815
23223,56247381,65,362815
23224,56247813,65,362815
23225,56247831,65,362815
23226,56248137,65,362815
23227,56248173,65,362815
23228,56248317,65,362815
23229,56248371,65,362815
23230,56248713,65,362815
23231,56248731,65,362815
23232,56271348,65,362815
23233,56271384,65,362815
23234,56271438,65,362815
23235,56271483,65,362815
23236,56271834,65,362815
23237,56271843,65,362815
23238,56273148,65,362815
23239,56273184,65,362815
23240,56273418,65,362815
23241,56273481,65,362815
23242,56273814,65,362815
23243,56273841,65,362815
23244,56274138,65,362815
23245,56274183,65,362815
23246,56274318,65,362815
23247,56274381,65,362815
23248,56274813,65,362815
23249,56274831,65,362815
23250,56278134,65,362815
23251,56278143,65,362815
23252,56278314,65,362815
23253,56278341,65,362815
23254,56278413,65,362815
23255,56278431,65,362815
23256,56281347,65,362815
23257,56281374,65,362815
23258,56281437,65,362815
23259,56281473,65,362815
23260,56281734,65,362815
23261,56281743,65,362815
23262,56283147,65,362815
23263,56283174,65,362815
23264,56283417,65,362815
23265,56283471,65,362815
23266,56283714,65,362815
23267,56283741,65,362815
23268,56284137,65,362815
23269,56284173,65,362815
23270,56284317,65,362815
23271,56284371,65,362815
23272,56284713,65,362815
23273,56284731,65,362815
23274,56287134,65,362815
23275,56287143,65,362815
23276,56287314,65,362815
23277,56287341,65,362815
23278,56287413,65,362815
23279,56287431,65,362815
23280,56312478,65,362815
23281,56312487,65,362815
23282,56312748,65,362815
23283,56312784,65,362815
23284,56312847,65,362815
23285,56312874,65,362815
23286,56314278,65,362815
23287,56314287,65,362815
23288,56314728,65,362815
23289,56314782,65,362815
23290,56314827,65,362815
23291,56314872,65,362815
23292,56317248,65,362815
23293,56317284,65,362815
23294,56317428,65,362815
23295,56317482,65,362815
23296,56317824,65,362815
23297,56317842,65,362815
23298,56318247,65,362815
23299,56318274,65,362815
23300,56318427,65,362815
23301,56318472,65,362815
23302,56318724,65,362815
23303,56318742,65,362815
23304,56321478,65,362815
23305,56321487,65,362815
23306,56321748,65,362815
23307,56321784,65,362815
23308,56321847,65,362815
23309,56321874,65,362815
23310,56324178,65,362815
23311,56324187,65,362815
23312,56324718,65,362815
23313,56324781,65,362815
23314,56324817,65,362815
23315,56324871,65,362815
23316,56327148,65,362815
23317,56327184,65,362815
23318,56327418,65,362815
23319,56327481,65,362815
23320,56327814,65,362815
23321,56327841,65,362815
23322,56328147,65,362815
23323,56328174,65,362815
23324,56328417,65,362815
23325,56328471,65,362815
23326,56328714,65,362815
23327,56328741,65,362815
23328,56341278,65,362815
23329,56341287,65,362815
23330,56341728,65,362815
23331,56341782,65,362815
23332,56341827,65,362815
23333,56341872,65,362815
23334,56342178,65,362815
23335,56342187,65,362815
23336,56342718,65,362815
23337,56342781,65,362815
23338,56342817,65,362815
23339,56342871,65,362815
23340,56347128,65,362815
23341,56347182,65,362815
23342,56347218,65,362815
23343,56347281,65,362815
23344,56347812,65,362815
23345,56347821,65,362815
23346,56348127,65,362815
23347,56348172,65,362815
23348,56348217,65,362815
23349,56348271,65,362815
23350,56348712,65,362815
23351,56348721,65,362815
23352,56371248,65,362815
23353,56371284,65,362815
23354,56371428,65,362815
23355,56371482,65,362815
23356,56371824,65,362815
23357,56371842,65,362815
23358,56372148,65,362815
23359,56372184,65,362815
23360,56372418,65,362815
23361,56372481,65,362815
23362,56372814,65,362815
23363,56372841,65,362815
23364,56374128,65,362815
23365,56374182,65,362815
23366,56374218,65,362815
23367,56374281,65,362815
23368,56374812,65,362815
23369,56374821,65,362815
23370,56378124,65,362815
23371,56378142,65,362815
23372,56378214,65,362815
23373,56378241,65,362815
23374,56378412,65,362815
23375,56378421,65,362815
23376,56381247,65,362815
23377,56381274,65,362815
23378,56381427,65,362815
23379,56381472,65,362815
23380,56381724,65,362815
23381,56381742,65,362815
23382,56382147,65,362815
23383,56382174,65,362815
23384,56382417,65,362815
23385,56382471,65,362815
23386,56382714,65,362815
23387,56382741,65,362815
23388,56384127,65,362815
23389,56384172,65,362815
23390,56384217,65,362815
23391,56384271,65,362815
23392,56384712,65,362815
23393,56384721,65,362815
23394,56387124,65,362815
23395,56387142,65,362815
23396,56387214,65,362815
23397,56387241,65,362815
23398,56387412,65,362815
23399,56387421,65,362815
23400,56412378,65,362815
23401,56412387,65,362815
23402,56412738,65,362815
23403,56412783,65,362815
23404,56412837,65,362815
23405,56412873,65,362815
23406,56413278,65,362815
23407,56413287,65,362815
23408,56413728,65,362815
23409,56413782,65,362815
23410,56413827,65,362815
23411,56413872,65,362815
23412,56417238,65,362815
23413,56417283,65,362815
23414,56417328,65,362815
23415,56417382,65,362815
23416,56417823,65,362815
23417,56417832,65,362815
23418,56418237,65,362815
23419,56418273,65,362815
23420,56418327,65,362815
23421,56418372,65,362815
23422,56418723,65,362815
23423,56418732,65,362815
23424,56421378,65,362815
23425,56421387,65,362815
23426,56421738,65,362815
23427,56421783,65,362815
23428,56421837,65,362815
23429,56421873,65,362815
23430,56423178,65,362815
23431,56423187,65,362815
23432,56423718,65,362815
23433,56423781,65,362815
23434,56423817,65,362815
23435,56423871,65,362815
23436,56427138,65,362815
23437,56427183,65,362815
23438,56427318,65,362815
23439,56427381,65,362815
23440,56427813,65,362815
23441,56427831,65,362815
23442,56428137,65,362815
23443,56428173,65,362815
23444,56428317,65,362815
23445,56428371,65,362815
23446,56428713,65,362815
23447,56428731,65,362815
23448,56431278,65,362815
23449,56431287,65,362815
23450,56431728,65,362815
23451,56431782,65,362815
23452,56431827,65,362815
23453,56431872,65,362815
23454,56432178,65,362815
23455,56432187,65,362815
23456,56432718,65,362815
23457,56432781,65,362815
23458,56432817,65,362815
23459,56432871,65,362815
23460,56437128,65,362815
23461,56437182,65,362815
23462,56437218,65,362815
23463,56437281,65,362815
23464,56437812,65,362815
23465,56437821,65,362815
23466,56438127,65,362815
23467,56438172,65,362815
23468,56438217,65,362815
23469,56438271,65,362815
23470,56438712,65,362815
23471,56438721,65,362815
23472,56471238,65,362815
23473,56471283,65,362815
23474,56471328,65,362815
23475,56471382,65,362815
23476,56471823,65,362815
23477,56471832,65,362815
23478,56472138,65,362815
23479,56472183,65,362815
23480,56472318,65,362815
23481,56472381,65,362815
23482,56472813,65,362815
23483,56472831,65,362815
23484,56473128,65,362815
23485,56473182,65,362815
23486,56473218,65,362815
23487,56473281,65,362815
23488,56473812,65,362815
23489,56473821,65,362815
23490,56478123,65,362815
23491,56478132,65,362815
23492,56478213,65,362815
23493,56478231,65,362815
23494,56478312,65,362815
23495,56478321,65,362815
23496,56481237,65,362815
23497,56481273,65,362815
23498,56481327,65,362815
23499,56481372,65,362815
23500,56481723,65,362815
23501,56481732,65,362815
23502,56482137,65,362815
23503,56482173,65,362815
23504,56482317,65,362815
23505,56482371,65,362815
23506,56482713,65,362815
23507,56482731,65,362815
23508,56483127,65,362815
23509,56483172,65,362815
23510,56483217,65,362815
23511,56483271,65,362815
23512,56483712,65,362815
23513,56483721,65,362815
23514,56487123,65,362815
23515,56487132,65,362815
23516,56487213,65,362815
23517,56487231,65,362815
23518,56487312,65,362815
23519,56487321,65,362815
23520,56712348,65,362815
23521,56712384,65,362815
23522,56712438,65,362815
23523,56712483,65,362815
23524,56712834,65,362815
23525,56712843,65,362815
23526,56713248,65,362815
23527,56713284,65,362815
23528,56713428,65,362815
23529,56713482,65,362815
23530,56713824,65,362815
23531,56713842,65,362815
23532,56714238,65,362815
23533,56714283,65,362815
23534,56714328,65,362815
23535,56714382,65,362815
23536,56714823,65,362815
23537,56714832,65,362815
23538,56718234,65,362815
23539,56718243,65,362815
23540,56718324,65,362815
23541,56718342,65,362815
23542,56718423,65,362815
23543,56718432,65,362815
23544,56721348,65,362815
23545,56721384,65,362815
23546,56721438,65,362815
23547,56721483,65,362815
23548,56721834,65,362815
23549,56721843,65,362815
23550,56723148,65,362815
23551,56723184,65,362815
23552,56723418,65,362815
23553,56723481,65,362815
23554,56723814,65,362815
23555,56723841,65,362815
23556,56724138,65,362815
23557,56724183,65,362815
23558,56724318,65,362815
23559,56724381,65,362815
23560,56724813,65,362815
23561,56724831,65,362815
23562,56728134,65,362815
23563,56728143,65,362815
23564,56728314,65,362815
23565,56728341,65,362815
23566,56728413,65,362815
23567,56728431,65,362815
23568,56731248,65,362815
23569,56731284,65,362815
23570,56731428,65,362815
23571,56731482,65,362815
23572,56731824,65,362815
23573,56731842,65,362815
23574,56732148,65,362815
23575,56732184,65,362815
23576,56732418,65,362815
23577,56732481,65,362815
23578,56732814,65,362815
23579,56732841,65,362815
23580,56734128,65,362815
23581,56734182,65,362815
23582,56734218,65,362815
23583,56734281,65,362815
23584,56734812,65,362815
23585,56734821,65,362815
23586,56738124,65,362815
23587,56738142,65,362815
23588,56738214,65,362815
23589,56738241,65,362815
23590,56738412,65,362815
23591,56738421,65,362815
23592,56741238,65,362815
23593,56741283,65,362815
23594,56741328,65,362815
23595,56741382,65,362815
23596,56741823,65,362815
23597,56741832,65,362815
23598,56742138,65,362815
23599,56742183,65,362815
23600,56742318,65,362815
23601,56742381,65,362815
23602,56742813,65,362815
23603,56742831,65,362815
23604,56743128,65,362815
23605,56743182,65,362815
23606,56743218,65,362815
23607,56743281,65,362815
23608,56743812,65,362815
23609,56743821,65,362815
23610,56748123,65,362815
23611,56748132,65,362815
23612,56748213,65,362815
23613,56748231,65,362815
23614,56748312,65,362815
23615,56748321,65,362815
23616,56781234,65,362815
23617,56781243,65,362815
23618,56781324,65,362815
23619,56781342,65,362815
23620,56781423,65,362815
23621,56781432,65,362815
23622,56782134,65,362815
23623,56782143,65,362815
23624,56782314,65,362815
23625,56782341,65,362815
23626,56782413,65,362815
23627,56782431,65,362815
23628,56783124,65,362815
23629,56783142,65,362815
23630,56783214,65,362815
23631,56783241,65,362815
23632,56783412,65,362815
23633,56783421,65,362815
23634,56784123,65,362815
23635,56784132,65,362815
23636,56784213,65,362815
23637,56784231,65,362815
23638,56784312,65,362815
23639,56784321,65,362815
23640,56812347,65,362815
23641,56812374,65,362815
23642,56812437,65,362815
23643,56812473,65,362815
23644,56812734,65,362815
23645,56812743,65,362815
23646,56813247,65,362815
23647,56813274,65,362815
23648,56813427,65,362815
23649,56813472,65,362815
23650,56813724,65,362815
23651,56813742,65,362815
23652,56814237,65,362815
23653,56814273,65,362815
23654,56814327,65,362815
23655,56814372,65,362815
23656,56814723,65,362815
23657,56814732,65,362815
23658,56817234,65,362815
23659,56817243,65,362815
23660,56817324,65,362815
23661,56817342,65,362815
23662,56817423,65,362815
23663,56817432,65,362815
23664,56821347,65,362815
23665,56821374,65,362815
23666,56821437,65,362815
23667,56821473,65,362815
23668,56821734,65,362815
23669,56821743,65,362815
23670,56823147,65,362815
23671,56823174,65,362815
23672,56823417,65,362815
23673,56823471,65,362815
23674,56823714,65,362815
23675,56823741,65,362815
23676,56824137,65,362815
23677,56824173,65,362815
23678,56824317,65,362815
23679,56824371,65,362815
23680,56824713,65,362815
23681,56824731,65,362815
23682,56827134,65,362815
23683,56827143,65,362815
23684,56827314,65,362815
23685,56827341,65,362815
23686,56827413,65,362815
23687,56827431,65,362815
23688,56831247,65,362815
23689,56831274,65,362815
23690,56831427,65,362815
23691,56831472,65,362815
23692,56831724,65,362815
23693,56831742,65,362815
23694,56832147,65,362815
23695,56832174,65,362815
23696,56832417,65,362815
23697,56832471,65,362815
23698,56832714,65,362815
23699,56832741,65,362815
23700,56834127,65,362815
23701,56834172,65,362815
23702,56834217,65,362815
23703,56834271,65,362815
23704,56834712,65,362815
23705,56834721,65,362815
23706,56837124,65,362815
23707,56837142,65,362815
23708,56837214,65,362815
23709,56837241,65,362815
23710,56837412,65,362815
23711,56837421,65,362815
23712,56841237,65,362815
23713,56841273,65,362815
23714,56841327,65,362815
23715,56841372,65,362815
23716,56841723,65,362815
23717,56841732,65,362815
23718,56842137,65,362815
23719,56842173,65,362815
23720,56842317,65,362815
23721,56842371,65,362815
23722,56842713,65,362815
23723,56842731,65,362815
23724,56843127,65,362815
23725,56843172,65,362815
23726,56843217,65,362815
23727,56843271,65,362815
23728,56843712,65,362815
23729,56843721,65,362815
23730,56847123,65,362815
23731,56847132,65,362815
23732,56847213,65,362815
23733,56847231,65,362815
23734,56847312,65,362815
23735,56847321,65,362815
23736,56871234,65,362815
23737,56871243,65,362815
23738,56871324,65,362815
23739,56871342,65,362815
23740,56871423,65,362815
23741,56871432,65,362815
23742,56872134,65,362815
23743,56872143,65,362815
23744,56872314,65,362815
23745,56872341,65,362815
23746,56872413,65,362815
23747,56872431,65,362815
23748,56873124,65,362815
23749,56873142,65,362815
23750,56873214,65,362815
23751,56873241,65,362815
23752,56873412,65,362815
23753,56873421,65,362815
23754,56874123,65,362815
23755,56874132,65,362815
23756,56874213,65,362815
23757,56874231,65,362815
23758,56874312,65,362815
23759,56874321,65,362815
23760,57123468,65,362815
23761,57123486,65,362815
23762,57123648,65,362815
23763,57123684,65,362815
23764,57123846,65,362815
23765,57123864,65,362815
23766,57124368,65,362815
23767,57124386,65,362815
23768,57124638,65,362815
23769,57124683,65,362815
23770,57124836,65,362815
23771,57124863,65,362815
23772,57126348,65,362815
23773,57126384,65,362815
23774,57126438,65,362815
23775,57126483,65,362815
23776,57126834,65,362815
23777,57126843,65,362815
23778,57128346,65,362815
23779,57128364,65,362815
23780,57128436,65,362815
23781,57128463,65,362815
23782,57128634,65,362815
23783,57128643,65,362815
23784,57132468,65,362815
23785,57132486,65,362815
23786,57132648,65,362815
23787,57132684,65,362815
23788,57132846,65,362815
23789,57132864,65,362815
23790,57134268,65,362815
23791,57134286,65,362815
23792,57134628,65,362815
23793,57134682,65,362815
23794,57134826,65,362815
23795,57134862,65,362815
23796,57136248,65,362815
23797,57136284,65,362815
23798,57136428,65,362815
23799,57136482,65,362815
23800,57136824,65,362815
23801,57136842,65,362815
23802,57138246,65,362815
23803,57138264,65,362815
23804,57138426,65,362815
23805,57138462,65,362815
23806,57138624,65,362815
23807,57138642,65,362815
23808,57142368,65,362815
23809,57142386,65,362815
23810,57142638,65,362815
23811,57142683,65,362815
23812,57142836,65,362815
23813,57142863,65,362815
23814,57143268,65,362815
23815,57143286,65,362815
23816,57143628,65,362815
23817,57143682,65,362815
23818,57143826,65,362815
23819,57143862,65,362815
23820,57146238,65,362815
23821,57146283,65,362815
23822,57146328,65,362815
23823,57146382,65,362815
23824,57146823,65,362815
23825,57146832,65,362815
23826,57148236,65,362815
23827,57148263,65,362815
23828,57148326,65,362815
23829,57148362,65,362815
23830,57148623,65,362815
23831,57148632,65,362815
23832,57162348,65,362815
23833,57162384,65,362815
23834,57162438,65,362815
23835,57162483,65,362815
23836,57162834,65,362815
23837,57162843,65,362815
23838,57163248,65,362815
23839,57163284,65,362815
23840,57163428,65,362815
23841,57163482,65,362815
23842,57163824,65,362815
23843,57163842,65,362815
23844,57164238,65,362815
23845,57164283,65,362815
23846,57164328,65,362815
23847,57164382,65,362815
23848,57164823,65,362815
23849,57164832,65,362815
23850,57168234,65,362815
23851,57168243,65,362815
23852,57168324,65,362815
23853,57168342,65,362815
23854,57168423,65,362815
23855,57168432,65,362815
23856,57182346,65,362815
23857,57182364,65,362815
23858,57182436,65,362815
23859,57182463,65,362815
23860,57182634,65,362815
23861,57182643,65,362815
23862,57183246,65,362815
23863,57183264,65,362815
23864,57183426,65,362815
23865,57183462,65,362815
23866,57183624,65,362815
23867,57183642,65,362815
23868,57184236,65,362815
23869,57184263,65,362815
23870,57184326,65,362815
23871,57184362,65,362815
23872,57184623,65,362815
23873,57184632,65,362815
23874,57186234,65,362815
23875,57186243,65,362815
23876,57186324,65,362815
23877,57186342,65,362815
23878,57186423,65,362815
23879,57186432,65,362815
23880,57213468,65,362815
23881,57213486,65,362815
23882,57213648,65,362815
23883,57213684,65,362815
23884,57213846,65,362815
23885,57213864,65,362815
23886,57214368,65,362815
23887,57214386,65,362815
23888,57214638,65,362815
23889,57214683,65,362815
23890,57214836,65,362815
23891,57214863,65,362815
23892,57216348,65,362815
23893,57216384,65,362815
23894,57216438,65,362815
23895,57216483,65,362815
23896,57216834,65,362815
23897,57216843,65,362815
23898,57218346,65,362815
23899,57218364,65,362815
23900,57218436,65,362815
23901,57218463,65,362815
23902,57218634,65,362815
23903,57218643,65,362815
23904,57231468,65,362815
23905,57231486,65,362815
23906,57231648,65,362815
23907,57231684,65,362815
23908,57231846,65,362815
23909,57231864,65,362815
23910,57234168,65,362815
23911,57234186,65,362815
23912,57234618,65,362815
23913,57234681,65,362815
23914,57234816,65,362815
23915,57234861,65,362815
23916,57236148,65,362815
23917,57236184,65,362815
23918,57236418,65,362815
23919,57236481,65,362815
23920,57236814,65,362815
23921,57236841,65,362815
23922,57238146,65,362815
23923,57238164,65,362815
23924,57238416,65,362815
23925,57238461,65,362815
23926,57238614,65,362815
23927,57238641,65,362815
23928,57241368,65,362815
23929,57241386,65,362815
23930,57241638,65,362815
23931,57241683,65,362815
23932,57241836,65,362815
23933,57241863,65,362815
23934,57243168,65,362815
23935,57243186,65,362815
23936,57243618,65,362815
23937,57243681,65,362815
23938,57243816,65,362815
23939,57243861,65,362815
23940,57246138,65,362815
23941,57246183,65,362815
23942,57246318,65,362815
23943,57246381,65,362815
23944,57246813,65,362815
23945,57246831,65,362815
23946,57248136,65,362815
23947,57248163,65,362815
23948,57248316,65,362815
23949,57248361,65,362815
23950,57248613,65,362815
23951,57248631,65,362815
23952,57261348,65,362815
23953,57261384,65,362815
23954,57261438,65,362815
23955,57261483,65,362815
23956,57261834,65,362815
23957,57261843,65,362815
23958,57263148,65,362815
23959,57263184,65,362815
23960,57263418,65,362815
23961,57263481,65,362815
23962,57263814,65,362815
23963,57263841,65,362815
23964,57264138,65,362815
23965,57264183,65,362815
23966,57264318,65,362815
23967,57264381,65,362815
23968,57264813,65,362815
23969,57264831,65,362815
23970,57268134,65,362815
23971,57268143,65,362815
23972,57268314,65,362815
23973,57268341,65,362815
23974,57268413,65,362815
23975,57268431,65,362815
23976,57281346,65,362815
23977,57281364,65,362815
23978,57281436,65,362815
23979,57281463,65,362815
23980,57281634,65,362815
23981,57281643,65,362815
23982,57283146,65,362815
23983,57283164,65,362815
23984,57283416,65,362815
23985,57283461,65,362815
23986,57283614,65,362815
23987,57283641,65,362815
23988,57284136,65,362815
23989,57284163,65,362815
23990,57284316,65,362815
23991,57284361,65,362815
23992,57284613,65,362815
23993,57284631,65,362815
23994,57286134,65,362815
23995,57286143,65,362815
23996,57286314,65,362815
23997,57286341,65,362815
23998,57286413,65,362815
23999,57286431,65,362815
24000,57312468,65,362815
24001,57312486,65,362815
24002,57312648,65,362815
24003,57312684,65,362815
24004,57312846,65,362815
24005,57312864,65,362815
24006,57314268,65,362815
24007,57314286,65,362815
24008,57314628,65,362815
24009,57314682,65,362815
24010,57314826,65,362815
24011,57314862,65,362815
24012,57316248,65,362815
24013,57316284,65,362815
24014,57316428,65,362815
24015,57316482,65,362815
24016,57316824,65,362815
24017,57316842,65,362815
24018,57318246,65,362815
24019,57318264,65,362815
24020,57318426,65,362815
24021,57318462,65,362815
24022,57318624,65,362815
24023,57318642,65,362815
24024,57321468,65,362815
24025,57321486,65,362815
24026,57321648,65,362815
24027,57321684,65,362815
24028,57321846,65,362815
24029,57321864,65,362815
24030,57324168,65,362815
24031,57324186,65,362815
24032,57324618,65,362815
24033,57324681,65,362815
24034,57324816,65,362815
24035,57324861,65,362815
24036,57326148,65,362815
24037,57326184,65,362815
24038,57326418,65,362815
24039,57326481,65,362815
24040,57326814,65,362815
24041,57326841,65,362815
24042,57328146,65,362815
24043,57328164,65,362815
24044,57328416,65,362815
24045,57328461,65,362815
24046,57328614,65,362815
24047,57328641,65,362815
24048,57341268,65,362815
24049,57341286,65,362815
24050,57341628,65,362815
24051,57341682,65,362815
24052,57341826,65,362815
24053,57341862,65,362815
24054,57342168,65,362815
24055,57342186,65,362815
24056,57342618,65,362815
24057,57342681,65,362815
24058,57342816,65,362815
24059,57342861,65,362815
24060,57346128,65,362815
24061,57346182,65,362815
24062,57346218,65,362815
24063,57346281,65,362815
24064,57346812,65,362815
24065,57346821,65,362815
24066,57348126,65,362815
24067,57348162,65,362815
24068,57348216,65,362815
24069,57348261,65,362815
24070,57348612,65,362815
24071,57348621,65,362815
24072,57361248,65,362815
24073,57361284,65,362815
24074,57361428,65,362815
24075,57361482,65,362815
24076,57361824,65,362815
24077,57361842,65,362815
24078,57362148,65,362815
24079,57362184,65,362815
24080,57362418,65,362815
24081,57362481,65,362815
24082,57362814,65,362815
24083,57362841,65,362815
24084,57364128,65,362815
24085,57364182,65,362815
24086,57364218,65,362815
24087,57364281,65,362815
24088,57364812,65,362815
24089,57364821,65,362815
24090,57368124,65,362815
24091,57368142,65,362815
24092,57368214,65,362815
24093,57368241,65,362815
24094,57368412,65,362815
24095,57368421,65,362815
24096,57381246,65,362815
24097,57381264,65,362815
24098,57381426,65,362815
24099,57381462,65,362815
24100,57381624,65,362815
24101,57381642,65,362815
24102,57382146,65,362815
24103,57382164,65,362815
24104,57382416,65,362815
24105,57382461,65,362815
24106,57382614,65,362815
24107,57382641,65,362815
24108,57384126,65,362815
24109,57384162,65,362815
24110,57384216,65,362815
24111,57384261,65,362815
24112,57384612,65,362815
24113,57384621,65,362815
24114,57386124,65,362815
24115,57386142,65,362815
24116,57386214,65,362815
24117,57386241,65,362815
24118,57386412,65,362815
24119,57386421,65,362815
24120,57412368,65,362815
24121,57412386,65,362815
24122,57412638,65,362815
24123,57412683,65,362815
24124,57412836,65,362815
24125,57412863,65,362815
24126,57413268,65,362815
24127,57413286,65,362815
24128,57413628,65,362815
24129,57413682,65,362815
24130,57413826,65,362815
24131,57413862,65,362815
24132,57416238,65,362815
24133,57416283,65,362815
24134,57416328,65,362815
24135,57416382,65,362815
24136,57416823,65,362815
24137,57416832,65,362815
24138,57418236,65,362815
24139,57418263,65,362815
24140,57418326,65,362815
24141,57418362,65,362815
24142,57418623,65,362815
24143,57418632,65,362815
24144,57421368,65,362815
24145,57421386,65,362815
24146,57421638,65,362815
24147,57421683,65,362815
24148,57421836,65,362815
24149,57421863,65,362815
24150,57423168,65,362815
24151,57423186,65,362815
24152,57423618,65,362815
24153,57423681,65,362815
24154,57423816,65,362815
24155,57423861,65,362815
24156,57426138,65,362815
24157,57426183,65,362815
24158,57426318,65,362815
24159,57426381,65,362815
24160,57426813,65,362815
24161,57426831,65,362815
24162,57428136,65,362815
24163,57428163,65,362815
24164,57428316,65,362815
24165,57428361,65,362815
24166,57428613,65,362815
24167,57428631,65,362815
24168,57431268,65,362815
24169,57431286,65,362815
24170,57431628,65,362815
24171,57431682,65,362815
24172,57431826,65,362815
24173,57431862,65,362815
24174,57432168,65,362815
24175,57432186,65,362815
24176,57432618,65,362815
24177,57432681,65,362815
24178,57432816,65,362815
24179,57432861,65,362815
24180,57436128,65,362815
24181,57436182,65,362815
24182,57436218,65,362815
24183,57436281,65,362815
24184,57436812,65,362815
24185,57436821,65,362815
24186,57438126,65,362815
24187,57438162,65,362815
24188,57438216,65,362815
24189,57438261,65,362815
24190,57438612,65,362815
24191,57438621,65,362815
24192,57461238,65,362815
24193,57461283,65,362815
24194,57461328,65,362815
24195,57461382,65,362815
24196,57461823,65,362815
24197,57461832,65,362815
24198,57462138,65,362815
24199,57462183,65,362815
24200,57462318,65,362815
24201,57462381,65,362815
24202,57462813,65,362815
24203,57462831,65,362815
24204,57463128,65,362815
24205,57463182,65,362815
24206,57463218,65,362815
24207,57463281,65,362815
24208,57463812,65,362815
24209,57463821,65,362815
24210,57468123,65,362815
24211,57468132,65,362815
24212,57468213,65,362815
24213,57468231,65,362815
24214,57468312,65,362815
24215,57468321,65,362815
24216,57481236,65,362815
24217,57481263,65,362815
24218,57481326,65,362815
24219,57481362,65,362815
24220,57481623,65,362815
24221,57481632,65,362815
24222,57482136,65,362815
24223,57482163,65,362815
24224,57482316,65,362815
24225,57482361,65,362815
24226,57482613,65,362815
24227,57482631,65,362815
24228,57483126,65,362815
24229,57483162,65,362815
24230,57483216,65,362815
24231,57483261,65,362815
24232,57483612,65,362815
24233,57483621,65,362815
24234,57486123,65,362815
24235,57486132,65,362815
24236,57486213,65,362815
24237,57486231,65,362815
24238,57486312,65,362815
24239,57486321,65,362815
24240,57612348,65,362815
24241,57612384,65,362815
24242,57612438,65,362815
24243,57612483,65,362815
24244,57612834,65,362815
24245,57612843,65,362815
24246,57613248,65,362815
24247,57613284,65,362815
24248,57613428,65,362815
24249,57613482,65,362815
24250,57613824,65,362815
24251,57613842,65,362815
24252,57614238,65,362815
24253,57614283,65,362815
24254,57614328,65,362815
24255,57614382,65,362815
24256,57614823,65,362815
24257,57614832,65,362815
24258,57618234,65,362815
24259,57618243,65,362815
24260,57618324,65,362815
24261,57618342,65,362815
24262,57618423,65,362815
24263,57618432,65,362815
24264,57621348,65,362815
24265,57621384,65,362815
24266,57621438,65,362815
24267,57621483,65,362815
24268,57621834,65,362815
24269,57621843,65,362815
24270,57623148,65,362815
24271,57623184,65,362815
24272,57623418,65,362815
24273,57623481,65,362815
24274,57623814,65,362815
24275,57623841,65,362815
24276,57624138,65,362815
24277,57624183,65,362815
24278,57624318,65,362815
24279,57624381,65,362815
24280,57624813,65,362815
24281,57624831,65,362815
24282,57628134,65,362815
24283,57628143,65,362815
24284,57628314,65,362815
24285,57628341,65,362815
24286,57628413,65,362815
24287,57628431,65,362815
24288,57631248,65,362815
24289,57631284,65,362815
24290,57631428,65,362815
24291,57631482,65,362815
24292,57631824,65,362815
24293,57631842,65,362815
24294,57632148,65,362815
24295,57632184,65,362815
24296,57632418,65,362815
24297,57632481,65,362815
24298,57632814,65,362815
24299,57632841,65,362815
24300,57634128,65,362815
24301,57634182,65,362815
24302,57634218,65,362815
24303,57634281,65,362815
24304,57634812,65,362815
24305,57634821,65,362815
24306,57638124,65,362815
24307,57638142,65,362815
24308,57638214,65,362815
24309,57638241,65,362815
24310,57638412,65,362815
24311,57638421,65,362815
24312,57641238,65,362815
24313,57641283,65,362815
24314,57641328,65,362815
24315,57641382,65,362815
24316,57641823,65,362815
24317,57641832,65,362815
24318,57642138,65,362815
24319,57642183,65,362815
24320,57642318,65,362815
24321,57642381,65,362815
24322,57642813,65,362815
24323,57642831,65,362815
24324,57643128,65,362815
24325,57643182,65,362815
24326,57643218,65,362815
24327,57643281,65,362815
24328,57643812,65,362815
24329,57643821,65,362815
24330,57648123,65,362815
24331,57648132,65,362815
24332,57648213,65,362815
24333,57648231,65,362815
24334,57648312,65,362815
24335,57648321,65,362815
24336,57681234,65,362815
24337,57681243,65,362815
24338,57681324,65,362815
24339,57681342,65,362815
24340,57681423,65,362815
24341,57681432,65,362815
24342,57682134,65,362815
24343,57682143,65,362815
24344,57682314,65,362815
24345,57682341,65,362815
24346,57682413,65,362815
24347,57682431,65,362815
24348,57683124,65,362815
24349,57683142,65,362815
24350,57683214,65,362815
24351,57683241,65,362815
24352,57683412,65,362815
24353,57683421,65,362815
24354,57684123,65,362815
24355,57684132,65,362815
24356,57684213,65,362815
24357,57684231,65,362815
24358,57684312,65,362815
24359,57684321,65,362815
24360,57812346,65,362815
24361,57812364,65,362815
24362,57812436,65,362815
24363,57812463,65,362815
24364,57812634,65,362815
24365,57812643,65,362815
24366,57813246,65,362815
24367,57813264,65,362815
24368,57813426,65,362815
24369,57813462,65,362815
24370,57813624,65,362815
24371,57813642,65,362815
24372,57814236,65,362815
24373,57814263,65,362815
24374,57814326,65,362815
24375,57814362,65,362815
24376,57814623,65,362815
24377,57814632,65,362815
24378,57816234,65,362815
24379,57816243,65,362815
24380,57816324,65,362815
24381,57816342,65,362815
24382,57816423,65,362815
24383,57816432,65,362815
24384,57821346,65,362815
24385,57821364,65,362815
24386,57821436,65,362815
24387,57821463,65,362815
24388,57821634,65,362815
24389,57821643,65,362815
24390,57823146,65,362815
24391,57823164,65,362815
24392,57823416,65,362815
24393,57823461,65,362815
24394,57823614,65,362815
24395,57823641,65,362815
24396,57824136,65,362815
24397,57824163,65,362815
24398,57824316,65,362815
24399,57824361,65,362815
24400,57824613,65,362815
24401,57824631,65,362815
24402,57826134,65,362815
24403,57826143,65,362815
24404,57826314,65,362815
24405,57826341,65,362815
24406,57826413,65,362815
24407,57826431,65,362815
24408,57831246,65,362815
24409,57831264,65,362815
24410,57831426,65,362815
24411,57831462,65,362815
24412,57831624,65,362815
24413,57831642,65,362815
24414,57832146,65,362815
24415,57832164,65,362815
24416,57832416,65,362815
24417,57832461,65,362815
24418,57832614,65,362815
24419,57832641,65,362815
24420,57834126,65,362815
24421,57834162,65,362815
24422,57834216,65,362815
24423,57834261,65,362815
24424,57834612,65,362815
24425,57834621,65,362815
24426,57836124,65,362815
24427,57836142,65,362815
24428,57836214,65,362815
24429,57836241,65,362815
24430,57836412,65,362815
24431,57836421,65,362815
24432,57841236,65,362815
24433,57841263,65,362815
24434,57841326,65,362815
24435,57841362,65,362815
24436,57841623,65,362815
24437,57841632,65,362815
24438,57842136,65,362815
24439,57842163,65,362815
24440,57842316,65,362815
24441,57842361,65,362815
24442,57842613,65,362815
24443,57842631,65,362815
24444,57843126,65,362815
24445,57843162,65,362815
24446,57843216,65,362815
24447,57843261,65,362815
24448,57843612,65,362815
24449,57843621,65,362815
24450,57846123,65,362815
24451,57846132,65,362815
24452,57846213,65,362815
24453,57846231,65,362815
24454,57846312,65,362815
24455,57846321,65,362815
24456,57861234,65,362815
24457,57861243,65,362815
24458,57861324,65,362815
24459,57861342,65,362815
24460,57861423,65,362815
24461,57861432,65,362815
24462,57862134,65,362815
24463,57862143,65,362815
24464,57862314,65,362815
24465,57862341,65,362815
24466,57862413,65,362815
24467,57862431,65,362815
24468,57863124,65,362815
24469,57863142,65,362815
24470,57863214,65,362815
24471,57863241,65,362815
24472,57863412,65,362815
24473,57863421,65,362815
24474,57864123,65,362815
24475,57864132,65,362815
24476,57864213,65,362815
24477,57864231,65,362815
24478,57864312,65,362815
24479,57864321,65,362815
24480,58123467,65,362815
24481,58123476,65,362815
24482,58123647,65,362815
24483,58123674,65,362815
24484,58123746,65,362815
24485,58123764,65,362815
24486,58124367,65,362815
24487,58124376,65,362815
24488,58124637,65,362815
24489,58124673,65,362815
24490,58124736,65,362815
24491,58124763,65,362815
24492,58126347,65,362815
24493,58126374,65,362815
24494,58126437,65,362815
24495,58126473,65,362815
24496,58126734,65,362815
24497,58126743,65,362815
24498,58127346,65,362815
24499,58127364,65,362815
24500,58127436,65,362815
24501,58127463,65,362815
24502,58127634,65,362815
24503,58127643,65,362815
24504,58132467,65,362815
24505,58132476,65,362815
24506,58132647,65,362815
24507,58132674,65,362815
24508,58132746,65,362815
24509,58132764,65,362815
24510,58134267,65,362815
24511,58134276,65,362815
24512,58134627,65,362815
24513,58134672,65,362815
24514,58134726,65,362815
24515,58134762,65,362815
24516,58136247,65,362815
24517,58136274,65,362815
24518,58136427,65,362815
24519,58136472,65,362815
24520,58136724,65,362815
24521,58136742,65,362815
24522,58137246,65,362815
24523,58137264,65,362815
24524,58137426,65,362815
24525,58137462,65,362815
24526,58137624,65,362815
24527,58137642,65,362815
24528,58142367,65,362815
24529,58142376,65,362815
24530,58142637,65,362815
24531,58142673,65,362815
24532,58142736,65,362815
24533,58142763,65,362815
24534,58143267,65,362815
24535,58143276,65,362815
24536,58143627,65,362815
24537,58143672,65,362815
24538,58143726,65,362815
24539,58143762,65,362815
24540,58146237,65,362815
24541,58146273,65,362815
24542,58146327,65,362815
24543,58146372,65,362815
24544,58146723,65,362815
24545,58146732,65,362815
24546,58147236,65,362815
24547,58147263,65,362815
24548,58147326,65,362815
24549,58147362,65,362815
24550,58147623,65,362815
24551,58147632,65,362815
24552,58162347,65,362815
24553,58162374,65,362815
24554,58162437,65,362815
24555,58162473,65,362815
24556,58162734,65,362815
24557,58162743,65,362815
24558,58163247,65,362815
24559,58163274,65,362815
24560,58163427,65,362815
24561,58163472,65,362815
24562,58163724,65,362815
24563,58163742,65,362815
24564,58164237,65,362815
24565,58164273,65,362815
24566,58164327,65,362815
24567,58164372,65,362815
24568,58164723,65,362815
24569,58164732,65,362815
24570,58167234,65,362815
24571,58167243,65,362815
24572,58167324,65,362815
24573,58167342,65,362815
24574,58167423,65,362815
24575,58167432,65,362815
24576,58172346,65,362815
24577,58172364,65,362815
24578,58172436,65,362815
24579,58172463,65,362815
24580,58172634,65,362815
24581,58172643,65,362815
24582,58173246,65,362815
24583,58173264,65,362815
24584,58173426,65,362815
24585,58173462,65,362815
24586,58173624,65,362815
24587,58173642,65,362815
24588,58174236,65,362815
24589,58174263,65,362815
24590,58174326,65,362815
24591,58174362,65,362815
24592,58174623,65,362815
24593,58174632,65,362815
24594,58176234,65,362815
24595,58176243,65,362815
24596,58176324,65,362815
24597,58176342,65,362815
24598,58176423,65,362815
24599,58176432,65,362815
24600,58213467,65,362815
24601,58213476,65,362815
24602,58213647,65,362815
24603,58213674,65,362815
24604,58213746,65,362815
24605,58213764,65,362815
24606,58214367,65,362815
24607,58214376,65,362815
24608,58214637,65,362815
24609,58214673,65,362815
24610,58214736,65,362815
24611,58214763,65,362815
24612,58216347,65,362815
24613,58216374,65,362815
24614,58216437,65,362815
24615,58216473,65,362815
24616,58216734,65,362815
24617,58216743,65,362815
24618,58217346,65,362815
24619,58217364,65,362815
24620,58217436,65,362815
24621,58217463,65,362815
24622,58217634,65,362815
24623,58217643,65,362815
24624,58231467,65,362815
24625,58231476,65,362815
24626,58231647,65,362815
24627,58231674,65,362815
24628,58231746,65,362815
24629,58231764,65,362815
24630,58234167,65,362815
24631,58234176,65,362815
24632,58234617,65,362815
24633,58234671,65,362815
24634,58234716,65,362815
24635,58234761,65,362815
24636,58236147,65,362815
24637,58236174,65,362815
24638,58236417,65,362815
24639,58236471,65,362815
24640,58236714,65,362815
24641,58236741,65,362815
24642,58237146,65,362815
24643,58237164,65,362815
24644,58237416,65,362815
24645,58237461,65,362815
24646,58237614,65,362815
24647,58237641,65,362815
24648,58241367,65,362815
24649,58241376,65,362815
24650,58241637,65,362815
24651,58241673,65,362815
24652,58241736,65,362815
24653,58241763,65,362815
24654,58243167,65,362815
24655,58243176,65,362815
24656,58243617,65,362815
24657,58243671,65,362815
24658,58243716,65,362815
24659,58243761,65,362815
24660,58246137,65,362815
24661,58246173,65,362815
24662,58246317,65,362815
24663,58246371,65,362815
24664,58246713,65,362815
24665,58246731,65,362815
24666,58247136,65,362815
24667,58247163,65,362815
24668,58247316,65,362815
24669,58247361,65,362815
24670,58247613,65,362815
24671,58247631,65,362815
24672,58261347,65,362815
24673,58261374,65,362815
24674,58261437,65,362815
24675,58261473,65,362815
24676,58261734,65,362815
24677,58261743,65,362815
24678,58263147,65,362815
24679,58263174,65,362815
24680,58263417,65,362815
24681,58263471,65,362815
24682,58263714,65,362815
24683,58263741,65,362815
24684,58264137,65,362815
24685,58264173,65,362815
24686,58264317,65,362815
24687,58264371,65,362815
24688,58264713,65,362815
24689,58264731,65,362815
24690,58267134,65,362815
24691,58267143,65,362815
24692,58267314,65,362815
24693,58267341,65,362815
24694,58267413,65,362815
24695,58267431,65,362815
24696,58271346,65,362815
24697,58271364,65,362815
24698,58271436,65,362815
24699,58271463,65,362815
24700,58271634,65,362815
24701,58271643,65,362815
24702,58273146,65,362815
24703,58273164,65,362815
24704,58273416,65,362815
24705,58273461,65,362815
24706,58273614,65,362815
24707,58273641,65,362815
24708,58274136,65,362815
24709,58274163,65,362815
24710,58274316,65,362815
24711,58274361,65,362815
24712,58274613,65,362815
24713,58274631,65,362815
24714,58276134,65,362815
24715,58276143,65,362815
24716,58276314,65,362815
24717,58276341,65,362815
24718,58276413,65,362815
24719,58276431,65,362815
24720,58312467,65,362815
24721,58312476,65,362815
24722,58312647,65,362815
24723,58312674,65,362815
24724,58312746,65,362815
24725,58312764,65,362815
24726,58314267,65,362815
24727,58314276,65,362815
24728,58314627,65,362815
24729,58314672,65,362815
24730,58314726,65,362815
24731,58314762,65,362815
24732,58316247,65,362815
24733,58316274,65,362815
24734,58316427,65,362815
24735,58316472,65,362815
24736,58316724,65,362815
24737,58316742,65,362815
24738,58317246,65,362815
24739,58317264,65,362815
24740,58317426,65,362815
24741,58317462,65,362815
24742,58317624,65,362815
24743,58317642,65,362815
24744,58321467,65,362815
24745,58321476,65,362815
24746,58321647,65,362815
24747,58321674,65,362815
24748,58321746,65,362815
24749,58321764,65,362815
24750,58324167,65,362815
24751,58324176,65,362815
24752,58324617,65,362815
24753,58324671,65,362815
24754,58324716,65,362815
24755,58324761,65,362815
24756,58326147,65,362815
24757,58326174,65,362815
24758,58326417,65,362815
24759,58326471,65,362815
24760,58326714,65,362815
24761,58326741,65,362815
24762,58327146,65,362815
24763,58327164,65,362815
24764,58327416,65,362815
24765,58327461,65,362815
24766,58327614,65,362815
24767,58327641,65,362815
24768,58341267,65,362815
24769,58341276,65,362815
24770,58341627,65,362815
24771,58341672,65,362815
24772,58341726,65,362815
24773,58341762,65,362815
24774,58342167,65,362815
24775,58342176,65,362815
24776,58342617,65,362815
24777,58342671,65,362815
24778,58342716,65,362815
24779,58342761,65,362815
24780,58346127,65,362815
24781,58346172,65,362815
24782,58346217,65,362815
24783,58346271,65,362815
24784,58346712,65,362815
24785,58346721,65,362815
24786,58347126,65,362815
24787,58347162,65,362815
24788,58347216,65,362815
24789,58347261,65,362815
24790,58347612,65,362815
24791,58347621,65,362815
24792,58361247,65,362815
24793,58361274,65,362815
24794,58361427,65,362815
24795,58361472,65,362815
24796,58361724,65,362815
24797,58361742,65,362815
24798,58362147,65,362815
24799,58362174,65,362815
24800,58362417,65,362815
24801,58362471,65,362815
24802,58362714,65,362815
24803,58362741,65,362815
24804,58364127,65,362815
24805,58364172,65,362815
24806,58364217,65,362815
24807,58364271,65,362815
24808,58364712,65,362815
24809,58364721,65,362815
24810,58367124,65,362815
24811,58367142,65,362815
24812,58367214,65,362815
24813,58367241,65,362815
24814,58367412,65,362815
24815,58367421,65,362815
24816,58371246,65,362815
24817,58371264,65,362815
24818,58371426,65,362815
24819,58371462,65,362815
24820,58371624,65,362815
24821,58371642,65,362815
24822,58372146,65,362815
24823,58372164,65,362815
24824,58372416,65,362815
24825,58372461,65,362815
24826,58372614,65,362815
24827,58372641,65,362815
24828,58374126,65,362815
24829,58374162,65,362815
24830,58374216,65,362815
24831,58374261,65,362815
24832,58374612,65,362815
24833,58374621,65,362815
24834,58376124,65,362815
24835,58376142,65,362815
24836,58376214,65,362815
24837,58376241,65,362815
24838,58376412,65,362815
24839,58376421,65,362815
24840,58412367,65,362815
24841,58412376,65,362815
24842,58412637,65,362815
24843,58412673,65,362815
24844,58412736,65,362815
24845,58412763,65,362815
24846,58413267,65,362815
24847,58413276,65,362815
24848,58413627,65,362815
24849,58413672,65,362815
24850,58413726,65,362815
24851,58413762,65,362815
24852,58416237,65,362815
24853,58416273,65,362815
24854,58416327,65,362815
24855,58416372,65,362815
24856,58416723,65,362815
24857,58416732,65,362815
24858,58417236,65,362815
24859,58417263,65,362815
24860,58417326,65,362815
24861,58417362,65,362815
24862,58417623,65,362815
24863,58417632,65,362815
24864,58421367,65,362815
24865,58421376,65,362815
24866,58421637,65,362815
24867,58421673,65,362815
24868,58421736,65,362815
24869,58421763,65,362815
24870,58423167,65,362815
24871,58423176,65,362815
24872,58423617,65,362815
24873,58423671,65,362815
24874,58423716,65,362815
24875,58423761,65,362815
24876,58426137,65,362815
24877,58426173,65,362815
24878,58426317,65,362815
24879,58426371,65,362815
24880,58426713,65,362815
24881,58426731,65,362815
24882,58427136,65,362815
24883,58427163,65,362815
24884,58427316,65,362815
24885,58427361,65,362815
24886,58427613,65,362815
24887,58427631,65,362815
24888,58431267,65,362815
24889,58431276,65,362815
24890,58431627,65,362815
24891,58431672,65,362815
24892,58431726,65,362815
24893,58431762,65,362815
24894,58432167,65,362815
24895,58432176,65,362815
24896,58432617,65,362815
24897,58432671,65,362815
24898,58432716,65,362815
24899,58432761,65,362815
24900,58436127,65,362815
24901,58436172,65,362815
24902,58436217,65,362815
24903,58436271,65,362815
24904,58436712,65,362815
24905,58436721,65,362815
24906,58437126,65,362815
24907,58437162,65,362815
24908,58437216,65,362815
24909,58437261,65,362815
24910,58437612,65,362815
24911,58437621,65,362815
24912,58461237,65,362815
24913,58461273,65,362815
24914,58461327,65,362815
24915,58461372,65,362815
24916,58461723,65,362815
24917,58461732,65,362815
24918,58462137,65,362815
24919,58462173,65,362815
24920,58462317,65,362815
24921,58462371,65,362815
24922,58462713,65,362815
24923,58462731,65,362815
24924,58463127,65,362815
24925,58463172,65,362815
24926,58463217,65,362815
24927,58463271,65,362815
24928,58463712,65,362815
24929,58463721,65,362815
24930,58467123,65,362815
24931,58467132,65,362815
24932,58467213,65,362815
24933,58467231,65,362815
24934,58467312,65,362815
24935,58467321,65,362815
24936,58471236,65,362815
24937,58471263,65,362815
24938,58471326,65,362815
24939,58471362,65,362815
24940,58471623,65,362815
24941,58471632,65,362815
24942,58472136,65,362815
24943,58472163,65,362815
24944,58472316,65,362815
24945,58472361,65,362815
24946,58472613,65,362815
24947,58472631,65,362815
24948,58473126,65,362815
24949,58473162,65,362815
24950,58473216,65,362815
24951,58473261,65,362815
24952,58473612,65,362815
24953,58473621,65,362815
24954,58476123,65,362815
24955,58476132,65,362815
24956,58476213,65,362815
24957,58476231,65,362815
24958,58476312,65,362815
24959,58476321,65,362815
24960,58612347,65,362815
24961,58612374,65,362815
24962,58612437,65,362815
24963,58612473,65,362815
24964,58612734,65,362815
24965,58612743,65,362815
24966,58613247,65,362815
24967,58613274,65,362815
24968,58613427,65,362815
24969,58613472,65,362815
24970,58613724,65,362815
24971,58613742,65,362815
24972,58614237,65,362815
24973,58614273,65,362815
24974,58614327,65,362815
24975,58614372,65,362815
24976,58614723,65,362815
24977,58614732,65,362815
24978,58617234,65,362815
24979,58617243,65,362815
24980,58617324,65,362815
24981,58617342,65,362815
24982,58617423,65,362815
24983,58617432,65,362815
24984,58621347,65,362815
24985,58621374,65,362815
24986,58621437,65,362815
24987,58621473,65,362815
24988,58621734,65,362815
24989,58621743,65,362815
24990,58623147,65,362815
24991,58623174,65,362815
24992,58623417,65,362815
24993,58623471,65,362815
24994,58623714,65,362815
24995,58623741,65,362815
24996,58624137,65,362815
24997,58624173,65,362815
24998,58624317,65,362815
24999,58624371,65,362815
25000,58624713,65,362815
25001,58624731,65,362815
25002,58627134,65,362815
25003,58627143,65,362815
25004,58627314,65,362815
25005,58627341,65,362815
25006,58627413,65,362815
25007,58627431,65,362815
25008,58631247,65,362815
25009,58631274,65,362815
25010,58631427,65,362815
25011,58631472,65,362815
25012,58631724,65,362815
25013,58631742,65,362815
25014,58632147,65,362815
25015,58632174,65,362815
25016,58632417,65,362815
25017,58632471,65,362815
25018,58632714,65,362815
25019,58632741,65,362815
25020,58634127,65,362815
25021,58634172,65,362815
25022,58634217,65,362815
25023,58634271,65,362815
25024,58634712,65,362815
25025,58634721,65,362815
25026,58637124,65,362815
25027,58637142,65,362815
25028,58637214,65,362815
25029,58637241,65,362815
25030,58637412,65,362815
25031,58637421,65,362815
25032,58641237,65,362815
25033,58641273,65,362815
25034,58641327,65,362815
25035,58641372,65,362815
25036,58641723,65,362815
25037,58641732,65,362815
25038,58642137,65,362815
25039,58642173,65,362815
25040,58642317,65,362815
25041,58642371,65,362815
25042,58642713,65,362815
25043,58642731,65,362815
25044,58643127,65,362815
25045,58643172,65,362815
25046,58643217,65,362815
25047,58643271,65,362815
25048,58643712,65,362815
25049,58643721,65,362815
25050,58647123,65,362815
25051,58647132,65,362815
25052,58647213,65,362815
25053,58647231,65,362815
25054,58647312,65,362815
25055,58647321,65,362815
25056,58671234,65,362815
25057,58671243,65,362815
25058,58671324,65,362815
25059,58671342,65,362815
25060,58671423,65,362815
25061,58671432,65,362815
25062,58672134,65,362815
25063,58672143,65,362815
25064,58672314,65,362815
25065,58672341,65,362815
25066,58672413,65,362815
25067,58672431,65,362815
25068,58673124,65,362815
25069,58673142,65,362815
25070,58673214,65,362815
25071,58673241,65,362815
25072,58673412,65,362815
25073,58673421,65,362815
25074,58674123,65,362815
25075,58674132,65,362815
25076,58674213,65,362815
25077,58674231,65,362815
25078,58674312,65,362815
25079,58674321,65,362815
25080,58712346,65,362815
25081,58712364,65,362815
25082,58712436,65,362815
25083,58712463,65,362815
25084,58712634,65,362815
25085,58712643,65,362815
25086,58713246,65,362815
25087,58713264,65,362815
25088,58713426,65,362815
25089,58713462,65,362815
25090,58713624,65,362815
25091,58713642,65,362815
25092,58714236,65,362815
25093,58714263,65,362815
25094,58714326,65,362815
25095,58714362,65,362815
25096,58714623,65,362815
25097,58714632,65,362815
25098,58716234,65,362815
25099,58716243,65,362815
25100,58716324,65,362815
25101,58716342,65,362815
25102,58716423,65,362815
25103,58716432,65,362815
25104,58721346,65,362815
25105,58721364,65,362815
25106,58721436,65,362815
25107,58721463,65,362815
25108,58721634,65,362815
25109,58721643,65,362815
25110,58723146,65,362815
25111,58723164,65,362815
25112,58723416,65,362815
25113,58723461,65,362815
25114,58723614,65,362815
25115,58723641,65,362815
25116,58724136,65,362815
25117,58724163,65,362815
25118,58724316,65,362815
25119,58724361,65,362815
25120,58724613,65,362815
25121,58724631,65,362815
25122,58726134,65,362815
25123,58726143,65,362815
25124,58726314,65,362815
25125,58726341,65,362815
25126,58726413,65,362815
25127,58726431,65,362815
25128,58731246,65,362815
25129,58731264,65,362815
25130,58731426,65,362815
25131,58731462,65,362815
25132,58731624,65,362815
25133,58731642,65,362815
25134,58732146,65,362815
25135,58732164,65,362815
25136,58732416,65,362815
25137,58732461,65,362815
25138,58732614,65,362815
25139,58732641,65,362815
25140,58734126,65,362815
25141,58734162,65,362815
25142,58734216,65,362815
25143,58734261,65,362815
25144,58734612,65,362815
25145,58734621,65,362815
25146,58736124,65,362815
25147,58736142,65,362815
25148,58736214,65,362815
25149,58736241,65,362815
25150,58736412,65,362815
25151,58736421,65,362815
25152,58741236,65,362815
25153,58741263,65,362815
25154,58741326,65,362815
25155,58741362,65,362815
25156,58741623,65,362815
25157,58741632,65,362815
25158,58742136,65,362815
25159,58742163,65,362815
25160,58742316,65,362815
25161,58742361,65,362815
25162,58742613,65,362815
25163,58742631,65,362815
25164,58743126,65,362815
25165,58743162,65,362815
25166,58743216,65,362815
25167,58743261,65,362815
25168,58743612,65,362815
25169,58743621,65,362815
25170,58746123,65,362815
25171,58746132,65,362815
25172,58746213,65,362815
25173,58746231,65,362815
25174,58746312,65,362815
25175,58746321,65,362815
25176,58761234,65,362815
25177,58761243,65,362815
25178,58761324,65,362815
25179,58761342,65,362815
25180,58761423,65,362815
25181,58761432,65,362815
25182,58762134,65,362815
25183,58762143,65,362815
25184,58762314,65,362815
25185,58762341,65,362815
25186,58762413,65,362815
25187,58762431,65,362815
25188,58763124,65,362815
25189,58763142,65,362815
25190,58763214,65,362815
25191,58763241,65,362815
25192,58763412,65,362815
25193,58763421,65,362815
25194,58764123,65,362815
25195,58764132,65,362815
25196,58764213,65,362815
25197,58764231,65,362815
25198,58764312,65,362815
25199,58764321,65,362815
25200,61234578,65,362815
25201,61234587,65,362815
25202,61234758,65,362815
25203,61234785,65,362815
25204,61234857,65,362815
25205,61234875,65,362815
25206,61235478,65,362815
25207,61235487,65,362815
25208,61235748,65,362815
25209,61235784,65,362815
25210,61235847,65,362815
25211,61235874,65,362815
25212,61237458,65,362815
25213,61237485,65,362815
25214,61237548,65,362815
25215,61237584,65,362815
25216,61237845,65,362815
25217,61237854,65,362815
25218,61238457,65,362815
25219,61238475,65,362815
25220,61238547,65,362815
25221,61238574,65,362815
25222,61238745,65,362815
25223,61238754,65,362815
25224,61243578,65,362815
25225,61243587,65,362815
25226,61243758,65,362815
25227,61243785,65,362815
25228,61243857,65,362815
25229,61243875,65,362815
25230,61245378,65,362815
25231,61245387,65,362815
25232,61245738,65,362815
25233,61245783,65,362815
25234,61245837,65,362815
25235,61245873,65,362815
25236,61247358,65,362815
25237,61247385,65,362815
25238,61247538,65,362815
25239,61247583,65,362815
25240,61247835,65,362815
25241,61247853,65,362815
25242,61248357,65,362815
25243,61248375,65,362815
25244,61248537,65,362815
25245,61248573,65,362815
25246,61248735,65,362815
25247,61248753,65,362815
25248,61253478,65,362815
25249,61253487,65,362815
25250,61253748,65,362815
25251,61253784,65,362815
25252,61253847,65,362815
25253,61253874,65,362815
25254,61254378,65,362815
25255,61254387,65,362815
25256,61254738,65,362815
25257,61254783,65,362815
25258,61254837,65,362815
25259,61254873,65,362815
25260,61257348,65,362815
25261,61257384,65,362815
25262,61257438,65,362815
25263,61257483,65,362815
25264,61257834,65,362815
25265,61257843,65,362815
25266,61258347,65,362815
25267,61258374,65,362815
25268,61258437,65,362815
25269,61258473,65,362815
25270,61258734,65,362815
25271,61258743,65,362815
25272,61273458,65,362815
25273,61273485,65,362815
25274,61273548,65,362815
25275,61273584,65,362815
25276,61273845,65,362815
25277,61273854,65,362815
25278,61274358,65,362815
25279,61274385,65,362815
25280,61274538,65,362815
25281,61274583,65,362815
25282,61274835,65,362815
25283,61274853,65,362815
25284,61275348,65,362815
25285,61275384,65,362815
25286,61275438,65,362815
25287,61275483,65,362815
25288,61275834,65,362815
25289,61275843,65,362815
25290,61278345,65,362815
25291,61278354,65,362815
25292,61278435,65,362815
25293,61278453,65,362815
25294,61278534,65,362815
25295,61278543,65,362815
25296,61283457,65,362815
25297,61283475,65,362815
25298,61283547,65,362815
25299,61283574,65,362815
25300,61283745,65,362815
25301,61283754,65,362815
25302,61284357,65,362815
25303,61284375,65,362815
25304,61284537,65,362815
25305,61284573,65,362815
25306,61284735,65,362815
25307,61284753,65,362815
25308,61285347,65,362815
25309,61285374,65,362815
25310,61285437,65,362815
25311,61285473,65,362815
25312,61285734,65,362815
25313,61285743,65,362815
25314,61287345,65,362815
25315,61287354,65,362815
25316,61287435,65,362815
25317,61287453,65,362815
25318,61287534,65,362815
25319,61287543,65,362815
25320,61324578,65,362815
25321,61324587,65,362815
25322,61324758,65,362815
25323,61324785,65,362815
25324,61324857,65,362815
25325,61324875,65,362815
25326,61325478,65,362815
25327,61325487,65,362815
25328,61325748,65,362815
25329,61325784,65,362815
25330,61325847,65,362815
25331,61325874,65,362815
25332,61327458,65,362815
25333,61327485,65,362815
25334,61327548,65,362815
25335,61327584,65,362815
25336,61327845,65,362815
25337,61327854,65,362815
25338,61328457,65,362815
25339,61328475,65,362815
25340,61328547,65,362815
25341,61328574,65,362815
25342,61328745,65,362815
25343,61328754,65,362815
25344,61342578,65,362815
25345,61342587,65,362815
25346,61342758,65,362815
25347,61342785,65,362815
25348,61342857,65,362815
25349,61342875,65,362815
25350,61345278,65,362815
25351,61345287,65,362815
25352,61345728,65,362815
25353,61345782,65,362815
25354,61345827,65,362815
25355,61345872,65,362815
25356,61347258,65,362815
25357,61347285,65,362815
25358,61347528,65,362815
25359,61347582,65,362815
25360,61347825,65,362815
25361,61347852,65,362815
25362,61348257,65,362815
25363,61348275,65,362815
25364,61348527,65,362815
25365,61348572,65,362815
25366,61348725,65,362815
25367,61348752,65,362815
25368,61352478,65,362815
25369,61352487,65,362815
25370,61352748,65,362815
25371,61352784,65,362815
25372,61352847,65,362815
25373,61352874,65,362815
25374,61354278,65,362815
25375,61354287,65,362815
25376,61354728,65,362815
25377,61354782,65,362815
25378,61354827,65,362815
25379,61354872,65,362815
25380,61357248,65,362815
25381,61357284,65,362815
25382,61357428,65,362815
25383,61357482,65,362815
25384,61357824,65,362815
25385,61357842,65,362815
25386,61358247,65,362815
25387,61358274,65,362815
25388,61358427,65,362815
25389,61358472,65,362815
25390,61358724,65,362815
25391,61358742,65,362815
25392,61372458,65,362815
25393,61372485,65,362815
25394,61372548,65,362815
25395,61372584,65,362815
25396,61372845,65,362815
25397,61372854,65,362815
25398,61374258,65,362815
25399,61374285,65,362815
25400,61374528,65,362815
25401,61374582,65,362815
25402,61374825,65,362815
25403,61374852,65,362815
25404,61375248,65,362815
25405,61375284,65,362815
25406,61375428,65,362815
25407,61375482,65,362815
25408,61375824,65,362815
25409,61375842,65,362815
25410,61378245,65,362815
25411,61378254,65,362815
25412,61378425,65,362815
25413,61378452,65,362815
25414,61378524,65,362815
25415,61378542,65,362815
25416,61382457,65,362815
25417,61382475,65,362815
25418,61382547,65,362815
25419,61382574,65,362815
25420,61382745,65,362815
25421,61382754,65,362815
25422,61384257,65,362815
25423,61384275,65,362815
25424,61384527,65,362815
25425,61384572,65,362815
25426,61384725,65,362815
25427,61384752,65,362815
25428,61385247,65,362815
25429,61385274,65,362815
25430,61385427,65,362815
25431,61385472,65,362815
25432,61385724,65,362815
25433,61385742,65,362815
25434,61387245,65,362815
25435,61387254,65,362815
25436,61387425,65,362815
25437,61387452,65,362815
25438,61387524,65,362815
25439,61387542,65,362815
25440,61423578,65,362815
25441,61423587,65,362815
25442,61423758,65,362815
25443,61423785,65,362815
25444,61423857,65,362815
25445,61423875,65,362815
25446,61425378,65,362815
25447,61425387,65,362815
25448,61425738,65,362815
25449,61425783,65,362815
25450,61425837,65,362815
25451,61425873,65,362815
25452,61427358,65,362815
25453,61427385,65,362815
25454,61427538,65,362815
25455,61427583,65,362815
25456,61427835,65,362815
25457,61427853,65,362815
25458,61428357,65,362815
25459,61428375,65,362815
25460,61428537,65,362815
25461,61428573,65,362815
25462,61428735,65,362815
25463,61428753,65,362815
25464,61432578,65,362815
25465,61432587,65,362815
25466,61432758,65,362815
25467,61432785,65,362815
25468,61432857,65,362815
25469,61432875,65,362815
25470,61435278,65,362815
25471,61435287,65,362815
25472,61435728,65,362815
25473,61435782,65,362815
25474,61435827,65,362815
25475,61435872,65,362815
25476,61437258,65,362815
25477,61437285,65,362815
25478,61437528,65,362815
25479,61437582,65,362815
25480,61437825,65,362815
25481,61437852,65,362815
25482,61438257,65,362815
25483,61438275,65,362815
25484,61438527,65,362815
25485,61438572,65,362815
25486,61438725,65,362815
25487,61438752,65,362815
25488,61452378,65,362815
25489,61452387,65,362815
25490,61452738,65,362815
25491,61452783,65,362815
25492,61452837,65,362815
25493,61452873,65,362815
25494,61453278,65,362815
25495,61453287,65,362815
25496,61453728,65,362815
25497,61453782,65,362815
25498,61453827,65,362815
25499,61453872,65,362815
25500,61457238,65,362815
25501,61457283,65,362815
25502,61457328,65,362815
25503,61457382,65,362815
25504,61457823,65,362815
25505,61457832,65,362815
25506,61458237,65,362815
25507,61458273,65,362815
25508,61458327,65,362815
25509,61458372,65,362815
25510,61458723,65,362815
25511,61458732,65,362815
25512,61472358,65,362815
25513,61472385,65,362815
25514,61472538,65,362815
25515,61472583,65,362815
25516,61472835,65,362815
25517,61472853,65,362815
25518,61473258,65,362815
25519,61473285,65,362815
25520,61473528,65,362815
25521,61473582,65,362815
25522,61473825,65,362815
25523,61473852,65,362815
25524,61475238,65,362815
25525,61475283,65,362815
25526,61475328,65,362815
25527,61475382,65,362815
25528,61475823,65,362815
25529,61475832,65,362815
25530,61478235,65,362815
25531,61478253,65,362815
25532,61478325,65,362815
25533,61478352,65,362815
25534,61478523,65,362815
25535,61478532,65,362815
25536,61482357,65,362815
25537,61482375,65,362815
25538,61482537,65,362815
25539,61482573,65,362815
25540,61482735,65,362815
25541,61482753,65,362815
25542,61483257,65,362815
25543,61483275,65,362815
25544,61483527,65,362815
25545,61483572,65,362815
25546,61483725,65,362815
25547,61483752,65,362815
25548,61485237,65,362815
25549,61485273,65,362815
25550,61485327,65,362815
25551,61485372,65,362815
25552,61485723,65,362815
25553,61485732,65,362815
25554,61487235,65,362815
25555,61487253,65,362815
25556,61487325,65,362815
25557,61487352,65,362815
25558,61487523,65,362815
25559,61487532,65,362815
25560,61523478,65,362815
25561,61523487,65,362815
25562,61523748,65,362815
25563,61523784,65,362815
25564,61523847,65,362815
25565,61523874,65,362815
25566,61524378,65,362815
25567,61524387,65,362815
25568,61524738,65,362815
25569,61524783,65,362815
25570,61524837,65,362815
25571,61524873,65,362815
25572,61527348,65,362815
25573,61527384,65,362815
25574,61527438,65,362815
25575,61527483,65,362815
25576,61527834,65,362815
25577,61527843,65,362815
25578,61528347,65,362815
25579,61528374,65,362815
25580,61528437,65,362815
25581,61528473,65,362815
25582,61528734,65,362815
25583,61528743,65,362815
25584,61532478,65,362815
25585,61532487,65,362815
25586,61532748,65,362815
25587,61532784,65,362815
25588,61532847,65,362815
25589,61532874,65,362815
25590,61534278,65,362815
25591,61534287,65,362815
25592,61534728,65,362815
25593,61534782,65,362815
25594,61534827,65,362815
25595,61534872,65,362815
25596,61537248,65,362815
25597,61537284,65,362815
25598,61537428,65,362815
25599,61537482,65,362815
25600,61537824,65,362815
25601,61537842,65,362815
25602,61538247,65,362815
25603,61538274,65,362815
25604,61538427,65,362815
25605,61538472,65,362815
25606,61538724,65,362815
25607,61538742,65,362815
25608,61542378,65,362815
25609,61542387,65,362815
25610,61542738,65,362815
25611,61542783,65,362815
25612,61542837,65,362815
25613,61542873,65,362815
25614,61543278,65,362815
25615,61543287,65,362815
25616,61543728,65,362815
25617,61543782,65,362815
25618,61543827,65,362815
25619,61543872,65,362815
25620,61547238,65,362815
25621,61547283,65,362815
25622,61547328,65,362815
25623,61547382,65,362815
25624,61547823,65,362815
25625,61547832,65,362815
25626,61548237,65,362815
25627,61548273,65,362815
25628,61548327,65,362815
25629,61548372,65,362815
25630,61548723,65,362815
25631,61548732,65,362815
25632,61572348,65,362815
25633,61572384,65,362815
25634,61572438,65,362815
25635,61572483,65,362815
25636,61572834,65,362815
25637,61572843,65,362815
25638,61573248,65,362815
25639,61573284,65,362815
25640,61573428,65,362815
25641,61573482,65,362815
25642,61573824,65,362815
25643,61573842,65,362815
25644,61574238,65,362815
25645,61574283,65,362815
25646,61574328,65,362815
25647,61574382,65,362815
25648,61574823,65,362815
25649,61574832,65,362815
25650,61578234,65,362815
25651,61578243,65,362815
25652,61578324,65,362815
25653,61578342,65,362815
25654,61578423,65,362815
25655,61578432,65,362815
25656,61582347,65,362815
25657,61582374,65,362815
25658,61582437,65,362815
25659,61582473,65,362815
25660,61582734,65,362815
25661,61582743,65,362815
25662,61583247,65,362815
25663,61583274,65,362815
25664,61583427,65,362815
25665,61583472,65,362815
25666,61583724,65,362815
25667,61583742,65,362815
25668,61584237,65,362815
25669,61584273,65,362815
25670,61584327,65,362815
25671,61584372,65,362815
25672,61584723,65,362815
25673,61584732,65,362815
25674,61587234,65,362815
25675,61587243,65,362815
25676,61587324,65,362815
25677,61587342,65,362815
25678,61587423,65,362815
25679,61587432,65,362815
25680,61723458,65,362815
25681,61723485,65,362815
25682,61723548,65,362815
25683,61723584,65,362815
25684,61723845,65,362815
25685,61723854,65,362815
25686,61724358,65,362815
25687,61724385,65,362815
25688,61724538,65,362815
25689,61724583,65,362815
25690,61724835,65,362815
25691,61724853,65,362815
25692,61725348,65,362815
25693,61725384,65,362815
25694,61725438,65,362815
25695,61725483,65,362815
25696,61725834,65,362815
25697,61725843,65,362815
25698,61728345,65,362815
25699,61728354,65,362815
25700,61728435,65,362815
25701,61728453,65,362815
25702,61728534,65,362815
25703,61728543,65,362815
25704,61732458,65,362815
25705,61732485,65,362815
25706,61732548,65,362815
25707,61732584,65,362815
25708,61732845,65,362815
25709,61732854,65,362815
25710,61734258,65,362815
25711,61734285,65,362815
25712,61734528,65,362815
25713,61734582,65,362815
25714,61734825,65,362815
25715,61734852,65,362815
25716,61735248,65,362815
25717,61735284,65,362815
25718,61735428,65,362815
25719,61735482,65,362815
25720,61735824,65,362815
25721,61735842,65,362815
25722,61738245,65,362815
25723,61738254,65,362815
25724,61738425,65,362815
25725,61738452,65,362815
25726,61738524,65,362815
25727,61738542,65,362815
25728,61742358,65,362815
25729,61742385,65,362815
25730,61742538,65,362815
25731,61742583,65,362815
25732,61742835,65,362815
25733,61742853,65,362815
25734,61743258,65,362815
25735,61743285,65,362815
25736,61743528,65,362815
25737,61743582,65,362815
25738,61743825,65,362815
25739,61743852,65,362815
25740,61745238,65,362815
25741,61745283,65,362815
25742,61745328,65,362815
25743,61745382,65,362815
25744,61745823,65,362815
25745,61745832,65,362815
25746,61748235,65,362815
25747,61748253,65,362815
25748,61748325,65,362815
25749,61748352,65,362815
25750,61748523,65,362815
25751,61748532,65,362815
25752,61752348,65,362815
25753,61752384,65,362815
25754,61752438,65,362815
25755,61752483,65,362815
25756,61752834,65,362815
25757,61752843,65,362815
25758,61753248,65,362815
25759,61753284,65,362815
25760,61753428,65,362815
25761,61753482,65,362815
25762,61753824,65,362815
25763,61753842,65,362815
25764,61754238,65,362815
25765,61754283,65,362815
25766,61754328,65,362815
25767,61754382,65,362815
25768,61754823,65,362815
25769,61754832,65,362815
25770,61758234,65,362815
25771,61758243,65,362815
25772,61758324,65,362815
25773,61758342,65,362815
25774,61758423,65,362815
25775,61758432,65,362815
25776,61782345,65,362815
25777,61782354,65,362815
25778,61782435,65,362815
25779,61782453,65,362815
25780,61782534,65,362815
25781,61782543,65,362815
25782,61783245,65,362815
25783,61783254,65,362815
25784,61783425,65,362815
25785,61783452,65,362815
25786,61783524,65,362815
25787,61783542,65,362815
25788,61784235,65,362815
25789,61784253,65,362815
25790,61784325,65,362815
25791,61784352,65,362815
25792,61784523,65,362815
25793,61784532,65,362815
25794,61785234,65,362815
25795,61785243,65,362815
25796,61785324,65,362815
25797,61785342,65,362815
25798,61785423,65,362815
25799,61785432,65,362815
25800,61823457,65,362815
25801,61823475,65,362815
25802,61823547,65,362815
25803,61823574,65,362815
25804,61823745,65,362815
25805,61823754,65,362815
25806,61824357,65,362815
25807,61824375,65,362815
25808,61824537,65,362815
25809,61824573,65,362815
25810,61824735,65,362815
25811,61824753,65,362815
25812,61825347,65,362815
25813,61825374,65,362815
25814,61825437,65,362815
25815,61825473,65,362815
25816,61825734,65,362815
25817,61825743,65,362815
25818,61827345,65,362815
25819,61827354,65,362815
25820,61827435,65,362815
25821,61827453,65,362815
25822,61827534,65,362815
25823,61827543,65,362815
25824,61832457,65,362815
25825,61832475,65,362815
25826,61832547,65,362815
25827,61832574,65,362815
25828,61832745,65,362815
25829,61832754,65,362815
25830,61834257,65,362815
25831,61834275,65,362815
25832,61834527,65,362815
25833,61834572,65,362815
25834,61834725,65,362815
25835,61834752,65,362815
25836,61835247,65,362815
25837,61835274,65,362815
25838,61835427,65,362815
25839,61835472,65,362815
25840,61835724,65,362815
25841,61835742,65,362815
25842,61837245,65,362815
25843,61837254,65,362815
25844,61837425,65,362815
25845,61837452,65,362815
25846,61837524,65,362815
25847,61837542,65,362815
25848,61842357,65,362815
25849,61842375,65,362815
25850,61842537,65,362815
25851,61842573,65,362815
25852,61842735,65,362815
25853,61842753,65,362815
25854,61843257,65,362815
25855,61843275,65,362815
25856,61843527,65,362815
25857,61843572,65,362815
25858,61843725,65,362815
25859,61843752,65,362815
25860,61845237,65,362815
25861,61845273,65,362815
25862,61845327,65,362815
25863,61845372,65,362815
25864,61845723,65,362815
25865,61845732,65,362815
25866,61847235,65,362815
25867,61847253,65,362815
25868,61847325,65,362815
25869,61847352,65,362815
25870,61847523,65,362815
25871,61847532,65,362815
25872,61852347,65,362815
25873,61852374,65,362815
25874,61852437,65,362815
25875,61852473,65,362815
25876,61852734,65,362815
25877,61852743,65,362815
25878,61853247,65,362815
25879,61853274,65,362815
25880,61853427,65,362815
25881,61853472,65,362815
25882,61853724,65,362815
25883,61853742,65,362815
25884,61854237,65,362815
25885,61854273,65,362815
25886,61854327,65,362815
25887,61854372,65,362815
25888,61854723,65,362815
25889,61854732,65,362815
25890,61857234,65,362815
25891,61857243,65,362815
25892,61857324,65,362815
25893,61857342,65,362815
25894,61857423,65,362815
25895,61857432,65,362815
25896,61872345,65,362815
25897,61872354,65,362815
25898,61872435,65,362815
25899,61872453,65,362815
25900,61872534,65,362815
25901,61872543,65,362815
25902,61873245,65,362815
25903,61873254,65,362815
25904,61873425,65,362815
25905,61873452,65,362815
25906,61873524,65,362815
25907,61873542,65,362815
25908,61874235,65,362815
25909,61874253,65,362815
25910,61874325,65,362815
25911,61874352,65,362815
25912,61874523,65,362815
25913,61874532,65,362815
25914,61875234,65,362815
25915,61875243,65,362815
25916,61875324,65,362815
25917,61875342,65,362815
25918,61875423,65,362815
25919,61875432,65,362815
25920,62134578,65,362815
25921,62134587,65,362815
25922,62134758,65,362815
25923,62134785,65,362815
25924,62134857,65,362815
25925,62134875,65,362815
25926,62135478,65,362815
25927,62135487,65,362815
25928,62135748,65,362815
25929,62135784,65,362815
25930,62135847,65,362815
25931,62135874,65,362815
25932,62137458,65,362815
25933,62137485,65,362815
25934,62137548,65,362815
25935,62137584,65,362815
25936,62137845,65,362815
25937,62137854,65,362815
25938,62138457,65,362815
25939,62138475,65,362815
25940,62138547,65,362815
25941,62138574,65,362815
25942,62138745,65,362815
25943,62138754,65,362815
25944,62143578,65,362815
25945,62143587,65,362815
25946,62143758,65,362815
25947,62143785,65,362815
25948,62143857,65,362815
25949,62143875,65,362815
25950,62145378,65,362815
25951,62145387,65,362815
25952,62145738,65,362815
25953,62145783,65,362815
25954,62145837,65,362815
25955,62145873,65,362815
25956,62147358,65,362815
25957,62147385,65,362815
25958,62147538,65,362815
25959,62147583,65,362815
25960,62147835,65,362815
25961,62147853,65,362815
25962,62148357,65,362815
25963,62148375,65,362815
25964,62148537,65,362815
25965,62148573,65,362815
25966,62148735,65,362815
25967,62148753,65,362815
25968,62153478,65,362815
25969,62153487,65,362815
25970,62153748,65,362815
25971,62153784,65,362815
25972,62153847,65,362815
25973,62153874,65,362815
25974,62154378,65,362815
25975,62154387,65,362815
25976,62154738,65,362815
25977,62154783,65,362815
25978,62154837,65,362815
25979,62154873,65,362815
25980,62157348,65,362815
25981,62157384,65,362815
25982,62157438,65,362815
25983,62157483,65,362815
25984,62157834,65,362815
25985,62157843,65,362815
25986,62158347,65,362815
25987,62158374,65,362815
25988,62158437,65,362815
25989,62158473,65,362815
25990,62158734,65,362815
25991,62158743,65,362815
25992,62173458,65,362815
25993,62173485,65,362815
25994,62173548,65,362815
25995,62173584,65,362815
25996,62173845,65,362815
25997,62173854,65,362815
25998,62174358,65,362815
25999,62174385,65,362815
26000,62174538,65,362815
26001,62174583,65,362815
26002,62174835,65,362815
26003,62174853,65,362815
26004,62175348,65,362815
26005,62175384,65,362815
26006,62175438,65,362815
26007,62175483,65,362815
26008,62175834,65,362815
26009,62175843,65,362815
26010,62178345,65,362815
26011,62178354,65,362815
26012,62178435,65,362815
26013,62178453,65,362815
26014,62178534,65,362815
26015,62178543,65,362815
26016,62183457,65,362815
26017,62183475,65,362815
26018,62183547,65,362815
26019,62183574,65,362815
26020,62183745,65,362815
26021,62183754,65,362815
26022,62184357,65,362815
26023,62184375,65,362815
26024,62184537,65,362815
26025,62184573,65,362815
26026,62184735,65,362815
26027,62184753,65,362815
26028,62185347,65,362815
26029,62185374,65,362815
26030,62185437,65,362815
26031,62185473,65,362815
26032,62185734,65,362815
26033,62185743,65,362815
26034,62187345,65,362815
26035,62187354,65,362815
26036,62187435,65,362815
26037,62187453,65,362815
26038,62187534,65,362815
26039,62187543,65,362815
26040,62314578,65,362815
26041,62314587,65,362815
26042,62314758,65,362815
26043,62314785,65,362815
26044,62314857,65,362815
26045,62314875,65,362815
26046,62315478,65,362815
26047,62315487,65,362815
26048,62315748,65,362815
26049,62315784,65,362815
26050,62315847,65,362815
26051,62315874,65,362815
26052,62317458,65,362815
26053,62317485,65,362815
26054,62317548,65,362815
26055,62317584,65,362815
26056,62317845,65,362815
26057,62317854,65,362815
26058,62318457,65,362815
26059,62318475,65,362815
26060,62318547,65,362815
26061,62318574,65,362815
26062,62318745,65,362815
26063,62318754,65,362815
26064,62341578,65,362815
26065,62341587,65,362815
26066,62341758,65,362815
26067,62341785,65,362815
26068,62341857,65,362815
26069,62341875,65,362815
26070,62345178,65,362815
26071,62345187,65,362815
26072,62345718,65,362815
26073,62345781,65,362815
26074,62345817,65,362815
26075,62345871,65,362815
26076,62347158,65,362815
26077,62347185,65,362815
26078,62347518,65,362815
26079,62347581,65,362815
26080,62347815,65,362815
26081,62347851,65,362815
26082,62348157,65,362815
26083,62348175,65,362815
26084,62348517,65,362815
26085,62348571,65,362815
26086,62348715,65,362815
26087,62348751,65,362815
26088,62351478,65,362815
26089,62351487,65,362815
26090,62351748,65,362815
26091,62351784,65,362815
26092,62351847,65,362815
26093,62351874,65,362815
26094,62354178,65,362815
26095,62354187,65,362815
26096,62354718,65,362815
26097,62354781,65,362815
26098,62354817,65,362815
26099,62354871,65,362815
26100,62357148,65,362815
26101,62357184,65,362815
26102,62357418,65,362815
26103,62357481,65,362815
26104,62357814,65,362815
26105,62357841,65,362815
26106,62358147,65,362815
26107,62358174,65,362815
26108,62358417,65,362815
26109,62358471,65,362815
26110,62358714,65,362815
26111,62358741,65,362815
26112,62371458,65,362815
26113,62371485,65,362815
26114,62371548,65,362815
26115,62371584,65,362815
26116,62371845,65,362815
26117,62371854,65,362815
26118,62374158,65,362815
26119,62374185,65,362815
26120,62374518,65,362815
26121,62374581,65,362815
26122,62374815,65,362815
26123,62374851,65,362815
26124,62375148,65,362815
26125,62375184,65,362815
26126,62375418,65,362815
26127,62375481,65,362815
26128,62375814,65,362815
26129,62375841,65,362815
26130,62378145,65,362815
26131,62378154,65,362815
26132,62378415,65,362815
26133,62378451,65,362815
26134,62378514,65,362815
26135,62378541,65,362815
26136,62381457,65,362815
26137,62381475,65,362815
26138,62381547,65,362815
26139,62381574,65,362815
26140,62381745,65,362815
26141,62381754,65,362815
26142,62384157,65,362815
26143,62384175,65,362815
26144,62384517,65,362815
26145,62384571,65,362815
26146,62384715,65,362815
26147,62384751,65,362815
26148,62385147,65,362815
26149,62385174,65,362815
26150,62385417,65,362815
26151,62385471,65,362815
26152,62385714,65,362815
26153,62385741,65,362815
26154,62387145,65,362815
26155,62387154,65,362815
26156,62387415,65,362815
26157,62387451,65,362815
26158,62387514,65,362815
26159,62387541,65,362815
26160,62413578,65,362815
26161,62413587,65,362815
26162,62413758,65,362815
26163,62413785,65,362815
26164,62413857,65,362815
26165,62413875,65,362815
26166,62415378,65,362815
26167,62415387,65,362815
26168,62415738,65,362815
26169,62415783,65,362815
26170,62415837,65,362815
26171,62415873,65,362815
26172,62417358,65,362815
26173,62417385,65,362815
26174,62417538,65,362815
26175,62417583,65,362815
26176,62417835,65,362815
26177,62417853,65,362815
26178,62418357,65,362815
26179,62418375,65,362815
26180,62418537,65,362815
26181,62418573,65,362815
26182,62418735,65,362815
26183,62418753,65,362815
26184,62431578,65,362815
26185,62431587,65,362815
26186,62431758,65,362815
26187,62431785,65,362815
26188,62431857,65,362815
26189,62431875,65,362815
26190,62435178,65,362815
26191,62435187,65,362815
26192,62435718,65,362815
26193,62435781,65,362815
26194,62435817,65,362815
26195,62435871,65,362815
26196,62437158,65,362815
26197,62437185,65,362815
26198,62437518,65,362815
26199,62437581,65,362815
26200,62437815,65,362815
26201,62437851,65,362815
26202,62438157,65,362815
26203,62438175,65,362815
26204,62438517,65,362815
26205,62438571,65,362815
26206,62438715,65,362815
26207,62438751,65,362815
26208,62451378,65,362815
26209,62451387,65,362815
26210,62451738,65,362815
26211,62451783,65,362815
26212,62451837,65,362815
26213,62451873,65,362815
26214,62453178,65,362815
26215,62453187,65,362815
26216,62453718,65,362815
26217,62453781,65,362815
26218,62453817,65,362815
26219,62453871,65,362815
26220,62457138,65,362815
26221,62457183,65,362815
26222,62457318,65,362815
26223,62457381,65,362815
26224,62457813,65,362815
26225,62457831,65,362815
26226,62458137,65,362815
26227,62458173,65,362815
26228,62458317,65,362815
26229,62458371,65,362815
26230,62458713,65,362815
26231,62458731,65,362815
26232,62471358,65,362815
26233,62471385,65,362815
26234,62471538,65,362815
26235,62471583,65,362815
26236,62471835,65,362815
26237,62471853,65,362815
26238,62473158,65,362815
26239,62473185,65,362815
26240,62473518,65,362815
26241,62473581,65,362815
26242,62473815,65,362815
26243,62473851,65,362815
26244,62475138,65,362815
26245,62475183,65,362815
26246,62475318,65,362815
26247,62475381,65,362815
26248,62475813,65,362815
26249,62475831,65,362815
26250,62478135,65,362815
26251,62478153,65,362815
26252,62478315,65,362815
26253,62478351,65,362815
26254,62478513,65,362815
26255,62478531,65,362815
26256,62481357,65,362815
26257,62481375,65,362815
26258,62481537,65,362815
26259,62481573,65,362815
26260,62481735,65,362815
26261,62481753,65,362815
26262,62483157,65,362815
26263,62483175,65,362815
26264,62483517,65,362815
26265,62483571,65,362815
26266,62483715,65,362815
26267,62483751,65,362815
26268,62485137,65,362815
26269,62485173,65,362815
26270,62485317,65,362815
26271,62485371,65,362815
26272,62485713,65,362815
26273,62485731,65,362815
26274,62487135,65,362815
26275,62487153,65,362815
26276,62487315,65,362815
26277,62487351,65,362815
26278,62487513,65,362815
26279,62487531,65,362815
26280,62513478,65,362815
26281,62513487,65,362815
26282,62513748,65,362815
26283,62513784,65,362815
26284,62513847,65,362815
26285,62513874,65,362815
26286,62514378,65,362815
26287,62514387,65,362815
26288,62514738,65,362815
26289,62514783,65,362815
26290,62514837,65,362815
26291,62514873,65,362815
26292,62517348,65,362815
26293,62517384,65,362815
26294,62517438,65,362815
26295,62517483,65,362815
26296,62517834,65,362815
26297,62517843,65,362815
26298,62518347,65,362815
26299,62518374,65,362815
26300,62518437,65,362815
26301,62518473,65,362815
26302,62518734,65,362815
26303,62518743,65,362815
26304,62531478,65,362815
26305,62531487,65,362815
26306,62531748,65,362815
26307,62531784,65,362815
26308,62531847,65,362815
26309,62531874,65,362815
26310,62534178,65,362815
26311,62534187,65,362815
26312,62534718,65,362815
26313,62534781,65,362815
26314,62534817,65,362815
26315,62534871,65,362815
26316,62537148,65,362815
26317,62537184,65,362815
26318,62537418,65,362815
26319,62537481,65,362815
26320,62537814,65,362815
26321,62537841,65,362815
26322,62538147,65,362815
26323,62538174,65,362815
26324,62538417,65,362815
26325,62538471,65,362815
26326,62538714,65,362815
26327,62538741,65,362815
26328,62541378,65,362815
26329,62541387,65,362815
26330,62541738,65,362815
26331,62541783,65,362815
26332,62541837,65,362815
26333,62541873,65,362815
26334,62543178,65,362815
26335,62543187,65,362815
26336,62543718,65,362815
26337,62543781,65,362815
26338,62543817,65,362815
26339,62543871,65,362815
26340,62547138,65,362815
26341,62547183,65,362815
26342,62547318,65,362815
26343,62547381,65,362815
26344,62547813,65,362815
26345,62547831,65,362815
26346,62548137,65,362815
26347,62548173,65,362815
26348,62548317,65,362815
26349,62548371,65,362815
26350,62548713,65,362815
26351,62548731,65,362815
26352,62571348,65,362815
26353,62571384,65,362815
26354,62571438,65,362815
26355,62571483,65,362815
26356,62571834,65,362815
26357,62571843,65,362815
26358,62573148,65,362815
26359,62573184,65,362815
26360,62573418,65,362815
26361,62573481,65,362815
26362,62573814,65,362815
26363,62573841,65,362815
26364,62574138,65,362815
26365,62574183,65,362815
26366,62574318,65,362815
26367,62574381,65,362815
26368,62574813,65,362815
26369,62574831,65,362815
26370,62578134,65,362815
26371,62578143,65,362815
26372,62578314,65,362815
26373,62578341,65,362815
26374,62578413,65,362815
26375,62578431,65,362815
26376,62581347,65,362815
26377,62581374,65,362815
26378,62581437,65,362815
26379,62581473,65,362815
26380,62581734,65,362815
26381,62581743,65,362815
26382,62583147,65,362815
26383,62583174,65,362815
26384,62583417,65,362815
26385,62583471,65,362815
26386,62583714,65,362815
26387,62583741,65,362815
26388,62584137,65,362815
26389,62584173,65,362815
26390,62584317,65,362815
26391,62584371,65,362815
26392,62584713,65,362815
26393,62584731,65,362815
26394,62587134,65,362815
26395,62587143,65,362815
26396,62587314,65,362815
26397,62587341,65,362815
26398,62587413,65,362815
26399,62587431,65,362815
26400,62713458,65,362815
26401,62713485,65,362815
26402,62713548,65,362815
26403,62713584,65,362815
26404,62713845,65,362815
26405,62713854,65,362815
26406,62714358,65,362815
26407,62714385,65,362815
26408,62714538,65,362815
26409,62714583,65,362815
26410,62714835,65,362815
26411,62714853,65,362815
26412,62715348,65,362815
26413,62715384,65,362815
26414,62715438,65,362815
26415,62715483,65,362815
26416,62715834,65,362815
26417,62715843,65,362815
26418,62718345,65,362815
26419,62718354,65,362815
26420,62718435,65,362815
26421,62718453,65,362815
26422,62718534,65,362815
26423,62718543,65,362815
26424,62731458,65,362815
26425,62731485,65,362815
26426,62731548,65,362815
26427,62731584,65,362815
26428,62731845,65,362815
26429,62731854,65,362815
26430,62734158,65,362815
26431,62734185,65,362815
26432,62734518,65,362815
26433,62734581,65,362815
26434,62734815,65,362815
26435,62734851,65,362815
26436,62735148,65,362815
26437,62735184,65,362815
26438,62735418,65,362815
26439,62735481,65,362815
26440,62735814,65,362815
26441,62735841,65,362815
26442,62738145,65,362815
26443,62738154,65,362815
26444,62738415,65,362815
26445,62738451,65,362815
26446,62738514,65,362815
26447,62738541,65,362815
26448,62741358,65,362815
26449,62741385,65,362815
26450,62741538,65,362815
26451,62741583,65,362815
26452,62741835,65,362815
26453,62741853,65,362815
26454,62743158,65,362815
26455,62743185,65,362815
26456,62743518,65,362815
26457,62743581,65,362815
26458,62743815,65,362815
26459,62743851,65,362815
26460,62745138,65,362815
26461,62745183,65,362815
26462,62745318,65,362815
26463,62745381,65,362815
26464,62745813,65,362815
26465,62745831,65,362815
26466,62748135,65,362815
26467,62748153,65,362815
26468,62748315,65,362815
26469,62748351,65,362815
26470,62748513,65,362815
26471,62748531,65,362815
26472,62751348,65,362815
26473,62751384,65,362815
26474,62751438,65,362815
26475,62751483,65,362815
26476,62751834,65,362815
26477,62751843,65,362815
26478,62753148,65,362815
26479,62753184,65,362815
26480,62753418,65,362815
26481,62753481,65,362815
26482,62753814,65,362815
26483,62753841,65,362815
26484,62754138,65,362815
26485,62754183,65,362815
26486,62754318,65,362815
26487,62754381,65,362815
26488,62754813,65,362815
26489,62754831,65,362815
26490,62758134,65,362815
26491,62758143,65,362815
26492,62758314,65,362815
26493,62758341,65,362815
26494,62758413,65,362815
26495,62758431,65,362815
26496,62781345,65,362815
26497,62781354,65,362815
26498,62781435,65,362815
26499,62781453,65,362815
26500,62781534,65,362815
26501,62781543,65,362815
26502,62783145,65,362815
26503,62783154,65,362815
26504,62783415,65,362815
26505,62783451,65,362815
26506,62783514,65,362815
26507,62783541,65,362815
26508,62784135,65,362815
26509,62784153,65,362815
26510,62784315,65,362815
26511,62784351,65,362815
26512,62784513,65,362815
26513,62784531,65,362815
26514,62785134,65,362815
26515,62785143,65,362815
26516,62785314,65,362815
26517,62785341,65,362815
26518,62785413,65,362815
26519,62785431,65,362815
26520,62813457,65,362815
26521,62813475,65,362815
26522,62813547,65,362815
26523,62813574,65,362815
26524,62813745,65,362815
26525,62813754,65,362815
26526,62814357,65,362815
26527,62814375,65,362815
26528,62814537,65,362815
26529,62814573,65,362815
26530,62814735,65,362815
26531,62814753,65,362815
26532,62815347,65,362815
26533,62815374,65,362815
26534,62815437,65,362815
26535,62815473,65,362815
26536,62815734,65,362815
26537,62815743,65,362815
26538,62817345,65,362815
26539,62817354,65,362815
26540,62817435,65,362815
26541,62817453,65,362815
26542,62817534,65,362815
26543,62817543,65,362815
26544,62831457,65,362815
26545,62831475,65,362815
26546,62831547,65,362815
26547,62831574,65,362815
26548,62831745,65,362815
26549,62831754,65,362815
26550,62834157,65,362815
26551,62834175,65,362815
26552,62834517,65,362815
26553,62834571,65,362815
26554,62834715,65,362815
26555,62834751,65,362815
26556,62835147,65,362815
26557,62835174,65,362815
26558,62835417,65,362815
26559,62835471,65,362815
26560,62835714,65,362815
26561,62835741,65,362815
26562,62837145,65,362815
26563,62837154,65,362815
26564,62837415,65,362815
26565,62837451,65,362815
26566,62837514,65,362815
26567,62837541,65,362815
26568,62841357,65,362815
26569,62841375,65,362815
26570,62841537,65,362815
26571,62841573,65,362815
26572,62841735,65,362815
26573,62841753,65,362815
26574,62843157,65,362815
26575,62843175,65,362815
26576,62843517,65,362815
26577,62843571,65,362815
26578,62843715,65,362815
26579,62843751,65,362815
26580,62845137,65,362815
26581,62845173,65,362815
26582,62845317,65,362815
26583,62845371,65,362815
26584,62845713,65,362815
26585,62845731,65,362815
26586,62847135,65,362815
26587,62847153,65,362815
26588,62847315,65,362815
26589,62847351,65,362815
26590,62847513,65,362815
26591,62847531,65,362815
26592,62851347,65,362815
26593,62851374,65,362815
26594,62851437,65,362815
26595,62851473,65,362815
26596,62851734,65,362815
26597,62851743,65,362815
26598,62853147,65,362815
26599,62853174,65,362815
26600,62853417,65,362815
26601,62853471,65,362815
26602,62853714,65,362815
26603,62853741,65,362815
26604,62854137,65,362815
26605,62854173,65,362815
26606,62854317,65,362815
26607,62854371,65,362815
26608,62854713,65,362815
26609,62854731,65,362815
26610,62857134,65,362815
26611,62857143,65,362815
26612,62857314,65,362815
26613,62857341,65,362815
26614,62857413,65,362815
26615,62857431,65,362815
26616,62871345,65,362815
26617,62871354,65,362815
26618,62871435,65,362815
26619,62871453,65,362815
26620,62871534,65,362815
26621,62871543,65,362815
26622,62873145,65,362815
26623,62873154,65,362815
26624,62873415,65,362815
26625,62873451,65,362815
26626,62873514,65,362815
26627,62873541,65,362815
26628,62874135,65,362815
26629,62874153,65,362815
26630,62874315,65,362815
26631,62874351,65,362815
26632,62874513,65,362815
26633,62874531,65,362815
26634,62875134,65,362815
26635,62875143,65,362815
26636,62875314,65,362815
26637,62875341,65,362815
26638,62875413,65,362815
26639,62875431,65,362815
26640,63124578,65,362815
26641,63124587,65,362815
26642,63124758,65,362815
26643,63124785,65,362815
26644,63124857,65,362815
26645,63124875,65,362815
26646,63125478,65,362815
26647,63125487,65,362815
26648,63125748,65,362815
26649,63125784,65,362815
26650,63125847,65,362815
26651,63125874,65,362815
26652,63127458,65,362815
26653,63127485,65,362815
26654,63127548,65,362815
26655,63127584,65,362815
26656,63127845,65,362815
26657,63127854,65,362815
26658,63128457,65,362815
26659,63128475,65,362815
26660,63128547,65,362815
26661,63128574,65,362815
26662,63128745,65,362815
26663,63128754,65,362815
26664,63142578,65,362815
26665,63142587,65,362815
26666,63142758,65,362815
26667,63142785,65,362815
26668,63142857,65,362815
26669,63142875,65,362815
26670,63145278,65,362815
26671,63145287,65,362815
26672,63145728,65,362815
26673,63145782,65,362815
26674,63145827,65,362815
26675,63145872,65,362815
26676,63147258,65,362815
26677,63147285,65,362815
26678,63147528,65,362815
26679,63147582,65,362815
26680,63147825,65,362815
26681,63147852,65,362815
26682,63148257,65,362815
26683,63148275,65,362815
26684,63148527,65,362815
26685,63148572,65,362815
26686,63148725,65,362815
26687,63148752,65,362815
26688,63152478,65,362815
26689,63152487,65,362815
26690,63152748,65,362815
26691,63152784,65,362815
26692,63152847,65,362815
26693,63152874,65,362815
26694,63154278,65,362815
26695,63154287,65,362815
26696,63154728,65,362815
26697,63154782,65,362815
26698,63154827,65,362815
26699,63154872,65,362815
26700,63157248,65,362815
26701,63157284,65,362815
26702,63157428,65,362815
26703,63157482,65,362815
26704,63157824,65,362815
26705,63157842,65,362815
26706,63158247,65,362815
26707,63158274,65,362815
26708,63158427,65,362815
26709,63158472,65,362815
26710,63158724,65,362815
26711,63158742,65,362815
26712,63172458,65,362815
26713,63172485,65,362815
26714,63172548,65,362815
26715,63172584,65,362815
26716,63172845,65,362815
26717,63172854,65,362815
26718,63174258,65,362815
26719,63174285,65,362815
26720,63174528,65,362815
26721,63174582,65,362815
26722,63174825,65,362815
26723,63174852,65,362815
26724,63175248,65,362815
26725,63175284,65,362815
26726,63175428,65,362815
26727,63175482,65,362815
26728,63175824,65,362815
26729,63175842,65,362815
26730,63178245,65,362815
26731,63178254,65,362815
26732,63178425,65,362815
26733,63178452,65,362815
26734,63178524,65,362815
26735,63178542,65,362815
26736,63182457,65,362815
26737,63182475,65,362815
26738,63182547,65,362815
26739,63182574,65,362815
26740,63182745,65,362815
26741,63182754,65,362815
26742,63184257,65,362815
26743,63184275,65,362815
26744,63184527,65,362815
26745,63184572,65,362815
26746,63184725,65,362815
26747,63184752,65,362815
26748,63185247,65,362815
26749,63185274,65,362815
26750,63185427,65,362815
26751,63185472,65,362815
26752,63185724,65,362815
26753,63185742,65,362815
26754,63187245,65,362815
26755,63187254,65,362815
26756,63187425,65,362815
26757,63187452,65,362815
26758,63187524,65,362815
26759,63187542,65,362815
26760,63214578,65,362815
26761,63214587,65,362815
26762,63214758,65,362815
26763,63214785,65,362815
26764,63214857,65,362815
26765,63214875,65,362815
26766,63215478,65,362815
26767,63215487,65,362815
26768,63215748,65,362815
26769,63215784,65,362815
26770,63215847,65,362815
26771,63215874,65,362815
26772,63217458,65,362815
26773,63217485,65,362815
26774,63217548,65,362815
26775,63217584,65,362815
26776,63217845,65,362815
26777,63217854,65,362815
26778,63218457,65,362815
26779,63218475,65,362815
26780,63218547,65,362815
26781,63218574,65,362815
26782,63218745,65,362815
26783,63218754,65,362815
26784,63241578,65,362815
26785,63241587,65,362815
26786,63241758,65,362815
26787,63241785,65,362815
26788,63241857,65,362815
26789,63241875,65,362815
26790,63245178,65,362815
26791,63245187,65,362815
26792,63245718,65,362815
26793,63245781,65,362815
26794,63245817,65,362815
26795,63245871,65,362815
26796,63247158,65,362815
26797,63247185,65,362815
26798,63247518,65,362815
26799,63247581,65,362815
26800,63247815,65,362815
26801,63247851,65,362815
26802,63248157,65,362815
26803,63248175,65,362815
26804,63248517,65,362815
26805,63248571,65,362815
26806,63248715,65,362815
26807,63248751,65,362815
26808,63251478,65,362815
26809,63251487,65,362815
26810,63251748,65,362815
26811,63251784,65,362815
26812,63251847,65,362815
26813,63251874,65,362815
26814,63254178,65,362815
26815,63254187,65,362815
26816,63254718,65,362815
26817,63254781,65,362815
26818,63254817,65,362815
26819,63254871,65,362815
26820,63257148,65,362815
26821,63257184,65,362815
26822,63257418,65,362815
26823,63257481,65,362815
26824,63257814,65,362815
26825,63257841,65,362815
26826,63258147,65,362815
26827,63258174,65,362815
26828,63258417,65,362815
26829,63258471,65,362815
26830,63258714,65,362815
26831,63258741,65,362815
26832,63271458,65,362815
26833,63271485,65,362815
26834,63271548,65,362815
26835,63271584,65,362815
26836,63271845,65,362815
26837,63271854,65,362815
26838,63274158,65,362815
26839,63274185,65,362815
26840,63274518,65,362815
26841,63274581,65,362815
26842,63274815,65,362815
26843,63274851,65,362815
26844,63275148,65,362815
26845,63275184,65,362815
26846,63275418,65,362815
26847,63275481,65,362815
26848,63275814,65,362815
26849,63275841,65,362815
26850,63278145,65,362815
26851,63278154,65,362815
26852,63278415,65,362815
26853,63278451,65,362815
26854,63278514,65,362815
26855,63278541,65,362815
26856,63281457,65,362815
26857,63281475,65,362815
26858,63281547,65,362815
26859,63281574,65,362815
26860,63281745,65,362815
26861,63281754,65,362815
26862,63284157,65,362815
26863,63284175,65,362815
26864,63284517,65,362815
26865,63284571,65,362815
26866,63284715,65,362815
26867,63284751,65,362815
26868,63285147,65,362815
26869,63285174,65,362815
26870,63285417,65,362815
26871,63285471,65,362815
26872,63285714,65,362815
26873,63285741,65,362815
26874,63287145,65,362815
26875,63287154,65,362815
26876,63287415,65,362815
26877,63287451,65,362815
26878,63287514,65,362815
26879,63287541,65,362815
26880,63412578,65,362815
26881,63412587,65,362815
26882,63412758,65,362815
26883,63412785,65,362815
26884,63412857,65,362815
26885,63412875,65,362815
26886,63415278,65,362815
26887,63415287,65,362815
26888,63415728,65,362815
26889,63415782,65,362815
26890,63415827,65,362815
26891,63415872,65,362815
26892,63417258,65,362815
26893,63417285,65,362815
26894,63417528,65,362815
26895,63417582,65,362815
26896,63417825,65,362815
26897,63417852,65,362815
26898,63418257,65,362815
26899,63418275,65,362815
26900,63418527,65,362815
26901,63418572,65,362815
26902,63418725,65,362815
26903,63418752,65,362815
26904,63421578,65,362815
26905,63421587,65,362815
26906,63421758,65,362815
26907,63421785,65,362815
26908,63421857,65,362815
26909,63421875,65,362815
26910,63425178,65,362815
26911,63425187,65,362815
26912,63425718,65,362815
26913,63425781,65,362815
26914,63425817,65,362815
26915,63425871,65,362815
26916,63427158,65,362815
26917,63427185,65,362815
26918,63427518,65,362815
26919,63427581,65,362815
26920,63427815,65,362815
26921,63427851,65,362815
26922,63428157,65,362815
26923,63428175,65,362815
26924,63428517,65,362815
26925,63428571,65,362815
26926,63428715,65,362815
26927,63428751,65,362815
26928,63451278,65,362815
26929,63451287,65,362815
26930,63451728,65,362815
26931,63451782,65,362815
26932,63451827,65,362815
26933,63451872,65,362815
26934,63452178,65,362815
26935,63452187,65,362815
26936,63452718,65,362815
26937,63452781,65,362815
26938,63452817,65,362815
26939,63452871,65,362815
26940,63457128,65,362815
26941,63457182,65,362815
26942,63457218,65,362815
26943,63457281,65,362815
26944,63457812,65,362815
26945,63457821,65,362815
26946,63458127,65,362815
26947,63458172,65,362815
26948,63458217,65,362815
26949,63458271,65,362815
26950,63458712,65,362815
26951,63458721,65,362815
26952,63471258,65,362815
26953,63471285,65,362815
26954,63471528,65,362815
26955,63471582,65,362815
26956,63471825,65,362815
26957,63471852,65,362815
26958,63472158,65,362815
26959,63472185,65,362815
26960,63472518,65,362815
26961,63472581,65,362815
26962,63472815,65,362815
26963,63472851,65,362815
26964,63475128,65,362815
26965,63475182,65,362815
26966,63475218,65,362815
26967,63475281,65,362815
26968,63475812,65,362815
26969,63475821,65,362815
26970,63478125,65,362815
26971,63478152,65,362815
26972,63478215,65,362815
26973,63478251,65,362815
26974,63478512,65,362815
26975,63478521,65,362815
26976,63481257,65,362815
26977,63481275,65,362815
26978,63481527,65,362815
26979,63481572,65,362815
26980,63481725,65,362815
26981,63481752,65,362815
26982,63482157,65,362815
26983,63482175,65,362815
26984,63482517,65,362815
26985,63482571,65,362815
26986,63482715,65,362815
26987,63482751,65,362815
26988,63485127,65,362815
26989,63485172,65,362815
26990,63485217,65,362815
26991,63485271,65,362815
26992,63485712,65,362815
26993,63485721,65,362815
26994,63487125,65,362815
26995,63487152,65,362815
26996,63487215,65,362815
26997,63487251,65,362815
26998,63487512,65,362815
26999,63487521,65,362815
27000,63512478,65,362815
27001,63512487,65,362815
27002,63512748,65,362815
27003,63512784,65,362815
27004,63512847,65,362815
27005,63512874,65,362815
27006,63514278,65,362815
27007,63514287,65,362815
27008,63514728,65,362815
27009,63514782,65,362815
27010,63514827,65,362815
27011,63514872,65,362815
27012,63517248,65,362815
27013,63517284,65,362815
27014,63517428,65,362815
27015,63517482,65,362815
27016,63517824,65,362815
27017,63517842,65,362815
27018,63518247,65,362815
27019,63518274,65,362815
27020,63518427,65,362815
27021,63518472,65,362815
27022,63518724,65,362815
27023,63518742,65,362815
27024,63521478,65,362815
27025,63521487,65,362815
27026,63521748,65,362815
27027,63521784,65,362815
27028,63521847,65,362815
27029,63521874,65,362815
27030,63524178,65,362815
27031,63524187,65,362815
27032,63524718,65,362815
27033,63524781,65,362815
27034,63524817,65,362815
27035,63524871,65,362815
27036,63527148,65,362815
27037,63527184,65,362815
27038,63527418,65,362815
27039,63527481,65,362815
27040,63527814,65,362815
27041,63527841,65,362815
27042,63528147,65,362815
27043,63528174,65,362815
27044,63528417,65,362815
27045,63528471,65,362815
27046,63528714,65,362815
27047,63528741,65,362815
27048,63541278,65,362815
27049,63541287,65,362815
27050,63541728,65,362815
27051,63541782,65,362815
27052,63541827,65,362815
27053,63541872,65,362815
27054,63542178,65,362815
27055,63542187,65,362815
27056,63542718,65,362815
27057,63542781,65,362815
27058,63542817,65,362815
27059,63542871,65,362815
27060,63547128,65,362815
27061,63547182,65,362815
27062,63547218,65,362815
27063,63547281,65,362815
27064,63547812,65,362815
27065,63547821,65,362815
27066,63548127,65,362815
27067,63548172,65,362815
27068,63548217,65,362815
27069,63548271,65,362815
27070,63548712,65,362815
27071,63548721,65,362815
27072,63571248,65,362815
27073,63571284,65,362815
27074,63571428,65,362815
27075,63571482,65,362815
27076,63571824,65,362815
27077,63571842,65,362815
27078,63572148,65,362815
27079,63572184,65,362815
27080,63572418,65,362815
27081,63572481,65,362815
27082,63572814,65,362815
27083,63572841,65,362815
27084,63574128,65,362815
27085,63574182,65,362815
27086,63574218,65,362815
27087,63574281,65,362815
27088,63574812,65,362815
27089,63574821,65,362815
27090,63578124,65,362815
27091,63578142,65,362815
27092,63578214,65,362815
27093,63578241,65,362815
27094,63578412,65,362815
27095,63578421,65,362815
27096,63581247,65,362815
27097,63581274,65,362815
27098,63581427,65,362815
27099,63581472,65,362815
27100,63581724,65,362815
27101,63581742,65,362815
27102,63582147,65,362815
27103,63582174,65,362815
27104,63582417,65,362815
27105,63582471,65,362815
27106,63582714,65,362815
27107,63582741,65,362815
27108,63584127,65,362815
27109,63584172,65,362815
27110,63584217,65,362815
27111,63584271,65,362815
27112,63584712,65,362815
27113,63584721,65,362815
27114,63587124,65,362815
27115,63587142,65,362815
27116,63587214,65,362815
27117,63587241,65,362815
27118,63587412,65,362815
27119,63587421,65,362815
27120,63712458,65,362815
27121,63712485,65,362815
27122,63712548,65,362815
27123,63712584,65,362815
27124,63712845,65,362815
27125,63712854,65,362815
27126,63714258,65,362815
27127,63714285,65,362815
27128,63714528,65,362815
27129,63714582,65,362815
27130,63714825,65,362815
27131,63714852,65,362815
27132,63715248,65,362815
27133,63715284,65,362815
27134,63715428,65,362815
27135,63715482,65,362815
27136,63715824,65,362815
27137,63715842,65,362815
27138,63718245,65,362815
27139,63718254,65,362815
27140,63718425,65,362815
27141,63718452,65,362815
27142,63718524,65,362815
27143,63718542,65,362815
27144,63721458,65,362815
27145,63721485,65,362815
27146,63721548,65,362815
27147,63721584,65,362815
27148,63721845,65,362815
27149,63721854,65,362815
27150,63724158,65,362815
27151,63724185,65,362815
27152,63724518,65,362815
27153,63724581,65,362815
27154,63724815,65,362815
27155,63724851,65,362815
27156,63725148,65,362815
27157,63725184,65,362815
27158,63725418,65,362815
27159,63725481,65,362815
27160,63725814,65,362815
27161,63725841,65,362815
27162,63728145,65,362815
27163,63728154,65,362815
27164,63728415,65,362815
27165,63728451,65,362815
27166,63728514,65,362815
27167,63728541,65,362815
27168,63741258,65,362815
27169,63741285,65,362815
27170,63741528,65,362815
27171,63741582,65,362815
27172,63741825,65,362815
27173,63741852,65,362815
27174,63742158,65,362815
27175,63742185,65,362815
27176,63742518,65,362815
27177,63742581,65,362815
27178,63742815,65,362815
27179,63742851,65,362815
27180,63745128,65,362815
27181,63745182,65,362815
27182,63745218,65,362815
27183,63745281,65,362815
27184,63745812,65,362815
27185,63745821,65,362815
27186,63748125,65,362815
27187,63748152,65,362815
27188,63748215,65,362815
27189,63748251,65,362815
27190,63748512,65,362815
27191,63748521,65,362815
27192,63751248,65,362815
27193,63751284,65,362815
27194,63751428,65,362815
27195,63751482,65,362815
27196,63751824,65,362815
27197,63751842,65,362815
27198,63752148,65,362815
27199,63752184,65,362815
27200,63752418,65,362815
27201,63752481,65,362815
27202,63752814,65,362815
27203,63752841,65,362815
27204,63754128,65,362815
27205,63754182,65,362815
27206,63754218,65,362815
27207,63754281,65,362815
27208,63754812,65,362815
27209,63754821,65,362815
27210,63758124,65,362815
27211,63758142,65,362815
27212,63758214,65,362815
27213,63758241,65,362815
27214,63758412,65,362815
27215,63758421,65,362815
27216,63781245,65,362815
27217,63781254,65,362815
27218,63781425,65,362815
27219,63781452,65,362815
27220,63781524,65,362815
27221,63781542,65,362815
27222,63782145,65,362815
27223,63782154,65,362815
27224,63782415,65,362815
27225,63782451,65,362815
27226,63782514,65,362815
27227,63782541,65,362815
27228,63784125,65,362815
27229,63784152,65,362815
27230,63784215,65,362815
27231,63784251,65,362815
27232,63784512,65,362815
27233,63784521,65,362815
27234,63785124,65,362815
27235,63785142,65,362815
27236,63785214,65,362815
27237,63785241,65,362815
27238,63785412,65,362815
27239,63785421,65,362815
27240,63812457,65,362815
27241,63812475,65,362815
27242,63812547,65,362815
27243,63812574,65,362815
27244,63812745,65,362815
27245,63812754,65,362815
27246,63814257,65,362815
27247,63814275,65,362815
27248,63814527,65,362815
27249,63814572,65,362815
27250,63814725,65,362815
27251,63814752,65,362815
27252,63815247,65,362815
27253,63815274,65,362815
27254,63815427,65,362815
27255,63815472,65,362815
27256,63815724,65,362815
27257,63815742,65,362815
27258,63817245,65,362815
27259,63817254,65,362815
27260,63817425,65,362815
27261,63817452,65,362815
27262,63817524,65,362815
27263,63817542,65,362815
27264,63821457,65,362815
27265,63821475,65,362815
27266,63821547,65,362815
27267,63821574,65,362815
27268,63821745,65,362815
27269,63821754,65,362815
27270,63824157,65,362815
27271,63824175,65,362815
27272,63824517,65,362815
27273,63824571,65,362815
27274,63824715,65,362815
27275,63824751,65,362815
27276,63825147,65,362815
27277,63825174,65,362815
27278,63825417,65,362815
27279,63825471,65,362815
27280,63825714,65,362815
27281,63825741,65,362815
27282,63827145,65,362815
27283,63827154,65,362815
27284,63827415,65,362815
27285,63827451,65,362815
27286,63827514,65,362815
27287,63827541,65,362815
27288,63841257,65,362815
27289,63841275,65,362815
27290,63841527,65,362815
27291,63841572,65,362815
27292,63841725,65,362815
27293,63841752,65,362815
27294,63842157,65,362815
27295,63842175,65,362815
27296,63842517,65,362815
27297,63842571,65,362815
27298,63842715,65,362815
27299,63842751,65,362815
27300,63845127,65,362815
27301,63845172,65,362815
27302,63845217,65,362815
27303,63845271,65,362815
27304,63845712,65,362815
27305,63845721,65,362815
27306,63847125,65,362815
27307,63847152,65,362815
27308,63847215,65,362815
27309,63847251,65,362815
27310,63847512,65,362815
27311,63847521,65,362815
27312,63851247,65,362815
27313,63851274,65,362815
27314,63851427,65,362815
27315,63851472,65,362815
27316,63851724,65,362815
27317,63851742,65,362815
27318,63852147,65,362815
27319,63852174,65,362815
27320,63852417,65,362815
27321,63852471,65,362815
27322,63852714,65,362815
27323,63852741,65,362815
27324,63854127,65,362815
27325,63854172,65,362815
27326,63854217,65,362815
27327,63854271,65,362815
27328,63854712,65,362815
27329,63854721,65,362815
27330,63857124,65,362815
27331,63857142,65,362815
27332,63857214,65,362815
27333,63857241,65,362815
27334,63857412,65,362815
27335,63857421,65,362815
27336,63871245,65,362815
27337,63871254,65,362815
27338,63871425,65,362815
27339,63871452,65,362815
27340,63871524,65,362815
27341,63871542,65,362815
27342,63872145,65,362815
27343,63872154,65,362815
27344,63872415,65,362815
27345,63872451,65,362815
27346,63872514,65,362815
27347,63872541,65,362815
27348,63874125,65,362815
27349,63874152,65,362815
27350,63874215,65,362815
27351,63874251,65,362815
27352,63874512,65,362815
27353,63874521,65,362815
27354,63875124,65,362815
27355,63875142,65,362815
27356,63875214,65,362815
27357,63875241,65,362815
27358,63875412,65,362815
27359,63875421,65,362815
27360,64123578,65,362815
27361,64123587,65,362815
27362,64123758,65,362815
27363,64123785,65,362815
27364,64123857,65,362815
27365,64123875,65,362815
27366,64125378,65,362815
27367,64125387,65,362815
27368,64125738,65,362815
27369,64125783,65,362815
27370,64125837,65,362815
27371,64125873,65,362815
27372,64127358,65,362815
27373,64127385,65,362815
27374,64127538,65,362815
27375,64127583,65,362815
27376,64127835,65,362815
27377,64127853,65,362815
27378,64128357,65,362815
27379,64128375,65,362815
27380,64128537,65,362815
27381,64128573,65,362815
27382,64128735,65,362815
27383,64128753,65,362815
27384,64132578,65,362815
27385,64132587,65,362815
27386,64132758,65,362815
27387,64132785,65,362815
27388,64132857,65,362815
27389,64132875,65,362815
27390,64135278,65,362815
27391,64135287,65,362815
27392,64135728,65,362815
27393,64135782,65,362815
27394,64135827,65,362815
27395,64135872,65,362815
27396,64137258,65,362815
27397,64137285,65,362815
27398,64137528,65,362815
27399,64137582,65,362815
27400,64137825,65,362815
27401,64137852,65,362815
27402,64138257,65,362815
27403,64138275,65,362815
27404,64138527,65,362815
27405,64138572,65,362815
27406,64138725,65,362815
27407,64138752,65,362815
27408,64152378,65,362815
27409,64152387,65,362815
27410,64152738,65,362815
27411,64152783,65,362815
27412,64152837,65,362815
27413,64152873,65,362815
27414,64153278,65,362815
27415,64153287,65,362815
27416,64153728,65,362815
27417,64153782,65,362815
27418,64153827,65,362815
27419,64153872,65,362815
27420,64157238,65,362815
27421,64157283,65,362815
27422,64157328,65,362815
27423,64157382,65,362815
27424,64157823,65,362815
27425,64157832,65,362815
27426,64158237,65,362815
27427,64158273,65,362815
27428,64158327,65,362815
27429,64158372,65,362815
27430,64158723,65,362815
27431,64158732,65,362815
27432,64172358,65,362815
27433,64172385,65,362815
27434,64172538,65,362815
27435,64172583,65,362815
27436,64172835,65,362815
27437,64172853,65,362815
27438,64173258,65,362815
27439,64173285,65,362815
27440,64173528,65,362815
27441,64173582,65,362815
27442,64173825,65,362815
27443,64173852,65,362815
27444,64175238,65,362815
27445,64175283,65,362815
27446,64175328,65,362815
27447,64175382,65,362815
27448,64175823,65,362815
27449,64175832,65,362815
27450,64178235,65,362815
27451,64178253,65,362815
27452,64178325,65,362815
27453,64178352,65,362815
27454,64178523,65,362815
27455,64178532,65,362815
27456,64182357,65,362815
27457,64182375,65,362815
27458,64182537,65,362815
27459,64182573,65,362815
27460,64182735,65,362815
27461,64182753,65,362815
27462,64183257,65,362815
27463,64183275,65,362815
27464,64183527,65,362815
27465,64183572,65,362815
27466,64183725,65,362815
27467,64183752,65,362815
27468,64185237,65,362815
27469,64185273,65,362815
27470,64185327,65,362815
27471,64185372,65,362815
27472,64185723,65,362815
27473,64185732,65,362815
27474,64187235,65,362815
27475,64187253,65,362815
27476,64187325,65,362815
27477,64187352,65,362815
27478,64187523,65,362815
27479,64187532,65,362815
27480,64213578,65,362815
27481,64213587,65,362815
27482,64213758,65,362815
27483,64213785,65,362815
27484,64213857,65,362815
27485,64213875,65,362815
27486,64215378,65,362815
27487,64215387,65,362815
27488,64215738,65,362815
27489,64215783,65,362815
27490,64215837,65,362815
27491,64215873,65,362815
27492,64217358,65,362815
27493,64217385,65,362815
27494,64217538,65,362815
27495,64217583,65,362815
27496,64217835,65,362815
27497,64217853,65,362815
27498,64218357,65,362815
27499,64218375,65,362815
27500,64218537,65,362815
27501,64218573,65,362815
27502,64218735,65,362815
27503,64218753,65,362815
27504,64231578,65,362815
27505,64231587,65,362815
27506,64231758,65,362815
27507,64231785,65,362815
27508,64231857,65,362815
27509,64231875,65,362815
27510,64235178,65,362815
27511,64235187,65,362815
27512,64235718,65,362815
27513,64235781,65,362815
27514,64235817,65,362815
27515,64235871,65,362815
27516,64237158,65,362815
27517,64237185,65,362815
27518,64237518,65,362815
27519,64237581,65,362815
27520,64237815,65,362815
27521,64237851,65,362815
27522,64238157,65,362815
27523,64238175,65,362815
27524,64238517,65,362815
27525,64238571,65,362815
27526,64238715,65,362815
27527,64238751,65,362815
27528,64251378,65,362815
27529,64251387,65,362815
27530,64251738,65,362815
27531,64251783,65,362815
27532,64251837,65,362815
27533,64251873,65,362815
27534,64253178,65,362815
27535,64253187,65,362815
27536,64253718,65,362815
27537,64253781,65,362815
27538,64253817,65,362815
27539,64253871,65,362815
27540,64257138,65,362815
27541,64257183,65,362815
27542,64257318,65,362815
27543,64257381,65,362815
27544,64257813,65,362815
27545,64257831,65,362815
27546,64258137,65,362815
27547,64258173,65,362815
27548,64258317,65,362815
27549,64258371,65,362815
27550,64258713,65,362815
27551,64258731,65,362815
27552,64271358,65,362815
27553,64271385,65,362815
27554,64271538,65,362815
27555,64271583,65,362815
27556,64271835,65,362815
27557,64271853,65,362815
27558,64273158,65,362815
27559,64273185,65,362815
27560,64273518,65,362815
27561,64273581,65,362815
27562,64273815,65,362815
27563,64273851,65,362815
27564,64275138,65,362815
27565,64275183,65,362815
27566,64275318,65,362815
27567,64275381,65,362815
27568,64275813,65,362815
27569,64275831,65,362815
27570,64278135,65,362815
27571,64278153,65,362815
27572,64278315,65,362815
27573,64278351,65,362815
27574,64278513,65,362815
27575,64278531,65,362815
27576,64281357,65,362815
27577,64281375,65,362815
27578,64281537,65,362815
27579,64281573,65,362815
27580,64281735,65,362815
27581,64281753,65,362815
27582,64283157,65,362815
27583,64283175,65,362815
27584,64283517,65,362815
27585,64283571,65,362815
27586,64283715,65,362815
27587,64283751,65,362815
27588,64285137,65,362815
27589,64285173,65,362815
27590,64285317,65,362815
27591,64285371,65,362815
27592,64285713,65,362815
27593,64285731,65,362815
27594,64287135,65,362815
27595,64287153,65,362815
27596,64287315,65,362815
27597,64287351,65,362815
27598,64287513,65,362815
27599,64287531,65,362815
27600,64312578,65,362815
27601,64312587,65,362815
27602,64312758,65,362815
27603,64312785,65,362815
27604,64312857,65,362815
27605,64312875,65,362815
27606,64315278,65,362815
27607,64315287,65,362815
27608,64315728,65,362815
27609,64315782,65,362815
27610,64315827,65,362815
27611,64315872,65,362815
27612,64317258,65,362815
27613,64317285,65,362815
27614,64317528,65,362815
27615,64317582,65,362815
27616,64317825,65,362815
27617,64317852,65,362815
27618,64318257,65,362815
27619,64318275,65,362815
27620,64318527,65,362815
27621,64318572,65,362815
27622,64318725,65,362815
27623,64318752,65,362815
27624,64321578,65,362815
27625,64321587,65,362815
27626,64321758,65,362815
27627,64321785,65,362815
27628,64321857,65,362815
27629,64321875,65,362815
27630,64325178,65,362815
27631,64325187,65,362815
27632,64325718,65,362815
27633,64325781,65,362815
27634,64325817,65,362815
27635,64325871,65,362815
27636,64327158,65,362815
27637,64327185,65,362815
27638,64327518,65,362815
27639,64327581,65,362815
27640,64327815,65,362815
27641,64327851,65,362815
27642,64328157,65,362815
27643,64328175,65,362815
27644,64328517,65,362815
27645,64328571,65,362815
27646,64328715,65,362815
27647,64328751,65,362815
27648,64351278,65,362815
27649,64351287,65,362815
27650,64351728,65,362815
27651,64351782,65,362815
27652,64351827,65,362815
27653,64351872,65,362815
27654,64352178,65,362815
27655,64352187,65,362815
27656,64352718,65,362815
27657,64352781,65,362815
27658,64352817,65,362815
27659,64352871,65,362815
27660,64357128,65,362815
27661,64357182,65,362815
27662,64357218,65,362815
27663,64357281,65,362815
27664,64357812,65,362815
27665,64357821,65,362815
27666,64358127,65,362815
27667,64358172,65,362815
27668,64358217,65,362815
27669,64358271,65,362815
27670,64358712,65,362815
27671,64358721,65,362815
27672,64371258,65,362815
27673,64371285,65,362815
27674,64371528,65,362815
27675,64371582,65,362815
27676,64371825,65,362815
27677,64371852,65,362815
27678,64372158,65,362815
27679,64372185,65,362815
27680,64372518,65,362815
27681,64372581,65,362815
27682,64372815,65,362815
27683,64372851,65,362815
27684,64375128,65,362815
27685,64375182,65,362815
27686,64375218,65,362815
27687,64375281,65,362815
27688,64375812,65,362815
27689,64375821,65,362815
27690,64378125,65,362815
27691,64378152,65,362815
27692,64378215,65,362815
27693,64378251,65,362815
27694,64378512,65,362815
27695,64378521,65,362815
27696,64381257,65,362815
27697,64381275,65,362815
27698,64381527,65,362815
27699,64381572,65,362815
27700,64381725,65,362815
27701,64381752,65,362815
27702,64382157,65,362815
27703,64382175,65,362815
27704,64382517,65,362815
27705,64382571,65,362815
27706,64382715,65,362815
27707,64382751,65,362815
27708,64385127,65,362815
27709,64385172,65,362815
27710,64385217,65,362815
27711,64385271,65,362815
27712,64385712,65,362815
27713,64385721,65,362815
27714,64387125,65,362815
27715,64387152,65,362815
27716,64387215,65,362815
27717,64387251,65,362815
27718,64387512,65,362815
27719,64387521,65,362815
27720,64512378,65,362815
27721,64512387,65,362815
27722,64512738,65,362815
27723,64512783,65,362815
27724,64512837,65,362815
27725,64512873,65,362815
27726,64513278,65,362815
27727,64513287,65,362815
27728,64513728,65,362815
27729,64513782,65,362815
27730,64513827,65,362815
27731,64513872,65,362815
27732,64517238,65,362815
27733,64517283,65,362815
27734,64517328,65,362815
27735,64517382,65,362815
27736,64517823,65,362815
27737,64517832,65,362815
27738,64518237,65,362815
27739,64518273,65,362815
27740,64518327,65,362815
27741,64518372,65,362815
27742,64518723,65,362815
27743,64518732,65,362815
27744,64521378,65,362815
27745,64521387,65,362815
27746,64521738,65,362815
27747,64521783,65,362815
27748,64521837,65,362815
27749,64521873,65,362815
27750,64523178,65,362815
27751,64523187,65,362815
27752,64523718,65,362815
27753,64523781,65,362815
27754,64523817,65,362815
27755,64523871,65,362815
27756,64527138,65,362815
27757,64527183,65,362815
27758,64527318,65,362815
27759,64527381,65,362815
27760,64527813,65,362815
27761,64527831,65,362815
27762,64528137,65,362815
27763,64528173,65,362815
27764,64528317,65,362815
27765,64528371,65,362815
27766,64528713,65,362815
27767,64528731,65,362815
27768,64531278,65,362815
27769,64531287,65,362815
27770,64531728,65,362815
27771,64531782,65,362815
27772,64531827,65,362815
27773,64531872,65,362815
27774,64532178,65,362815
27775,64532187,65,362815
27776,64532718,65,362815
27777,64532781,65,362815
27778,64532817,65,362815
27779,64532871,65,362815
27780,64537128,65,362815
27781,64537182,65,362815
27782,64537218,65,362815
27783,64537281,65,362815
27784,64537812,65,362815
27785,64537821,65,362815
27786,64538127,65,362815
27787,64538172,65,362815
27788,64538217,65,362815
27789,64538271,65,362815
27790,64538712,65,362815
27791,64538721,65,362815
27792,64571238,65,362815
27793,64571283,65,362815
27794,64571328,65,362815
27795,64571382,65,362815
27796,64571823,65,362815
27797,64571832,65,362815
27798,64572138,65,362815
27799,64572183,65,362815
27800,64572318,65,362815
27801,64572381,65,362815
27802,64572813,65,362815
27803,64572831,65,362815
27804,64573128,65,362815
27805,64573182,65,362815
27806,64573218,65,362815
27807,64573281,65,362815
27808,64573812,65,362815
27809,64573821,65,362815
27810,64578123,65,362815
27811,64578132,65,362815
27812,64578213,65,362815
27813,64578231,65,362815
27814,64578312,65,362815
27815,64578321,65,362815
27816,64581237,65,362815
27817,64581273,65,362815
27818,64581327,65,362815
27819,64581372,65,362815
27820,64581723,65,362815
27821,64581732,65,362815
27822,64582137,65,362815
27823,64582173,65,362815
27824,64582317,65,362815
27825,64582371,65,362815
27826,64582713,65,362815
27827,64582731,65,362815
27828,64583127,65,362815
27829,64583172,65,362815
27830,64583217,65,362815
27831,64583271,65,362815
27832,64583712,65,362815
27833,64583721,65,362815
27834,64587123,65,362815
27835,64587132,65,362815
27836,64587213,65,362815
27837,64587231,65,362815
27838,64587312,65,362815
27839,64587321,65,362815
27840,64712358,65,362815
27841,64712385,65,362815
27842,64712538,65,362815
27843,64712583,65,362815
27844,64712835,65,362815
27845,64712853,65,362815
27846,64713258,65,362815
27847,64713285,65,362815
27848,64713528,65,362815
27849,64713582,65,362815
27850,64713825,65,362815
27851,64713852,65,362815
27852,64715238,65,362815
27853,64715283,65,362815
27854,64715328,65,362815
27855,64715382,65,362815
27856,64715823,65,362815
27857,64715832,65,362815
27858,64718235,65,362815
27859,64718253,65,362815
27860,64718325,65,362815
27861,64718352,65,362815
27862,64718523,65,362815
27863,64718532,65,362815
27864,64721358,65,362815
27865,64721385,65,362815
27866,64721538,65,362815
27867,64721583,65,362815
27868,64721835,65,362815
27869,64721853,65,362815
27870,64723158,65,362815
27871,64723185,65,362815
27872,64723518,65,362815
27873,64723581,65,362815
27874,64723815,65,362815
27875,64723851,65,362815
27876,64725138,65,362815
27877,64725183,65,362815
27878,64725318,65,362815
27879,64725381,65,362815
27880,64725813,65,362815
27881,64725831,65,362815
27882,64728135,65,362815
27883,64728153,65,362815
27884,64728315,65,362815
27885,64728351,65,362815
27886,64728513,65,362815
27887,64728531,65,362815
27888,64731258,65,362815
27889,64731285,65,362815
27890,64731528,65,362815
27891,64731582,65,362815
27892,64731825,65,362815
27893,64731852,65,362815
27894,64732158,65,362815
27895,64732185,65,362815
27896,64732518,65,362815
27897,64732581,65,362815
27898,64732815,65,362815
27899,64732851,65,362815
27900,64735128,65,362815
27901,64735182,65,362815
27902,64735218,65,362815
27903,64735281,65,362815
27904,64735812,65,362815
27905,64735821,65,362815
27906,64738125,65,362815
27907,64738152,65,362815
27908,64738215,65,362815
27909,64738251,65,362815
27910,64738512,65,362815
27911,64738521,65,362815
27912,64751238,65,362815
27913,64751283,65,362815
27914,64751328,65,362815
27915,64751382,65,362815
27916,64751823,65,362815
27917,64751832,65,362815
27918,64752138,65,362815
27919,64752183,65,362815
27920,64752318,65,362815
27921,64752381,65,362815
27922,64752813,65,362815
27923,64752831,65,362815
27924,64753128,65,362815
27925,64753182,65,362815
27926,64753218,65,362815
27927,64753281,65,362815
27928,64753812,65,362815
27929,64753821,65,362815
27930,64758123,65,362815
27931,64758132,65,362815
27932,64758213,65,362815
27933,64758231,65,362815
27934,64758312,65,362815
27935,64758321,65,362815
27936,64781235,65,362815
27937,64781253,65,362815
27938,64781325,65,362815
27939,64781352,65,362815
27940,64781523,65,362815
27941,64781532,65,362815
27942,64782135,65,362815
27943,64782153,65,362815
27944,64782315,65,362815
27945,64782351,65,362815
27946,64782513,65,362815
27947,64782531,65,362815
27948,64783125,65,362815
27949,64783152,65,362815
27950,64783215,65,362815
27951,64783251,65,362815
27952,64783512,65,362815
27953,64783521,65,362815
27954,64785123,65,362815
27955,64785132,65,362815
27956,64785213,65,362815
27957,64785231,65,362815
27958,64785312,65,362815
27959,64785321,65,362815
27960,64812357,65,362815
27961,64812375,65,362815
27962,64812537,65,362815
27963,64812573,65,362815
27964,64812735,65,362815
27965,64812753,65,362815
27966,64813257,65,362815
27967,64813275,65,362815
27968,64813527,65,362815
27969,64813572,65,362815
27970,64813725,65,362815
27971,64813752,65,362815
27972,64815237,65,362815
27973,64815273,65,362815
27974,64815327,65,362815
27975,64815372,65,362815
27976,64815723,65,362815
27977,64815732,65,362815
27978,64817235,65,362815
27979,64817253,65,362815
27980,64817325,65,362815
27981,64817352,65,362815
27982,64817523,65,362815
27983,64817532,65,362815
27984,64821357,65,362815
27985,64821375,65,362815
27986,64821537,65,362815
27987,64821573,65,362815
27988,64821735,65,362815
27989,64821753,65,362815
27990,64823157,65,362815
27991,64823175,65,362815
27992,64823517,65,362815
27993,64823571,65,362815
27994,64823715,65,362815
27995,64823751,65,362815
27996,64825137,65,362815
27997,64825173,65,362815
27998,64825317,65,362815
27999,64825371,65,362815
28000,64825713,65,362815
28001,64825731,65,362815
28002,64827135,65,362815
28003,64827153,65,362815
28004,64827315,65,362815
28005,64827351,65,362815
28006,64827513,65,362815
28007,64827531,65,362815
28008,64831257,65,362815
28009,64831275,65,362815
28010,64831527,65,362815
28011,64831572,65,362815
28012,64831725,65,362815
28013,64831752,65,362815
28014,64832157,65,362815
28015,64832175,65,362815
28016,64832517,65,362815
28017,64832571,65,362815
28018,64832715,65,362815
28019,64832751,65,362815
28020,64835127,65,362815
28021,64835172,65,362815
28022,64835217,65,362815
28023,64835271,65,362815
28024,64835712,65,362815
28025,64835721,65,362815
28026,64837125,65,362815
28027,64837152,65,362815
28028,64837215,65,362815
28029,64837251,65,362815
28030,64837512,65,362815
28031,64837521,65,362815
28032,64851237,65,362815
28033,64851273,65,362815
28034,64851327,65,362815
28035,64851372,65,362815
28036,64851723,65,362815
28037,64851732,65,362815
28038,64852137,65,362815
28039,64852173,65,362815
28040,64852317,65,362815
28041,64852371,65,362815
28042,64852713,65,362815
28043,64852731,65,362815
28044,64853127,65,362815
28045,64853172,65,362815
28046,64853217,65,362815
28047,64853271,65,362815
28048,64853712,65,362815
28049,64853721,65,362815
28050,64857123,65,362815
28051,64857132,65,362815
28052,64857213,65,362815
28053,64857231,65,362815
28054,64857312,65,362815
28055,64857321,65,362815
28056,64871235,65,362815
28057,64871253,65,362815
28058,64871325,65,362815
28059,64871352,65,362815
28060,64871523,65,362815
28061,64871532,65,362815
28062,64872135,65,362815
28063,64872153,65,362815
28064,64872315,65,362815
28065,64872351,65,362815
28066,64872513,65,362815
28067,64872531,65,362815
28068,64873125,65,362815
28069,64873152,65,362815
28070,64873215,65,362815
28071,64873251,65,362815
28072,64873512,65,362815
28073,64873521,65,362815
28074,64875123,65,362815
28075,64875132,65,362815
28076,64875213,65,362815
28077,64875231,65,362815
28078,64875312,65,362815
28079,64875321,65,362815
28080,65123478,65,362815
28081,65123487,65,362815
28082,65123748,65,362815
28083,65123784,65,362815
28084,65123847,65,362815
28085,65123874,65,362815
28086,65124378,65,362815
28087,65124387,65,362815
28088,65124738,65,362815
28089,65124783,65,362815
28090,65124837,65,362815
28091,65124873,65,362815
28092,65127348,65,362815
28093,65127384,65,362815
28094,65127438,65,362815
28095,65127483,65,362815
28096,65127834,65,362815
28097,65127843,65,362815
28098,65128347,65,362815
28099,65128374,65,362815
28100,65128437,65,362815
28101,65128473,65,362815
28102,65128734,65,362815
28103,65128743,65,362815
28104,65132478,65,362815
28105,65132487,65,362815
28106,65132748,65,362815
28107,65132784,65,362815
28108,65132847,65,362815
28109,65132874,65,362815
28110,65134278,65,362815
28111,65134287,65,362815
28112,65134728,65,362815
28113,65134782,65,362815
28114,65134827,65,362815
28115,65134872,65,362815
28116,65137248,65,362815
28117,65137284,65,362815
28118,65137428,65,362815
28119,65137482,65,362815
28120,65137824,65,362815
28121,65137842,65,362815
28122,65138247,65,362815
28123,65138274,65,362815
28124,65138427,65,362815
28125,65138472,65,362815
28126,65138724,65,362815
28127,65138742,65,362815
28128,65142378,65,362815
28129,65142387,65,362815
28130,65142738,65,362815
28131,65142783,65,362815
28132,65142837,65,362815
28133,65142873,65,362815
28134,65143278,65,362815
28135,65143287,65,362815
28136,65143728,65,362815
28137,65143782,65,362815
28138,65143827,65,362815
28139,65143872,65,362815
28140,65147238,65,362815
28141,65147283,65,362815
28142,65147328,65,362815
28143,65147382,65,362815
28144,65147823,65,362815
28145,65147832,65,362815
28146,65148237,65,362815
28147,65148273,65,362815
28148,65148327,65,362815
28149,65148372,65,362815
28150,65148723,65,362815
28151,65148732,65,362815
28152,65172348,65,362815
28153,65172384,65,362815
28154,65172438,65,362815
28155,65172483,65,362815
28156,65172834,65,362815
28157,65172843,65,362815
28158,65173248,65,362815
28159,65173284,65,362815
28160,65173428,65,362815
28161,65173482,65,362815
28162,65173824,65,362815
28163,65173842,65,362815
28164,65174238,65,362815
28165,65174283,65,362815
28166,65174328,65,362815
28167,65174382,65,362815
28168,65174823,65,362815
28169,65174832,65,362815
28170,65178234,65,362815
28171,65178243,65,362815
28172,65178324,65,362815
28173,65178342,65,362815
28174,65178423,65,362815
28175,65178432,65,362815
28176,65182347,65,362815
28177,65182374,65,362815
28178,65182437,65,362815
28179,65182473,65,362815
28180,65182734,65,362815
28181,65182743,65,362815
28182,65183247,65,362815
28183,65183274,65,362815
28184,65183427,65,362815
28185,65183472,65,362815
28186,65183724,65,362815
28187,65183742,65,362815
28188,65184237,65,362815
28189,65184273,65,362815
28190,65184327,65,362815
28191,65184372,65,362815
28192,65184723,65,362815
28193,65184732,65,362815
28194,65187234,65,362815
28195,65187243,65,362815
28196,65187324,65,362815
28197,65187342,65,362815
28198,65187423,65,362815
28199,65187432,65,362815
28200,65213478,65,362815
28201,65213487,65,362815
28202,65213748,65,362815
28203,65213784,65,362815
28204,65213847,65,362815
28205,65213874,65,362815
28206,65214378,65,362815
28207,65214387,65,362815
28208,65214738,65,362815
28209,65214783,65,362815
28210,65214837,65,362815
28211,65214873,65,362815
28212,65217348,65,362815
28213,65217384,65,362815
28214,65217438,65,362815
28215,65217483,65,362815
28216,65217834,65,362815
28217,65217843,65,362815
28218,65218347,65,362815
28219,65218374,65,362815
28220,65218437,65,362815
28221,65218473,65,362815
28222,65218734,65,362815
28223,65218743,65,362815
28224,65231478,65,362815
28225,65231487,65,362815
28226,65231748,65,362815
28227,65231784,65,362815
28228,65231847,65,362815
28229,65231874,65,362815
28230,65234178,65,362815
28231,65234187,65,362815
28232,65234718,65,362815
28233,65234781,65,362815
28234,65234817,65,362815
28235,65234871,65,362815
28236,65237148,65,362815
28237,65237184,65,362815
28238,65237418,65,362815
28239,65237481,65,362815
28240,65237814,65,362815
28241,65237841,65,362815
28242,65238147,65,362815
28243,65238174,65,362815
28244,65238417,65,362815
28245,65238471,65,362815
28246,65238714,65,362815
28247,65238741,65,362815
28248,65241378,65,362815
28249,65241387,65,362815
28250,65241738,65,362815
28251,65241783,65,362815
28252,65241837,65,362815
28253,65241873,65,362815
28254,65243178,65,362815
28255,65243187,65,362815
28256,65243718,65,362815
28257,65243781,65,362815
28258,65243817,65,362815
28259,65243871,65,362815
28260,65247138,65,362815
28261,65247183,65,362815
28262,65247318,65,362815
28263,65247381,65,362815
28264,65247813,65,362815
28265,65247831,65,362815
28266,65248137,65,362815
28267,65248173,65,362815
28268,65248317,65,362815
28269,65248371,65,362815
28270,65248713,65,362815
28271,65248731,65,362815
28272,65271348,65,362815
28273,65271384,65,362815
28274,65271438,65,362815
28275,65271483,65,362815
28276,65271834,65,362815
28277,65271843,65,362815
28278,65273148,65,362815
28279,65273184,65,362815
28280,65273418,65,362815
28281,65273481,65,362815
28282,65273814,65,362815
28283,65273841,65,362815
28284,65274138,65,362815
28285,65274183,65,362815
28286,65274318,65,362815
28287,65274381,65,362815
28288,65274813,65,362815
28289,65274831,65,362815
28290,65278134,65,362815
28291,65278143,65,362815
28292,65278314,65,362815
28293,65278341,65,362815
28294,65278413,65,362815
28295,65278431,65,362815
28296,65281347,65,362815
28297,65281374,65,362815
28298,65281437,65,362815
28299,65281473,65,362815
28300,65281734,65,362815
28301,65281743,65,362815
28302,65283147,65,362815
28303,65283174,65,362815
28304,65283417,65,362815
28305,65283471,65,362815
28306,65283714,65,362815
28307,65283741,65,362815
28308,65284137,65,362815
28309,65284173,65,362815
28310,65284317,65,362815
28311,65284371,65,362815
28312,65284713,65,362815
28313,65284731,65,362815
28314,65287134,65,362815
28315,65287143,65,362815
28316,65287314,65,362815
28317,65287341,65,362815
28318,65287413,65,362815
28319,65287431,65,362815
28320,65312478,65,362815
28321,65312487,65,362815
28322,65312748,65,362815
28323,65312784,65,362815
28324,65312847,65,362815
28325,65312874,65,362815
28326,65314278,65,362815
28327,65314287,65,362815
28328,65314728,65,362815
28329,65314782,65,362815
28330,65314827,65,362815
28331,65314872,65,362815
28332,65317248,65,362815
28333,65317284,65,362815
28334,65317428,65,362815
28335,65317482,65,362815
28336,65317824,65,362815
28337,65317842,65,362815
28338,65318247,65,362815
28339,65318274,65,362815
28340,65318427,65,362815
28341,65318472,65,362815
28342,65318724,65,362815
28343,65318742,65,362815
28344,65321478,65,362815
28345,65321487,65,362815
28346,65321748,65,362815
28347,65321784,65,362815
28348,65321847,65,362815
28349,65321874,65,362815
28350,65324178,65,362815
28351,65324187,65,362815
28352,65324718,65,362815
28353,65324781,65,362815
28354,65324817,65,362815
28355,65324871,65,362815
28356,65327148,65,362815
28357,65327184,65,362815
28358,65327418,65,362815
28359,65327481,65,362815
28360,65327814,65,362815
28361,65327841,65,362815
28362,65328147,65,362815
28363,65328174,65,362815
28364,65328417,65,362815
28365,65328471,65,362815
28366,65328714,65,362815
28367,65328741,65,362815
28368,65341278,65,362815
28369,65341287,65,362815
28370,65341728,65,362815
28371,65341782,65,362815
28372,65341827,65,362815
28373,65341872,65,362815
28374,65342178,65,362815
28375,65342187,65,362815
28376,65342718,65,362815
28377,65342781,65,362815
28378,65342817,65,362815
28379,65342871,65,362815
28380,65347128,65,362815
28381,65347182,65,362815
28382,65347218,65,362815
28383,65347281,65,362815
28384,65347812,65,362815
28385,65347821,65,362815
28386,65348127,65,362815
28387,65348172,65,362815
28388,65348217,65,362815
28389,65348271,65,362815
28390,65348712,65,362815
28391,65348721,65,362815
28392,65371248,65,362815
28393,65371284,65,362815
28394,65371428,65,362815
28395,65371482,65,362815
28396,65371824,65,362815
28397,65371842,65,362815
28398,65372148,65,362815
28399,65372184,65,362815
28400,65372418,65,362815
28401,65372481,65,362815
28402,65372814,65,362815
28403,65372841,65,362815
28404,65374128,65,362815
28405,65374182,65,362815
28406,65374218,65,362815
28407,65374281,65,362815
28408,65374812,65,362815
28409,65374821,65,362815
28410,65378124,65,362815
28411,65378142,65,362815
28412,65378214,65,362815
28413,65378241,65,362815
28414,65378412,65,362815
28415,65378421,65,362815
28416,65381247,65,362815
28417,65381274,65,362815
28418,65381427,65,362815
28419,65381472,65,362815
28420,65381724,65,362815
28421,65381742,65,362815
28422,65382147,65,362815
28423,65382174,65,362815
28424,65382417,65,362815
28425,65382471,65,362815
28426,65382714,65,362815
28427,65382741,65,362815
28428,65384127,65,362815
28429,65384172,65,362815
28430,65384217,65,362815
28431,65384271,65,362815
28432,65384712,65,362815
28433,65384721,65,362815
28434,65387124,65,362815
28435,65387142,65,362815
28436,65387214,65,362815
28437,65387241,65,362815
28438,65387412,65,362815
28439,65387421,65,362815
28440,65412378,65,362815
28441,65412387,65,362815
28442,65412738,65,362815
28443,65412783,65,362815
28444,65412837,65,362815
28445,65412873,65,362815
28446,65413278,65,362815
28447,65413287,65,362815
28448,65413728,65,362815
28449,65413782,65,362815
28450,65413827,65,362815
28451,65413872,65,362815
28452,65417238,65,362815
28453,65417283,65,362815
28454,65417328,65,362815
28455,65417382,65,362815
28456,65417823,65,362815
28457,65417832,65,362815
28458,65418237,65,362815
28459,65418273,65,362815
28460,65418327,65,362815
28461,65418372,65,362815
28462,65418723,65,362815
28463,65418732,65,362815
28464,65421378,65,362815
28465,65421387,65,362815
28466,65421738,65,362815
28467,65421783,65,362815
28468,65421837,65,362815
28469,65421873,65,362815
28470,65423178,65,362815
28471,65423187,65,362815
28472,65423718,65,362815
28473,65423781,65,362815
28474,65423817,65,362815
28475,65423871,65,362815
28476,65427138,65,362815
28477,65427183,65,362815
28478,65427318,65,362815
28479,65427381,65,362815
28480,65427813,65,362815
28481,65427831,65,362815
28482,65428137,65,362815
28483,65428173,65,362815
28484,65428317,65,362815
28485,65428371,65,362815
28486,65428713,65,362815
28487,65428731,65,362815
28488,65431278,65,362815
28489,65431287,65,362815
28490,65431728,65,362815
28491,65431782,65,362815
28492,65431827,65,362815
28493,65431872,65,362815
28494,65432178,65,362815
28495,65432187,65,362815
28496,65432718,65,362815
28497,65432781,65,362815
28498,65432817,65,362815
28499,65432871,65,362815
28500,65437128,65,362815
28501,65437182,65,362815
28502,65437218,65,362815
28503,65437281,65,362815
28504,65437812,65,362815
28505,65437821,65,362815
28506,65438127,65,362815
28507,65438172,65,362815
28508,65438217,65,362815
28509,65438271,65,362815
28510,65438712,65,362815
28511,65438721,65,362815
28512,65471238,65,362815
28513,65471283,65,362815
28514,65471328,65,362815
28515,65471382,65,362815
28516,65471823,65,362815
28517,65471832,65,362815
28518,65472138,65,362815
28519,65472183,65,362815
28520,65472318,65,362815
28521,65472381,65,362815
28522,65472813,65,362815
28523,65472831,65,362815
28524,65473128,65,362815
28525,65473182,65,362815
28526,65473218,65,362815
28527,65473281,65,362815
28528,65473812,65,362815
28529,65473821,65,362815
28530,65478123,65,362815
28531,65478132,65,362815
28532,65478213,65,362815
28533,65478231,65,362815
28534,65478312,65,362815
28535,65478321,65,362815
28536,65481237,65,362815
28537,65481273,65,362815
28538,65481327,65,362815
28539,65481372,65,362815
28540,65481723,65,362815
28541,65481732,65,362815
28542,65482137,65,362815
28543,65482173,65,362815
28544,65482317,65,362815
28545,65482371,65,362815
28546,65482713,65,362815
28547,65482731,65,362815
28548,65483127,65,362815
28549,65483172,65,362815
28550,65483217,65,362815
28551,65483271,65,362815
28552,65483712,65,362815
28553,65483721,65,362815
28554,65487123,65,362815
28555,65487132,65,362815
28556,65487213,65,362815
28557,65487231,65,362815
28558,65487312,65,362815
28559,65487321,65,362815
28560,65712348,65,362815
28561,65712384,65,362815
28562,65712438,65,362815
28563,65712483,65,362815
28564,65712834,65,362815
28565,65712843,65,362815
28566,65713248,65,362815
28567,65713284,65,362815
28568,65713428,65,362815
28569,65713482,65,362815
28570,65713824,65,362815
28571,65713842,65,362815
28572,65714238,65,362815
28573,65714283,65,362815
28574,65714328,65,362815
28575,65714382,65,362815
28576,65714823,65,362815
28577,65714832,65,362815
28578,65718234,65,362815
28579,65718243,65,362815
28580,65718324,65,362815
28581,65718342,65,362815
28582,65718423,65,362815
28583,65718432,65,362815
28584,65721348,65,362815
28585,65721384,65,362815
28586,65721438,65,362815
28587,65721483,65,362815
28588,65721834,65,362815
28589,65721843,65,362815
28590,65723148,65,362815
28591,65723184,65,362815
28592,65723418,65,362815
28593,65723481,65,362815
28594,65723814,65,362815
28595,65723841,65,362815
28596,65724138,65,362815
28597,65724183,65,362815
28598,65724318,65,362815
28599,65724381,65,362815
28600,65724813,65,362815
28601,65724831,65,362815
28602,65728134,65,362815
28603,65728143,65,362815
28604,65728314,65,362815
28605,65728341,65,362815
28606,65728413,65,362815
28607,65728431,65,362815
28608,65731248,65,362815
28609,65731284,65,362815
28610,65731428,65,362815
28611,65731482,65,362815
28612,65731824,65,362815
28613,65731842,65,362815
28614,65732148,65,362815
28615,65732184,65,362815
28616,65732418,65,362815
28617,65732481,65,362815
28618,65732814,65,362815
28619,65732841,65,362815
28620,65734128,65,362815
28621,65734182,65,362815
28622,65734218,65,362815
28623,65734281,65,362815
28624,65734812,65,362815
28625,65734821,65,362815
28626,65738124,65,362815
28627,65738142,65,362815
28628,65738214,65,362815
28629,65738241,65,362815
28630,65738412,65,362815
28631,65738421,65,362815
28632,65741238,65,362815
28633,65741283,65,362815
28634,65741328,65,362815
28635,65741382,65,362815
28636,65741823,65,362815
28637,65741832,65,362815
28638,65742138,65,362815
28639,65742183,65,362815
28640,65742318,65,362815
28641,65742381,65,362815
28642,65742813,65,362815
28643,65742831,65,362815
28644,65743128,65,362815
28645,65743182,65,362815
28646,65743218,65,362815
28647,65743281,65,362815
28648,65743812,65,362815
28649,65743821,65,362815
28650,65748123,65,362815
28651,65748132,65,362815
28652,65748213,65,362815
28653,65748231,65,362815
28654,65748312,65,362815
28655,65748321,65,362815
28656,65781234,65,362815
28657,65781243,65,362815
28658,65781324,65,362815
28659,65781342,65,362815
28660,65781423,65,362815
28661,65781432,65,362815
28662,65782134,65,362815
28663,65782143,65,362815
28664,65782314,65,362815
28665,65782341,65,362815
28666,65782413,65,362815
28667,65782431,65,362815
28668,65783124,65,362815
28669,65783142,65,362815
28670,65783214,65,362815
28671,65783241,65,362815
28672,65783412,65,362815
28673,65783421,65,362815
28674,65784123,65,362815
28675,65784132,65,362815
28676,65784213,65,362815
28677,65784231,65,362815
28678,65784312,65,362815
28679,65784321,65,362815
28680,65812347,65,362815
28681,65812374,65,362815
28682,65812437,65,362815
28683,65812473,65,362815
28684,65812734,65,362815
28685,65812743,65,362815
28686,65813247,65,362815
28687,65813274,65,362815
28688,65813427,65,362815
28689,65813472,65,362815
28690,65813724,65,362815
28691,65813742,65,362815
28692,65814237,65,362815
28693,65814273,65,362815
28694,65814327,65,362815
28695,65814372,65,362815
28696,65814723,65,362815
28697,65814732,65,362815
28698,65817234,65,362815
28699,65817243,65,362815
28700,65817324,65,362815
28701,65817342,65,362815
28702,65817423,65,362815
28703,65817432,65,362815
28704,65821347,65,362815
28705,65821374,65,362815
28706,65821437,65,362815
28707,65821473,65,362815
28708,65821734,65,362815
28709,65821743,65,362815
28710,65823147,65,362815
28711,65823174,65,362815
28712,65823417,65,362815
28713,65823471,65,362815
28714,65823714,65,362815
28715,65823741,65,362815
28716,65824137,65,362815
28717,65824173,65,362815
28718,65824317,65,362815
28719,65824371,65,362815
28720,65824713,65,362815
28721,65824731,65,362815
28722,65827134,65,362815
28723,65827143,65,362815
28724,65827314,65,362815
28725,65827341,65,362815
28726,65827413,65,362815
28727,65827431,65,362815
28728,65831247,65,362815
28729,65831274,65,362815
28730,65831427,65,362815
28731,65831472,65,362815
28732,65831724,65,362815
28733,65831742,65,362815
28734,65832147,65,362815
28735,65832174,65,362815
28736,65832417,65,362815
28737,65832471,65,362815
28738,65832714,65,362815
28739,65832741,65,362815
28740,65834127,65,362815
28741,65834172,65,362815
28742,65834217,65,362815
28743,65834271,65,362815
28744,65834712,65,362815
28745,65834721,65,362815
28746,65837124,65,362815
28747,65837142,65,362815
28748,65837214,65,362815
28749,65837241,65,362815
28750,65837412,65,362815
28751,65837421,65,362815
28752,65841237,65,362815
28753,65841273,65,362815
28754,65841327,65,362815
28755,65841372,65,362815
28756,65841723,65,362815
28757,65841732,65,362815
28758,65842137,65,362815
28759,65842173,65,362815
28760,65842317,65,362815
28761,65842371,65,362815
28762,65842713,65,362815
28763,65842731,65,362815
28764,65843127,65,362815
28765,65843172,65,362815
28766,65843217,65,362815
28767,65843271,65,362815
28768,65843712,65,362815
28769,65843721,65,362815
28770,65847123,65,362815
28771,65847132,65,362815
28772,65847213,65,362815
28773,65847231,65,362815
28774,65847312,65,362815
28775,65847321,65,362815
28776,65871234,65,362815
28777,65871243,65,362815
28778,65871324,65,362815
28779,65871342,65,362815
28780,65871423,65,362815
28781,65871432,65,362815
28782,65872134,65,362815
28783,65872143,65,362815
28784,65872314,65,362815
28785,65872341,65,362815
28786,65872413,65,362815
28787,65872431,65,362815
28788,65873124,65,362815
28789,65873142,65,362815
28790,65873214,65,362815
28791,65873241,65,362815
28792,65873412,65,362815
28793,65873421,65,362815
28794,65874123,65,362815
28795,65874132,65,362815
28796,65874213,65,362815
28797,65874231,65,362815
28798,65874312,65,362815
28799,65874321,65,362815
28800,67123458,65,362815
28801,67123485,65,362815
28802,67123548,65,362815
28803,67123584,65,362815
28804,67123845,65,362815
28805,67123854,65,362815
28806,67124358,65,362815
28807,67124385,65,362815
28808,67124538,65,362815
28809,67124583,65,362815
28810,67124835,65,362815
28811,67124853,65,362815
28812,67125348,65,362815
28813,67125384,65,362815
28814,67125438,65,362815
28815,67125483,65,362815
28816,67125834,65,362815
28817,67125843,65,362815
28818,67128345,65,362815
28819,67128354,65,362815
28820,67128435,65,362815
28821,67128453,65,362815
28822,67128534,65,362815
28823,67128543,65,362815
28824,67132458,65,362815
28825,67132485,65,362815
28826,67132548,65,362815
28827,67132584,65,362815
28828,67132845,65,362815
28829,67132854,65,362815
28830,67134258,65,362815
28831,67134285,65,362815
28832,67134528,65,362815
28833,67134582,65,362815
28834,67134825,65,362815
28835,67134852,65,362815
28836,67135248,65,362815
28837,67135284,65,362815
28838,67135428,65,362815
28839,67135482,65,362815
28840,67135824,65,362815
28841,67135842,65,362815
28842,67138245,65,362815
28843,67138254,65,362815
28844,67138425,65,362815
28845,67138452,65,362815
28846,67138524,65,362815
28847,67138542,65,362815
28848,67142358,65,362815
28849,67142385,65,362815
28850,67142538,65,362815
28851,67142583,65,362815
28852,67142835,65,362815
28853,67142853,65,362815
28854,67143258,65,362815
28855,67143285,65,362815
28856,67143528,65,362815
28857,67143582,65,362815
28858,67143825,65,362815
28859,67143852,65,362815
28860,67145238,65,362815
28861,67145283,65,362815
28862,67145328,65,362815
28863,67145382,65,362815
28864,67145823,65,362815
28865,67145832,65,362815
28866,67148235,65,362815
28867,67148253,65,362815
28868,67148325,65,362815
28869,67148352,65,362815
28870,67148523,65,362815
28871,67148532,65,362815
28872,67152348,65,362815
28873,67152384,65,362815
28874,67152438,65,362815
28875,67152483,65,362815
28876,67152834,65,362815
28877,67152843,65,362815
28878,67153248,65,362815
28879,67153284,65,362815
28880,67153428,65,362815
28881,67153482,65,362815
28882,67153824,65,362815
28883,67153842,65,362815
28884,67154238,65,362815
28885,67154283,65,362815
28886,67154328,65,362815
28887,67154382,65,362815
28888,67154823,65,362815
28889,67154832,65,362815
28890,67158234,65,362815
28891,67158243,65,362815
28892,67158324,65,362815
28893,67158342,65,362815
28894,67158423,65,362815
28895,67158432,65,362815
28896,67182345,65,362815
28897,67182354,65,362815
28898,67182435,65,362815
28899,67182453,65,362815
28900,67182534,65,362815
28901,67182543,65,362815
28902,67183245,65,362815
28903,67183254,65,362815
28904,67183425,65,362815
28905,67183452,65,362815
28906,67183524,65,362815
28907,67183542,65,362815
28908,67184235,65,362815
28909,67184253,65,362815
28910,67184325,65,362815
28911,67184352,65,362815
28912,67184523,65,362815
28913,67184532,65,362815
28914,67185234,65,362815
28915,67185243,65,362815
28916,67185324,65,362815
28917,67185342,65,362815
28918,67185423,65,362815
28919,67185432,65,362815
28920,67213458,65,362815
28921,67213485,65,362815
28922,67213548,65,362815
28923,67213584,65,362815
28924,67213845,65,362815
28925,67213854,65,362815
28926,67214358,65,362815
28927,67214385,65,362815
28928,67214538,65,362815
28929,67214583,65,362815
28930,67214835,65,362815
28931,67214853,65,362815
28932,67215348,65,362815
28933,67215384,65,362815
28934,67215438,65,362815
28935,67215483,65,362815
28936,67215834,65,362815
28937,67215843,65,362815
28938,67218345,65,362815
28939,67218354,65,362815
28940,67218435,65,362815
28941,67218453,65,362815
28942,67218534,65,362815
28943,67218543,65,362815
28944,67231458,65,362815
28945,67231485,65,362815
28946,67231548,65,362815
28947,67231584,65,362815
28948,67231845,65,362815
28949,67231854,65,362815
28950,67234158,65,362815
28951,67234185,65,362815
28952,67234518,65,362815
28953,67234581,65,362815
28954,67234815,65,362815
28955,67234851,65,362815
28956,67235148,65,362815
28957,67235184,65,362815
28958,67235418,65,362815
28959,67235481,65,362815
28960,67235814,65,362815
28961,67235841,65,362815
28962,67238145,65,362815
28963,67238154,65,362815
28964,67238415,65,362815
28965,67238451,65,362815
28966,67238514,65,362815
28967,67238541,65,362815
28968,67241358,65,362815
28969,67241385,65,362815
28970,67241538,65,362815
28971,67241583,65,362815
28972,67241835,65,362815
28973,67241853,65,362815
28974,67243158,65,362815
28975,67243185,65,362815
28976,67243518,65,362815
28977,67243581,65,362815
28978,67243815,65,362815
28979,67243851,65,362815
28980,67245138,65,362815
28981,67245183,65,362815
28982,67245318,65,362815
28983,67245381,65,362815
28984,67245813,65,362815
28985,67245831,65,362815
28986,67248135,65,362815
28987,67248153,65,362815
28988,67248315,65,362815
28989,67248351,65,362815
28990,67248513,65,362815
28991,67248531,65,362815
28992,67251348,65,362815
28993,67251384,65,362815
28994,67251438,65,362815
28995,67251483,65,362815
28996,67251834,65,362815
28997,67251843,65,362815
28998,67253148,65,362815
28999,67253184,65,362815
29000,67253418,65,362815
29001,67253481,65,362815
29002,67253814,65,362815
29003,67253841,65,362815
29004,67254138,65,362815
29005,67254183,65,362815
29006,67254318,65,362815
29007,67254381,65,362815
29008,67254813,65,362815
29009,67254831,65,362815
29010,67258134,65,362815
29011,67258143,65,362815
29012,67258314,65,362815
29013,67258341,65,362815
29014,67258413,65,362815
29015,67258431,65,362815
29016,67281345,65,362815
29017,67281354,65,362815
29018,67281435,65,362815
29019,67281453,65,362815
29020,67281534,65,362815
29021,67281543,65,362815
29022,67283145,65,362815
29023,67283154,65,362815
29024,67283415,65,362815
29025,67283451,65,362815
29026,67283514,65,362815
29027,67283541,65,362815
29028,67284135,65,362815
29029,67284153,65,362815
29030,67284315,65,362815
29031,67284351,65,362815
29032,67284513,65,362815
29033,67284531,65,362815
29034,67285134,65,362815
29035,67285143,65,362815
29036,67285314,65,362815
29037,67285341,65,362815
29038,67285413,65,362815
29039,67285431,65,362815
29040,67312458,65,362815
29041,67312485,65,362815
29042,67312548,65,362815
29043,67312584,65,362815
29044,67312845,65,362815
29045,67312854,65,362815
29046,67314258,65,362815
29047,67314285,65,362815
29048,67314528,65,362815
29049,67314582,65,362815
29050,67314825,65,362815
29051,67314852,65,362815
29052,67315248,65,362815
29053,67315284,65,362815
29054,67315428,65,362815
29055,67315482,65,362815
29056,67315824,65,362815
29057,67315842,65,362815
29058,67318245,65,362815
29059,67318254,65,362815
29060,67318425,65,362815
29061,67318452,65,362815
29062,67318524,65,362815
29063,67318542,65,362815
29064,67321458,65,362815
29065,67321485,65,362815
29066,67321548,65,362815
29067,67321584,65,362815
29068,67321845,65,362815
29069,67321854,65,362815
29070,67324158,65,362815
29071,67324185,65,362815
29072,67324518,65,362815
29073,67324581,65,362815
29074,67324815,65,362815
29075,67324851,65,362815
29076,67325148,65,362815
29077,67325184,65,362815
29078,67325418,65,362815
29079,67325481,65,362815
29080,67325814,65,362815
29081,67325841,65,362815
29082,67328145,65,362815
29083,67328154,65,362815
29084,67328415,65,362815
29085,67328451,65,362815
29086,67328514,65,362815
29087,67328541,65,362815
29088,67341258,65,362815
29089,67341285,65,362815
29090,67341528,65,362815
29091,67341582,65,362815
29092,67341825,65,362815
29093,67341852,65,362815
29094,67342158,65,362815
29095,67342185,65,362815
29096,67342518,65,362815
29097,67342581,65,362815
29098,67342815,65,362815
29099,67342851,65,362815
29100,67345128,65,362815
29101,67345182,65,362815
29102,67345218,65,362815
29103,67345281,65,362815
29104,67345812,65,362815
29105,67345821,65,362815
29106,67348125,65,362815
29107,67348152,65,362815
29108,67348215,65,362815
29109,67348251,65,362815
29110,67348512,65,362815
29111,67348521,65,362815
29112,67351248,65,362815
29113,67351284,65,362815
29114,67351428,65,362815
29115,67351482,65,362815
29116,67351824,65,362815
29117,67351842,65,362815
29118,67352148,65,362815
29119,67352184,65,362815
29120,67352418,65,362815
29121,67352481,65,362815
29122,67352814,65,362815
29123,67352841,65,362815
29124,67354128,65,362815
29125,67354182,65,362815
29126,67354218,65,362815
29127,67354281,65,362815
29128,67354812,65,362815
29129,67354821,65,362815
29130,67358124,65,362815
29131,67358142,65,362815
29132,67358214,65,362815
29133,67358241,65,362815
29134,67358412,65,362815
29135,67358421,65,362815
29136,67381245,65,362815
29137,67381254,65,362815
29138,67381425,65,362815
29139,67381452,65,362815
29140,67381524,65,362815
29141,67381542,65,362815
29142,67382145,65,362815
29143,67382154,65,362815
29144,67382415,65,362815
29145,67382451,65,362815
29146,67382514,65,362815
29147,67382541,65,362815
29148,67384125,65,362815
29149,67384152,65,362815
29150,67384215,65,362815
29151,67384251,65,362815
29152,67384512,65,362815
29153,67384521,65,362815
29154,67385124,65,362815
29155,67385142,65,362815
29156,67385214,65,362815
29157,67385241,65,362815
29158,67385412,65,362815
29159,67385421,65,362815
29160,67412358,65,362815
29161,67412385,65,362815
29162,67412538,65,362815
29163,67412583,65,362815
29164,67412835,65,362815
29165,67412853,65,362815
29166,67413258,65,362815
29167,67413285,65,362815
29168,67413528,65,362815
29169,67413582,65,362815
29170,67413825,65,362815
29171,67413852,65,362815
29172,67415238,65,362815
29173,67415283,65,362815
29174,67415328,65,362815
29175,67415382,65,362815
29176,67415823,65,362815
29177,67415832,65,362815
29178,67418235,65,362815
29179,67418253,65,362815
29180,67418325,65,362815
29181,67418352,65,362815
29182,67418523,65,362815
29183,67418532,65,362815
29184,67421358,65,362815
29185,67421385,65,362815
29186,67421538,65,362815
29187,67421583,65,362815
29188,67421835,65,362815
29189,67421853,65,362815
29190,67423158,65,362815
29191,67423185,65,362815
29192,67423518,65,362815
29193,67423581,65,362815
29194,67423815,65,362815
29195,67423851,65,362815
29196,67425138,65,362815
29197,67425183,65,362815
29198,67425318,65,362815
29199,67425381,65,362815
29200,67425813,65,362815
29201,67425831,65,362815
29202,67428135,65,362815
29203,67428153,65,362815
29204,67428315,65,362815
29205,67428351,65,362815
29206,67428513,65,362815
29207,67428531,65,362815
29208,67431258,65,362815
29209,67431285,65,362815
29210,67431528,65,362815
29211,67431582,65,362815
29212,67431825,65,362815
29213,67431852,65,362815
29214,67432158,65,362815
29215,67432185,65,362815
29216,67432518,65,362815
29217,67432581,65,362815
29218,67432815,65,362815
29219,67432851,65,362815
29220,67435128,65,362815
29221,67435182,65,362815
29222,67435218,65,362815
29223,67435281,65,362815
29224,67435812,65,362815
29225,67435821,65,362815
29226,67438125,65,362815
29227,67438152,65,362815
29228,67438215,65,362815
29229,67438251,65,362815
29230,67438512,65,362815
29231,67438521,65,362815
29232,67451238,65,362815
29233,67451283,65,362815
29234,67451328,65,362815
29235,67451382,65,362815
29236,67451823,65,362815
29237,67451832,65,362815
29238,67452138,65,362815
29239,67452183,65,362815
29240,67452318,65,362815
29241,67452381,65,362815
29242,67452813,65,362815
29243,67452831,65,362815
29244,67453128,65,362815
29245,67453182,65,362815
29246,67453218,65,362815
29247,67453281,65,362815
29248,67453812,65,362815
29249,67453821,65,362815
29250,67458123,65,362815
29251,67458132,65,362815
29252,67458213,65,362815
29253,67458231,65,362815
29254,67458312,65,362815
29255,67458321,65,362815
29256,67481235,65,362815
29257,67481253,65,362815
29258,67481325,65,362815
29259,67481352,65,362815
29260,67481523,65,362815
29261,67481532,65,362815
29262,67482135,65,362815
29263,67482153,65,362815
29264,67482315,65,362815
29265,67482351,65,362815
29266,67482513,65,362815
29267,67482531,65,362815
29268,67483125,65,362815
29269,67483152,65,362815
29270,67483215,65,362815
29271,67483251,65,362815
29272,67483512,65,362815
29273,67483521,65,362815
29274,67485123,65,362815
29275,67485132,65,362815
29276,67485213,65,362815
29277,67485231,65,362815
29278,67485312,65,362815
29279,67485321,65,362815
29280,67512348,65,362815
29281,67512384,65,362815
29282,67512438,65,362815
29283,67512483,65,362815
29284,67512834,65,362815
29285,67512843,65,362815
29286,67513248,65,362815
29287,67513284,65,362815
29288,67513428,65,362815
29289,67513482,65,362815
29290,67513824,65,362815
29291,67513842,65,362815
29292,67514238,65,362815
29293,67514283,65,362815
29294,67514328,65,362815
29295,67514382,65,362815
29296,67514823,65,362815
29297,67514832,65,362815
29298,67518234,65,362815
29299,67518243,65,362815
29300,67518324,65,362815
29301,67518342,65,362815
29302,67518423,65,362815
29303,67518432,65,362815
29304,67521348,65,362815
29305,67521384,65,362815
29306,67521438,65,362815
29307,67521483,65,362815
29308,67521834,65,362815
29309,67521843,65,362815
29310,67523148,65,362815
29311,67523184,65,362815
29312,67523418,65,362815
29313,67523481,65,362815
29314,67523814,65,362815
29315,67523841,65,362815
29316,67524138,65,362815
29317,67524183,65,362815
29318,67524318,65,362815
29319,67524381,65,362815
29320,67524813,65,362815
29321,67524831,65,362815
29322,67528134,65,362815
29323,67528143,65,362815
29324,67528314,65,362815
29325,67528341,65,362815
29326,67528413,65,362815
29327,67528431,65,362815
29328,67531248,65,362815
29329,67531284,65,362815
29330,67531428,65,362815
29331,67531482,65,362815
29332,67531824,65,362815
29333,67531842,65,362815
29334,67532148,65,362815
29335,67532184,65,362815
29336,67532418,65,362815
29337,67532481,65,362815
29338,67532814,65,362815
29339,67532841,65,362815
29340,67534128,65,362815
29341,67534182,65,362815
29342,67534218,65,362815
29343,67534281,65,362815
29344,67534812,65,362815
29345,67534821,65,362815
29346,67538124,65,362815
29347,67538142,65,362815
29348,67538214,65,362815
29349,67538241,65,362815
29350,67538412,65,362815
29351,67538421,65,362815
29352,67541238,65,362815
29353,67541283,65,362815
29354,67541328,65,362815
29355,67541382,65,362815
29356,67541823,65,362815
29357,67541832,65,362815
29358,67542138,65,362815
29359,67542183,65,362815
29360,67542318,65,362815
29361,67542381,65,362815
29362,67542813,65,362815
29363,67542831,65,362815
29364,67543128,65,362815
29365,67543182,65,362815
29366,67543218,65,362815
29367,67543281,65,362815
29368,67543812,65,362815
29369,67543821,65,362815
29370,67548123,65,362815
29371,67548132,65,362815
29372,67548213,65,362815
29373,67548231,65,362815
29374,67548312,65,362815
29375,67548321,65,362815
29376,67581234,65,362815
29377,67581243,65,362815
29378,67581324,65,362815
29379,67581342,65,362815
29380,67581423,65,362815
29381,67581432,65,362815
29382,67582134,65,362815
29383,67582143,65,362815
29384,67582314,65,362815
29385,67582341,65,362815
29386,67582413,65,362815
29387,67582431,65,362815
29388,67583124,65,362815
29389,67583142,65,362815
29390,67583214,65,362815
29391,67583241,65,362815
29392,67583412,65,362815
29393,67583421,65,362815
29394,67584123,65,362815
29395,67584132,65,362815
29396,67584213,65,362815
29397,67584231,65,362815
29398,67584312,65,362815
29399,67584321,65,362815
29400,67812345,65,362815
29401,67812354,65,362815
29402,67812435,65,362815
29403,67812453,65,362815
29404,67812534,65,362815
29405,67812543,65,362815
29406,67813245,65,362815
29407,67813254,65,362815
29408,67813425,65,362815
29409,67813452,65,362815
29410,67813524,65,362815
29411,67813542,65,362815
29412,67814235,65,362815
29413,67814253,65,362815
29414,67814325,65,362815
29415,67814352,65,362815
29416,67814523,65,362815
29417,67814532,65,362815
29418,67815234,65,362815
29419,67815243,65,362815
29420,67815324,65,362815
29421,67815342,65,362815
29422,67815423,65,362815
29423,67815432,65,362815
29424,67821345,65,362815
29425,67821354,65,362815
29426,67821435,65,362815
29427,67821453,65,362815
29428,67821534,65,362815
29429,67821543,65,362815
29430,67823145,65,362815
29431,67823154,65,362815
29432,67823415,65,362815
29433,67823451,65,362815
29434,67823514,65,362815
29435,67823541,65,362815
29436,67824135,65,362815
29437,67824153,65,362815
29438,67824315,65,362815
29439,67824351,65,362815
29440,67824513,65,362815
29441,67824531,65,362815
29442,67825134,65,362815
29443,67825143,65,362815
29444,67825314,65,362815
29445,67825341,65,362815
29446,67825413,65,362815
29447,67825431,65,362815
29448,67831245,65,362815
29449,67831254,65,362815
29450,67831425,65,362815
29451,67831452,65,362815
29452,67831524,65,362815
29453,67831542,65,362815
29454,67832145,65,362815
29455,67832154,65,362815
29456,67832415,65,362815
29457,67832451,65,362815
29458,67832514,65,362815
29459,67832541,65,362815
29460,67834125,65,362815
29461,67834152,65,362815
29462,67834215,65,362815
29463,67834251,65,362815
29464,67834512,65,362815
29465,67834521,65,362815
29466,67835124,65,362815
29467,67835142,65,362815
29468,67835214,65,362815
29469,67835241,65,362815
29470,67835412,65,362815
29471,67835421,65,362815
29472,67841235,65,362815
29473,67841253,65,362815
29474,67841325,65,362815
29475,67841352,65,362815
29476,67841523,65,362815
29477,67841532,65,362815
29478,67842135,65,362815
29479,67842153,65,362815
29480,67842315,65,362815
29481,67842351,65,362815
29482,67842513,65,362815
29483,67842531,65,362815
29484,67843125,65,362815
29485,67843152,65,362815
29486,67843215,65,362815
29487,67843251,65,362815
29488,67843512,65,362815
29489,67843521,65,362815
29490,67845123,65,362815
29491,67845132,65,362815
29492,67845213,65,362815
29493,67845231,65,362815
29494,67845312,65,362815
29495,67845321,65,362815
29496,67851234,65,362815
29497,67851243,65,362815
29498,67851324,65,362815
29499,67851342,65,362815
29500,67851423,65,362815
29501,67851432,65,362815
29502,67852134,65,362815
29503,67852143,65,362815
29504,67852314,65,362815
29505,67852341,65,362815
29506,67852413,65,362815
29507,67852431,65,362815
29508,67853124,65,362815
29509,67853142,65,362815
29510,67853214,65,362815
29511,67853241,65,362815
29512,67853412,65,362815
29513,67853421,65,362815
29514,67854123,65,362815
29515,67854132,65,362815
29516,67854213,65,362815
29517,67854231,65,362815
29518,67854312,65,362815
29519,67854321,65,362815
29520,68123457,65,362815
29521,68123475,65,362815
29522,68123547,65,362815
29523,68123574,65,362815
29524,68123745,65,362815
29525,68123754,65,362815
29526,68124357,65,362815
29527,68124375,65,362815
29528,68124537,65,362815
29529,68124573,65,362815
29530,68124735,65,362815
29531,68124753,65,362815
29532,68125347,65,362815
29533,68125374,65,362815
29534,68125437,65,362815
29535,68125473,65,362815
29536,68125734,65,362815
29537,68125743,65,362815
29538,68127345,65,362815
29539,68127354,65,362815
29540,68127435,65,362815
29541,68127453,65,362815
29542,68127534,65,362815
29543,68127543,65,362815
29544,68132457,65,362815
29545,68132475,65,362815
29546,68132547,65,362815
29547,68132574,65,362815
29548,68132745,65,362815
29549,68132754,65,362815
29550,68134257,65,362815
29551,68134275,65,362815
29552,68134527,65,362815
29553,68134572,65,362815
29554,68134725,65,362815
29555,68134752,65,362815
29556,68135247,65,362815
29557,68135274,65,362815
29558,68135427,65,362815
29559,68135472,65,362815
29560,68135724,65,362815
29561,68135742,65,362815
29562,68137245,65,362815
29563,68137254,65,362815
29564,68137425,65,362815
29565,68137452,65,362815
29566,68137524,65,362815
29567,68137542,65,362815
29568,68142357,65,362815
29569,68142375,65,362815
29570,68142537,65,362815
29571,68142573,65,362815
29572,68142735,65,362815
29573,68142753,65,362815
29574,68143257,65,362815
29575,68143275,65,362815
29576,68143527,65,362815
29577,68143572,65,362815
29578,68143725,65,362815
29579,68143752,65,362815
29580,68145237,65,362815
29581,68145273,65,362815
29582,68145327,65,362815
29583,68145372,65,362815
29584,68145723,65,362815
29585,68145732,65,362815
29586,68147235,65,362815
29587,68147253,65,362815
29588,68147325,65,362815
29589,68147352,65,362815
29590,68147523,65,362815
29591,68147532,65,362815
29592,68152347,65,362815
29593,68152374,65,362815
29594,68152437,65,362815
29595,68152473,65,362815
29596,68152734,65,362815
29597,68152743,65,362815
29598,68153247,65,362815
29599,68153274,65,362815
29600,68153427,65,362815
29601,68153472,65,362815
29602,68153724,65,362815
29603,68153742,65,362815
29604,68154237,65,362815
29605,68154273,65,362815
29606,68154327,65,362815
29607,68154372,65,362815
29608,68154723,65,362815
29609,68154732,65,362815
29610,68157234,65,362815
29611,68157243,65,362815
29612,68157324,65,362815
29613,68157342,65,362815
29614,68157423,65,362815
29615,68157432,65,362815
29616,68172345,65,362815
29617,68172354,65,362815
29618,68172435,65,362815
29619,68172453,65,362815
29620,68172534,65,362815
29621,68172543,65,362815
29622,68173245,65,362815
29623,68173254,65,362815
29624,68173425,65,362815
29625,68173452,65,362815
29626,68173524,65,362815
29627,68173542,65,362815
29628,68174235,65,362815
29629,68174253,65,362815
29630,68174325,65,362815
29631,68174352,65,362815
29632,68174523,65,362815
29633,68174532,65,362815
29634,68175234,65,362815
29635,68175243,65,362815
29636,68175324,65,362815
29637,68175342,65,362815
29638,68175423,65,362815
29639,68175432,65,362815
29640,68213457,65,362815
29641,68213475,65,362815
29642,68213547,65,362815
29643,68213574,65,362815
29644,68213745,65,362815
29645,68213754,65,362815
29646,68214357,65,362815
29647,68214375,65,362815
29648,68214537,65,362815
29649,68214573,65,362815
29650,68214735,65,362815
29651,68214753,65,362815
29652,68215347,65,362815
29653,68215374,65,362815
29654,68215437,65,362815
29655,68215473,65,362815
29656,68215734,65,362815
29657,68215743,65,362815
29658,68217345,65,362815
29659,68217354,65,362815
29660,68217435,65,362815
29661,68217453,65,362815
29662,68217534,65,362815
29663,68217543,65,362815
29664,68231457,65,362815
29665,68231475,65,362815
29666,68231547,65,362815
29667,68231574,65,362815
29668,68231745,65,362815
29669,68231754,65,362815
29670,68234157,65,362815
29671,68234175,65,362815
29672,68234517,65,362815
29673,68234571,65,362815
29674,68234715,65,362815
29675,68234751,65,362815
29676,68235147,65,362815
29677,68235174,65,362815
29678,68235417,65,362815
29679,68235471,65,362815
29680,68235714,65,362815
29681,68235741,65,362815
29682,68237145,65,362815
29683,68237154,65,362815
29684,68237415,65,362815
29685,68237451,65,362815
29686,68237514,65,362815
29687,68237541,65,362815
29688,68241357,65,362815
29689,68241375,65,362815
29690,68241537,65,362815
29691,68241573,65,362815
29692,68241735,65,362815
29693,68241753,65,362815
29694,68243157,65,362815
29695,68243175,65,362815
29696,68243517,65,362815
29697,68243571,65,362815
29698,68243715,65,362815
29699,68243751,65,362815
29700,68245137,65,362815
29701,68245173,65,362815
29702,68245317,65,362815
29703,68245371,65,362815
29704,68245713,65,362815
29705,68245731,65,362815
29706,68247135,65,362815
29707,68247153,65,362815
29708,68247315,65,362815
29709,68247351,65,362815
29710,68247513,65,362815
29711,68247531,65,362815
29712,68251347,65,362815
29713,68251374,65,362815
29714,68251437,65,362815
29715,68251473,65,362815
29716,68251734,65,362815
29717,68251743,65,362815
29718,68253147,65,362815
29719,68253174,65,362815
29720,68253417,65,362815
29721,68253471,65,362815
29722,68253714,65,362815
29723,68253741,65,362815
29724,68254137,65,362815
29725,68254173,65,362815
29726,68254317,65,362815
29727,68254371,65,362815
29728,68254713,65,362815
29729,68254731,65,362815
29730,68257134,65,362815
29731,68257143,65,362815
29732,68257314,65,362815
29733,68257341,65,362815
29734,68257413,65,362815
29735,68257431,65,362815
29736,68271345,65,362815
29737,68271354,65,362815
29738,68271435,65,362815
29739,68271453,65,362815
29740,68271534,65,362815
29741,68271543,65,362815
29742,68273145,65,362815
29743,68273154,65,362815
29744,68273415,65,362815
29745,68273451,65,362815
29746,68273514,65,362815
29747,68273541,65,362815
29748,68274135,65,362815
29749,68274153,65,362815
29750,68274315,65,362815
29751,68274351,65,362815
29752,68274513,65,362815
29753,68274531,65,362815
29754,68275134,65,362815
29755,68275143,65,362815
29756,68275314,65,362815
29757,68275341,65,362815
29758,68275413,65,362815
29759,68275431,65,362815
29760,68312457,65,362815
29761,68312475,65,362815
29762,68312547,65,362815
29763,68312574,65,362815
29764,68312745,65,362815
29765,68312754,65,362815
29766,68314257,65,362815
29767,68314275,65,362815
29768,68314527,65,362815
29769,68314572,65,362815
29770,68314725,65,362815
29771,68314752,65,362815
29772,68315247,65,362815
29773,68315274,65,362815
29774,68315427,65,362815
29775,68315472,65,362815
29776,68315724,65,362815
29777,68315742,65,362815
29778,68317245,65,362815
29779,68317254,65,362815
29780,68317425,65,362815
29781,68317452,65,362815
29782,68317524,65,362815
29783,68317542,65,362815
29784,68321457,65,362815
29785,68321475,65,362815
29786,68321547,65,362815
29787,68321574,65,362815
29788,68321745,65,362815
29789,68321754,65,362815
29790,68324157,65,362815
29791,68324175,65,362815
29792,68324517,65,362815
29793,68324571,65,362815
29794,68324715,65,362815
29795,68324751,65,362815
29796,68325147,65,362815
29797,68325174,65,362815
29798,68325417,65,362815
29799,68325471,65,362815
29800,68325714,65,362815
29801,68325741,65,362815
29802,68327145,65,362815
29803,68327154,65,362815
29804,68327415,65,362815
29805,68327451,65,362815
29806,68327514,65,362815
29807,68327541,65,362815
29808,68341257,65,362815
29809,68341275,65,362815
29810,68341527,65,362815
29811,68341572,65,362815
29812,68341725,65,362815
29813,68341752,65,362815
29814,68342157,65,362815
29815,68342175,65,362815
29816,68342517,65,362815
29817,68342571,65,362815
29818,68342715,65,362815
29819,68342751,65,362815
29820,68345127,65,362815
29821,68345172,65,362815
29822,68345217,65,362815
29823,68345271,65,362815
29824,68345712,65,362815
29825,68345721,65,362815
29826,68347125,65,362815
29827,68347152,65,362815
29828,68347215,65,362815
29829,68347251,65,362815
29830,68347512,65,362815
29831,68347521,65,362815
29832,68351247,65,362815
29833,68351274,65,362815
29834,68351427,65,362815
29835,68351472,65,362815
29836,68351724,65,362815
29837,68351742,65,362815
29838,68352147,65,362815
29839,68352174,65,362815
29840,68352417,65,362815
29841,68352471,65,362815
29842,68352714,65,362815
29843,68352741,65,362815
29844,68354127,65,362815
29845,68354172,65,362815
29846,68354217,65,362815
29847,68354271,65,362815
29848,68354712,65,362815
29849,68354721,65,362815
29850,68357124,65,362815
29851,68357142,65,362815
29852,68357214,65,362815
29853,68357241,65,362815
29854,68357412,65,362815
29855,68357421,65,362815
29856,68371245,65,362815
29857,68371254,65,362815
29858,68371425,65,362815
29859,68371452,65,362815
29860,68371524,65,362815
29861,68371542,65,362815
29862,68372145,65,362815
29863,68372154,65,362815
29864,68372415,65,362815
29865,68372451,65,362815
29866,68372514,65,362815
29867,68372541,65,362815
29868,68374125,65,362815
29869,68374152,65,362815
29870,68374215,65,362815
29871,68374251,65,362815
29872,68374512,65,362815
29873,68374521,65,362815
29874,68375124,65,362815
29875,68375142,65,362815
29876,68375214,65,362815
29877,68375241,65,362815
29878,68375412,65,362815
29879,68375421,65,362815
29880,68412357,65,362815
29881,68412375,65,362815
29882,68412537,65,362815
29883,68412573,65,362815
29884,68412735,65,362815
29885,68412753,65,362815
29886,68413257,65,362815
29887,68413275,65,362815
29888,68413527,65,362815
29889,68413572,65,362815
29890,68413725,65,362815
29891,68413752,65,362815
29892,68415237,65,362815
29893,68415273,65,362815
29894,68415327,65,362815
29895,68415372,65,362815
29896,68415723,65,362815
29897,68415732,65,362815
29898,68417235,65,362815
29899,68417253,65,362815
29900,68417325,65,362815
29901,68417352,65,362815
29902,68417523,65,362815
29903,68417532,65,362815
29904,68421357,65,362815
29905,68421375,65,362815
29906,68421537,65,362815
29907,68421573,65,362815
29908,68421735,65,362815
29909,68421753,65,362815
29910,68423157,65,362815
29911,68423175,65,362815
29912,68423517,65,362815
29913,68423571,65,362815
29914,68423715,65,362815
29915,68423751,65,362815
29916,68425137,65,362815
29917,68425173,65,362815
29918,68425317,65,362815
29919,68425371,65,362815
29920,68425713,65,362815
29921,68425731,65,362815
29922,68427135,65,362815
29923,68427153,65,362815
29924,68427315,65,362815
29925,68427351,65,362815
29926,68427513,65,362815
29927,68427531,65,362815
29928,68431257,65,362815
29929,68431275,65,362815
29930,68431527,65,362815
29931,68431572,65,362815
29932,68431725,65,362815
29933,68431752,65,362815
29934,68432157,65,362815
29935,68432175,65,362815
29936,68432517,65,362815
29937,68432571,65,362815
29938,68432715,65,362815
29939,68432751,65,362815
29940,68435127,65,362815
29941,68435172,65,362815
29942,68435217,65,362815
29943,68435271,65,362815
29944,68435712,65,362815
29945,68435721,65,362815
29946,68437125,65,362815
29947,68437152,65,362815
29948,68437215,65,362815
29949,68437251,65,362815
29950,68437512,65,362815
29951,68437521,65,362815
29952,68451237,65,362815
29953,68451273,65,362815
29954,68451327,65,362815
29955,68451372,65,362815
29956,68451723,65,362815
29957,68451732,65,362815
29958,68452137,65,362815
29959,68452173,65,362815
29960,68452317,65,362815
29961,68452371,65,362815
29962,68452713,65,362815
29963,68452731,65,362815
29964,68453127,65,362815
29965,68453172,65,362815
29966,68453217,65,362815
29967,68453271,65,362815
29968,68453712,65,362815
29969,68453721,65,362815
29970,68457123,65,362815
29971,68457132,65,362815
29972,68457213,65,362815
29973,68457231,65,362815
29974,68457312,65,362815
29975,68457321,65,362815
29976,68471235,65,362815
29977,68471253,65,362815
29978,68471325,65,362815
29979,68471352,65,362815
29980,68471523,65,362815
29981,68471532,65,362815
29982,68472135,65,362815
29983,68472153,65,362815
29984,68472315,65,362815
29985,68472351,65,362815
29986,68472513,65,362815
29987,68472531,65,362815
29988,68473125,65,362815
29989,68473152,65,362815
29990,68473215,65,362815
29991,68473251,65,362815
29992,68473512,65,362815
29993,68473521,65,362815
29994,68475123,65,362815
29995,68475132,65,362815
29996,68475213,65,362815
29997,68475231,65,362815
29998,68475312,65,362815
29999,68475321,65,362815
30000,68512347,65,362815
30001,68512374,65,362815
30002,68512437,65,362815
30003,68512473,65,362815
30004,68512734,65,362815
30005,68512743,65,362815
30006,68513247,65,362815
30007,68513274,65,362815
30008,68513427,65,362815
30009,68513472,65,362815
30010,68513724,65,362815
30011,68513742,65,362815
30012,68514237,65,362815
30013,68514273,65,362815
30014,68514327,65,362815
30015,68514372,65,362815
30016,68514723,65,362815
30017,68514732,65,362815
30018,68517234,65,362815
30019,68517243,65,362815
30020,68517324,65,362815
30021,68517342,65,362815
30022,68517423,65,362815
30023,68517432,65,362815
30024,68521347,65,362815
30025,68521374,65,362815
30026,68521437,65,362815
30027,68521473,65,362815
30028,68521734,65,362815
30029,68521743,65,362815
30030,68523147,65,362815
30031,68523174,65,362815
30032,68523417,65,362815
30033,68523471,65,362815
30034,68523714,65,362815
30035,68523741,65,362815
30036,68524137,65,362815
30037,68524173,65,362815
30038,68524317,65,362815
30039,68524371,65,362815
30040,68524713,65,362815
30041,68524731,65,362815
30042,68527134,65,362815
30043,68527143,65,362815
30044,68527314,65,362815
30045,68527341,65,362815
30046,68527413,65,362815
30047,68527431,65,362815
30048,68531247,65,362815
30049,68531274,65,362815
30050,68531427,65,362815
30051,68531472,65,362815
30052,68531724,65,362815
30053,68531742,65,362815
30054,68532147,65,362815
30055,68532174,65,362815
30056,68532417,65,362815
30057,68532471,65,362815
30058,68532714,65,362815
30059,68532741,65,362815
30060,68534127,65,362815
30061,68534172,65,362815
30062,68534217,65,362815
30063,68534271,65,362815
30064,68534712,65,362815
30065,68534721,65,362815
30066,68537124,65,362815
30067,68537142,65,362815
30068,68537214,65,362815
30069,68537241,65,362815
30070,68537412,65,362815
30071,68537421,65,362815
30072,68541237,65,362815
30073,68541273,65,362815
30074,68541327,65,362815
30075,68541372,65,362815
30076,68541723,65,362815
30077,68541732,65,362815
30078,68542137,65,362815
30079,68542173,65,362815
30080,68542317,65,362815
30081,68542371,65,362815
30082,68542713,65,362815
30083,68542731,65,362815
30084,68543127,65,362815
30085,68543172,65,362815
30086,68543217,65,362815
30087,68543271,65,362815
30088,68543712,65,362815
30089,68543721,65,362815
30090,68547123,65,362815
30091,68547132,65,362815
30092,68547213,65,362815
30093,68547231,65,362815
30094,68547312,65,362815
30095,68547321,65,362815
30096,68571234,65,362815
30097,68571243,65,362815
30098,68571324,65,362815
30099,68571342,65,362815
30100,68571423,65,362815
30101,68571432,65,362815
30102,68572134,65,362815
30103,68572143,65,362815
30104,68572314,65,362815
30105,68572341,65,362815
30106,68572413,65,362815
30107,68572431,65,362815
30108,68573124,65,362815
30109,68573142,65,362815
30110,68573214,65,362815
30111,68573241,65,362815
30112,68573412,65,362815
30113,68573421,65,362815
30114,68574123,65,362815
30115,68574132,65,362815
30116,68574213,65,362815
30117,68574231,65,362815
30118,68574312,65,362815
30119,68574321,65,362815
30120,68712345,65,362815
30121,68712354,65,362815
30122,68712435,65,362815
30123,68712453,65,362815
30124,68712534,65,362815
30125,68712543,65,362815
30126,68713245,65,362815
30127,68713254,65,362815
30128,68713425,65,362815
30129,68713452,65,362815
30130,68713524,65,362815
30131,68713542,65,362815
30132,68714235,65,362815
30133,68714253,65,362815
30134,68714325,65,362815
30135,68714352,65,362815
30136,68714523,65,362815
30137,68714532,65,362815
30138,68715234,65,362815
30139,68715243,65,362815
30140,68715324,65,362815
30141,68715342,65,362815
30142,68715423,65,362815
30143,68715432,65,362815
30144,68721345,65,362815
30145,68721354,65,362815
30146,68721435,65,362815
30147,68721453,65,362815
30148,68721534,65,362815
30149,68721543,65,362815
30150,68723145,65,362815
30151,68723154,65,362815
30152,68723415,65,362815
30153,68723451,65,362815
30154,68723514,65,362815
30155,68723541,65,362815
30156,68724135,65,362815
30157,68724153,65,362815
30158,68724315,65,362815
30159,68724351,65,362815
30160,68724513,65,362815
30161,68724531,65,362815
30162,68725134,65,362815
30163,68725143,65,362815
30164,68725314,65,362815
30165,68725341,65,362815
30166,68725413,65,362815
30167,68725431,65,362815
30168,68731245,65,362815
30169,68731254,65,362815
30170,68731425,65,362815
30171,68731452,65,362815
30172,68731524,65,362815
30173,68731542,65,362815
30174,68732145,65,362815
30175,68732154,65,362815
30176,68732415,65,362815
30177,68732451,65,362815
30178,68732514,65,362815
30179,68732541,65,362815
30180,68734125,65,362815
30181,68734152,65,362815
30182,68734215,65,362815
30183,68734251,65,362815
30184,68734512,65,362815
30185,68734521,65,362815
30186,68735124,65,362815
30187,68735142,65,362815
30188,68735214,65,362815
30189,68735241,65,362815
30190,68735412,65,362815
30191,68735421,65,362815
30192,68741235,65,362815
30193,68741253,65,362815
30194,68741325,65,362815
30195,68741352,65,362815
30196,68741523,65,362815
30197,68741532,65,362815
30198,68742135,65,362815
30199,68742153,65,362815
30200,68742315,65,362815
30201,68742351,65,362815
30202,68742513,65,362815
30203,68742531,65,362815
30204,68743125,65,362815
30205,68743152,65,362815
30206,68743215,65,362815
30207,68743251,65,362815
30208,68743512,65,362815
30209,68743521,65,362815
30210,68745123,65,362815
30211,68745132,65,362815
30212,68745213,65,362815
30213,68745231,65,362815
30214,68745312,65,362815
30215,68745321,65,362815
30216,68751234,65,362815
30217,68751243,65,362815
30218,68751324,65,362815
30219,68751342,65,362815
30220,68751423,65,362815
30221,68751432,65,362815
30222,68752134,65,362815
30223,68752143,65,362815
30224,68752314,65,362815
30225,68752341,65,362815
30226,68752413,65,362815
30227,68752431,65,362815
30228,68753124,65,362815
30229,68753142,65,362815
30230,68753214,65,362815
30231,68753241,65,362815
30232,68753412,65,362815
30233,68753421,65,362815
30234,68754123,65,362815
30235,68754132,65,362815
30236,68754213,65,362815
30237,68754231,65,362815
30238,68754312,65,362815
30239,68754321,65,362815
30240,71234568,65,362815
30241,71234586,65,362815
30242,71234658,65,362815
30243,71234685,65,362815
30244,71234856,65,362815
30245,71234865,65,362815
30246,71235468,65,362815
30247,71235486,65,362815
30248,71235648,65,362815
30249,71235684,65,362815
30250,71235846,65,362815
30251,71235864,65,362815
30252,71236458,65,362815
30253,71236485,65,362815
30254,71236548,65,362815
30255,71236584,65,362815
30256,71236845,65,362815
30257,71236854,65,362815
30258,71238456,65,362815
30259,71238465,65,362815
30260,71238546,65,362815
30261,71238564,65,362815
30262,71238645,65,362815
30263,71238654,65,362815
30264,71243568,65,362815
30265,71243586,65,362815
30266,71243658,65,362815
30267,71243685,65,362815
30268,71243856,65,362815
30269,71243865,65,362815
30270,71245368,65,362815
30271,71245386,65,362815
30272,71245638,65,362815
30273,71245683,65,362815
30274,71245836,65,362815
30275,71245863,65,362815
30276,71246358,65,362815
30277,71246385,65,362815
30278,71246538,65,362815
30279,71246583,65,362815
30280,71246835,65,362815
30281,71246853,65,362815
30282,71248356,65,362815
30283,71248365,65,362815
30284,71248536,65,362815
30285,71248563,65,362815
30286,71248635,65,362815
30287,71248653,65,362815
30288,71253468,65,362815
30289,71253486,65,362815
30290,71253648,65,362815
30291,71253684,65,362815
30292,71253846,65,362815
30293,71253864,65,362815
30294,71254368,65,362815
30295,71254386,65,362815
30296,71254638,65,362815
30297,71254683,65,362815
30298,71254836,65,362815
30299,71254863,65,362815
30300,71256348,65,362815
30301,71256384,65,362815
30302,71256438,65,362815
30303,71256483,65,362815
30304,71256834,65,362815
30305,71256843,65,362815
30306,71258346,65,362815
30307,71258364,65,362815
30308,71258436,65,362815
30309,71258463,65,362815
30310,71258634,65,362815
30311,71258643,65,362815
30312,71263458,65,362815
30313,71263485,65,362815
30314,71263548,65,362815
30315,71263584,65,362815
30316,71263845,65,362815
30317,71263854,65,362815
30318,71264358,65,362815
30319,71264385,65,362815
30320,71264538,65,362815
30321,71264583,65,362815
30322,71264835,65,362815
30323,71264853,65,362815
30324,71265348,65,362815
30325,71265384,65,362815
30326,71265438,65,362815
30327,71265483,65,362815
30328,71265834,65,362815
30329,71265843,65,362815
30330,71268345,65,362815
30331,71268354,65,362815
30332,71268435,65,362815
30333,71268453,65,362815
30334,71268534,65,362815
30335,71268543,65,362815
30336,71283456,65,362815
30337,71283465,65,362815
30338,71283546,65,362815
30339,71283564,65,362815
30340,71283645,65,362815
30341,71283654,65,362815
30342,71284356,65,362815
30343,71284365,65,362815
30344,71284536,65,362815
30345,71284563,65,362815
30346,71284635,65,362815
30347,71284653,65,362815
30348,71285346,65,362815
30349,71285364,65,362815
30350,71285436,65,362815
30351,71285463,65,362815
30352,71285634,65,362815
30353,71285643,65,362815
30354,71286345,65,362815
30355,71286354,65,362815
30356,71286435,65,362815
30357,71286453,65,362815
30358,71286534,65,362815
30359,71286543,65,362815
30360,71324568,65,362815
30361,71324586,65,362815
30362,71324658,65,362815
30363,71324685,65,362815
30364,71324856,65,362815
30365,71324865,65,362815
30366,71325468,65,362815
30367,71325486,65,362815
30368,71325648,65,362815
30369,71325684,65,362815
30370,71325846,65,362815
30371,71325864,65,362815
30372,71326458,65,362815
30373,71326485,65,362815
30374,71326548,65,362815
30375,71326584,65,362815
30376,71326845,65,362815
30377,71326854,65,362815
30378,71328456,65,362815
30379,71328465,65,362815
30380,71328546,65,362815
30381,71328564,65,362815
30382,71328645,65,362815
30383,71328654,65,362815
30384,71342568,65,362815
30385,71342586,65,362815
30386,71342658,65,362815
30387,71342685,65,362815
30388,71342856,65,362815
30389,71342865,65,362815
30390,71345268,65,362815
30391,71345286,65,362815
30392,71345628,65,362815
30393,71345682,65,362815
30394,71345826,65,362815
30395,71345862,65,362815
30396,71346258,65,362815
30397,71346285,65,362815
30398,71346528,65,362815
30399,71346582,65,362815
30400,71346825,65,362815
30401,71346852,65,362815
30402,71348256,65,362815
30403,71348265,65,362815
30404,71348526,65,362815
30405,71348562,65,362815
30406,71348625,65,362815
30407,71348652,65,362815
30408,71352468,65,362815
30409,71352486,65,362815
30410,71352648,65,362815
30411,71352684,65,362815
30412,71352846,65,362815
30413,71352864,65,362815
30414,71354268,65,362815
30415,71354286,65,362815
30416,71354628,65,362815
30417,71354682,65,362815
30418,71354826,65,362815
30419,71354862,65,362815
30420,71356248,65,362815
30421,71356284,65,362815
30422,71356428,65,362815
30423,71356482,65,362815
30424,71356824,65,362815
30425,71356842,65,362815
30426,71358246,65,362815
30427,71358264,65,362815
30428,71358426,65,362815
30429,71358462,65,362815
30430,71358624,65,362815
30431,71358642,65,362815
30432,71362458,65,362815
30433,71362485,65,362815
30434,71362548,65,362815
30435,71362584,65,362815
30436,71362845,65,362815
30437,71362854,65,362815
30438,71364258,65,362815
30439,71364285,65,362815
30440,71364528,65,362815
30441,71364582,65,362815
30442,71364825,65,362815
30443,71364852,65,362815
30444,71365248,65,362815
30445,71365284,65,362815
30446,71365428,65,362815
30447,71365482,65,362815
30448,71365824,65,362815
30449,71365842,65,362815
30450,71368245,65,362815
30451,71368254,65,362815
30452,71368425,65,362815
30453,71368452,65,362815
30454,71368524,65,362815
30455,71368542,65,362815
30456,71382456,65,362815
30457,71382465,65,362815
30458,71382546,65,362815
30459,71382564,65,362815
30460,71382645,65,362815
30461,71382654,65,362815
30462,71384256,65,362815
30463,71384265,65,362815
30464,71384526,65,362815
30465,71384562,65,362815
30466,71384625,65,362815
30467,71384652,65,362815
30468,71385246,65,362815
30469,71385264,65,362815
30470,71385426,65,362815
30471,71385462,65,362815
30472,71385624,65,362815
30473,71385642,65,362815
30474,71386245,65,362815
30475,71386254,65,362815
30476,71386425,65,362815
30477,71386452,65,362815
30478,71386524,65,362815
30479,71386542,65,362815
30480,71423568,65,362815
30481,71423586,65,362815
30482,71423658,65,362815
30483,71423685,65,362815
30484,71423856,65,362815
30485,71423865,65,362815
30486,71425368,65,362815
30487,71425386,65,362815
30488,71425638,65,362815
30489,71425683,65,362815
30490,71425836,65,362815
30491,71425863,65,362815
30492,71426358,65,362815
30493,71426385,65,362815
30494,71426538,65,362815
30495,71426583,65,362815
30496,71426835,65,362815
30497,71426853,65,362815
30498,71428356,65,362815
30499,71428365,65,362815
30500,71428536,65,362815
30501,71428563,65,362815
30502,71428635,65,362815
30503,71428653,65,362815
30504,71432568,65,362815
30505,71432586,65,362815
30506,71432658,65,362815
30507,71432685,65,362815
30508,71432856,65,362815
30509,71432865,65,362815
30510,71435268,65,362815
30511,71435286,65,362815
30512,71435628,65,362815
30513,71435682,65,362815
30514,71435826,65,362815
30515,71435862,65,362815
30516,71436258,65,362815
30517,71436285,65,362815
30518,71436528,65,362815
30519,71436582,65,362815
30520,71436825,65,362815
30521,71436852,65,362815
30522,71438256,65,362815
30523,71438265,65,362815
30524,71438526,65,362815
30525,71438562,65,362815
30526,71438625,65,362815
30527,71438652,65,362815
30528,71452368,65,362815
30529,71452386,65,362815
30530,71452638,65,362815
30531,71452683,65,362815
30532,71452836,65,362815
30533,71452863,65,362815
30534,71453268,65,362815
30535,71453286,65,362815
30536,71453628,65,362815
30537,71453682,65,362815
30538,71453826,65,362815
30539,71453862,65,362815
30540,71456238,65,362815
30541,71456283,65,362815
30542,71456328,65,362815
30543,71456382,65,362815
30544,71456823,65,362815
30545,71456832,65,362815
30546,71458236,65,362815
30547,71458263,65,362815
30548,71458326,65,362815
30549,71458362,65,362815
30550,71458623,65,362815
30551,71458632,65,362815
30552,71462358,65,362815
30553,71462385,65,362815
30554,71462538,65,362815
30555,71462583,65,362815
30556,71462835,65,362815
30557,71462853,65,362815
30558,71463258,65,362815
30559,71463285,65,362815
30560,71463528,65,362815
30561,71463582,65,362815
30562,71463825,65,362815
30563,71463852,65,362815
30564,71465238,65,362815
30565,71465283,65,362815
30566,71465328,65,362815
30567,71465382,65,362815
30568,71465823,65,362815
30569,71465832,65,362815
30570,71468235,65,362815
30571,71468253,65,362815
30572,71468325,65,362815
30573,71468352,65,362815
30574,71468523,65,362815
30575,71468532,65,362815
30576,71482356,65,362815
30577,71482365,65,362815
30578,71482536,65,362815
30579,71482563,65,362815
30580,71482635,65,362815
30581,71482653,65,362815
30582,71483256,65,362815
30583,71483265,65,362815
30584,71483526,65,362815
30585,71483562,65,362815
30586,71483625,65,362815
30587,71483652,65,362815
30588,71485236,65,362815
30589,71485263,65,362815
30590,71485326,65,362815
30591,71485362,65,362815
30592,71485623,65,362815
30593,71485632,65,362815
30594,71486235,65,362815
30595,71486253,65,362815
30596,71486325,65,362815
30597,71486352,65,362815
30598,71486523,65,362815
30599,71486532,65,362815
30600,71523468,65,362815
30601,71523486,65,362815
30602,71523648,65,362815
30603,71523684,65,362815
30604,71523846,65,362815
30605,71523864,65,362815
30606,71524368,65,362815
30607,71524386,65,362815
30608,71524638,65,362815
30609,71524683,65,362815
30610,71524836,65,362815
30611,71524863,65,362815
30612,71526348,65,362815
30613,71526384,65,362815
30614,71526438,65,362815
30615,71526483,65,362815
30616,71526834,65,362815
30617,71526843,65,362815
30618,71528346,65,362815
30619,71528364,65,362815
30620,71528436,65,362815
30621,71528463,65,362815
30622,71528634,65,362815
30623,71528643,65,362815
30624,71532468,65,362815
30625,71532486,65,362815
30626,71532648,65,362815
30627,71532684,65,362815
30628,71532846,65,362815
30629,71532864,65,362815
30630,71534268,65,362815
30631,71534286,65,362815
30632,71534628,65,362815
30633,71534682,65,362815
30634,71534826,65,362815
30635,71534862,65,362815
30636,71536248,65,362815
30637,71536284,65,362815
30638,71536428,65,362815
30639,71536482,65,362815
30640,71536824,65,362815
30641,71536842,65,362815
30642,71538246,65,362815
30643,71538264,65,362815
30644,71538426,65,362815
30645,71538462,65,362815
30646,71538624,65,362815
30647,71538642,65,362815
30648,71542368,65,362815
30649,71542386,65,362815
30650,71542638,65,362815
30651,71542683,65,362815
30652,71542836,65,362815
30653,71542863,65,362815
30654,71543268,65,362815
30655,71543286,65,362815
30656,71543628,65,362815
30657,71543682,65,362815
30658,71543826,65,362815
30659,71543862,65,362815
30660,71546238,65,362815
30661,71546283,65,362815
30662,71546328,65,362815
30663,71546382,65,362815
30664,71546823,65,362815
30665,71546832,65,362815
30666,71548236,65,362815
30667,71548263,65,362815
30668,71548326,65,362815
30669,71548362,65,362815
30670,71548623,65,362815
30671,71548632,65,362815
30672,71562348,65,362815
30673,71562384,65,362815
30674,71562438,65,362815
30675,71562483,65,362815
30676,71562834,65,362815
30677,71562843,65,362815
30678,71563248,65,362815
30679,71563284,65,362815
30680,71563428,65,362815
30681,71563482,65,362815
30682,71563824,65,362815
30683,71563842,65,362815
30684,71564238,65,362815
30685,71564283,65,362815
30686,71564328,65,362815
30687,71564382,65,362815
30688,71564823,65,362815
30689,71564832,65,362815
30690,71568234,65,362815
30691,71568243,65,362815
30692,71568324,65,362815
30693,71568342,65,362815
30694,71568423,65,362815
30695,71568432,65,362815
30696,71582346,65,362815
30697,71582364,65,362815
30698,71582436,65,362815
30699,71582463,65,362815
30700,71582634,65,362815
30701,71582643,65,362815
30702,71583246,65,362815
30703,71583264,65,362815
30704,71583426,65,362815
30705,71583462,65,362815
30706,71583624,65,362815
30707,71583642,65,362815
30708,71584236,65,362815
30709,71584263,65,362815
30710,71584326,65,362815
30711,71584362,65,362815
30712,71584623,65,362815
30713,71584632,65,362815
30714,71586234,65,362815
30715,71586243,65,362815
30716,71586324,65,362815
30717,71586342,65,362815
30718,71586423,65,362815
30719,71586432,65,362815
30720,71623458,65,362815
30721,71623485,65,362815
30722,71623548,65,362815
30723,71623584,65,362815
30724,71623845,65,362815
30725,71623854,65,362815
30726,71624358,65,362815
30727,71624385,65,362815
30728,71624538,65,362815
30729,71624583,65,362815
30730,71624835,65,362815
30731,71624853,65,362815
30732,71625348,65,362815
30733,71625384,65,362815
30734,71625438,65,362815
30735,71625483,65,362815
30736,71625834,65,362815
30737,71625843,65,362815
30738,71628345,65,362815
30739,71628354,65,362815
30740,71628435,65,362815
30741,71628453,65,362815
30742,71628534,65,362815
30743,71628543,65,362815
30744,71632458,65,362815
30745,71632485,65,362815
30746,71632548,65,362815
30747,71632584,65,362815
30748,71632845,65,362815
30749,71632854,65,362815
30750,71634258,65,362815
30751,71634285,65,362815
30752,71634528,65,362815
30753,71634582,65,362815
30754,71634825,65,362815
30755,71634852,65,362815
30756,71635248,65,362815
30757,71635284,65,362815
30758,71635428,65,362815
30759,71635482,65,362815
30760,71635824,65,362815
30761,71635842,65,362815
30762,71638245,65,362815
30763,71638254,65,362815
30764,71638425,65,362815
30765,71638452,65,362815
30766,71638524,65,362815
30767,71638542,65,362815
30768,71642358,65,362815
30769,71642385,65,362815
30770,71642538,65,362815
30771,71642583,65,362815
30772,71642835,65,362815
30773,71642853,65,362815
30774,71643258,65,362815
30775,71643285,65,362815
30776,71643528,65,362815
30777,71643582,65,362815
30778,71643825,65,362815
30779,71643852,65,362815
30780,71645238,65,362815
30781,71645283,65,362815
30782,71645328,65,362815
30783,71645382,65,362815
30784,71645823,65,362815
30785,71645832,65,362815
30786,71648235,65,362815
30787,71648253,65,362815
30788,71648325,65,362815
30789,71648352,65,362815
30790,71648523,65,362815
30791,71648532,65,362815
30792,71652348,65,362815
30793,71652384,65,362815
30794,71652438,65,362815
30795,71652483,65,362815
30796,71652834,65,362815
30797,71652843,65,362815
30798,71653248,65,362815
30799,71653284,65,362815
30800,71653428,65,362815
30801,71653482,65,362815
30802,71653824,65,362815
30803,71653842,65,362815
30804,71654238,65,362815
30805,71654283,65,362815
30806,71654328,65,362815
30807,71654382,65,362815
30808,71654823,65,362815
30809,71654832,65,362815
30810,71658234,65,362815
30811,71658243,65,362815
30812,71658324,65,362815
30813,71658342,65,362815
30814,71658423,65,362815
30815,71658432,65,362815
30816,71682345,65,362815
30817,71682354,65,362815
30818,71682435,65,362815
30819,71682453,65,362815
30820,71682534,65,362815
30821,71682543,65,362815
30822,71683245,65,362815
30823,71683254,65,362815
30824,71683425,65,362815
30825,71683452,65,362815
30826,71683524,65,362815
30827,71683542,65,362815
30828,71684235,65,362815
30829,71684253,65,362815
30830,71684325,65,362815
30831,71684352,65,362815
30832,71684523,65,362815
30833,71684532,65,362815
30834,71685234,65,362815
30835,71685243,65,362815
30836,71685324,65,362815
30837,71685342,65,362815
30838,71685423,65,362815
30839,71685432,65,362815
30840,71823456,65,362815
30841,71823465,65,362815
30842,71823546,65,362815
30843,71823564,65,362815
30844,71823645,65,362815
30845,71823654,65,362815
30846,71824356,65,362815
30847,71824365,65,362815
30848,71824536,65,362815
30849,71824563,65,362815
30850,71824635,65,362815
30851,71824653,65,362815
30852,71825346,65,362815
30853,71825364,65,362815
30854,71825436,65,362815
30855,71825463,65,362815
30856,71825634,65,362815
30857,71825643,65,362815
30858,71826345,65,362815
30859,71826354,65,362815
30860,71826435,65,362815
30861,71826453,65,362815
30862,71826534,65,362815
30863,71826543,65,362815
30864,71832456,65,362815
30865,71832465,65,362815
30866,71832546,65,362815
30867,71832564,65,362815
30868,71832645,65,362815
30869,71832654,65,362815
30870,71834256,65,362815
30871,71834265,65,362815
30872,71834526,65,362815
30873,71834562,65,362815
30874,71834625,65,362815
30875,71834652,65,362815
30876,71835246,65,362815
30877,71835264,65,362815
30878,71835426,65,362815
30879,71835462,65,362815
30880,71835624,65,362815
30881,71835642,65,362815
30882,71836245,65,362815
30883,71836254,65,362815
30884,71836425,65,362815
30885,71836452,65,362815
30886,71836524,65,362815
30887,71836542,65,362815
30888,71842356,65,362815
30889,71842365,65,362815
30890,71842536,65,362815
30891,71842563,65,362815
30892,71842635,65,362815
30893,71842653,65,362815
30894,71843256,65,362815
30895,71843265,65,362815
30896,71843526,65,362815
30897,71843562,65,362815
30898,71843625,65,362815
30899,71843652,65,362815
30900,71845236,65,362815
30901,71845263,65,362815
30902,71845326,65,362815
30903,71845362,65,362815
30904,71845623,65,362815
30905,71845632,65,362815
30906,71846235,65,362815
30907,71846253,65,362815
30908,71846325,65,362815
30909,71846352,65,362815
30910,71846523,65,362815
30911,71846532,65,362815
30912,71852346,65,362815
30913,71852364,65,362815
30914,71852436,65,362815
30915,71852463,65,362815
30916,71852634,65,362815
30917,71852643,65,362815
30918,71853246,65,362815
30919,71853264,65,362815
30920,71853426,65,362815
30921,71853462,65,362815
30922,71853624,65,362815
30923,71853642,65,362815
30924,71854236,65,362815
30925,71854263,65,362815
30926,71854326,65,362815
30927,71854362,65,362815
30928,71854623,65,362815
30929,71854632,65,362815
30930,71856234,65,362815
30931,71856243,65,362815
30932,71856324,65,362815
30933,71856342,65,362815
30934,71856423,65,362815
30935,71856432,65,362815
30936,71862345,65,362815
30937,71862354,65,362815
30938,71862435,65,362815
30939,71862453,65,362815
30940,71862534,65,362815
30941,71862543,65,362815
30942,71863245,65,362815
30943,71863254,65,362815
30944,71863425,65,362815
30945,71863452,65,362815
30946,71863524,65,362815
30947,71863542,65,362815
30948,71864235,65,362815
30949,71864253,65,362815
30950,71864325,65,362815
30951,71864352,65,362815
30952,71864523,65,362815
30953,71864532,65,362815
30954,71865234,65,362815
30955,71865243,65,362815
30956,71865324,65,362815
30957,71865342,65,362815
30958,71865423,65,362815
30959,71865432,65,362815
30960,72134568,65,362815
30961,72134586,65,362815
30962,72134658,65,362815
30963,72134685,65,362815
30964,72134856,65,362815
30965,72134865,65,362815
30966,72135468,65,362815
30967,72135486,65,362815
30968,72135648,65,362815
30969,72135684,65,362815
30970,72135846,65,362815
30971,72135864,65,362815
30972,72136458,65,362815
30973,72136485,65,362815
30974,72136548,65,362815
30975,72136584,65,362815
30976,72136845,65,362815
30977,72136854,65,362815
30978,72138456,65,362815
30979,72138465,65,362815
30980,72138546,65,362815
30981,72138564,65,362815
30982,72138645,65,362815
30983,72138654,65,362815
30984,72143568,65,362815
30985,72143586,65,362815
30986,72143658,65,362815
30987,72143685,65,362815
30988,72143856,65,362815
30989,72143865,65,362815
30990,72145368,65,362815
30991,72145386,65,362815
30992,72145638,65,362815
30993,72145683,65,362815
30994,72145836,65,362815
30995,72145863,65,362815
30996,72146358,65,362815
30997,72146385,65,362815
30998,72146538,65,362815
30999,72146583,65,362815
31000,72146835,65,362815
31001,72146853,65,362815
31002,72148356,65,362815
31003,72148365,65,362815
31004,72148536,65,362815
31005,72148563,65,362815
31006,72148635,65,362815
31007,72148653,65,362815
31008,72153468,65,362815
31009,72153486,65,362815
31010,72153648,65,362815
31011,72153684,65,362815
31012,72153846,65,362815
31013,72153864,65,362815
31014,72154368,65,362815
31015,72154386,65,362815
31016,72154638,65,362815
31017,72154683,65,362815
31018,72154836,65,362815
31019,72154863,65,362815
31020,72156348,65,362815
31021,72156384,65,362815
31022,72156438,65,362815
31023,72156483,65,362815
31024,72156834,65,362815
31025,72156843,65,362815
31026,72158346,65,362815
31027,72158364,65,362815
31028,72158436,65,362815
31029,72158463,65,362815
31030,72158634,65,362815
31031,72158643,65,362815
31032,72163458,65,362815
31033,72163485,65,362815
31034,72163548,65,362815
31035,72163584,65,362815
31036,72163845,65,362815
31037,72163854,65,362815
31038,72164358,65,362815
31039,72164385,65,362815
31040,72164538,65,362815
31041,72164583,65,362815
31042,72164835,65,362815
31043,72164853,65,362815
31044,72165348,65,362815
31045,72165384,65,362815
31046,72165438,65,362815
31047,72165483,65,362815
31048,72165834,65,362815
31049,72165843,65,362815
31050,72168345,65,362815
31051,72168354,65,362815
31052,72168435,65,362815
31053,72168453,65,362815
31054,72168534,65,362815
31055,72168543,65,362815
31056,72183456,65,362815
31057,72183465,65,362815
31058,72183546,65,362815
31059,72183564,65,362815
31060,72183645,65,362815
31061,72183654,65,362815
31062,72184356,65,362815
31063,72184365,65,362815
31064,72184536,65,362815
31065,72184563,65,362815
31066,72184635,65,362815
31067,72184653,65,362815
31068,72185346,65,362815
31069,72185364,65,362815
31070,72185436,65,362815
31071,72185463,65,362815
31072,72185634,65,362815
31073,72185643,65,362815
31074,72186345,65,362815
31075,72186354,65,362815
31076,72186435,65,362815
31077,72186453,65,362815
31078,72186534,65,362815
31079,72186543,65,362815
31080,72314568,65,362815
31081,72314586,65,362815
31082,72314658,65,362815
31083,72314685,65,362815
31084,72314856,65,362815
31085,72314865,65,362815
31086,72315468,65,362815
31087,72315486,65,362815
31088,72315648,65,362815
31089,72315684,65,362815
31090,72315846,65,362815
31091,72315864,65,362815
31092,72316458,65,362815
31093,72316485,65,362815
31094,72316548,65,362815
31095,72316584,65,362815
31096,72316845,65,362815
31097,72316854,65,362815
31098,72318456,65,362815
31099,72318465,65,362815
31100,72318546,65,362815
31101,72318564,65,362815
31102,72318645,65,362815
31103,72318654,65,362815
31104,72341568,65,362815
31105,72341586,65,362815
31106,72341658,65,362815
31107,72341685,65,362815
31108,72341856,65,362815
31109,72341865,65,362815
31110,72345168,65,362815
31111,72345186,65,362815
31112,72345618,65,362815
31113,72345681,65,362815
31114,72345816,65,362815
31115,72345861,65,362815
31116,72346158,65,362815
31117,72346185,65,362815
31118,72346518,65,362815
31119,72346581,65,362815
31120,72346815,65,362815
31121,72346851,65,362815
31122,72348156,65,362815
31123,72348165,65,362815
31124,72348516,65,362815
31125,72348561,65,362815
31126,72348615,65,362815
31127,72348651,65,362815
31128,72351468,65,362815
31129,72351486,65,362815
31130,72351648,65,362815
31131,72351684,65,362815
31132,72351846,65,362815
31133,72351864,65,362815
31134,72354168,65,362815
31135,72354186,65,362815
31136,72354618,65,362815
31137,72354681,65,362815
31138,72354816,65,362815
31139,72354861,65,362815
31140,72356148,65,362815
31141,72356184,65,362815
31142,72356418,65,362815
31143,72356481,65,362815
31144,72356814,65,362815
31145,72356841,65,362815
31146,72358146,65,362815
31147,72358164,65,362815
31148,72358416,65,362815
31149,72358461,65,362815
31150,72358614,65,362815
31151,72358641,65,362815
31152,72361458,65,362815
31153,72361485,65,362815
31154,72361548,65,362815
31155,72361584,65,362815
31156,72361845,65,362815
31157,72361854,65,362815
31158,72364158,65,362815
31159,72364185,65,362815
31160,72364518,65,362815
31161,72364581,65,362815
31162,72364815,65,362815
31163,72364851,65,362815
31164,72365148,65,362815
31165,72365184,65,362815
31166,72365418,65,362815
31167,72365481,65,362815
31168,72365814,65,362815
31169,72365841,65,362815
31170,72368145,65,362815
31171,72368154,65,362815
31172,72368415,65,362815
31173,72368451,65,362815
31174,72368514,65,362815
31175,72368541,65,362815
31176,72381456,65,362815
31177,72381465,65,362815
31178,72381546,65,362815
31179,72381564,65,362815
31180,72381645,65,362815
31181,72381654,65,362815
31182,72384156,65,362815
31183,72384165,65,362815
31184,72384516,65,362815
31185,72384561,65,362815
31186,72384615,65,362815
31187,72384651,65,362815
31188,72385146,65,362815
31189,72385164,65,362815
31190,72385416,65,362815
31191,72385461,65,362815
31192,72385614,65,362815
31193,72385641,65,362815
31194,72386145,65,362815
31195,72386154,65,362815
31196,72386415,65,362815
31197,72386451,65,362815
31198,72386514,65,362815
31199,72386541,65,362815
31200,72413568,65,362815
31201,72413586,65,362815
31202,72413658,65,362815
31203,72413685,65,362815
31204,72413856,65,362815
31205,72413865,65,362815
31206,72415368,65,362815
31207,72415386,65,362815
31208,72415638,65,362815
31209,72415683,65,362815
31210,72415836,65,362815
31211,72415863,65,362815
31212,72416358,65,362815
31213,72416385,65,362815
31214,72416538,65,362815
31215,72416583,65,362815
31216,72416835,65,362815
31217,72416853,65,362815
31218,72418356,65,362815
31219,72418365,65,362815
31220,72418536,65,362815
31221,72418563,65,362815
31222,72418635,65,362815
31223,72418653,65,362815
31224,72431568,65,362815
31225,72431586,65,362815
31226,72431658,65,362815
31227,72431685,65,362815
31228,72431856,65,362815
31229,72431865,65,362815
31230,72435168,65,362815
31231,72435186,65,362815
31232,72435618,65,362815
31233,72435681,65,362815
31234,72435816,65,362815
31235,72435861,65,362815
31236,72436158,65,362815
31237,72436185,65,362815
31238,72436518,65,362815
31239,72436581,65,362815
31240,72436815,65,362815
31241,72436851,65,362815
31242,72438156,65,362815
31243,72438165,65,362815
31244,72438516,65,362815
31245,72438561,65,362815
31246,72438615,65,362815
31247,72438651,65,362815
31248,72451368,65,362815
31249,72451386,65,362815
31250,72451638,65,362815
31251,72451683,65,362815
31252,72451836,65,362815
31253,72451863,65,362815
31254,72453168,65,362815
31255,72453186,65,362815
31256,72453618,65,362815
31257,72453681,65,362815
31258,72453816,65,362815
31259,72453861,65,362815
31260,72456138,65,362815
31261,72456183,65,362815
31262,72456318,65,362815
31263,72456381,65,362815
31264,72456813,65,362815
31265,72456831,65,362815
31266,72458136,65,362815
31267,72458163,65,362815
31268,72458316,65,362815
31269,72458361,65,362815
31270,72458613,65,362815
31271,72458631,65,362815
31272,72461358,65,362815
31273,72461385,65,362815
31274,72461538,65,362815
31275,72461583,65,362815
31276,72461835,65,362815
31277,72461853,65,362815
31278,72463158,65,362815
31279,72463185,65,362815
31280,72463518,65,362815
31281,72463581,65,362815
31282,72463815,65,362815
31283,72463851,65,362815
31284,72465138,65,362815
31285,72465183,65,362815
31286,72465318,65,362815
31287,72465381,65,362815
31288,72465813,65,362815
31289,72465831,65,362815
31290,72468135,65,362815
31291,72468153,65,362815
31292,72468315,65,362815
31293,72468351,65,362815
31294,72468513,65,362815
31295,72468531,65,362815
31296,72481356,65,362815
31297,72481365,65,362815
31298,72481536,65,362815
31299,72481563,65,362815
31300,72481635,65,362815
31301,72481653,65,362815
31302,72483156,65,362815
31303,72483165,65,362815
31304,72483516,65,362815
31305,72483561,65,362815
31306,72483615,65,362815
31307,72483651,65,362815
31308,72485136,65,362815
31309,72485163,65,362815
31310,72485316,65,362815
31311,72485361,65,362815
31312,72485613,65,362815
31313,72485631,65,362815
31314,72486135,65,362815
31315,72486153,65,362815
31316,72486315,65,362815
31317,72486351,65,362815
31318,72486513,65,362815
31319,72486531,65,362815
31320,72513468,65,362815
31321,72513486,65,362815
31322,72513648,65,362815
31323,72513684,65,362815
31324,72513846,65,362815
31325,72513864,65,362815
31326,72514368,65,362815
31327,72514386,65,362815
31328,72514638,65,362815
31329,72514683,65,362815
31330,72514836,65,362815
31331,72514863,65,362815
31332,72516348,65,362815
31333,72516384,65,362815
31334,72516438,65,362815
31335,72516483,65,362815
31336,72516834,65,362815
31337,72516843,65,362815
31338,72518346,65,362815
31339,72518364,65,362815
31340,72518436,65,362815
31341,72518463,65,362815
31342,72518634,65,362815
31343,72518643,65,362815
31344,72531468,65,362815
31345,72531486,65,362815
31346,72531648,65,362815
31347,72531684,65,362815
31348,72531846,65,362815
31349,72531864,65,362815
31350,72534168,65,362815
31351,72534186,65,362815
31352,72534618,65,362815
31353,72534681,65,362815
31354,72534816,65,362815
31355,72534861,65,362815
31356,72536148,65,362815
31357,72536184,65,362815
31358,72536418,65,362815
31359,72536481,65,362815
31360,72536814,65,362815
31361,72536841,65,362815
31362,72538146,65,362815
31363,72538164,65,362815
31364,72538416,65,362815
31365,72538461,65,362815
31366,72538614,65,362815
31367,72538641,65,362815
31368,72541368,65,362815
31369,72541386,65,362815
31370,72541638,65,362815
31371,72541683,65,362815
31372,72541836,65,362815
31373,72541863,65,362815
31374,72543168,65,362815
31375,72543186,65,362815
31376,72543618,65,362815
31377,72543681,65,362815
31378,72543816,65,362815
31379,72543861,65,362815
31380,72546138,65,362815
31381,72546183,65,362815
31382,72546318,65,362815
31383,72546381,65,362815
31384,72546813,65,362815
31385,72546831,65,362815
31386,72548136,65,362815
31387,72548163,65,362815
31388,72548316,65,362815
31389,72548361,65,362815
31390,72548613,65,362815
31391,72548631,65,362815
31392,72561348,65,362815
31393,72561384,65,362815
31394,72561438,65,362815
31395,72561483,65,362815
31396,72561834,65,362815
31397,72561843,65,362815
31398,72563148,65,362815
31399,72563184,65,362815
31400,72563418,65,362815
31401,72563481,65,362815
31402,72563814,65,362815
31403,72563841,65,362815
31404,72564138,65,362815
31405,72564183,65,362815
31406,72564318,65,362815
31407,72564381,65,362815
31408,72564813,65,362815
31409,72564831,65,362815
31410,72568134,65,362815
31411,72568143,65,362815
31412,72568314,65,362815
31413,72568341,65,362815
31414,72568413,65,362815
31415,72568431,65,362815
31416,72581346,65,362815
31417,72581364,65,362815
31418,72581436,65,362815
31419,72581463,65,362815
31420,72581634,65,362815
31421,72581643,65,362815
31422,72583146,65,362815
31423,72583164,65,362815
31424,72583416,65,362815
31425,72583461,65,362815
31426,72583614,65,362815
31427,72583641,65,362815
31428,72584136,65,362815
31429,72584163,65,362815
31430,72584316,65,362815
31431,72584361,65,362815
31432,72584613,65,362815
31433,72584631,65,362815
31434,72586134,65,362815
31435,72586143,65,362815
31436,72586314,65,362815
31437,72586341,65,362815
31438,72586413,65,362815
31439,72586431,65,362815
31440,72613458,65,362815
31441,72613485,65,362815
31442,72613548,65,362815
31443,72613584,65,362815
31444,72613845,65,362815
31445,72613854,65,362815
31446,72614358,65,362815
31447,72614385,65,362815
31448,72614538,65,362815
31449,72614583,65,362815
31450,72614835,65,362815
31451,72614853,65,362815
31452,72615348,65,362815
31453,72615384,65,362815
31454,72615438,65,362815
31455,72615483,65,362815
31456,72615834,65,362815
31457,72615843,65,362815
31458,72618345,65,362815
31459,72618354,65,362815
31460,72618435,65,362815
31461,72618453,65,362815
31462,72618534,65,362815
31463,72618543,65,362815
31464,72631458,65,362815
31465,72631485,65,362815
31466,72631548,65,362815
31467,72631584,65,362815
31468,72631845,65,362815
31469,72631854,65,362815
31470,72634158,65,362815
31471,72634185,65,362815
31472,72634518,65,362815
31473,72634581,65,362815
31474,72634815,65,362815
31475,72634851,65,362815
31476,72635148,65,362815
31477,72635184,65,362815
31478,72635418,65,362815
31479,72635481,65,362815
31480,72635814,65,362815
31481,72635841,65,362815
31482,72638145,65,362815
31483,72638154,65,362815
31484,72638415,65,362815
31485,72638451,65,362815
31486,72638514,65,362815
31487,72638541,65,362815
31488,72641358,65,362815
31489,72641385,65,362815
31490,72641538,65,362815
31491,72641583,65,362815
31492,72641835,65,362815
31493,72641853,65,362815
31494,72643158,65,362815
31495,72643185,65,362815
31496,72643518,65,362815
31497,72643581,65,362815
31498,72643815,65,362815
31499,72643851,65,362815
31500,72645138,65,362815
31501,72645183,65,362815
31502,72645318,65,362815
31503,72645381,65,362815
31504,72645813,65,362815
31505,72645831,65,362815
31506,72648135,65,362815
31507,72648153,65,362815
31508,72648315,65,362815
31509,72648351,65,362815
31510,72648513,65,362815
31511,72648531,65,362815
31512,72651348,65,362815
31513,72651384,65,362815
31514,72651438,65,362815
31515,72651483,65,362815
31516,72651834,65,362815
31517,72651843,65,362815
31518,72653148,65,362815
31519,72653184,65,362815
31520,72653418,65,362815
31521,72653481,65,362815
31522,72653814,65,362815
31523,72653841,65,362815
31524,72654138,65,362815
31525,72654183,65,362815
31526,72654318,65,362815
31527,72654381,65,362815
31528,72654813,65,362815
31529,72654831,65,362815
31530,72658134,65,362815
31531,72658143,65,362815
31532,72658314,65,362815
31533,72658341,65,362815
31534,72658413,65,362815
31535,72658431,65,362815
31536,72681345,65,362815
31537,72681354,65,362815
31538,72681435,65,362815
31539,72681453,65,362815
31540,72681534,65,362815
31541,72681543,65,362815
31542,72683145,65,362815
31543,72683154,65,362815
31544,72683415,65,362815
31545,72683451,65,362815
31546,72683514,65,362815
31547,72683541,65,362815
31548,72684135,65,362815
31549,72684153,65,362815
31550,72684315,65,362815
31551,72684351,65,362815
31552,72684513,65,362815
31553,72684531,65,362815
31554,72685134,65,362815
31555,72685143,65,362815
31556,72685314,65,362815
31557,72685341,65,362815
31558,72685413,65,362815
31559,72685431,65,362815
31560,72813456,65,362815
31561,72813465,65,362815
31562,72813546,65,362815
31563,72813564,65,362815
31564,72813645,65,362815
31565,72813654,65,362815
31566,72814356,65,362815
31567,72814365,65,362815
31568,72814536,65,362815
31569,72814563,65,362815
31570,72814635,65,362815
31571,72814653,65,362815
31572,72815346,65,362815
31573,72815364,65,362815
31574,72815436,65,362815
31575,72815463,65,362815
31576,72815634,65,362815
31577,72815643,65,362815
31578,72816345,65,362815
31579,72816354,65,362815
31580,72816435,65,362815
31581,72816453,65,362815
31582,72816534,65,362815
31583,72816543,65,362815
31584,72831456,65,362815
31585,72831465,65,362815
31586,72831546,65,362815
31587,72831564,65,362815
31588,72831645,65,362815
31589,72831654,65,362815
31590,72834156,65,362815
31591,72834165,65,362815
31592,72834516,65,362815
31593,72834561,65,362815
31594,72834615,65,362815
31595,72834651,65,362815
31596,72835146,65,362815
31597,72835164,65,362815
31598,72835416,65,362815
31599,72835461,65,362815
31600,72835614,65,362815
31601,72835641,65,362815
31602,72836145,65,362815
31603,72836154,65,362815
31604,72836415,65,362815
31605,72836451,65,362815
31606,72836514,65,362815
31607,72836541,65,362815
31608,72841356,65,362815
31609,72841365,65,362815
31610,72841536,65,362815
31611,72841563,65,362815
31612,72841635,65,362815
31613,72841653,65,362815
31614,72843156,65,362815
31615,72843165,65,362815
31616,72843516,65,362815
31617,72843561,65,362815
31618,72843615,65,362815
31619,72843651,65,362815
31620,72845136,65,362815
31621,72845163,65,362815
31622,72845316,65,362815
31623,72845361,65,362815
31624,72845613,65,362815
31625,72845631,65,362815
31626,72846135,65,362815
31627,72846153,65,362815
31628,72846315,65,362815
31629,72846351,65,362815
31630,72846513,65,362815
31631,72846531,65,362815
31632,72851346,65,362815
31633,72851364,65,362815
31634,72851436,65,362815
31635,72851463,65,362815
31636,72851634,65,362815
31637,72851643,65,362815
31638,72853146,65,362815
31639,72853164,65,362815
31640,72853416,65,362815
31641,72853461,65,362815
31642,72853614,65,362815
31643,72853641,65,362815
31644,72854136,65,362815
31645,72854163,65,362815
31646,72854316,65,362815
31647,72854361,65,362815
31648,72854613,65,362815
31649,72854631,65,362815
31650,72856134,65,362815
31651,72856143,65,362815
31652,72856314,65,362815
31653,72856341,65,362815
31654,72856413,65,362815
31655,72856431,65,362815
31656,72861345,65,362815
31657,72861354,65,362815
31658,72861435,65,362815
31659,72861453,65,362815
31660,72861534,65,362815
31661,72861543,65,362815
31662,72863145,65,362815
31663,72863154,65,362815
31664,72863415,65,362815
31665,72863451,65,362815
31666,72863514,65,362815
31667,72863541,65,362815
31668,72864135,65,362815
31669,72864153,65,362815
31670,72864315,65,362815
31671,72864351,65,362815
31672,72864513,65,362815
31673,72864531,65,362815
31674,72865134,65,362815
31675,72865143,65,362815
31676,72865314,65,362815
31677,72865341,65,362815
31678,72865413,65,362815
31679,72865431,65,362815
31680,73124568,65,362815
31681,73124586,65,362815
31682,73124658,65,362815
31683,73124685,65,362815
31684,73124856,65,362815
31685,73124865,65,362815
31686,73125468,65,362815
31687,73125486,65,362815
31688,73125648,65,362815
31689,73125684,65,362815
31690,73125846,65,362815
31691,73125864,65,362815
31692,73126458,65,362815
31693,73126485,65,362815
31694,73126548,65,362815
31695,73126584,65,362815
31696,73126845,65,362815
31697,73126854,65,362815
31698,73128456,65,362815
31699,73128465,65,362815
31700,73128546,65,362815
31701,73128564,65,362815
31702,73128645,65,362815
31703,73128654,65,362815
31704,73142568,65,362815
31705,73142586,65,362815
31706,73142658,65,362815
31707,73142685,65,362815
31708,73142856,65,362815
31709,73142865,65,362815
31710,73145268,65,362815
31711,73145286,65,362815
31712,73145628,65,362815
31713,73145682,65,362815
31714,73145826,65,362815
31715,73145862,65,362815
31716,73146258,65,362815
31717,73146285,65,362815
31718,73146528,65,362815
31719,73146582,65,362815
31720,73146825,65,362815
31721,73146852,65,362815
31722,73148256,65,362815
31723,73148265,65,362815
31724,73148526,65,362815
31725,73148562,65,362815
31726,73148625,65,362815
31727,73148652,65,362815
31728,73152468,65,362815
31729,73152486,65,362815
31730,73152648,65,362815
31731,73152684,65,362815
31732,73152846,65,362815
31733,73152864,65,362815
31734,73154268,65,362815
31735,73154286,65,362815
31736,73154628,65,362815
31737,73154682,65,362815
31738,73154826,65,362815
31739,73154862,65,362815
31740,73156248,65,362815
31741,73156284,65,362815
31742,73156428,65,362815
31743,73156482,65,362815
31744,73156824,65,362815
31745,73156842,65,362815
31746,73158246,65,362815
31747,73158264,65,362815
31748,73158426,65,362815
31749,73158462,65,362815
31750,73158624,65,362815
31751,73158642,65,362815
31752,73162458,65,362815
31753,73162485,65,362815
31754,73162548,65,362815
31755,73162584,65,362815
31756,73162845,65,362815
31757,73162854,65,362815
31758,73164258,65,362815
31759,73164285,65,362815
31760,73164528,65,362815
31761,73164582,65,362815
31762,73164825,65,362815
31763,73164852,65,362815
31764,73165248,65,362815
31765,73165284,65,362815
31766,73165428,65,362815
31767,73165482,65,362815
31768,73165824,65,362815
31769,73165842,65,362815
31770,73168245,65,362815
31771,73168254,65,362815
31772,73168425,65,362815
31773,73168452,65,362815
31774,73168524,65,362815
31775,73168542,65,362815
31776,73182456,65,362815
31777,73182465,65,362815
31778,73182546,65,362815
31779,73182564,65,362815
31780,73182645,65,362815
31781,73182654,65,362815
31782,73184256,65,362815
31783,73184265,65,362815
31784,73184526,65,362815
31785,73184562,65,362815
31786,73184625,65,362815
31787,73184652,65,362815
31788,73185246,65,362815
31789,73185264,65,362815
31790,73185426,65,362815
31791,73185462,65,362815
31792,73185624,65,362815
31793,73185642,65,362815
31794,73186245,65,362815
31795,73186254,65,362815
31796,73186425,65,362815
31797,73186452,65,362815
31798,73186524,65,362815
31799,73186542,65,362815
31800,73214568,65,362815
31801,73214586,65,362815
31802,73214658,65,362815
31803,73214685,65,362815
31804,73214856,65,362815
31805,73214865,65,362815
31806,73215468,65,362815
31807,73215486,65,362815
31808,73215648,65,362815
31809,73215684,65,362815
31810,73215846,65,362815
31811,73215864,65,362815
31812,73216458,65,362815
31813,73216485,65,362815
31814,73216548,65,362815
31815,73216584,65,362815
31816,73216845,65,362815
31817,73216854,65,362815
31818,73218456,65,362815
31819,73218465,65,362815
31820,73218546,65,362815
31821,73218564,65,362815
31822,73218645,65,362815
31823,73218654,65,362815
31824,73241568,65,362815
31825,73241586,65,362815
31826,73241658,65,362815
31827,73241685,65,362815
31828,73241856,65,362815
31829,73241865,65,362815
31830,73245168,65,362815
31831,73245186,65,362815
31832,73245618,65,362815
31833,73245681,65,362815
31834,73245816,65,362815
31835,73245861,65,362815
31836,73246158,65,362815
31837,73246185,65,362815
31838,73246518,65,362815
31839,73246581,65,362815
31840,73246815,65,362815
31841,73246851,65,362815
31842,73248156,65,362815
31843,73248165,65,362815
31844,73248516,65,362815
31845,73248561,65,362815
31846,73248615,65,362815
31847,73248651,65,362815
31848,73251468,65,362815
31849,73251486,65,362815
31850,73251648,65,362815
31851,73251684,65,362815
31852,73251846,65,362815
31853,73251864,65,362815
31854,73254168,65,362815
31855,73254186,65,362815
31856,73254618,65,362815
31857,73254681,65,362815
31858,73254816,65,362815
31859,73254861,65,362815
31860,73256148,65,362815
31861,73256184,65,362815
31862,73256418,65,362815
31863,73256481,65,362815
31864,73256814,65,362815
31865,73256841,65,362815
31866,73258146,65,362815
31867,73258164,65,362815
31868,73258416,65,362815
31869,73258461,65,362815
31870,73258614,65,362815
31871,73258641,65,362815
31872,73261458,65,362815
31873,73261485,65,362815
31874,73261548,65,362815
31875,73261584,65,362815
31876,73261845,65,362815
31877,73261854,65,362815
31878,73264158,65,362815
31879,73264185,65,362815
31880,73264518,65,362815
31881,73264581,65,362815
31882,73264815,65,362815
31883,73264851,65,362815
31884,73265148,65,362815
31885,73265184,65,362815
31886,73265418,65,362815
31887,73265481,65,362815
31888,73265814,65,362815
31889,73265841,65,362815
31890,73268145,65,362815
31891,73268154,65,362815
31892,73268415,65,362815
31893,73268451,65,362815
31894,73268514,65,362815
31895,73268541,65,362815
31896,73281456,65,362815
31897,73281465,65,362815
31898,73281546,65,362815
31899,73281564,65,362815
31900,73281645,65,362815
31901,73281654,65,362815
31902,73284156,65,362815
31903,73284165,65,362815
31904,73284516,65,362815
31905,73284561,65,362815
31906,73284615,65,362815
31907,73284651,65,362815
31908,73285146,65,362815
31909,73285164,65,362815
31910,73285416,65,362815
31911,73285461,65,362815
31912,73285614,65,362815
31913,73285641,65,362815
31914,73286145,65,362815
31915,73286154,65,362815
31916,73286415,65,362815
31917,73286451,65,362815
31918,73286514,65,362815
31919,73286541,65,362815
31920,73412568,65,362815
31921,73412586,65,362815
31922,73412658,65,362815
31923,73412685,65,362815
31924,73412856,65,362815
31925,73412865,65,362815
31926,73415268,65,362815
31927,73415286,65,362815
31928,73415628,65,362815
31929,73415682,65,362815
31930,73415826,65,362815
31931,73415862,65,362815
31932,73416258,65,362815
31933,73416285,65,362815
31934,73416528,65,362815
31935,73416582,65,362815
31936,73416825,65,362815
31937,73416852,65,362815
31938,73418256,65,362815
31939,73418265,65,362815
31940,73418526,65,362815
31941,73418562,65,362815
31942,73418625,65,362815
31943,73418652,65,362815
31944,73421568,65,362815
31945,73421586,65,362815
31946,73421658,65,362815
31947,73421685,65,362815
31948,73421856,65,362815
31949,73421865,65,362815
31950,73425168,65,362815
31951,73425186,65,362815
31952,73425618,65,362815
31953,73425681,65,362815
31954,73425816,65,362815
31955,73425861,65,362815
31956,73426158,65,362815
31957,73426185,65,362815
31958,73426518,65,362815
31959,73426581,65,362815
31960,73426815,65,362815
31961,73426851,65,362815
31962,73428156,65,362815
31963,73428165,65,362815
31964,73428516,65,362815
31965,73428561,65,362815
31966,73428615,65,362815
31967,73428651,65,362815
31968,73451268,65,362815
31969,73451286,65,362815
31970,73451628,65,362815
31971,73451682,65,362815
31972,73451826,65,362815
31973,73451862,65,362815
31974,73452168,65,362815
31975,73452186,65,362815
31976,73452618,65,362815
31977,73452681,65,362815
31978,73452816,65,362815
31979,73452861,65,362815
31980,73456128,65,362815
31981,73456182,65,362815
31982,73456218,65,362815
31983,73456281,65,362815
31984,73456812,65,362815
31985,73456821,65,362815
31986,73458126,65,362815
31987,73458162,65,362815
31988,73458216,65,362815
31989,73458261,65,362815
31990,73458612,65,362815
31991,73458621,65,362815
31992,73461258,65,362815
31993,73461285,65,362815
31994,73461528,65,362815
31995,73461582,65,362815
31996,73461825,65,362815
31997,73461852,65,362815
31998,73462158,65,362815
31999,73462185,65,362815
32000,73462518,65,362815
32001,73462581,65,362815
32002,73462815,65,362815
32003,73462851,65,362815
32004,73465128,65,362815
32005,73465182,65,362815
32006,73465218,65,362815
32007,73465281,65,362815
32008,73465812,65,362815
32009,73465821,65,362815
32010,73468125,65,362815
32011,73468152,65,362815
32012,73468215,65,362815
32013,73468251,65,362815
32014,73468512,65,362815
32015,73468521,65,362815
32016,73481256,65,362815
32017,73481265,65,362815
32018,73481526,65,362815
32019,73481562,65,362815
32020,73481625,65,362815
32021,73481652,65,362815
32022,73482156,65,362815
32023,73482165,65,362815
32024,73482516,65,362815
32025,73482561,65,362815
32026,73482615,65,362815
32027,73482651,65,362815
32028,73485126,65,362815
32029,73485162,65,362815
32030,73485216,65,362815
32031,73485261,65,362815
32032,73485612,65,362815
32033,73485621,65,362815
32034,73486125,65,362815
32035,73486152,65,362815
32036,73486215,65,362815
32037,73486251,65,362815
32038,73486512,65,362815
32039,73486521,65,362815
32040,73512468,65,362815
32041,73512486,65,362815
32042,73512648,65,362815
32043,73512684,65,362815
32044,73512846,65,362815
32045,73512864,65,362815
32046,73514268,65,362815
32047,73514286,65,362815
32048,73514628,65,362815
32049,73514682,65,362815
32050,73514826,65,362815
32051,73514862,65,362815
32052,73516248,65,362815
32053,73516284,65,362815
32054,73516428,65,362815
32055,73516482,65,362815
32056,73516824,65,362815
32057,73516842,65,362815
32058,73518246,65,362815
32059,73518264,65,362815
32060,73518426,65,362815
32061,73518462,65,362815
32062,73518624,65,362815
32063,73518642,65,362815
32064,73521468,65,362815
32065,73521486,65,362815
32066,73521648,65,362815
32067,73521684,65,362815
32068,73521846,65,362815
32069,73521864,65,362815
32070,73524168,65,362815
32071,73524186,65,362815
32072,73524618,65,362815
32073,73524681,65,362815
32074,73524816,65,362815
32075,73524861,65,362815
32076,73526148,65,362815
32077,73526184,65,362815
32078,73526418,65,362815
32079,73526481,65,362815
32080,73526814,65,362815
32081,73526841,65,362815
32082,73528146,65,362815
32083,73528164,65,362815
32084,73528416,65,362815
32085,73528461,65,362815
32086,73528614,65,362815
32087,73528641,65,362815
32088,73541268,65,362815
32089,73541286,65,362815
32090,73541628,65,362815
32091,73541682,65,362815
32092,73541826,65,362815
32093,73541862,65,362815
32094,73542168,65,362815
32095,73542186,65,362815
32096,73542618,65,362815
32097,73542681,65,362815
32098,73542816,65,362815
32099,73542861,65,362815
32100,73546128,65,362815
32101,73546182,65,362815
32102,73546218,65,362815
32103,73546281,65,362815
32104,73546812,65,362815
32105,73546821,65,362815
32106,73548126,65,362815
32107,73548162,65,362815
32108,73548216,65,362815
32109,73548261,65,362815
32110,73548612,65,362815
32111,73548621,65,362815
32112,73561248,65,362815
32113,73561284,65,362815
32114,73561428,65,362815
32115,73561482,65,362815
32116,73561824,65,362815
32117,73561842,65,362815
32118,73562148,65,362815
32119,73562184,65,362815
32120,73562418,65,362815
32121,73562481,65,362815
32122,73562814,65,362815
32123,73562841,65,362815
32124,73564128,65,362815
32125,73564182,65,362815
32126,73564218,65,362815
32127,73564281,65,362815
32128,73564812,65,362815
32129,73564821,65,362815
32130,73568124,65,362815
32131,73568142,65,362815
32132,73568214,65,362815
32133,73568241,65,362815
32134,73568412,65,362815
32135,73568421,65,362815
32136,73581246,65,362815
32137,73581264,65,362815
32138,73581426,65,362815
32139,73581462,65,362815
32140,73581624,65,362815
32141,73581642,65,362815
32142,73582146,65,362815
32143,73582164,65,362815
32144,73582416,65,362815
32145,73582461,65,362815
32146,73582614,65,362815
32147,73582641,65,362815
32148,73584126,65,362815
32149,73584162,65,362815
32150,73584216,65,362815
32151,73584261,65,362815
32152,73584612,65,362815
32153,73584621,65,362815
32154,73586124,65,362815
32155,73586142,65,362815
32156,73586214,65,362815
32157,73586241,65,362815
32158,73586412,65,362815
32159,73586421,65,362815
32160,73612458,65,362815
32161,73612485,65,362815
32162,73612548,65,362815
32163,73612584,65,362815
32164,73612845,65,362815
32165,73612854,65,362815
32166,73614258,65,362815
32167,73614285,65,362815
32168,73614528,65,362815
32169,73614582,65,362815
32170,73614825,65,362815
32171,73614852,65,362815
32172,73615248,65,362815
32173,73615284,65,362815
32174,73615428,65,362815
32175,73615482,65,362815
32176,73615824,65,362815
32177,73615842,65,362815
32178,73618245,65,362815
32179,73618254,65,362815
32180,73618425,65,362815
32181,73618452,65,362815
32182,73618524,65,362815
32183,73618542,65,362815
32184,73621458,65,362815
32185,73621485,65,362815
32186,73621548,65,362815
32187,73621584,65,362815
32188,73621845,65,362815
32189,73621854,65,362815
32190,73624158,65,362815
32191,73624185,65,362815
32192,73624518,65,362815
32193,73624581,65,362815
32194,73624815,65,362815
32195,73624851,65,362815
32196,73625148,65,362815
32197,73625184,65,362815
32198,73625418,65,362815
32199,73625481,65,362815
32200,73625814,65,362815
32201,73625841,65,362815
32202,73628145,65,362815
32203,73628154,65,362815
32204,73628415,65,362815
32205,73628451,65,362815
32206,73628514,65,362815
32207,73628541,65,362815
32208,73641258,65,362815
32209,73641285,65,362815
32210,73641528,65,362815
32211,73641582,65,362815
32212,73641825,65,362815
32213,73641852,65,362815
32214,73642158,65,362815
32215,73642185,65,362815
32216,73642518,65,362815
32217,73642581,65,362815
32218,73642815,65,362815
32219,73642851,65,362815
32220,73645128,65,362815
32221,73645182,65,362815
32222,73645218,65,362815
32223,73645281,65,362815
32224,73645812,65,362815
32225,73645821,65,362815
32226,73648125,65,362815
32227,73648152,65,362815
32228,73648215,65,362815
32229,73648251,65,362815
32230,73648512,65,362815
32231,73648521,65,362815
32232,73651248,65,362815
32233,73651284,65,362815
32234,73651428,65,362815
32235,73651482,65,362815
32236,73651824,65,362815
32237,73651842,65,362815
32238,73652148,65,362815
32239,73652184,65,362815
32240,73652418,65,362815
32241,73652481,65,362815
32242,73652814,65,362815
32243,73652841,65,362815
32244,73654128,65,362815
32245,73654182,65,362815
32246,73654218,65,362815
32247,73654281,65,362815
32248,73654812,65,362815
32249,73654821,65,362815
32250,73658124,65,362815
32251,73658142,65,362815
32252,73658214,65,362815
32253,73658241,65,362815
32254,73658412,65,362815
32255,73658421,65,362815
32256,73681245,65,362815
32257,73681254,65,362815
32258,73681425,65,362815
32259,73681452,65,362815
32260,73681524,65,362815
32261,73681542,65,362815
32262,73682145,65,362815
32263,73682154,65,362815
32264,73682415,65,362815
32265,73682451,65,362815
32266,73682514,65,362815
32267,73682541,65,362815
32268,73684125,65,362815
32269,73684152,65,362815
32270,73684215,65,362815
32271,73684251,65,362815
32272,73684512,65,362815
32273,73684521,65,362815
32274,73685124,65,362815
32275,73685142,65,362815
32276,73685214,65,362815
32277,73685241,65,362815
32278,73685412,65,362815
32279,73685421,65,362815
32280,73812456,65,362815
32281,73812465,65,362815
32282,73812546,65,362815
32283,73812564,65,362815
32284,73812645,65,362815
32285,73812654,65,362815
32286,73814256,65,362815
32287,73814265,65,362815
32288,73814526,65,362815
32289,73814562,65,362815
32290,73814625,65,362815
32291,73814652,65,362815
32292,73815246,65,362815
32293,73815264,65,362815
32294,73815426,65,362815
32295,73815462,65,362815
32296,73815624,65,362815
32297,73815642,65,362815
32298,73816245,65,362815
32299,73816254,65,362815
32300,73816425,65,362815
32301,73816452,65,362815
32302,73816524,65,362815
32303,73816542,65,362815
32304,73821456,65,362815
32305,73821465,65,362815
32306,73821546,65,362815
32307,73821564,65,362815
32308,73821645,65,362815
32309,73821654,65,362815
32310,73824156,65,362815
32311,73824165,65,362815
32312,73824516,65,362815
32313,73824561,65,362815
32314,73824615,65,362815
32315,73824651,65,362815
32316,73825146,65,362815
32317,73825164,65,362815
32318,73825416,65,362815
32319,73825461,65,362815
32320,73825614,65,362815
32321,73825641,65,362815
32322,73826145,65,362815
32323,73826154,65,362815
32324,73826415,65,362815
32325,73826451,65,362815
32326,73826514,65,362815
32327,73826541,65,362815
32328,73841256,65,362815
32329,73841265,65,362815
32330,73841526,65,362815
32331,73841562,65,362815
32332,73841625,65,362815
32333,73841652,65,362815
32334,73842156,65,362815
32335,73842165,65,362815
32336,73842516,65,362815
32337,73842561,65,362815
32338,73842615,65,362815
32339,73842651,65,362815
32340,73845126,65,362815
32341,73845162,65,362815
32342,73845216,65,362815
32343,73845261,65,362815
32344,73845612,65,362815
32345,73845621,65,362815
32346,73846125,65,362815
32347,73846152,65,362815
32348,73846215,65,362815
32349,73846251,65,362815
32350,73846512,65,362815
32351,73846521,65,362815
32352,73851246,65,362815
32353,73851264,65,362815
32354,73851426,65,362815
32355,73851462,65,362815
32356,73851624,65,362815
32357,73851642,65,362815
32358,73852146,65,362815
32359,73852164,65,362815
32360,73852416,65,362815
32361,73852461,65,362815
32362,73852614,65,362815
32363,73852641,65,362815
32364,73854126,65,362815
32365,73854162,65,362815
32366,73854216,65,362815
32367,73854261,65,362815
32368,73854612,65,362815
32369,73854621,65,362815
32370,73856124,65,362815
32371,73856142,65,362815
32372,73856214,65,362815
32373,73856241,65,362815
32374,73856412,65,362815
32375,73856421,65,362815
32376,73861245,65,362815
32377,73861254,65,362815
32378,73861425,65,362815
32379,73861452,65,362815
32380,73861524,65,362815
32381,73861542,65,362815
32382,73862145,65,362815
32383,73862154,65,362815
32384,73862415,65,362815
32385,73862451,65,362815
32386,73862514,65,362815
32387,73862541,65,362815
32388,73864125,65,362815
32389,73864152,65,362815
32390,73864215,65,362815
32391,73864251,65,362815
32392,73864512,65,362815
32393,73864521,65,362815
32394,73865124,65,362815
32395,73865142,65,362815
32396,73865214,65,362815
32397,73865241,65,362815
32398,73865412,65,362815
32399,73865421,65,362815
32400,74123568,65,362815
32401,74123586,65,362815
32402,74123658,65,362815
32403,74123685,65,362815
32404,74123856,65,362815
32405,74123865,65,362815
32406,74125368,65,362815
32407,74125386,65,362815
32408,74125638,65,362815
32409,74125683,65,362815
32410,74125836,65,362815
32411,74125863,65,362815
32412,74126358,65,362815
32413,74126385,65,362815
32414,74126538,65,362815
32415,74126583,65,362815
32416,74126835,65,362815
32417,74126853,65,362815
32418,74128356,65,362815
32419,74128365,65,362815
32420,74128536,65,362815
32421,74128563,65,362815
32422,74128635,65,362815
32423,74128653,65,362815
32424,74132568,65,362815
32425,74132586,65,362815
32426,74132658,65,362815
32427,74132685,65,362815
32428,74132856,65,362815
32429,74132865,65,362815
32430,74135268,65,362815
32431,74135286,65,362815
32432,74135628,65,362815
32433,74135682,65,362815
32434,74135826,65,362815
32435,74135862,65,362815
32436,74136258,65,362815
32437,74136285,65,362815
32438,74136528,65,362815
32439,74136582,65,362815
32440,74136825,65,362815
32441,74136852,65,362815
32442,74138256,65,362815
32443,74138265,65,362815
32444,74138526,65,362815
32445,74138562,65,362815
32446,74138625,65,362815
32447,74138652,65,362815
32448,74152368,65,362815
32449,74152386,65,362815
32450,74152638,65,362815
32451,74152683,65,362815
32452,74152836,65,362815
32453,74152863,65,362815
32454,74153268,65,362815
32455,74153286,65,362815
32456,74153628,65,362815
32457,74153682,65,362815
32458,74153826,65,362815
32459,74153862,65,362815
32460,74156238,65,362815
32461,74156283,65,362815
32462,74156328,65,362815
32463,74156382,65,362815
32464,74156823,65,362815
32465,74156832,65,362815
32466,74158236,65,362815
32467,74158263,65,362815
32468,74158326,65,362815
32469,74158362,65,362815
32470,74158623,65,362815
32471,74158632,65,362815
32472,74162358,65,362815
32473,74162385,65,362815
32474,74162538,65,362815
32475,74162583,65,362815
32476,74162835,65,362815
32477,74162853,65,362815
32478,74163258,65,362815
32479,74163285,65,362815
32480,74163528,65,362815
32481,74163582,65,362815
32482,74163825,65,362815
32483,74163852,65,362815
32484,74165238,65,362815
32485,74165283,65,362815
32486,74165328,65,362815
32487,74165382,65,362815
32488,74165823,65,362815
32489,74165832,65,362815
32490,74168235,65,362815
32491,74168253,65,362815
32492,74168325,65,362815
32493,74168352,65,362815
32494,74168523,65,362815
32495,74168532,65,362815
32496,74182356,65,362815
32497,74182365,65,362815
32498,74182536,65,362815
32499,74182563,65,362815
32500,74182635,65,362815
32501,74182653,65,362815
32502,74183256,65,362815
32503,74183265,65,362815
32504,74183526,65,362815
32505,74183562,65,362815
32506,74183625,65,362815
32507,74183652,65,362815
32508,74185236,65,362815
32509,74185263,65,362815
32510,74185326,65,362815
32511,74185362,65,362815
32512,74185623,65,362815
32513,74185632,65,362815
32514,74186235,65,362815
32515,74186253,65,362815
32516,74186325,65,362815
32517,74186352,65,362815
32518,74186523,65,362815
32519,74186532,65,362815
32520,74213568,65,362815
32521,74213586,65,362815
32522,74213658,65,362815
32523,74213685,65,362815
32524,74213856,65,362815
32525,74213865,65,362815
32526,74215368,65,362815
32527,74215386,65,362815
32528,74215638,65,362815
32529,74215683,65,362815
32530,74215836,65,362815
32531,74215863,65,362815
32532,74216358,65,362815
32533,74216385,65,362815
32534,74216538,65,362815
32535,74216583,65,362815
32536,74216835,65,362815
32537,74216853,65,362815
32538,74218356,65,362815
32539,74218365,65,362815
32540,74218536,65,362815
32541,74218563,65,362815
32542,74218635,65,362815
32543,74218653,65,362815
32544,74231568,65,362815
32545,74231586,65,362815
32546,74231658,65,362815
32547,74231685,65,362815
32548,74231856,65,362815
32549,74231865,65,362815
32550,74235168,65,362815
32551,74235186,65,362815
32552,74235618,65,362815
32553,74235681,65,362815
32554,74235816,65,362815
32555,74235861,65,362815
32556,74236158,65,362815
32557,74236185,65,362815
32558,74236518,65,362815
32559,74236581,65,362815
32560,74236815,65,362815
32561,74236851,65,362815
32562,74238156,65,362815
32563,74238165,65,362815
32564,74238516,65,362815
32565,74238561,65,362815
32566,74238615,65,362815
32567,74238651,65,362815
32568,74251368,65,362815
32569,74251386,65,362815
32570,74251638,65,362815
32571,74251683,65,362815
32572,74251836,65,362815
32573,74251863,65,362815
32574,74253168,65,362815
32575,74253186,65,362815
32576,74253618,65,362815
32577,74253681,65,362815
32578,74253816,65,362815
32579,74253861,65,362815
32580,74256138,65,362815
32581,74256183,65,362815
32582,74256318,65,362815
32583,74256381,65,362815
32584,74256813,65,362815
32585,74256831,65,362815
32586,74258136,65,362815
32587,74258163,65,362815
32588,74258316,65,362815
32589,74258361,65,362815
32590,74258613,65,362815
32591,74258631,65,362815
32592,74261358,65,362815
32593,74261385,65,362815
32594,74261538,65,362815
32595,74261583,65,362815
32596,74261835,65,362815
32597,74261853,65,362815
32598,74263158,65,362815
32599,74263185,65,362815
32600,74263518,65,362815
32601,74263581,65,362815
32602,74263815,65,362815
32603,74263851,65,362815
32604,74265138,65,362815
32605,74265183,65,362815
32606,74265318,65,362815
32607,74265381,65,362815
32608,74265813,65,362815
32609,74265831,65,362815
32610,74268135,65,362815
32611,74268153,65,362815
32612,74268315,65,362815
32613,74268351,65,362815
32614,74268513,65,362815
32615,74268531,65,362815
32616,74281356,65,362815
32617,74281365,65,362815
32618,74281536,65,362815
32619,74281563,65,362815
32620,74281635,65,362815
32621,74281653,65,362815
32622,74283156,65,362815
32623,74283165,65,362815
32624,74283516,65,362815
32625,74283561,65,362815
32626,74283615,65,362815
32627,74283651,65,362815
32628,74285136,65,362815
32629,74285163,65,362815
32630,74285316,65,362815
32631,74285361,65,362815
32632,74285613,65,362815
32633,74285631,65,362815
32634,74286135,65,362815
32635,74286153,65,362815
32636,74286315,65,362815
32637,74286351,65,362815
32638,74286513,65,362815
32639,74286531,65,362815
32640,74312568,65,362815
32641,74312586,65,362815
32642,74312658,65,362815
32643,74312685,65,362815
32644,74312856,65,362815
32645,74312865,65,362815
32646,74315268,65,362815
32647,74315286,65,362815
32648,74315628,65,362815
32649,74315682,65,362815
32650,74315826,65,362815
32651,74315862,65,362815
32652,74316258,65,362815
32653,74316285,65,362815
32654,74316528,65,362815
32655,74316582,65,362815
32656,74316825,65,362815
32657,74316852,65,362815
32658,74318256,65,362815
32659,74318265,65,362815
32660,74318526,65,362815
32661,74318562,65,362815
32662,74318625,65,362815
32663,74318652,65,362815
32664,74321568,65,362815
32665,74321586,65,362815
32666,74321658,65,362815
32667,74321685,65,362815
32668,74321856,65,362815
32669,74321865,65,362815
32670,74325168,65,362815
32671,74325186,65,362815
32672,74325618,65,362815
32673,74325681,65,362815
32674,74325816,65,362815
32675,74325861,65,362815
32676,74326158,65,362815
32677,74326185,65,362815
32678,74326518,65,362815
32679,74326581,65,362815
32680,74326815,65,362815
32681,74326851,65,362815
32682,74328156,65,362815
32683,74328165,65,362815
32684,74328516,65,362815
32685,74328561,65,362815
32686,74328615,65,362815
32687,74328651,65,362815
32688,74351268,65,362815
32689,74351286,65,362815
32690,74351628,65,362815
32691,74351682,65,362815
32692,74351826,65,362815
32693,74351862,65,362815
32694,74352168,65,362815
32695,74352186,65,362815
32696,74352618,65,362815
32697,74352681,65,362815
32698,74352816,65,362815
32699,74352861,65,362815
32700,74356128,65,362815
32701,74356182,65,362815
32702,74356218,65,362815
32703,74356281,65,362815
32704,74356812,65,362815
32705,74356821,65,362815
32706,74358126,65,362815
32707,74358162,65,362815
32708,74358216,65,362815
32709,74358261,65,362815
32710,74358612,65,362815
32711,74358621,65,362815
32712,74361258,65,362815
32713,74361285,65,362815
32714,74361528,65,362815
32715,74361582,65,362815
32716,74361825,65,362815
32717,74361852,65,362815
32718,74362158,65,362815
32719,74362185,65,362815
32720,74362518,65,362815
32721,74362581,65,362815
32722,74362815,65,362815
32723,74362851,65,362815
32724,74365128,65,362815
32725,74365182,65,362815
32726,74365218,65,362815
32727,74365281,65,362815
32728,74365812,65,362815
32729,74365821,65,362815
32730,74368125,65,362815
32731,74368152,65,362815
32732,74368215,65,362815
32733,74368251,65,362815
32734,74368512,65,362815
32735,74368521,65,362815
32736,74381256,65,362815
32737,74381265,65,362815
32738,74381526,65,362815
32739,74381562,65,362815
32740,74381625,65,362815
32741,74381652,65,362815
32742,74382156,65,362815
32743,74382165,65,362815
32744,74382516,65,362815
32745,74382561,65,362815
32746,74382615,65,362815
32747,74382651,65,362815
32748,74385126,65,362815
32749,74385162,65,362815
32750,74385216,65,362815
32751,74385261,65,362815
32752,74385612,65,362815
32753,74385621,65,362815
32754,74386125,65,362815
32755,74386152,65,362815
32756,74386215,65,362815
32757,74386251,65,362815
32758,74386512,65,362815
32759,74386521,65,362815
32760,74512368,65,362815
32761,74512386,65,362815
32762,74512638,65,362815
32763,74512683,65,362815
32764,74512836,65,362815
32765,74512863,65,362815
32766,74513268,65,362815
32767,74513286,65,362815
32768,74513628,65,362815
32769,74513682,65,362815
32770,74513826,65,362815
32771,74513862,65,362815
32772,74516238,65,362815
32773,74516283,65,362815
32774,74516328,65,362815
32775,74516382,65,362815
32776,74516823,65,362815
32777,74516832,65,362815
32778,74518236,65,362815
32779,74518263,65,362815
32780,74518326,65,362815
32781,74518362,65,362815
32782,74518623,65,362815
32783,74518632,65,362815
32784,74521368,65,362815
32785,74521386,65,362815
32786,74521638,65,362815
32787,74521683,65,362815
32788,74521836,65,362815
32789,74521863,65,362815
32790,74523168,65,362815
32791,74523186,65,362815
32792,74523618,65,362815
32793,74523681,65,362815
32794,74523816,65,362815
32795,74523861,65,362815
32796,74526138,65,362815
32797,74526183,65,362815
32798,74526318,65,362815
32799,74526381,65,362815
32800,74526813,65,362815
32801,74526831,65,362815
32802,74528136,65,362815
32803,74528163,65,362815
32804,74528316,65,362815
32805,74528361,65,362815
32806,74528613,65,362815
32807,74528631,65,362815
32808,74531268,65,362815
32809,74531286,65,362815
32810,74531628,65,362815
32811,74531682,65,362815
32812,74531826,65,362815
32813,74531862,65,362815
32814,74532168,65,362815
32815,74532186,65,362815
32816,74532618,65,362815
32817,74532681,65,362815
32818,74532816,65,362815
32819,74532861,65,362815
32820,74536128,65,362815
32821,74536182,65,362815
32822,74536218,65,362815
32823,74536281,65,362815
32824,74536812,65,362815
32825,74536821,65,362815
32826,74538126,65,362815
32827,74538162,65,362815
32828,74538216,65,362815
32829,74538261,65,362815
32830,74538612,65,362815
32831,74538621,65,362815
32832,74561238,65,362815
32833,74561283,65,362815
32834,74561328,65,362815
32835,74561382,65,362815
32836,74561823,65,362815
32837,74561832,65,362815
32838,74562138,65,362815
32839,74562183,65,362815
32840,74562318,65,362815
32841,74562381,65,362815
32842,74562813,65,362815
32843,74562831,65,362815
32844,74563128,65,362815
32845,74563182,65,362815
32846,74563218,65,362815
32847,74563281,65,362815
32848,74563812,65,362815
32849,74563821,65,362815
32850,74568123,65,362815
32851,74568132,65,362815
32852,74568213,65,362815
32853,74568231,65,362815
32854,74568312,65,362815
32855,74568321,65,362815
32856,74581236,65,362815
32857,74581263,65,362815
32858,74581326,65,362815
32859,74581362,65,362815
32860,74581623,65,362815
32861,74581632,65,362815
32862,74582136,65,362815
32863,74582163,65,362815
32864,74582316,65,362815
32865,74582361,65,362815
32866,74582613,65,362815
32867,74582631,65,362815
32868,74583126,65,362815
32869,74583162,65,362815
32870,74583216,65,362815
32871,74583261,65,362815
32872,74583612,65,362815
32873,74583621,65,362815
32874,74586123,65,362815
32875,74586132,65,362815
32876,74586213,65,362815
32877,74586231,65,362815
32878,74586312,65,362815
32879,74586321,65,362815
32880,74612358,65,362815
32881,74612385,65,362815
32882,74612538,65,362815
32883,74612583,65,362815
32884,74612835,65,362815
32885,74612853,65,362815
32886,74613258,65,362815
32887,74613285,65,362815
32888,74613528,65,362815
32889,74613582,65,362815
32890,74613825,65,362815
32891,74613852,65,362815
32892,74615238,65,362815
32893,74615283,65,362815
32894,74615328,65,362815
32895,74615382,65,362815
32896,74615823,65,362815
32897,74615832,65,362815
32898,74618235,65,362815
32899,74618253,65,362815
32900,74618325,65,362815
32901,74618352,65,362815
32902,74618523,65,362815
32903,74618532,65,362815
32904,74621358,65,362815
32905,74621385,65,362815
32906,74621538,65,362815
32907,74621583,65,362815
32908,74621835,65,362815
32909,74621853,65,362815
32910,74623158,65,362815
32911,74623185,65,362815
32912,74623518,65,362815
32913,74623581,65,362815
32914,74623815,65,362815
32915,74623851,65,362815
32916,74625138,65,362815
32917,74625183,65,362815
32918,74625318,65,362815
32919,74625381,65,362815
32920,74625813,65,362815
32921,74625831,65,362815
32922,74628135,65,362815
32923,74628153,65,362815
32924,74628315,65,362815
32925,74628351,65,362815
32926,74628513,65,362815
32927,74628531,65,362815
32928,74631258,65,362815
32929,74631285,65,362815
32930,74631528,65,362815
32931,74631582,65,362815
32932,74631825,65,362815
32933,74631852,65,362815
32934,74632158,65,362815
32935,74632185,65,362815
32936,74632518,65,362815
32937,74632581,65,362815
32938,74632815,65,362815
32939,74632851,65,362815
32940,74635128,65,362815
32941,74635182,65,362815
32942,74635218,65,362815
32943,74635281,65,362815
32944,74635812,65,362815
32945,74635821,65,362815
32946,74638125,65,362815
32947,74638152,65,362815
32948,74638215,65,362815
32949,74638251,65,362815
32950,74638512,65,362815
32951,74638521,65,362815
32952,74651238,65,362815
32953,74651283,65,362815
32954,74651328,65,362815
32955,74651382,65,362815
32956,74651823,65,362815
32957,74651832,65,362815
32958,74652138,65,362815
32959,74652183,65,362815
32960,74652318,65,362815
32961,74652381,65,362815
32962,74652813,65,362815
32963,74652831,65,362815
32964,74653128,65,362815
32965,74653182,65,362815
32966,74653218,65,362815
32967,74653281,65,362815
32968,74653812,65,362815
32969,74653821,65,362815
32970,74658123,65,362815
32971,74658132,65,362815
32972,74658213,65,362815
32973,74658231,65,362815
32974,74658312,65,362815
32975,74658321,65,362815
32976,74681235,65,362815
32977,74681253,65,362815
32978,74681325,65,362815
32979,74681352,65,362815
32980,74681523,65,362815
32981,74681532,65,362815
32982,74682135,65,362815
32983,74682153,65,362815
32984,74682315,65,362815
32985,74682351,65,362815
32986,74682513,65,362815
32987,74682531,65,362815
32988,74683125,65,362815
32989,74683152,65,362815
32990,74683215,65,362815
32991,74683251,65,362815
32992,74683512,65,362815
32993,74683521,65,362815
32994,74685123,65,362815
32995,74685132,65,362815
32996,74685213,65,362815
32997,74685231,65,362815
32998,74685312,65,362815
32999,74685321,65,362815
33000,74812356,65,362815
33001,74812365,65,362815
33002,74812536,65,362815
33003,74812563,65,362815
33004,74812635,65,362815
33005,74812653,65,362815
33006,74813256,65,362815
33007,74813265,65,362815
33008,74813526,65,362815
33009,74813562,65,362815
33010,74813625,65,362815
33011,74813652,65,362815
33012,74815236,65,362815
33013,74815263,65,362815
33014,74815326,65,362815
33015,74815362,65,362815
33016,74815623,65,362815
33017,74815632,65,362815
33018,74816235,65,362815
33019,74816253,65,362815
33020,74816325,65,362815
33021,74816352,65,362815
33022,74816523,65,362815
33023,74816532,65,362815
33024,74821356,65,362815
33025,74821365,65,362815
33026,74821536,65,362815
33027,74821563,65,362815
33028,74821635,65,362815
33029,74821653,65,362815
33030,74823156,65,362815
33031,74823165,65,362815
33032,74823516,65,362815
33033,74823561,65,362815
33034,74823615,65,362815
33035,74823651,65,362815
33036,74825136,65,362815
33037,74825163,65,362815
33038,74825316,65,362815
33039,74825361,65,362815
33040,74825613,65,362815
33041,74825631,65,362815
33042,74826135,65,362815
33043,74826153,65,362815
33044,74826315,65,362815
33045,74826351,65,362815
33046,74826513,65,362815
33047,74826531,65,362815
33048,74831256,65,362815
33049,74831265,65,362815
33050,74831526,65,362815
33051,74831562,65,362815
33052,74831625,65,362815
33053,74831652,65,362815
33054,74832156,65,362815
33055,74832165,65,362815
33056,74832516,65,362815
33057,74832561,65,362815
33058,74832615,65,362815
33059,74832651,65,362815
33060,74835126,65,362815
33061,74835162,65,362815
33062,74835216,65,362815
33063,74835261,65,362815
33064,74835612,65,362815
33065,74835621,65,362815
33066,74836125,65,362815
33067,74836152,65,362815
33068,74836215,65,362815
33069,74836251,65,362815
33070,74836512,65,362815
33071,74836521,65,362815
33072,74851236,65,362815
33073,74851263,65,362815
33074,74851326,65,362815
33075,74851362,65,362815
33076,74851623,65,362815
33077,74851632,65,362815
33078,74852136,65,362815
33079,74852163,65,362815
33080,74852316,65,362815
33081,74852361,65,362815
33082,74852613,65,362815
33083,74852631,65,362815
33084,74853126,65,362815
33085,74853162,65,362815
33086,74853216,65,362815
33087,74853261,65,362815
33088,74853612,65,362815
33089,74853621,65,362815
33090,74856123,65,362815
33091,74856132,65,362815
33092,74856213,65,362815
33093,74856231,65,362815
33094,74856312,65,362815
33095,74856321,65,362815
33096,74861235,65,362815
33097,74861253,65,362815
33098,74861325,65,362815
33099,74861352,65,362815
33100,74861523,65,362815
33101,74861532,65,362815
33102,74862135,65,362815
33103,74862153,65,362815
33104,74862315,65,362815
33105,74862351,65,362815
33106,74862513,65,362815
33107,74862531,65,362815
33108,74863125,65,362815
33109,74863152,65,362815
33110,74863215,65,362815
33111,74863251,65,362815
33112,74863512,65,362815
33113,74863521,65,362815
33114,74865123,65,362815
33115,74865132,65,362815
33116,74865213,65,362815
33117,74865231,65,362815
33118,74865312,65,362815
33119,74865321,65,362815
33120,75123468,65,362815
33121,75123486,65,362815
33122,75123648,65,362815
33123,75123684,65,362815
33124,75123846,65,362815
33125,75123864,65,362815
33126,75124368,65,362815
33127,75124386,65,362815
33128,75124638,65,362815
33129,75124683,65,362815
33130,75124836,65,362815
33131,75124863,65,362815
33132,75126348,65,362815
33133,75126384,65,362815
33134,75126438,65,362815
33135,75126483,65,362815
33136,75126834,65,362815
33137,75126843,65,362815
33138,75128346,65,362815
33139,75128364,65,362815
33140,75128436,65,362815
33141,75128463,65,362815
33142,75128634,65,362815
33143,75128643,65,362815
33144,75132468,65,362815
33145,75132486,65,362815
33146,75132648,65,362815
33147,75132684,65,362815
33148,75132846,65,362815
33149,75132864,65,362815
33150,75134268,65,362815
33151,75134286,65,362815
33152,75134628,65,362815
33153,75134682,65,362815
33154,75134826,65,362815
33155,75134862,65,362815
33156,75136248,65,362815
33157,75136284,65,362815
33158,75136428,65,362815
33159,75136482,65,362815
33160,75136824,65,362815
33161,75136842,65,362815
33162,75138246,65,362815
33163,75138264,65,362815
33164,75138426,65,362815
33165,75138462,65,362815
33166,75138624,65,362815
33167,75138642,65,362815
33168,75142368,65,362815
33169,75142386,65,362815
33170,75142638,65,362815
33171,75142683,65,362815
33172,75142836,65,362815
33173,75142863,65,362815
33174,75143268,65,362815
33175,75143286,65,362815
33176,75143628,65,362815
33177,75143682,65,362815
33178,75143826,65,362815
33179,75143862,65,362815
33180,75146238,65,362815
33181,75146283,65,362815
33182,75146328,65,362815
33183,75146382,65,362815
33184,75146823,65,362815
33185,75146832,65,362815
33186,75148236,65,362815
33187,75148263,65,362815
33188,75148326,65,362815
33189,75148362,65,362815
33190,75148623,65,362815
33191,75148632,65,362815
33192,75162348,65,362815
33193,75162384,65,362815
33194,75162438,65,362815
33195,75162483,65,362815
33196,75162834,65,362815
33197,75162843,65,362815
33198,75163248,65,362815
33199,75163284,65,362815
33200,75163428,65,362815
33201,75163482,65,362815
33202,75163824,65,362815
33203,75163842,65,362815
33204,75164238,65,362815
33205,75164283,65,362815
33206,75164328,65,362815
33207,75164382,65,362815
33208,75164823,65,362815
33209,75164832,65,362815
33210,75168234,65,362815
33211,75168243,65,362815
33212,75168324,65,362815
33213,75168342,65,362815
33214,75168423,65,362815
33215,75168432,65,362815
33216,75182346,65,362815
33217,75182364,65,362815
33218,75182436,65,362815
33219,75182463,65,362815
33220,75182634,65,362815
33221,75182643,65,362815
33222,75183246,65,362815
33223,75183264,65,362815
33224,75183426,65,362815
33225,75183462,65,362815
33226,75183624,65,362815
33227,75183642,65,362815
33228,75184236,65,362815
33229,75184263,65,362815
33230,75184326,65,362815
33231,75184362,65,362815
33232,75184623,65,362815
33233,75184632,65,362815
33234,75186234,65,362815
33235,75186243,65,362815
33236,75186324,65,362815
33237,75186342,65,362815
33238,75186423,65,362815
33239,75186432,65,362815
33240,75213468,65,362815
33241,75213486,65,362815
33242,75213648,65,362815
33243,75213684,65,362815
33244,75213846,65,362815
33245,75213864,65,362815
33246,75214368,65,362815
33247,75214386,65,362815
33248,75214638,65,362815
33249,75214683,65,362815
33250,75214836,65,362815
33251,75214863,65,362815
33252,75216348,65,362815
33253,75216384,65,362815
33254,75216438,65,362815
33255,75216483,65,362815
33256,75216834,65,362815
33257,75216843,65,362815
33258,75218346,65,362815
33259,75218364,65,362815
33260,75218436,65,362815
33261,75218463,65,362815
33262,75218634,65,362815
33263,75218643,65,362815
33264,75231468,65,362815
33265,75231486,65,362815
33266,75231648,65,362815
33267,75231684,65,362815
33268,75231846,65,362815
33269,75231864,65,362815
33270,75234168,65,362815
33271,75234186,65,362815
33272,75234618,65,362815
33273,75234681,65,362815
33274,75234816,65,362815
33275,75234861,65,362815
33276,75236148,65,362815
33277,75236184,65,362815
33278,75236418,65,362815
33279,75236481,65,362815
33280,75236814,65,362815
33281,75236841,65,362815
33282,75238146,65,362815
33283,75238164,65,362815
33284,75238416,65,362815
33285,75238461,65,362815
33286,75238614,65,362815
33287,75238641,65,362815
33288,75241368,65,362815
33289,75241386,65,362815
33290,75241638,65,362815
33291,75241683,65,362815
33292,75241836,65,362815
33293,75241863,65,362815
33294,75243168,65,362815
33295,75243186,65,362815
33296,75243618,65,362815
33297,75243681,65,362815
33298,75243816,65,362815
33299,75243861,65,362815
33300,75246138,65,362815
33301,75246183,65,362815
33302,75246318,65,362815
33303,75246381,65,362815
33304,75246813,65,362815
33305,75246831,65,362815
33306,75248136,65,362815
33307,75248163,65,362815
33308,75248316,65,362815
33309,75248361,65,362815
33310,75248613,65,362815
33311,75248631,65,362815
33312,75261348,65,362815
33313,75261384,65,362815
33314,75261438,65,362815
33315,75261483,65,362815
33316,75261834,65,362815
33317,75261843,65,362815
33318,75263148,65,362815
33319,75263184,65,362815
33320,75263418,65,362815
33321,75263481,65,362815
33322,75263814,65,362815
33323,75263841,65,362815
33324,75264138,65,362815
33325,75264183,65,362815
33326,75264318,65,362815
33327,75264381,65,362815
33328,75264813,65,362815
33329,75264831,65,362815
33330,75268134,65,362815
33331,75268143,65,362815
33332,75268314,65,362815
33333,75268341,65,362815
33334,75268413,65,362815
33335,75268431,65,362815
33336,75281346,65,362815
33337,75281364,65,362815
33338,75281436,65,362815
33339,75281463,65,362815
33340,75281634,65,362815
33341,75281643,65,362815
33342,75283146,65,362815
33343,75283164,65,362815
33344,75283416,65,362815
33345,75283461,65,362815
33346,75283614,65,362815
33347,75283641,65,362815
33348,75284136,65,362815
33349,75284163,65,362815
33350,75284316,65,362815
33351,75284361,65,362815
33352,75284613,65,362815
33353,75284631,65,362815
33354,75286134,65,362815
33355,75286143,65,362815
33356,75286314,65,362815
33357,75286341,65,362815
33358,75286413,65,362815
33359,75286431,65,362815
33360,75312468,65,362815
33361,75312486,65,362815
33362,75312648,65,362815
33363,75312684,65,362815
33364,75312846,65,362815
33365,75312864,65,362815
33366,75314268,65,362815
33367,75314286,65,362815
33368,75314628,65,362815
33369,75314682,65,362815
33370,75314826,65,362815
33371,75314862,65,362815
33372,75316248,65,362815
33373,75316284,65,362815
33374,75316428,65,362815
33375,75316482,65,362815
33376,75316824,65,362815
33377,75316842,65,362815
33378,75318246,65,362815
33379,75318264,65,362815
33380,75318426,65,362815
33381,75318462,65,362815
33382,75318624,65,362815
33383,75318642,65,362815
33384,75321468,65,362815
33385,75321486,65,362815
33386,75321648,65,362815
33387,75321684,65,362815
33388,75321846,65,362815
33389,75321864,65,362815
33390,75324168,65,362815
33391,75324186,65,362815
33392,75324618,65,362815
33393,75324681,65,362815
33394,75324816,65,362815
33395,75324861,65,362815
33396,75326148,65,362815
33397,75326184,65,362815
33398,75326418,65,362815
33399,75326481,65,362815
33400,75326814,65,362815
33401,75326841,65,362815
33402,75328146,65,362815
33403,75328164,65,362815
33404,75328416,65,362815
33405,75328461,65,362815
33406,75328614,65,362815
33407,75328641,65,362815
33408,75341268,65,362815
33409,75341286,65,362815
33410,75341628,65,362815
33411,75341682,65,362815
33412,75341826,65,362815
33413,75341862,65,362815
33414,75342168,65,362815
33415,75342186,65,362815
33416,75342618,65,362815
33417,75342681,65,362815
33418,75342816,65,362815
33419,75342861,65,362815
33420,75346128,65,362815
33421,75346182,65,362815
33422,75346218,65,362815
33423,75346281,65,362815
33424,75346812,65,362815
33425,75346821,65,362815
33426,75348126,65,362815
33427,75348162,65,362815
33428,75348216,65,362815
33429,75348261,65,362815
33430,75348612,65,362815
33431,75348621,65,362815
33432,75361248,65,362815
33433,75361284,65,362815
33434,75361428,65,362815
33435,75361482,65,362815
33436,75361824,65,362815
33437,75361842,65,362815
33438,75362148,65,362815
33439,75362184,65,362815
33440,75362418,65,362815
33441,75362481,65,362815
33442,75362814,65,362815
33443,75362841,65,362815
33444,75364128,65,362815
33445,75364182,65,362815
33446,75364218,65,362815
33447,75364281,65,362815
33448,75364812,65,362815
33449,75364821,65,362815
33450,75368124,65,362815
33451,75368142,65,362815
33452,75368214,65,362815
33453,75368241,65,362815
33454,75368412,65,362815
33455,75368421,65,362815
33456,75381246,65,362815
33457,75381264,65,362815
33458,75381426,65,362815
33459,75381462,65,362815
33460,75381624,65,362815
33461,75381642,65,362815
33462,75382146,65,362815
33463,75382164,65,362815
33464,75382416,65,362815
33465,75382461,65,362815
33466,75382614,65,362815
33467,75382641,65,362815
33468,75384126,65,362815
33469,75384162,65,362815
33470,75384216,65,362815
33471,75384261,65,362815
33472,75384612,65,362815
33473,75384621,65,362815
33474,75386124,65,362815
33475,75386142,65,362815
33476,75386214,65,362815
33477,75386241,65,362815
33478,75386412,65,362815
33479,75386421,65,362815
33480,75412368,65,362815
33481,75412386,65,362815
33482,75412638,65,362815
33483,75412683,65,362815
33484,75412836,65,362815
33485,75412863,65,362815
33486,75413268,65,362815
33487,75413286,65,362815
33488,75413628,65,362815
33489,75413682,65,362815
33490,75413826,65,362815
33491,75413862,65,362815
33492,75416238,65,362815
33493,75416283,65,362815
33494,75416328,65,362815
33495,75416382,65,362815
33496,75416823,65,362815
33497,75416832,65,362815
33498,75418236,65,362815
33499,75418263,65,362815
33500,75418326,65,362815
33501,75418362,65,362815
33502,75418623,65,362815
33503,75418632,65,362815
33504,75421368,65,362815
33505,75421386,65,362815
33506,75421638,65,362815
33507,75421683,65,362815
33508,75421836,65,362815
33509,75421863,65,362815
33510,75423168,65,362815
33511,75423186,65,362815
33512,75423618,65,362815
33513,75423681,65,362815
33514,75423816,65,362815
33515,75423861,65,362815
33516,75426138,65,362815
33517,75426183,65,362815
33518,75426318,65,362815
33519,75426381,65,362815
33520,75426813,65,362815
33521,75426831,65,362815
33522,75428136,65,362815
33523,75428163,65,362815
33524,75428316,65,362815
33525,75428361,65,362815
33526,75428613,65,362815
33527,75428631,65,362815
33528,75431268,65,362815
33529,75431286,65,362815
33530,75431628,65,362815
33531,75431682,65,362815
33532,75431826,65,362815
33533,75431862,65,362815
33534,75432168,65,362815
33535,75432186,65,362815
33536,75432618,65,362815
33537,75432681,65,362815
33538,75432816,65,362815
33539,75432861,65,362815
33540,75436128,65,362815
33541,75436182,65,362815
33542,75436218,65,362815
33543,75436281,65,362815
33544,75436812,65,362815
33545,75436821,65,362815
33546,75438126,65,362815
33547,75438162,65,362815
33548,75438216,65,362815
33549,75438261,65,362815
33550,75438612,65,362815
33551,75438621,65,362815
33552,75461238,65,362815
33553,75461283,65,362815
33554,75461328,65,362815
33555,75461382,65,362815
33556,75461823,65,362815
33557,75461832,65,362815
33558,75462138,65,362815
33559,75462183,65,362815
33560,75462318,65,362815
33561,75462381,65,362815
33562,75462813,65,362815
33563,75462831,65,362815
33564,75463128,65,362815
33565,75463182,65,362815
33566,75463218,65,362815
33567,75463281,65,362815
33568,75463812,65,362815
33569,75463821,65,362815
33570,75468123,65,362815
33571,75468132,65,362815
33572,75468213,65,362815
33573,75468231,65,362815
33574,75468312,65,362815
33575,75468321,65,362815
33576,75481236,65,362815
33577,75481263,65,362815
33578,75481326,65,362815
33579,75481362,65,362815
33580,75481623,65,362815
33581,75481632,65,362815
33582,75482136,65,362815
33583,75482163,65,362815
33584,75482316,65,362815
33585,75482361,65,362815
33586,75482613,65,362815
33587,75482631,65,362815
33588,75483126,65,362815
33589,75483162,65,362815
33590,75483216,65,362815
33591,75483261,65,362815
33592,75483612,65,362815
33593,75483621,65,362815
33594,75486123,65,362815
33595,75486132,65,362815
33596,75486213,65,362815
33597,75486231,65,362815
33598,75486312,65,362815
33599,75486321,65,362815
33600,75612348,65,362815
33601,75612384,65,362815
33602,75612438,65,362815
33603,75612483,65,362815
33604,75612834,65,362815
33605,75612843,65,362815
33606,75613248,65,362815
33607,75613284,65,362815
33608,75613428,65,362815
33609,75613482,65,362815
33610,75613824,65,362815
33611,75613842,65,362815
33612,75614238,65,362815
33613,75614283,65,362815
33614,75614328,65,362815
33615,75614382,65,362815
33616,75614823,65,362815
33617,75614832,65,362815
33618,75618234,65,362815
33619,75618243,65,362815
33620,75618324,65,362815
33621,75618342,65,362815
33622,75618423,65,362815
33623,75618432,65,362815
33624,75621348,65,362815
33625,75621384,65,362815
33626,75621438,65,362815
33627,75621483,65,362815
33628,75621834,65,362815
33629,75621843,65,362815
33630,75623148,65,362815
33631,75623184,65,362815
33632,75623418,65,362815
33633,75623481,65,362815
33634,75623814,65,362815
33635,75623841,65,362815
33636,75624138,65,362815
33637,75624183,65,362815
33638,75624318,65,362815
33639,75624381,65,362815
33640,75624813,65,362815
33641,75624831,65,362815
33642,75628134,65,362815
33643,75628143,65,362815
33644,75628314,65,362815
33645,75628341,65,362815
33646,75628413,65,362815
33647,75628431,65,362815
33648,75631248,65,362815
33649,75631284,65,362815
33650,75631428,65,362815
33651,75631482,65,362815
33652,75631824,65,362815
33653,75631842,65,362815
33654,75632148,65,362815
33655,75632184,65,362815
33656,75632418,65,362815
33657,75632481,65,362815
33658,75632814,65,362815
33659,75632841,65,362815
33660,75634128,65,362815
33661,75634182,65,362815
33662,75634218,65,362815
33663,75634281,65,362815
33664,75634812,65,362815
33665,75634821,65,362815
33666,75638124,65,362815
33667,75638142,65,362815
33668,75638214,65,362815
33669,75638241,65,362815
33670,75638412,65,362815
33671,75638421,65,362815
33672,75641238,65,362815
33673,75641283,65,362815
33674,75641328,65,362815
33675,75641382,65,362815
33676,75641823,65,362815
33677,75641832,65,362815
33678,75642138,65,362815
33679,75642183,65,362815
33680,75642318,65,362815
33681,75642381,65,362815
33682,75642813,65,362815
33683,75642831,65,362815
33684,75643128,65,362815
33685,75643182,65,362815
33686,75643218,65,362815
33687,75643281,65,362815
33688,75643812,65,362815
33689,75643821,65,362815
33690,75648123,65,362815
33691,75648132,65,362815
33692,75648213,65,362815
33693,75648231,65,362815
33694,75648312,65,362815
33695,75648321,65,362815
33696,75681234,65,362815
33697,75681243,65,362815
33698,75681324,65,362815
33699,75681342,65,362815
33700,75681423,65,362815
33701,75681432,65,362815
33702,75682134,65,362815
33703,75682143,65,362815
33704,75682314,65,362815
33705,75682341,65,362815
33706,75682413,65,362815
33707,75682431,65,362815
33708,75683124,65,362815
33709,75683142,65,362815
33710,75683214,65,362815
33711,75683241,65,362815
33712,75683412,65,362815
33713,75683421,65,362815
33714,75684123,65,362815
33715,75684132,65,362815
33716,75684213,65,362815
33717,75684231,65,362815
33718,75684312,65,362815
33719,75684321,65,362815
33720,75812346,65,362815
33721,75812364,65,362815
33722,75812436,65,362815
33723,75812463,65,362815
33724,75812634,65,362815
33725,75812643,65,362815
33726,75813246,65,362815
33727,75813264,65,362815
33728,75813426,65,362815
33729,75813462,65,362815
33730,75813624,65,362815
33731,75813642,65,362815
33732,75814236,65,362815
33733,75814263,65,362815
33734,75814326,65,362815
33735,75814362,65,362815
33736,75814623,65,362815
33737,75814632,65,362815
33738,75816234,65,362815
33739,75816243,65,362815
33740,75816324,65,362815
33741,75816342,65,362815
33742,75816423,65,362815
33743,75816432,65,362815
33744,75821346,65,362815
33745,75821364,65,362815
33746,75821436,65,362815
33747,75821463,65,362815
33748,75821634,65,362815
33749,75821643,65,362815
33750,75823146,65,362815
33751,75823164,65,362815
33752,75823416,65,362815
33753,75823461,65,362815
33754,75823614,65,362815
33755,75823641,65,362815
33756,75824136,65,362815
33757,75824163,65,362815
33758,75824316,65,362815
33759,75824361,65,362815
33760,75824613,65,362815
33761,75824631,65,362815
33762,75826134,65,362815
33763,75826143,65,362815
33764,75826314,65,362815
33765,75826341,65,362815
33766,75826413,65,362815
33767,75826431,65,362815
33768,75831246,65,362815
33769,75831264,65,362815
33770,75831426,65,362815
33771,75831462,65,362815
33772,75831624,65,362815
33773,75831642,65,362815
33774,75832146,65,362815
33775,75832164,65,362815
33776,75832416,65,362815
33777,75832461,65,362815
33778,75832614,65,362815
33779,75832641,65,362815
33780,75834126,65,362815
33781,75834162,65,362815
33782,75834216,65,362815
33783,75834261,65,362815
33784,75834612,65,362815
33785,75834621,65,362815
33786,75836124,65,362815
33787,75836142,65,362815
33788,75836214,65,362815
33789,75836241,65,362815
33790,75836412,65,362815
33791,75836421,65,362815
33792,75841236,65,362815
33793,75841263,65,362815
33794,75841326,65,362815
33795,75841362,65,362815
33796,75841623,65,362815
33797,75841632,65,362815
33798,75842136,65,362815
33799,75842163,65,362815
33800,75842316,65,362815
33801,75842361,65,362815
33802,75842613,65,362815
33803,75842631,65,362815
33804,75843126,65,362815
33805,75843162,65,362815
33806,75843216,65,362815
33807,75843261,65,362815
33808,75843612,65,362815
33809,75843621,65,362815
33810,75846123,65,362815
33811,75846132,65,362815
33812,75846213,65,362815
33813,75846231,65,362815
33814,75846312,65,362815
33815,75846321,65,362815
33816,75861234,65,362815
33817,75861243,65,362815
33818,75861324,65,362815
33819,75861342,65,362815
33820,75861423,65,362815
33821,75861432,65,362815
33822,75862134,65,362815
33823,75862143,65,362815
33824,75862314,65,362815
33825,75862341,65,362815
33826,75862413,65,362815
33827,75862431,65,362815
33828,75863124,65,362815
33829,75863142,65,362815
33830,75863214,65,362815
33831,75863241,65,362815
33832,75863412,65,362815
33833,75863421,65,362815
33834,75864123,65,362815
33835,75864132,65,362815
33836,75864213,65,362815
33837,75864231,65,362815
33838,75864312,65,362815
33839,75864321,65,362815
33840,76123458,65,362815
33841,76123485,65,362815
33842,76123548,65,362815
33843,76123584,65,362815
33844,76123845,65,362815
33845,76123854,65,362815
33846,76124358,65,362815
33847,76124385,65,362815
33848,76124538,65,362815
33849,76124583,65,362815
33850,76124835,65,362815
33851,76124853,65,362815
33852,76125348,65,362815
33853,76125384,65,362815
33854,76125438,65,362815
33855,76125483,65,362815
33856,76125834,65,362815
33857,76125843,65,362815
33858,76128345,65,362815
33859,76128354,65,362815
33860,76128435,65,362815
33861,76128453,65,362815
33862,76128534,65,362815
33863,76128543,65,362815
33864,76132458,65,362815
33865,76132485,65,362815
33866,76132548,65,362815
33867,76132584,65,362815
33868,76132845,65,362815
33869,76132854,65,362815
33870,76134258,65,362815
33871,76134285,65,362815
33872,76134528,65,362815
33873,76134582,65,362815
33874,76134825,65,362815
33875,76134852,65,362815
33876,76135248,65,362815
33877,76135284,65,362815
33878,76135428,65,362815
33879,76135482,65,362815
33880,76135824,65,362815
33881,76135842,65,362815
33882,76138245,65,362815
33883,76138254,65,362815
33884,76138425,65,362815
33885,76138452,65,362815
33886,76138524,65,362815
33887,76138542,65,362815
33888,76142358,65,362815
33889,76142385,65,362815
33890,76142538,65,362815
33891,76142583,65,362815
33892,76142835,65,362815
33893,76142853,65,362815
33894,76143258,65,362815
33895,76143285,65,362815
33896,76143528,65,362815
33897,76143582,65,362815
33898,76143825,65,362815
33899,76143852,65,362815
33900,76145238,65,362815
33901,76145283,65,362815
33902,76145328,65,362815
33903,76145382,65,362815
33904,76145823,65,362815
33905,76145832,65,362815
33906,76148235,65,362815
33907,76148253,65,362815
33908,76148325,65,362815
33909,76148352,65,362815
33910,76148523,65,362815
33911,76148532,65,362815
33912,76152348,65,362815
33913,76152384,65,362815
33914,76152438,65,362815
33915,76152483,65,362815
33916,76152834,65,362815
33917,76152843,65,362815
33918,76153248,65,362815
33919,76153284,65,362815
33920,76153428,65,362815
33921,76153482,65,362815
33922,76153824,65,362815
33923,76153842,65,362815
33924,76154238,65,362815
33925,76154283,65,362815
33926,76154328,65,362815
33927,76154382,65,362815
33928,76154823,65,362815
33929,76154832,65,362815
33930,76158234,65,362815
33931,76158243,65,362815
33932,76158324,65,362815
33933,76158342,65,362815
33934,76158423,65,362815
33935,76158432,65,362815
33936,76182345,65,362815
33937,76182354,65,362815
33938,76182435,65,362815
33939,76182453,65,362815
33940,76182534,65,362815
33941,76182543,65,362815
33942,76183245,65,362815
33943,76183254,65,362815
33944,76183425,65,362815
33945,76183452,65,362815
33946,76183524,65,362815
33947,76183542,65,362815
33948,76184235,65,362815
33949,76184253,65,362815
33950,76184325,65,362815
33951,76184352,65,362815
33952,76184523,65,362815
33953,76184532,65,362815
33954,76185234,65,362815
33955,76185243,65,362815
33956,76185324,65,362815
33957,76185342,65,362815
33958,76185423,65,362815
33959,76185432,65,362815
33960,76213458,65,362815
33961,76213485,65,362815
33962,76213548,65,362815
33963,76213584,65,362815
33964,76213845,65,362815
33965,76213854,65,362815
33966,76214358,65,362815
33967,76214385,65,362815
33968,76214538,65,362815
33969,76214583,65,362815
33970,76214835,65,362815
33971,76214853,65,362815
33972,76215348,65,362815
33973,76215384,65,362815
33974,76215438,65,362815
33975,76215483,65,362815
33976,76215834,65,362815
33977,76215843,65,362815
33978,76218345,65,362815
33979,76218354,65,362815
33980,76218435,65,362815
33981,76218453,65,362815
33982,76218534,65,362815
33983,76218543,65,362815
33984,76231458,65,362815
33985,76231485,65,362815
33986,76231548,65,362815
33987,76231584,65,362815
33988,76231845,65,362815
33989,76231854,65,362815
33990,76234158,65,362815
33991,76234185,65,362815
33992,76234518,65,362815
33993,76234581,65,362815
33994,76234815,65,362815
33995,76234851,65,362815
33996,76235148,65,362815
33997,76235184,65,362815
33998,76235418,65,362815
33999,76235481,65,362815
34000,76235814,65,362815
34001,76235841,65,362815
34002,76238145,65,362815
34003,76238154,65,362815
34004,76238415,65,362815
34005,76238451,65,362815
34006,76238514,65,362815
34007,76238541,65,362815
34008,76241358,65,362815
34009,76241385,65,362815
34010,76241538,65,362815
34011,76241583,65,362815
34012,76241835,65,362815
34013,76241853,65,362815
34014,76243158,65,362815
34015,76243185,65,362815
34016,76243518,65,362815
34017,76243581,65,362815
34018,76243815,65,362815
34019,76243851,65,362815
34020,76245138,65,362815
34021,76245183,65,362815
34022,76245318,65,362815
34023,76245381,65,362815
34024,76245813,65,362815
34025,76245831,65,362815
34026,76248135,65,362815
34027,76248153,65,362815
34028,76248315,65,362815
34029,76248351,65,362815
34030,76248513,65,362815
34031,76248531,65,362815
34032,76251348,65,362815
34033,76251384,65,362815
34034,76251438,65,362815
34035,76251483,65,362815
34036,76251834,65,362815
34037,76251843,65,362815
34038,76253148,65,362815
34039,76253184,65,362815
34040,76253418,65,362815
34041,76253481,65,362815
34042,76253814,65,362815
34043,76253841,65,362815
34044,76254138,65,362815
34045,76254183,65,362815
34046,76254318,65,362815
34047,76254381,65,362815
34048,76254813,65,362815
34049,76254831,65,362815
34050,76258134,65,362815
34051,76258143,65,362815
34052,76258314,65,362815
34053,76258341,65,362815
34054,76258413,65,362815
34055,76258431,65,362815
34056,76281345,65,362815
34057,76281354,65,362815
34058,76281435,65,362815
34059,76281453,65,362815
34060,76281534,65,362815
34061,76281543,65,362815
34062,76283145,65,362815
34063,76283154,65,362815
34064,76283415,65,362815
34065,76283451,65,362815
34066,76283514,65,362815
34067,76283541,65,362815
34068,76284135,65,362815
34069,76284153,65,362815
34070,76284315,65,362815
34071,76284351,65,362815
34072,76284513,65,362815
34073,76284531,65,362815
34074,76285134,65,362815
34075,76285143,65,362815
34076,76285314,65,362815
34077,76285341,65,362815
34078,76285413,65,362815
34079,76285431,65,362815
34080,76312458,65,362815
34081,76312485,65,362815
34082,76312548,65,362815
34083,76312584,65,362815
34084,76312845,65,362815
34085,76312854,65,362815
34086,76314258,65,362815
34087,76314285,65,362815
34088,76314528,65,362815
34089,76314582,65,362815
34090,76314825,65,362815
34091,76314852,65,362815
34092,76315248,65,362815
34093,76315284,65,362815
34094,76315428,65,362815
34095,76315482,65,362815
34096,76315824,65,362815
34097,76315842,65,362815
34098,76318245,65,362815
34099,76318254,65,362815
34100,76318425,65,362815
34101,76318452,65,362815
34102,76318524,65,362815
34103,76318542,65,362815
34104,76321458,65,362815
34105,76321485,65,362815
34106,76321548,65,362815
34107,76321584,65,362815
34108,76321845,65,362815
34109,76321854,65,362815
34110,76324158,65,362815
34111,76324185,65,362815
34112,76324518,65,362815
34113,76324581,65,362815
34114,76324815,65,362815
34115,76324851,65,362815
34116,76325148,65,362815
34117,76325184,65,362815
34118,76325418,65,362815
34119,76325481,65,362815
34120,76325814,65,362815
34121,76325841,65,362815
34122,76328145,65,362815
34123,76328154,65,362815
34124,76328415,65,362815
34125,76328451,65,362815
34126,76328514,65,362815
34127,76328541,65,362815
34128,76341258,65,362815
34129,76341285,65,362815
34130,76341528,65,362815
34131,76341582,65,362815
34132,76341825,65,362815
34133,76341852,65,362815
34134,76342158,65,362815
34135,76342185,65,362815
34136,76342518,65,362815
34137,76342581,65,362815
34138,76342815,65,362815
34139,76342851,65,362815
34140,76345128,65,362815
34141,76345182,65,362815
34142,76345218,65,362815
34143,76345281,65,362815
34144,76345812,65,362815
34145,76345821,65,362815
34146,76348125,65,362815
34147,76348152,65,362815
34148,76348215,65,362815
34149,76348251,65,362815
34150,76348512,65,362815
34151,76348521,65,362815
34152,76351248,65,362815
34153,76351284,65,362815
34154,76351428,65,362815
34155,76351482,65,362815
34156,76351824,65,362815
34157,76351842,65,362815
34158,76352148,65,362815
34159,76352184,65,362815
34160,76352418,65,362815
34161,76352481,65,362815
34162,76352814,65,362815
34163,76352841,65,362815
34164,76354128,65,362815
34165,76354182,65,362815
34166,76354218,65,362815
34167,76354281,65,362815
34168,76354812,65,362815
34169,76354821,65,362815
34170,76358124,65,362815
34171,76358142,65,362815
34172,76358214,65,362815
34173,76358241,65,362815
34174,76358412,65,362815
34175,76358421,65,362815
34176,76381245,65,362815
34177,76381254,65,362815
34178,76381425,65,362815
34179,76381452,65,362815
34180,76381524,65,362815
34181,76381542,65,362815
34182,76382145,65,362815
34183,76382154,65,362815
34184,76382415,65,362815
34185,76382451,65,362815
34186,76382514,65,362815
34187,76382541,65,362815
34188,76384125,65,362815
34189,76384152,65,362815
34190,76384215,65,362815
34191,76384251,65,362815
34192,76384512,65,362815
34193,76384521,65,362815
34194,76385124,65,362815
34195,76385142,65,362815
34196,76385214,65,362815
34197,76385241,65,362815
34198,76385412,65,362815
34199,76385421,65,362815
34200,76412358,65,362815
34201,76412385,65,362815
34202,76412538,65,362815
34203,76412583,65,362815
34204,76412835,65,362815
34205,76412853,65,362815
34206,76413258,65,362815
34207,76413285,65,362815
34208,76413528,65,362815
34209,76413582,65,362815
34210,76413825,65,362815
34211,76413852,65,362815
34212,76415238,65,362815
34213,76415283,65,362815
34214,76415328,65,362815
34215,76415382,65,362815
34216,76415823,65,362815
34217,76415832,65,362815
34218,76418235,65,362815
34219,76418253,65,362815
34220,76418325,65,362815
34221,76418352,65,362815
34222,76418523,65,362815
34223,76418532,65,362815
34224,76421358,65,362815
34225,76421385,65,362815
34226,76421538,65,362815
34227,76421583,65,362815
34228,76421835,65,362815
34229,76421853,65,362815
34230,76423158,65,362815
34231,76423185,65,362815
34232,76423518,65,362815
34233,76423581,65,362815
34234,76423815,65,362815
34235,76423851,65,362815
34236,76425138,65,362815
34237,76425183,65,362815
34238,76425318,65,362815
34239,76425381,65,362815
34240,76425813,65,362815
34241,76425831,65,362815
34242,76428135,65,362815
34243,76428153,65,362815
34244,76428315,65,362815
34245,76428351,65,362815
34246,76428513,65,362815
34247,76428531,65,362815
34248,76431258,65,362815
34249,76431285,65,362815
34250,76431528,65,362815
34251,76431582,65,362815
34252,76431825,65,362815
34253,76431852,65,362815
34254,76432158,65,362815
34255,76432185,65,362815
34256,76432518,65,362815
34257,76432581,65,362815
34258,76432815,65,362815
34259,76432851,65,362815
34260,76435128,65,362815
34261,76435182,65,362815
34262,76435218,65,362815
34263,76435281,65,362815
34264,76435812,65,362815
34265,76435821,65,362815
34266,76438125,65,362815
34267,76438152,65,362815
34268,76438215,65,362815
34269,76438251,65,362815
34270,76438512,65,362815
34271,76438521,65,362815
34272,76451238,65,362815
34273,76451283,65,362815
34274,76451328,65,362815
34275,76451382,65,362815
34276,76451823,65,362815
34277,76451832,65,362815
34278,76452138,65,362815
34279,76452183,65,362815
34280,76452318,65,362815
34281,76452381,65,362815
34282,76452813,65,362815
34283,76452831,65,362815
34284,76453128,65,362815
34285,76453182,65,362815
34286,76453218,65,362815
34287,76453281,65,362815
34288,76453812,65,362815
34289,76453821,65,362815
34290,76458123,65,362815
34291,76458132,65,362815
34292,76458213,65,362815
34293,76458231,65,362815
34294,76458312,65,362815
34295,76458321,65,362815
34296,76481235,65,362815
34297,76481253,65,362815
34298,76481325,65,362815
34299,76481352,65,362815
34300,76481523,65,362815
34301,76481532,65,362815
34302,76482135,65,362815
34303,76482153,65,362815
34304,76482315,65,362815
34305,76482351,65,362815
34306,76482513,65,362815
34307,76482531,65,362815
34308,76483125,65,362815
34309,76483152,65,362815
34310,76483215,65,362815
34311,76483251,65,362815
34312,76483512,65,362815
34313,76483521,65,362815
34314,76485123,65,362815
34315,76485132,65,362815
34316,76485213,65,362815
34317,76485231,65,362815
34318,76485312,65,362815
34319,76485321,65,362815
34320,76512348,65,362815
34321,76512384,65,362815
34322,76512438,65,362815
34323,76512483,65,362815
34324,76512834,65,362815
34325,76512843,65,362815
34326,76513248,65,362815
34327,76513284,65,362815
34328,76513428,65,362815
34329,76513482,65,362815
34330,76513824,65,362815
34331,76513842,65,362815
34332,76514238,65,362815
34333,76514283,65,362815
34334,76514328,65,362815
34335,76514382,65,362815
34336,76514823,65,362815
34337,76514832,65,362815
34338,76518234,65,362815
34339,76518243,65,362815
34340,76518324,65,362815
34341,76518342,65,362815
34342,76518423,65,362815
34343,76518432,65,362815
34344,76521348,65,362815
34345,76521384,65,362815
34346,76521438,65,362815
34347,76521483,65,362815
34348,76521834,65,362815
34349,76521843,65,362815
34350,76523148,65,362815
34351,76523184,65,362815
34352,76523418,65,362815
34353,76523481,65,362815
34354,76523814,65,362815
34355,76523841,65,362815
34356,76524138,65,362815
34357,76524183,65,362815
34358,76524318,65,362815
34359,76524381,65,362815
34360,76524813,65,362815
34361,76524831,65,362815
34362,76528134,65,362815
34363,76528143,65,362815
34364,76528314,65,362815
34365,76528341,65,362815
34366,76528413,65,362815
34367,76528431,65,362815
34368,76531248,65,362815
34369,76531284,65,362815
34370,76531428,65,362815
34371,76531482,65,362815
34372,76531824,65,362815
34373,76531842,65,362815
34374,76532148,65,362815
34375,76532184,65,362815
34376,76532418,65,362815
34377,76532481,65,362815
34378,76532814,65,362815
34379,76532841,65,362815
34380,76534128,65,362815
34381,76534182,65,362815
34382,76534218,65,362815
34383,76534281,65,362815
34384,76534812,65,362815
34385,76534821,65,362815
34386,76538124,65,362815
34387,76538142,65,362815
34388,76538214,65,362815
34389,76538241,65,362815
34390,76538412,65,362815
34391,76538421,65,362815
34392,76541238,65,362815
34393,76541283,65,362815
34394,76541328,65,362815
34395,76541382,65,362815
34396,76541823,65,362815
34397,76541832,65,362815
34398,76542138,65,362815
34399,76542183,65,362815
34400,76542318,65,362815
34401,76542381,65,362815
34402,76542813,65,362815
34403,76542831,65,362815
34404,76543128,65,362815
34405,76543182,65,362815
34406,76543218,65,362815
34407,76543281,65,362815
34408,76543812,65,362815
34409,76543821,65,362815
34410,76548123,65,362815
34411,76548132,65,362815
34412,76548213,65,362815
34413,76548231,65,362815
34414,76548312,65,362815
34415,76548321,65,362815
34416,76581234,65,362815
34417,76581243,65,362815
34418,76581324,65,362815
34419,76581342,65,362815
34420,76581423,65,362815
34421,76581432,65,362815
34422,76582134,65,362815
34423,76582143,65,362815
34424,76582314,65,362815
34425,76582341,65,362815
34426,76582413,65,362815
34427,76582431,65,362815
34428,76583124,65,362815
34429,76583142,65,362815
34430,76583214,65,362815
34431,76583241,65,362815
34432,76583412,65,362815
34433,76583421,65,362815
34434,76584123,65,362815
34435,76584132,65,362815
34436,76584213,65,362815
34437,76584231,65,362815
34438,76584312,65,362815
34439,76584321,65,362815
34440,76812345,65,362815
34441,76812354,65,362815
34442,76812435,65,362815
34443,76812453,65,362815
34444,76812534,65,362815
34445,76812543,65,362815
34446,76813245,65,362815
34447,76813254,65,362815
34448,76813425,65,362815
34449,76813452,65,362815
34450,76813524,65,362815
34451,76813542,65,362815
34452,76814235,65,362815
34453,76814253,65,362815
34454,76814325,65,362815
34455,76814352,65,362815
34456,76814523,65,362815
34457,76814532,65,362815
34458,76815234,65,362815
34459,76815243,65,362815
34460,76815324,65,362815
34461,76815342,65,362815
34462,76815423,65,362815
34463,76815432,65,362815
34464,76821345,65,362815
34465,76821354,65,362815
34466,76821435,65,362815
34467,76821453,65,362815
34468,76821534,65,362815
34469,76821543,65,362815
34470,76823145,65,362815
34471,76823154,65,362815
34472,76823415,65,362815
34473,76823451,65,362815
34474,76823514,65,362815
34475,76823541,65,362815
34476,76824135,65,362815
34477,76824153,65,362815
34478,76824315,65,362815
34479,76824351,65,362815
34480,76824513,65,362815
34481,76824531,65,362815
34482,76825134,65,362815
34483,76825143,65,362815
34484,76825314,65,362815
34485,76825341,65,362815
34486,76825413,65,362815
34487,76825431,65,362815
34488,76831245,65,362815
34489,76831254,65,362815
34490,76831425,65,362815
34491,76831452,65,362815
34492,76831524,65,362815
34493,76831542,65,362815
34494,76832145,65,362815
34495,76832154,65,362815
34496,76832415,65,362815
34497,76832451,65,362815
34498,76832514,65,362815
34499,76832541,65,362815
34500,76834125,65,362815
34501,76834152,65,362815
34502,76834215,65,362815
34503,76834251,65,362815
34504,76834512,65,362815
34505,76834521,65,362815
34506,76835124,65,362815
34507,76835142,65,362815
34508,76835214,65,362815
34509,76835241,65,362815
34510,76835412,65,362815
34511,76835421,65,362815
34512,76841235,65,362815
34513,76841253,65,362815
34514,76841325,65,362815
34515,76841352,65,362815
34516,76841523,65,362815
34517,76841532,65,362815
34518,76842135,65,362815
34519,76842153,65,362815
34520,76842315,65,362815
34521,76842351,65,362815
34522,76842513,65,362815
34523,76842531,65,362815
34524,76843125,65,362815
34525,76843152,65,362815
34526,76843215,65,362815
34527,76843251,65,362815
34528,76843512,65,362815
34529,76843521,65,362815
34530,76845123,65,362815
34531,76845132,65,362815
34532,76845213,65,362815
34533,76845231,65,362815
34534,76845312,65,362815
34535,76845321,65,362815
34536,76851234,65,362815
34537,76851243,65,362815
34538,76851324,65,362815
34539,76851342,65,362815
34540,76851423,65,362815
34541,76851432,65,362815
34542,76852134,65,362815
34543,76852143,65,362815
34544,76852314,65,362815
34545,76852341,65,362815
34546,76852413,65,362815
34547,76852431,65,362815
34548,76853124,65,362815
34549,76853142,65,362815
34550,76853214,65,362815
34551,76853241,65,362815
34552,76853412,65,362815
34553,76853421,65,362815
34554,76854123,65,362815
34555,76854132,65,362815
34556,76854213,65,362815
34557,76854231,65,362815
34558,76854312,65,362815
34559,76854321,65,362815
34560,78123456,65,362815
34561,78123465,65,362815
34562,78123546,65,362815
34563,78123564,65,362815
34564,78123645,65,362815
34565,78123654,65,362815
34566,78124356,65,362815
34567,78124365,65,362815
34568,78124536,65,362815
34569,78124563,65,362815
34570,78124635,65,362815
34571,78124653,65,362815
34572,78125346,65,362815
34573,78125364,65,362815
34574,78125436,65,362815
34575,78125463,65,362815
34576,78125634,65,362815
34577,78125643,65,362815
34578,78126345,65,362815
34579,78126354,65,362815
34580,78126435,65,362815
34581,78126453,65,362815
34582,78126534,65,362815
34583,78126543,65,362815
34584,78132456,65,362815
34585,78132465,65,362815
34586,78132546,65,362815
34587,78132564,65,362815
34588,78132645,65,362815
34589,78132654,65,362815
34590,78134256,65,362815
34591,78134265,65,362815
34592,78134526,65,362815
34593,78134562,65,362815
34594,78134625,65,362815
34595,78134652,65,362815
34596,78135246,65,362815
34597,78135264,65,362815
34598,78135426,65,362815
34599,78135462,65,362815
34600,78135624,65,362815
34601,78135642,65,362815
34602,78136245,65,362815
34603,78136254,65,362815
34604,78136425,65,362815
34605,78136452,65,362815
34606,78136524,65,362815
34607,78136542,65,362815
34608,78142356,65,362815
34609,78142365,65,362815
34610,78142536,65,362815
34611,78142563,65,362815
34612,78142635,65,362815
34613,78142653,65,362815
34614,78143256,65,362815
34615,78143265,65,362815
34616,78143526,65,362815
34617,78143562,65,362815
34618,78143625,65,362815
34619,78143652,65,362815
34620,78145236,65,362815
34621,78145263,65,362815
34622,78145326,65,362815
34623,78145362,65,362815
34624,78145623,65,362815
34625,78145632,65,362815
34626,78146235,65,362815
34627,78146253,65,362815
34628,78146325,65,362815
34629,78146352,65,362815
34630,78146523,65,362815
34631,78146532,65,362815
34632,78152346,65,362815
34633,78152364,65,362815
34634,78152436,65,362815
34635,78152463,65,362815
34636,78152634,65,362815
34637,78152643,65,362815
34638,78153246,65,362815
34639,78153264,65,362815
34640,78153426,65,362815
34641,78153462,65,362815
34642,78153624,65,362815
34643,78153642,65,362815
34644,78154236,65,362815
34645,78154263,65,362815
34646,78154326,65,362815
34647,78154362,65,362815
34648,78154623,65,362815
34649,78154632,65,362815
34650,78156234,65,362815
34651,78156243,65,362815
34652,78156324,65,362815
34653,78156342,65,362815
34654,78156423,65,362815
34655,78156432,65,362815
34656,78162345,65,362815
34657,78162354,65,362815
34658,78162435,65,362815
34659,78162453,65,362815
34660,78162534,65,362815
34661,78162543,65,362815
34662,78163245,65,362815
34663,78163254,65,362815
34664,78163425,65,362815
34665,78163452,65,362815
34666,78163524,65,362815
34667,78163542,65,362815
34668,78164235,65,362815
34669,78164253,65,362815
34670,78164325,65,362815
34671,78164352,65,362815
34672,78164523,65,362815
34673,78164532,65,362815
34674,78165234,65,362815
34675,78165243,65,362815
34676,78165324,65,362815
34677,78165342,65,362815
34678,78165423,65,362815
34679,78165432,65,362815
34680,78213456,65,362815
34681,78213465,65,362815
34682,78213546,65,362815
34683,78213564,65,362815
34684,78213645,65,362815
34685,78213654,65,362815
34686,78214356,65,362815
34687,78214365,65,362815
34688,78214536,65,362815
34689,78214563,65,362815
34690,78214635,65,362815
34691,78214653,65,362815
34692,78215346,65,362815
34693,78215364,65,362815
34694,78215436,65,362815
34695,78215463,65,362815
34696,78215634,65,362815
34697,78215643,65,362815
34698,78216345,65,362815
34699,78216354,65,362815
34700,78216435,65,362815
34701,78216453,65,362815
34702,78216534,65,362815
34703,78216543,65,362815
34704,78231456,65,362815
34705,78231465,65,362815
34706,78231546,65,362815
34707,78231564,65,362815
34708,78231645,65,362815
34709,78231654,65,362815
34710,78234156,65,362815
34711,78234165,65,362815
34712,78234516,65,362815
34713,78234561,65,362815
34714,78234615,65,362815
34715,78234651,65,362815
34716,78235146,65,362815
34717,78235164,65,362815
34718,78235416,65,362815
34719,78235461,65,362815
34720,78235614,65,362815
34721,78235641,65,362815
34722,78236145,65,362815
34723,78236154,65,362815
34724,78236415,65,362815
34725,78236451,65,362815
34726,78236514,65,362815
34727,78236541,65,362815
34728,78241356,65,362815
34729,78241365,65,362815
34730,78241536,65,362815
34731,78241563,65,362815
34732,78241635,65,362815
34733,78241653,65,362815
34734,78243156,65,362815
34735,78243165,65,362815
34736,78243516,65,362815
34737,78243561,65,362815
34738,78243615,65,362815
34739,78243651,65,362815
34740,78245136,65,362815
34741,78245163,65,362815
34742,78245316,65,362815
34743,78245361,65,362815
34744,78245613,65,362815
34745,78245631,65,362815
34746,78246135,65,362815
34747,78246153,65,362815
34748,78246315,65,362815
34749,78246351,65,362815
34750,78246513,65,362815
34751,78246531,65,362815
34752,78251346,65,362815
34753,78251364,65,362815
34754,78251436,65,362815
34755,78251463,65,362815
34756,78251634,65,362815
34757,78251643,65,362815
34758,78253146,65,362815
34759,78253164,65,362815
34760,78253416,65,362815
34761,78253461,65,362815
34762,78253614,65,362815
34763,78253641,65,362815
34764,78254136,65,362815
34765,78254163,65,362815
34766,78254316,65,362815
34767,78254361,65,362815
34768,78254613,65,362815
34769,78254631,65,362815
34770,78256134,65,362815
34771,78256143,65,362815
34772,78256314,65,362815
34773,78256341,65,362815
34774,78256413,65,362815
34775,78256431,65,362815
34776,78261345,65,362815
34777,78261354,65,362815
34778,78261435,65,362815
34779,78261453,65,362815
34780,78261534,65,362815
34781,78261543,65,362815
34782,78263145,65,362815
34783,78263154,65,362815
34784,78263415,65,362815
34785,78263451,65,362815
34786,78263514,65,362815
34787,78263541,65,362815
34788,78264135,65,362815
34789,78264153,65,362815
34790,78264315,65,362815
34791,78264351,65,362815
34792,78264513,65,362815
34793,78264531,65,362815
34794,78265134,65,362815
34795,78265143,65,362815
34796,78265314,65,362815
34797,78265341,65,362815
34798,78265413,65,362815
34799,78265431,65,362815
34800,78312456,65,362815
34801,78312465,65,362815
34802,78312546,65,362815
34803,78312564,65,362815
34804,78312645,65,362815
34805,78312654,65,362815
34806,78314256,65,362815
34807,78314265,65,362815
34808,78314526,65,362815
34809,78314562,65,362815
34810,78314625,65,362815
34811,78314652,65,362815
34812,78315246,65,362815
34813,78315264,65,362815
34814,78315426,65,362815
34815,78315462,65,362815
34816,78315624,65,362815
34817,78315642,65,362815
34818,78316245,65,362815
34819,78316254,65,362815
34820,78316425,65,362815
34821,78316452,65,362815
34822,78316524,65,362815
34823,78316542,65,362815
34824,78321456,65,362815
34825,78321465,65,362815
34826,78321546,65,362815
34827,78321564,65,362815
34828,78321645,65,362815
34829,78321654,65,362815
34830,78324156,65,362815
34831,78324165,65,362815
34832,78324516,65,362815
34833,78324561,65,362815
34834,78324615,65,362815
34835,78324651,65,362815
34836,78325146,65,362815
34837,78325164,65,362815
34838,78325416,65,362815
34839,78325461,65,362815
34840,78325614,65,362815
34841,78325641,65,362815
34842,78326145,65,362815
34843,78326154,65,362815
34844,78326415,65,362815
34845,78326451,65,362815
34846,78326514,65,362815
34847,78326541,65,362815
34848,78341256,65,362815
34849,78341265,65,362815
34850,78341526,65,362815
34851,78341562,65,362815
34852,78341625,65,362815
34853,78341652,65,362815
34854,78342156,65,362815
34855,78342165,65,362815
34856,78342516,65,362815
34857,78342561,65,362815
34858,78342615,65,362815
34859,78342651,65,362815
34860,78345126,65,362815
34861,78345162,65,362815
34862,78345216,65,362815
34863,78345261,65,362815
34864,78345612,65,362815
34865,78345621,65,362815
34866,78346125,65,362815
34867,78346152,65,362815
34868,78346215,65,362815
34869,78346251,65,362815
34870,78346512,65,362815
34871,78346521,65,362815
34872,78351246,65,362815
34873,78351264,65,362815
34874,78351426,65,362815
34875,78351462,65,362815
34876,78351624,65,362815
34877,78351642,65,362815
34878,78352146,65,362815
34879,78352164,65,362815
34880,78352416,65,362815
34881,78352461,65,362815
34882,78352614,65,362815
34883,78352641,65,362815
34884,78354126,65,362815
34885,78354162,65,362815
34886,78354216,65,362815
34887,78354261,65,362815
34888,78354612,65,362815
34889,78354621,65,362815
34890,78356124,65,362815
34891,78356142,65,362815
34892,78356214,65,362815
34893,78356241,65,362815
34894,78356412,65,362815
34895,78356421,65,362815
34896,78361245,65,362815
34897,78361254,65,362815
34898,78361425,65,362815
34899,78361452,65,362815
34900,78361524,65,362815
34901,78361542,65,362815
34902,78362145,65,362815
34903,78362154,65,362815
34904,78362415,65,362815
34905,78362451,65,362815
34906,78362514,65,362815
34907,78362541,65,362815
34908,78364125,65,362815
34909,78364152,65,362815
34910,78364215,65,362815
34911,78364251,65,362815
34912,78364512,65,362815
34913,78364521,65,362815
34914,78365124,65,362815
34915,78365142,65,362815
34916,78365214,65,362815
34917,78365241,65,362815
34918,78365412,65,362815
34919,78365421,65,362815
34920,78412356,65,362815
34921,78412365,65,362815
34922,78412536,65,362815
34923,78412563,65,362815
34924,78412635,65,362815
34925,78412653,65,362815
34926,78413256,65,362815
34927,78413265,65,362815
34928,78413526,65,362815
34929,78413562,65,362815
34930,78413625,65,362815
34931,78413652,65,362815
34932,78415236,65,362815
34933,78415263,65,362815
34934,78415326,65,362815
34935,78415362,65,362815
34936,78415623,65,362815
34937,78415632,65,362815
34938,78416235,65,362815
34939,78416253,65,362815
34940,78416325,65,362815
34941,78416352,65,362815
34942,78416523,65,362815
34943,78416532,65,362815
34944,78421356,65,362815
34945,78421365,65,362815
34946,78421536,65,362815
34947,78421563,65,362815
34948,78421635,65,362815
34949,78421653,65,362815
34950,78423156,65,362815
34951,78423165,65,362815
34952,78423516,65,362815
34953,78423561,65,362815
34954,78423615,65,362815
34955,78423651,65,362815
34956,78425136,65,362815
34957,78425163,65,362815
34958,78425316,65,362815
34959,78425361,65,362815
34960,78425613,65,362815
34961,78425631,65,362815
34962,78426135,65,362815
34963,78426153,65,362815
34964,78426315,65,362815
34965,78426351,65,362815
34966,78426513,65,362815
34967,78426531,65,362815
34968,78431256,65,362815
34969,78431265,65,362815
34970,78431526,65,362815
34971,78431562,65,362815
34972,78431625,65,362815
34973,78431652,65,362815
34974,78432156,65,362815
34975,78432165,65,362815
34976,78432516,65,362815
34977,78432561,65,362815
34978,78432615,65,362815
34979,78432651,65,362815
34980,78435126,65,362815
34981,78435162,65,362815
34982,78435216,65,362815
34983,78435261,65,362815
34984,78435612,65,362815
34985,78435621,65,362815
34986,78436125,65,362815
34987,78436152,65,362815
34988,78436215,65,362815
34989,78436251,65,362815
34990,78436512,65,362815
34991,78436521,65,362815
34992,78451236,65,362815
34993,78451263,65,362815
34994,78451326,65,362815
34995,78451362,65,362815
34996,78451623,65,362815
34997,78451632,65,362815
34998,78452136,65,362815
34999,78452163,65,362815
35000,78452316,65,362815
35001,78452361,65,362815
35002,78452613,65,362815
35003,78452631,65,362815
35004,78453126,65,362815
35005,78453162,65,362815
35006,78453216,65,362815
35007,78453261,65,362815
35008,78453612,65,362815
35009,78453621,65,362815
35010,78456123,65,362815
35011,78456132,65,362815
35012,78456213,65,362815
35013,78456231,65,362815
35014,78456312,65,362815
35015,78456321,65,362815
35016,78461235,65,362815
35017,78461253,65,362815
35018,78461325,65,362815
35019,78461352,65,362815
35020,78461523,65,362815
35021,78461532,65,362815
35022,78462135,65,362815
35023,78462153,65,362815
35024,78462315,65,362815
35025,78462351,65,362815
35026,78462513,65,362815
35027,78462531,65,362815
35028,78463125,65,362815
35029,78463152,65,362815
35030,78463215,65,362815
35031,78463251,65,362815
35032,78463512,65,362815
35033,78463521,65,362815
35034,78465123,65,362815
35035,78465132,65,362815
35036,78465213,65,362815
35037,78465231,65,362815
35038,78465312,65,362815
35039,78465321,65,362815
35040,78512346,65,362815
35041,78512364,65,362815
35042,78512436,65,362815
35043,78512463,65,362815
35044,78512634,65,362815
35045,78512643,65,362815
35046,78513246,65,362815
35047,78513264,65,362815
35048,78513426,65,362815
35049,78513462,65,362815
35050,78513624,65,362815
35051,78513642,65,362815
35052,78514236,65,362815
35053,78514263,65,362815
35054,78514326,65,362815
35055,78514362,65,362815
35056,78514623,65,362815
35057,78514632,65,362815
35058,78516234,65,362815
35059,78516243,65,362815
35060,78516324,65,362815
35061,78516342,65,362815
35062,78516423,65,362815
35063,78516432,65,362815
35064,78521346,65,362815
35065,78521364,65,362815
35066,78521436,65,362815
35067,78521463,65,362815
35068,78521634,65,362815
35069,78521643,65,362815
35070,78523146,65,362815
35071,78523164,65,362815
35072,78523416,65,362815
35073,78523461,65,362815
35074,78523614,65,362815
35075,78523641,65,362815
35076,78524136,65,362815
35077,78524163,65,362815
35078,78524316,65,362815
35079,78524361,65,362815
35080,78524613,65,362815
35081,78524631,65,362815
35082,78526134,65,362815
35083,78526143,65,362815
35084,78526314,65,362815
35085,78526341,65,362815
35086,78526413,65,362815
35087,78526431,65,362815
35088,78531246,65,362815
35089,78531264,65,362815
35090,78531426,65,362815
35091,78531462,65,362815
35092,78531624,65,362815
35093,78531642,65,362815
35094,78532146,65,362815
35095,78532164,65,362815
35096,78532416,65,362815
35097,78532461,65,362815
35098,78532614,65,362815
35099,78532641,65,362815
35100,78534126,65,362815
35101,78534162,65,362815
35102,78534216,65,362815
35103,78534261,65,362815
35104,78534612,65,362815
35105,78534621,65,362815
35106,78536124,65,362815
35107,78536142,65,362815
35108,78536214,65,362815
35109,78536241,65,362815
35110,78536412,65,362815
35111,78536421,65,362815
35112,78541236,65,362815
35113,78541263,65,362815
35114,78541326,65,362815
35115,78541362,65,362815
35116,78541623,65,362815
35117,78541632,65,362815
35118,78542136,65,362815
35119,78542163,65,362815
35120,78542316,65,362815
35121,78542361,65,362815
35122,78542613,65,362815
35123,78542631,65,362815
35124,78543126,65,362815
35125,78543162,65,362815
35126,78543216,65,362815
35127,78543261,65,362815
35128,78543612,65,362815
35129,78543621,65,362815
35130,78546123,65,362815
35131,78546132,65,362815
35132,78546213,65,362815
35133,78546231,65,362815
35134,78546312,65,362815
35135,78546321,65,362815
35136,78561234,65,362815
35137,78561243,65,362815
35138,78561324,65,362815
35139,78561342,65,362815
35140,78561423,65,362815
35141,78561432,65,362815
35142,78562134,65,362815
35143,78562143,65,362815
35144,78562314,65,362815
35145,78562341,65,362815
35146,78562413,65,362815
35147,78562431,65,362815
35148,78563124,65,362815
35149,78563142,65,362815
35150,78563214,65,362815
35151,78563241,65,362815
35152,78563412,65,362815
35153,78563421,65,362815
35154,78564123,65,362815
35155,78564132,65,362815
35156,78564213,65,362815
35157,78564231,65,362815
35158,78564312,65,362815
35159,78564321,65,362815
35160,78612345,65,362815
35161,78612354,65,362815
35162,78612435,65,362815
35163,78612453,65,362815
35164,78612534,65,362815
35165,78612543,65,362815
35166,78613245,65,362815
35167,78613254,65,362815
35168,78613425,65,362815
35169,78613452,65,362815
35170,78613524,65,362815
35171,78613542,65,362815
35172,78614235,65,362815
35173,78614253,65,362815
35174,78614325,65,362815
35175,78614352,65,362815
35176,78614523,65,362815
35177,78614532,65,362815
35178,78615234,65,362815
35179,78615243,65,362815
35180,78615324,65,362815
35181,78615342,65,362815
35182,78615423,65,362815
35183,78615432,65,362815
35184,78621345,65,362815
35185,78621354,65,362815
35186,78621435,65,362815
35187,78621453,65,362815
35188,78621534,65,362815
35189,78621543,65,362815
35190,78623145,65,362815
35191,78623154,65,362815
35192,78623415,65,362815
35193,78623451,65,362815
35194,78623514,65,362815
35195,78623541,65,362815
35196,78624135,65,362815
35197,78624153,65,362815
35198,78624315,65,362815
35199,78624351,65,362815
35200,78624513,65,362815
35201,78624531,65,362815
35202,78625134,65,362815
35203,78625143,65,362815
35204,78625314,65,362815
35205,78625341,65,362815
35206,78625413,65,362815
35207,78625431,65,362815
35208,78631245,65,362815
35209,78631254,65,362815
35210,78631425,65,362815
35211,78631452,65,362815
35212,78631524,65,362815
35213,78631542,65,362815
35214,78632145,65,362815
35215,78632154,65,362815
35216,78632415,65,362815
35217,78632451,65,362815
35218,78632514,65,362815
35219,78632541,65,362815
35220,78634125,65,362815
35221,78634152,65,362815
35222,78634215,65,362815
35223,78634251,65,362815
35224,78634512,65,362815
35225,78634521,65,362815
35226,78635124,65,362815
35227,78635142,65,362815
35228,78635214,65,362815
35229,78635241,65,362815
35230,78635412,65,362815
35231,78635421,65,362815
35232,78641235,65,362815
35233,78641253,65,362815
35234,78641325,65,362815
35235,78641352,65,362815
35236,78641523,65,362815
35237,78641532,65,362815
35238,78642135,65,362815
35239,78642153,65,362815
35240,78642315,65,362815
35241,78642351,65,362815
35242,78642513,65,362815
35243,78642531,65,362815
35244,78643125,65,362815
35245,78643152,65,362815
35246,78643215,65,362815
35247,78643251,65,362815
35248,78643512,65,362815
35249,78643521,65,362815
35250,78645123,65,362815
35251,78645132,65,362815
35252,78645213,65,362815
35253,78645231,65,362815
35254,78645312,65,362815
35255,78645321,65,362815
35256,78651234,65,362815
35257,78651243,65,362815
35258,78651324,65,362815
35259,78651342,65,362815
35260,78651423,65,362815
35261,78651432,65,362815
35262,78652134,65,362815
35263,78652143,65,362815
35264,78652314,65,362815
35265,78652341,65,362815
35266,78652413,65,362815
35267,78652431,65,362815
35268,78653124,65,362815
35269,78653142,65,362815
35270,78653214,65,362815
35271,78653241,65,362815
35272,78653412,65,362815
35273,78653421,65,362815
35274,78654123,65,362815
35275,78654132,65,362815
35276,78654213,65,362815
35277,78654231,65,362815
35278,78654312,65,362815
35279,78654321,65,362815
35280,81234567,65,362815
35281,81234576,65,362815
35282,81234657,65,362815
35283,81234675,65,362815
35284,81234756,65,362815
35285,81234765,65,362815
35286,81235467,65,362815
35287,81235476,65,362815
35288,81235647,65,362815
35289,81235674,65,362815
35290,81235746,65,362815
35291,81235764,65,362815
35292,81236457,65,362815
35293,81236475,65,362815
35294,81236547,65,362815
35295,81236574,65,362815
35296,81236745,65,362815
35297,81236754,65,362815
35298,81237456,65,362815
35299,81237465,65,362815
35300,81237546,65,362815
35301,81237564,65,362815
35302,81237645,65,362815
35303,81237654,65,362815
35304,81243567,65,362815
35305,81243576,65,362815
35306,81243657,65,362815
35307,81243675,65,362815
35308,81243756,65,362815
35309,81243765,65,362815
35310,81245367,65,362815
35311,81245376,65,362815
35312,81245637,65,362815
35313,81245673,65,362815
35314,81245736,65,362815
35315,81245763,65,362815
35316,81246357,65,362815
35317,81246375,65,362815
35318,81246537,65,362815
35319,81246573,65,362815
35320,81246735,65,362815
35321,81246753,65,362815
35322,81247356,65,362815
35323,81247365,65,362815
35324,81247536,65,362815
35325,81247563,65,362815
35326,81247635,65,362815
35327,81247653,65,362815
35328,81253467,65,362815
35329,81253476,65,362815
35330,81253647,65,362815
35331,81253674,65,362815
35332,81253746,65,362815
35333,81253764,65,362815
35334,81254367,65,362815
35335,81254376,65,362815
35336,81254637,65,362815
35337,81254673,65,362815
35338,81254736,65,362815
35339,81254763,65,362815
35340,81256347,65,362815
35341,81256374,65,362815
35342,81256437,65,362815
35343,81256473,65,362815
35344,81256734,65,362815
35345,81256743,65,362815
35346,81257346,65,362815
35347,81257364,65,362815
35348,81257436,65,362815
35349,81257463,65,362815
35350,81257634,65,362815
35351,81257643,65,362815
35352,81263457,65,362815
35353,81263475,65,362815
35354,81263547,65,362815
35355,81263574,65,362815
35356,81263745,65,362815
35357,81263754,65,362815
35358,81264357,65,362815
35359,81264375,65,362815
35360,81264537,65,362815
35361,81264573,65,362815
35362,81264735,65,362815
35363,81264753,65,362815
35364,81265347,65,362815
35365,81265374,65,362815
35366,81265437,65,362815
35367,81265473,65,362815
35368,81265734,65,362815
35369,81265743,65,362815
35370,81267345,65,362815
35371,81267354,65,362815
35372,81267435,65,362815
35373,81267453,65,362815
35374,81267534,65,362815
35375,81267543,65,362815
35376,81273456,65,362815
35377,81273465,65,362815
35378,81273546,65,362815
35379,81273564,65,362815
35380,81273645,65,362815
35381,81273654,65,362815
35382,81274356,65,362815
35383,81274365,65,362815
35384,81274536,65,362815
35385,81274563,65,362815
35386,81274635,65,362815
35387,81274653,65,362815
35388,81275346,65,362815
35389,81275364,65,362815
35390,81275436,65,362815
35391,81275463,65,362815
35392,81275634,65,362815
35393,81275643,65,362815
35394,81276345,65,362815
35395,81276354,65,362815
35396,81276435,65,362815
35397,81276453,65,362815
35398,81276534,65,362815
35399,81276543,65,362815
35400,81324567,65,362815
35401,81324576,65,362815
35402,81324657,65,362815
35403,81324675,65,362815
35404,81324756,65,362815
35405,81324765,65,362815
35406,81325467,65,362815
35407,81325476,65,362815
35408,81325647,65,362815
35409,81325674,65,362815
35410,81325746,65,362815
35411,81325764,65,362815
35412,81326457,65,362815
35413,81326475,65,362815
35414,81326547,65,362815
35415,81326574,65,362815
35416,81326745,65,362815
35417,81326754,65,362815
35418,81327456,65,362815
35419,81327465,65,362815
35420,81327546,65,362815
35421,81327564,65,362815
35422,81327645,65,362815
35423,81327654,65,362815
35424,81342567,65,362815
35425,81342576,65,362815
35426,81342657,65,362815
35427,81342675,65,362815
35428,81342756,65,362815
35429,81342765,65,362815
35430,81345267,65,362815
35431,81345276,65,362815
35432,81345627,65,362815
35433,81345672,65,362815
35434,81345726,65,362815
35435,81345762,65,362815
35436,81346257,65,362815
35437,81346275,65,362815
35438,81346527,65,362815
35439,81346572,65,362815
35440,81346725,65,362815
35441,81346752,65,362815
35442,81347256,65,362815
35443,81347265,65,362815
35444,81347526,65,362815
35445,81347562,65,362815
35446,81347625,65,362815
35447,81347652,65,362815
35448,81352467,65,362815
35449,81352476,65,362815
35450,81352647,65,362815
35451,81352674,65,362815
35452,81352746,65,362815
35453,81352764,65,362815
35454,81354267,65,362815
35455,81354276,65,362815
35456,81354627,65,362815
35457,81354672,65,362815
35458,81354726,65,362815
35459,81354762,65,362815
35460,81356247,65,362815
35461,81356274,65,362815
35462,81356427,65,362815
35463,81356472,65,362815
35464,81356724,65,362815
35465,81356742,65,362815
35466,81357246,65,362815
35467,81357264,65,362815
35468,81357426,65,362815
35469,81357462,65,362815
35470,81357624,65,362815
35471,81357642,65,362815
35472,81362457,65,362815
35473,81362475,65,362815
35474,81362547,65,362815
35475,81362574,65,362815
35476,81362745,65,362815
35477,81362754,65,362815
35478,81364257,65,362815
35479,81364275,65,362815
35480,81364527,65,362815
35481,81364572,65,362815
35482,81364725,65,362815
35483,81364752,65,362815
35484,81365247,65,362815
35485,81365274,65,362815
35486,81365427,65,362815
35487,81365472,65,362815
35488,81365724,65,362815
35489,81365742,65,362815
35490,81367245,65,362815
35491,81367254,65,362815
35492,81367425,65,362815
35493,81367452,65,362815
35494,81367524,65,362815
35495,81367542,65,362815
35496,81372456,65,362815
35497,81372465,65,362815
35498,81372546,65,362815
35499,81372564,65,362815
35500,81372645,65,362815
35501,81372654,65,362815
35502,81374256,65,362815
35503,81374265,65,362815
35504,81374526,65,362815
35505,81374562,65,362815
35506,81374625,65,362815
35507,81374652,65,362815
35508,81375246,65,362815
35509,81375264,65,362815
35510,81375426,65,362815
35511,81375462,65,362815
35512,81375624,65,362815
35513,81375642,65,362815
35514,81376245,65,362815
35515,81376254,65,362815
35516,81376425,65,362815
35517,81376452,65,362815
35518,81376524,65,362815
35519,81376542,65,362815
35520,81423567,65,362815
35521,81423576,65,362815
35522,81423657,65,362815
35523,81423675,65,362815
35524,81423756,65,362815
35525,81423765,65,362815
35526,81425367,65,362815
35527,81425376,65,362815
35528,81425637,65,362815
35529,81425673,65,362815
35530,81425736,65,362815
35531,81425763,65,362815
35532,81426357,65,362815
35533,81426375,65,362815
35534,81426537,65,362815
35535,81426573,65,362815
35536,81426735,65,362815
35537,81426753,65,362815
35538,81427356,65,362815
35539,81427365,65,362815
35540,81427536,65,362815
35541,81427563,65,362815
35542,81427635,65,362815
35543,81427653,65,362815
35544,81432567,65,362815
35545,81432576,65,362815
35546,81432657,65,362815
35547,81432675,65,362815
35548,81432756,65,362815
35549,81432765,65,362815
35550,81435267,65,362815
35551,81435276,65,362815
35552,81435627,65,362815
35553,81435672,65,362815
35554,81435726,65,362815
35555,81435762,65,362815
35556,81436257,65,362815
35557,81436275,65,362815
35558,81436527,65,362815
35559,81436572,65,362815
35560,81436725,65,362815
35561,81436752,65,362815
35562,81437256,65,362815
35563,81437265,65,362815
35564,81437526,65,362815
35565,81437562,65,362815
35566,81437625,65,362815
35567,81437652,65,362815
35568,81452367,65,362815
35569,81452376,65,362815
35570,81452637,65,362815
35571,81452673,65,362815
35572,81452736,65,362815
35573,81452763,65,362815
35574,81453267,65,362815
35575,81453276,65,362815
35576,81453627,65,362815
35577,81453672,65,362815
35578,81453726,65,362815
35579,81453762,65,362815
35580,81456237,65,362815
35581,81456273,65,362815
35582,81456327,65,362815
35583,81456372,65,362815
35584,81456723,65,362815
35585,81456732,65,362815
35586,81457236,65,362815
35587,81457263,65,362815
35588,81457326,65,362815
35589,81457362,65,362815
35590,81457623,65,362815
35591,81457632,65,362815
35592,81462357,65,362815
35593,81462375,65,362815
35594,81462537,65,362815
35595,81462573,65,362815
35596,81462735,65,362815
35597,81462753,65,362815
35598,81463257,65,362815
35599,81463275,65,362815
35600,81463527,65,362815
35601,81463572,65,362815
35602,81463725,65,362815
35603,81463752,65,362815
35604,81465237,65,362815
35605,81465273,65,362815
35606,81465327,65,362815
35607,81465372,65,362815
35608,81465723,65,362815
35609,81465732,65,362815
35610,81467235,65,362815
35611,81467253,65,362815
35612,81467325,65,362815
35613,81467352,65,362815
35614,81467523,65,362815
35615,81467532,65,362815
35616,81472356,65,362815
35617,81472365,65,362815
35618,81472536,65,362815
35619,81472563,65,362815
35620,81472635,65,362815
35621,81472653,65,362815
35622,81473256,65,362815
35623,81473265,65,362815
35624,81473526,65,362815
35625,81473562,65,362815
35626,81473625,65,362815
35627,81473652,65,362815
35628,81475236,65,362815
35629,81475263,65,362815
35630,81475326,65,362815
35631,81475362,65,362815
35632,81475623,65,362815
35633,81475632,65,362815
35634,81476235,65,362815
35635,81476253,65,362815
35636,81476325,65,362815
35637,81476352,65,362815
35638,81476523,65,362815
35639,81476532,65,362815
35640,81523467,65,362815
35641,81523476,65,362815
35642,81523647,65,362815
35643,81523674,65,362815
35644,81523746,65,362815
35645,81523764,65,362815
35646,81524367,65,362815
35647,81524376,65,362815
35648,81524637,65,362815
35649,81524673,65,362815
35650,81524736,65,362815
35651,81524763,65,362815
35652,81526347,65,362815
35653,81526374,65,362815
35654,81526437,65,362815
35655,81526473,65,362815
35656,81526734,65,362815
35657,81526743,65,362815
35658,81527346,65,362815
35659,81527364,65,362815
35660,81527436,65,362815
35661,81527463,65,362815
35662,81527634,65,362815
35663,81527643,65,362815
35664,81532467,65,362815
35665,81532476,65,362815
35666,81532647,65,362815
35667,81532674,65,362815
35668,81532746,65,362815
35669,81532764,65,362815
35670,81534267,65,362815
35671,81534276,65,362815
35672,81534627,65,362815
35673,81534672,65,362815
35674,81534726,65,362815
35675,81534762,65,362815
35676,81536247,65,362815
35677,81536274,65,362815
35678,81536427,65,362815
35679,81536472,65,362815
35680,81536724,65,362815
35681,81536742,65,362815
35682,81537246,65,362815
35683,81537264,65,362815
35684,81537426,65,362815
35685,81537462,65,362815
35686,81537624,65,362815
35687,81537642,65,362815
35688,81542367,65,362815
35689,81542376,65,362815
35690,81542637,65,362815
35691,81542673,65,362815
35692,81542736,65,362815
35693,81542763,65,362815
35694,81543267,65,362815
35695,81543276,65,362815
35696,81543627,65,362815
35697,81543672,65,362815
35698,81543726,65,362815
35699,81543762,65,362815
35700,81546237,65,362815
35701,81546273,65,362815
35702,81546327,65,362815
35703,81546372,65,362815
35704,81546723,65,362815
35705,81546732,65,362815
35706,81547236,65,362815
35707,81547263,65,362815
35708,81547326,65,362815
35709,81547362,65,362815
35710,81547623,65,362815
35711,81547632,65,362815
35712,81562347,65,362815
35713,81562374,65,362815
35714,81562437,65,362815
35715,81562473,65,362815
35716,81562734,65,362815
35717,81562743,65,362815
35718,81563247,65,362815
35719,81563274,65,362815
35720,81563427,65,362815
35721,81563472,65,362815
35722,81563724,65,362815
35723,81563742,65,362815
35724,81564237,65,362815
35725,81564273,65,362815
35726,81564327,65,362815
35727,81564372,65,362815
35728,81564723,65,362815
35729,81564732,65,362815
35730,81567234,65,362815
35731,81567243,65,362815
35732,81567324,65,362815
35733,81567342,65,362815
35734,81567423,65,362815
35735,81567432,65,362815
35736,81572346,65,362815
35737,81572364,65,362815
35738,81572436,65,362815
35739,81572463,65,362815
35740,81572634,65,362815
35741,81572643,65,362815
35742,81573246,65,362815
35743,81573264,65,362815
35744,81573426,65,362815
35745,81573462,65,362815
35746,81573624,65,362815
35747,81573642,65,362815
35748,81574236,65,362815
35749,81574263,65,362815
35750,81574326,65,362815
35751,81574362,65,362815
35752,81574623,65,362815
35753,81574632,65,362815
35754,81576234,65,362815
35755,81576243,65,362815
35756,81576324,65,362815
35757,81576342,65,362815
35758,81576423,65,362815
35759,81576432,65,362815
35760,81623457,65,362815
35761,81623475,65,362815
35762,81623547,65,362815
35763,81623574,65,362815
35764,81623745,65,362815
35765,81623754,65,362815
35766,81624357,65,362815
35767,81624375,65,362815
35768,81624537,65,362815
35769,81624573,65,362815
35770,81624735,65,362815
35771,81624753,65,362815
35772,81625347,65,362815
35773,81625374,65,362815
35774,81625437,65,362815
35775,81625473,65,362815
35776,81625734,65,362815
35777,81625743,65,362815
35778,81627345,65,362815
35779,81627354,65,362815
35780,81627435,65,362815
35781,81627453,65,362815
35782,81627534,65,362815
35783,81627543,65,362815
35784,81632457,65,362815
35785,81632475,65,362815
35786,81632547,65,362815
35787,81632574,65,362815
35788,81632745,65,362815
35789,81632754,65,362815
35790,81634257,65,362815
35791,81634275,65,362815
35792,81634527,65,362815
35793,81634572,65,362815
35794,81634725,65,362815
35795,81634752,65,362815
35796,81635247,65,362815
35797,81635274,65,362815
35798,81635427,65,362815
35799,81635472,65,362815
35800,81635724,65,362815
35801,81635742,65,362815
35802,81637245,65,362815
35803,81637254,65,362815
35804,81637425,65,362815
35805,81637452,65,362815
35806,81637524,65,362815
35807,81637542,65,362815
35808,81642357,65,362815
35809,81642375,65,362815
35810,81642537,65,362815
35811,81642573,65,362815
35812,81642735,65,362815
35813,81642753,65,362815
35814,81643257,65,362815
35815,81643275,65,362815
35816,81643527,65,362815
35817,81643572,65,362815
35818,81643725,65,362815
35819,81643752,65,362815
35820,81645237,65,362815
35821,81645273,65,362815
35822,81645327,65,362815
35823,81645372,65,362815
35824,81645723,65,362815
35825,81645732,65,362815
35826,81647235,65,362815
35827,81647253,65,362815
35828,81647325,65,362815
35829,81647352,65,362815
35830,81647523,65,362815
35831,81647532,65,362815
35832,81652347,65,362815
35833,81652374,65,362815
35834,81652437,65,362815
35835,81652473,65,362815
35836,81652734,65,362815
35837,81652743,65,362815
35838,81653247,65,362815
35839,81653274,65,362815
35840,81653427,65,362815
35841,81653472,65,362815
35842,81653724,65,362815
35843,81653742,65,362815
35844,81654237,65,362815
35845,81654273,65,362815
35846,81654327,65,362815
35847,81654372,65,362815
35848,81654723,65,362815
35849,81654732,65,362815
35850,81657234,65,362815
35851,81657243,65,362815
35852,81657324,65,362815
35853,81657342,65,362815
35854,81657423,65,362815
35855,81657432,65,362815
35856,81672345,65,362815
35857,81672354,65,362815
35858,81672435,65,362815
35859,81672453,65,362815
35860,81672534,65,362815
35861,81672543,65,362815
35862,81673245,65,362815
35863,81673254,65,362815
35864,81673425,65,362815
35865,81673452,65,362815
35866,81673524,65,362815
35867,81673542,65,362815
35868,81674235,65,362815
35869,81674253,65,362815
35870,81674325,65,362815
35871,81674352,65,362815
35872,81674523,65,362815
35873,81674532,65,362815
35874,81675234,65,362815
35875,81675243,65,362815
35876,81675324,65,362815
35877,81675342,65,362815
35878,81675423,65,362815
35879,81675432,65,362815
35880,81723456,65,362815
35881,81723465,65,362815
35882,81723546,65,362815
35883,81723564,65,362815
35884,81723645,65,362815
35885,81723654,65,362815
35886,81724356,65,362815
35887,81724365,65,362815
35888,81724536,65,362815
35889,81724563,65,362815
35890,81724635,65,362815
35891,81724653,65,362815
35892,81725346,65,362815
35893,81725364,65,362815
35894,81725436,65,362815
35895,81725463,65,362815
35896,81725634,65,362815
35897,81725643,65,362815
35898,81726345,65,362815
35899,81726354,65,362815
35900,81726435,65,362815
35901,81726453,65,362815
35902,81726534,65,362815
35903,81726543,65,362815
35904,81732456,65,362815
35905,81732465,65,362815
35906,81732546,65,362815
35907,81732564,65,362815
35908,81732645,65,362815
35909,81732654,65,362815
35910,81734256,65,362815
35911,81734265,65,362815
35912,81734526,65,362815
35913,81734562,65,362815
35914,81734625,65,362815
35915,81734652,65,362815
35916,81735246,65,362815
35917,81735264,65,362815
35918,81735426,65,362815
35919,81735462,65,362815
35920,81735624,65,362815
35921,81735642,65,362815
35922,81736245,65,362815
35923,81736254,65,362815
35924,81736425,65,362815
35925,81736452,65,362815
35926,81736524,65,362815
35927,81736542,65,362815
35928,81742356,65,362815
35929,81742365,65,362815
35930,81742536,65,362815
35931,81742563,65,362815
35932,81742635,65,362815
35933,81742653,65,362815
35934,81743256,65,362815
35935,81743265,65,362815
35936,81743526,65,362815
35937,81743562,65,362815
35938,81743625,65,362815
35939,81743652,65,362815
35940,81745236,65,362815
35941,81745263,65,362815
35942,81745326,65,362815
35943,81745362,65,362815
35944,81745623,65,362815
35945,81745632,65,362815
35946,81746235,65,362815
35947,81746253,65,362815
35948,81746325,65,362815
35949,81746352,65,362815
35950,81746523,65,362815
35951,81746532,65,362815
35952,81752346,65,362815
35953,81752364,65,362815
35954,81752436,65,362815
35955,81752463,65,362815
35956,81752634,65,362815
35957,81752643,65,362815
35958,81753246,65,362815
35959,81753264,65,362815
35960,81753426,65,362815
35961,81753462,65,362815
35962,81753624,65,362815
35963,81753642,65,362815
35964,81754236,65,362815
35965,81754263,65,362815
35966,81754326,65,362815
35967,81754362,65,362815
35968,81754623,65,362815
35969,81754632,65,362815
35970,81756234,65,362815
35971,81756243,65,362815
35972,81756324,65,362815
35973,81756342,65,362815
35974,81756423,65,362815
35975,81756432,65,362815
35976,81762345,65,362815
35977,81762354,65,362815
35978,81762435,65,362815
35979,81762453,65,362815
35980,81762534,65,362815
35981,81762543,65,362815
35982,81763245,65,362815
35983,81763254,65,362815
35984,81763425,65,362815
35985,81763452,65,362815
35986,81763524,65,362815
35987,81763542,65,362815
35988,81764235,65,362815
35989,81764253,65,362815
35990,81764325,65,362815
35991,81764352,65,362815
35992,81764523,65,362815
35993,81764532,65,362815
35994,81765234,65,362815
35995,81765243,65,362815
35996,81765324,65,362815
35997,81765342,65,362815
35998,81765423,65,362815
35999,81765432,65,362815
36000,82134567,65,362815
36001,82134576,65,362815
36002,82134657,65,362815
36003,82134675,65,362815
36004,82134756,65,362815
36005,82134765,65,362815
36006,82135467,65,362815
36007,82135476,65,362815
36008,82135647,65,362815
36009,82135674,65,362815
36010,82135746,65,362815
36011,82135764,65,362815
36012,82136457,65,362815
36013,82136475,65,362815
36014,82136547,65,362815
36015,82136574,65,362815
36016,82136745,65,362815
36017,82136754,65,362815
36018,82137456,65,362815
36019,82137465,65,362815
36020,82137546,65,362815
36021,82137564,65,362815
36022,82137645,65,362815
36023,82137654,65,362815
36024,82143567,65,362815
36025,82143576,65,362815
36026,82143657,65,362815
36027,82143675,65,362815
36028,82143756,65,362815
36029,82143765,65,362815
36030,82145367,65,362815
36031,82145376,65,362815
36032,82145637,65,362815
36033,82145673,65,362815
36034,82145736,65,362815
36035,82145763,65,362815
36036,82146357,65,362815
36037,82146375,65,362815
36038,82146537,65,362815
36039,82146573,65,362815
36040,82146735,65,362815
36041,82146753,65,362815
36042,82147356,65,362815
36043,82147365,65,362815
36044,82147536,65,362815
36045,82147563,65,362815
36046,82147635,65,362815
36047,82147653,65,362815
36048,82153467,65,362815
36049,82153476,65,362815
36050,82153647,65,362815
36051,82153674,65,362815
36052,82153746,65,362815
36053,82153764,65,362815
36054,82154367,65,362815
36055,82154376,65,362815
36056,82154637,65,362815
36057,82154673,65,362815
36058,82154736,65,362815
36059,82154763,65,362815
36060,82156347,65,362815
36061,82156374,65,362815
36062,82156437,65,362815
36063,82156473,65,362815
36064,82156734,65,362815
36065,82156743,65,362815
36066,82157346,65,362815
36067,82157364,65,362815
36068,82157436,65,362815
36069,82157463,65,362815
36070,82157634,65,362815
36071,82157643,65,362815
36072,82163457,65,362815
36073,82163475,65,362815
36074,82163547,65,362815
36075,82163574,65,362815
36076,82163745,65,362815
36077,82163754,65,362815
36078,82164357,65,362815
36079,82164375,65,362815
36080,82164537,65,362815
36081,82164573,65,362815
36082,82164735,65,362815
36083,82164753,65,362815
36084,82165347,65,362815
36085,82165374,65,362815
36086,82165437,65,362815
36087,82165473,65,362815
36088,82165734,65,362815
36089,82165743,65,362815
36090,82167345,65,362815
36091,82167354,65,362815
36092,82167435,65,362815
36093,82167453,65,362815
36094,82167534,65,362815
36095,82167543,65,362815
36096,82173456,65,362815
36097,82173465,65,362815
36098,82173546,65,362815
36099,82173564,65,362815
36100,82173645,65,362815
36101,82173654,65,362815
36102,82174356,65,362815
36103,82174365,65,362815
36104,82174536,65,362815
36105,82174563,65,362815
36106,82174635,65,362815
36107,82174653,65,362815
36108,82175346,65,362815
36109,82175364,65,362815
36110,82175436,65,362815
36111,82175463,65,362815
36112,82175634,65,362815
36113,82175643,65,362815
36114,82176345,65,362815
36115,82176354,65,362815
36116,82176435,65,362815
36117,82176453,65,362815
36118,82176534,65,362815
36119,82176543,65,362815
36120,82314567,65,362815
36121,82314576,65,362815
36122,82314657,65,362815
36123,82314675,65,362815
36124,82314756,65,362815
36125,82314765,65,362815
36126,82315467,65,362815
36127,82315476,65,362815
36128,82315647,65,362815
36129,82315674,65,362815
36130,82315746,65,362815
36131,82315764,65,362815
36132,82316457,65,362815
36133,82316475,65,362815
36134,82316547,65,362815
36135,82316574,65,362815
36136,82316745,65,362815
36137,82316754,65,362815
36138,82317456,65,362815
36139,82317465,65,362815
36140,82317546,65,362815
36141,82317564,65,362815
36142,82317645,65,362815
36143,82317654,65,362815
36144,82341567,65,362815
36145,82341576,65,362815
36146,82341657,65,362815
36147,82341675,65,362815
36148,82341756,65,362815
36149,82341765,65,362815
36150,82345167,65,362815
36151,82345176,65,362815
36152,82345617,65,362815
36153,82345671,65,362815
36154,82345716,65,362815
36155,82345761,65,362815
36156,82346157,65,362815
36157,82346175,65,362815
36158,82346517,65,362815
36159,82346571,65,362815
36160,82346715,65,362815
36161,82346751,65,362815
36162,82347156,65,362815
36163,82347165,65,362815
36164,82347516,65,362815
36165,82347561,65,362815
36166,82347615,65,362815
36167,82347651,65,362815
36168,82351467,65,362815
36169,82351476,65,362815
36170,82351647,65,362815
36171,82351674,65,362815
36172,82351746,65,362815
36173,82351764,65,362815
36174,82354167,65,362815
36175,82354176,65,362815
36176,82354617,65,362815
36177,82354671,65,362815
36178,82354716,65,362815
36179,82354761,65,362815
36180,82356147,65,362815
36181,82356174,65,362815
36182,82356417,65,362815
36183,82356471,65,362815
36184,82356714,65,362815
36185,82356741,65,362815
36186,82357146,65,362815
36187,82357164,65,362815
36188,82357416,65,362815
36189,82357461,65,362815
36190,82357614,65,362815
36191,82357641,65,362815
36192,82361457,65,362815
36193,82361475,65,362815
36194,82361547,65,362815
36195,82361574,65,362815
36196,82361745,65,362815
36197,82361754,65,362815
36198,82364157,65,362815
36199,82364175,65,362815
36200,82364517,65,362815
36201,82364571,65,362815
36202,82364715,65,362815
36203,82364751,65,362815
36204,82365147,65,362815
36205,82365174,65,362815
36206,82365417,65,362815
36207,82365471,65,362815
36208,82365714,65,362815
36209,82365741,65,362815
36210,82367145,65,362815
36211,82367154,65,362815
36212,82367415,65,362815
36213,82367451,65,362815
36214,82367514,65,362815
36215,82367541,65,362815
36216,82371456,65,362815
36217,82371465,65,362815
36218,82371546,65,362815
36219,82371564,65,362815
36220,82371645,65,362815
36221,82371654,65,362815
36222,82374156,65,362815
36223,82374165,65,362815
36224,82374516,65,362815
36225,82374561,65,362815
36226,82374615,65,362815
36227,82374651,65,362815
36228,82375146,65,362815
36229,82375164,65,362815
36230,82375416,65,362815
36231,82375461,65,362815
36232,82375614,65,362815
36233,82375641,65,362815
36234,82376145,65,362815
36235,82376154,65,362815
36236,82376415,65,362815
36237,82376451,65,362815
36238,82376514,65,362815
36239,82376541,65,362815
36240,82413567,65,362815
36241,82413576,65,362815
36242,82413657,65,362815
36243,82413675,65,362815
36244,82413756,65,362815
36245,82413765,65,362815
36246,82415367,65,362815
36247,82415376,65,362815
36248,82415637,65,362815
36249,82415673,65,362815
36250,82415736,65,362815
36251,82415763,65,362815
36252,82416357,65,362815
36253,82416375,65,362815
36254,82416537,65,362815
36255,82416573,65,362815
36256,82416735,65,362815
36257,82416753,65,362815
36258,82417356,65,362815
36259,82417365,65,362815
36260,82417536,65,362815
36261,82417563,65,362815
36262,82417635,65,362815
36263,82417653,65,362815
36264,82431567,65,362815
36265,82431576,65,362815
36266,82431657,65,362815
36267,82431675,65,362815
36268,82431756,65,362815
36269,82431765,65,362815
36270,82435167,65,362815
36271,82435176,65,362815
36272,82435617,65,362815
36273,82435671,65,362815
36274,82435716,65,362815
36275,82435761,65,362815
36276,82436157,65,362815
36277,82436175,65,362815
36278,82436517,65,362815
36279,82436571,65,362815
36280,82436715,65,362815
36281,82436751,65,362815
36282,82437156,65,362815
36283,82437165,65,362815
36284,82437516,65,362815
36285,82437561,65,362815
36286,82437615,65,362815
36287,82437651,65,362815
36288,82451367,65,362815
36289,82451376,65,362815
36290,82451637,65,362815
36291,82451673,65,362815
36292,82451736,65,362815
36293,82451763,65,362815
36294,82453167,65,362815
36295,82453176,65,362815
36296,82453617,65,362815
36297,82453671,65,362815
36298,82453716,65,362815
36299,82453761,65,362815
36300,82456137,65,362815
36301,82456173,65,362815
36302,82456317,65,362815
36303,82456371,65,362815
36304,82456713,65,362815
36305,82456731,65,362815
36306,82457136,65,362815
36307,82457163,65,362815
36308,82457316,65,362815
36309,82457361,65,362815
36310,82457613,65,362815
36311,82457631,65,362815
36312,82461357,65,362815
36313,82461375,65,362815
36314,82461537,65,362815
36315,82461573,65,362815
36316,82461735,65,362815
36317,82461753,65,362815
36318,82463157,65,362815
36319,82463175,65,362815
36320,82463517,65,362815
36321,82463571,65,362815
36322,82463715,65,362815
36323,82463751,65,362815
36324,82465137,65,362815
36325,82465173,65,362815
36326,82465317,65,362815
36327,82465371,65,362815
36328,82465713,65,362815
36329,82465731,65,362815
36330,82467135,65,362815
36331,82467153,65,362815
36332,82467315,65,362815
36333,82467351,65,362815
36334,82467513,65,362815
36335,82467531,65,362815
36336,82471356,65,362815
36337,82471365,65,362815
36338,82471536,65,362815
36339,82471563,65,362815
36340,82471635,65,362815
36341,82471653,65,362815
36342,82473156,65,362815
36343,82473165,65,362815
36344,82473516,65,362815
36345,82473561,65,362815
36346,82473615,65,362815
36347,82473651,65,362815
36348,82475136,65,362815
36349,82475163,65,362815
36350,82475316,65,362815
36351,82475361,65,362815
36352,82475613,65,362815
36353,82475631,65,362815
36354,82476135,65,362815
36355,82476153,65,362815
36356,82476315,65,362815
36357,82476351,65,362815
36358,82476513,65,362815
36359,82476531,65,362815
36360,82513467,65,362815
36361,82513476,65,362815
36362,82513647,65,362815
36363,82513674,65,362815
36364,82513746,65,362815
36365,82513764,65,362815
36366,82514367,65,362815
36367,82514376,65,362815
36368,82514637,65,362815
36369,82514673,65,362815
36370,82514736,65,362815
36371,82514763,65,362815
36372,82516347,65,362815
36373,82516374,65,362815
36374,82516437,65,362815
36375,82516473,65,362815
36376,82516734,65,362815
36377,82516743,65,362815
36378,82517346,65,362815
36379,82517364,65,362815
36380,82517436,65,362815
36381,82517463,65,362815
36382,82517634,65,362815
36383,82517643,65,362815
36384,82531467,65,362815
36385,82531476,65,362815
36386,82531647,65,362815
36387,82531674,65,362815
36388,82531746,65,362815
36389,82531764,65,362815
36390,82534167,65,362815
36391,82534176,65,362815
36392,82534617,65,362815
36393,82534671,65,362815
36394,82534716,65,362815
36395,82534761,65,362815
36396,82536147,65,362815
36397,82536174,65,362815
36398,82536417,65,362815
36399,82536471,65,362815
36400,82536714,65,362815
36401,82536741,65,362815
36402,82537146,65,362815
36403,82537164,65,362815
36404,82537416,65,362815
36405,82537461,65,362815
36406,82537614,65,362815
36407,82537641,65,362815
36408,82541367,65,362815
36409,82541376,65,362815
36410,82541637,65,362815
36411,82541673,65,362815
36412,82541736,65,362815
36413,82541763,65,362815
36414,82543167,65,362815
36415,82543176,65,362815
36416,82543617,65,362815
36417,82543671,65,362815
36418,82543716,65,362815
36419,82543761,65,362815
36420,82546137,65,362815
36421,82546173,65,362815
36422,82546317,65,362815
36423,82546371,65,362815
36424,82546713,65,362815
36425,82546731,65,362815
36426,82547136,65,362815
36427,82547163,65,362815
36428,82547316,65,362815
36429,82547361,65,362815
36430,82547613,65,362815
36431,82547631,65,362815
36432,82561347,65,362815
36433,82561374,65,362815
36434,82561437,65,362815
36435,82561473,65,362815
36436,82561734,65,362815
36437,82561743,65,362815
36438,82563147,65,362815
36439,82563174,65,362815
36440,82563417,65,362815
36441,82563471,65,362815
36442,82563714,65,362815
36443,82563741,65,362815
36444,82564137,65,362815
36445,82564173,65,362815
36446,82564317,65,362815
36447,82564371,65,362815
36448,82564713,65,362815
36449,82564731,65,362815
36450,82567134,65,362815
36451,82567143,65,362815
36452,82567314,65,362815
36453,82567341,65,362815
36454,82567413,65,362815
36455,82567431,65,362815
36456,82571346,65,362815
36457,82571364,65,362815
36458,82571436,65,362815
36459,82571463,65,362815
36460,82571634,65,362815
36461,82571643,65,362815
36462,82573146,65,362815
36463,82573164,65,362815
36464,82573416,65,362815
36465,82573461,65,362815
36466,82573614,65,362815
36467,82573641,65,362815
36468,82574136,65,362815
36469,82574163,65,362815
36470,82574316,65,362815
36471,82574361,65,362815
36472,82574613,65,362815
36473,82574631,65,362815
36474,82576134,65,362815
36475,82576143,65,362815
36476,82576314,65,362815
36477,82576341,65,362815
36478,82576413,65,362815
36479,82576431,65,362815
36480,82613457,65,362815
36481,82613475,65,362815
36482,82613547,65,362815
36483,82613574,65,362815
36484,82613745,65,362815
36485,82613754,65,362815
36486,82614357,65,362815
36487,82614375,65,362815
36488,82614537,65,362815
36489,82614573,65,362815
36490,82614735,65,362815
36491,82614753,65,362815
36492,82615347,65,362815
36493,82615374,65,362815
36494,82615437,65,362815
36495,82615473,65,362815
36496,82615734,65,362815
36497,82615743,65,362815
36498,82617345,65,362815
36499,82617354,65,362815
36500,82617435,65,362815
36501,82617453,65,362815
36502,82617534,65,362815
36503,82617543,65,362815
36504,82631457,65,362815
36505,82631475,65,362815
36506,82631547,65,362815
36507,82631574,65,362815
36508,82631745,65,362815
36509,82631754,65,362815
36510,82634157,65,362815
36511,82634175,65,362815
36512,82634517,65,362815
36513,82634571,65,362815
36514,82634715,65,362815
36515,82634751,65,362815
36516,82635147,65,362815
36517,82635174,65,362815
36518,82635417,65,362815
36519,82635471,65,362815
36520,82635714,65,362815
36521,82635741,65,362815
36522,82637145,65,362815
36523,82637154,65,362815
36524,82637415,65,362815
36525,82637451,65,362815
36526,82637514,65,362815
36527,82637541,65,362815
36528,82641357,65,362815
36529,82641375,65,362815
36530,82641537,65,362815
36531,82641573,65,362815
36532,82641735,65,362815
36533,82641753,65,362815
36534,82643157,65,362815
36535,82643175,65,362815
36536,82643517,65,362815
36537,82643571,65,362815
36538,82643715,65,362815
36539,82643751,65,362815
36540,82645137,65,362815
36541,82645173,65,362815
36542,82645317,65,362815
36543,82645371,65,362815
36544,82645713,65,362815
36545,82645731,65,362815
36546,82647135,65,362815
36547,82647153,65,362815
36548,82647315,65,362815
36549,82647351,65,362815
36550,82647513,65,362815
36551,82647531,65,362815
36552,82651347,65,362815
36553,82651374,65,362815
36554,82651437,65,362815
36555,82651473,65,362815
36556,82651734,65,362815
36557,82651743,65,362815
36558,82653147,65,362815
36559,82653174,65,362815
36560,82653417,65,362815
36561,82653471,65,362815
36562,82653714,65,362815
36563,82653741,65,362815
36564,82654137,65,362815
36565,82654173,65,362815
36566,82654317,65,362815
36567,82654371,65,362815
36568,82654713,65,362815
36569,82654731,65,362815
36570,82657134,65,362815
36571,82657143,65,362815
36572,82657314,65,362815
36573,82657341,65,362815
36574,82657413,65,362815
36575,82657431,65,362815
36576,82671345,65,362815
36577,82671354,65,362815
36578,82671435,65,362815
36579,82671453,65,362815
36580,82671534,65,362815
36581,82671543,65,362815
36582,82673145,65,362815
36583,82673154,65,362815
36584,82673415,65,362815
36585,82673451,65,362815
36586,82673514,65,362815
36587,82673541,65,362815
36588,82674135,65,362815
36589,82674153,65,362815
36590,82674315,65,362815
36591,82674351,65,362815
36592,82674513,65,362815
36593,82674531,65,362815
36594,82675134,65,362815
36595,82675143,65,362815
36596,82675314,65,362815
36597,82675341,65,362815
36598,82675413,65,362815
36599,82675431,65,362815
36600,82713456,65,362815
36601,82713465,65,362815
36602,82713546,65,362815
36603,82713564,65,362815
36604,82713645,65,362815
36605,82713654,65,362815
36606,82714356,65,362815
36607,82714365,65,362815
36608,82714536,65,362815
36609,82714563,65,362815
36610,82714635,65,362815
36611,82714653,65,362815
36612,82715346,65,362815
36613,82715364,65,362815
36614,82715436,65,362815
36615,82715463,65,362815
36616,82715634,65,362815
36617,82715643,65,362815
36618,82716345,65,362815
36619,82716354,65,362815
36620,82716435,65,362815
36621,82716453,65,362815
36622,82716534,65,362815
36623,82716543,65,362815
36624,82731456,65,362815
36625,82731465,65,362815
36626,82731546,65,362815
36627,82731564,65,362815
36628,82731645,65,362815
36629,82731654,65,362815
36630,82734156,65,362815
36631,82734165,65,362815
36632,82734516,65,362815
36633,82734561,65,362815
36634,82734615,65,362815
36635,82734651,65,362815
36636,82735146,65,362815
36637,82735164,65,362815
36638,82735416,65,362815
36639,82735461,65,362815
36640,82735614,65,362815
36641,82735641,65,362815
36642,82736145,65,362815
36643,82736154,65,362815
36644,82736415,65,362815
36645,82736451,65,362815
36646,82736514,65,362815
36647,82736541,65,362815
36648,82741356,65,362815
36649,82741365,65,362815
36650,82741536,65,362815
36651,82741563,65,362815
36652,82741635,65,362815
36653,82741653,65,362815
36654,82743156,65,362815
36655,82743165,65,362815
36656,82743516,65,362815
36657,82743561,65,362815
36658,82743615,65,362815
36659,82743651,65,362815
36660,82745136,65,362815
36661,82745163,65,362815
36662,82745316,65,362815
36663,82745361,65,362815
36664,82745613,65,362815
36665,82745631,65,362815
36666,82746135,65,362815
36667,82746153,65,362815
36668,82746315,65,362815
36669,82746351,65,362815
36670,82746513,65,362815
36671,82746531,65,362815
36672,82751346,65,362815
36673,82751364,65,362815
36674,82751436,65,362815
36675,82751463,65,362815
36676,82751634,65,362815
36677,82751643,65,362815
36678,82753146,65,362815
36679,82753164,65,362815
36680,82753416,65,362815
36681,82753461,65,362815
36682,82753614,65,362815
36683,82753641,65,362815
36684,82754136,65,362815
36685,82754163,65,362815
36686,82754316,65,362815
36687,82754361,65,362815
36688,82754613,65,362815
36689,82754631,65,362815
36690,82756134,65,362815
36691,82756143,65,362815
36692,82756314,65,362815
36693,82756341,65,362815
36694,82756413,65,362815
36695,82756431,65,362815
36696,82761345,65,362815
36697,82761354,65,362815
36698,82761435,65,362815
36699,82761453,65,362815
36700,82761534,65,362815
36701,82761543,65,362815
36702,82763145,65,362815
36703,82763154,65,362815
36704,82763415,65,362815
36705,82763451,65,362815
36706,82763514,65,362815
36707,82763541,65,362815
36708,82764135,65,362815
36709,82764153,65,362815
36710,82764315,65,362815
36711,82764351,65,362815
36712,82764513,65,362815
36713,82764531,65,362815
36714,82765134,65,362815
36715,82765143,65,362815
36716,82765314,65,362815
36717,82765341,65,362815
36718,82765413,65,362815
36719,82765431,65,362815
36720,83124567,65,362815
36721,83124576,65,362815
36722,83124657,65,362815
36723,83124675,65,362815
36724,83124756,65,362815
36725,83124765,65,362815
36726,83125467,65,362815
36727,83125476,65,362815
36728,83125647,65,362815
36729,83125674,65,362815
36730,83125746,65,362815
36731,83125764,65,362815
36732,83126457,65,362815
36733,83126475,65,362815
36734,83126547,65,362815
36735,83126574,65,362815
36736,83126745,65,362815
36737,83126754,65,362815
36738,83127456,65,362815
36739,83127465,65,362815
36740,83127546,65,362815
36741,83127564,65,362815
36742,83127645,65,362815
36743,83127654,65,362815
36744,83142567,65,362815
36745,83142576,65,362815
36746,83142657,65,362815
36747,83142675,65,362815
36748,83142756,65,362815
36749,83142765,65,362815
36750,83145267,65,362815
36751,83145276,65,362815
36752,83145627,65,362815
36753,83145672,65,362815
36754,83145726,65,362815
36755,83145762,65,362815
36756,83146257,65,362815
36757,83146275,65,362815
36758,83146527,65,362815
36759,83146572,65,362815
36760,83146725,65,362815
36761,83146752,65,362815
36762,83147256,65,362815
36763,83147265,65,362815
36764,83147526,65,362815
36765,83147562,65,362815
36766,83147625,65,362815
36767,83147652,65,362815
36768,83152467,65,362815
36769,83152476,65,362815
36770,83152647,65,362815
36771,83152674,65,362815
36772,83152746,65,362815
36773,83152764,65,362815
36774,83154267,65,362815
36775,83154276,65,362815
36776,83154627,65,362815
36777,83154672,65,362815
36778,83154726,65,362815
36779,83154762,65,362815
36780,83156247,65,362815
36781,83156274,65,362815
36782,83156427,65,362815
36783,83156472,65,362815
36784,83156724,65,362815
36785,83156742,65,362815
36786,83157246,65,362815
36787,83157264,65,362815
36788,83157426,65,362815
36789,83157462,65,362815
36790,83157624,65,362815
36791,83157642,65,362815
36792,83162457,65,362815
36793,83162475,65,362815
36794,83162547,65,362815
36795,83162574,65,362815
36796,83162745,65,362815
36797,83162754,65,362815
36798,83164257,65,362815
36799,83164275,65,362815
36800,83164527,65,362815
36801,83164572,65,362815
36802,83164725,65,362815
36803,83164752,65,362815
36804,83165247,65,362815
36805,83165274,65,362815
36806,83165427,65,362815
36807,83165472,65,362815
36808,83165724,65,362815
36809,83165742,65,362815
36810,83167245,65,362815
36811,83167254,65,362815
36812,83167425,65,362815
36813,83167452,65,362815
36814,83167524,65,362815
36815,83167542,65,362815
36816,83172456,65,362815
36817,83172465,65,362815
36818,83172546,65,362815
36819,83172564,65,362815
36820,83172645,65,362815
36821,83172654,65,362815
36822,83174256,65,362815
36823,83174265,65,362815
36824,83174526,65,362815
36825,83174562,65,362815
36826,83174625,65,362815
36827,83174652,65,362815
36828,83175246,65,362815
36829,83175264,65,362815
36830,83175426,65,362815
36831,83175462,65,362815
36832,83175624,65,362815
36833,83175642,65,362815
36834,83176245,65,362815
36835,83176254,65,362815
36836,83176425,65,362815
36837,83176452,65,362815
36838,83176524,65,362815
36839,83176542,65,362815
36840,83214567,65,362815
36841,83214576,65,362815
36842,83214657,65,362815
36843,83214675,65,362815
36844,83214756,65,362815
36845,83214765,65,362815
36846,83215467,65,362815
36847,83215476,65,362815
36848,83215647,65,362815
36849,83215674,65,362815
36850,83215746,65,362815
36851,83215764,65,362815
36852,83216457,65,362815
36853,83216475,65,362815
36854,83216547,65,362815
36855,83216574,65,362815
36856,83216745,65,362815
36857,83216754,65,362815
36858,83217456,65,362815
36859,83217465,65,362815
36860,83217546,65,362815
36861,83217564,65,362815
36862,83217645,65,362815
36863,83217654,65,362815
36864,83241567,65,362815
36865,83241576,65,362815
36866,83241657,65,362815
36867,83241675,65,362815
36868,83241756,65,362815
36869,83241765,65,362815
36870,83245167,65,362815
36871,83245176,65,362815
36872,83245617,65,362815
36873,83245671,65,362815
36874,83245716,65,362815
36875,83245761,65,362815
36876,83246157,65,362815
36877,83246175,65,362815
36878,83246517,65,362815
36879,83246571,65,362815
36880,83246715,65,362815
36881,83246751,65,362815
36882,83247156,65,362815
36883,83247165,65,362815
36884,83247516,65,362815
36885,83247561,65,362815
36886,83247615,65,362815
36887,83247651,65,362815
36888,83251467,65,362815
36889,83251476,65,362815
36890,83251647,65,362815
36891,83251674,65,362815
36892,83251746,65,362815
36893,83251764,65,362815
36894,83254167,65,362815
36895,83254176,65,362815
36896,83254617,65,362815
36897,83254671,65,362815
36898,83254716,65,362815
36899,83254761,65,362815
36900,83256147,65,362815
36901,83256174,65,362815
36902,83256417,65,362815
36903,83256471,65,362815
36904,83256714,65,362815
36905,83256741,65,362815
36906,83257146,65,362815
36907,83257164,65,362815
36908,83257416,65,362815
36909,83257461,65,362815
36910,83257614,65,362815
36911,83257641,65,362815
36912,83261457,65,362815
36913,83261475,65,362815
36914,83261547,65,362815
36915,83261574,65,362815
36916,83261745,65,362815
36917,83261754,65,362815
36918,83264157,65,362815
36919,83264175,65,362815
36920,83264517,65,362815
36921,83264571,65,362815
36922,83264715,65,362815
36923,83264751,65,362815
36924,83265147,65,362815
36925,83265174,65,362815
36926,83265417,65,362815
36927,83265471,65,362815
36928,83265714,65,362815
36929,83265741,65,362815
36930,83267145,65,362815
36931,83267154,65,362815
36932,83267415,65,362815
36933,83267451,65,362815
36934,83267514,65,362815
36935,83267541,65,362815
36936,83271456,65,362815
36937,83271465,65,362815
36938,83271546,65,362815
36939,83271564,65,362815
36940,83271645,65,362815
36941,83271654,65,362815
36942,83274156,65,362815
36943,83274165,65,362815
36944,83274516,65,362815
36945,83274561,65,362815
36946,83274615,65,362815
36947,83274651,65,362815
36948,83275146,65,362815
36949,83275164,65,362815
36950,83275416,65,362815
36951,83275461,65,362815
36952,83275614,65,362815
36953,83275641,65,362815
36954,83276145,65,362815
36955,83276154,65,362815
36956,83276415,65,362815
36957,83276451,65,362815
36958,83276514,65,362815
36959,83276541,65,362815
36960,83412567,65,362815
36961,83412576,65,362815
36962,83412657,65,362815
36963,83412675,65,362815
36964,83412756,65,362815
36965,83412765,65,362815
36966,83415267,65,362815
36967,83415276,65,362815
36968,83415627,65,362815
36969,83415672,65,362815
36970,83415726,65,362815
36971,83415762,65,362815
36972,83416257,65,362815
36973,83416275,65,362815
36974,83416527,65,362815
36975,83416572,65,362815
36976,83416725,65,362815
36977,83416752,65,362815
36978,83417256,65,362815
36979,83417265,65,362815
36980,83417526,65,362815
36981,83417562,65,362815
36982,83417625,65,362815
36983,83417652,65,362815
36984,83421567,65,362815
36985,83421576,65,362815
36986,83421657,65,362815
36987,83421675,65,362815
36988,83421756,65,362815
36989,83421765,65,362815
36990,83425167,65,362815
36991,83425176,65,362815
36992,83425617,65,362815
36993,83425671,65,362815
36994,83425716,65,362815
36995,83425761,65,362815
36996,83426157,65,362815
36997,83426175,65,362815
36998,83426517,65,362815
36999,83426571,65,362815
37000,83426715,65,362815
37001,83426751,65,362815
37002,83427156,65,362815
37003,83427165,65,362815
37004,83427516,65,362815
37005,83427561,65,362815
37006,83427615,65,362815
37007,83427651,65,362815
37008,83451267,65,362815
37009,83451276,65,362815
37010,83451627,65,362815
37011,83451672,65,362815
37012,83451726,65,362815
37013,83451762,65,362815
37014,83452167,65,362815
37015,83452176,65,362815
37016,83452617,65,362815
37017,83452671,65,362815
37018,83452716,65,362815
37019,83452761,65,362815
37020,83456127,65,362815
37021,83456172,65,362815
37022,83456217,65,362815
37023,83456271,65,362815
37024,83456712,65,362815
37025,83456721,65,362815
37026,83457126,65,362815
37027,83457162,65,362815
37028,83457216,65,362815
37029,83457261,65,362815
37030,83457612,65,362815
37031,83457621,65,362815
37032,83461257,65,362815
37033,83461275,65,362815
37034,83461527,65,362815
37035,83461572,65,362815
37036,83461725,65,362815
37037,83461752,65,362815
37038,83462157,65,362815
37039,83462175,65,362815
37040,83462517,65,362815
37041,83462571,65,362815
37042,83462715,65,362815
37043,83462751,65,362815
37044,83465127,65,362815
37045,83465172,65,362815
37046,83465217,65,362815
37047,83465271,65,362815
37048,83465712,65,362815
37049,83465721,65,362815
37050,83467125,65,362815
37051,83467152,65,362815
37052,83467215,65,362815
37053,83467251,65,362815
37054,83467512,65,362815
37055,83467521,65,362815
37056,83471256,65,362815
37057,83471265,65,362815
37058,83471526,65,362815
37059,83471562,65,362815
37060,83471625,65,362815
37061,83471652,65,362815
37062,83472156,65,362815
37063,83472165,65,362815
37064,83472516,65,362815
37065,83472561,65,362815
37066,83472615,65,362815
37067,83472651,65,362815
37068,83475126,65,362815
37069,83475162,65,362815
37070,83475216,65,362815
37071,83475261,65,362815
37072,83475612,65,362815
37073,83475621,65,362815
37074,83476125,65,362815
37075,83476152,65,362815
37076,83476215,65,362815
37077,83476251,65,362815
37078,83476512,65,362815
37079,83476521,65,362815
37080,83512467,65,362815
37081,83512476,65,362815
37082,83512647,65,362815
37083,83512674,65,362815
37084,83512746,65,362815
37085,83512764,65,362815
37086,83514267,65,362815
37087,83514276,65,362815
37088,83514627,65,362815
37089,83514672,65,362815
37090,83514726,65,362815
37091,83514762,65,362815
37092,83516247,65,362815
37093,83516274,65,362815
37094,83516427,65,362815
37095,83516472,65,362815
37096,83516724,65,362815
37097,83516742,65,362815
37098,83517246,65,362815
37099,83517264,65,362815
37100,83517426,65,362815
37101,83517462,65,362815
37102,83517624,65,362815
37103,83517642,65,362815
37104,83521467,65,362815
37105,83521476,65,362815
37106,83521647,65,362815
37107,83521674,65,362815
37108,83521746,65,362815
37109,83521764,65,362815
37110,83524167,65,362815
37111,83524176,65,362815
37112,83524617,65,362815
37113,83524671,65,362815
37114,83524716,65,362815
37115,83524761,65,362815
37116,83526147,65,362815
37117,83526174,65,362815
37118,83526417,65,362815
37119,83526471,65,362815
37120,83526714,65,362815
37121,83526741,65,362815
37122,83527146,65,362815
37123,83527164,65,362815
37124,83527416,65,362815
37125,83527461,65,362815
37126,83527614,65,362815
37127,83527641,65,362815
37128,83541267,65,362815
37129,83541276,65,362815
37130,83541627,65,362815
37131,83541672,65,362815
37132,83541726,65,362815
37133,83541762,65,362815
37134,83542167,65,362815
37135,83542176,65,362815
37136,83542617,65,362815
37137,83542671,65,362815
37138,83542716,65,362815
37139,83542761,65,362815
37140,83546127,65,362815
37141,83546172,65,362815
37142,83546217,65,362815
37143,83546271,65,362815
37144,83546712,65,362815
37145,83546721,65,362815
37146,83547126,65,362815
37147,83547162,65,362815
37148,83547216,65,362815
37149,83547261,65,362815
37150,83547612,65,362815
37151,83547621,65,362815
37152,83561247,65,362815
37153,83561274,65,362815
37154,83561427,65,362815
37155,83561472,65,362815
37156,83561724,65,362815
37157,83561742,65,362815
37158,83562147,65,362815
37159,83562174,65,362815
37160,83562417,65,362815
37161,83562471,65,362815
37162,83562714,65,362815
37163,83562741,65,362815
37164,83564127,65,362815
37165,83564172,65,362815
37166,83564217,65,362815
37167,83564271,65,362815
37168,83564712,65,362815
37169,83564721,65,362815
37170,83567124,65,362815
37171,83567142,65,362815
37172,83567214,65,362815
37173,83567241,65,362815
37174,83567412,65,362815
37175,83567421,65,362815
37176,83571246,65,362815
37177,83571264,65,362815
37178,83571426,65,362815
37179,83571462,65,362815
37180,83571624,65,362815
37181,83571642,65,362815
37182,83572146,65,362815
37183,83572164,65,362815
37184,83572416,65,362815
37185,83572461,65,362815
37186,83572614,65,362815
37187,83572641,65,362815
37188,83574126,65,362815
37189,83574162,65,362815
37190,83574216,65,362815
37191,83574261,65,362815
37192,83574612,65,362815
37193,83574621,65,362815
37194,83576124,65,362815
37195,83576142,65,362815
37196,83576214,65,362815
37197,83576241,65,362815
37198,83576412,65,362815
37199,83576421,65,362815
37200,83612457,65,362815
37201,83612475,65,362815
37202,83612547,65,362815
37203,83612574,65,362815
37204,83612745,65,362815
37205,83612754,65,362815
37206,83614257,65,362815
37207,83614275,65,362815
37208,83614527,65,362815
37209,83614572,65,362815
37210,83614725,65,362815
37211,83614752,65,362815
37212,83615247,65,362815
37213,83615274,65,362815
37214,83615427,65,362815
37215,83615472,65,362815
37216,83615724,65,362815
37217,83615742,65,362815
37218,83617245,65,362815
37219,83617254,65,362815
37220,83617425,65,362815
37221,83617452,65,362815
37222,83617524,65,362815
37223,83617542,65,362815
37224,83621457,65,362815
37225,83621475,65,362815
37226,83621547,65,362815
37227,83621574,65,362815
37228,83621745,65,362815
37229,83621754,65,362815
37230,83624157,65,362815
37231,83624175,65,362815
37232,83624517,65,362815
37233,83624571,65,362815
37234,83624715,65,362815
37235,83624751,65,362815
37236,83625147,65,362815
37237,83625174,65,362815
37238,83625417,65,362815
37239,83625471,65,362815
37240,83625714,65,362815
37241,83625741,65,362815
37242,83627145,65,362815
37243,83627154,65,362815
37244,83627415,65,362815
37245,83627451,65,362815
37246,83627514,65,362815
37247,83627541,65,362815
37248,83641257,65,362815
37249,83641275,65,362815
37250,83641527,65,362815
37251,83641572,65,362815
37252,83641725,65,362815
37253,83641752,65,362815
37254,83642157,65,362815
37255,83642175,65,362815
37256,83642517,65,362815
37257,83642571,65,362815
37258,83642715,65,362815
37259,83642751,65,362815
37260,83645127,65,362815
37261,83645172,65,362815
37262,83645217,65,362815
37263,83645271,65,362815
37264,83645712,65,362815
37265,83645721,65,362815
37266,83647125,65,362815
37267,83647152,65,362815
37268,83647215,65,362815
37269,83647251,65,362815
37270,83647512,65,362815
37271,83647521,65,362815
37272,83651247,65,362815
37273,83651274,65,362815
37274,83651427,65,362815
37275,83651472,65,362815
37276,83651724,65,362815
37277,83651742,65,362815
37278,83652147,65,362815
37279,83652174,65,362815
37280,83652417,65,362815
37281,83652471,65,362815
37282,83652714,65,362815
37283,83652741,65,362815
37284,83654127,65,362815
37285,83654172,65,362815
37286,83654217,65,362815
37287,83654271,65,362815
37288,83654712,65,362815
37289,83654721,65,362815
37290,83657124,65,362815
37291,83657142,65,362815
37292,83657214,65,362815
37293,83657241,65,362815
37294,83657412,65,362815
37295,83657421,65,362815
37296,83671245,65,362815
37297,83671254,65,362815
37298,83671425,65,362815
37299,83671452,65,362815
37300,83671524,65,362815
37301,83671542,65,362815
37302,83672145,65,362815
37303,83672154,65,362815
37304,83672415,65,362815
37305,83672451,65,362815
37306,83672514,65,362815
37307,83672541,65,362815
37308,83674125,65,362815
37309,83674152,65,362815
37310,83674215,65,362815
37311,83674251,65,362815
37312,83674512,65,362815
37313,83674521,65,362815
37314,83675124,65,362815
37315,83675142,65,362815
37316,83675214,65,362815
37317,83675241,65,362815
37318,83675412,65,362815
37319,83675421,65,362815
37320,83712456,65,362815
37321,83712465,65,362815
37322,83712546,65,362815
37323,83712564,65,362815
37324,83712645,65,362815
37325,83712654,65,362815
37326,83714256,65,362815
37327,83714265,65,362815
37328,83714526,65,362815
37329,83714562,65,362815
37330,83714625,65,362815
37331,83714652,65,362815
37332,83715246,65,362815
37333,83715264,65,362815
37334,83715426,65,362815
37335,83715462,65,362815
37336,83715624,65,362815
37337,83715642,65,362815
37338,83716245,65,362815
37339,83716254,65,362815
37340,83716425,65,362815
37341,83716452,65,362815
37342,83716524,65,362815
37343,83716542,65,362815
37344,83721456,65,362815
37345,83721465,65,362815
37346,83721546,65,362815
37347,83721564,65,362815
37348,83721645,65,362815
37349,83721654,65,362815
37350,83724156,65,362815
37351,83724165,65,362815
37352,83724516,65,362815
37353,83724561,65,362815
37354,83724615,65,362815
37355,83724651,65,362815
37356,83725146,65,362815
37357,83725164,65,362815
37358,83725416,65,362815
37359,83725461,65,362815
37360,83725614,65,362815
37361,83725641,65,362815
37362,83726145,65,362815
37363,83726154,65,362815
37364,83726415,65,362815
37365,83726451,65,362815
37366,83726514,65,362815
37367,83726541,65,362815
37368,83741256,65,362815
37369,83741265,65,362815
37370,83741526,65,362815
37371,83741562,65,362815
37372,83741625,65,362815
37373,83741652,65,362815
37374,83742156,65,362815
37375,83742165,65,362815
37376,83742516,65,362815
37377,83742561,65,362815
37378,83742615,65,362815
37379,83742651,65,362815
37380,83745126,65,362815
37381,83745162,65,362815
37382,83745216,65,362815
37383,83745261,65,362815
37384,83745612,65,362815
37385,83745621,65,362815
37386,83746125,65,362815
37387,83746152,65,362815
37388,83746215,65,362815
37389,83746251,65,362815
37390,83746512,65,362815
37391,83746521,65,362815
37392,83751246,65,362815
37393,83751264,65,362815
37394,83751426,65,362815
37395,83751462,65,362815
37396,83751624,65,362815
37397,83751642,65,362815
37398,83752146,65,362815
37399,83752164,65,362815
37400,83752416,65,362815
37401,83752461,65,362815
37402,83752614,65,362815
37403,83752641,65,362815
37404,83754126,65,362815
37405,83754162,65,362815
37406,83754216,65,362815
37407,83754261,65,362815
37408,83754612,65,362815
37409,83754621,65,362815
37410,83756124,65,362815
37411,83756142,65,362815
37412,83756214,65,362815
37413,83756241,65,362815
37414,83756412,65,362815
37415,83756421,65,362815
37416,83761245,65,362815
37417,83761254,65,362815
37418,83761425,65,362815
37419,83761452,65,362815
37420,83761524,65,362815
37421,83761542,65,362815
37422,83762145,65,362815
37423,83762154,65,362815
37424,83762415,65,362815
37425,83762451,65,362815
37426,83762514,65,362815
37427,83762541,65,362815
37428,83764125,65,362815
37429,83764152,65,362815
37430,83764215,65,362815
37431,83764251,65,362815
37432,83764512,65,362815
37433,83764521,65,362815
37434,83765124,65,362815
37435,83765142,65,362815
37436,83765214,65,362815
37437,83765241,65,362815
37438,83765412,65,362815
37439,83765421,65,362815
37440,84123567,65,362815
37441,84123576,65,362815
37442,84123657,65,362815
37443,84123675,65,362815
37444,84123756,65,362815
37445,84123765,65,362815
37446,84125367,65,362815
37447,84125376,65,362815
37448,84125637,65,362815
37449,84125673,65,362815
37450,84125736,65,362815
37451,84125763,65,362815
37452,84126357,65,362815
37453,84126375,65,362815
37454,84126537,65,362815
37455,84126573,65,362815
37456,84126735,65,362815
37457,84126753,65,362815
37458,84127356,65,362815
37459,84127365,65,362815
37460,84127536,65,362815
37461,84127563,65,362815
37462,84127635,65,362815
37463,84127653,65,362815
37464,84132567,65,362815
37465,84132576,65,362815
37466,84132657,65,362815
37467,84132675,65,362815
37468,84132756,65,362815
37469,84132765,65,362815
37470,84135267,65,362815
37471,84135276,65,362815
37472,84135627,65,362815
37473,84135672,65,362815
37474,84135726,65,362815
37475,84135762,65,362815
37476,84136257,65,362815
37477,84136275,65,362815
37478,84136527,65,362815
37479,84136572,65,362815
37480,84136725,65,362815
37481,84136752,65,362815
37482,84137256,65,362815
37483,84137265,65,362815
37484,84137526,65,362815
37485,84137562,65,362815
37486,84137625,65,362815
37487,84137652,65,362815
37488,84152367,65,362815
37489,84152376,65,362815
37490,84152637,65,362815
37491,84152673,65,362815
37492,84152736,65,362815
37493,84152763,65,362815
37494,84153267,65,362815
37495,84153276,65,362815
37496,84153627,65,362815
37497,84153672,65,362815
37498,84153726,65,362815
37499,84153762,65,362815
37500,84156237,65,362815
37501,84156273,65,362815
37502,84156327,65,362815
37503,84156372,65,362815
37504,84156723,65,362815
37505,84156732,65,362815
37506,84157236,65,362815
37507,84157263,65,362815
37508,84157326,65,362815
37509,84157362,65,362815
37510,84157623,65,362815
37511,84157632,65,362815
37512,84162357,65,362815
37513,84162375,65,362815
37514,84162537,65,362815
37515,84162573,65,362815
37516,84162735,65,362815
37517,84162753,65,362815
37518,84163257,65,362815
37519,84163275,65,362815
37520,84163527,65,362815
37521,84163572,65,362815
37522,84163725,65,362815
37523,84163752,65,362815
37524,84165237,65,362815
37525,84165273,65,362815
37526,84165327,65,362815
37527,84165372,65,362815
37528,84165723,65,362815
37529,84165732,65,362815
37530,84167235,65,362815
37531,84167253,65,362815
37532,84167325,65,362815
37533,84167352,65,362815
37534,84167523,65,362815
37535,84167532,65,362815
37536,84172356,65,362815
37537,84172365,65,362815
37538,84172536,65,362815
37539,84172563,65,362815
37540,84172635,65,362815
37541,84172653,65,362815
37542,84173256,65,362815
37543,84173265,65,362815
37544,84173526,65,362815
37545,84173562,65,362815
37546,84173625,65,362815
37547,84173652,65,362815
37548,84175236,65,362815
37549,84175263,65,362815
37550,84175326,65,362815
37551,84175362,65,362815
37552,84175623,65,362815
37553,84175632,65,362815
37554,84176235,65,362815
37555,84176253,65,362815
37556,84176325,65,362815
37557,84176352,65,362815
37558,84176523,65,362815
37559,84176532,65,362815
37560,84213567,65,362815
37561,84213576,65,362815
37562,84213657,65,362815
37563,84213675,65,362815
37564,84213756,65,362815
37565,84213765,65,362815
37566,84215367,65,362815
37567,84215376,65,362815
37568,84215637,65,362815
37569,84215673,65,362815
37570,84215736,65,362815
37571,84215763,65,362815
37572,84216357,65,362815
37573,84216375,65,362815
37574,84216537,65,362815
37575,84216573,65,362815
37576,84216735,65,362815
37577,84216753,65,362815
37578,84217356,65,362815
37579,84217365,65,362815
37580,84217536,65,362815
37581,84217563,65,362815
37582,84217635,65,362815
37583,84217653,65,362815
37584,84231567,65,362815
37585,84231576,65,362815
37586,84231657,65,362815
37587,84231675,65,362815
37588,84231756,65,362815
37589,84231765,65,362815
37590,84235167,65,362815
37591,84235176,65,362815
37592,84235617,65,362815
37593,84235671,65,362815
37594,84235716,65,362815
37595,84235761,65,362815
37596,84236157,65,362815
37597,84236175,65,362815
37598,84236517,65,362815
37599,84236571,65,362815
37600,84236715,65,362815
37601,84236751,65,362815
37602,84237156,65,362815
37603,84237165,65,362815
37604,84237516,65,362815
37605,84237561,65,362815
37606,84237615,65,362815
37607,84237651,65,362815
37608,84251367,65,362815
37609,84251376,65,362815
37610,84251637,65,362815
37611,84251673,65,362815
37612,84251736,65,362815
37613,84251763,65,362815
37614,84253167,65,362815
37615,84253176,65,362815
37616,84253617,65,362815
37617,84253671,65,362815
37618,84253716,65,362815
37619,84253761,65,362815
37620,84256137,65,362815
37621,84256173,65,362815
37622,84256317,65,362815
37623,84256371,65,362815
37624,84256713,65,362815
37625,84256731,65,362815
37626,84257136,65,362815
37627,84257163,65,362815
37628,84257316,65,362815
37629,84257361,65,362815
37630,84257613,65,362815
37631,84257631,65,362815
37632,84261357,65,362815
37633,84261375,65,362815
37634,84261537,65,362815
37635,84261573,65,362815
37636,84261735,65,362815
37637,84261753,65,362815
37638,84263157,65,362815
37639,84263175,65,362815
37640,84263517,65,362815
37641,84263571,65,362815
37642,84263715,65,362815
37643,84263751,65,362815
37644,84265137,65,362815
37645,84265173,65,362815
37646,84265317,65,362815
37647,84265371,65,362815
37648,84265713,65,362815
37649,84265731,65,362815
37650,84267135,65,362815
37651,84267153,65,362815
37652,84267315,65,362815
37653,84267351,65,362815
37654,84267513,65,362815
37655,84267531,65,362815
37656,84271356,65,362815
37657,84271365,65,362815
37658,84271536,65,362815
37659,84271563,65,362815
37660,84271635,65,362815
37661,84271653,65,362815
37662,84273156,65,362815
37663,84273165,65,362815
37664,84273516,65,362815
37665,84273561,65,362815
37666,84273615,65,362815
37667,84273651,65,362815
37668,84275136,65,362815
37669,84275163,65,362815
37670,84275316,65,362815
37671,84275361,65,362815
37672,84275613,65,362815
37673,84275631,65,362815
37674,84276135,65,362815
37675,84276153,65,362815
37676,84276315,65,362815
37677,84276351,65,362815
37678,84276513,65,362815
37679,84276531,65,362815
37680,84312567,65,362815
37681,84312576,65,362815
37682,84312657,65,362815
37683,84312675,65,362815
37684,84312756,65,362815
37685,84312765,65,362815
37686,84315267,65,362815
37687,84315276,65,362815
37688,84315627,65,362815
37689,84315672,65,362815
37690,84315726,65,362815
37691,84315762,65,362815
37692,84316257,65,362815
37693,84316275,65,362815
37694,84316527,65,362815
37695,84316572,65,362815
37696,84316725,65,362815
37697,84316752,65,362815
37698,84317256,65,362815
37699,84317265,65,362815
37700,84317526,65,362815
37701,84317562,65,362815
37702,84317625,65,362815
37703,84317652,65,362815
37704,84321567,65,362815
37705,84321576,65,362815
37706,84321657,65,362815
37707,84321675,65,362815
37708,84321756,65,362815
37709,84321765,65,362815
37710,84325167,65,362815
37711,84325176,65,362815
37712,84325617,65,362815
37713,84325671,65,362815
37714,84325716,65,362815
37715,84325761,65,362815
37716,84326157,65,362815
37717,84326175,65,362815
37718,84326517,65,362815
37719,84326571,65,362815
37720,84326715,65,362815
37721,84326751,65,362815
37722,84327156,65,362815
37723,84327165,65,362815
37724,84327516,65,362815
37725,84327561,65,362815
37726,84327615,65,362815
37727,84327651,65,362815
37728,84351267,65,362815
37729,84351276,65,362815
37730,84351627,65,362815
37731,84351672,65,362815
37732,84351726,65,362815
37733,84351762,65,362815
37734,84352167,65,362815
37735,84352176,65,362815
37736,84352617,65,362815
37737,84352671,65,362815
37738,84352716,65,362815
37739,84352761,65,362815
37740,84356127,65,362815
37741,84356172,65,362815
37742,84356217,65,362815
37743,84356271,65,362815
37744,84356712,65,362815
37745,84356721,65,362815
37746,84357126,65,362815
37747,84357162,65,362815
37748,84357216,65,362815
37749,84357261,65,362815
37750,84357612,65,362815
37751,84357621,65,362815
37752,84361257,65,362815
37753,84361275,65,362815
37754,84361527,65,362815
37755,84361572,65,362815
37756,84361725,65,362815
37757,84361752,65,362815
37758,84362157,65,362815
37759,84362175,65,362815
37760,84362517,65,362815
37761,84362571,65,362815
37762,84362715,65,362815
37763,84362751,65,362815
37764,84365127,65,362815
37765,84365172,65,362815
37766,84365217,65,362815
37767,84365271,65,362815
37768,84365712,65,362815
37769,84365721,65,362815
37770,84367125,65,362815
37771,84367152,65,362815
37772,84367215,65,362815
37773,84367251,65,362815
37774,84367512,65,362815
37775,84367521,65,362815
37776,84371256,65,362815
37777,84371265,65,362815
37778,84371526,65,362815
37779,84371562,65,362815
37780,84371625,65,362815
37781,84371652,65,362815
37782,84372156,65,362815
37783,84372165,65,362815
37784,84372516,65,362815
37785,84372561,65,362815
37786,84372615,65,362815
37787,84372651,65,362815
37788,84375126,65,362815
37789,84375162,65,362815
37790,84375216,65,362815
37791,84375261,65,362815
37792,84375612,65,362815
37793,84375621,65,362815
37794,84376125,65,362815
37795,84376152,65,362815
37796,84376215,65,362815
37797,84376251,65,362815
37798,84376512,65,362815
37799,84376521,65,362815
37800,84512367,65,362815
37801,84512376,65,362815
37802,84512637,65,362815
37803,84512673,65,362815
37804,84512736,65,362815
37805,84512763,65,362815
37806,84513267,65,362815
37807,84513276,65,362815
37808,84513627,65,362815
37809,84513672,65,362815
37810,84513726,65,362815
37811,84513762,65,362815
37812,84516237,65,362815
37813,84516273,65,362815
37814,84516327,65,362815
37815,84516372,65,362815
37816,84516723,65,362815
37817,84516732,65,362815
37818,84517236,65,362815
37819,84517263,65,362815
37820,84517326,65,362815
37821,84517362,65,362815
37822,84517623,65,362815
37823,84517632,65,362815
37824,84521367,65,362815
37825,84521376,65,362815
37826,84521637,65,362815
37827,84521673,65,362815
37828,84521736,65,362815
37829,84521763,65,362815
37830,84523167,65,362815
37831,84523176,65,362815
37832,84523617,65,362815
37833,84523671,65,362815
37834,84523716,65,362815
37835,84523761,65,362815
37836,84526137,65,362815
37837,84526173,65,362815
37838,84526317,65,362815
37839,84526371,65,362815
37840,84526713,65,362815
37841,84526731,65,362815
37842,84527136,65,362815
37843,84527163,65,362815
37844,84527316,65,362815
37845,84527361,65,362815
37846,84527613,65,362815
37847,84527631,65,362815
37848,84531267,65,362815
37849,84531276,65,362815
37850,84531627,65,362815
37851,84531672,65,362815
37852,84531726,65,362815
37853,84531762,65,362815
37854,84532167,65,362815
37855,84532176,65,362815
37856,84532617,65,362815
37857,84532671,65,362815
37858,84532716,65,362815
37859,84532761,65,362815
37860,84536127,65,362815
37861,84536172,65,362815
37862,84536217,65,362815
37863,84536271,65,362815
37864,84536712,65,362815
37865,84536721,65,362815
37866,84537126,65,362815
37867,84537162,65,362815
37868,84537216,65,362815
37869,84537261,65,362815
37870,84537612,65,362815
37871,84537621,65,362815
37872,84561237,65,362815
37873,84561273,65,362815
37874,84561327,65,362815
37875,84561372,65,362815
37876,84561723,65,362815
37877,84561732,65,362815
37878,84562137,65,362815
37879,84562173,65,362815
37880,84562317,65,362815
37881,84562371,65,362815
37882,84562713,65,362815
37883,84562731,65,362815
37884,84563127,65,362815
37885,84563172,65,362815
37886,84563217,65,362815
37887,84563271,65,362815
37888,84563712,65,362815
37889,84563721,65,362815
37890,84567123,65,362815
37891,84567132,65,362815
37892,84567213,65,362815
37893,84567231,65,362815
37894,84567312,65,362815
37895,84567321,65,362815
37896,84571236,65,362815
37897,84571263,65,362815
37898,84571326,65,362815
37899,84571362,65,362815
37900,84571623,65,362815
37901,84571632,65,362815
37902,84572136,65,362815
37903,84572163,65,362815
37904,84572316,65,362815
37905,84572361,65,362815
37906,84572613,65,362815
37907,84572631,65,362815
37908,84573126,65,362815
37909,84573162,65,362815
37910,84573216,65,362815
37911,84573261,65,362815
37912,84573612,65,362815
37913,84573621,65,362815
37914,84576123,65,362815
37915,84576132,65,362815
37916,84576213,65,362815
37917,84576231,65,362815
37918,84576312,65,362815
37919,84576321,65,362815
37920,84612357,65,362815
37921,84612375,65,362815
37922,84612537,65,362815
37923,84612573,65,362815
37924,84612735,65,362815
37925,84612753,65,362815
37926,84613257,65,362815
37927,84613275,65,362815
37928,84613527,65,362815
37929,84613572,65,362815
37930,84613725,65,362815
37931,84613752,65,362815
37932,84615237,65,362815
37933,84615273,65,362815
37934,84615327,65,362815
37935,84615372,65,362815
37936,84615723,65,362815
37937,84615732,65,362815
37938,84617235,65,362815
37939,84617253,65,362815
37940,84617325,65,362815
37941,84617352,65,362815
37942,84617523,65,362815
37943,84617532,65,362815
37944,84621357,65,362815
37945,84621375,65,362815
37946,84621537,65,362815
37947,84621573,65,362815
37948,84621735,65,362815
37949,84621753,65,362815
37950,84623157,65,362815
37951,84623175,65,362815
37952,84623517,65,362815
37953,84623571,65,362815
37954,84623715,65,362815
37955,84623751,65,362815
37956,84625137,65,362815
37957,84625173,65,362815
37958,84625317,65,362815
37959,84625371,65,362815
37960,84625713,65,362815
37961,84625731,65,362815
37962,84627135,65,362815
37963,84627153,65,362815
37964,84627315,65,362815
37965,84627351,65,362815
37966,84627513,65,362815
37967,84627531,65,362815
37968,84631257,65,362815
37969,84631275,65,362815
37970,84631527,65,362815
37971,84631572,65,362815
37972,84631725,65,362815
37973,84631752,65,362815
37974,84632157,65,362815
37975,84632175,65,362815
37976,84632517,65,362815
37977,84632571,65,362815
37978,84632715,65,362815
37979,84632751,65,362815
37980,84635127,65,362815
37981,84635172,65,362815
37982,84635217,65,362815
37983,84635271,65,362815
37984,84635712,65,362815
37985,84635721,65,362815
37986,84637125,65,362815
37987,84637152,65,362815
37988,84637215,65,362815
37989,84637251,65,362815
37990,84637512,65,362815
37991,84637521,65,362815
37992,84651237,65,362815
37993,84651273,65,362815
37994,84651327,65,362815
37995,84651372,65,362815
37996,84651723,65,362815
37997,84651732,65,362815
37998,84652137,65,362815
37999,84652173,65,362815
38000,84652317,65,362815
38001,84652371,65,362815
38002,84652713,65,362815
38003,84652731,65,362815
38004,84653127,65,362815
38005,84653172,65,362815
38006,84653217,65,362815
38007,84653271,65,362815
38008,84653712,65,362815
38009,84653721,65,362815
38010,84657123,65,362815
38011,84657132,65,362815
38012,84657213,65,362815
38013,84657231,65,362815
38014,84657312,65,362815
38015,84657321,65,362815
38016,84671235,65,362815
38017,84671253,65,362815
38018,84671325,65,362815
38019,84671352,65,362815
38020,84671523,65,362815
38021,84671532,65,362815
38022,84672135,65,362815
38023,84672153,65,362815
38024,84672315,65,362815
38025,84672351,65,362815
38026,84672513,65,362815
38027,84672531,65,362815
38028,84673125,65,362815
38029,84673152,65,362815
38030,84673215,65,362815
38031,84673251,65,362815
38032,84673512,65,362815
38033,84673521,65,362815
38034,84675123,65,362815
38035,84675132,65,362815
38036,84675213,65,362815
38037,84675231,65,362815
38038,84675312,65,362815
38039,84675321,65,362815
38040,84712356,65,362815
38041,84712365,65,362815
38042,84712536,65,362815
38043,84712563,65,362815
38044,84712635,65,362815
38045,84712653,65,362815
38046,84713256,65,362815
38047,84713265,65,362815
38048,84713526,65,362815
38049,84713562,65,362815
38050,84713625,65,362815
38051,84713652,65,362815
38052,84715236,65,362815
38053,84715263,65,362815
38054,84715326,65,362815
38055,84715362,65,362815
38056,84715623,65,362815
38057,84715632,65,362815
38058,84716235,65,362815
38059,84716253,65,362815
38060,84716325,65,362815
38061,84716352,65,362815
38062,84716523,65,362815
38063,84716532,65,362815
38064,84721356,65,362815
38065,84721365,65,362815
38066,84721536,65,362815
38067,84721563,65,362815
38068,84721635,65,362815
38069,84721653,65,362815
38070,84723156,65,362815
38071,84723165,65,362815
38072,84723516,65,362815
38073,84723561,65,362815
38074,84723615,65,362815
38075,84723651,65,362815
38076,84725136,65,362815
38077,84725163,65,362815
38078,84725316,65,362815
38079,84725361,65,362815
38080,84725613,65,362815
38081,84725631,65,362815
38082,84726135,65,362815
38083,84726153,65,362815
38084,84726315,65,362815
38085,84726351,65,362815
38086,84726513,65,362815
38087,84726531,65,362815
38088,84731256,65,362815
38089,84731265,65,362815
38090,84731526,65,362815
38091,84731562,65,362815
38092,84731625,65,362815
38093,84731652,65,362815
38094,84732156,65,362815
38095,84732165,65,362815
38096,84732516,65,362815
38097,84732561,65,362815
38098,84732615,65,362815
38099,84732651,65,362815
38100,84735126,65,362815
38101,84735162,65,362815
38102,84735216,65,362815
38103,84735261,65,362815
38104,84735612,65,362815
38105,84735621,65,362815
38106,84736125,65,362815
38107,84736152,65,362815
38108,84736215,65,362815
38109,84736251,65,362815
38110,84736512,65,362815
38111,84736521,65,362815
38112,84751236,65,362815
38113,84751263,65,362815
38114,84751326,65,362815
38115,84751362,65,362815
38116,84751623,65,362815
38117,84751632,65,362815
38118,84752136,65,362815
38119,84752163,65,362815
38120,84752316,65,362815
38121,84752361,65,362815
38122,84752613,65,362815
38123,84752631,65,362815
38124,84753126,65,362815
38125,84753162,65,362815
38126,84753216,65,362815
38127,84753261,65,362815
38128,84753612,65,362815
38129,84753621,65,362815
38130,84756123,65,362815
38131,84756132,65,362815
38132,84756213,65,362815
38133,84756231,65,362815
38134,84756312,65,362815
38135,84756321,65,362815
38136,84761235,65,362815
38137,84761253,65,362815
38138,84761325,65,362815
38139,84761352,65,362815
38140,84761523,65,362815
38141,84761532,65,362815
38142,84762135,65,362815
38143,84762153,65,362815
38144,84762315,65,362815
38145,84762351,65,362815
38146,84762513,65,362815
38147,84762531,65,362815
38148,84763125,65,362815
38149,84763152,65,362815
38150,84763215,65,362815
38151,84763251,65,362815
38152,84763512,65,362815
38153,84763521,65,362815
38154,84765123,65,362815
38155,84765132,65,362815
38156,84765213,65,362815
38157,84765231,65,362815
38158,84765312,65,362815
38159,84765321,65,362815
38160,85123467,65,362815
38161,85123476,65,362815
38162,85123647,65,362815
38163,85123674,65,362815
38164,85123746,65,362815
38165,85123764,65,362815
38166,85124367,65,362815
38167,85124376,65,362815
38168,85124637,65,362815
38169,85124673,65,362815
38170,85124736,65,362815
38171,85124763,65,362815
38172,85126347,65,362815
38173,85126374,65,362815
38174,85126437,65,362815
38175,85126473,65,362815
38176,85126734,65,362815
38177,85126743,65,362815
38178,85127346,65,362815
38179,85127364,65,362815
38180,85127436,65,362815
38181,85127463,65,362815
38182,85127634,65,362815
38183,85127643,65,362815
38184,85132467,65,362815
38185,85132476,65,362815
38186,85132647,65,362815
38187,85132674,65,362815
38188,85132746,65,362815
38189,85132764,65,362815
38190,85134267,65,362815
38191,85134276,65,362815
38192,85134627,65,362815
38193,85134672,65,362815
38194,85134726,65,362815
38195,85134762,65,362815
38196,85136247,65,362815
38197,85136274,65,362815
38198,85136427,65,362815
38199,85136472,65,362815
38200,85136724,65,362815
38201,85136742,65,362815
38202,85137246,65,362815
38203,85137264,65,362815
38204,85137426,65,362815
38205,85137462,65,362815
38206,85137624,65,362815
38207,85137642,65,362815
38208,85142367,65,362815
38209,85142376,65,362815
38210,85142637,65,362815
38211,85142673,65,362815
38212,85142736,65,362815
38213,85142763,65,362815
38214,85143267,65,362815
38215,85143276,65,362815
38216,85143627,65,362815
38217,85143672,65,362815
38218,85143726,65,362815
38219,85143762,65,362815
38220,85146237,65,362815
38221,85146273,65,362815
38222,85146327,65,362815
38223,85146372,65,362815
38224,85146723,65,362815
38225,85146732,65,362815
38226,85147236,65,362815
38227,85147263,65,362815
38228,85147326,65,362815
38229,85147362,65,362815
38230,85147623,65,362815
38231,85147632,65,362815
38232,85162347,65,362815
38233,85162374,65,362815
38234,85162437,65,362815
38235,85162473,65,362815
38236,85162734,65,362815
38237,85162743,65,362815
38238,85163247,65,362815
38239,85163274,65,362815
38240,85163427,65,362815
38241,85163472,65,362815
38242,85163724,65,362815
38243,85163742,65,362815
38244,85164237,65,362815
38245,85164273,65,362815
38246,85164327,65,362815
38247,85164372,65,362815
38248,85164723,65,362815
38249,85164732,65,362815
38250,85167234,65,362815
38251,85167243,65,362815
38252,85167324,65,362815
38253,85167342,65,362815
38254,85167423,65,362815
38255,85167432,65,362815
38256,85172346,65,362815
38257,85172364,65,362815
38258,85172436,65,362815
38259,85172463,65,362815
38260,85172634,65,362815
38261,85172643,65,362815
38262,85173246,65,362815
38263,85173264,65,362815
38264,85173426,65,362815
38265,85173462,65,362815
38266,85173624,65,362815
38267,85173642,65,362815
38268,85174236,65,362815
38269,85174263,65,362815
38270,85174326,65,362815
38271,85174362,65,362815
38272,85174623,65,362815
38273,85174632,65,362815
38274,85176234,65,362815
38275,85176243,65,362815
38276,85176324,65,362815
38277,85176342,65,362815
38278,85176423,65,362815
38279,85176432,65,362815
38280,85213467,65,362815
38281,85213476,65,362815
38282,85213647,65,362815
38283,85213674,65,362815
38284,85213746,65,362815
38285,85213764,65,362815
38286,85214367,65,362815
38287,85214376,65,362815
38288,85214637,65,362815
38289,85214673,65,362815
38290,85214736,65,362815
38291,85214763,65,362815
38292,85216347,65,362815
38293,85216374,65,362815
38294,85216437,65,362815
38295,85216473,65,362815
38296,85216734,65,362815
38297,85216743,65,362815
38298,85217346,65,362815
38299,85217364,65,362815
38300,85217436,65,362815
38301,85217463,65,362815
38302,85217634,65,362815
38303,85217643,65,362815
38304,85231467,65,362815
38305,85231476,65,362815
38306,85231647,65,362815
38307,85231674,65,362815
38308,85231746,65,362815
38309,85231764,65,362815
38310,85234167,65,362815
38311,85234176,65,362815
38312,85234617,65,362815
38313,85234671,65,362815
38314,85234716,65,362815
38315,85234761,65,362815
38316,85236147,65,362815
38317,85236174,65,362815
38318,85236417,65,362815
38319,85236471,65,362815
38320,85236714,65,362815
38321,85236741,65,362815
38322,85237146,65,362815
38323,85237164,65,362815
38324,85237416,65,362815
38325,85237461,65,362815
38326,85237614,65,362815
38327,85237641,65,362815
38328,85241367,65,362815
38329,85241376,65,362815
38330,85241637,65,362815
38331,85241673,65,362815
38332,85241736,65,362815
38333,85241763,65,362815
38334,85243167,65,362815
38335,85243176,65,362815
38336,85243617,65,362815
38337,85243671,65,362815
38338,85243716,65,362815
38339,85243761,65,362815
38340,85246137,65,362815
38341,85246173,65,362815
38342,85246317,65,362815
38343,85246371,65,362815
38344,85246713,65,362815
38345,85246731,65,362815
38346,85247136,65,362815
38347,85247163,65,362815
38348,85247316,65,362815
38349,85247361,65,362815
38350,85247613,65,362815
38351,85247631,65,362815
38352,85261347,65,362815
38353,85261374,65,362815
38354,85261437,65,362815
38355,85261473,65,362815
38356,85261734,65,362815
38357,85261743,65,362815
38358,85263147,65,362815
38359,85263174,65,362815
38360,85263417,65,362815
38361,85263471,65,362815
38362,85263714,65,362815
38363,85263741,65,362815
38364,85264137,65,362815
38365,85264173,65,362815
38366,85264317,65,362815
38367,85264371,65,362815
38368,85264713,65,362815
38369,85264731,65,362815
38370,85267134,65,362815
38371,85267143,65,362815
38372,85267314,65,362815
38373,85267341,65,362815
38374,85267413,65,362815
38375,85267431,65,362815
38376,85271346,65,362815
38377,85271364,65,362815
38378,85271436,65,362815
38379,85271463,65,362815
38380,85271634,65,362815
38381,85271643,65,362815
38382,85273146,65,362815
38383,85273164,65,362815
38384,85273416,65,362815
38385,85273461,65,362815
38386,85273614,65,362815
38387,85273641,65,362815
38388,85274136,65,362815
38389,85274163,65,362815
38390,85274316,65,362815
38391,85274361,65,362815
38392,85274613,65,362815
38393,85274631,65,362815
38394,85276134,65,362815
38395,85276143,65,362815
38396,85276314,65,362815
38397,85276341,65,362815
38398,85276413,65,362815
38399,85276431,65,362815
38400,85312467,65,362815
38401,85312476,65,362815
38402,85312647,65,362815
38403,85312674,65,362815
38404,85312746,65,362815
38405,85312764,65,362815
38406,85314267,65,362815
38407,85314276,65,362815
38408,85314627,65,362815
38409,85314672,65,362815
38410,85314726,65,362815
38411,85314762,65,362815
38412,85316247,65,362815
38413,85316274,65,362815
38414,85316427,65,362815
38415,85316472,65,362815
38416,85316724,65,362815
38417,85316742,65,362815
38418,85317246,65,362815
38419,85317264,65,362815
38420,85317426,65,362815
38421,85317462,65,362815
38422,85317624,65,362815
38423,85317642,65,362815
38424,85321467,65,362815
38425,85321476,65,362815
38426,85321647,65,362815
38427,85321674,65,362815
38428,85321746,65,362815
38429,85321764,65,362815
38430,85324167,65,362815
38431,85324176,65,362815
38432,85324617,65,362815
38433,85324671,65,362815
38434,85324716,65,362815
38435,85324761,65,362815
38436,85326147,65,362815
38437,85326174,65,362815
38438,85326417,65,362815
38439,85326471,65,362815
38440,85326714,65,362815
38441,85326741,65,362815
38442,85327146,65,362815
38443,85327164,65,362815
38444,85327416,65,362815
38445,85327461,65,362815
38446,85327614,65,362815
38447,85327641,65,362815
38448,85341267,65,362815
38449,85341276,65,362815
38450,85341627,65,362815
38451,85341672,65,362815
38452,85341726,65,362815
38453,85341762,65,362815
38454,85342167,65,362815
38455,85342176,65,362815
38456,85342617,65,362815
38457,85342671,65,362815
38458,85342716,65,362815
38459,85342761,65,362815
38460,85346127,65,362815
38461,85346172,65,362815
38462,85346217,65,362815
38463,85346271,65,362815
38464,85346712,65,362815
38465,85346721,65,362815
38466,85347126,65,362815
38467,85347162,65,362815
38468,85347216,65,362815
38469,85347261,65,362815
38470,85347612,65,362815
38471,85347621,65,362815
38472,85361247,65,362815
38473,85361274,65,362815
38474,85361427,65,362815
38475,85361472,65,362815
38476,85361724,65,362815
38477,85361742,65,362815
38478,85362147,65,362815
38479,85362174,65,362815
38480,85362417,65,362815
38481,85362471,65,362815
38482,85362714,65,362815
38483,85362741,65,362815
38484,85364127,65,362815
38485,85364172,65,362815
38486,85364217,65,362815
38487,85364271,65,362815
38488,85364712,65,362815
38489,85364721,65,362815
38490,85367124,65,362815
38491,85367142,65,362815
38492,85367214,65,362815
38493,85367241,65,362815
38494,85367412,65,362815
38495,85367421,65,362815
38496,85371246,65,362815
38497,85371264,65,362815
38498,85371426,65,362815
38499,85371462,65,362815
38500,85371624,65,362815
38501,85371642,65,362815
38502,85372146,65,362815
38503,85372164,65,362815
38504,85372416,65,362815
38505,85372461,65,362815
38506,85372614,65,362815
38507,85372641,65,362815
38508,85374126,65,362815
38509,85374162,65,362815
38510,85374216,65,362815
38511,85374261,65,362815
38512,85374612,65,362815
38513,85374621,65,362815
38514,85376124,65,362815
38515,85376142,65,362815
38516,85376214,65,362815
38517,85376241,65,362815
38518,85376412,65,362815
38519,85376421,65,362815
38520,85412367,65,362815
38521,85412376,65,362815
38522,85412637,65,362815
38523,85412673,65,362815
38524,85412736,65,362815
38525,85412763,65,362815
38526,85413267,65,362815
38527,85413276,65,362815
38528,85413627,65,362815
38529,85413672,65,362815
38530,85413726,65,362815
38531,85413762,65,362815
38532,85416237,65,362815
38533,85416273,65,362815
38534,85416327,65,362815
38535,85416372,65,362815
38536,85416723,65,362815
38537,85416732,65,362815
38538,85417236,65,362815
38539,85417263,65,362815
38540,85417326,65,362815
38541,85417362,65,362815
38542,85417623,65,362815
38543,85417632,65,362815
38544,85421367,65,362815
38545,85421376,65,362815
38546,85421637,65,362815
38547,85421673,65,362815
38548,85421736,65,362815
38549,85421763,65,362815
38550,85423167,65,362815
38551,85423176,65,362815
38552,85423617,65,362815
38553,85423671,65,362815
38554,85423716,65,362815
38555,85423761,65,362815
38556,85426137,65,362815
38557,85426173,65,362815
38558,85426317,65,362815
38559,85426371,65,362815
38560,85426713,65,362815
38561,85426731,65,362815
38562,85427136,65,362815
38563,85427163,65,362815
38564,85427316,65,362815
38565,85427361,65,362815
38566,85427613,65,362815
38567,85427631,65,362815
38568,85431267,65,362815
38569,85431276,65,362815
38570,85431627,65,362815
38571,85431672,65,362815
38572,85431726,65,362815
38573,85431762,65,362815
38574,85432167,65,362815
38575,85432176,65,362815
38576,85432617,65,362815
38577,85432671,65,362815
38578,85432716,65,362815
38579,85432761,65,362815
38580,85436127,65,362815
38581,85436172,65,362815
38582,85436217,65,362815
38583,85436271,65,362815
38584,85436712,65,362815
38585,85436721,65,362815
38586,85437126,65,362815
38587,85437162,65,362815
38588,85437216,65,362815
38589,85437261,65,362815
38590,85437612,65,362815
38591,85437621,65,362815
38592,85461237,65,362815
38593,85461273,65,362815
38594,85461327,65,362815
38595,85461372,65,362815
38596,85461723,65,362815
38597,85461732,65,362815
38598,85462137,65,362815
38599,85462173,65,362815
38600,85462317,65,362815
38601,85462371,65,362815
38602,85462713,65,362815
38603,85462731,65,362815
38604,85463127,65,362815
38605,85463172,65,362815
38606,85463217,65,362815
38607,85463271,65,362815
38608,85463712,65,362815
38609,85463721,65,362815
38610,85467123,65,362815
38611,85467132,65,362815
38612,85467213,65,362815
38613,85467231,65,362815
38614,85467312,65,362815
38615,85467321,65,362815
38616,85471236,65,362815
38617,85471263,65,362815
38618,85471326,65,362815
38619,85471362,65,362815
38620,85471623,65,362815
38621,85471632,65,362815
38622,85472136,65,362815
38623,85472163,65,362815
38624,85472316,65,362815
38625,85472361,65,362815
38626,85472613,65,362815
38627,85472631,65,362815
38628,85473126,65,362815
38629,85473162,65,362815
38630,85473216,65,362815
38631,85473261,65,362815
38632,85473612,65,362815
38633,85473621,65,362815
38634,85476123,65,362815
38635,85476132,65,362815
38636,85476213,65,362815
38637,85476231,65,362815
38638,85476312,65,362815
38639,85476321,65,362815
38640,85612347,65,362815
38641,85612374,65,362815
38642,85612437,65,362815
38643,85612473,65,362815
38644,85612734,65,362815
38645,85612743,65,362815
38646,85613247,65,362815
38647,85613274,65,362815
38648,85613427,65,362815
38649,85613472,65,362815
38650,85613724,65,362815
38651,85613742,65,362815
38652,85614237,65,362815
38653,85614273,65,362815
38654,85614327,65,362815
38655,85614372,65,362815
38656,85614723,65,362815
38657,85614732,65,362815
38658,85617234,65,362815
38659,85617243,65,362815
38660,85617324,65,362815
38661,85617342,65,362815
38662,85617423,65,362815
38663,85617432,65,362815
38664,85621347,65,362815
38665,85621374,65,362815
38666,85621437,65,362815
38667,85621473,65,362815
38668,85621734,65,362815
38669,85621743,65,362815
38670,85623147,65,362815
38671,85623174,65,362815
38672,85623417,65,362815
38673,85623471,65,362815
38674,85623714,65,362815
38675,85623741,65,362815
38676,85624137,65,362815
38677,85624173,65,362815
38678,85624317,65,362815
38679,85624371,65,362815
38680,85624713,65,362815
38681,85624731,65,362815
38682,85627134,65,362815
38683,85627143,65,362815
38684,85627314,65,362815
38685,85627341,65,362815
38686,85627413,65,362815
38687,85627431,65,362815
38688,85631247,65,362815
38689,85631274,65,362815
38690,85631427,65,362815
38691,85631472,65,362815
38692,85631724,65,362815
38693,85631742,65,362815
38694,85632147,65,362815
38695,85632174,65,362815
38696,85632417,65,362815
38697,85632471,65,362815
38698,85632714,65,362815
38699,85632741,65,362815
38700,85634127,65,362815
38701,85634172,65,362815
38702,85634217,65,362815
38703,85634271,65,362815
38704,85634712,65,362815
38705,85634721,65,362815
38706,85637124,65,362815
38707,85637142,65,362815
38708,85637214,65,362815
38709,85637241,65,362815
38710,85637412,65,362815
38711,85637421,65,362815
38712,85641237,65,362815
38713,85641273,65,362815
38714,85641327,65,362815
38715,85641372,65,362815
38716,85641723,65,362815
38717,85641732,65,362815
38718,85642137,65,362815
38719,85642173,65,362815
38720,85642317,65,362815
38721,85642371,65,362815
38722,85642713,65,362815
38723,85642731,65,362815
38724,85643127,65,362815
38725,85643172,65,362815
38726,85643217,65,362815
38727,85643271,65,362815
38728,85643712,65,362815
38729,85643721,65,362815
38730,85647123,65,362815
38731,85647132,65,362815
38732,85647213,65,362815
38733,85647231,65,362815
38734,85647312,65,362815
38735,85647321,65,362815
38736,85671234,65,362815
38737,85671243,65,362815
38738,85671324,65,362815
38739,85671342,65,362815
38740,85671423,65,362815
38741,85671432,65,362815
38742,85672134,65,362815
38743,85672143,65,362815
38744,85672314,65,362815
38745,85672341,65,362815
38746,85672413,65,362815
38747,85672431,65,362815
38748,85673124,65,362815
38749,85673142,65,362815
38750,85673214,65,362815
38751,85673241,65,362815
38752,85673412,65,362815
38753,85673421,65,362815
38754,85674123,65,362815
38755,85674132,65,362815
38756,85674213,65,362815
38757,85674231,65,362815
38758,85674312,65,362815
38759,85674321,65,362815
38760,85712346,65,362815
38761,85712364,65,362815
38762,85712436,65,362815
38763,85712463,65,362815
38764,85712634,65,362815
38765,85712643,65,362815
38766,85713246,65,362815
38767,85713264,65,362815
38768,85713426,65,362815
38769,85713462,65,362815
38770,85713624,65,362815
38771,85713642,65,362815
38772,85714236,65,362815
38773,85714263,65,362815
38774,85714326,65,362815
38775,85714362,65,362815
38776,85714623,65,362815
38777,85714632,65,362815
38778,85716234,65,362815
38779,85716243,65,362815
38780,85716324,65,362815
38781,85716342,65,362815
38782,85716423,65,362815
38783,85716432,65,362815
38784,85721346,65,362815
38785,85721364,65,362815
38786,85721436,65,362815
38787,85721463,65,362815
38788,85721634,65,362815
38789,85721643,65,362815
38790,85723146,65,362815
38791,85723164,65,362815
38792,85723416,65,362815
38793,85723461,65,362815
38794,85723614,65,362815
38795,85723641,65,362815
38796,85724136,65,362815
38797,85724163,65,362815
38798,85724316,65,362815
38799,85724361,65,362815
38800,85724613,65,362815
38801,85724631,65,362815
38802,85726134,65,362815
38803,85726143,65,362815
38804,85726314,65,362815
38805,85726341,65,362815
38806,85726413,65,362815
38807,85726431,65,362815
38808,85731246,65,362815
38809,85731264,65,362815
38810,85731426,65,362815
38811,85731462,65,362815
38812,85731624,65,362815
38813,85731642,65,362815
38814,85732146,65,362815
38815,85732164,65,362815
38816,85732416,65,362815
38817,85732461,65,362815
38818,85732614,65,362815
38819,85732641,65,362815
38820,85734126,65,362815
38821,85734162,65,362815
38822,85734216,65,362815
38823,85734261,65,362815
38824,85734612,65,362815
38825,85734621,65,362815
38826,85736124,65,362815
38827,85736142,65,362815
38828,85736214,65,362815
38829,85736241,65,362815
38830,85736412,65,362815
38831,85736421,65,362815
38832,85741236,65,362815
38833,85741263,65,362815
38834,85741326,65,362815
38835,85741362,65,362815
38836,85741623,65,362815
38837,85741632,65,362815
38838,85742136,65,362815
38839,85742163,65,362815
38840,85742316,65,362815
38841,85742361,65,362815
38842,85742613,65,362815
38843,85742631,65,362815
38844,85743126,65,362815
38845,85743162,65,362815
38846,85743216,65,362815
38847,85743261,65,362815
38848,85743612,65,362815
38849,85743621,65,362815
38850,85746123,65,362815
38851,85746132,65,362815
38852,85746213,65,362815
38853,85746231,65,362815
38854,85746312,65,362815
38855,85746321,65,362815
38856,85761234,65,362815
38857,85761243,65,362815
38858,85761324,65,362815
38859,85761342,65,362815
38860,85761423,65,362815
38861,85761432,65,362815
38862,85762134,65,362815
38863,85762143,65,362815
38864,85762314,65,362815
38865,85762341,65,362815
38866,85762413,65,362815
38867,85762431,65,362815
38868,85763124,65,362815
38869,85763142,65,362815
38870,85763214,65,362815
38871,85763241,65,362815
38872,85763412,65,362815
38873,85763421,65,362815
38874,85764123,65,362815
38875,85764132,65,362815
38876,85764213,65,362815
38877,85764231,65,362815
38878,85764312,65,362815
38879,85764321,65,362815
38880,86123457,65,362815
38881,86123475,65,362815
38882,86123547,65,362815
38883,86123574,65,362815
38884,86123745,65,362815
38885,86123754,65,362815
38886,86124357,65,362815
38887,86124375,65,362815
38888,86124537,65,362815
38889,86124573,65,362815
38890,86124735,65,362815
38891,86124753,65,362815
38892,86125347,65,362815
38893,86125374,65,362815
38894,86125437,65,362815
38895,86125473,65,362815
38896,86125734,65,362815
38897,86125743,65,362815
38898,86127345,65,362815
38899,86127354,65,362815
38900,86127435,65,362815
38901,86127453,65,362815
38902,86127534,65,362815
38903,86127543,65,362815
38904,86132457,65,362815
38905,86132475,65,362815
38906,86132547,65,362815
38907,86132574,65,362815
38908,86132745,65,362815
38909,86132754,65,362815
38910,86134257,65,362815
38911,86134275,65,362815
38912,86134527,65,362815
38913,86134572,65,362815
38914,86134725,65,362815
38915,86134752,65,362815
38916,86135247,65,362815
38917,86135274,65,362815
38918,86135427,65,362815
38919,86135472,65,362815
38920,86135724,65,362815
38921,86135742,65,362815
38922,86137245,65,362815
38923,86137254,65,362815
38924,86137425,65,362815
38925,86137452,65,362815
38926,86137524,65,362815
38927,86137542,65,362815
38928,86142357,65,362815
38929,86142375,65,362815
38930,86142537,65,362815
38931,86142573,65,362815
38932,86142735,65,362815
38933,86142753,65,362815
38934,86143257,65,362815
38935,86143275,65,362815
38936,86143527,65,362815
38937,86143572,65,362815
38938,86143725,65,362815
38939,86143752,65,362815
38940,86145237,65,362815
38941,86145273,65,362815
38942,86145327,65,362815
38943,86145372,65,362815
38944,86145723,65,362815
38945,86145732,65,362815
38946,86147235,65,362815
38947,86147253,65,362815
38948,86147325,65,362815
38949,86147352,65,362815
38950,86147523,65,362815
38951,86147532,65,362815
38952,86152347,65,362815
38953,86152374,65,362815
38954,86152437,65,362815
38955,86152473,65,362815
38956,86152734,65,362815
38957,86152743,65,362815
38958,86153247,65,362815
38959,86153274,65,362815
38960,86153427,65,362815
38961,86153472,65,362815
38962,86153724,65,362815
38963,86153742,65,362815
38964,86154237,65,362815
38965,86154273,65,362815
38966,86154327,65,362815
38967,86154372,65,362815
38968,86154723,65,362815
38969,86154732,65,362815
38970,86157234,65,362815
38971,86157243,65,362815
38972,86157324,65,362815
38973,86157342,65,362815
38974,86157423,65,362815
38975,86157432,65,362815
38976,86172345,65,362815
38977,86172354,65,362815
38978,86172435,65,362815
38979,86172453,65,362815
38980,86172534,65,362815
38981,86172543,65,362815
38982,86173245,65,362815
38983,86173254,65,362815
38984,86173425,65,362815
38985,86173452,65,362815
38986,86173524,65,362815
38987,86173542,65,362815
38988,86174235,65,362815
38989,86174253,65,362815
38990,86174325,65,362815
38991,86174352,65,362815
38992,86174523,65,362815
38993,86174532,65,362815
38994,86175234,65,362815
38995,86175243,65,362815
38996,86175324,65,362815
38997,86175342,65,362815
38998,86175423,65,362815
38999,86175432,65,362815
39000,86213457,65,362815
39001,86213475,65,362815
39002,86213547,65,362815
39003,86213574,65,362815
39004,86213745,65,362815
39005,86213754,65,362815
39006,86214357,65,362815
39007,86214375,65,362815
39008,86214537,65,362815
39009,86214573,65,362815
39010,86214735,65,362815
39011,86214753,65,362815
39012,86215347,65,362815
39013,86215374,65,362815
39014,86215437,65,362815
39015,86215473,65,362815
39016,86215734,65,362815
39017,86215743,65,362815
39018,86217345,65,362815
39019,86217354,65,362815
39020,86217435,65,362815
39021,86217453,65,362815
39022,86217534,65,362815
39023,86217543,65,362815
39024,86231457,65,362815
39025,86231475,65,362815
39026,86231547,65,362815
39027,86231574,65,362815
39028,86231745,65,362815
39029,86231754,65,362815
39030,86234157,65,362815
39031,86234175,65,362815
39032,86234517,65,362815
39033,86234571,65,362815
39034,86234715,65,362815
39035,86234751,65,362815
39036,86235147,65,362815
39037,86235174,65,362815
39038,86235417,65,362815
39039,86235471,65,362815
39040,86235714,65,362815
39041,86235741,65,362815
39042,86237145,65,362815
39043,86237154,65,362815
39044,86237415,65,362815
39045,86237451,65,362815
39046,86237514,65,362815
39047,86237541,65,362815
39048,86241357,65,362815
39049,86241375,65,362815
39050,86241537,65,362815
39051,86241573,65,362815
39052,86241735,65,362815
39053,86241753,65,362815
39054,86243157,65,362815
39055,86243175,65,362815
39056,86243517,65,362815
39057,86243571,65,362815
39058,86243715,65,362815
39059,86243751,65,362815
39060,86245137,65,362815
39061,86245173,65,362815
39062,86245317,65,362815
39063,86245371,65,362815
39064,86245713,65,362815
39065,86245731,65,362815
39066,86247135,65,362815
39067,86247153,65,362815
39068,86247315,65,362815
39069,86247351,65,362815
39070,86247513,65,362815
39071,86247531,65,362815
39072,86251347,65,362815
39073,86251374,65,362815
39074,86251437,65,362815
39075,86251473,65,362815
39076,86251734,65,362815
39077,86251743,65,362815
39078,86253147,65,362815
39079,86253174,65,362815
39080,86253417,65,362815
39081,86253471,65,362815
39082,86253714,65,362815
39083,86253741,65,362815
39084,86254137,65,362815
39085,86254173,65,362815
39086,86254317,65,362815
39087,86254371,65,362815
39088,86254713,65,362815
39089,86254731,65,362815
39090,86257134,65,362815
39091,86257143,65,362815
39092,86257314,65,362815
39093,86257341,65,362815
39094,86257413,65,362815
39095,86257431,65,362815
39096,86271345,65,362815
39097,86271354,65,362815
39098,86271435,65,362815
39099,86271453,65,362815
39100,86271534,65,362815
39101,86271543,65,362815
39102,86273145,65,362815
39103,86273154,65,362815
39104,86273415,65,362815
39105,86273451,65,362815
39106,86273514,65,362815
39107,86273541,65,362815
39108,86274135,65,362815
39109,86274153,65,362815
39110,86274315,65,362815
39111,86274351,65,362815
39112,86274513,65,362815
39113,86274531,65,362815
39114,86275134,65,362815
39115,86275143,65,362815
39116,86275314,65,362815
39117,86275341,65,362815
39118,86275413,65,362815
39119,86275431,65,362815
39120,86312457,65,362815
39121,86312475,65,362815
39122,86312547,65,362815
39123,86312574,65,362815
39124,86312745,65,362815
39125,86312754,65,362815
39126,86314257,65,362815
39127,86314275,65,362815
39128,86314527,65,362815
39129,86314572,65,362815
39130,86314725,65,362815
39131,86314752,65,362815
39132,86315247,65,362815
39133,86315274,65,362815
39134,86315427,65,362815
39135,86315472,65,362815
39136,86315724,65,362815
39137,86315742,65,362815
39138,86317245,65,362815
39139,86317254,65,362815
39140,86317425,65,362815
39141,86317452,65,362815
39142,86317524,65,362815
39143,86317542,65,362815
39144,86321457,65,362815
39145,86321475,65,362815
39146,86321547,65,362815
39147,86321574,65,362815
39148,86321745,65,362815
39149,86321754,65,362815
39150,86324157,65,362815
39151,86324175,65,362815
39152,86324517,65,362815
39153,86324571,65,362815
39154,86324715,65,362815
39155,86324751,65,362815
39156,86325147,65,362815
39157,86325174,65,362815
39158,86325417,65,362815
39159,86325471,65,362815
39160,86325714,65,362815
39161,86325741,65,362815
39162,86327145,65,362815
39163,86327154,65,362815
39164,86327415,65,362815
39165,86327451,65,362815
39166,86327514,65,362815
39167,86327541,65,362815
39168,86341257,65,362815
39169,86341275,65,362815
39170,86341527,65,362815
39171,86341572,65,362815
39172,86341725,65,362815
39173,86341752,65,362815
39174,86342157,65,362815
39175,86342175,65,362815
39176,86342517,65,362815
39177,86342571,65,362815
39178,86342715,65,362815
39179,86342751,65,362815
39180,86345127,65,362815
39181,86345172,65,362815
39182,86345217,65,362815
39183,86345271,65,362815
39184,86345712,65,362815
39185,86345721,65,362815
39186,86347125,65,362815
39187,86347152,65,362815
39188,86347215,65,362815
39189,86347251,65,362815
39190,86347512,65,362815
39191,86347521,65,362815
39192,86351247,65,362815
39193,86351274,65,362815
39194,86351427,65,362815
39195,86351472,65,362815
39196,86351724,65,362815
39197,86351742,65,362815
39198,86352147,65,362815
39199,86352174,65,362815
39200,86352417,65,362815
39201,86352471,65,362815
39202,86352714,65,362815
39203,86352741,65,362815
39204,86354127,65,362815
39205,86354172,65,362815
39206,86354217,65,362815
39207,86354271,65,362815
39208,86354712,65,362815
39209,86354721,65,362815
39210,86357124,65,362815
39211,86357142,65,362815
39212,86357214,65,362815
39213,86357241,65,362815
39214,86357412,65,362815
39215,86357421,65,362815
39216,86371245,65,362815
39217,86371254,65,362815
39218,86371425,65,362815
39219,86371452,65,362815
39220,86371524,65,362815
39221,86371542,65,362815
39222,86372145,65,362815
39223,86372154,65,362815
39224,86372415,65,362815
39225,86372451,65,362815
39226,86372514,65,362815
39227,86372541,65,362815
39228,86374125,65,362815
39229,86374152,65,362815
39230,86374215,65,362815
39231,86374251,65,362815
39232,86374512,65,362815
39233,86374521,65,362815
39234,86375124,65,362815
39235,86375142,65,362815
39236,86375214,65,362815
39237,86375241,65,362815
39238,86375412,65,362815
39239,86375421,65,362815
39240,86412357,65,362815
39241,86412375,65,362815
39242,86412537,65,362815
39243,86412573,65,362815
39244,86412735,65,362815
39245,86412753,65,362815
39246,86413257,65,362815
39247,86413275,65,362815
39248,86413527,65,362815
39249,86413572,65,362815
39250,86413725,65,362815
39251,86413752,65,362815
39252,86415237,65,362815
39253,86415273,65,362815
39254,86415327,65,362815
39255,86415372,65,362815
39256,86415723,65,362815
39257,86415732,65,362815
39258,86417235,65,362815
39259,86417253,65,362815
39260,86417325,65,362815
39261,86417352,65,362815
39262,86417523,65,362815
39263,86417532,65,362815
39264,86421357,65,362815
39265,86421375,65,362815
39266,86421537,65,362815
39267,86421573,65,362815
39268,86421735,65,362815
39269,86421753,65,362815
39270,86423157,65,362815
39271,86423175,65,362815
39272,86423517,65,362815
39273,86423571,65,362815
39274,86423715,65,362815
39275,86423751,65,362815
39276,86425137,65,362815
39277,86425173,65,362815
39278,86425317,65,362815
39279,86425371,65,362815
39280,86425713,65,362815
39281,86425731,65,362815
39282,86427135,65,362815
39283,86427153,65,362815
39284,86427315,65,362815
39285,86427351,65,362815
39286,86427513,65,362815
39287,86427531,65,362815
39288,86431257,65,362815
39289,86431275,65,362815
39290,86431527,65,362815
39291,86431572,65,362815
39292,86431725,65,362815
39293,86431752,65,362815
39294,86432157,65,362815
39295,86432175,65,362815
39296,86432517,65,362815
39297,86432571,65,362815
39298,86432715,65,362815
39299,86432751,65,362815
39300,86435127,65,362815
39301,86435172,65,362815
39302,86435217,65,362815
39303,86435271,65,362815
39304,86435712,65,362815
39305,86435721,65,362815
39306,86437125,65,362815
39307,86437152,65,362815
39308,86437215,65,362815
39309,86437251,65,362815
39310,86437512,65,362815
39311,86437521,65,362815
39312,86451237,65,362815
39313,86451273,65,362815
39314,86451327,65,362815
39315,86451372,65,362815
39316,86451723,65,362815
39317,86451732,65,362815
39318,86452137,65,362815
39319,86452173,65,362815
39320,86452317,65,362815
39321,86452371,65,362815
39322,86452713,65,362815
39323,86452731,65,362815
39324,86453127,65,362815
39325,86453172,65,362815
39326,86453217,65,362815
39327,86453271,65,362815
39328,86453712,65,362815
39329,86453721,65,362815
39330,86457123,65,362815
39331,86457132,65,362815
39332,86457213,65,362815
39333,86457231,65,362815
39334,86457312,65,362815
39335,86457321,65,362815
39336,86471235,65,362815
39337,86471253,65,362815
39338,86471325,65,362815
39339,86471352,65,362815
39340,86471523,65,362815
39341,86471532,65,362815
39342,86472135,65,362815
39343,86472153,65,362815
39344,86472315,65,362815
39345,86472351,65,362815
39346,86472513,65,362815
39347,86472531,65,362815
39348,86473125,65,362815
39349,86473152,65,362815
39350,86473215,65,362815
39351,86473251,65,362815
39352,86473512,65,362815
39353,86473521,65,362815
39354,86475123,65,362815
39355,86475132,65,362815
39356,86475213,65,362815
39357,86475231,65,362815
39358,86475312,65,362815
39359,86475321,65,362815
39360,86512347,65,362815
39361,86512374,65,362815
39362,86512437,65,362815
39363,86512473,65,362815
39364,86512734,65,362815
39365,86512743,65,362815
39366,86513247,65,362815
39367,86513274,65,362815
39368,86513427,65,362815
39369,86513472,65,362815
39370,86513724,65,362815
39371,86513742,65,362815
39372,86514237,65,362815
39373,86514273,65,362815
39374,86514327,65,362815
39375,86514372,65,362815
39376,86514723,65,362815
39377,86514732,65,362815
39378,86517234,65,362815
39379,86517243,65,362815
39380,86517324,65,362815
39381,86517342,65,362815
39382,86517423,65,362815
39383,86517432,65,362815
39384,86521347,65,362815
39385,86521374,65,362815
39386,86521437,65,362815
39387,86521473,65,362815
39388,86521734,65,362815
39389,86521743,65,362815
39390,86523147,65,362815
39391,86523174,65,362815
39392,86523417,65,362815
39393,86523471,65,362815
39394,86523714,65,362815
39395,86523741,65,362815
39396,86524137,65,362815
39397,86524173,65,362815
39398,86524317,65,362815
39399,86524371,65,362815
39400,86524713,65,362815
39401,86524731,65,362815
39402,86527134,65,362815
39403,86527143,65,362815
39404,86527314,65,362815
39405,86527341,65,362815
39406,86527413,65,362815
39407,86527431,65,362815
39408,86531247,65,362815
39409,86531274,65,362815
39410,86531427,65,362815
39411,86531472,65,362815
39412,86531724,65,362815
39413,86531742,65,362815
39414,86532147,65,362815
39415,86532174,65,362815
39416,86532417,65,362815
39417,86532471,65,362815
39418,86532714,65,362815
39419,86532741,65,362815
39420,86534127,65,362815
39421,86534172,65,362815
39422,86534217,65,362815
39423,86534271,65,362815
39424,86534712,65,362815
39425,86534721,65,362815
39426,86537124,65,362815
39427,86537142,65,362815
39428,86537214,65,362815
39429,86537241,65,362815
39430,86537412,65,362815
39431,86537421,65,362815
39432,86541237,65,362815
39433,86541273,65,362815
39434,86541327,65,362815
39435,86541372,65,362815
39436,86541723,65,362815
39437,86541732,65,362815
39438,86542137,65,362815
39439,86542173,65,362815
39440,86542317,65,362815
39441,86542371,65,362815
39442,86542713,65,362815
39443,86542731,65,362815
39444,86543127,65,362815
39445,86543172,65,362815
39446,86543217,65,362815
39447,86543271,65,362815
39448,86543712,65,362815
39449,86543721,65,362815
39450,86547123,65,362815
39451,86547132,65,362815
39452,86547213,65,362815
39453,86547231,65,362815
39454,86547312,65,362815
39455,86547321,65,362815
39456,86571234,65,362815
39457,86571243,65,362815
39458,86571324,65,362815
39459,86571342,65,362815
39460,86571423,65,362815
39461,86571432,65,362815
39462,86572134,65,362815
39463,86572143,65,362815
39464,86572314,65,362815
39465,86572341,65,362815
39466,86572413,65,362815
39467,86572431,65,362815
39468,86573124,65,362815
39469,86573142,65,362815
39470,86573214,65,362815
39471,86573241,65,362815
39472,86573412,65,362815
39473,86573421,65,362815
39474,86574123,65,362815
39475,86574132,65,362815
39476,86574213,65,362815
39477,86574231,65,362815
39478,86574312,65,362815
39479,86574321,65,362815
39480,86712345,65,362815
39481,86712354,65,362815
39482,86712435,65,362815
39483,86712453,65,362815
39484,86712534,65,362815
39485,86712543,65,362815
39486,86713245,65,362815
39487,86713254,65,362815
39488,86713425,65,362815
39489,86713452,65,362815
39490,86713524,65,362815
39491,86713542,65,362815
39492,86714235,65,362815
39493,86714253,65,362815
39494,86714325,65,362815
39495,86714352,65,362815
39496,86714523,65,362815
39497,86714532,65,362815
39498,86715234,65,362815
39499,86715243,65,362815
39500,86715324,65,362815
39501,86715342,65,362815
39502,86715423,65,362815
39503,86715432,65,362815
39504,86721345,65,362815
39505,86721354,65,362815
39506,86721435,65,362815
39507,86721453,65,362815
39508,86721534,65,362815
39509,86721543,65,362815
39510,86723145,65,362815
39511,86723154,65,362815
39512,86723415,65,362815
39513,86723451,65,362815
39514,86723514,65,362815
39515,86723541,65,362815
39516,86724135,65,362815
39517,86724153,65,362815
39518,86724315,65,362815
39519,86724351,65,362815
39520,86724513,65,362815
39521,86724531,65,362815
39522,86725134,65,362815
39523,86725143,65,362815
39524,86725314,65,362815
39525,86725341,65,362815
39526,86725413,65,362815
39527,86725431,65,362815
39528,86731245,65,362815
39529,86731254,65,362815
39530,86731425,65,362815
39531,86731452,65,362815
39532,86731524,65,362815
39533,86731542,65,362815
39534,86732145,65,362815
39535,86732154,65,362815
39536,86732415,65,362815
39537,86732451,65,362815
39538,86732514,65,362815
39539,86732541,65,362815
39540,86734125,65,362815
39541,86734152,65,362815
39542,86734215,65,362815
39543,86734251,65,362815
39544,86734512,65,362815
39545,86734521,65,362815
39546,86735124,65,362815
39547,86735142,65,362815
39548,86735214,65,362815
39549,86735241,65,362815
39550,86735412,65,362815
39551,86735421,65,362815
39552,86741235,65,362815
39553,86741253,65,362815
39554,86741325,65,362815
39555,86741352,65,362815
39556,86741523,65,362815
39557,86741532,65,362815
39558,86742135,65,362815
39559,86742153,65,362815
39560,86742315,65,362815
39561,86742351,65,362815
39562,86742513,65,362815
39563,86742531,65,362815
39564,86743125,65,362815
39565,86743152,65,362815
39566,86743215,65,362815
39567,86743251,65,362815
39568,86743512,65,362815
39569,86743521,65,362815
39570,86745123,65,362815
39571,86745132,65,362815
39572,86745213,65,362815
39573,86745231,65,362815
39574,86745312,65,362815
39575,86745321,65,362815
39576,86751234,65,362815
39577,86751243,65,362815
39578,86751324,65,362815
39579,86751342,65,362815
39580,86751423,65,362815
39581,86751432,65,362815
39582,86752134,65,362815
39583,86752143,65,362815
39584,86752314,65,362815
39585,86752341,65,362815
39586,86752413,65,362815
39587,86752431,65,362815
39588,86753124,65,362815
39589,86753142,65,362815
39590,86753214,65,362815
39591,86753241,65,362815
39592,86753412,65,362815
39593,86753421,65,362815
39594,86754123,65,362815
39595,86754132,65,362815
39596,86754213,65,362815
39597,86754231,65,362815
39598,86754312,65,362815
39599,86754321,65,362815
39600,87123456,65,362815
39601,87123465,65,362815
39602,87123546,65,362815
39603,87123564,65,362815
39604,87123645,65,362815
39605,87123654,65,362815
39606,87124356,65,362815
39607,87124365,65,362815
39608,87124536,65,362815
39609,87124563,65,362815
39610,87124635,65,362815
39611,87124653,65,362815
39612,87125346,65,362815
39613,87125364,65,362815
39614,87125436,65,362815
39615,87125463,65,362815
39616,87125634,65,362815
39617,87125643,65,362815
39618,87126345,65,362815
39619,87126354,65,362815
39620,87126435,65,362815
39621,87126453,65,362815
39622,87126534,65,362815
39623,87126543,65,362815
39624,87132456,65,362815
39625,87132465,65,362815
39626,87132546,65,362815
39627,87132564,65,362815
39628,87132645,65,362815
39629,87132654,65,362815
39630,87134256,65,362815
39631,87134265,65,362815
39632,87134526,65,362815
39633,87134562,65,362815
39634,87134625,65,362815
39635,87134652,65,362815
39636,87135246,65,362815
39637,87135264,65,362815
39638,87135426,65,362815
39639,87135462,65,362815
39640,87135624,65,362815
39641,87135642,65,362815
39642,87136245,65,362815
39643,87136254,65,362815
39644,87136425,65,362815
39645,87136452,65,362815
39646,87136524,65,362815
39647,87136542,65,362815
39648,87142356,65,362815
39649,87142365,65,362815
39650,87142536,65,362815
39651,87142563,65,362815
39652,87142635,65,362815
39653,87142653,65,362815
39654,87143256,65,362815
39655,87143265,65,362815
39656,87143526,65,362815
39657,87143562,65,362815
39658,87143625,65,362815
39659,87143652,65,362815
39660,87145236,65,362815
39661,87145263,65,362815
39662,87145326,65,362815
39663,87145362,65,362815
39664,87145623,65,362815
39665,87145632,65,362815
39666,87146235,65,362815
39667,87146253,65,362815
39668,87146325,65,362815
39669,87146352,65,362815
39670,87146523,65,362815
39671,87146532,65,362815
39672,87152346,65,362815
39673,87152364,65,362815
39674,87152436,65,362815
39675,87152463,65,362815
39676,87152634,65,362815
39677,87152643,65,362815
39678,87153246,65,362815
39679,87153264,65,362815
39680,87153426,65,362815
39681,87153462,65,362815
39682,87153624,65,362815
39683,87153642,65,362815
39684,87154236,65,362815
39685,87154263,65,362815
39686,87154326,65,362815
39687,87154362,65,362815
39688,87154623,65,362815
39689,87154632,65,362815
39690,87156234,65,362815
39691,87156243,65,362815
39692,87156324,65,362815
39693,87156342,65,362815
39694,87156423,65,362815
39695,87156432,65,362815
39696,87162345,65,362815
39697,87162354,65,362815
39698,87162435,65,362815
39699,87162453,65,362815
39700,87162534,65,362815
39701,87162543,65,362815
39702,87163245,65,362815
39703,87163254,65,362815
39704,87163425,65,362815
39705,87163452,65,362815
39706,87163524,65,362815
39707,87163542,65,362815
39708,87164235,65,362815
39709,87164253,65,362815
39710,87164325,65,362815
39711,87164352,65,362815
39712,87164523,65,362815
39713,87164532,65,362815
39714,87165234,65,362815
39715,87165243,65,362815
39716,87165324,65,362815
39717,87165342,65,362815
39718,87165423,65,362815
39719,87165432,65,362815
39720,87213456,65,362815
39721,87213465,65,362815
39722,87213546,65,362815
39723,87213564,65,362815
39724,87213645,65,362815
39725,87213654,65,362815
39726,87214356,65,362815
39727,87214365,65,362815
39728,87214536,65,362815
39729,87214563,65,362815
39730,87214635,65,362815
39731,87214653,65,362815
39732,87215346,65,362815
39733,87215364,65,362815
39734,87215436,65,362815
39735,87215463,65,362815
39736,87215634,65,362815
39737,87215643,65,362815
39738,87216345,65,362815
39739,87216354,65,362815
39740,87216435,65,362815
39741,87216453,65,362815
39742,87216534,65,362815
39743,87216543,65,362815
39744,87231456,65,362815
39745,87231465,65,362815
39746,87231546,65,362815
39747,87231564,65,362815
39748,87231645,65,362815
39749,87231654,65,362815
39750,87234156,65,362815
39751,87234165,65,362815
39752,87234516,65,362815
39753,87234561,65,362815
39754,87234615,65,362815
39755,87234651,65,362815
39756,87235146,65,362815
39757,87235164,65,362815
39758,87235416,65,362815
39759,87235461,65,362815
39760,87235614,65,362815
39761,87235641,65,362815
39762,87236145,65,362815
39763,87236154,65,362815
39764,87236415,65,362815
39765,87236451,65,362815
39766,87236514,65,362815
39767,87236541,65,362815
39768,87241356,65,362815
39769,87241365,65,362815
39770,87241536,65,362815
39771,87241563,65,362815
39772,87241635,65,362815
39773,87241653,65,362815
39774,87243156,65,362815
39775,87243165,65,362815
39776,87243516,65,362815
39777,87243561,65,362815
39778,87243615,65,362815
39779,87243651,65,362815
39780,87245136,65,362815
39781,87245163,65,362815
39782,87245316,65,362815
39783,87245361,65,362815
39784,87245613,65,362815
39785,87245631,65,362815
39786,87246135,65,362815
39787,87246153,65,362815
39788,87246315,65,362815
39789,87246351,65,362815
39790,87246513,65,362815
39791,87246531,65,362815
39792,87251346,65,362815
39793,87251364,65,362815
39794,87251436,65,362815
39795,87251463,65,362815
39796,87251634,65,362815
39797,87251643,65,362815
39798,87253146,65,362815
39799,87253164,65,362815
39800,87253416,65,362815
39801,87253461,65,362815
39802,87253614,65,362815
39803,87253641,65,362815
39804,87254136,65,362815
39805,87254163,65,362815
39806,87254316,65,362815
39807,87254361,65,362815
39808,87254613,65,362815
39809,87254631,65,362815
39810,87256134,65,362815
39811,87256143,65,362815
39812,87256314,65,362815
39813,87256341,65,362815
39814,87256413,65,362815
39815,87256431,65,362815
39816,87261345,65,362815
39817,87261354,65,362815
39818,87261435,65,362815
39819,87261453,65,362815
39820,87261534,65,362815
39821,87261543,65,362815
39822,87263145,65,362815
39823,87263154,65,362815
39824,87263415,65,362815
39825,87263451,65,362815
39826,87263514,65,362815
39827,87263541,65,362815
39828,87264135,65,362815
39829,87264153,65,362815
39830,87264315,65,362815
39831,87264351,65,362815
39832,87264513,65,362815
39833,87264531,65,362815
39834,87265134,65,362815
39835,87265143,65,362815
39836,87265314,65,362815
39837,87265341,65,362815
39838,87265413,65,362815
39839,87265431,65,362815
39840,87312456,65,362815
39841,87312465,65,362815
39842,87312546,65,362815
39843,87312564,65,362815
39844,87312645,65,362815
39845,87312654,65,362815
39846,87314256,65,362815
39847,87314265,65,362815
39848,87314526,65,362815
39849,87314562,65,362815
39850,87314625,65,362815
39851,87314652,65,362815
39852,87315246,65,362815
39853,87315264,65,362815
39854,87315426,65,362815
39855,87315462,65,362815
39856,87315624,65,362815
39857,87315642,65,362815
39858,87316245,65,362815
39859,87316254,65,362815
39860,87316425,65,362815
39861,87316452,65,362815
39862,87316524,65,362815
39863,87316542,65,362815
39864,87321456,65,362815
39865,87321465,65,362815
39866,87321546,65,362815
39867,87321564,65,362815
39868,87321645,65,362815
39869,87321654,65,362815
39870,87324156,65,362815
39871,87324165,65,362815
39872,87324516,65,362815
39873,87324561,65,362815
39874,87324615,65,362815
39875,87324651,65,362815
39876,87325146,65,362815
39877,87325164,65,362815
39878,87325416,65,362815
39879,87325461,65,362815
39880,87325614,65,362815
39881,87325641,65,362815
39882,87326145,65,362815
39883,87326154,65,362815
39884,87326415,65,362815
39885,87326451,65,362815
39886,87326514,65,362815
39887,87326541,65,362815
39888,87341256,65,362815
39889,87341265,65,362815
39890,87341526,65,362815
39891,87341562,65,362815
39892,87341625,65,362815
39893,87341652,65,362815
39894,87342156,65,362815
39895,87342165,65,362815
39896,87342516,65,362815
39897,87342561,65,362815
39898,87342615,65,362815
39899,87342651,65,362815
39900,87345126,65,362815
39901,87345162,65,362815
39902,87345216,65,362815
39903,87345261,65,362815
39904,87345612,65,362815
39905,87345621,65,362815
39906,87346125,65,362815
39907,87346152,65,362815
39908,87346215,65,362815
39909,87346251,65,362815
39910,87346512,65,362815
39911,87346521,65,362815
39912,87351246,65,362815
39913,87351264,65,362815
39914,87351426,65,362815
39915,87351462,65,362815
39916,87351624,65,362815
39917,87351642,65,362815
39918,87352146,65,362815
39919,87352164,65,362815
39920,87352416,65,362815
39921,87352461,65,362815
39922,87352614,65,362815
39923,87352641,65,362815
39924,87354126,65,362815
39925,87354162,65,362815
39926,87354216,65,362815
39927,87354261,65,362815
39928,87354612,65,362815
39929,87354621,65,362815
39930,87356124,65,362815
39931,87356142,65,362815
39932,87356214,65,362815
39933,87356241,65,362815
39934,87356412,65,362815
39935,87356421,65,362815
39936,87361245,65,362815
39937,87361254,65,362815
39938,87361425,65,362815
39939,87361452,65,362815
39940,87361524,65,362815
39941,87361542,65,362815
39942,87362145,65,362815
39943,87362154,65,362815
39944,87362415,65,362815
39945,87362451,65,362815
39946,87362514,65,362815
39947,87362541,65,362815
39948,87364125,65,362815
39949,87364152,65,362815
39950,87364215,65,362815
39951,87364251,65,362815
39952,87364512,65,362815
39953,87364521,65,362815
39954,87365124,65,362815
39955,87365142,65,362815
39956,87365214,65,362815
39957,87365241,65,362815
39958,87365412,65,362815
39959,87365421,65,362815
39960,87412356,65,362815
39961,87412365,65,362815
39962,87412536,65,362815
39963,87412563,65,362815
39964,87412635,65,362815
39965,87412653,65,362815
39966,87413256,65,362815
39967,87413265,65,362815
39968,87413526,65,362815
39969,87413562,65,362815
39970,87413625,65,362815
39971,87413652,65,362815
39972,87415236,65,362815
39973,87415263,65,362815
39974,87415326,65,362815
39975,87415362,65,362815
39976,87415623,65,362815
39977,87415632,65,362815
39978,87416235,65,362815
39979,87416253,65,362815
39980,87416325,65,362815
39981,87416352,65,362815
39982,87416523,65,362815
39983,87416532,65,362815
39984,87421356,65,362815
39985,87421365,65,362815
39986,87421536,65,362815
39987,87421563,65,362815
39988,87421635,65,362815
39989,87421653,65,362815
39990,87423156,65,362815
39991,87423165,65,362815
39992,87423516,65,362815
39993,87423561,65,362815
39994,87423615,65,362815
39995,87423651,65,362815
39996,87425136,65,362815
39997,87425163,65,362815
39998,87425316,65,362815
39999,87425361,65,362815
40000,87425613,65,362815
40001,87425631,65,362815
40002,87426135,65,362815
40003,87426153,65,362815
40004,87426315,65,362815
40005,87426351,65,362815
40006,87426513,65,362815
40007,87426531,65,362815
40008,87431256,65,362815
40009,87431265,65,362815
40010,87431526,65,362815
40011,87431562,65,362815
40012,87431625,65,362815
40013,87431652,65,362815
40014,87432156,65,362815
40015,87432165,65,362815
40016,87432516,65,362815
40017,87432561,65,362815
40018,87432615,65,362815
40019,87432651,65,362815
40020,87435126,65,362815
40021,87435162,65,362815
40022,87435216,65,362815
40023,87435261,65,362815
40024,87435612,65,362815
40025,87435621,65,362815
40026,87436125,65,362815
40027,87436152,65,362815
40028,87436215,65,362815
40029,87436251,65,362815
40030,87436512,65,362815
40031,87436521,65,362815
40032,87451236,65,362815
40033,87451263,65,362815
40034,87451326,65,362815
40035,87451362,65,362815
40036,87451623,65,362815
40037,87451632,65,362815
40038,87452136,65,362815
40039,87452163,65,362815
40040,87452316,65,362815
40041,87452361,65,362815
40042,87452613,65,362815
40043,87452631,65,362815
40044,87453126,65,362815
40045,87453162,65,362815
40046,87453216,65,362815
40047,87453261,65,362815
40048,87453612,65,362815
40049,87453621,65,362815
40050,87456123,65,362815
40051,87456132,65,362815
40052,87456213,65,362815
40053,87456231,65,362815
40054,87456312,65,362815
40055,87456321,65,362815
40056,87461235,65,362815
40057,87461253,65,362815
40058,87461325,65,362815
40059,87461352,65,362815
40060,87461523,65,362815
40061,87461532,65,362815
40062,87462135,65,362815
40063,87462153,65,362815
40064,87462315,65,362815
40065,87462351,65,362815
40066,87462513,65,362815
40067,87462531,65,362815
40068,87463125,65,362815
40069,87463152,65,362815
40070,87463215,65,362815
40071,87463251,65,362815
40072,87463512,65,362815
40073,87463521,65,362815
40074,87465123,65,362815
40075,87465132,65,362815
40076,87465213,65,362815
40077,87465231,65,362815
40078,87465312,65,362815
40079,87465321,65,362815
40080,87512346,65,362815
40081,87512364,65,362815
40082,87512436,65,362815
40083,87512463,65,362815
40084,87512634,65,362815
40085,87512643,65,362815
40086,87513246,65,362815
40087,87513264,65,362815
40088,87513426,65,362815
40089,87513462,65,362815
40090,87513624,65,362815
40091,87513642,65,362815
40092,87514236,65,362815
40093,87514263,65,362815
40094,87514326,65,362815
40095,87514362,65,362815
40096,87514623,65,362815
40097,87514632,65,362815
40098,87516234,65,362815
40099,87516243,65,362815
40100,87516324,65,362815
40101,87516342,65,362815
40102,87516423,65,362815
40103,87516432,65,362815
40104,87521346,65,362815
40105,87521364,65,362815
40106,87521436,65,362815
40107,87521463,65,362815
40108,87521634,65,362815
40109,87521643,65,362815
40110,87523146,65,362815
40111,87523164,65,362815
40112,87523416,65,362815
40113,87523461,65,362815
40114,87523614,65,362815
40115,87523641,65,362815
40116,87524136,65,362815
40117,87524163,65,362815
40118,87524316,65,362815
40119,87524361,65,362815
40120,87524613,65,362815
40121,87524631,65,362815
40122,87526134,65,362815
40123,87526143,65,362815
40124,87526314,65,362815
40125,87526341,65,362815
40126,87526413,65,362815
40127,87526431,65,362815
40128,87531246,65,362815
40129,87531264,65,362815
40130,87531426,65,362815
40131,87531462,65,362815
40132,87531624,65,362815
40133,87531642,65,362815
40134,87532146,65,362815
40135,87532164,65,362815
40136,87532416,65,362815
40137,87532461,65,362815
40138,87532614,65,362815
40139,87532641,65,362815
40140,87534126,65,362815
40141,87534162,65,362815
40142,87534216,65,362815
40143,87534261,65,362815
40144,87534612,65,362815
40145,87534621,65,362815
40146,87536124,65,362815
40147,87536142,65,362815
40148,87536214,65,362815
40149,87536241,65,362815
40150,87536412,65,362815
40151,87536421,65,362815
40152,87541236,65,362815
40153,87541263,65,362815
40154,87541326,65,362815
40155,87541362,65,362815
40156,87541623,65,362815
40157,87541632,65,362815
40158,87542136,65,362815
40159,87542163,65,362815
40160,87542316,65,362815
40161,87542361,65,362815
40162,87542613,65,362815
40163,87542631,65,362815
40164,87543126,65,362815
40165,87543162,65,362815
40166,87543216,65,362815
40167,87543261,65,362815
40168,87543612,65,362815
40169,87543621,65,362815
40170,87546123,65,362815
40171,87546132,65,362815
40172,87546213,65,362815
40173,87546231,65,362815
40174,87546312,65,362815
40175,87546321,65,362815
40176,87561234,65,362815
40177,87561243,65,362815
40178,87561324,65,362815
40179,87561342,65,362815
40180,87561423,65,362815
40181,87561432,65,362815
40182,87562134,65,362815
40183,87562143,65,362815
40184,87562314,65,362815
40185,87562341,65,362815
40186,87562413,65,362815
40187,87562431,65,362815
40188,87563124,65,362815
40189,87563142,65,362815
40190,87563214,65,362815
40191,87563241,65,362815
40192,87563412,65,362815
40193,87563421,65,362815
40194,87564123,65,362815
40195,87564132,65,362815
40196,87564213,65,362815
40197,87564231,65,362815
40198,87564312,65,362815
40199,87564321,65,362815
40200,87612345,65,362815
40201,87612354,65,362815
40202,87612435,65,362815
40203,87612453,65,362815
40204,87612534,65,362815
40205,87612543,65,362815
40206,87613245,65,362815
40207,87613254,65,362815
40208,87613425,65,362815
40209,87613452,65,362815
40210,87613524,65,362815
40211,87613542,65,362815
40212,87614235,65,362815
40213,87614253,65,362815
40214,87614325,65,362815
40215,87614352,65,362815
40216,87614523,65,362815
40217,87614532,65,362815
40218,87615234,65,362815
40219,87615243,65,362815
40220,87615324,65,362815
40221,87615342,65,362815
40222,87615423,65,362815
40223,87615432,65,362815
40224,87621345,65,362815
40225,87621354,65,362815
40226,87621435,65,362815
40227,87621453,65,362815
40228,87621534,65,362815
40229,87621543,65,362815
40230,87623145,65,362815
40231,87623154,65,362815
40232,87623415,65,362815
40233,87623451,65,362815
40234,87623514,65,362815
40235,87623541,65,362815
40236,87624135,65,362815
40237,87624153,65,362815
40238,87624315,65,362815
40239,87624351,65,362815
40240,87624513,65,362815
40241,87624531,65,362815
40242,87625134,65,362815
40243,87625143,65,362815
40244,87625314,65,362815
40245,87625341,65,362815
40246,87625413,65,362815
40247,87625431,65,362815
40248,87631245,65,362815
40249,87631254,65,362815
40250,87631425,65,362815
40251,87631452,65,362815
40252,87631524,65,362815
40253,87631542,65,362815
40254,87632145,65,362815
40255,87632154,65,362815
40256,87632415,65,362815
40257,87632451,65,362815
40258,87632514,65,362815
40259,87632541,65,362815
40260,87634125,65,362815
40261,87634152,65,362815
40262,87634215,65,362815
40263,87634251,65,362815
40264,87634512,65,362815
40265,87634521,65,362815
40266,87635124,65,362815
40267,87635142,65,362815
40268,87635214,65,362815
40269,87635241,65,362815
40270,87635412,65,362815
40271,87635421,65,362815
40272,87641235,65,362815
40273,87641253,65,362815
40274,87641325,65,362815
40275,87641352,65,362815
40276,87641523,65,362815
40277,87641532,65,362815
40278,87642135,65,362815
40279,87642153,65,362815
40280,87642315,65,362815
40281,87642351,65,362815
40282,87642513,65,362815
40283,87642531,65,362815
40284,87643125,65,362815
40285,87643152,65,362815
40286,87643215,65,362815
40287,87643251,65,362815
40288,87643512,65,362815
40289,87643521,65,362815
40290,87645123,65,362815
40291,87645132,65,362815
40292,87645213,65,362815
40293,87645231,65,362815
40294,87645312,65,362815
40295,87645321,65,362815
40296,87651234,65,362815
40297,87651243,65,362815
40298,87651324,65,362815
40299,87651342,65,362815
40300,87651423,65,362815
40301,87651432,65,362815
40302,87652134,65,362815
40303,87652143,65,362815
40304,87652314,65,362815
40305,87652341,65,362815
40306,87652413,65,362815
40307,87652431,65,362815
40308,87653124,65,362815
40309,87653142,65,362815
40310,87653214,65,362815
40311,87653241,65,362815
40312,87653412,65,362815
40313,87653421,65,362815
40314,87654123,65,362815
40315,87654132,65,362815
40316,87654213,65,362815
40317,87654231,65,362815
40318,87654312,65,362815
40319,87654321,65,362815
