12345678 12345687 12345876 12348765 12387654 12876543 18765432 21345678 21345687 21345876 21348765 21387654 21876543 23456781 32145678 32145687 32145876 32148765 32187654 34567812 34567821 43215678 43215687 43215876 43218765 45678123 45678312 45678321 54321678 54321687 54321876 56781234 56784123 56784312 56784321 65432178 65432187 67812345 67851234 67854123 67854312 67854321 76543218 78123456 78612345 78651234 78654123 78654312 78654321 81234567 87123456 87612345 87651234 87654123 87654312 87654321
12345768 13245678 13245687 13245876 13248765 13287654 21345768 32145768 43215768 45678231 54321768 56784231 67854231 78654231 86712345 86751234 86754123 86754312 86754321 87654231
12345786 12345867 21345786 21345867 23145678 23145687 23145876 23148765 23187654 31245678 31245687 31245876 31248765 31287654 32145786 32145867 43215786 43215867 45678132 45678213 54321786 54321867 56784132 56784213 67854132 67854213 68712345 68751234 68754123 68754312 68754321 76812345 76851234 76854123 76854312 76854321 78654132 78654213 87654132 87654213
12346578 12346587 12435678 12435687 12435876 12438765 21346578 21346587 21435678 21435687 21435876 21438765 32146578 32146587 43216578 43216587 56783412 56783421 67853412 67853421 78561234 78564123 78564312 78564321 78653412 78653421 87561234 87564123 87564312 87564321 87653412 87653421
12346758 12347568 13425678 13425687 13425876 13428765 14235678 14235687 14235876 14238765 21346758 21347568 32146758 32147568 43216758 43217568 56782431 56783241 67852431 67853241 78652431 78653241 85761234 85764123 85764312 85764321 86571234 86574123 86574312 86574321 87652431 87653241
12346785 12348567 21346785 21348567 23415678 23415687 23415876 23418765 32146785 32148567 41235678 41235687 41235876 41238765 43216785 43218567 56781432 56783214 58761234 58764123 58764312 58764321 67851432 67853214 76581234 76584123 76584312 76584321 78651432 78653214 87651432 87653214
12346857 12347586 21346857 21347586 24135678 24135687 24135876 24138765 31425678 31425687 31425876 31428765 32146857 32147586 43216857 43217586 56782413 56783142 67852413 67853142 68571234 68574123 68574312 68574321 75861234 75864123 75864312 75864321 78652413 78653142 87652413 87653142
12346875 12348576 21346875 21348576 32146875 32148576 32415678 32415687 32415876 32418765 42135678 42135687 42135876 42138765 43216875 43218576 56781423 56783124 57861234 57864123 57864312 57864321 67581234 67584123 67584312 67584321 67851423 67853124 78651423 78653124 87651423 87653124
12347658 14325678 14325687 14325876 14328765 21347658 32147658 43217658 56782341 67852341 78652341 85671234 85674123 85674312 85674321 87652341
12347685 12348657 21347685 21348657 24315678 24315687 24315876 24318765 32147685 32148657 41325678 41325687 41325876 41328765 43217685 43218657 56781342 56782314 58671234 58674123 58674312 58674321 67851342 67852314 75681234 75684123 75684312 75684321 78651342 78652314 87651342 87652314
12347856 21347856 32147856 34125678 34125687 34125876 34128765 43217856 56782143 65871234 65874123 65874312 65874321 67852143 78652143 87652143
12347865 12348756 21347865 21348756 32147865 32148756 34215678 34215687 34215876 34218765 43125678 43125687 43125876 43128765 43217865 43218756 56781243 56782134 56871234 56874123 56874312 56874321 65781234 65784123 65784312 65784321 67851243 67852134 78651243 78652134 87651243 87652134
12348675 21348675 32148675 42315678 42315687 42315876 42318765 43218675 56781324 57681234 57684123 57684312 57684321 67851324 78651324 87651324
12354678 12354687 12354876 21354678 21354687 21354876 32154678 32154687 32154876 67845123 67845312 67845321 78645123 78645312 78645321 87645123 87645312 87645321
12354768 13254678 13254687 13254876 21354768 32154768 67845231 78645231 86745123 86745312 86745321 87645231
12354786 12354867 21354786 21354867 23154678 23154687 23154876 31254678 31254687 31254876 32154786 32154867 67845132 67845213 68745123 68745312 68745321 76845123 76845312 76845321 78645132 78645213 87645132 87645213
12356478 12356487 12364578 12364587 12453678 12453687 12453876 12534678 12534687 12534876 21356478 21356487 21364578 21364587 21453678 21453687 21453876 21534678 21534687 21534876 32156478 32156487 32164578 32164587 67835412 67835421 67843512 67843521 78465123 78465312 78465321 78546123 78546312 78546321 78635412 78635421 78643512 78643521 87465123 87465312 87465321 87546123 87546312 87546321 87635412 87635421 87643512 87643521
12356748 12374568 13452678 13452687 13452876 15234678 15234687 15234876 21356748 21374568 32156748 32174568 67825431 67843251 78625431 78643251 84765123 84765312 84765321 86547123 86547312 86547321 87625431 87643251
12356784 12384567 21356784 21384567 23451678 23451687 23451876 32156784 32184567 48765123 48765312 48765321 51234678 51234687 51234876 67815432 67843215 76548123 76548312 76548321 78615432 78643215 87615432 87643215
12356847 12374586 21356847 21374586 25134678 25134687 25134876 31452678 31452687 31452876 32156847 32174586 67825413 67843152 68547123 68547312 68547321 74865123 74865312 74865321 78625413 78643152 87625413 87643152
12356874 12384576 21356874 21384576 32156874 32184576 32451678 32451687 32451876 47865123 47865312 47865321 52134678 52134687 52134876 67548123 67548312 67548321 67815423 67843125 78615423 78643125 87615423 87643125
12357468 12364758 13524678 13524687 13524876 14253678 14253687 14253876 21357468 21364758 32157468 32164758 67835241 67842531 78635241 78642531 85746123 85746312 85746321 86475123 86475312 86475321 87635241 87642531
12357486 12364857 21357486 21364857 24153678 24153687 24153876 31524678 31524687 31524876 32157486 32164857 67835142 67842513 68475123 68475312 68475321 75846123 75846312 75846321 78635142 78642513 87635142 87642513
12357648 12374658 14352678 14352687 14352876 15324678 15324687 15324876 21357648 21374658 32157648 32174658 67825341 67842351 78625341 78642351 84675123 84675312 84675321 85647123 85647312 85647321 87625341 87642351
12357684 12384657 21357684 21384657 24351678 24351687 24351876 32157684 32184657 48675123 48675312 48675321 51324678 51324687 51324876 67815342 67842315 75648123 75648312 75648321 78615342 78642315 87615342 87642315
12357846 12374856 21357846 21374856 32157846 32174856 34152678 34152687 34152876 35124678 35124687 35124876 64875123 64875312 64875321 65847123 65847312 65847321 67825143 67842153 78625143 78642153 87625143 87642153
12357864 12384756 21357864 21384756 32157864 32184756 34251678 34251687 34251876 46875123 46875312 46875321 53124678 53124687 53124876 65748123 65748312 65748321 67815243 67842135 78615243 78642135 87615243 87642135
12358467 12364785 21358467 21364785 23514678 23514687 23514876 32158467 32164785 41253678 41253687 41253876 58746123 58746312 58746321 67835214 67841532 76485123 76485312 76485321 78635214 78641532 87635214 87641532
12358476 12364875 21358476 21364875 32158476 32164875 32514678 32514687 32514876 42153678 42153687 42153876 57846123 57846312 57846321 67485123 67485312 67485321 67835124 67841523 78635124 78641523 87635124 87641523
12358647 12374685 21358647 21374685 25314678 25314687 25314876 32158647 32174685 41352678 41352687 41352876 58647123 58647312 58647321 67825314 67841352 74685123 74685312 74685321 78625314 78641352 87625314 87641352
12358674 12384675 21358674 21384675 32158674 32184675 42351678 42351687 42351876 47685123 47685312 47685321 52314678 52314687 52314876 57648123 57648312 57648321 67815324 67841325 78615324 78641325 87615324 87641325
12358746 12374865 21358746 21374865 32158746 32174865 35214678 35214687 35214876 43152678 43152687 43152876 56847123 56847312 56847321 64785123 64785312 64785321 67825134 67841253 78625134 78641253 87625134 87641253
12358764 12384765 21358764 21384765 32158764 32184765 43251678 43251687 43251876 46785123 46785312 46785321 53214678 53214687 53214876 56748123 56748312 56748321 67815234 67841235 78615234 78641235 87615234 87641235
12365478 12365487 12543678 12543687 12543876 21365478 21365487 21543678 21543687 21543876 32165478 32165487 67834512 67834521 78456123 78456312 78456321 78634512 78634521 87456123 87456312 87456321 87634512 87634521
12365748 12375468 13542678 13542687 13542876 15243678 15243687 15243876 21365748 21375468 32165748 32175468 67824531 67834251 78624531 78634251 84756123 84756312 84756321 86457123 86457312 86457321 87624531 87634251
12365784 12385467 21365784 21385467 23541678 23541687 23541876 32165784 32185467 48756123 48756312 48756321 51243678 51243687 51243876 67814532 67834215 76458123 76458312 76458321 78614532 78634215 87614532 87634215
12365847 12375486 21365847 21375486 25143678 25143687 25143876 31542678 31542687 31542876 32165847 32175486 67824513 67834152 68457123 68457312 68457321 74856123 74856312 74856321 78624513 78634152 87624513 87634152
12365874 12385476 21365874 21385476 32165874 32185476 32541678 32541687 32541876 47856123 47856312 47856321 52143678 52143687 52143876 67458123 67458312 67458321 67814523 67834125 78614523 78634125 87614523 87634125
12367458 14523678 14523687 14523876 21367458 32167458 67832541 78632541 85476123 85476312 85476321 87632541
12367485 12368457 21367485 21368457 24513678 24513687 24513876 32167485 32168457 41523678 41523687 41523876 58476123 58476312 58476321 67831542 67832514 75486123 75486312 75486321 78631542 78632514 87631542 87632514
12367548 12376458 14532678 14532687 14532876 15423678 15423687 15423876 21367548 21376458 32167548 32176458 67823541 67832451 78623541 78632451 84576123 84576312 84576321 85467123 85467312 85467321 87623541 87632451
12367584 12386457 21367584 21386457 24531678 24531687 24531876 32167584 32186457 48576123 48576312 48576321 51423678 51423687 51423876 67813542 67832415 75468123 75468312 75468321 78613542 78632415 87613542 87632415
12367845 12378456 21367845 21378456 32167845 32178456 34512678 34512687 34512876 45123678 45123687 45123876 54876123 54876312 54876321 65487123 65487312 65487321 67821543 67832154 78621543 78632154 87621543 87632154
12367854 12387456 21367854 21387456 32167854 32187456 34521678 34521687 34521876 45876123 45876312 45876321 54123678 54123687 54123876 65478123 65478312 65478321 67812543 67832145 78612543 78632145 87612543 87632145
12368475 21368475 32168475 42513678 42513687 42513876 57486123 57486312 57486321 67831524 78631524 87631524
12368547 12376485 21368547 21376485 25413678 25413687 25413876 32168547 32176485 41532678 41532687 41532876 58467123 58467312 58467321 67823514 67831452 74586123 74586312 74586321 78623514 78631452 87623514 87631452
12368574 12386475 21368574 21386475 32168574 32186475 42531678 42531687 42531876 47586123 47586312 47586321 52413678 52413687 52413876 57468123 57468312 57468321 67813524 67831425 78613524 78631425 87613524 87631425
12368745 12378465 21368745 21378465 32168745 32178465 43512678 43512687 43512876 45213678 45213687 45213876 54786123 54786312 54786321 56487123 56487312 56487321 67821534 67831254 78621534 78631254 87621534 87631254
12368754 12387465 21368754 21387465 32168754 32187465 43521678 43521687 43521876 45786123 45786312 45786321 54213678 54213687 54213876 56478123 56478312 56478321 67812534 67831245 78612534 78631245 87612534 87631245
12375648 15342678 15342687 15342876 21375648 32175648 67824351 78624351 84657123 84657312 84657321 87624351
12375684 12385647 21375684 21385647 25341678 25341687 25341876 32175684 32185647 48657123 48657312 48657321 51342678 51342687 51342876 67814352 67824315 74658123 74658312 74658321 78614352 78624315 87614352 87624315
12375846 21375846 32175846 35142678 35142687 35142876 64857123 64857312 64857321 67824153 78624153 87624153
12375864 12385746 21375864 21385746 32175864 32185746 35241678 35241687 35241876 46857123 46857312 46857321 53142678 53142687 53142876 64758123 64758312 64758321 67814253 67824135 78614253 78624135 87614253 87624135
12376548 15432678 15432687 15432876 21376548 32176548 67823451 78623451 84567123 84567312 84567321 87623451
12376584 12386547 21376584 21386547 25431678 25431687 25431876 32176584 32186547 48567123 48567312 48567321 51432678 51432687 51432876 67813452 67823415 74568123 74568312 74568321 78613452 78623415 87613452 87623415
12376845 12378546 21376845 21378546 32176845 32178546 35412678 35412687 35412876 45132678 45132687 45132876 54867123 54867312 54867321 64587123 64587312 64587321 67821453 67823154 78621453 78623154 87621453 87623154
12376854 12387546 21376854 21387546 32176854 32187546 35421678 35421687 35421876 45867123 45867312 45867321 54132678 54132687 54132876 64578123 64578312 64578321 67812453 67823145 78612453 78623145 87612453 87623145
12378564 12386745 21378564 21386745 32178564 32186745 45231678 45231687 45231876 46587123 46587312 46587321 53412678 53412687 53412876 54768123 54768312 54768321 67813254 67821435 78613254 78621435 87613254 87621435
12378645 21378645 32178645 45312678 45312687 45312876 54687123 54687312 54687321 67821354 78621354 87621354
12378654 12387645 21378654 21387645 32178654 32187645 45321678 45321687 45321876 45687123 45687312 45687321 54312678 54312687 54312876 54678123 54678312 54678321 67812354 67821345 78612354 78621345 87612354 87621345
12385674 21385674 32185674 47658123 47658312 47658321 52341678 52341687 52341876 67814325 78614325 87614325
12385764 21385764 32185764 46758123 46758312 46758321 53241678 53241687 53241876 67814235 78614235 87614235
12386574 21386574 32186574 47568123 47568312 47568321 52431678 52431687 52431876 67813425 78613425 87613425
12386754 12387564 21386754 21387564 32186754 32187564 45768123 45768312 45768321 46578123 46578312 46578321 53421678 53421687 53421876 54231678 54231687 54231876 67812435 67813245 78612435 78613245 87612435 87613245
12435768 13246578 13246587 21435768 78564231 86753412 86753421 87564231
12435786 12435867 21435786 21435867 23146578 23146587 31246578 31246587 68753412 68753421 76853412 76853421 78564132 78564213 87564132 87564213
12436578 12436587 21436578 21436587 78563412 78563421 87563412 87563421
12436758 12437568 13426578 13426587 14236578 14236587 21436758 21437568 78562431 78563241 85763412 85763421 86573412 86573421 87562431 87563241
12436785 12438567 21436785 21438567 23416578 23416587 41236578 41236587 58763412 58763421 76583412 76583421 78561432 78563214 87561432 87563214
12436857 12437586 21436857 21437586 24136578 24136587 31426578 31426587 68573412 68573421 75863412 75863421 78562413 78563142 87562413 87563142
12436875 12438576 21436875 21438576 32416578 32416587 42136578 42136587 57863412 57863421 67583412 67583421 78561423 78563124 87561423 87563124
12437658 14326578 14326587 21437658 78562341 85673412 85673421 87562341
12437685 12438657 21437685 21438657 24316578 24316587 41326578 41326587 58673412 58673421 75683412 75683421 78561342 78562314 87561342 87562314
12437856 21437856 34126578 34126587 65873412 65873421 78562143 87562143
12437865 12438756 21437865 21438756 34216578 34216587 43126578 43126587 56873412 56873421 65783412 65783421 78561243 78562134 87561243 87562134
12438675 21438675 42316578 42316587 57683412 57683421 78561324 87561324
12453768 12534768 13256478 13256487 13264578 13264587 21453768 21534768 78465231 78546231 86735412 86735421 86743512 86743521 87465231 87546231
12453786 12453867 12534786 12534867 21453786 21453867 21534786 21534867 23156478 23156487 23164578 23164587 31256478 31256487 31264578 31264587 68735412 68735421 68743512 68743521 76835412 76835421 76843512 76843521 78465132 78465213 78546132 78546213 87465132 87465213 87546132 87546213
12456378 12456387 12634578 12634587 21456378 21456387 21634578 21634587 78365412 78365421 78543612 78543621 87365412 87365421 87543612 87543621
12456738 12734568 13456278 13456287 16234578 16234587 21456738 21734568 78265431 78543261 83765412 83765421 86543712 86543721 87265431 87543261
12456783 12834567 21456783 21834567 23456178 23456187 38765412 38765421 61234578 61234587 76543812 76543821 78165432 78543216 87165432 87543216
12456837 12734586 21456837 21734586 26134578 26134587 31456278 31456287 68543712 68543721 73865412 73865421 78265413 78543162 87265413 87543162
12456873 12834576 21456873 21834576 32456178 32456187 37865412 37865421 62134578 62134587 67543812 67543821 78165423 78543126 87165423 87543126
12457368 12634758 13624578 13624587 14256378 14256387 21457368 21634758 78365241 78542631 85743612 85743621 86375412 86375421 87365241 87542631
12457386 12634857 21457386 21634857 24156378 24156387 31624578 31624587 68375412 68375421 75843612 75843621 78365142 78542613 87365142 87542613
12457638 12734658 14356278 14356287 16324578 16324587 21457638 21734658 78265341 78542361 83675412 83675421 85643712 85643721 87265341 87542361
12457683 12834657 21457683 21834657 24356178 24356187 38675412 38675421 61324578 61324587 75643812 75643821 78165342 78542316 87165342 87542316
12457836 12734856 21457836 21734856 34156278 34156287 36124578 36124587 63875412 63875421 65843712 65843721 78265143 78542163 87265143 87542163
12457863 12834756 21457863 21834756 34256178 34256187 36875412 36875421 63124578 63124587 65743812 65743821 78165243 78542136 87165243 87542136
12458367 12634785 21458367 21634785 23614578 23614587 41256378 41256387 58743612 58743621 76385412 76385421 78365214 78541632 87365214 87541632
12458376 12634875 21458376 21634875 32614578 32614587 42156378 42156387 57843612 57843621 67385412 67385421 78365124 78541623 87365124 87541623
12458637 12734685 21458637 21734685 26314578 26314587 41356278 41356287 58643712 58643721 73685412 73685421 78265314 78541362 87265314 87541362
12458673 12834675 21458673 21834675 37685412 37685421 42356178 42356187 57643812 57643821 62314578 62314587 78165324 78541326 87165324 87541326
12458736 12734865 21458736 21734865 36214578 36214587 43156278 43156287 56843712 56843721 63785412 63785421 78265134 78541263 87265134 87541263
12458763 12834765 21458763 21834765 36785412 36785421 43256178 43256187 56743812 56743821 63214578 63214587 78165234 78541236 87165234 87541236
12463578 12463587 12536478 12536487 21463578 21463587 21536478 21536487 78463512 78463521 78536412 78536421 87463512 87463521 87536412 87536421
12463758 12537468 13526478 13526487 14263578 14263587 21463758 21537468 78462531 78536241 85736412 85736421 86473512 86473521 87462531 87536241
12463785 12538467 21463785 21538467 23516478 23516487 41263578 41263587 58736412 58736421 76483512 76483521 78461532 78536214 87461532 87536214
12463857 12537486 21463857 21537486 24163578 24163587 31526478 31526487 68473512 68473521 75836412 75836421 78462513 78536142 87462513 87536142
12463875 12538476 21463875 21538476 32516478 32516487 42163578 42163587 57836412 57836421 67483512 67483521 78461523 78536124 87461523 87536124
12465378 12465387 12546378 12546387 12635478 12635487 12643578 12643587 21465378 21465387 21546378 21546387 21635478 21635487 21643578 21643587 78356412 78356421 78364512 78364521 78453612 78453621 78534612 78534621 87356412 87356421 87364512 87364521 87453612 87453621 87534612 87534621
12465738 12735468 13546278 13546287 16243578 16243587 21465738 21735468 78264531 78534261 83756412 83756421 86453712 86453721 87264531 87534261
12465783 12835467 21465783 21835467 23546178 23546187 38756412 38756421 61243578 61243587 76453812 76453821 78164532 78534216 87164532 87534216
12465837 12735486 21465837 21735486 26143578 26143587 31546278 31546287 68453712 68453721 73856412 73856421 78264513 78534162 87264513 87534162
12465873 12835476 21465873 21835476 32546178 32546187 37856412 37856421 62143578 62143587 67453812 67453821 78164523 78534126 87164523 87534126
12467358 12637458 14526378 14526387 14623578 14623587 21467358 21637458 78362541 78532641 85376412 85376421 85473612 85473621 87362541 87532641
12467385 12638457 21467385 21638457 24516378 24516387 41623578 41623587 58376412 58376421 75483612 75483621 78361542 78532614 87361542 87532614
12467538 12736458 14536278 14536287 16423578 16423587 21467538 21736458 78263541 78532461 83576412 83576421 85463712 85463721 87263541 87532461
12467583 12836457 21467583 21836457 24536178 24536187 38576412 38576421 61423578 61423587 75463812 75463821 78163542 78532416 87163542 87532416
12467835 12738456 21467835 21738456 34516278 34516287 46123578 46123587 53876412 53876421 65483712 65483721 78261543 78532164 87261543 87532164
12467853 12837456 21467853 21837456 34526178 34526187 35876412 35876421 64123578 64123587 65473812 65473821 78162543 78532146 87162543 87532146
12468357 12637485 21468357 21637485 24613578 24613587 41526378 41526387 58473612 58473621 75386412 75386421 78362514 78531642 87362514 87531642
12468375 12638475 21468375 21638475 42516378 42516387 42613578 42613587 57386412 57386421 57483612 57483621 78361524 78531624 87361524 87531624
12468537 12736485 21468537 21736485 26413578 26413587 41536278 41536287 58463712 58463721 73586412 73586421 78263514 78531462 87263514 87531462
12468573 12836475 21468573 21836475 37586412 37586421 42536178 42536187 57463812 57463821 62413578 62413587 78163524 78531426 87163524 87531426
12468735 12738465 21468735 21738465 43516278 43516287 46213578 46213587 53786412 53786421 56483712 56483721 78261534 78531264 87261534 87531264
12468753 12837465 21468753 21837465 35786412 35786421 43526178 43526187 56473812 56473821 64213578 64213587 78162534 78531246 87162534 87531246
12473568 12536748 13462578 13462587 15236478 15236487 21473568 21536748 78463251 78526431 84763512 84763521 86537412 86537421 87463251 87526431
12473586 12536847 21473586 21536847 25136478 25136487 31462578 31462587 68537412 68537421 74863512 74863521 78463152 78526413 87463152 87526413
12473658 12537648 14362578 14362587 15326478 15326487 21473658 21537648 78462351 78526341 84673512 84673521 85637412 85637421 87462351 87526341
12473685 12538647 21473685 21538647 25316478 25316487 41362578 41362587 58637412 58637421 74683512 74683521 78461352 78526314 87461352 87526314
12473856 12537846 21473856 21537846 34162578 34162587 35126478 35126487 64873512 64873521 65837412 65837421 78462153 78526143 87462153 87526143
12473865 12538746 21473865 21538746 35216478 35216487 43162578 43162587 56837412 56837421 64783512 64783521 78461253 78526134 87461253 87526134
12475368 12635748 13642578 13642587 15246378 15246387 21475368 21635748 78364251 78524631 84753612 84753621 86357412 86357421 87364251 87524631
12475386 12635847 21475386 21635847 25146378 25146387 31642578 31642587 68357412 68357421 74853612 74853621 78364152 78524613 87364152 87524613
12475638 12735648 15346278 15346287 16342578 16342587 21475638 21735648 78264351 78524361 83657412 83657421 84653712 84653721 87264351 87524361
12475683 12835647 21475683 21835647 25346178 25346187 38657412 38657421 61342578 61342587 74653812 74653821 78164352 78524316 87164352 87524316
12475836 12735846 21475836 21735846 35146278 35146287 36142578 36142587 63857412 63857421 64853712 64853721 78264153 78524163 87264153 87524163
12475863 12835746 21475863 21835746 35246178 35246187 36857412 36857421 63142578 63142587 64753812 64753821 78164253 78524136 87164253 87524136
12476358 12637548 14632578 14632587 15426378 15426387 21476358 21637548 78362451 78523641 84573612 84573621 85367412 85367421 87362451 87523641
12476385 12638547 21476385 21638547 25416378 25416387 41632578 41632587 58367412 58367421 74583612 74583621 78361452 78523614 87361452 87523614
12476538 12736548 15436278 15436287 16432578 16432587 21476538 21736548 78263451 78523461 83567412 83567421 84563712 84563721 87263451 87523461
12476583 12836547 21476583 21836547 25436178 25436187 38567412 38567421 61432578 61432587 74563812 74563821 78163452 78523416 87163452 87523416
12476835 12738546 21476835 21738546 35416278 35416287 46132578 46132587 53867412 53867421 64583712 64583721 78261453 78523164 87261453 87523164
12476853 12837546 21476853 21837546 35426178 35426187 35867412 35867421 64132578 64132587 64573812 64573821 78162453 78523146 87162453 87523146
12478356 12637845 21478356 21637845 34612578 34612587 45126378 45126387 54873612 54873621 65387412 65387421 78362154 78521643 87362154 87521643
12478365 12638745 21478365 21638745 43612578 43612587 45216378 45216387 54783612 54783621 56387412 56387421 78361254 78521634 87361254 87521634
12478536 12736845 21478536 21736845 36412578 36412587 45136278 45136287 54863712 54863721 63587412 63587421 78263154 78521463 87263154 87521463
12478563 12836745 21478563 21836745 36587412 36587421 45236178 45236187 54763812 54763821 63412578 63412587 78163254 78521436 87163254 87521436
12478635 12738645 21478635 21738645 45316278 45316287 46312578 46312587 53687412 53687421 54683712 54683721 78261354 78521364 87261354 87521364
12478653 12837645 21478653 21837645 35687412 35687421 45326178 45326187 54673812 54673821 64312578 64312587 78162354 78521346 87162354 87521346
12483567 12536784 21483567 21536784 23461578 23461587 48763512 48763521 51236478 51236487 76538412 76538421 78463215 78516432 87463215 87516432
12483576 12536874 21483576 21536874 32461578 32461587 47863512 47863521 52136478 52136487 67538412 67538421 78463125 78516423 87463125 87516423
12483657 12537684 21483657 21537684 24361578 24361587 48673512 48673521 51326478 51326487 75638412 75638421 78462315 78516342 87462315 87516342
12483675 12538674 21483675 21538674 42361578 42361587 47683512 47683521 52316478 52316487 57638412 57638421 78461325 78516324 87461325 87516324
12483756 12537864 21483756 21537864 34261578 34261587 46873512 46873521 53126478 53126487 65738412 65738421 78462135 78516243 87462135 87516243
12483765 12538764 21483765 21538764 43261578 43261587 46783512 46783521 53216478 53216487 56738412 56738421 78461235 78516234 87461235 87516234
12485367 12635784 21485367 21635784 23641578 23641587 48753612 48753621 51246378 51246387 76358412 76358421 78364215 78514632 87364215 87514632
12485376 12635874 21485376 21635874 32641578 32641587 47853612 47853621 52146378 52146387 67358412 67358421 78364125 78514623 87364125 87514623
12485637 12735684 21485637 21735684 26341578 26341587 48653712 48653721 51346278 51346287 73658412 73658421 78264315 78514362 87264315 87514362
12485673 12835674 21485673 21835674 37658412 37658421 47653812 47653821 52346178 52346187 62341578 62341587 78164325 78514326 87164325 87514326
12485736 12735864 21485736 21735864 36241578 36241587 46853712 46853721 53146278 53146287 63758412 63758421 78264135 78514263 87264135 87514263
12485763 12835764 21485763 21835764 36758412 36758421 46753812 46753821 53246178 53246187 63241578 63241587 78164235 78514236 87164235 87514236
12486357 12637584 21486357 21637584 24631578 24631587 48573612 48573621 51426378 51426387 75368412 75368421 78362415 78513642 87362415 87513642
12486375 12638574 21486375 21638574 42631578 42631587 47583612 47583621 52416378 52416387 57368412 57368421 78361425 78513624 87361425 87513624
12486537 12736584 21486537 21736584 26431578 26431587 48563712 48563721 51436278 51436287 73568412 73568421 78263415 78513462 87263415 87513462
12486573 12836574 21486573 21836574 37568412 37568421 47563812 47563821 52436178 52436187 62431578 62431587 78163425 78513426 87163425 87513426
12486735 12738564 21486735 21738564 46231578 46231587 46583712 46583721 53416278 53416287 53768412 53768421 78261435 78513264 87261435 87513264
12486753 12837564 21486753 21837564 35768412 35768421 46573812 46573821 53426178 53426187 64231578 64231587 78162435 78513246 87162435 87513246
12487356 12637854 21487356 21637854 34621578 34621587 45873612 45873621 54126378 54126387 65378412 65378421 78362145 78512643 87362145 87512643
12487365 12638754 21487365 21638754 43621578 43621587 45783612 45783621 54216378 54216387 56378412 56378421 78361245 78512634 87361245 87512634
12487536 12736854 21487536 21736854 36421578 36421587 45863712 45863721 54136278 54136287 63578412 63578421 78263145 78512463 87263145 87512463
12487563 12836754 21487563 21836754 36578412 36578421 45763812 45763821 54236178 54236187 63421578 63421587 78163245 78512436 87163245 87512436
12487635 12738654 21487635 21738654 45683712 45683721 46321578 46321587 53678412 53678421 54316278 54316287 78261345 78512364 87261345 87512364
12487653 12837654 21487653 21837654 35678412 35678421 45673812 45673821 54326178 54326187 64321578 64321587 78162345 78512346 87162345 87512346
12543768 13265478 13265487 21543768 78456231 86734512 86734521 87456231
12543786 12543867 21543786 21543867 23165478 23165487 31265478 31265487 68734512 68734521 76834512 76834521 78456132 78456213 87456132 87456213
12546738 12743568 13465278 13465287 16235478 16235487 21546738 21743568 78256431 78453261 83764512 83764521 86534712 86534721 87256431 87453261
12546783 12843567 21546783 21843567 23465178 23465187 38764512 38764521 61235478 61235487 76534812 76534821 78156432 78453216 87156432 87453216
12546837 12743586 21546837 21743586 26135478 26135487 31465278 31465287 68534712 68534721 73864512 73864521 78256413 78453162 87256413 87453162
12546873 12843576 21546873 21843576 32465178 32465187 37864512 37864521 62135478 62135487 67534812 67534821 78156423 78453126 87156423 87453126
12547368 12643758 13625478 13625487 14265378 14265387 21547368 21643758 78356241 78452631 85734612 85734621 86374512 86374521 87356241 87452631
12547386 12643857 21547386 21643857 24165378 24165387 31625478 31625487 68374512 68374521 75834612 75834621 78356142 78452613 87356142 87452613
12547638 12743658 14365278 14365287 16325478 16325487 21547638 21743658 78256341 78452361 83674512 83674521 85634712 85634721 87256341 87452361
12547683 12843657 21547683 21843657 24365178 24365187 38674512 38674521 61325478 61325487 75634812 75634821 78156342 78452316 87156342 87452316
12547836 12743856 21547836 21743856 34165278 34165287 36125478 36125487 63874512 63874521 65834712 65834721 78256143 78452163 87256143 87452163
12547863 12843756 21547863 21843756 34265178 34265187 36874512 36874521 63125478 63125487 65734812 65734821 78156243 78452136 87156243 87452136
12548367 12643785 21548367 21643785 23615478 23615487 41265378 41265387 58734612 58734621 76384512 76384521 78356214 78451632 87356214 87451632
12548376 12643875 21548376 21643875 32615478 32615487 42165378 42165387 57834612 57834621 67384512 67384521 78356124 78451623 87356124 87451623
12548637 12743685 21548637 21743685 26315478 26315487 41365278 41365287 58634712 58634721 73684512 73684521 78256314 78451362 87256314 87451362
12548673 12843675 21548673 21843675 37684512 37684521 42365178 42365187 57634812 57634821 62315478 62315487 78156324 78451326 87156324 87451326
12548736 12743865 21548736 21743865 36215478 36215487 43165278 43165287 56834712 56834721 63784512 63784521 78256134 78451263 87256134 87451263
12548763 12843765 21548763 21843765 36784512 36784521 43265178 43265187 56734812 56734821 63215478 63215487 78156234 78451236 87156234 87451236
12563478 12563487 21563478 21563487 78436512 78436521 87436512 87436521
12563748 12573468 13562478 13562487 15263478 15263487 21563748 21573468 78426531 78436251 84736512 84736521 86437512 86437521 87426531 87436251
12563784 12583467 21563784 21583467 23561478 23561487 48736512 48736521 51263478 51263487 76438512 76438521 78416532 78436215 87416532 87436215
12563847 12573486 21563847 21573486 25163478 25163487 31562478 31562487 68437512 68437521 74836512 74836521 78426513 78436152 87426513 87436152
12563874 12583476 21563874 21583476 32561478 32561487 47836512 47836521 52163478 52163487 67438512 67438521 78416523 78436125 87416523 87436125
12564378 12564387 12653478 12653487 21564378 21564387 21653478 21653487 78346512 78346521 78435612 78435621 87346512 87346521 87435612 87435621
12564738 12753468 13564278 13564287 16253478 16253487 21564738 21753468 78246531 78435261 83746512 83746521 86435712 86435721 87246531 87435261
12564783 12853467 21564783 21853467 23564178 23564187 38746512 38746521 61253478 61253487 76435812 76435821 78146532 78435216 87146532 87435216
12564837 12753486 21564837 21753486 26153478 26153487 31564278 31564287 68435712 68435721 73846512 73846521 78246513 78435162 87246513 87435162
12564873 12853476 21564873 21853476 32564178 32564187 37846512 37846521 62153478 62153487 67435812 67435821 78146523 78435126 87146523 87435126
12567348 12673458 14562378 14562387 15623478 15623487 21567348 21673458 78326541 78432651 84376512 84376521 85437612 85437621 87326541 87432651
12567384 12683457 21567384 21683457 24561378 24561387 48376512 48376521 51623478 51623487 75438612 75438621 78316542 78432615 87316542 87432615
12567438 12763458 14563278 14563287 16523478 16523487 21567438 21763458 78236541 78432561 83476512 83476521 85436712 85436721 87236541 87432561
12567483 12863457 21567483 21863457 24563178 24563187 38476512 38476521 61523478 61523487 75436812 75436821 78136542 78432516 87136542 87432516
12567834 12783456 21567834 21783456 34561278 34561287 43876512 43876521 56123478 56123487 65438712 65438721 78216543 78432165 87216543 87432165
12567843 12873456 21567843 21873456 34562178 34562187 34876512 34876521 65123478 65123487 65437812 65437821 78126543 78432156 87126543 87432156
12568347 12673485 21568347 21673485 25613478 25613487 41562378 41562387 58437612 58437621 74386512 74386521 78326514 78431652 87326514 87431652
12568374 12683475 21568374 21683475 42561378 42561387 47386512 47386521 52613478 52613487 57438612 57438621 78316524 78431625 87316524 87431625
12568437 12763485 21568437 21763485 26513478 26513487 41563278 41563287 58436712 58436721 73486512 73486521 78236514 78431562 87236514 87431562
12568473 12863475 21568473 21863475 37486512 37486521 42563178 42563187 57436812 57436821 62513478 62513487 78136524 78431526 87136524 87431526
12568734 12783465 21568734 21783465 43561278 43561287 43786512 43786521 56213478 56213487 56438712 56438721 78216534 78431265 87216534 87431265
12568743 12873465 21568743 21873465 34786512 34786521 43562178 43562187 56437812 56437821 65213478 65213487 78126534 78431256 87126534 87431256
12573648 15362478 15362487 21573648 78426351 84637512 84637521 87426351
12573684 12583647 21573684 21583647 25361478 25361487 48637512 48637521 51362478 51362487 74638512 74638521 78416352 78426315 87416352 87426315
12573846 21573846 35162478 35162487 64837512 64837521 78426153 87426153
12573864 12583746 21573864 21583746 35261478 35261487 46837512 46837521 53162478 53162487 64738512 64738521 78416253 78426135 87416253 87426135
12574368 12653748 13652478 13652487 15264378 15264387 21574368 21653748 78346251 78425631 84735612 84735621 86347512 86347521 87346251 87425631
12574386 12653847 21574386 21653847 25164378 25164387 31652478 31652487 68347512 68347521 74835612 74835621 78346152 78425613 87346152 87425613
12574638 12753648 15364278 15364287 16352478 16352487 21574638 21753648 78246351 78425361 83647512 83647521 84635712 84635721 87246351 87425361
12574683 12853647 21574683 21853647 25364178 25364187 38647512 38647521 61352478 61352487 74635812 74635821 78146352 78425316 87146352 87425316
12574836 12753846 21574836 21753846 35164278 35164287 36152478 36152487 63847512 63847521 64835712 64835721 78246153 78425163 87246153 87425163
12574863 12853746 21574863 21853746 35264178 35264187 36847512 36847521 63152478 63152487 64735812 64735821 78146253 78425136 87146253 87425136
12576348 12673548 15462378 15462387 15632478 15632487 21576348 21673548 78326451 78423651 84367512 84367521 84537612 84537621 87326451 87423651
12576384 12683547 21576384 21683547 25461378 25461387 48367512 48367521 51632478 51632487 74538612 74538621 78316452 78423615 87316452 87423615
12576438 12763548 15463278 15463287 16532478 16532487 21576438 21763548 78236451 78423561 83467512 83467521 84536712 84536721 87236451 87423561
12576483 12863547 21576483 21863547 25463178 25463187 38467512 38467521 61532478 61532487 74536812 74536821 78136452 78423516 87136452 87423516
12576834 12783546 21576834 21783546 35461278 35461287 43867512 43867521 56132478 56132487 64538712 64538721 78216453 78423165 87216453 87423165
12576843 12873546 21576843 21873546 34867512 34867521 35462178 35462187 64537812 64537821 65132478 65132487 78126453 78423156 87126453 87423156
12578346 12673845 21578346 21673845 35612478 35612487 45162378 45162387 54837612 54837621 64387512 64387521 78326154 78421653 87326154 87421653
12578364 12683745 21578364 21683745 45261378 45261387 46387512 46387521 53612478 53612487 54738612 54738621 78316254 78421635 87316254 87421635
12578436 12763845 21578436 21763845 36512478 36512487 45163278 45163287 54836712 54836721 63487512 63487521 78236154 78421563 87236154 87421563
12578463 12863745 21578463 21863745 36487512 36487521 45263178 45263187 54736812 54736821 63512478 63512487 78136254 78421536 87136254 87421536
12578634 12783645 21578634 21783645 43687512 43687521 45361278 45361287 54638712 54638721 56312478 56312487 78216354 78421365 87216354 87421365
12578643 12873645 21578643 21873645 34687512 34687521 45362178 45362187 54637812 54637821 65312478 65312487 78126354 78421356 87126354 87421356
12583674 21583674 47638512 47638521 52361478 52361487 78416325 87416325
12583764 21583764 46738512 46738521 53261478 53261487 78416235 87416235
12584367 12653784 21584367 21653784 23651478 23651487 48735612 48735621 51264378 51264387 76348512 76348521 78346215 78415632 87346215 87415632
12584376 12653874 21584376 21653874 32651478 32651487 47835612 47835621 52164378 52164387 67348512 67348521 78346125 78415623 87346125 87415623
12584637 12753684 21584637 21753684 26351478 26351487 48635712 48635721 51364278 51364287 73648512 73648521 78246315 78415362 87246315 87415362
12584673 12853674 21584673 21853674 37648512 37648521 47635812 47635821 52364178 52364187 62351478 62351487 78146325 78415326 87146325 87415326
12584736 12753864 21584736 21753864 36251478 36251487 46835712 46835721 53164278 53164287 63748512 63748521 78246135 78415263 87246135 87415263
12584763 12853764 21584763 21853764 36748512 36748521 46735812 46735821 53264178 53264187 63251478 63251487 78146235 78415236 87146235 87415236
12586347 12673584 21586347 21673584 25631478 25631487 48537612 48537621 51462378 51462387 74368512 74368521 78326415 78413652 87326415 87413652
12586374 12683574 21586374 21683574 47368512 47368521 47538612 47538621 52461378 52461387 52631478 52631487 78316425 78413625 87316425 87413625
12586437 12763584 21586437 21763584 26531478 26531487 48536712 48536721 51463278 51463287 73468512 73468521 78236415 78413562 87236415 87413562
12586473 12863574 21586473 21863574 37468512 37468521 47536812 47536821 52463178 52463187 62531478 62531487 78136425 78413526 87136425 87413526
12586734 12783564 21586734 21783564 43768512 43768521 46538712 46538721 53461278 53461287 56231478 56231487 78216435 78413265 87216435 87413265
12586743 12873564 21586743 21873564 34768512 34768521 46537812 46537821 53462178 53462187 65231478 65231487 78126435 78413256 87126435 87413256
12587346 12673854 21587346 21673854 35621478 35621487 45837612 45837621 54162378 54162387 64378512 64378521 78326145 78412653 87326145 87412653
12587364 12683754 21587364 21683754 45738612 45738621 46378512 46378521 53621478 53621487 54261378 54261387 78316245 78412635 87316245 87412635
12587436 12763854 21587436 21763854 36521478 36521487 45836712 45836721 54163278 54163287 63478512 63478521 78236145 78412563 87236145 87412563
12587463 12863754 21587463 21863754 36478512 36478521 45736812 45736821 54263178 54263187 63521478 63521487 78136245 78412536 87136245 87412536
12587634 12783654 21587634 21783654 43678512 43678521 45638712 45638721 54361278 54361287 56321478 56321487 78216345 78412365 87216345 87412365
12587643 12873654 21587643 21873654 34678512 34678521 45637812 45637821 54362178 54362187 65321478 65321487 78126345 78412356 87126345 87412356
12645378 12645387 21645378 21645387 78354612 78354621 87354612 87354621
12645738 12745368 13645278 13645287 16245378 16245387 21645738 21745368 78254631 78354261 83754612 83754621 86354712 86354721 87254631 87354261
12645783 12845367 21645783 21845367 23645178 23645187 38754612 38754621 61245378 61245387 76354812 76354821 78154632 78354216 87154632 87354216
12645837 12745386 21645837 21745386 26145378 26145387 31645278 31645287 68354712 68354721 73854612 73854621 78254613 78354162 87254613 87354162
12645873 12845376 21645873 21845376 32645178 32645187 37854612 37854621 62145378 62145387 67354812 67354821 78154623 78354126 87154623 87354126
12647358 14625378 14625387 21647358 78352641 85374612 85374621 87352641
12647385 12648357 21647385 21648357 24615378 24615387 41625378 41625387 58374612 58374621 75384612 75384621 78351642 78352614 87351642 87352614
12647538 12746358 14635278 14635287 16425378 16425387 21647538 21746358 78253641 78352461 83574612 83574621 85364712 85364721 87253641 87352461
12647583 12846357 21647583 21846357 24635178 24635187 38574612 38574621 61425378 61425387 75364812 75364821 78153642 78352416 87153642 87352416
12647835 12748356 21647835 21748356 34615278 34615287 46125378 46125387 53874612 53874621 65384712 65384721 78251643 78352164 87251643 87352164
12647853 12847356 21647853 21847356 34625178 34625187 35874612 35874621 64125378 64125387 65374812 65374821 78152643 78352146 87152643 87352146
12648375 21648375 42615378 42615387 57384612 57384621 78351624 87351624
12648537 12746385 21648537 21746385 26415378 26415387 41635278 41635287 58364712 58364721 73584612 73584621 78253614 78351462 87253614 87351462
12648573 12846375 21648573 21846375 37584612 37584621 42635178 42635187 57364812 57364821 62415378 62415387 78153624 78351426 87153624 87351426
12648735 12748365 21648735 21748365 43615278 43615287 46215378 46215387 53784612 53784621 56384712 56384721 78251634 78351264 87251634 87351264
12648753 12847365 21648753 21847365 35784612 35784621 43625178 43625187 56374812 56374821 64215378 64215387 78152634 78351246 87152634 87351246
12654378 12654387 21654378 21654387 78345612 78345621 87345612 87345621
12654738 12754368 13654278 13654287 16254378 16254387 21654738 21754368 78245631 78345261 83745612 83745621 86345712 86345721 87245631 87345261
12654783 12854367 21654783 21854367 23654178 23654187 38745612 38745621 61254378 61254387 76345812 76345821 78145632 78345216 87145632 87345216
12654837 12754386 21654837 21754386 26154378 26154387 31654278 31654287 68345712 68345721 73845612 73845621 78245613 78345162 87245613 87345162
12654873 12854376 21654873 21854376 32654178 32654187 37845612 37845621 62154378 62154387 67345812 67345821 78145623 78345126 87145623 87345126
12657348 12674358 14652378 14652387 15624378 15624387 21657348 21674358 78325641 78342651 84375612 84375621 85347612 85347621 87325641 87342651
12657384 12684357 21657384 21684357 24651378 24651387 48375612 48375621 51624378 51624387 75348612 75348621 78315642 78342615 87315642 87342615
12657438 12764358 14653278 14653287 16524378 16524387 21657438 21764358 78235641 78342561 83475612 83475621 85346712 85346721 87235641 87342561
12657483 12864357 21657483 21864357 24653178 24653187 38475612 38475621 61524378 61524387 75346812 75346821 78135642 78342516 87135642 87342516
12657834 12784356 21657834 21784356 34651278 34651287 43875612 43875621 56124378 56124387 65348712 65348721 78215643 78342165 87215643 87342165
12657843 12874356 21657843 21874356 34652178 34652187 34875612 34875621 65124378 65124387 65347812 65347821 78125643 78342156 87125643 87342156
12658347 12674385 21658347 21674385 25614378 25614387 41652378 41652387 58347612 58347621 74385612 74385621 78325614 78341652 87325614 87341652
12658374 12684375 21658374 21684375 42651378 42651387 47385612 47385621 52614378 52614387 57348612 57348621 78315624 78341625 87315624 87341625
12658437 12764385 21658437 21764385 26514378 26514387 41653278 41653287 58346712 58346721 73485612 73485621 78235614 78341562 87235614 87341562
12658473 12864375 21658473 21864375 37485612 37485621 42653178 42653187 57346812 57346821 62514378 62514387 78135624 78341526 87135624 87341526
12658734 12784365 21658734 21784365 43651278 43651287 43785612 43785621 56214378 56214387 56348712 56348721 78215634 78341265 87215634 87341265
12658743 12874365 21658743 21874365 34785612 34785621 43652178 43652187 56347812 56347821 65214378 65214387 78125634 78341256 87125634 87341256
12674538 12756348 15634278 15634287 16452378 16452387 21674538 21756348 78243651 78325461 83547612 83547621 84365712 84365721 87243651 87325461
12674583 12856347 21674583 21856347 25634178 25634187 38547612 38547621 61452378 61452387 74365812 74365821 78143652 78325416 87143652 87325416
12674835 12758346 21674835 21758346 35614278 35614287 46152378 46152387 53847612 53847621 64385712 64385721 78241653 78325164 87241653 87325164
12674853 12857346 21674853 21857346 35624178 35624187 35847612 35847621 64152378 64152387 64375812 64375821 78142653 78325146 87142653 87325146
12675348 15642378 15642387 21675348 78324651 84357612 84357621 87324651
12675384 12685347 21675384 21685347 25641378 25641387 48357612 48357621 51642378 51642387 74358612 74358621 78314652 78324615 87314652 87324615
12675438 12765348 15643278 15643287 16542378 16542387 21675438 21765348 78234651 78324561 83457612 83457621 84356712 84356721 87234651 87324561
12675483 12865347 21675483 21865347 25643178 25643187 38457612 38457621 61542378 61542387 74356812 74356821 78134652 78324516 87134652 87324516
12675834 12785346 21675834 21785346 35641278 35641287 43857612 43857621 56142378 56142387 64358712 64358721 78214653 78324165 87214653 87324165
12675843 12875346 21675843 21875346 34857612 34857621 35642178 35642187 64357812 64357821 65142378 65142387 78124653 78324156 87124653 87324156
12678345 21678345 45612378 45612387 54387612 54387621 78321654 87321654
12678354 12687345 21678354 21687345 45387612 45387621 45621378 45621387 54378612 54378621 54612378 54612387 78312654 78321645 87312654 87321645
12678435 12768345 21678435 21768345 45613278 45613287 46512378 46512387 53487612 53487621 54386712 54386721 78231654 78321564 87231654 87321564
12678453 12867345 21678453 21867345 35487612 35487621 45623178 45623187 54376812 54376821 64512378 64512387 78132654 78321546 87132654 87321546
12678534 12786345 21678534 21786345 43587612 43587621 45631278 45631287 54368712 54368721 56412378 56412387 78213654 78321465 87213654 87321465
12678543 12876345 21678543 21876345 34587612 34587621 45632178 45632187 54367812 54367821 65412378 65412387 78123654 78321456 87123654 87321456
12684537 12756384 21684537 21756384 26451378 26451387 48365712 48365721 51634278 51634287 73548612 73548621 78243615 78315462 87243615 87315462
12684573 12856374 21684573 21856374 37548612 37548621 47365812 47365821 52634178 52634187 62451378 62451387 78143625 78315426 87143625 87315426
12684735 12758364 21684735 21758364 46251378 46251387 46385712 46385721 53614278 53614287 53748612 53748621 78241635 78315264 87241635 87315264
12684753 12857364 21684753 21857364 35748612 35748621 46375812 46375821 53624178 53624187 64251378 64251387 78142635 78315246 87142635 87315246
12685374 21685374 47358612 47358621 52641378 52641387 78314625 87314625
12685437 12765384 21685437 21765384 26541378 26541387 48356712 48356721 51643278 51643287 73458612 73458621 78234615 78314562 87234615 87314562
12685473 12865374 21685473 21865374 37458612 37458621 47356812 47356821 52643178 52643187 62541378 62541387 78134625 78314526 87134625 87314526
12685734 12785364 21685734 21785364 43758612 43758621 46358712 46358721 53641278 53641287 56241378 56241387 78214635 78314265 87214635 87314265
12685743 12875364 21685743 21875364 34758612 34758621 46357812 46357821 53642178 53642187 65241378 65241387 78124635 78314256 87124635 87314256
12687354 21687354 45378612 45378621 54621378 54621387 78312645 87312645
12687435 12768354 21687435 21768354 45386712 45386721 46521378 46521387 53478612 53478621 54613278 54613287 78231645 78312564 87231645 87312564
12687453 12867354 21687453 21867354 35478612 35478621 45376812 45376821 54623178 54623187 64521378 64521387 78132645 78312546 87132645 87312546
12687534 12786354 21687534 21786354 43578612 43578621 45368712 45368721 54631278 54631287 56421378 56421387 78213645 78312465 87213645 87312465
12687543 12876354 21687543 21876354 34578612 34578621 45367812 45367821 54632178 54632187 65421378 65421387 78123645 78312456 87123645 87312456
12745638 16345278 16345287 21745638 78254361 83654712 83654721 87254361
12745683 12845637 21745683 21845637 26345178 26345187 38654712 38654721 61345278 61345287 73654812 73654821 78154362 78254316 87154362 87254316
12745836 21745836 36145278 36145287 63854712 63854721 78254163 87254163
12745863 12845736 21745863 21845736 36245178 36245187 36854712 36854721 63145278 63145287 63754812 63754821 78154263 78254136 87154263 87254136
12746538 16435278 16435287 21746538 78253461 83564712 83564721 87253461
12746583 12846537 21746583 21846537 26435178 26435187 38564712 38564721 61435278 61435287 73564812 73564821 78153462 78253416 87153462 87253416
12746835 12748536 21746835 21748536 36415278 36415287 46135278 46135287 53864712 53864721 63584712 63584721 78251463 78253164 87251463 87253164
12746853 12847536 21746853 21847536 35864712 35864721 36425178 36425187 63574812 63574821 64135278 64135287 78152463 78253146 87152463 87253146
12748563 12846735 21748563 21846735 36584712 36584721 46235178 46235187 53764812 53764821 63415278 63415287 78153264 78251436 87153264 87251436
12748635 21748635 46315278 46315287 53684712 53684721 78251364 87251364
12748653 12847635 21748653 21847635 35684712 35684721 46325178 46325187 53674812 53674821 64315278 64315287 78152364 78251346 87152364 87251346
12754638 16354278 16354287 21754638 78245361 83645712 83645721 87245361
12754683 12854637 21754683 21854637 26354178 26354187 38645712 38645721 61354278 61354287 73645812 73645821 78145362 78245316 87145362 87245316
12754836 21754836 36154278 36154287 63845712 63845721 78245163 87245163
12754863 12854736 21754863 21854736 36254178 36254187 36845712 36845721 63154278 63154287 63745812 63745821 78145263 78245136 87145263 87245136
12756438 12764538 16453278 16453287 16534278 16534287 21756438 21764538 78235461 78243561 83465712 83465721 83546712 83546721 87235461 87243561
12756483 12864537 21756483 21864537 26453178 26453187 38465712 38465721 61534278 61534287 73546812 73546821 78135462 78243516 87135462 87243516
12756834 12784536 21756834 21784536 36451278 36451287 43865712 43865721 56134278 56134287 63548712 63548721 78215463 78243165 87215463 87243165
12756843 12874536 21756843 21874536 34865712 34865721 36452178 36452187 63547812 63547821 65134278 65134287 78125463 78243156 87125463 87243156
12758436 12764835 21758436 21764835 36514278 36514287 46153278 46153287 53846712 53846721 63485712 63485721 78235164 78241563 87235164 87241563
12758463 12864735 21758463 21864735 36485712 36485721 46253178 46253187 53746812 53746821 63514278 63514287 78135264 78241536 87135264 87241536
12758634 12784635 21758634 21784635 43685712 43685721 46351278 46351287 53648712 53648721 56314278 56314287 78215364 78241365 87215364 87241365
12758643 12874635 21758643 21874635 34685712 34685721 46352178 46352187 53647812 53647821 65314278 65314287 78125364 78241356 87125364 87241356
12764583 12856437 21764583 21856437 26534178 26534187 38546712 38546721 61453278 61453287 73465812 73465821 78143562 78235416 87143562 87235416
12764853 12857436 21764853 21857436 35846712 35846721 36524178 36524187 63475812 63475821 64153278 64153287 78142563 78235146 87142563 87235146
12765438 16543278 16543287 21765438 78234561 83456712 83456721 87234561
12765483 12865437 21765483 21865437 26543178 26543187 38456712 38456721 61543278 61543287 73456812 73456821 78134562 78234516 87134562 87234516
12765834 12785436 21765834 21785436 36541278 36541287 43856712 43856721 56143278 56143287 63458712 63458721 78214563 78234165 87214563 87234165
12765843 12875436 21765843 21875436 34856712 34856721 36542178 36542187 63457812 63457821 65143278 65143287 78124563 78234156 87124563 87234156
12768435 21768435 46513278 46513287 53486712 53486721 78231564 87231564
12768453 12867435 21768453 21867435 35486712 35486721 46523178 46523187 53476812 53476821 64513278 64513287 78132564 78231546 87132564 87231546
12768534 12786435 21768534 21786435 43586712 43586721 46531278 46531287 53468712 53468721 56413278 56413287 78213564 78231465 87213564 87231465
12768543 12876435 21768543 21876435 34586712 34586721 46532178 46532187 53467812 53467821 65413278 65413287 78123564 78231456 87123564 87231456
12784563 12856734 21784563 21856734 36548712 36548721 43765812 43765821 56234178 56234187 63451278 63451287 78143265 78215436 87143265 87215436
12784653 12857634 21784653 21857634 35648712 35648721 43675812 43675821 56324178 56324187 64351278 64351287 78142365 78215346 87142365 87215346
12785463 12865734 21785463 21865734 36458712 36458721 43756812 43756821 56243178 56243187 63541278 63541287 78134265 78214536 87134265 87214536
12785634 21785634 43658712 43658721 56341278 56341287 78214365 87214365
12785643 12875634 21785643 21875634 34658712 34658721 43657812 43657821 56342178 56342187 65341278 65341287 78124365 78214356 87124365 87214356
12786453 12867534 21786453 21867534 35468712 35468721 43576812 43576821 56423178 56423187 64531278 64531287 78132465 78213546 87132465 87213546
12786534 21786534 43568712 43568721 56431278 56431287 78213465 87213465
12786543 12876534 21786543 21876534 34568712 34568721 43567812 43567821 56432178 56432187 65431278 65431287 78123465 78213456 87123465 87213456
12845673 21845673 37654812 37654821 62345178 62345187 78154326 87154326
12845763 21845763 36754812 36754821 63245178 63245187 78154236 87154236
12846573 21846573 37564812 37564821 62435178 62435187 78153426 87153426
12846753 12847563 21846753 21847563 35764812 35764821 36574812 36574821 63425178 63425187 64235178 64235187 78152436 78153246 87152436 87153246
12847653 21847653 35674812 35674821 64325178 64325187 78152346 87152346
12854673 21854673 37645812 37645821 62354178 62354187 78145326 87145326
12854763 21854763 36745812 36745821 63254178 63254187 78145236 87145236
12856473 12864573 21856473 21864573 37465812 37465821 37546812 37546821 62453178 62453187 62534178 62534187 78135426 78143526 87135426 87143526
12856743 12874563 21856743 21874563 34765812 34765821 36547812 36547821 63452178 63452187 65234178 65234187 78125436 78143256 87125436 87143256
12857463 12864753 21857463 21864753 35746812 35746821 36475812 36475821 63524178 63524187 64253178 64253187 78135246 78142536 87135246 87142536
12857643 12874653 21857643 21874653 34675812 34675821 35647812 35647821 64352178 64352187 65324178 65324187 78125346 78142356 87125346 87142356
12865473 21865473 37456812 37456821 62543178 62543187 78134526 87134526
12865743 12875463 21865743 21875463 34756812 34756821 36457812 36457821 63542178 63542187 65243178 65243187 78124536 78134256 87124536 87134256
12867453 21867453 35476812 35476821 64523178 64523187 78132546 87132546
12867543 12876453 21867543 21876453 34576812 34576821 35467812 35467821 64532178 64532187 65423178 65423187 78123546 78132456 87123546 87132456
12875643 21875643 34657812 34657821 65342178 65342187 78124356 87124356
13245768 86754231
13245786 13245867 23145768 31245768 68754231 76854231 86754132 86754213
13246758 13247568 13425768 14235768 85764231 86574231 86752431 86753241
13246785 13248567 23415768 41235768 58764231 76584231 86751432 86753214
13246857 13247586 24135768 31425768 68574231 75864231 86752413 86753142
13246875 13248576 32415768 42135768 57864231 67584231 86751423 86753124
13247658 14325768 85674231 86752341
13247685 13248657 24315768 41325768 58674231 75684231 86751342 86752314
13247856 34125768 65874231 86752143
13247865 13248756 34215768 43125768 56874231 65784231 86751243 86752134
13248675 42315768 57684231 86751324
13254768 86745231
13254786 13254867 23154768 31254768 68745231 76845231 86745132 86745213
13256748 13274568 13452768 15234768 84765231 86547231 86725431 86743251
13256784 13284567 23451768 48765231 51234768 76548231 86715432 86743215
13256847 13274586 25134768 31452768 68547231 74865231 86725413 86743152
13256874 13284576 32451768 47865231 52134768 67548231 86715423 86743125
13257468 13264758 13524768 14253768 85746231 86475231 86735241 86742531
13257486 13264857 24153768 31524768 68475231 75846231 86735142 86742513
13257648 13274658 14352768 15324768 84675231 85647231 86725341 86742351
13257684 13284657 24351768 48675231 51324768 75648231 86715342 86742315
13257846 13274856 34152768 35124768 64875231 65847231 86725143 86742153
13257864 13284756 34251768 46875231 53124768 65748231 86715243 86742135
13258467 13264785 23514768 41253768 58746231 76485231 86735214 86741532
13258476 13264875 32514768 42153768 57846231 67485231 86735124 86741523
13258647 13274685 25314768 41352768 58647231 74685231 86725314 86741352
13258674 13284675 42351768 47685231 52314768 57648231 86715324 86741325
13258746 13274865 35214768 43152768 56847231 64785231 86725134 86741253
13258764 13284765 43251768 46785231 53214768 56748231 86715234 86741235
13265748 13275468 13542768 15243768 84756231 86457231 86724531 86734251
13265784 13285467 23541768 48756231 51243768 76458231 86714532 86734215
13265847 13275486 25143768 31542768 68457231 74856231 86724513 86734152
13265874 13285476 32541768 47856231 52143768 67458231 86714523 86734125
13267458 14523768 85476231 86732541
13267485 13268457 24513768 41523768 58476231 75486231 86731542 86732514
13267548 13276458 14532768 15423768 84576231 85467231 86723541 86732451
13267584 13286457 24531768 48576231 51423768 75468231 86713542 86732415
13267845 13278456 34512768 45123768 54876231 65487231 86721543 86732154
13267854 13287456 34521768 45876231 54123768 65478231 86712543 86732145
13268475 42513768 57486231 86731524
13268547 13276485 25413768 41532768 58467231 74586231 86723514 86731452
13268574 13286475 42531768 47586231 52413768 57468231 86713524 86731425
13268745 13278465 43512768 45213768 54786231 56487231 86721534 86731254
13268754 13287465 43521768 45786231 54213768 56478231 86712534 86731245
13275648 15342768 84657231 86724351
13275684 13285647 25341768 48657231 51342768 74658231 86714352 86724315
13275846 35142768 64857231 86724153
13275864 13285746 35241768 46857231 53142768 64758231 86714253 86724135
13276548 15432768 84567231 86723451
13276584 13286547 25431768 48567231 51432768 74568231 86713452 86723415
13276845 13278546 35412768 45132768 54867231 64587231 86721453 86723154
13276854 13287546 35421768 45867231 54132768 64578231 86712453 86723145
13278564 13286745 45231768 46587231 53412768 54768231 86713254 86721435
13278645 45312768 54687231 86721354
13278654 13287645 45321768 45687231 54312768 54678231 86712354 86721345
13285674 47658231 52341768 86714325
13285764 46758231 53241768 86714235
13286574 47568231 52431768 86713425
13286754 13287564 45768231 46578231 53421768 54231768 86712435 86713245
13425786 13425867 14235786 14235867 23146758 23147568 31246758 31247568 68752431 68753241 76852431 76853241 85764132 85764213 86574132 86574213
13426758 14237568 85762431 86573241
13426785 14238567 23416758 41237568 58762431 76583241 85761432 86573214
13426857 14237586 24137568 31426758 68573241 75862431 85762413 86573142
13426875 14238576 32416758 42137568 57862431 67583241 85761423 86573124
13427568 14236758 85763241 86572431
13427586 14236857 24136758 31427568 68572431 75863241 85763142 86572413
13427658 14237658 14326758 14327568 85672431 85673241 85762341 86572341
13427685 14238657 24316758 41327568 58672431 75683241 85761342 86572314
13427856 14237856 34126758 34127568 65872431 65873241 85762143 86572143
13427865 14238756 34216758 43127568 56872431 65783241 85761243 86572134
13428567 14236785 23417568 41236758 58763241 76582431 85763214 86571432
13428576 14236875 32417568 42136758 57863241 67582431 85763124 86571423
13428657 14237685 24317568 41326758 58673241 75682431 85762314 86571342
13428675 14238675 42316758 42317568 57682431 57683241 85761324 86571324
13428756 14237865 34217568 43126758 56873241 65782431 85762134 86571243
13452786 13452867 15234786 15234867 23156748 23174568 31256748 31274568 68725431 68743251 76825431 76843251 84765132 84765213 86547132 86547213
13456728 17234568 82765431 86543271
13456782 18234567 23456718 28765431 71234568 76543281 81765432 86543217
13456827 17234586 27134568 31456728 68543271 72865431 82765413 86543172
13456872 18234576 27865431 32456718 67543281 72134568 81765423 86543127
13457268 13724568 14256738 16234758 83765241 85743261 86275431 86542731
13457286 16234857 24156738 31724568 68275431 75843261 83765142 86542713
13457628 14356728 17234658 17324568 82675431 82765341 85643271 86542371
13457682 18234657 24356718 28675431 71324568 75643281 81765342 86542317
13457826 17234856 34156728 37124568 62875431 65843271 82765143 86542173
13457862 18234756 26875431 34256718 65743281 73124568 81765243 86542137
13458267 16234785 23714568 41256738 58743261 76285431 83765214 86541732
13458276 16234875 32714568 42156738 57843261 67285431 83765124 86541723
13458627 17234685 27314568 41356728 58643271 72685431 82765314 86541372
13458672 18234675 27685431 42356718 57643281 72314568 81765324 86541327
13458726 17234865 37214568 43156728 56843271 62785431 82765134 86541273
13458762 18234765 26785431 43256718 56743281 73214568 81765234 86541237
13462758 13526748 14273568 15237468 84762531 85726431 86473251 86537241
13462785 15238467 23516748 41273568 58726431 76483251 84761532 86537214
13462857 15237486 24173568 31526748 68473251 75826431 84762513 86537142
13462875 15238476 32516748 42173568 57826431 67483251 84761523 86537124
13465728 13546728 17235468 17243568 82756431 82764531 86453271 86534271
13465782 18235467 23546718 28756431 71243568 76453281 81764532 86534217
13465827 17235486 27143568 31546728 68453271 72856431 82764513 86534172
13465872 18235476 27856431 32546718 67453281 72143568 81764523 86534127
13467258 14526738 14723568 16237458 83762541 85276431 85473261 86532741
13467285 16238457 24516738 41723568 58276431 75483261 83761542 86532714
13467528 14536728 17236458 17423568 82576431 82763541 85463271 86532471
13467582 18236457 24536718 28576431 71423568 75463281 81763542 86532417
13467825 17238456 34516728 47123568 52876431 65483271 82761543 86532174
13467852 18237456 25876431 34526718 65473281 74123568 81762543 86532147
13468257 16237485 24713568 41526738 58473261 75286431 83762514 86531742
13468275 16238475 42516738 42713568 57286431 57483261 83761524 86531724
13468527 17236485 27413568 41536728 58463271 72586431 82763514 86531472
13468572 18236475 27586431 42536718 57463281 72413568 81763524 86531427
13468725 17238465 43516728 47213568 52786431 56483271 82761534 86531274
13468752 18237465 25786431 43526718 56473281 74213568 81762534 86531247
13472568 15236748 84763251 86527431
13472586 15236847 25136748 31472568 68527431 74863251 84763152 86527413
13472658 14372568 15237648 15326748 84673251 84762351 85627431 86527341
13472685 15238647 25316748 41372568 58627431 74683251 84761352 86527314
13472856 15237846 34172568 35126748 64873251 65827431 84762153 86527143
13472865 15238746 35216748 43172568 56827431 64783251 84761253 86527134
13475268 13742568 15246738 16235748 83764251 84753261 86257431 86524731
13475286 16235847 25146738 31742568 68257431 74853261 83764152 86524713
13475628 15346728 17235648 17342568 82657431 82764351 84653271 86524371
13475682 18235647 25346718 28657431 71342568 74653281 81764352 86524317
13475826 17235846 35146728 37142568 62857431 64853271 82764153 86524173
13475862 18235746 26857431 35246718 64753281 73142568 81764253 86524137
13476258 14732568 15426738 16237548 83762451 84573261 85267431 86523741
13476285 16238547 25416738 41732568 58267431 74583261 83761452 86523714
13476528 15436728 17236548 17432568 82567431 82763451 84563271 86523471
13476582 18236547 25436718 28567431 71432568 74563281 81763452 86523417
13476825 17238546 35416728 47132568 52867431 64583271 82761453 86523174
13476852 18237546 25867431 35426718 64573281 74132568 81762453 86523147
13478256 16237845 34712568 45126738 54873261 65287431 83762154 86521743
13478265 16238745 43712568 45216738 54783261 56287431 83761254 86521734
13478526 17236845 37412568 45136728 54863271 62587431 82763154 86521473
13478562 18236745 26587431 45236718 54763281 73412568 81763254 86521437
13478625 17238645 45316728 47312568 52687431 54683271 82761354 86521374
13478652 18237645 25687431 45326718 54673281 74312568 81762354 86521347
13482567 15236784 23471568 48763251 51236748 76528431 84763215 86517432
13482576 15236874 32471568 47863251 52136748 67528431 84763125 86517423
13482657 15237684 24371568 48673251 51326748 75628431 84762315 86517342
13482675 15238674 42371568 47683251 52316748 57628431 84761325 86517324
13482756 15237864 34271568 46873251 53126748 65728431 84762135 86517243
13482765 15238764 43271568 46783251 53216748 56728431 84761235 86517234
13485267 16235784 23741568 48753261 51246738 76258431 83764215 86514732
13485276 16235874 32741568 47853261 52146738 67258431 83764125 86514723
13485627 17235684 27341568 48653271 51346728 72658431 82764315 86514372
13485672 18235674 27658431 47653281 52346718 72341568 81764325 86514327
13485726 17235864 37241568 46853271 53146728 62758431 82764135 86514273
13485762 18235764 26758431 46753281 53246718 73241568 81764235 86514237
13486257 16237584 24731568 48573261 51426738 75268431 83762415 86513742
13486275 16238574 42731568 47583261 52416738 57268431 83761425 86513724
13486527 17236584 27431568 48563271 51436728 72568431 82763415 86513472
13486572 18236574 27568431 47563281 52436718 72431568 81763425 86513427
13486725 17238564 46583271 47231568 52768431 53416728 82761435 86513274
13486752 18237564 25768431 46573281 53426718 74231568 81762435 86513247
13487256 16237854 34721568 45873261 54126738 65278431 83762145 86512743
13487265 16238754 43721568 45783261 54216738 56278431 83761245 86512734
13487526 17236854 37421568 45863271 54136728 62578431 82763145 86512473
13487562 18236754 26578431 45763281 54236718 73421568 81763245 86512437
13487625 17238654 45683271 47321568 52678431 54316728 82761345 86512374
13487652 18237654 25678431 45673281 54326718 74321568 81762345 86512347
13524786 13524867 14253786 14253867 23157468 23164758 31257468 31264758 68735241 68742531 76835241 76842531 85746132 85746213 86475132 86475213
13526784 14283567 23461758 48762531 51237468 76538241 85716432 86473215
13526847 14273586 25137468 31462758 68537241 74862531 85726413 86473152
13526874 14283576 32461758 47862531 52137468 67538241 85716423 86473125
13527468 14263758 85736241 86472531
13527486 14263857 24163758 31527468 68472531 75836241 85736142 86472513
13527648 14273658 14362758 15327468 84672531 85637241 85726341 86472351
13527684 14283657 24361758 48672531 51327468 75638241 85716342 86472315
13527846 14273856 34162758 35127468 64872531 65837241 85726143 86472153
13527864 14283756 34261758 46872531 53127468 65738241 85716243 86472135
13528467 14263785 23517468 41263758 58736241 76482531 85736214 86471532
13528476 14263875 32517468 42163758 57836241 67482531 85736124 86471523
13528647 14273685 25317468 41362758 58637241 74682531 85726314 86471352
13528674 14283675 42361758 47682531 52317468 57638241 85716324 86471325
13528746 14273865 35217468 43162758 56837241 64782531 85726134 86471253
13528764 14283765 43261758 46782531 53217468 56738241 85716234 86471235
13542786 13542867 15243786 15243867 23165748 23175468 31265748 31275468 68724531 68734251 76824531 76834251 84756132 84756213 86457132 86457213
13546782 18243567 23465718 28764531 71235468 76534281 81756432 86453217
13546827 17243586 27135468 31465728 68534271 72864531 82756413 86453172
13546872 18243576 27864531 32465718 67534281 72135468 81756423 86453127
13547268 13725468 14265738 16243758 83756241 85734261 86274531 86452731
13547286 16243857 24165738 31725468 68274531 75834261 83756142 86452713
13547628 14365728 17243658 17325468 82674531 82756341 85634271 86452371
13547682 18243657 24365718 28674531 71325468 75634281 81756342 86452317
13547826 17243856 34165728 37125468 62874531 65834271 82756143 86452173
13547862 18243756 26874531 34265718 65734281 73125468 81756243 86452137
13548267 16243785 23715468 41265738 58734261 76284531 83756214 86451732
13548276 16243875 32715468 42165738 57834261 67284531 83756124 86451723
13548627 17243685 27315468 41365728 58634271 72684531 82756314 86451372
13548672 18243675 27684531 42365718 57634281 72315468 81756324 86451327
13548726 17243865 37215468 43165728 56834271 62784531 82756134 86451273
13548762 18243765 26784531 43265718 56734281 73215468 81756234 86451237
13562748 15273468 84726531 86437251
13562784 15283467 23561748 48726531 51273468 76438251 84716532 86437215
13562847 15273486 25173468 31562748 68437251 74826531 84726513 86437152
13562874 15283476 32561748 47826531 52173468 67438251 84716523 86437125
13564728 17253468 82746531 86435271
13564782 18253467 23564718 28746531 71253468 76435281 81746532 86435217
13564827 17253486 27153468 31564728 68435271 72846531 82746513 86435172
13564872 18253476 27846531 32564718 67435281 72153468 81746523 86435127
13567248 14562738 15723468 16273458 83726541 84276531 85437261 86432751
13567284 16283457 24561738 48276531 51723468 75438261 83716542 86432715
13567428 14563728 17263458 17523468 82476531 82736541 85436271 86432571
13567482 18263457 24563718 28476531 71523468 75436281 81736542 86432517
13567824 17283456 34561728 42876531 57123468 65438271 82716543 86432175
13567842 18273456 24876531 34562718 65437281 75123468 81726543 86432157
13568247 16273485 25713468 41562738 58437261 74286531 83726514 86431752
13568274 16283475 42561738 47286531 52713468 57438261 83716524 86431725
13568427 17263485 27513468 41563728 58436271 72486531 82736514 86431572
13568472 18263475 27486531 42563718 57436281 72513468 81736524 86431527
13568724 17283465 42786531 43561728 56438271 57213468 82716534 86431275
13568742 18273465 24786531 43562718 56437281 75213468 81726534 86431257
13572468 15263748 84736251 86427531
13572486 15263847 25163748 31572468 68427531 74836251 84736152 86427513
13572648 15273648 15362748 15372468 84627531 84637251 84726351 86427351
13572684 15283647 25361748 48627531 51372468 74638251 84716352 86427315
13572846 15273846 35162748 35172468 64827531 64837251 84726153 86427153
13572864 15283746 35261748 46827531 53172468 64738251 84716253 86427135
13574268 13752468 15264738 16253748 83746251 84735261 86247531 86425731
13574286 16253847 25164738 31752468 68247531 74835261 83746152 86425713
13574628 15364728 17253648 17352468 82647531 82746351 84635271 86425371
13574682 18253647 25364718 28647531 71352468 74635281 81746352 86425317
13574826 17253846 35164728 37152468 62847531 64835271 82746153 86425173
13574862 18253746 26847531 35264718 64735281 73152468 81746253 86425137
13576248 15462738 15732468 16273548 83726451 84267531 84537261 86423751
13576284 16283547 25461738 48267531 51732468 74538261 83716452 86423715
13576428 15463728 17263548 17532468 82467531 82736451 84536271 86423571
13576482 18263547 25463718 28467531 71532468 74536281 81736452 86423517
13576824 17283546 35461728 42867531 57132468 64538271 82716453 86423175
13576842 18273546 24867531 35462718 64537281 75132468 81726453 86423157
13578246 16273845 35712468 45162738 54837261 64287531 83726154 86421753
13578264 16283745 45261738 46287531 53712468 54738261 83716254 86421735
13578426 17263845 37512468 45163728 54836271 62487531 82736154 86421573
13578462 18263745 26487531 45263718 54736281 73512468 81736254 86421537
13578624 17283645 42687531 45361728 54638271 57312468 82716354 86421375
13578642 18273645 24687531 45362718 54637281 75312468 81726354 86421357
13582467 15263784 23571468 48736251 51263748 76428531 84736215 86417532
13582476 15263874 32571468 47836251 52163748 67428531 84736125 86417523
13582647 15273684 25371468 48637251 51362748 74628531 84726315 86417352
13582674 15283674 47628531 47638251 52361748 52371468 84716325 86417325
13582746 15273864 35271468 46837251 53162748 64728531 84726135 86417253
13582764 15283764 46728531 46738251 53261748 53271468 84716235 86417235
13584267 16253784 23751468 48735261 51264738 76248531 83746215 86415732
13584276 16253874 32751468 47835261 52164738 67248531 83746125 86415723
13584627 17253684 27351468 48635271 51364728 72648531 82746315 86415372
13584672 18253674 27648531 47635281 52364718 72351468 81746325 86415327
13584726 17253864 37251468 46835271 53164728 62748531 82746135 86415273
13584762 18253764 26748531 46735281 53264718 73251468 81746235 86415237
13586247 16273584 25731468 48537261 51462738 74268531 83726415 86413752
13586274 16283574 47268531 47538261 52461738 52731468 83716425 86413725
13586427 17263584 27531468 48536271 51463728 72468531 82736415 86413572
13586472 18263574 27468531 47536281 52463718 72531468 81736425 86413527
13586724 17283564 42768531 46538271 53461728 57231468 82716435 86413275
13586742 18273564 24768531 46537281 53462718 75231468 81726435 86413257
13587246 16273854 35721468 45837261 54162738 64278531 83726145 86412753
13587264 16283754 45738261 46278531 53721468 54261738 83716245 86412735
13587426 17263854 37521468 45836271 54163728 62478531 82736145 86412573
13587462 18263754 26478531 45736281 54263718 73521468 81736245 86412537
13587624 17283654 42678531 45638271 54361728 57321468 82716345 86412375
13587642 18273654 24678531 45637281 54362718 75321468 81726345 86412357
13624758 14257368 85742631 86375241
13624785 14258367 23614758 41257368 58742631 76385241 85741632 86375214
13624857 14257386 24157368 31624758 68375241 75842631 85742613 86375142
13624875 14258376 32614758 42157368 57842631 67385241 85741623 86375124
13625748 13642758 14275368 15247368 84752631 85724631 86357241 86374251
13625784 14285367 23641758 48752631 51247368 76358241 85714632 86374215
13625847 14275386 25147368 31642758 68357241 74852631 85724613 86374152
13625874 14285376 32641758 47852631 52147368 67358241 85714623 86374125
13627458 14267358 14527368 14623758 85376241 85472631 85732641 86372541
13627485 14268357 24613758 41527368 58472631 75386241 85731642 86372514
13627548 14276358 14632758 15427368 84572631 85367241 85723641 86372451
13627584 14286357 24631758 48572631 51427368 75368241 85713642 86372415
13627845 14278356 34612758 45127368 54872631 65387241 85721643 86372154
13627854 14287356 34621758 45872631 54127368 65378241 85712643 86372145
13628457 14267385 24517368 41623758 58376241 75482631 85732614 86371542
13628475 14268375 42517368 42613758 57386241 57482631 85731624 86371524
13628547 14276385 25417368 41632758 58367241 74582631 85723614 86371452
13628574 14286375 42631758 47582631 52417368 57368241 85713624 86371425
13628745 14278365 43612758 45217368 54782631 56387241 85721634 86371254
13628754 14287365 43621758 45782631 54217368 56378241 85712634 86371245
13642785 15248367 23615748 41275368 58724631 76384251 84751632 86357214
13642857 15247386 24175368 31625748 68374251 75824631 84752613 86357142
13642875 15248376 32615748 42175368 57824631 67384251 84751623 86357124
13645728 17245368 82754631 86354271
13645782 18245367 23645718 28754631 71245368 76354281 81754632 86354217
13645827 17245386 27145368 31645728 68354271 72854631 82754613 86354172
13645872 18245376 27854631 32645718 67354281 72145368 81754623 86354127
13647258 14625738 14725368 16247358 83752641 85274631 85374261 86352741
13647285 16248357 24615738 41725368 58274631 75384261 83751642 86352714
13647528 14635728 17246358 17425368 82574631 82753641 85364271 86352471
13647582 18246357 24635718 28574631 71425368 75364281 81753642 86352417
13647825 17248356 34615728 47125368 52874631 65384271 82751643 86352174
13647852 18247356 25874631 34625718 65374281 74125368 81752643 86352147
13648257 16247385 24715368 41625738 58374261 75284631 83752614 86351742
13648275 16248375 42615738 42715368 57284631 57384261 83751624 86351724
13648527 17246385 27415368 41635728 58364271 72584631 82753614 86351472
13648572 18246375 27584631 42635718 57364281 72415368 81753624 86351427
13648725 17248365 43615728 47215368 52784631 56384271 82751634 86351274
13648752 18247365 25784631 43625718 56374281 74215368 81752634 86351247
13652748 15274368 84725631 86347251
13652784 15284367 23651748 48725631 51274368 76348251 84715632 86347215
13652847 15274386 25174368 31652748 68347251 74825631 84725613 86347152
13652874 15284376 32651748 47825631 52174368 67348251 84715623 86347125
13654728 17254368 82745631 86345271
13654782 18254367 23654718 28745631 71254368 76345281 81745632 86345217
13654827 17254386 27154368 31654728 68345271 72845631 82745613 86345172
13654872 18254376 27845631 32654718 67345281 72154368 81745623 86345127
13657248 14652738 15724368 16274358 83725641 84275631 85347261 86342751
13657284 16284357 24651738 48275631 51724368 75348261 83715642 86342715
13657428 14653728 17264358 17524368 82475631 82735641 85346271 86342571
13657482 18264357 24653718 28475631 71524368 75346281 81735642 86342517
13657824 17284356 34651728 42875631 57124368 65348271 82715643 86342175
13657842 18274356 24875631 34652718 65347281 75124368 81725643 86342157
13658247 16274385 25714368 41652738 58347261 74285631 83725614 86341752
13658274 16284375 42651738 47285631 52714368 57348261 83715624 86341725
13658427 17264385 27514368 41653728 58346271 72485631 82735614 86341572
13658472 18264375 27485631 42653718 57346281 72514368 81735624 86341527
13658724 17284365 42785631 43651728 56348271 57214368 82715634 86341275
13658742 18274365 24785631 43652718 56347281 75214368 81725634 86341257
13672458 14572368 15267348 15623748 84376251 84732651 85427631 86327541
13672485 15268347 25613748 41572368 58427631 74386251 84731652 86327514
13672548 15276348 15472368 15632748 84367251 84527631 84723651 86327451
13672584 15286347 25631748 48527631 51472368 74368251 84713652 86327415
13672845 15278346 35612748 45172368 54827631 64387251 84721653 86327154
13672854 15287346 35621748 45827631 54172368 64378251 84712653 86327145
13674258 14752368 15624738 16257348 83742651 84375261 85247631 86325741
13674285 16258347 25614738 41752368 58247631 74385261 83741652 86325714
13674528 15634728 17256348 17452368 82547631 82743651 84365271 86325471
13674582 18256347 25634718 28547631 71452368 74365281 81743652 86325417
13674825 17258346 35614728 47152368 52847631 64385271 82741653 86325174
13674852 18257346 25847631 35624718 64375281 74152368 81742653 86325147
13675248 15642738 15742368 16275348 83724651 84257631 84357261 86324751
13675284 16285347 25641738 48257631 51742368 74358261 83714652 86324715
13675428 15643728 17265348 17542368 82457631 82734651 84356271 86324571
13675482 18265347 25643718 28457631 71542368 74356281 81734652 86324517
13675824 17285346 35641728 42857631 57142368 64358271 82714653 86324175
13675842 18275346 24857631 35642718 64357281 75142368 81724653 86324157
13678245 16278345 45612738 45712368 54287631 54387261 83721654 86321754
13678254 16287345 45287631 45621738 54378261 54712368 83712654 86321745
13678425 17268345 45613728 47512368 52487631 54386271 82731654 86321574
13678452 18267345 25487631 45623718 54376281 74512368 81732654 86321547
13678524 17286345 42587631 45631728 54368271 57412368 82713654 86321475
13678542 18276345 24587631 45632718 54367281 75412368 81723654 86321457
13682457 15267384 24571368 48376251 51623748 75428631 84732615 86317542
13682475 15268374 42571368 47386251 52613748 57428631 84731625 86317524
13682547 15276384 25471368 48367251 51632748 74528631 84723615 86317452
13682574 15286374 47368251 47528631 52471368 52631748 84713625 86317425
13682745 15278364 45271368 46387251 53612748 54728631 84721635 86317254
13682754 15287364 45728631 46378251 53621748 54271368 84712635 86317245
13684257 16257384 24751368 48375261 51624738 75248631 83742615 86315742
13684275 16258374 42751368 47385261 52614738 57248631 83741625 86315724
13684527 17256384 27451368 48365271 51634728 72548631 82743615 86315472
13684572 18256374 27548631 47365281 52634718 72451368 81743625 86315427
13684725 17258364 46385271 47251368 52748631 53614728 82741635 86315274
13684752 18257364 25748631 46375281 53624718 74251368 81742635 86315247
13685247 16275384 25741368 48357261 51642738 74258631 83724615 86314752
13685274 16285374 47258631 47358261 52641738 52741368 83714625 86314725
13685427 17265384 27541368 48356271 51643728 72458631 82734615 86314572
13685472 18265374 27458631 47356281 52643718 72541368 81734625 86314527
13685724 17285364 42758631 46358271 53641728 57241368 82714635 86314275
13685742 18275364 24758631 46357281 53642718 75241368 81724635 86314257
13687245 16278354 45387261 45721368 54278631 54612738 83721645 86312754
13687254 16287354 45278631 45378261 54621738 54721368 83712645 86312745
13687425 17268354 45386271 47521368 52478631 54613728 82731645 86312574
13687452 18267354 25478631 45376281 54623718 74521368 81732645 86312547
13687524 17286354 42578631 45368271 54631728 57421368 82713645 86312475
13687542 18276354 24578631 45367281 54632718 75421368 81723645 86312457
13724586 14256837 26134758 31457268 68542731 73865241 85743162 86275413
13724658 14257638 14357268 16324758 83675241 85642731 85742361 86275341
13724685 14258637 26314758 41357268 58642731 73685241 85741362 86275314
13724856 14257836 34157268 36124758 63875241 65842731 85742163 86275143
13724865 14258736 36214758 43157268 56842731 63785241 85741263 86275134
13725486 14265837 26143758 31547268 68452731 73856241 85734162 86274513
13725648 14275638 15347268 16342758 83657241 84652731 85724361 86274351
13725684 14285637 26341758 48652731 51347268 73658241 85714362 86274315
13725846 14275836 35147268 36142758 63857241 64852731 85724163 86274153
13725864 14285736 36241758 46852731 53147268 63758241 85714263 86274135
13726458 14267538 14537268 16423758 83576241 85462731 85732461 86273541
13726485 14268537 26413758 41537268 58462731 73586241 85731462 86273514
13726548 14276538 15437268 16432758 83567241 84562731 85723461 86273451
13726584 14286537 26431758 48562731 51437268 73568241 85713462 86273415
13726845 14278536 36412758 45137268 54862731 63587241 85721463 86273154
13726854 14287536 36421758 45862731 54137268 63578241 85712463 86273145
13728456 14267835 34517268 46123758 53876241 65482731 85732164 86271543
13728465 14268735 43517268 46213758 53786241 56482731 85731264 86271534
13728546 14276835 35417268 46132758 53867241 64582731 85723164 86271453
13728564 14286735 46231758 46582731 53417268 53768241 85713264 86271435
13728645 14278635 45317268 46312758 53687241 54682731 85721364 86271354
13728654 14287635 45682731 46321758 53678241 54317268 85712364 86271345
13742586 15246837 26135748 31475268 68524731 73864251 84753162 86257413
13742658 14375268 15247638 16325748 83674251 84752361 85624731 86257341
13742685 15248637 26315748 41375268 58624731 73684251 84751362 86257314
13742856 15247836 34175268 36125748 63874251 65824731 84752163 86257143
13742865 15248736 36215748 43175268 56824731 63784251 84751263 86257134
13745268 16245738 83754261 86254731
13745286 16245837 26145738 31745268 68254731 73854261 83754162 86254713
13745628 16345728 17245638 17345268 82654731 82754361 83654271 86254371
13745682 18245637 26345718 28654731 71345268 73654281 81754362 86254317
13745826 17245836 36145728 37145268 62854731 63854271 82754163 86254173
13745862 18245736 26854731 36245718 63754281 73145268 81754263 86254137
13746258 14735268 16247538 16425738 83574261 83752461 85264731 86253741
13746285 16248537 26415738 41735268 58264731 73584261 83751462 86253714
13746528 16435728 17246538 17435268 82564731 82753461 83564271 86253471
13746582 18246537 26435718 28564731 71435268 73564281 81753462 86253417
13746825 17248536 36415728 47135268 52864731 63584271 82751463 86253174
13746852 18247536 25864731 36425718 63574281 74135268 81752463 86253147
13748256 16247835 34715268 46125738 53874261 65284731 83752164 86251743
13748265 16248735 43715268 46215738 53784261 56284731 83751264 86251734
13748526 17246835 37415268 46135728 53864271 62584731 82753164 86251473
13748562 18246735 26584731 46235718 53764281 73415268 81753264 86251437
13748625 17248635 46315728 47315268 52684731 53684271 82751364 86251374
13748652 18247635 25684731 46325718 53674281 74315268 81752364 86251347
13752486 15264837 26153748 31574268 68425731 73846251 84735162 86247513
13752648 15274638 15374268 16352748 83647251 84625731 84725361 86247351
13752684 15284637 26351748 48625731 51374268 73648251 84715362 86247315
13752846 15274836 35174268 36152748 63847251 64825731 84725163 86247153
13752864 15284736 36251748 46825731 53174268 63748251 84715263 86247135
13754268 16254738 83745261 86245731
13754286 16254837 26154738 31754268 68245731 73845261 83745162 86245713
13754628 16354728 17254638 17354268 82645731 82745361 83645271 86245371
13754682 18254637 26354718 28645731 71354268 73645281 81745362 86245317
13754826 17254836 36154728 37154268 62845731 63845271 82745163 86245173
13754862 18254736 26845731 36254718 63745281 73154268 81745263 86245137
13756248 15734268 16274538 16452738 83547261 83725461 84265731 86243751
13756284 16284537 26451738 48265731 51734268 73548261 83715462 86243715
13756428 16453728 17264538 17534268 82465731 82735461 83546271 86243571
13756482 18264537 26453718 28465731 71534268 73546281 81735462 86243517
13756824 17284536 36451728 42865731 57134268 63548271 82715463 86243175
13756842 18274536 24865731 36452718 63547281 75134268 81725463 86243157
13758246 16274835 35714268 46152738 53847261 64285731 83725164 86241753
13758264 16284735 46251738 46285731 53714268 53748261 83715264 86241735
13758426 17264835 37514268 46153728 53846271 62485731 82735164 86241573
13758462 18264735 26485731 46253718 53746281 73514268 81735264 86241537
13758624 17284635 42685731 46351728 53648271 57314268 82715364 86241375
13758642 18274635 24685731 46352718 53647281 75314268 81725364 86241357
13762458 14573268 15267438 16523748 83476251 84732561 85426731 86237541
13762485 15268437 26513748 41573268 58426731 73486251 84731562 86237514
13762548 15276438 15473268 16532748 83467251 84526731 84723561 86237451
13762584 15286437 26531748 48526731 51473268 73468251 84713562 86237415
13762845 15278436 36512748 45173268 54826731 63487251 84721563 86237154
13762854 15287436 36521748 45826731 54173268 63478251 84712563 86237145
13764258 14753268 16257438 16524738 83475261 83742561 85246731 86235741
13764285 16258437 26514738 41753268 58246731 73485261 83741562 86235714
13764528 16534728 17256438 17453268 82546731 82743561 83465271 86235471
13764582 18256437 26534718 28546731 71453268 73465281 81743562 86235417
13764825 17258436 36514728 47153268 52846731 63485271 82741563 86235174
13764852 18257436 25846731 36524718 63475281 74153268 81742563 86235147
13765248 15743268 16275438 16542738 83457261 83724561 84256731 86234751
13765284 16285437 26541738 48256731 51743268 73458261 83714562 86234715
13765428 16543728 17265438 17543268 82456731 82734561 83456271 86234571
13765482 18265437 26543718 28456731 71543268 73456281 81734562 86234517
13765824 17285436 36541728 42856731 57143268 63458271 82714563 86234175
13765842 18275436 24856731 36542718 63457281 75143268 81724563 86234157
13768245 16278435 45713268 46512738 53487261 54286731 83721564 86231754
13768254 16287435 45286731 46521738 53478261 54713268 83712564 86231745
13768425 17268435 46513728 47513268 52486731 53486271 82731564 86231574
13768452 18267435 25486731 46523718 53476281 74513268 81732564 86231547
13768524 17286435 42586731 46531728 53468271 57413268 82713564 86231475
13768542 18276435 24586731 46532718 53467281 75413268 81723564 86231457
13782456 15267834 34571268 43876251 56123748 65428731 84732165 86217543
13782465 15268734 43571268 43786251 56213748 56428731 84731265 86217534
13782546 15276834 35471268 43867251 56132748 64528731 84723165 86217453
13782564 15286734 43768251 46528731 53471268 56231748 84713265 86217435
13782645 15278634 43687251 45371268 54628731 56312748 84721365 86217354
13782654 15287634 43678251 45628731 54371268 56321748 84712365 86217345
13784256 16257834 34751268 43875261 56124738 65248731 83742165 86215743
13784265 16258734 43751268 43785261 56214738 56248731 83741265 86215734
13784526 17256834 37451268 43865271 56134728 62548731 82743165 86215473
13784562 18256734 26548731 43765281 56234718 73451268 81743265 86215437
13784625 17258634 43685271 47351268 52648731 56314728 82741365 86215374
13784652 18257634 25648731 43675281 56324718 74351268 81742365 86215347
13785246 16275834 35741268 43857261 56142738 64258731 83724165 86214753
13785264 16285734 43758261 46258731 53741268 56241738 83714265 86214735
13785426 17265834 37541268 43856271 56143728 62458731 82734165 86214573
13785462 18265734 26458731 43756281 56243718 73541268 81734265 86214537
13785624 17285634 42658731 43658271 56341728 57341268 82714365 86214375
13785642 18275634 24658731 43657281 56342718 75341268 81724365 86214357
13786245 16278534 43587261 45731268 54268731 56412738 83721465 86213754
13786254 16287534 43578261 45268731 54731268 56421738 83712465 86213745
13786425 17268534 43586271 47531268 52468731 56413728 82731465 86213574
13786452 18267534 25468731 43576281 56423718 74531268 81732465 86213547
13786524 17286534 42568731 43568271 56431728 57431268 82713465 86213475
13786542 18276534 24568731 43567281 56432718 75431268 81723465 86213457
13824567 14256783 23457168 38765241 61234758 76542831 85743216 86175432
13824576 14256873 32457168 37865241 62134758 67542831 85743126 86175423
13824657 14257683 24357168 38675241 61324758 75642831 85742316 86175342
13824675 14258673 37685241 42357168 57642831 62314758 85741326 86175324
13824756 14257863 34257168 36875241 63124758 65742831 85742136 86175243
13824765 14258763 36785241 43257168 56742831 63214758 85741236 86175234
13825467 14265783 23547168 38756241 61243758 76452831 85734216 86174532
13825476 14265873 32547168 37856241 62143758 67452831 85734126 86174523
13825647 14275683 25347168 38657241 61342758 74652831 85724316 86174352
13825674 14285673 37658241 47652831 52347168 62341758 85714326 86174325
13825746 14275863 35247168 36857241 63142758 64752831 85724136 86174253
13825764 14285763 36758241 46752831 53247168 63241758 85714236 86174235
13826457 14267583 24537168 38576241 61423758 75462831 85732416 86173542
13826475 14268573 37586241 42537168 57462831 62413758 85731426 86173524
13826547 14276583 25437168 38567241 61432758 74562831 85723416 86173452
13826574 14286573 37568241 47562831 52437168 62431758 85713426 86173425
13826745 14278563 36587241 45237168 54762831 63412758 85721436 86173254
13826754 14287563 36578241 45762831 54237168 63421758 85712436 86173245
13827456 14267853 34527168 35876241 64123758 65472831 85732146 86172543
13827465 14268753 35786241 43527168 56472831 64213758 85731246 86172534
13827546 14276853 35427168 35867241 64132758 64572831 85723146 86172453
13827564 14286753 35768241 46572831 53427168 64231758 85713246 86172435
13827645 14278653 35687241 45327168 54672831 64312758 85721346 86172354
13827654 14287653 35678241 45672831 54327168 64321758 85712346 86172345
13842567 15246783 23475168 38764251 61235748 76524831 84753216 86157432
13842576 15246873 32475168 37864251 62135748 67524831 84753126 86157423
13842657 15247683 24375168 38674251 61325748 75624831 84752316 86157342
13842675 15248673 37684251 42375168 57624831 62315748 84751326 86157324
13842756 15247863 34275168 36874251 63125748 65724831 84752136 86157243
13842765 15248763 36784251 43275168 56724831 63215748 84751236 86157234
13845267 16245783 23745168 38754261 61245738 76254831 83754216 86154732
13845276 16245873 32745168 37854261 62145738 67254831 83754126 86154723
13845627 17245683 27345168 38654271 61345728 72654831 82754316 86154372
13845672 18245673 27654831 37654281 62345718 72345168 81754326 86154327
13845726 17245863 36854271 37245168 62754831 63145728 82754136 86154273
13845762 18245763 26754831 36754281 63245718 73245168 81754236 86154237
13846257 16247583 24735168 38574261 61425738 75264831 83752416 86153742
13846275 16248573 37584261 42735168 57264831 62415738 83751426 86153724
13846527 17246583 27435168 38564271 61435728 72564831 82753416 86153472
13846572 18246573 27564831 37564281 62435718 72435168 81753426 86153427
13846725 17248563 36584271 47235168 52764831 63415728 82751436 86153274
13846752 18247563 25764831 36574281 63425718 74235168 81752436 86153247
13847256 16247853 34725168 35874261 64125738 65274831 83752146 86152743
13847265 16248753 35784261 43725168 56274831 64215738 83751246 86152734
13847526 17246853 35864271 37425168 62574831 64135728 82753146 86152473
13847562 18246753 26574831 35764281 64235718 73425168 81753246 86152437
13847625 17248653 35684271 47325168 52674831 64315728 82751346 86152374
13847652 18247653 25674831 35674281 64325718 74325168 81752346 86152347
13852467 15264783 23574168 38746251 61253748 76425831 84735216 86147532
13852476 15264873 32574168 37846251 62153748 67425831 84735126 86147523
13852647 15274683 25374168 38647251 61352748 74625831 84725316 86147352
13852674 15284673 37648251 47625831 52374168 62351748 84715326 86147325
13852746 15274863 35274168 36847251 63152748 64725831 84725136 86147253
13852764 15284763 36748251 46725831 53274168 63251748 84715236 86147235
13854267 16254783 23754168 38745261 61254738 76245831 83745216 86145732
13854276 16254873 32754168 37845261 62154738 67245831 83745126 86145723
13854627 17254683 27354168 38645271 61354728 72645831 82745316 86145372
13854672 18254673 27645831 37645281 62354718 72354168 81745326 86145327
13854726 17254863 36845271 37254168 62745831 63154728 82745136 86145273
13854762 18254763 26745831 36745281 63254718 73254168 81745236 86145237
13856247 16274583 25734168 38547261 61452738 74265831 83725416 86143752
13856274 16284573 37548261 47265831 52734168 62451738 83715426 86143725
13856427 17264583 27534168 38546271 61453728 72465831 82735416 86143572
13856472 18264573 27465831 37546281 62453718 72534168 81735426 86143527
13856724 17284563 36548271 42765831 57234168 63451728 82715436 86143275
13856742 18274563 24765831 36547281 63452718 75234168 81725436 86143257
13857246 16274853 35724168 35847261 64152738 64275831 83725146 86142753
13857264 16284753 35748261 46275831 53724168 64251738 83715246 86142735
13857426 17264853 35846271 37524168 62475831 64153728 82735146 86142573
13857462 18264753 26475831 35746281 64253718 73524168 81735246 86142537
13857624 17284653 35648271 42675831 57324168 64351728 82715346 86142375
13857642 18274653 24675831 35647281 64352718 75324168 81725346 86142357
13862457 15267483 24573168 38476251 61523748 75426831 84732516 86137542
13862475 15268473 37486251 42573168 57426831 62513748 84731526 86137524
13862547 15276483 25473168 38467251 61532748 74526831 84723516 86137452
13862574 15286473 37468251 47526831 52473168 62531748 84713526 86137425
13862745 15278463 36487251 45273168 54726831 63512748 84721536 86137254
13862754 15287463 36478251 45726831 54273168 63521748 84712536 86137245
13864257 16257483 24753168 38475261 61524738 75246831 83742516 86135742
13864275 16258473 37485261 42753168 57246831 62514738 83741526 86135724
13864527 17256483 27453168 38465271 61534728 72546831 82743516 86135472
13864572 18256473 27546831 37465281 62534718 72453168 81743526 86135427
13864725 17258463 36485271 47253168 52746831 63514728 82741536 86135274
13864752 18257463 25746831 36475281 63524718 74253168 81742536 86135247
13865247 16275483 25743168 38457261 61542738 74256831 83724516 86134752
13865274 16285473 37458261 47256831 52743168 62541738 83714526 86134725
13865427 17265483 27543168 38456271 61543728 72456831 82734516 86134572
13865472 18265473 27456831 37456281 62543718 72543168 81734526 86134527
13865724 17285463 36458271 42756831 57243168 63541728 82714536 86134275
13865742 18275463 24756831 36457281 63542718 75243168 81724536 86134257
13867245 16278453 35487261 45723168 54276831 64512738 83721546 86132754
13867254 16287453 35478261 45276831 54723168 64521738 83712546 86132745
13867425 17268453 35486271 47523168 52476831 64513728 82731546 86132574
13867452 18267453 25476831 35476281 64523718 74523168 81732546 86132547
13867524 17286453 35468271 42576831 57423168 64531728 82713546 86132475
13867542 18276453 24576831 35467281 64532718 75423168 81723546 86132457
13872456 15267843 34572168 34876251 65123748 65427831 84732156 86127543
13872465 15268743 34786251 43572168 56427831 65213748 84731256 86127534
13872546 15276843 34867251 35472168 64527831 65132748 84723156 86127453
13872564 15286743 34768251 46527831 53472168 65231748 84713256 86127435
13872645 15278643 34687251 45372168 54627831 65312748 84721356 86127354
13872654 15287643 34678251 45627831 54372168 65321748 84712356 86127345
13874256 16257843 34752168 34875261 65124738 65247831 83742156 86125743
13874265 16258743 34785261 43752168 56247831 65214738 83741256 86125734
13874526 17256843 34865271 37452168 62547831 65134728 82743156 86125473
13874562 18256743 26547831 34765281 65234718 73452168 81743256 86125437
13874625 17258643 34685271 47352168 52647831 65314728 82741356 86125374
13874652 18257643 25647831 34675281 65324718 74352168 81742356 86125347
13875246 16275843 34857261 35742168 64257831 65142738 83724156 86124753
13875264 16285743 34758261 46257831 53742168 65241738 83714256 86124735
13875426 17265843 34856271 37542168 62457831 65143728 82734156 86124573
13875462 18265743 26457831 34756281 65243718 73542168 81734256 86124537
13875624 17285643 34658271 42657831 57342168 65341728 82714356 86124375
13875642 18275643 24657831 34657281 65342718 75342168 81724356 86124357
13876245 16278543 34587261 45732168 54267831 65412738 83721456 86123754
13876254 16287543 34578261 45267831 54732168 65421738 83712456 86123745
13876425 17268543 34586271 47532168 52467831 65413728 82731456 86123574
13876452 18267543 25467831 34576281 65423718 74532168 81732456 86123547
13876524 17286543 34568271 42567831 57432168 65431728 82713456 86123475
13876542 18276543 24567831 34567281 65432718 75432168 81723456 86123457
14325786 14325867 23147658 31247658 68752341 76852341 85674132 85674213
14326785 14328567 23417658 41237658 58762341 76582341 85671432 85673214
14326857 14327586 24137658 31427658 68572341 75862341 85672413 85673142
14326875 14328576 32417658 42137658 57862341 67582341 85671423 85673124
14327658 85672341
14327685 14328657 24317658 41327658 58672341 75682341 85671342 85672314
14327856 34127658 65872341 85672143
14327865 14328756 34217658 43127658 56872341 65782341 85671243 85672134
14328675 42317658 57682341 85671324
14352786 14352867 15324786 15324867 23157648 23174658 31257648 31274658 68725341 68742351 76825341 76842351 84675132 84675213 85647132 85647213
14356782 18324567 23457618 28765341 71234658 76542381 81675432 85643217
14356827 17324586 27134658 31457628 68542371 72865341 82675413 85643172
14356872 18324576 27865341 32457618 67542381 72134658 81675423 85643127
14357286 16324857 24157638 31724658 68275341 75842361 83675142 85642713
14357628 17324658 82675341 85642371
14357682 18324657 24357618 28675341 71324658 75642381 81675342 85642317
14357826 17324856 34157628 37124658 62875341 65842371 82675143 85642173
14357862 18324756 26875341 34257618 65742381 73124658 81675243 85642137
14358267 16324785 23714658 41257638 58742361 76285341 83675214 85641732
14358276 16324875 32714658 42157638 57842361 67285341 83675124 85641723
14358627 17324685 27314658 41357628 58642371 72685341 82675314 85641372
14358672 18324675 27685341 42357618 57642381 72314658 81675324 85641327
14358726 17324865 37214658 43157628 56842371 62785341 82675134 85641273
14358762 18324765 26785341 43257618 56742381 73214658 81675234 85641237
14362785 15328467 23517648 41273658 58726341 76482351 84671532 85637214
14362857 15327486 24173658 31527648 68472351 75826341 84672513 85637142
14362875 15328476 32517648 42173658 57826341 67482351 84671523 85637124
14365782 18325467 23547618 28756341 71243658 76452381 81674532 85634217
14365827 17325486 27143658 31547628 68452371 72856341 82674513 85634172
14365872 18325476 27856341 32547618 67452381 72143658 81674523 85634127
14367258 14527638 14723658 16327458 83672541 85276341 85472361 85632741
14367285 16328457 24517638 41723658 58276341 75482361 83671542 85632714
14367528 14537628 17326458 17423658 82576341 82673541 85462371 85632471
14367582 18326457 24537618 28576341 71423658 75462381 81673542 85632417
14367825 17328456 34517628 47123658 52876341 65482371 82671543 85632174
14367852 18327456 25876341 34527618 65472381 74123658 81672543 85632147
14368257 16327485 24713658 41527638 58472361 75286341 83672514 85631742
14368275 16328475 42517638 42713658 57286341 57482361 83671524 85631724
14368527 17326485 27413658 41537628 58462371 72586341 82673514 85631472
14368572 18326475 27586341 42537618 57462381 72413658 81673524 85631427
14368725 17328465 43517628 47213658 52786341 56482371 82671534 85631274
14368752 18327465 25786341 43527618 56472381 74213658 81672534 85631247
14372586 15326847 25137648 31472658 68527341 74862351 84673152 85627413
14372658 15327648 84672351 85627341
14372685 15328647 25317648 41372658 58627341 74682351 84671352 85627314
14372856 15327846 34172658 35127648 64872351 65827341 84672153 85627143
14372865 15328746 35217648 43172658 56827341 64782351 84671253 85627134
14375286 16325847 25147638 31742658 68257341 74852361 83674152 85624713
14375628 15347628 17325648 17342658 82657341 82674351 84652371 85624371
14375682 18325647 25347618 28657341 71342658 74652381 81674352 85624317
14375826 17325846 35147628 37142658 62857341 64852371 82674153 85624173
14375862 18325746 26857341 35247618 64752381 73142658 81674253 85624137
14376258 14732658 15427638 16327548 83672451 84572361 85267341 85623741
14376285 16328547 25417638 41732658 58267341 74582361 83671452 85623714
14376528 15437628 17326548 17432658 82567341 82673451 84562371 85623471
14376582 18326547 25437618 28567341 71432658 74562381 81673452 85623417
14376825 17328546 35417628 47132658 52867341 64582371 82671453 85623174
14376852 18327546 25867341 35427618 64572381 74132658 81672453 85623147
14378256 16327845 34712658 45127638 54872361 65287341 83672154 85621743
14378265 16328745 43712658 45217638 54782361 56287341 83671254 85621734
14378526 17326845 37412658 45137628 54862371 62587341 82673154 85621473
14378562 18326745 26587341 45237618 54762381 73412658 81673254 85621437
14378625 17328645 45317628 47312658 52687341 54682371 82671354 85621374
14378652 18327645 25687341 45327618 54672381 74312658 81672354 85621347
14382567 15326784 23471658 48762351 51237648 76528341 84673215 85617432
14382576 15326874 32471658 47862351 52137648 67528341 84673125 85617423
14382657 15327684 24371658 48672351 51327648 75628341 84672315 85617342
14382675 15328674 42371658 47682351 52317648 57628341 84671325 85617324
14382756 15327864 34271658 46872351 53127648 65728341 84672135 85617243
14382765 15328764 43271658 46782351 53217648 56728341 84671235 85617234
14385267 16325784 23741658 48752361 51247638 76258341 83674215 85614732
14385276 16325874 32741658 47852361 52147638 67258341 83674125 85614723
14385627 17325684 27341658 48652371 51347628 72658341 82674315 85614372
14385672 18325674 27658341 47652381 52347618 72341658 81674325 85614327
14385726 17325864 37241658 46852371 53147628 62758341 82674135 85614273
14385762 18325764 26758341 46752381 53247618 73241658 81674235 85614237
14386257 16327584 24731658 48572361 51427638 75268341 83672415 85613742
14386275 16328574 42731658 47582361 52417638 57268341 83671425 85613724
14386527 17326584 27431658 48562371 51437628 72568341 82673415 85613472
14386572 18326574 27568341 47562381 52437618 72431658 81673425 85613427
14386725 17328564 46582371 47231658 52768341 53417628 82671435 85613274
14386752 18327564 25768341 46572381 53427618 74231658 81672435 85613247
14387256 16327854 34721658 45872361 54127638 65278341 83672145 85612743
14387265 16328754 43721658 45782361 54217638 56278341 83671245 85612734
14387526 17326854 37421658 45862371 54137628 62578341 82673145 85612473
14387562 18326754 26578341 45762381 54237618 73421658 81673245 85612437
14387625 17328654 45682371 47321658 52678341 54317628 82671345 85612374
14387652 18327654 25678341 45672381 54327618 74321658 81672345 85612347
14523786 14523867 23167458 31267458 68732541 76832541 85476132 85476213
14526783 14823567 23467158 38762541 61237458 76532841 85176432 85473216
14526837 14723586 26137458 31467258 68532741 73862541 85276413 85473162
14526873 14823576 32467158 37862541 62137458 67532841 85176423 85473126
14527386 14623857 24167358 31627458 68372541 75832641 85376142 85472613
14527683 14823657 24367158 38672541 61327458 75632841 85176342 85472316
14527836 14723856 34167258 36127458 63872541 65832741 85276143 85472163
14527863 14823756 34267158 36872541 63127458 65732841 85176243 85472136
14528367 14623785 23617458 41267358 58732641 76382541 85376214 85471632
14528376 14623875 32617458 42167358 57832641 67382541 85376124 85471623
14528637 14723685 26317458 41367258 58632741 73682541 85276314 85471362
14528673 14823675 37682541 42367158 57632841 62317458 85176324 85471326
14528736 14723865 36217458 43167258 56832741 63782541 85276134 85471263
14528763 14823765 36782541 43267158 56732841 63217458 85176234 85471236
14532786 14532867 15423786 15423867 23167548 23176458 31267548 31276458 68723541 68732451 76823541 76832451 84576132 84576213 85467132 85467213
14536782 18423567 23467518 28763541 71236458 76532481 81576432 85463217
14536827 17423586 27136458 31467528 68532471 72863541 82576413 85463172
14536872 18423576 27863541 32467518 67532481 72136458 81576423 85463127
14537286 16423857 24167538 31726458 68273541 75832461 83576142 85462713
14537682 18423657 24367518 28673541 71326458 75632481 81576342 85462317
14537826 17423856 34167528 37126458 62873541 65832471 82576143 85462173
14537862 18423756 26873541 34267518 65732481 73126458 81576243 85462137
14538267 16423785 23716458 41267538 58732461 76283541 83576214 85461732
14538276 16423875 32716458 42167538 57832461 67283541 83576124 85461723
14538627 17423685 27316458 41367528 58632471 72683541 82576314 85461372
14538672 18423675 27683541 42367518 57632481 72316458 81576324 85461327
14538726 17423865 37216458 43167528 56832471 62783541 82576134 85461273
14538762 18423765 26783541 43267518 56732481 73216458 81576234 85461237
14562783 15823467 23567148 38726541 61273458 76432851 84176532 85437216
14562837 15723486 26173458 31567248 68432751 73826541 84276513 85437162
14562873 15823476 32567148 37826541 62173458 67432851 84176523 85437126
14563782 18523467 23567418 28736541 71263458 76432581 81476532 85436217
14563827 17523486 27163458 31567428 68432571 72836541 82476513 85436172
14563872 18523476 27836541 32567418 67432581 72163458 81476523 85436127
14567238 16723458 83276541 85432761
14567283 16823457 24567138 38276541 61723458 75432861 83176542 85432716
14567328 17623458 82376541 85432671
14567382 18623457 24567318 28376541 71623458 75432681 81376542 85432617
14567823 17823456 32876541 34567128 65432871 67123458 82176543 85432176
14567832 18723456 23876541 34567218 65432781 76123458 81276543 85432167
14568237 16723485 26713458 41567238 58432761 73286541 83276514 85431762
14568273 16823475 37286541 42567138 57432861 62713458 83176524 85431726
14568327 17623485 27613458 41567328 58432671 72386541 82376514 85431672
14568372 18623475 27386541 42567318 57432681 72613458 81376524 85431627
14568723 17823465 32786541 43567128 56432871 67213458 82176534 85431276
14568732 18723465 23786541 43567218 56432781 76213458 81276534 85431267
14572386 15623847 25167348 31672458 68327541 74832651 84376152 85427613
14572638 15367248 15723648 16372458 83627541 84276351 84632751 85427361
14572683 15823647 25367148 38627541 61372458 74632851 84176352 85427316
14572836 15723846 35167248 36172458 63827541 64832751 84276153 85427163
14572863 15823746 35267148 36827541 63172458 64732851 84176253 85427136
14573286 16523847 25167438 31762458 68237541 74832561 83476152 85426713
14573628 15367428 17362458 17523648 82476351 82637541 84632571 85426371
14573682 18523647 25367418 28637541 71362458 74632581 81476352 85426317
14573826 17523846 35167428 37162458 62837541 64832571 82476153 85426173
14573862 18523746 26837541 35267418 64732581 73162458 81476253 85426137
14576238 15467238 16723548 16732458 83267541 83276451 84532761 85423761
14576283 16823547 25467138 38267541 61732458 74532861 83176452 85423716
14576328 15467328 17623548 17632458 82367541 82376451 84532671 85423671
14576382 18623547 25467318 28367541 71632458 74532681 81376452 85423617
14576823 17823546 32867541 35467128 64532871 67132458 82176453 85423176
14576832 18723546 23867541 35467218 64532781 76132458 81276453 85423167
14578236 16723845 36712458 45167238 54832761 63287541 83276154 85421763
14578263 16823745 36287541 45267138 54732861 63712458 83176254 85421736
14578326 17623845 37612458 45167328 54832671 62387541 82376154 85421673
14578362 18623745 26387541 45267318 54732681 73612458 81376254 85421637
14578623 17823645 32687541 45367128 54632871 67312458 82176354 85421376
14578632 18723645 23687541 45367218 54632781 76312458 81276354 85421367
14582367 15623784 23671458 48732651 51267348 76328541 84376215 85417632
14582376 15623874 32671458 47832651 52167348 67328541 84376125 85417623
14582637 15723684 26371458 48632751 51367248 73628541 84276315 85417362
14582673 15823674 37628541 47632851 52367148 62371458 84176325 85417326
14582736 15723864 36271458 46832751 53167248 63728541 84276135 85417263
14582763 15823764 36728541 46732851 53267148 63271458 84176235 85417236
14583267 16523784 23761458 48732561 51267438 76238541 83476215 85416732
14583276 16523874 32761458 47832561 52167438 67238541 83476125 85416723
14583627 17523684 27361458 48632571 51367428 72638541 82476315 85416372
14583672 18523674 27638541 47632581 52367418 72361458 81476325 85416327
14583726 17523864 37261458 46832571 53167428 62738541 82476135 85416273
14583762 18523764 26738541 46732581 53267418 73261458 81476235 85416237
14586237 16723584 26731458 48532761 51467238 73268541 83276415 85413762
14586273 16823574 37268541 47532861 52467138 62731458 83176425 85413726
14586327 17623584 27631458 48532671 51467328 72368541 82376415 85413672
14586372 18623574 27368541 47532681 52467318 72631458 81376425 85413627
14586723 17823564 32768541 46532871 53467128 67231458 82176435 85413276
14586732 18723564 23768541 46532781 53467218 76231458 81276435 85413267
14587236 16723854 36721458 45832761 54167238 63278541 83276145 85412763
14587263 16823754 36278541 45732861 54267138 63721458 83176245 85412736
14587326 17623854 37621458 45832671 54167328 62378541 82376145 85412673
14587362 18623754 26378541 45732681 54267318 73621458 81376245 85412637
14587623 17823654 32678541 45632871 54367128 67321458 82176345 85412376
14587632 18723654 23678541 45632781 54367218 76321458 81276345 85412367
14625783 14825367 23647158 38752641 61247358 76352841 85174632 85374216
14625837 14725386 26147358 31647258 68352741 73852641 85274613 85374162
14625873 14825376 32647158 37852641 62147358 67352841 85174623 85374126
14627358 85372641
14627385 14628357 24617358 41627358 58372641 75382641 85371642 85372614
14627538 14637258 14726358 16427358 83572641 85273641 85362741 85372461
14627583 14826357 24637158 38572641 61427358 75362841 85173642 85372416
14627835 14728356 34617258 46127358 53872641 65382741 85271643 85372164
14627853 14827356 34627158 35872641 64127358 65372841 85172643 85372146
14628375 42617358 57382641 85371624
14628537 14726385 26417358 41637258 58362741 73582641 85273614 85371462
14628573 14826375 37582641 42637158 57362841 62417358 85173624 85371426
14628735 14728365 43617258 46217358 53782641 56382741 85271634 85371264
14628753 14827365 35782641 43627158 56372841 64217358 85172634 85371246
14632785 15428367 23617548 41276358 58723641 76382451 84571632 85367214
14632857 15427386 24176358 31627548 68372451 75823641 84572613 85367142
14632875 15428376 32617548 42176358 57823641 67382451 84571623 85367124
14635782 18425367 23647518 28753641 71246358 76352481 81574632 85364217
14635827 17425386 27146358 31647528 68352471 72853641 82574613 85364172
14635872 18425376 27853641 32647518 67352481 72146358 81574623 85364127
14637285 16428357 24617538 41726358 58273641 75382461 83571642 85362714
14637528 17426358 82573641 85362471
14637582 18426357 24637518 28573641 71426358 75362481 81573642 85362417
14637825 17428356 34617528 47126358 52873641 65382471 82571643 85362174
14637852 18427356 25873641 34627518 65372481 74126358 81572643 85362147
14638257 16427385 24716358 41627538 58372461 75283641 83572614 85361742
14638275 16428375 42617538 42716358 57283641 57382461 83571624 85361724
14638527 17426385 27416358 41637528 58362471 72583641 82573614 85361472
14638572 18426375 27583641 42637518 57362481 72416358 81573624 85361427
14638725 17428365 43617528 47216358 52783641 56382471 82571634 85361274
14638752 18427365 25783641 43627518 56372481 74216358 81572634 85361247
14652783 15824367 23657148 38725641 61274358 76342851 84175632 85347216
14652837 15724386 26174358 31657248 68342751 73825641 84275613 85347162
14652873 15824376 32657148 37825641 62174358 67342851 84175623 85347126
14653782 18524367 23657418 28735641 71264358 76342581 81475632 85346217
14653827 17524386 27164358 31657428 68342571 72835641 82475613 85346172
14653872 18524376 27835641 32657418 67342581 72164358 81475623 85346127
14657238 16724358 83275641 85342761
14657283 16824357 24657138 38275641 61724358 75342861 83175642 85342716
14657328 17624358 82375641 85342671
14657382 18624357 24657318 28375641 71624358 75342681 81375642 85342617
14657823 17824356 32875641 34657128 65342871 67124358 82175643 85342176
14657832 18724356 23875641 34657218 65342781 76124358 81275643 85342167
14658237 16724385 26714358 41657238 58342761 73285641 83275614 85341762
14658273 16824375 37285641 42657138 57342861 62714358 83175624 85341726
14658327 17624385 27614358 41657328 58342671 72385641 82375614 85341672
14658372 18624375 27385641 42657318 57342681 72614358 81375624 85341627
14658723 17824365 32785641 43657128 56342871 67214358 82175634 85341276
14658732 18724365 23785641 43657218 56342781 76214358 81275634 85341267
14672358 15627348 84372651 85327641
14672385 15628347 25617348 41672358 58327641 74382651 84371652 85327614
14672538 15637248 15726348 16472358 83527641 84273651 84362751 85327461
14672583 15826347 25637148 38527641 61472358 74362851 84173652 85327416
14672835 15728346 35617248 46172358 53827641 64382751 84271653 85327164
14672853 15827346 35627148 35827641 64172358 64372851 84172653 85327146
14673258 14762358 15627438 16527348 83472651 84372561 85237641 85326741
14673285 16528347 25617438 41762358 58237641 74382561 83471652 85326714
14673528 15637428 17462358 17526348 82473651 82537641 84362571 85326471
14673582 18526347 25637418 28537641 71462358 74362581 81473652 85326417
14673825 17528346 35617428 47162358 52837641 64382571 82471653 85326174
14673852 18527346 25837641 35627418 64372581 74162358 81472653 85326147
14675238 15647238 16725348 16742358 83257641 83274651 84352761 85324761
14675283 16825347 25647138 38257641 61742358 74352861 83174652 85324716
14675328 15647328 17625348 17642358 82357641 82374651 84352671 85324671
14675382 18625347 25647318 28357641 71642358 74352681 81374652 85324617
14675823 17825346 32857641 35647128 64352871 67142358 82174653 85324176
14675832 18725346 23857641 35647218 64352781 76142358 81274653 85324167
14678235 16728345 45617238 46712358 53287641 54382761 83271654 85321764
14678253 16827345 35287641 45627138 54372861 64712358 83172654 85321746
14678325 17628345 45617328 47612358 52387641 54382671 82371654 85321674
14678352 18627345 25387641 45627318 54372681 74612358 81372654 85321647
14678523 17826345 32587641 45637128 54362871 67412358 82173654 85321476
14678532 18726345 23587641 45637218 54362781 76412358 81273654 85321467
14682357 15627384 24671358 48372651 51627348 75328641 84372615 85317642
14682375 15628374 42671358 47382651 52617348 57328641 84371625 85317624
14682537 15726384 26471358 48362751 51637248 73528641 84273615 85317462
14682573 15826374 37528641 47362851 52637148 62471358 84173625 85317426
14682735 15728364 46271358 46382751 53617248 53728641 84271635 85317264
14682753 15827364 35728641 46372851 53627148 64271358 84172635 85317246
14683257 16527384 24761358 48372561 51627438 75238641 83472615 85316742
14683275 16528374 42761358 47382561 52617438 57238641 83471625 85316724
14683527 17526384 27461358 48362571 51637428 72538641 82473615 85316472
14683572 18526374 27538641 47362581 52637418 72461358 81473625 85316427
14683725 17528364 46382571 47261358 52738641 53617428 82471635 85316274
14683752 18527364 25738641 46372581 53627418 74261358 81472635 85316247
14685237 16725384 26741358 48352761 51647238 73258641 83274615 85314762
14685273 16825374 37258641 47352861 52647138 62741358 83174625 85314726
14685327 17625384 27641358 48352671 51647328 72358641 82374615 85314672
14685372 18625374 27358641 47352681 52647318 72641358 81374625 85314627
14685723 17825364 32758641 46352871 53647128 67241358 82174635 85314276
14685732 18725364 23758641 46352781 53647218 76241358 81274635 85314267
14687235 16728354 45382761 46721358 53278641 54617238 83271645 85312764
14687253 16827354 35278641 45372861 54627138 64721358 83172645 85312746
14687325 17628354 45382671 47621358 52378641 54617328 82371645 85312674
14687352 18627354 25378641 45372681 54627318 74621358 81372645 85312647
14687523 17826354 32578641 45362871 54637128 67421358 82173645 85312476
14687532 18726354 23578641 45362781 54637218 76421358 81273645 85312467
14725638 16347258 83652741 85274361
14725683 14825637 26347158 38652741 61347258 73652841 85174362 85274316
14725836 36147258 63852741 85274163
14725863 14825736 36247158 36852741 63147258 63752841 85174263 85274136
14726538 16437258 83562741 85273461
14726583 14826537 26437158 38562741 61437258 73562841 85173462 85273416
14726835 14728536 36417258 46137258 53862741 63582741 85271463 85273164
14726853 14827536 35862741 36427158 63572841 64137258 85172463 85273146
14728563 14826735 36582741 46237158 53762841 63417258 85173264 85271436
14728635 46317258 53682741 85271364
14728653 14827635 35682741 46327158 53672841 64317258 85172364 85271346
14732586 15426837 26137548 31476258 68523741 73862451 84573162 85267413
14732685 15428637 26317548 41376258 58623741 73682451 84571362 85267314
14732856 15427836 34176258 36127548 63872451 65823741 84572163 85267143
14732865 15428736 36217548 43176258 56823741 63782451 84571263 85267134
14735286 16425837 26147538 31746258 68253741 73852461 83574162 85264713
14735628 16347528 17346258 17425638 82574361 82653741 83652471 85264371
14735682 18425637 26347518 28653741 71346258 73652481 81574362 85264317
14735826 17425836 36147528 37146258 62853741 63852471 82574163 85264173
14735862 18425736 26853741 36247518 63752481 73146258 81574263 85264137
14736258 16427538 83572461 85263741
14736285 16428537 26417538 41736258 58263741 73582461 83571462 85263714
14736528 16437528 17426538 17436258 82563741 82573461 83562471 85263471
14736582 18426537 26437518 28563741 71436258 73562481 81573462 85263417
14736825 17428536 36417528 47136258 52863741 63582471 82571463 85263174
14736852 18427536 25863741 36427518 63572481 74136258 81572463 85263147
14738256 16427835 34716258 46127538 53872461 65283741 83572164 85261743
14738265 16428735 43716258 46217538 53782461 56283741 83571264 85261734
14738526 17426835 37416258 46137528 53862471 62583741 82573164 85261473
14738562 18426735 26583741 46237518 53762481 73416258 81573264 85261437
14738625 17428635 46317528 47316258 52683741 53682471 82571364 85261374
14738652 18427635 25683741 46327518 53672481 74316258 81572364 85261347
14752386 15624837 26157348 31674258 68325741 73842651 84375162 85247613
14752638 15724638 16357248 16374258 83625741 83642751 84275361 85247361
14752683 15824637 26357148 38625741 61374258 73642851 84175362 85247316
14752836 15724836 36157248 36174258 63825741 63842751 84275163 85247163
14752863 15824736 36257148 36825741 63174258 63742851 84175263 85247136
14753286 16524837 26157438 31764258 68235741 73842561 83475162 85246713
14753628 16357428 17364258 17524638 82475361 82635741 83642571 85246371
14753682 18524637 26357418 28635741 71364258 73642581 81475362 85246317
14753826 17524836 36157428 37164258 62835741 63842571 82475163 85246173
14753862 18524736 26835741 36257418 63742581 73164258 81475263 85246137
14756238 16457238 16724538 16734258 83265741 83275461 83542761 85243761
14756283 16824537 26457138 38265741 61734258 73542861 83175462 85243716
14756328 16457328 17624538 17634258 82365741 82375461 83542671 85243671
14756382 18624537 26457318 28365741 71634258 73542681 81375462 85243617
14756823 17824536 32865741 36457128 63542871 67134258 82175463 85243176
14756832 18724536 23865741 36457218 63542781 76134258 81275463 85243167
14758236 16724835 36714258 46157238 53842761 63285741 83275164 85241763
14758263 16824735 36285741 46257138 53742861 63714258 83175264 85241736
14758326 17624835 37614258 46157328 53842671 62385741 82375164 85241673
14758362 18624735 26385741 46257318 53742681 73614258 81375264 85241637
14758623 17824635 32685741 46357128 53642871 67314258 82175364 85241376
14758632 18724635 23685741 46357218 53642781 76314258 81275364 85241367
14762385 15628437 26517348 41673258 58326741 73482651 84371562 85237614
14762538 15726438 16473258 16537248 83462751 83526741 84273561 85237461
14762583 15826437 26537148 38526741 61473258 73462851 84173562 85237416
14762835 15728436 36517248 46173258 53826741 63482751 84271563 85237164
14762853 15827436 35826741 36527148 63472851 64173258 84172563 85237146
14763258 16527438 83472561 85236741
14763285 16528437 26517438 41763258 58236741 73482561 83471562 85236714
14763528 16537428 17463258 17526438 82473561 82536741 83462571 85236471
14763582 18526437 26537418 28536741 71463258 73462581 81473562 85236417
14763825 17528436 36517428 47163258 52836741 63482571 82471563 85236174
14763852 18527436 25836741 36527418 63472581 74163258 81472563 85236147
14765238 16547238 16725438 16743258 83256741 83274561 83452761 85234761
14765283 16825437 26547138 38256741 61743258 73452861 83174562 85234716
14765328 16547328 17625438 17643258 82356741 82374561 83452671 85234671
14765382 18625437 26547318 28356741 71643258 73452681 81374562 85234617
14765823 17825436 32856741 36547128 63452871 67143258 82174563 85234176
14765832 18725436 23856741 36547218 63452781 76143258 81274563 85234167
14768235 16728435 46517238 46713258 53286741 53482761 83271564 85231764
14768253 16827435 35286741 46527138 53472861 64713258 83172564 85231746
14768325 17628435 46517328 47613258 52386741 53482671 82371564 85231674
14768352 18627435 25386741 46527318 53472681 74613258 81372564 85231647
14768523 17826435 32586741 46537128 53462871 67413258 82173564 85231476
14768532 18726435 23586741 46537218 53462781 76413258 81273564 85231467
14782356 15627834 34671258 43872651 56127348 65328741 84372165 85217643
14782365 15628734 43671258 43782651 56217348 56328741 84371265 85217634
14782536 15726834 36471258 43862751 56137248 63528741 84273165 85217463
14782563 15826734 36528741 43762851 56237148 63471258 84173265 85217436
14782635 15728634 43682751 46371258 53628741 56317248 84271365 85217364
14782653 15827634 35628741 43672851 56327148 64371258 84172365 85217346
14783256 16527834 34761258 43872561 56127438 65238741 83472165 85216743
14783265 16528734 43761258 43782561 56217438 56238741 83471265 85216734
14783526 17526834 37461258 43862571 56137428 62538741 82473165 85216473
14783562 18526734 26538741 43762581 56237418 73461258 81473265 85216437
14783625 17528634 43682571 47361258 52638741 56317428 82471365 85216374
14783652 18527634 25638741 43672581 56327418 74361258 81472365 85216347
14785236 16725834 36741258 43852761 56147238 63258741 83274165 85214763
14785263 16825734 36258741 43752861 56247138 63741258 83174265 85214736
14785326 17625834 37641258 43852671 56147328 62358741 82374165 85214673
14785362 18625734 26358741 43752681 56247318 73641258 81374265 85214637
14785623 17825634 32658741 43652871 56347128 67341258 82174365 85214376
14785632 18725634 23658741 43652781 56347218 76341258 81274365 85214367
14786235 16728534 43582761 46731258 53268741 56417238 83271465 85213764
14786253 16827534 35268741 43572861 56427138 64731258 83172465 85213746
14786325 17628534 43582671 47631258 52368741 56417328 82371465 85213674
14786352 18627534 25368741 43572681 56427318 74631258 81372465 85213647
14786523 17826534 32568741 43562871 56437128 67431258 82173465 85213476
14786532 18726534 23568741 43562781 56437218 76431258 81273465 85213467
14825673 37652841 62347158 85174326
14825763 36752841 63247158 85174236
14826573 37562841 62437158 85173426
14826753 14827563 35762841 36572841 63427158 64237158 85172436 85173246
14827653 35672841 64327158 85172346
14832567 15426783 23476158 38762451 61237548 76523841 84573216 85167432
14832576 15426873 32476158 37862451 62137548 67523841 84573126 85167423
14832657 15427683 24376158 38672451 61327548 75623841 84572316 85167342
14832675 15428673 37682451 42376158 57623841 62317548 84571326 85167324
14832756 15427863 34276158 36872451 63127548 65723841 84572136 85167243
14832765 15428763 36782451 43276158 56723841 63217548 84571236 85167234
14835267 16425783 23746158 38752461 61247538 76253841 83574216 85164732
14835276 16425873 32746158 37852461 62147538 67253841 83574126 85164723
14835627 17425683 27346158 38652471 61347528 72653841 82574316 85164372
14835672 18425673 27653841 37652481 62347518 72346158 81574326 85164327
14835726 17425863 36852471 37246158 62753841 63147528 82574136 85164273
14835762 18425763 26753841 36752481 63247518 73246158 81574236 85164237
14836257 16427583 24736158 38572461 61427538 75263841 83572416 85163742
14836275 16428573 37582461 42736158 57263841 62417538 83571426 85163724
14836527 17426583 27436158 38562471 61437528 72563841 82573416 85163472
14836572 18426573 27563841 37562481 62437518 72436158 81573426 85163427
14836725 17428563 36582471 47236158 52763841 63417528 82571436 85163274
14836752 18427563 25763841 36572481 63427518 74236158 81572436 85163247
14837256 16427853 34726158 35872461 64127538 65273841 83572146 85162743
14837265 16428753 35782461 43726158 56273841 64217538 83571246 85162734
14837526 17426853 35862471 37426158 62573841 64137528 82573146 85162473
14837562 18426753 26573841 35762481 64237518 73426158 81573246 85162437
14837625 17428653 35682471 47326158 52673841 64317528 82571346 85162374
14837652 18427653 25673841 35672481 64327518 74326158 81572346 85162347
14852367 15624783 23674158 38742651 61257348 76325841 84375216 85147632
14852376 15624873 32674158 37842651 62157348 67325841 84375126 85147623
14852637 15724683 26374158 38642751 61357248 73625841 84275316 85147362
14852673 15824673 37625841 37642851 62357148 62374158 84175326 85147326
14852736 15724863 36274158 36842751 63157248 63725841 84275136 85147263
14852763 15824763 36725841 36742851 63257148 63274158 84175236 85147236
14853267 16524783 23764158 38742561 61257438 76235841 83475216 85146732
14853276 16524873 32764158 37842561 62157438 67235841 83475126 85146723
14853627 17524683 27364158 38642571 61357428 72635841 82475316 85146372
14853672 18524673 27635841 37642581 62357418 72364158 81475326 85146327
14853726 17524863 36842571 37264158 62735841 63157428 82475136 85146273
14853762 18524763 26735841 36742581 63257418 73264158 81475236 85146237
14856237 16724583 26734158 38542761 61457238 73265841 83275416 85143762
14856273 16824573 37265841 37542861 62457138 62734158 83175426 85143726
14856327 17624583 27634158 38542671 61457328 72365841 82375416 85143672
14856372 18624573 27365841 37542681 62457318 72634158 81375426 85143627
14856723 17824563 32765841 36542871 63457128 67234158 82175436 85143276
14856732 18724563 23765841 36542781 63457218 76234158 81275436 85143267
14857236 16724853 35842761 36724158 63275841 64157238 83275146 85142763
14857263 16824753 35742861 36275841 63724158 64257138 83175246 85142736
14857326 17624853 35842671 37624158 62375841 64157328 82375146 85142673
14857362 18624753 26375841 35742681 64257318 73624158 81375246 85142637
14857623 17824653 32675841 35642871 64357128 67324158 82175346 85142376
14857632 18724653 23675841 35642781 64357218 76324158 81275346 85142367
14862357 15627483 24673158 38472651 61527348 75326841 84372516 85137642
14862375 15628473 37482651 42673158 57326841 62517348 84371526 85137624
14862537 15726483 26473158 38462751 61537248 73526841 84273516 85137462
14862573 15826473 37462851 37526841 62473158 62537148 84173526 85137426
14862735 15728463 36482751 46273158 53726841 63517248 84271536 85137264
14862753 15827463 35726841 36472851 63527148 64273158 84172536 85137246
14863257 16527483 24763158 38472561 61527438 75236841 83472516 85136742
14863275 16528473 37482561 42763158 57236841 62517438 83471526 85136724
14863527 17526483 27463158 38462571 61537428 72536841 82473516 85136472
14863572 18526473 27536841 37462581 62537418 72463158 81473526 85136427
14863725 17528463 36482571 47263158 52736841 63517428 82471536 85136274
14863752 18527463 25736841 36472581 63527418 74263158 81472536 85136247
14865237 16725483 26743158 38452761 61547238 73256841 83274516 85134762
14865273 16825473 37256841 37452861 62547138 62743158 83174526 85134726
14865327 17625483 27643158 38452671 61547328 72356841 82374516 85134672
14865372 18625473 27356841 37452681 62547318 72643158 81374526 85134627
14865723 17825463 32756841 36452871 63547128 67243158 82174536 85134276
14865732 18725463 23756841 36452781 63547218 76243158 81274536 85134267
14867235 16728453 35482761 46723158 53276841 64517238 83271546 85132764
14867253 16827453 35276841 35472861 64527138 64723158 83172546 85132746
14867325 17628453 35482671 47623158 52376841 64517328 82371546 85132674
14867352 18627453 25376841 35472681 64527318 74623158 81372546 85132647
14867523 17826453 32576841 35462871 64537128 67423158 82173546 85132476
14867532 18726453 23576841 35462781 64537218 76423158 81273546 85132467
14872356 15627843 34672158 34872651 65127348 65327841 84372156 85127643
14872365 15628743 34782651 43672158 56327841 65217348 84371256 85127634
14872536 15726843 34862751 36472158 63527841 65137248 84273156 85127463
14872563 15826743 34762851 36527841 63472158 65237148 84173256 85127436
14872635 15728643 34682751 46372158 53627841 65317248 84271356 85127364
14872653 15827643 34672851 35627841 64372158 65327148 84172356 85127346
14873256 16527843 34762158 34872561 65127438 65237841 83472156 85126743
14873265 16528743 34782561 43762158 56237841 65217438 83471256 85126734
14873526 17526843 34862571 37462158 62537841 65137428 82473156 85126473
14873562 18526743 26537841 34762581 65237418 73462158 81473256 85126437
14873625 17528643 34682571 47362158 52637841 65317428 82471356 85126374
14873652 18527643 25637841 34672581 65327418 74362158 81472356 85126347
14875236 16725843 34852761 36742158 63257841 65147238 83274156 85124763
14875263 16825743 34752861 36257841 63742158 65247138 83174256 85124736
14875326 17625843 34852671 37642158 62357841 65147328 82374156 85124673
14875362 18625743 26357841 34752681 65247318 73642158 81374256 85124637
14875623 17825643 32657841 34652871 65347128 67342158 82174356 85124376
14875632 18725643 23657841 34652781 65347218 76342158 81274356 85124367
14876235 16728543 34582761 46732158 53267841 65417238 83271456 85123764
14876253 16827543 34572861 35267841 64732158 65427138 83172456 85123746
14876325 17628543 34582671 47632158 52367841 65417328 82371456 85123674
14876352 18627543 25367841 34572681 65427318 74632158 81372456 85123647
14876523 17826543 32567841 34562871 65437128 67432158 82173456 85123476
14876532 18726543 23567841 34562781 65437218 76432158 81273456 85123467
15342786 15342867 23175648 31275648 68724351 76824351 84657132 84657213
15346782 18342567 23475618 28764351 71235648 76524381 81657432 84653217
15346827 17342586 27135648 31475628 68524371 72864351 82657413 84653172
15346872 18342576 27864351 32475618 67524381 72135648 81657423 84653127
15347286 16342857 24175638 31725648 68274351 75824361 83657142 84652713
15347682 18342657 24375618 28674351 71325648 75624381 81657342 84652317
15347826 17342856 34175628 37125648 62874351 65824371 82657143 84652173
15347862 18342756 26874351 34275618 65724381 73125648 81657243 84652137
15348267 16342785 23715648 41275638 58724361 76284351 83657214 84651732
15348276 16342875 32715648 42175638 57824361 67284351 83657124 84651723
15348627 17342685 27315648 41375628 58624371 72684351 82657314 84651372
15348672 18342675 27684351 42375618 57624381 72315648 81657324 84651327
15348726 17342865 37215648 43175628 56824371 62784351 82657134 84651273
15348762 18342765 26784351 43275618 56724381 73215648 81657234 84651237
15362784 15382467 23571648 48726351 51273648 76428351 84617532 84637215
15362847 15372486 25173648 31572648 68427351 74826351 84627513 84637152
15362874 15382476 32571648 47826351 52173648 67428351 84617523 84637125
15364782 18352467 23574618 28746351 71253648 76425381 81647532 84635217
15364827 17352486 27153648 31574628 68425371 72846351 82647513 84635172
15364872 18352476 27846351 32574618 67425381 72153648 81647523 84635127
15367284 16382457 24571638 48276351 51723648 75428361 83617542 84632715
15367482 18362457 24573618 28476351 71523648 75426381 81637542 84632517
15367824 17382456 34571628 42876351 57123648 65428371 82617543 84632175
15367842 18372456 24876351 34572618 65427381 75123648 81627543 84632157
15368247 16372485 25713648 41572638 58427361 74286351 83627514 84631752
15368274 16382475 42571638 47286351 52713648 57428361 83617524 84631725
15368427 17362485 27513648 41573628 58426371 72486351 82637514 84631572
15368472 18362475 27486351 42573618 57426381 72513648 81637524 84631527
15368724 17382465 42786351 43571628 56428371 57213648 82617534 84631275
15368742 18372465 24786351 43572618 56427381 75213648 81627534 84631257
15372648 84627351
15372684 15382647 25371648 48627351 51372648 74628351 84617352 84627315
15372846 35172648 64827351 84627153
15372864 15382746 35271648 46827351 53172648 64728351 84617253 84627135
15374286 16352847 25174638 31752648 68247351 74825361 83647152 84625713
15374628 17352648 82647351 84625371
15374682 18352647 25374618 28647351 71352648 74625381 81647352 84625317
15374826 17352846 35174628 37152648 62847351 64825371 82647153 84625173
15374862 18352746 26847351 35274618 64725381 73152648 81647253 84625137
15376248 15472638 15732648 16372548 83627451 84267351 84527361 84623751
15376284 16382547 25471638 48267351 51732648 74528361 83617452 84623715
15376428 15473628 17362548 17532648 82467351 82637451 84526371 84623571
15376482 18362547 25473618 28467351 71532648 74526381 81637452 84623517
15376824 17382546 35471628 42867351 57132648 64528371 82617453 84623175
15376842 18372546 24867351 35472618 64527381 75132648 81627453 84623157
15378246 16372845 35712648 45172638 54827361 64287351 83627154 84621753
15378264 16382745 45271638 46287351 53712648 54728361 83617254 84621735
15378426 17362845 37512648 45173628 54826371 62487351 82637154 84621573
15378462 18362745 26487351 45273618 54726381 73512648 81637254 84621537
15378624 17382645 42687351 45371628 54628371 57312648 82617354 84621375
15378642 18372645 24687351 45372618 54627381 75312648 81627354 84621357
15382674 47628351 52371648 84617325
15382764 46728351 53271648 84617235
15384267 16352784 23751648 48725361 51274638 76248351 83647215 84615732
15384276 16352874 32751648 47825361 52174638 67248351 83647125 84615723
15384627 17352684 27351648 48625371 51374628 72648351 82647315 84615372
15384672 18352674 27648351 47625381 52374618 72351648 81647325 84615327
15384726 17352864 37251648 46825371 53174628 62748351 82647135 84615273
15384762 18352764 26748351 46725381 53274618 73251648 81647235 84615237
15386247 16372584 25731648 48527361 51472638 74268351 83627415 84613752
15386274 16382574 47268351 47528361 52471638 52731648 83617425 84613725
15386427 17362584 27531648 48526371 51473628 72468351 82637415 84613572
15386472 18362574 27468351 47526381 52473618 72531648 81637425 84613527
15386724 17382564 42768351 46528371 53471628 57231648 82617435 84613275
15386742 18372564 24768351 46527381 53472618 75231648 81627435 84613257
15387246 16372854 35721648 45827361 54172638 64278351 83627145 84612753
15387264 16382754 45728361 46278351 53721648 54271638 83617245 84612735
15387426 17362854 37521648 45826371 54173628 62478351 82637145 84612573
15387462 18362754 26478351 45726381 54273618 73521648 81637245 84612537
15387624 17382654 42678351 45628371 54371628 57321648 82617345 84612375
15387642 18372654 24678351 45627381 54372618 75321648 81627345 84612357
15432786 15432867 23176548 31276548 68723451 76823451 84567132 84567213
15436782 18432567 23476518 28763451 71236548 76523481 81567432 84563217
15436827 17432586 27136548 31476528 68523471 72863451 82567413 84563172
15436872 18432576 27863451 32476518 67523481 72136548 81567423 84563127
15437286 16432857 24176538 31726548 68273451 75823461 83567142 84562713
15437682 18432657 24376518 28673451 71326548 75623481 81567342 84562317
15437826 17432856 34176528 37126548 62873451 65823471 82567143 84562173
15437862 18432756 26873451 34276518 65723481 73126548 81567243 84562137
15438267 16432785 23716548 41276538 58723461 76283451 83567214 84561732
15438276 16432875 32716548 42176538 57823461 67283451 83567124 84561723
15438627 17432685 27316548 41376528 58623471 72683451 82567314 84561372
15438672 18432675 27683451 42376518 57623481 72316548 81567324 84561327
15438726 17432865 37216548 43176528 56823471 62783451 82567134 84561273
15438762 18432765 26783451 43276518 56723481 73216548 81567234 84561237
15462783 15832467 23576148 38726451 61273548 76423851 84167532 84537216
15462837 15732486 26173548 31576248 68423751 73826451 84267513 84537162
15462873 15832476 32576148 37826451 62173548 67423851 84167523 84537126
15463782 18532467 23576418 28736451 71263548 76423581 81467532 84536217
15463827 17532486 27163548 31576428 68423571 72836451 82467513 84536172
15463872 18532476 27836451 32576418 67423581 72163548 81467523 84536127
15467283 16832457 24576138 38276451 61723548 75423861 83167542 84532716
15467382 18632457 24576318 28376451 71623548 75423681 81367542 84532617
15467823 17832456 32876451 34576128 65423871 67123548 82167543 84532176
15467832 18732456 23876451 34576218 65423781 76123548 81267543 84532167
15468237 16732485 26713548 41576238 58423761 73286451 83267514 84531762
15468273 16832475 37286451 42576138 57423861 62713548 83167524 84531726
15468327 17632485 27613548 41576328 58423671 72386451 82367514 84531672
15468372 18632475 27386451 42576318 57423681 72613548 81367524 84531627
15468723 17832465 32786451 43576128 56423871 67213548 82167534 84531276
15468732 18732465 23786451 43576218 56423781 76213548 81267534 84531267
15472386 15632847 25176348 31672548 68327451 74823651 84367152 84527613
15472683 15832647 25376148 38627451 61372548 74623851 84167352 84527316
15472836 15732846 35176248 36172548 63827451 64823751 84267153 84527163
15472863 15832746 35276148 36827451 63172548 64723851 84167253 84527136
15473286 16532847 25176438 31762548 68237451 74823561 83467152 84526713
15473682 18532647 25376418 28637451 71362548 74623581 81467352 84526317
15473826 17532846 35176428 37162548 62837451 64823571 82467153 84526173
15473862 18532746 26837451 35276418 64723581 73162548 81467253 84526137
15476238 16732548 83267451 84523761
15476283 16832547 25476138 38267451 61732548 74523861 83167452 84523716
15476328 17632548 82367451 84523671
15476382 18632547 25476318 28367451 71632548 74523681 81367452 84523617
15476823 17832546 32867451 35476128 64523871 67132548 82167453 84523176
15476832 18732546 23867451 35476218 64523781 76132548 81267453 84523167
15478236 16732845 36712548 45176238 54823761 63287451 83267154 84521763
15478263 16832745 36287451 45276138 54723861 63712548 83167254 84521736
15478326 17632845 37612548 45176328 54823671 62387451 82367154 84521673
15478362 18632745 26387451 45276318 54723681 73612548 81367254 84521637
15478623 17832645 32687451 45376128 54623871 67312548 82167354 84521376
15478632 18732645 23687451 45376218 54623781 76312548 81267354 84521367
15482367 15632784 23671548 48723651 51276348 76328451 84367215 84517632
15482376 15632874 32671548 47823651 52176348 67328451 84367125 84517623
15482637 15732684 26371548 48623751 51376248 73628451 84267315 84517362
15482673 15832674 37628451 47623851 52376148 62371548 84167325 84517326
15482736 15732864 36271548 46823751 53176248 63728451 84267135 84517263
15482763 15832764 36728451 46723851 53276148 63271548 84167235 84517236
15483267 16532784 23761548 48723561 51276438 76238451 83467215 84516732
15483276 16532874 32761548 47823561 52176438 67238451 83467125 84516723
15483627 17532684 27361548 48623571 51376428 72638451 82467315 84516372
15483672 18532674 27638451 47623581 52376418 72361548 81467325 84516327
15483726 17532864 37261548 46823571 53176428 62738451 82467135 84516273
15483762 18532764 26738451 46723581 53276418 73261548 81467235 84516237
15486237 16732584 26731548 48523761 51476238 73268451 83267415 84513762
15486273 16832574 37268451 47523861 52476138 62731548 83167425 84513726
15486327 17632584 27631548 48523671 51476328 72368451 82367415 84513672
15486372 18632574 27368451 47523681 52476318 72631548 81367425 84513627
15486723 17832564 32768451 46523871 53476128 67231548 82167435 84513276
15486732 18732564 23768451 46523781 53476218 76231548 81267435 84513267
15487236 16732854 36721548 45823761 54176238 63278451 83267145 84512763
15487263 16832754 36278451 45723861 54276138 63721548 83167245 84512736
15487326 17632854 37621548 45823671 54176328 62378451 82367145 84512673
15487362 18632754 26378451 45723681 54276318 73621548 81367245 84512637
15487623 17832654 32678451 45623871 54376128 67321548 82167345 84512376
15487632 18732654 23678451 45623781 54376218 76321548 81267345 84512367
15634782 18452367 23674518 28743651 71256348 76325481 81547632 84365217
15634827 17452386 27156348 31674528 68325471 72843651 82547613 84365172
15634872 18452376 27843651 32674518 67325481 72156348 81547623 84365127
15637284 16482357 24671538 48273651 51726348 75328461 83517642 84362715
15637482 18462357 24673518 28473651 71526348 75326481 81537642 84362517
15637824 17482356 34671528 42873651 57126348 65328471 82517643 84362175
15637842 18472356 24873651 34672518 65327481 75126348 81527643 84362157
15638247 16472385 25716348 41672538 58327461 74283651 83527614 84361752
15638274 16482375 42671538 47283651 52716348 57328461 83517624 84361725
15638427 17462385 27516348 41673528 58326471 72483651 82537614 84361572
15638472 18462375 27483651 42673518 57326481 72516348 81537624 84361527
15638724 17482365 42783651 43671528 56328471 57216348 82517634 84361275
15638742 18472365 24783651 43672518 56327481 75216348 81527634 84361257
15642783 15842367 23675148 38724651 61275348 76324851 84157632 84357216
15642837 15742386 26175348 31675248 68324751 73824651 84257613 84357162
15642873 15842376 32675148 37824651 62175348 67324851 84157623 84357126
15643782 18542367 23675418 28734651 71265348 76324581 81457632 84356217
15643827 17542386 27165348 31675428 68324571 72834651 82457613 84356172
15643872 18542376 27834651 32675418 67324581 72165348 81457623 84356127
15647283 16842357 24675138 38274651 61725348 75324861 83157642 84352716
15647382 18642357 24675318 28374651 71625348 75324681 81357642 84352617
15647823 17842356 32874651 34675128 65324871 67125348 82157643 84352176
15647832 18742356 23874651 34675218 65324781 76125348 81257643 84352167
15648237 16742385 26715348 41675238 58324761 73284651 83257614 84351762
15648273 16842375 37284651 42675138 57324861 62715348 83157624 84351726
15648327 17642385 27615348 41675328 58324671 72384651 82357614 84351672
15648372 18642375 27384651 42675318 57324681 72615348 81357624 84351627
15648723 17842365 32784651 43675128 56324871 67215348 82157634 84351276
15648732 18742365 23784651 43675218 56324781 76215348 81257634 84351267
15672348 84327651
15672384 15682347 25671348 48327651 51672348 74328651 84317652 84327615
15672438 15673248 15762348 16572348 83427651 84237651 84326751 84327561
15672483 15862347 25673148 38427651 61572348 74326851 84137652 84327516
15672834 15782346 35671248 43827651 56172348 64328751 84217653 84327165
15672843 15872346 34827651 35672148 64327851 65172348 84127653 84327156
15673284 16582347 25671438 48237651 51762348 74328561 83417652 84326715
15673428 17562348 82437651 84326571
15673482 18562347 25673418 28437651 71562348 74326581 81437652 84326517
15673824 17582346 35671428 42837651 57162348 64328571 82417653 84326175
15673842 18572346 24837651 35672418 64327581 75162348 81427653 84326157
15674238 16752348 83247651 84325761
15674283 16852347 25674138 38247651 61752348 74325861 83147652 84325716
15674328 17652348 82347651 84325671
15674382 18652347 25674318 28347651 71652348 74325681 81347652 84325617
15674823 17852346 32847651 35674128 64325871 67152348 82147653 84325176
15674832 18752346 23847651 35674218 64325781 76152348 81247653 84325167
15678234 16782345 43287651 45671238 54328761 56712348 83217654 84321765
15678243 16872345 34287651 45672138 54327861 65712348 83127654 84321756
15678324 17682345 42387651 45671328 54328671 57612348 82317654 84321675
15678342 18672345 24387651 45672318 54327681 75612348 81327654 84321657
15678423 17862345 32487651 45673128 54326871 67512348 82137654 84321576
15678432 18762345 23487651 45673218 54326781 76512348 81237654 84321567
15682374 47328651 52671348 84317625
15682437 15762384 26571348 48326751 51673248 73428651 84237615 84317562
15682473 15862374 37428651 47326851 52673148 62571348 84137625 84317526
15682734 15782364 43728651 46328751 53671248 56271348 84217635 84317265
15682743 15872364 34728651 46327851 53672148 65271348 84127635 84317256
15683247 16572384 25761348 48327561 51672438 74238651 83427615 84316752
15683274 16582374 47238651 47328561 52671438 52761348 83417625 84316725
15683427 17562384 27561348 48326571 51673428 72438651 82437615 84316572
15683472 18562374 27438651 47326581 52673418 72561348 81437625 84316527
15683724 17582364 42738651 46328571 53671428 57261348 82417635 84316275
15683742 18572364 24738651 46327581 53672418 75261348 81427635 84316257
15684237 16752384 26751348 48325761 51674238 73248651 83247615 84315762
15684273 16852374 37248651 47325861 52674138 62751348 83147625 84315726
15684327 17652384 27651348 48325671 51674328 72348651 82347615 84315672
15684372 18652374 27348651 47325681 52674318 72651348 81347625 84315627
15684723 17852364 32748651 46325871 53674128 67251348 82147635 84315276
15684732 18752364 23748651 46325781 53674218 76251348 81247635 84315267
15687234 16782354 43278651 45328761 54671238 56721348 83217645 84312765
15687243 16872354 34278651 45327861 54672138 65721348 83127645 84312756
15687324 17682354 42378651 45328671 54671328 57621348 82317645 84312675
15687342 18672354 24378651 45327681 54672318 75621348 81327645 84312657
15687423 17862354 32478651 45326871 54673128 67521348 82137645 84312576
15687432 18762354 23478651 45326781 54673218 76521348 81237645 84312567
15734286 16452837 26174538 31756248 68243751 73825461 83547162 84265713
15734628 16374528 17356248 17452638 82547361 82643751 83625471 84265371
15734682 18452637 26374518 28643751 71356248 73625481 81547362 84265317
15734826 17452836 36174528 37156248 62843751 63825471 82547163 84265173
15734862 18452736 26843751 36274518 63725481 73156248 81547263 84265137
15736248 16472538 83527461 84263751
15736284 16482537 26471538 48263751 51736248 73528461 83517462 84263715
15736428 16473528 17462538 17536248 82463751 82537461 83526471 84263571
15736482 18462537 26473518 28463751 71536248 73526481 81537462 84263517
15736824 17482536 36471528 42863751 57136248 63528471 82517463 84263175
15736842 18472536 24863751 36472518 63527481 75136248 81527463 84263157
15738246 16472835 35716248 46172538 53827461 64283751 83527164 84261753
15738264 16482735 46271538 46283751 53716248 53728461 83517264 84261735
15738426 17462835 37516248 46173528 53826471 62483751 82537164 84261573
15738462 18462735 26483751 46273518 53726481 73516248 81537264 84261537
15738624 17482635 42683751 46371528 53628471 57316248 82517364 84261375
15738642 18472635 24683751 46372518 53627481 75316248 81527364 84261357
15742638 16375248 83624751 84257361
15742683 15842637 26375148 38624751 61375248 73624851 84157362 84257316
15742836 36175248 63824751 84257163
15742863 15842736 36275148 36824751 63175248 63724851 84157263 84257136
15743286 16542837 26175438 31765248 68234751 73824561 83457162 84256713
15743628 16375428 17365248 17542638 82457361 82634751 83624571 84256371
15743682 18542637 26375418 28634751 71365248 73624581 81457362 84256317
15743826 17542836 36175428 37165248 62834751 63824571 82457163 84256173
15743862 18542736 26834751 36275418 63724581 73165248 81457263 84256137
15746238 16475238 16735248 16742538 83257461 83264751 83524761 84253761
15746283 16842537 26475138 38264751 61735248 73524861 83157462 84253716
15746328 16475328 17635248 17642538 82357461 82364751 83524671 84253671
15746382 18642537 26475318 28364751 71635248 73524681 81357462 84253617
15746823 17842536 32864751 36475128 63524871 67135248 82157463 84253176
15746832 18742536 23864751 36475218 63524781 76135248 81257463 84253167
15748236 16742835 36715248 46175238 53824761 63284751 83257164 84251763
15748263 16842735 36284751 46275138 53724861 63715248 83157264 84251736
15748326 17642835 37615248 46175328 53824671 62384751 82357164 84251673
15748362 18642735 26384751 46275318 53724681 73615248 81357264 84251637
15748623 17842635 32684751 46375128 53624871 67315248 82157364 84251376
15748632 18742635 23684751 46375218 53624781 76315248 81257364 84251367
15762438 16573248 83426751 84237561
15762483 15862437 26573148 38426751 61573248 73426851 84137562 84237516
15762834 15782436 36571248 43826751 56173248 63428751 84217563 84237165
15762843 15872436 34826751 36572148 63427851 65173248 84127563 84237156
15763248 16572438 83427561 84236751
15763284 16582437 26571438 48236751 51763248 73428561 83417562 84236715
15763428 16573428 17562438 17563248 82436751 82437561 83426571 84236571
15763482 18562437 26573418 28436751 71563248 73426581 81437562 84236517
15763824 17582436 36571428 42836751 57163248 63428571 82417563 84236175
15763842 18572436 24836751 36572418 63427581 75163248 81427563 84236157
15764238 16574238 16752438 16753248 83246751 83247561 83425761 84235761
15764283 16852437 26574138 38246751 61753248 73425861 83147562 84235716
15764328 16574328 17652438 17653248 82346751 82347561 83425671 84235671
15764382 18652437 26574318 28346751 71653248 73425681 81347562 84235617
15764823 17852436 32846751 36574128 63425871 67153248 82147563 84235176
15764832 18752436 23846751 36574218 63425781 76153248 81247563 84235167
15768234 16782435 43286751 46571238 53428761 56713248 83217564 84231765
15768243 16872435 34286751 46572138 53427861 65713248 83127564 84231756
15768324 17682435 42386751 46571328 53428671 57613248 82317564 84231675
15768342 18672435 24386751 46572318 53427681 75613248 81327564 84231657
15768423 17862435 32486751 46573128 53426871 67513248 82137564 84231576
15768432 18762435 23486751 46573218 53426781 76513248 81237564 84231567
15782463 15862734 36428751 43726851 56273148 63571248 84137265 84217536
15782634 43628751 56371248 84217365
15782643 15872634 34628751 43627851 56372148 65371248 84127365 84217356
15783246 16572834 35761248 43827561 56172438 64238751 83427165 84216753
15783264 16582734 43728561 46238751 53761248 56271438 83417265 84216735
15783426 17562834 37561248 43826571 56173428 62438751 82437165 84216573
15783462 18562734 26438751 43726581 56273418 73561248 81437265 84216537
15783624 17582634 42638751 43628571 56371428 57361248 82417365 84216375
15783642 18572634 24638751 43627581 56372418 75361248 81427365 84216357
15784236 16752834 36751248 43825761 56174238 63248751 83247165 84215763
15784263 16852734 36248751 43725861 56274138 63751248 83147265 84215736
15784326 17652834 37651248 43825671 56174328 62348751 82347165 84215673
15784362 18652734 26348751 43725681 56274318 73651248 81347265 84215637
15784623 17852634 32648751 43625871 56374128 67351248 82147365 84215376
15784632 18752634 23648751 43625781 56374218 76351248 81247365 84215367
15786234 16782534 43268751 43528761 56471238 56731248 83217465 84213765
15786243 16872534 34268751 43527861 56472138 65731248 83127465 84213756
15786324 17682534 42368751 43528671 56471328 57631248 82317465 84213675
15786342 18672534 24368751 43527681 56472318 75631248 81327465 84213657
15786423 17862534 32468751 43526871 56473128 67531248 82137465 84213576
15786432 18762534 23468751 43526781 56473218 76531248 81237465 84213567
15834267 16452783 23756148 38725461 61274538 76243851 83547216 84165732
15834276 16452873 32756148 37825461 62174538 67243851 83547126 84165723
15834627 17452683 27356148 38625471 61374528 72643851 82547316 84165372
15834672 18452673 27643851 37625481 62374518 72356148 81547326 84165327
15834726 17452863 36825471 37256148 62743851 63174528 82547136 84165273
15834762 18452763 26743851 36725481 63274518 73256148 81547236 84165237
15836247 16472583 25736148 38527461 61472538 74263851 83527416 84163752
15836274 16482573 37528461 47263851 52736148 62471538 83517426 84163725
15836427 17462583 27536148 38526471 61473528 72463851 82537416 84163572
15836472 18462573 27463851 37526481 62473518 72536148 81537426 84163527
15836724 17482563 36528471 42763851 57236148 63471528 82517436 84163275
15836742 18472563 24763851 36527481 63472518 75236148 81527436 84163257
15837246 16472853 35726148 35827461 64172538 64273851 83527146 84162753
15837264 16482753 35728461 46273851 53726148 64271538 83517246 84162735
15837426 17462853 35826471 37526148 62473851 64173528 82537146 84162573
15837462 18462753 26473851 35726481 64273518 73526148 81537246 84162537
15837624 17482653 35628471 42673851 57326148 64371528 82517346 84162375
15837642 18472653 24673851 35627481 64372518 75326148 81527346 84162357
15842673 37624851 62375148 84157326
15842763 36724851 63275148 84157236
15843267 16542783 23765148 38724561 61275438 76234851 83457216 84156732
15843276 16542873 32765148 37824561 62175438 67234851 83457126 84156723
15843627 17542683 27365148 38624571 61375428 72634851 82457316 84156372
15843672 18542673 27634851 37624581 62375418 72365148 81457326 84156327
15843726 17542863 36824571 37265148 62734851 63175428 82457136 84156273
15843762 18542763 26734851 36724581 63275418 73265148 81457236 84156237
15846237 16742583 26735148 38524761 61475238 73264851 83257416 84153762
15846273 16842573 37264851 37524861 62475138 62735148 83157426 84153726
15846327 17642583 27635148 38524671 61475328 72364851 82357416 84153672
15846372 18642573 27364851 37524681 62475318 72635148 81357426 84153627
15846723 17842563 32764851 36524871 63475128 67235148 82157436 84153276
15846732 18742563 23764851 36524781 63475218 76235148 81257436 84153267
15847236 16742853 35824761 36725148 63274851 64175238 83257146 84152763
15847263 16842753 35724861 36274851 63725148 64275138 83157246 84152736
15847326 17642853 35824671 37625148 62374851 64175328 82357146 84152673
15847362 18642753 26374851 35724681 64275318 73625148 81357246 84152637
15847623 17842653 32674851 35624871 64375128 67325148 82157346 84152376
15847632 18742653 23674851 35624781 64375218 76325148 81257346 84152367
15862473 37426851 62573148 84137526
15862743 15872463 34726851 36427851 63572148 65273148 84127536 84137256
15863247 16572483 25763148 38427561 61572438 74236851 83427516 84136752
15863274 16582473 37428561 47236851 52763148 62571438 83417526 84136725
15863427 17562483 27563148 38426571 61573428 72436851 82437516 84136572
15863472 18562473 27436851 37426581 62573418 72563148 81437526 84136527
15863724 17582463 36428571 42736851 57263148 63571428 82417536 84136275
15863742 18572463 24736851 36427581 63572418 75263148 81427536 84136257
15864237 16752483 26753148 38425761 61574238 73246851 83247516 84135762
15864273 16852473 37246851 37425861 62574138 62753148 83147526 84135726
15864327 17652483 27653148 38425671 61574328 72346851 82347516 84135672
15864372 18652473 27346851 37425681 62574318 72653148 81347526 84135627
15864723 17852463 32746851 36425871 63574128 67253148 82147536 84135276
15864732 18752463 23746851 36425781 63574218 76253148 81247536 84135267
15867234 16782453 35428761 43276851 56723148 64571238 83217546 84132765
15867243 16872453 34276851 35427861 64572138 65723148 83127546 84132756
15867324 17682453 35428671 42376851 57623148 64571328 82317546 84132675
15867342 18672453 24376851 35427681 64572318 75623148 81327546 84132657
15867423 17862453 32476851 35426871 64573128 67523148 82137546 84132576
15867432 18762453 23476851 35426781 64573218 76523148 81237546 84132567
15872643 34627851 65372148 84127356
15873246 16572843 34827561 35762148 64237851 65172438 83427156 84126753
15873264 16582743 34728561 46237851 53762148 65271438 83417256 84126735
15873426 17562843 34826571 37562148 62437851 65173428 82437156 84126573
15873462 18562743 26437851 34726581 65273418 73562148 81437256 84126537
15873624 17582643 34628571 42637851 57362148 65371428 82417356 84126375
15873642 18572643 24637851 34627581 65372418 75362148 81427356 84126357
15874236 16752843 34825761 36752148 63247851 65174238 83247156 84125763
15874263 16852743 34725861 36247851 63752148 65274138 83147256 84125736
15874326 17652843 34825671 37652148 62347851 65174328 82347156 84125673
15874362 18652743 26347851 34725681 65274318 73652148 81347256 84125637
15874623 17852643 32647851 34625871 65374128 67352148 82147356 84125376
15874632 18752643 23647851 34625781 65374218 76352148 81247356 84125367
15876234 16782543 34528761 43267851 56732148 65471238 83217456 84123765
15876243 16872543 34267851 34527861 65472138 65732148 83127456 84123756
15876324 17682543 34528671 42367851 57632148 65471328 82317456 84123675
15876342 18672543 24367851 34527681 65472318 75632148 81327456 84123657
15876423 17862543 32467851 34526871 65473128 67532148 82137456 84123576
15876432 18762543 23467851 34526781 65473218 76532148 81237456 84123567
16345782 18345267 23745618 28754361 71245638 76254381 81654732 83654217
16345827 17345286 27145638 31745628 68254371 72854361 82654713 83654172
16345872 18345276 27854361 32745618 67254381 72145638 81654723 83654127
16347285 16348257 24715638 41725638 58274361 75284361 83651742 83652714
16347582 18346257 24735618 28574361 71425638 75264381 81653742 83652417
16347825 17348256 34715628 47125638 52874361 65284371 82651743 83652174
16347852 18347256 25874361 34725618 65274381 74125638 81652743 83652147
16348275 42715638 57284361 83651724
16348527 17346285 27415638 41735628 58264371 72584361 82653714 83651472
16348572 18346275 27584361 42735618 57264381 72415638 81653724 83651427
16348725 17348265 43715628 47215638 52784361 56284371 82651734 83651274
16348752 18347265 25784361 43725618 56274381 74215638 81652734 83651247
16354782 18354267 23754618 28745361 71254638 76245381 81645732 83645217
16354827 17354286 27154638 31754628 68245371 72845361 82645713 83645172
16354872 18354276 27845361 32754618 67245381 72154638 81645723 83645127
16357284 16384257 24751638 48275361 51724638 75248361 83615742 83642715
16357482 18364257 24753618 28475361 71524638 75246381 81635742 83642517
16357824 17384256 34751628 42875361 57124638 65248371 82615743 83642175
16357842 18374256 24875361 34752618 65247381 75124638 81625743 83642157
16358247 16374285 25714638 41752638 58247361 74285361 83625714 83641752
16358274 16384275 42751638 47285361 52714638 57248361 83615724 83641725
16358427 17364285 27514638 41753628 58246371 72485361 82635714 83641572
16358472 18364275 27485361 42753618 57246381 72514638 81635724 83641527
16358724 17384265 42785361 43751628 56248371 57214638 82615734 83641275
16358742 18374265 24785361 43752618 56247381 75214638 81625734 83641257
16374582 18356247 25734618 28547361 71452638 74265381 81643752 83625417
16374825 17358246 35714628 47152638 52847361 64285371 82641753 83625174
16374852 18357246 25847361 35724618 64275381 74152638 81642753 83625147
16375284 16385247 25741638 48257361 51742638 74258361 83614752 83624715
16375482 18365247 25743618 28457361 71542638 74256381 81634752 83624517
16375824 17385246 35741628 42857361 57142638 64258371 82614753 83624175
16375842 18375246 24857361 35742618 64257381 75142638 81624753 83624157
16378245 45712638 54287361 83621754
16378254 16387245 45287361 45721638 54278361 54712638 83612754 83621745
16378425 17368245 45713628 47512638 52487361 54286371 82631754 83621574
16378452 18367245 25487361 45723618 54276381 74512638 81632754 83621547
16378524 17386245 42587361 45731628 54268371 57412638 82613754 83621475
16378542 18376245 24587361 45732618 54267381 75412638 81623754 83621457
16384527 17356284 27451638 48265371 51734628 72548361 82643715 83615472
16384572 18356274 27548361 47265381 52734618 72451638 81643725 83615427
16384725 17358264 46285371 47251638 52748361 53714628 82641735 83615274
16384752 18357264 25748361 46275381 53724618 74251638 81642735 83615247
16385274 47258361 52741638 83614725
16385427 17365284 27541638 48256371 51743628 72458361 82634715 83614572
16385472 18365274 27458361 47256381 52743618 72541638 81634725 83614527
16385724 17385264 42758361 46258371 53741628 57241638 82614735 83614275
16385742 18375264 24758361 46257381 53742618 75241638 81624735 83614257
16387254 45278361 54721638 83612745
16387425 17368254 45286371 47521638 52478361 54713628 82631745 83612574
16387452 18367254 25478361 45276381 54723618 74521638 81632745 83612547
16387524 17386254 42578361 45268371 54731628 57421638 82613745 83612475
16387542 18376254 24578361 45267381 54732618 75421638 81623745 83612457
16435782 18435267 23746518 28753461 71246538 76253481 81564732 83564217
16435827 17435286 27146538 31746528 68253471 72853461 82564713 83564172
16435872 18435276 27853461 32746518 67253481 72146538 81564723 83564127
16437285 16438257 24716538 41726538 58273461 75283461 83561742 83562714
16437582 18436257 24736518 28573461 71426538 75263481 81563742 83562417
16437825 17438256 34716528 47126538 52873461 65283471 82561743 83562174
16437852 18437256 25873461 34726518 65273481 74126538 81562743 83562147
16438275 42716538 57283461 83561724
16438527 17436285 27416538 41736528 58263471 72583461 82563714 83561472
16438572 18436275 27583461 42736518 57263481 72416538 81563724 83561427
16438725 17438265 43716528 47216538 52783461 56283471 82561734 83561274
16438752 18437265 25783461 43726518 56273481 74216538 81562734 83561247
16453782 18534267 23756418 28735461 71264538 76243581 81465732 83546217
16453827 17534286 27164538 31756428 68243571 72835461 82465713 83546172
16453872 18534276 27835461 32756418 67243581 72164538 81465723 83546127
16457283 16834257 24756138 38275461 61724538 75243861 83165742 83542716
16457382 18634257 24756318 28375461 71624538 75243681 81365742 83542617
16457823 17834256 32875461 34756128 65243871 67124538 82165743 83542176
16457832 18734256 23875461 34756218 65243781 76124538 81265743 83542167
16458237 16734285 26714538 41756238 58243761 73285461 83265714 83541762
16458273 16834275 37285461 42756138 57243861 62714538 83165724 83541726
16458327 17634285 27614538 41756328 58243671 72385461 82365714 83541672
16458372 18634275 27385461 42756318 57243681 72614538 81365724 83541627
16458723 17834265 32785461 43756128 56243871 67214538 82165734 83541276
16458732 18734265 23785461 43756218 56243781 76214538 81265734 83541267
16473285 16538247 25716438 41762538 58237461 74283561 83461752 83526714
16473582 18536247 25736418 28537461 71462538 74263581 81463752 83526417
16473825 17538246 35716428 47162538 52837461 64283571 82461753 83526174
16473852 18537246 25837461 35726418 64273581 74162538 81462753 83526147
16475283 16835247 25746138 38257461 61742538 74253861 83164752 83524716
16475382 18635247 25746318 28357461 71642538 74253681 81364752 83524617
16475823 17835246 32857461 35746128 64253871 67142538 82164753 83524176
16475832 18735246 23857461 35746218 64253781 76142538 81264753 83524167
16478235 16738245 45716238 46712538 53287461 54283761 83261754 83521764
16478253 16837245 35287461 45726138 54273861 64712538 83162754 83521746
16478325 17638245 45716328 47612538 52387461 54283671 82361754 83521674
16478352 18637245 25387461 45726318 54273681 74612538 81362754 83521647
16478523 17836245 32587461 45736128 54263871 67412538 82163754 83521476
16478532 18736245 23587461 45736218 54263781 76412538 81263754 83521467
16483257 16537284 24761538 48273561 51726438 75238461 83462715 83516742
16483275 16538274 42761538 47283561 52716438 57238461 83461725 83516724
16483527 17536284 27461538 48263571 51736428 72538461 82463715 83516472
16483572 18536274 27538461 47263581 52736418 72461538 81463725 83516427
16483725 17538264 46283571 47261538 52738461 53716428 82461735 83516274
16483752 18537264 25738461 46273581 53726418 74261538 81462735 83516247
16485237 16735284 26741538 48253761 51746238 73258461 83264715 83514762
16485273 16835274 37258461 47253861 52746138 62741538 83164725 83514726
16485327 17635284 27641538 48253671 51746328 72358461 82364715 83514672
16485372 18635274 27358461 47253681 52746318 72641538 81364725 83514627
16485723 17835264 32758461 46253871 53746128 67241538 82164735 83514276
16485732 18735264 23758461 46253781 53746218 76241538 81264735 83514267
16487235 16738254 45283761 46721538 53278461 54716238 83261745 83512764
16487253 16837254 35278461 45273861 54726138 64721538 83162745 83512746
16487325 17638254 45283671 47621538 52378461 54716328 82361745 83512674
16487352 18637254 25378461 45273681 54726318 74621538 81362745 83512647
16487523 17836254 32578461 45263871 54736128 67421538 82163745 83512476
16487532 18736254 23578461 45263781 54736218 76421538 81263745 83512467
16534782 18453267 23764518 28743561 71256438 76235481 81546732 83465217
16534827 17453286 27156438 31764528 68235471 72843561 82546713 83465172
16534872 18453276 27843561 32764518 67235481 72156438 81546723 83465127
16537482 18463257 24763518 28473561 71526438 75236481 81536742 83462517
16537824 17483256 34761528 42873561 57126438 65238471 82516743 83462175
16537842 18473256 24873561 34762518 65237481 75126438 81526743 83462157
16538427 17463285 27516438 41763528 58236471 72483561 82536714 83461572
16538472 18463275 27483561 42763518 57236481 72516438 81536724 83461527
16538724 17483265 42783561 43761528 56238471 57216438 82516734 83461275
16538742 18473265 24783561 43762518 56237481 75216438 81526734 83461257
16543782 18543267 23765418 28734561 71265438 76234581 81456732 83456217
16543827 17543286 27165438 31765428 68234571 72834561 82456713 83456172
16543872 18543276 27834561 32765418 67234581 72165438 81456723 83456127
16547283 16843257 24765138 38274561 61725438 75234861 83156742 83452716
16547382 18643257 24765318 28374561 71625438 75234681 81356742 83452617
16547823 17843256 32874561 34765128 65234871 67125438 82156743 83452176
16547832 18743256 23874561 34765218 65234781 76125438 81256743 83452167
16548237 16743285 26715438 41765238 58234761 73284561 83256714 83451762
16548273 16843275 37284561 42765138 57234861 62715438 83156724 83451726
16548327 17643285 27615438 41765328 58234671 72384561 82356714 83451672
16548372 18643275 27384561 42765318 57234681 72615438 81356724 83451627
16548723 17843265 32784561 43765128 56234871 67215438 82156734 83451276
16548732 18743265 23784561 43765218 56234781 76215438 81256734 83451267
16573284 16583247 25761438 48237561 51762438 74238561 83416752 83426715
16573482 18563247 25763418 28437561 71562438 74236581 81436752 83426517
16573824 17583246 35761428 42837561 57162438 64238571 82416753 83426175
16573842 18573246 24837561 35762418 64237581 75162438 81426753 83426157
16574283 16853247 25764138 38247561 61752438 74235861 83146752 83425716
16574382 18653247 25764318 28347561 71652438 74235681 81346752 83425617
16574823 17853246 32847561 35764128 64235871 67152438 82146753 83425176
16574832 18753246 23847561 35764218 64235781 76152438 81246753 83425167
16578234 16783245 43287561 45761238 54238761 56712438 83216754 83421765
16578243 16873245 34287561 45762138 54237861 65712438 83126754 83421756
16578324 17683245 42387561 45761328 54238671 57612438 82316754 83421675
16578342 18673245 24387561 45762318 54237681 75612438 81326754 83421657
16578423 17863245 32487561 45763128 54236871 67512438 82136754 83421576
16578432 18763245 23487561 45763218 54236781 76512438 81236754 83421567
16583274 47238561 52761438 83416725
16583427 17563284 27561438 48236571 51763428 72438561 82436715 83416572
16583472 18563274 27438561 47236581 52763418 72561438 81436725 83416527
16583724 17583264 42738561 46238571 53761428 57261438 82416735 83416275
16583742 18573264 24738561 46237581 53762418 75261438 81426735 83416257
16584237 16753284 26751438 48235761 51764238 73248561 83246715 83415762
16584273 16853274 37248561 47235861 52764138 62751438 83146725 83415726
16584327 17653284 27651438 48235671 51764328 72348561 82346715 83415672
16584372 18653274 27348561 47235681 52764318 72651438 81346725 83415627
16584723 17853264 32748561 46235871 53764128 67251438 82146735 83415276
16584732 18753264 23748561 46235781 53764218 76251438 81246735 83415267
16587234 16783254 43278561 45238761 54761238 56721438 83216745 83412765
16587243 16873254 34278561 45237861 54762138 65721438 83126745 83412756
16587324 17683254 42378561 45238671 54761328 57621438 82316745 83412675
16587342 18673254 24378561 45237681 54762318 75621438 81326745 83412657
16587423 17863254 32478561 45236871 54763128 67521438 82136745 83412576
16587432 18763254 23478561 45236781 54763218 76521438 81236745 83412567
16734528 17456238 82543761 83265471
16734582 18456237 26734518 28543761 71456238 73265481 81543762 83265417
16734825 17458236 36714528 47156238 52843761 63285471 82541763 83265174
16734852 18457236 25843761 36724518 63275481 74156238 81542763 83265147
16735428 16743528 17465238 17546238 82453761 82534761 83256471 83264571
16735482 18465237 26743518 28453761 71546238 73256481 81534762 83264517
16735824 17485236 36741528 42853761 57146238 63258471 82514763 83264175
16735842 18475236 24853761 36742518 63257481 75146238 81524763 83264157
16738425 17468235 46713528 47516238 52483761 53286471 82531764 83261574
16738452 18467235 25483761 46723518 53276481 74516238 81532764 83261547
16738524 17486235 42583761 46731528 53268471 57416238 82513764 83261475
16738542 18476235 24583761 46732518 53267481 75416238 81523764 83261457
16743582 18546237 26735418 28534761 71465238 73264581 81453762 83256417
16743825 17548236 36715428 47165238 52834761 63284571 82451763 83256174
16743852 18547236 25834761 36725418 63274581 74165238 81452763 83256147
16745238 83254761
16745283 16845237 26745138 38254761 61745238 73254861 83154762 83254716
16745328 17645238 82354761 83254671
16745382 18645237 26745318 28354761 71645238 73254681 81354762 83254617
16745823 17845236 32854761 36745128 63254871 67145238 82154763 83254176
16745832 18745236 23854761 36745218 63254781 76145238 81254763 83254167
16748235 46715238 53284761 83251764
16748253 16847235 35284761 46725138 53274861 64715238 83152764 83251746
16748325 17648235 46715328 47615238 52384761 53284671 82351764 83251674
16748352 18647235 25384761 46725318 53274681 74615238 81352764 83251647
16748523 17846235 32584761 46735128 53264871 67415238 82153764 83251476
16748532 18746235 23584761 46735218 53264781 76415238 81253764 83251467
16753428 17564238 82435761 83246571
16753482 18564237 26753418 28435761 71564238 73246581 81435762 83246517
16753824 17584236 36751428 42835761 57164238 63248571 82415763 83246175
16753842 18574236 24835761 36752418 63247581 75164238 81425763 83246157
16754238 83245761
16754283 16854237 26754138 38245761 61754238 73245861 83145762 83245716
16754328 17654238 82345761 83245671
16754382 18654237 26754318 28345761 71654238 73245681 81345762 83245617
16754823 17854236 32845761 36754128 63245871 67154238 82145763 83245176
16754832 18754236 23845761 36754218 63245781 76154238 81245763 83245167
16758234 16784235 43285761 46751238 53248761 56714238 83215764 83241765
16758243 16874235 34285761 46752138 53247861 65714238 83125764 83241756
16758324 17684235 42385761 46751328 53248671 57614238 82315764 83241675
16758342 18674235 24385761 46752318 53247681 75614238 81325764 83241657
16758423 17864235 32485761 46753128 53246871 67514238 82135764 83241576
16758432 18764235 23485761 46753218 53246781 76514238 81235764 83241567
16783425 17568234 43286571 47561238 52438761 56713428 82431765 83216574
16783452 18567234 25438761 43276581 56723418 74561238 81432765 83216547
16783524 17586234 42538761 43268571 56731428 57461238 82413765 83216475
16783542 18576234 24538761 43267581 56732418 75461238 81423765 83216457
16784253 16857234 35248761 43275861 56724138 64751238 83142765 83215746
16784325 17658234 43285671 47651238 52348761 56714328 82341765 83215674
16784352 18657234 25348761 43275681 56724318 74651238 81342765 83215647
16784523 17856234 32548761 43265871 56734128 67451238 82143765 83215476
16784532 18756234 23548761 43265781 56734218 76451238 81243765 83215467
16785234 43258761 56741238 83214765
16785243 16875234 34258761 43257861 56742138 65741238 83124765 83214756
16785324 17685234 42358761 43258671 56741328 57641238 82314765 83214675
16785342 18675234 24358761 43257681 56742318 75641238 81324765 83214657
16785423 17865234 32458761 43256871 56743128 67541238 82134765 83214576
16785432 18765234 23458761 43256781 56743218 76541238 81234765 83214567
16834527 17456283 27456138 38265471 61734528 72543861 82543716 83165472
16834572 18456273 27543861 37265481 62734518 72456138 81543726 83165427
16834725 17458263 36285471 47256138 52743861 63714528 82541736 83165274
16834752 18457263 25743861 36275481 63724518 74256138 81542736 83165247
16835427 17465283 27546138 38256471 61743528 72453861 82534716 83164572
16835472 18465273 27453861 37256481 62743518 72546138 81534726 83164527
16835724 17485263 36258471 42753861 57246138 63741528 82514736 83164275
16835742 18475263 24753861 36257481 63742518 75246138 81524736 83164257
16837425 17468253 35286471 47526138 52473861 64713528 82531746 83162574
16837452 18467253 25473861 35276481 64723518 74526138 81532746 83162547
16837524 17486253 35268471 42573861 57426138 64731528 82513746 83162475
16837542 18476253 24573861 35267481 64732518 75426138 81523746 83162457
16843527 17546283 27465138 38264571 61735428 72534861 82453716 83156472
16843572 18546273 27534861 37264581 62735418 72465138 81453726 83156427
16843725 17548263 36284571 47265138 52734861 63715428 82451736 83156274
16843752 18547263 25734861 36274581 63725418 74265138 81452736 83156247
16845273 37254861 62745138 83154726
16845327 17645283 27645138 38254671 61745328 72354861 82354716 83154672
16845372 18645273 27354861 37254681 62745318 72645138 81354726 83154627
16845723 17845263 32754861 36254871 63745128 67245138 82154736 83154276
16845732 18745263 23754861 36254781 63745218 76245138 81254736 83154267
16847253 35274861 64725138 83152746
16847325 17648253 35284671 47625138 52374861 64715328 82351746 83152674
16847352 18647253 25374861 35274681 64725318 74625138 81352746 83152647
16847523 17846253 32574861 35264871 64735128 67425138 82153746 83152476
16847532 18746253 23574861 35264781 64735218 76425138 81253746 83152467
16853427 17564283 27564138 38246571 61753428 72435861 82435716 83146572
16853472 18564273 27435861 37246581 62753418 72564138 81435726 83146527
16853724 17584263 36248571 42735861 57264138 63751428 82415736 83146275
16853742 18574263 24735861 36247581 63752418 75264138 81425736 83146257
16854273 37245861 62754138 83145726
16854327 17654283 27654138 38245671 61754328 72345861 82345716 83145672
16854372 18654273 27345861 37245681 62754318 72654138 81345726 83145627
16854723 17854263 32745861 36245871 63754128 67254138 82145736 83145276
16854732 18754263 23745861 36245781 63754218 76254138 81245736 83145267
16857243 16874253 34275861 35247861 64752138 65724138 83125746 83142756
16857324 17684253 35248671 42375861 57624138 64751328 82315746 83142675
16857342 18674253 24375861 35247681 64752318 75624138 81325746 83142657
16857423 17864253 32475861 35246871 64753128 67524138 82135746 83142576
16857432 18764253 23475861 35246781 64753218 76524138 81235746 83142567
16873425 17568243 34286571 47562138 52437861 65713428 82431756 83126574
16873452 18567243 25437861 34276581 65723418 74562138 81432756 83126547
16873524 17586243 34268571 42537861 57462138 65731428 82413756 83126475
16873542 18576243 24537861 34267581 65732418 75462138 81423756 83126457
16874325 17658243 34285671 47652138 52347861 65714328 82341756 83125674
16874352 18657243 25347861 34275681 65724318 74652138 81342756 83125647
16874523 17856243 32547861 34265871 65734128 67452138 82143756 83125476
16874532 18756243 23547861 34265781 65734218 76452138 81243756 83125467
16875243 34257861 65742138 83124756
16875324 17685243 34258671 42357861 57642138 65741328 82314756 83124675
16875342 18675243 24357861 34257681 65742318 75642138 81324756 83124657
16875423 17865243 32457861 34256871 65743128 67542138 82134756 83124576
16875432 18765243 23457861 34256781 65743218 76542138 81234756 83124567
17345628 82654371
17345682 18345627 27345618 28654371 71345628 72654381 81654372 82654317
17345826 37145628 62854371 82654173
17345862 18345726 26854371 37245618 62754381 73145628 81654273 82654137
17346528 17435628 82564371 82653471
17346582 18346527 27435618 28564371 71435628 72564381 81653472 82653417
17346825 17348526 37415628 47135628 52864371 62584371 82651473 82653174
17346852 18347526 25864371 37425618 62574381 74135628 81652473 82653147
17348562 18346725 26584371 47235618 52764381 73415628 81653274 82651437
17348625 47315628 52684371 82651374
17348652 18347625 25684371 47325618 52674381 74315628 81652374 82651347
17354628 82645371
17354682 18354627 27354618 28645371 71354628 72645381 81645372 82645317
17354826 37154628 62845371 82645173
17354862 18354726 26845371 37254618 62745381 73154628 81645273 82645137
17356428 17364528 17453628 17534628 82465371 82546371 82635471 82643571
17356482 18364527 27453618 28465371 71534628 72546381 81635472 82643517
17356824 17384526 37451628 42865371 57134628 62548371 82615473 82643175
17356842 18374526 24865371 37452618 62547381 75134628 81625473 82643157
17358426 17364825 37514628 47153628 52846371 62485371 82635174 82641573
17358462 18364725 26485371 47253618 52746381 73514628 81635274 82641537
17358624 17384625 42685371 47351628 52648371 57314628 82615374 82641375
17358642 18374625 24685371 47352618 52647381 75314628 81625374 82641357
17364582 18356427 27534618 28546371 71453628 72465381 81643572 82635417
17364852 18357426 25846371 37524618 62475381 74153628 81642573 82635147
17365428 17543628 82456371 82634571
17365482 18365427 27543618 28456371 71543628 72456381 81634572 82634517
17365824 17385426 37541628 42856371 57143628 62458371 82614573 82634175
17365842 18375426 24856371 37542618 62457381 75143628 81624573 82634157
17368425 47513628 52486371 82631574
17368452 18367425 25486371 47523618 52476381 74513628 81632574 82631547
17368524 17386425 42586371 47531628 52468371 57413628 82613574 82631475
17368542 18376425 24586371 47532618 52467381 75413628 81623574 82631457
17384562 18356724 26548371 42765381 57234618 73451628 81643275 82615437
17384652 18357624 25648371 42675381 57324618 74351628 81642375 82615347
17385462 18365724 26458371 42756381 57243618 73541628 81634275 82614537
17385624 42658371 57341628 82614375
17385642 18375624 24658371 42657381 57342618 75341628 81624375 82614357
17386452 18367524 25468371 42576381 57423618 74531628 81632475 82613547
17386524 42568371 57431628 82613475
17386542 18376524 24568371 42567381 57432618 75431628 81623475 82613457
17435682 18435627 27346518 28653471 71346528 72653481 81564372 82564317
17435826 37146528 62853471 82564173
17435862 18435726 26853471 37246518 62753481 73146528 81564273 82564137
17436528 82563471
17436582 18436527 27436518 28563471 71436528 72563481 81563472 82563417
17436825 17438526 37416528 47136528 52863471 62583471 82561473 82563174
17436852 18437526 25863471 37426518 62573481 74136528 81562473 82563147
17438562 18436725 26583471 47236518 52763481 73416528 81563274 82561437
17438625 47316528 52683471 82561374
17438652 18437625 25683471 47326518 52673481 74316528 81562374 82561347
17453682 18534627 27356418 28635471 71364528 72643581 81465372 82546317
17453826 17534826 37156428 37164528 62835471 62843571 82465173 82546173
17453862 18534726 26835471 37256418 62743581 73164528 81465273 82546137
17456328 17634528 82365471 82543671
17456382 18634527 27456318 28365471 71634528 72543681 81365472 82543617
17456823 17834526 32865471 37456128 62543871 67134528 82165473 82543176
17456832 18734526 23865471 37456218 62543781 76134528 81265473 82543167
17458326 17634825 37614528 47156328 52843671 62385471 82365174 82541673
17458362 18634725 26385471 47256318 52743681 73614528 81365274 82541637
17458623 17834625 32685471 47356128 52643871 67314528 82165374 82541376
17458632 18734625 23685471 47356218 52643781 76314528 81265374 82541367
17463528 17536428 82463571 82536471
17463582 18536427 27536418 28536471 71463528 72463581 81463572 82536417
17463825 17538426 37516428 47163528 52836471 62483571 82461573 82536174
17463852 18537426 25836471 37526418 62473581 74163528 81462573 82536147
17465328 17546328 17635428 17643528 82356471 82364571 82453671 82534671
17465382 18635427 27546318 28356471 71643528 72453681 81364572 82534617
17465823 17835426 32856471 37546128 62453871 67143528 82164573 82534176
17465832 18735426 23856471 37546218 62453781 76143528 81264573 82534167
17468325 17638425 47516328 47613528 52386471 52483671 82361574 82531674
17468352 18637425 25386471 47526318 52473681 74613528 81362574 82531647
17468523 17836425 32586471 47536128 52463871 67413528 82163574 82531476
17468532 18736425 23586471 47536218 52463781 76413528 81263574 82531467
17483526 17536824 37461528 42863571 57136428 62538471 82463175 82516473
17483562 18536724 26538471 42763581 57236418 73461528 81463275 82516437
17483625 17538624 42683571 47361528 52638471 57316428 82461375 82516374
17483652 18537624 25638471 42673581 57326418 74361528 81462375 82516347
17485326 17635824 37641528 42853671 57146328 62358471 82364175 82514673
17485362 18635724 26358471 42753681 57246318 73641528 81364275 82514637
17485623 17835624 32658471 42653871 57346128 67341528 82164375 82514376
17485632 18735624 23658471 42653781 57346218 76341528 81264375 82514367
17486325 17638524 42583671 47631528 52368471 57416328 82361475 82513674
17486352 18637524 25368471 42573681 57426318 74631528 81362475 82513647
17486523 17836524 32568471 42563871 57436128 67431528 82163475 82513476
17486532 18736524 23568471 42563781 57436218 76431528 81263475 82513467
17534682 18453627 27364518 28643571 71356428 72635481 81546372 82465317
17534862 18453726 26843571 37264518 62735481 73156428 81546273 82465137
17536482 18463527 27463518 28463571 71536428 72536481 81536472 82463517
17536842 18473526 24863571 37462518 62537481 75136428 81526473 82463157
17538462 18463725 26483571 47263518 52736481 73516428 81536274 82461537
17538642 18473625 24683571 47362518 52637481 75316428 81526374 82461357
17543682 18543627 27365418 28634571 71365428 72634581 81456372 82456317
17543826 37165428 62834571 82456173
17543862 18543726 26834571 37265418 62734581 73165428 81456273 82456137
17546382 18643527 27465318 28364571 71635428 72534681 81356472 82453617
17546823 17843526 32864571 37465128 62534871 67135428 82156473 82453176
17546832 18743526 23864571 37465218 62534781 76135428 81256473 82453167
17548326 17643825 37615428 47165328 52834671 62384571 82356174 82451673
17548362 18643725 26384571 47265318 52734681 73615428 81356274 82451637
17548623 17843625 32684571 47365128 52634871 67315428 82156374 82451376
17548632 18743625 23684571 47365218 52634781 76315428 81256374 82451367
17563428 82436571
17563482 18563427 27563418 28436571 71563428 72436581 81436572 82436517
17563824 17583426 37561428 42836571 57163428 62438571 82416573 82436175
17563842 18573426 24836571 37562418 62437581 75163428 81426573 82436157
17564328 17653428 82346571 82435671
17564382 18653427 27564318 28346571 71653428 72435681 81346572 82435617
17564823 17853426 32846571 37564128 62435871 67153428 82146573 82435176
17564832 18753426 23846571 37564218 62435781 76153428 81246573 82435167
17568324 17683425 42386571 47561328 52438671 57613428 82316574 82431675
17568342 18673425 24386571 47562318 52437681 75613428 81326574 82431657
17568423 17863425 32486571 47563128 52436871 67513428 82136574 82431576
17568432 18763425 23486571 47563218 52436781 76513428 81236574 82431567
17583462 18563724 26438571 42736581 57263418 73561428 81436275 82416537
17583624 42638571 57361428 82416375
17583642 18573624 24638571 42637581 57362418 75361428 81426375 82416357
17584326 17653824 37651428 42835671 57164328 62348571 82346175 82415673
17584362 18653724 26348571 42735681 57264318 73651428 81346275 82415637
17584623 17853624 32648571 42635871 57364128 67351428 82146375 82415376
17584632 18753624 23648571 42635781 57364218 76351428 81246375 82415367
17586324 17683524 42368571 42538671 57461328 57631428 82316475 82413675
17586342 18673524 24368571 42537681 57462318 75631428 81326475 82413657
17586423 17863524 32468571 42536871 57463128 67531428 82136475 82413576
17586432 18763524 23468571 42536781 57463218 76531428 81236475 82413567
17634582 18456327 27634518 28543671 71456328 72365481 81543672 82365417
17634852 18457326 25843671 37624518 62375481 74156328 81542673 82365147
17635482 18465327 27643518 28453671 71546328 72356481 81534672 82364517
17635842 18475326 24853671 37642518 62357481 75146328 81524673 82364157
17638452 18467325 25483671 47623518 52376481 74516328 81532674 82361547
17638542 18476325 24583671 47632518 52367481 75416328 81523674 82361457
17643582 18546327 27635418 28534671 71465328 72364581 81453672 82356417
17643852 18547326 25834671 37625418 62374581 74165328 81452673 82356147
17645328 82354671
17645382 18645327 27645318 28354671 71645328 72354681 81354672 82354617
17645823 17845326 32854671 37645128 62354871 67145328 82154673 82354176
17645832 18745326 23854671 37645218 62354781 76145328 81254673 82354167
17648325 47615328 52384671 82351674
17648352 18647325 25384671 47625318 52374681 74615328 81352674 82351647
17648523 17846325 32584671 47635128 52364871 67415328 82153674 82351476
17648532 18746325 23584671 47635218 52364781 76415328 81253674 82351467
17653482 18564327 27653418 28435671 71564328 72346581 81435672 82346517
17653842 18574326 24835671 37652418 62347581 75164328 81425673 82346157
17654328 82345671
17654382 18654327 27654318 28345671 71654328 72345681 81345672 82345617
17654823 17854326 32845671 37654128 62345871 67154328 82145673 82345176
17654832 18754326 23845671 37654218 62345781 76154328 81245673 82345167
17658324 17684325 42385671 47651328 52348671 57614328 82315674 82341675
17658342 18674325 24385671 47652318 52347681 75614328 81325674 82341657
17658423 17864325 32485671 47653128 52346871 67514328 82135674 82341576
17658432 18764325 23485671 47653218 52346781 76514328 81235674 82341567
17683452 18567324 25438671 42376581 57623418 74561328 81432675 82316547
17683542 18576324 24538671 42367581 57632418 75461328 81423675 82316457
17684352 18657324 25348671 42375681 57624318 74651328 81342675 82315647
17684523 17856324 32548671 42365871 57634128 67451328 82143675 82315476
17684532 18756324 23548671 42365781 57634218 76451328 81243675 82315467
17685324 42358671 57641328 82314675
17685342 18675324 24358671 42357681 57642318 75641328 81324675 82314657
17685423 17865324 32458671 42356871 57643128 67541328 82134675 82314576
17685432 18765324 23458671 42356781 57643218 76541328 81234675 82314567
17834562 18456723 26543871 32765481 67234518 73456128 81543276 82165437
17834652 18457623 25643871 32675481 67324518 74356128 81542376 82165347
17835462 18465723 26453871 32756481 67243518 73546128 81534276 82164537
17835642 18475623 24653871 32657481 67342518 75346128 81524376 82164357
17836452 18467523 25463871 32576481 67423518 74536128 81532476 82163547
17836542 18476523 24563871 32567481 67432518 75436128 81523476 82163457
17843562 18546723 26534871 32764581 67235418 73465128 81453276 82156437
17843652 18547623 25634871 32674581 67325418 74365128 81452376 82156347
17845362 18645723 26354871 32754681 67245318 73645128 81354276 82154637
17845623 32654871 67345128 82154376
17845632 18745623 23654871 32654781 67345218 76345128 81254376 82154367
17846352 18647523 25364871 32574681 67425318 74635128 81352476 82153647
17846523 32564871 67435128 82153476
17846532 18746523 23564871 32564781 67435218 76435128 81253476 82153467
17853462 18564723 26435871 32746581 67253418 73564128 81435276 82146537
17853642 18574623 24635871 32647581 67352418 75364128 81425376 82146357
17854362 18654723 26345871 32745681 67254318 73654128 81345276 82145637
17854623 32645871 67354128 82145376
17854632 18754623 23645871 32645781 67354218 76354128 81245376 82145367
17856342 18674523 24365871 32547681 67452318 75634128 81325476 82143657
17856423 17864523 32465871 32546871 67453128 67534128 82135476 82143576
17856432 18764523 23465871 32546781 67453218 76534128 81235476 82143567
17863452 18567423 25436871 32476581 67523418 74563128 81432576 82136547
17863542 18576423 24536871 32467581 67532418 75463128 81423576 82136457
17864352 18657423 25346871 32475681 67524318 74653128 81342576 82135647
17864532 18756423 23546871 32465781 67534218 76453128 81243576 82135467
17865342 18675423 24356871 32457681 67542318 75643128 81324576 82134657
17865423 32456871 67543128 82134576
17865432 18765423 23456871 32456781 67543218 76543128 81234576 82134567
18345672 27654381 72345618 81654327
18345762 26754381 73245618 81654237
18346572 27564381 72435618 81653427
18346752 18347562 25764381 26574381 73425618 74235618 81652437 81653247
18347652 25674381 74325618 81652347
18354672 27645381 72354618 81645327
18354762 26745381 73254618 81645237
18356472 18364572 27465381 27546381 72453618 72534618 81635427 81643527
18356742 18374562 24765381 26547381 73452618 75234618 81625437 81643257
18357462 18364752 25746381 26475381 73524618 74253618 81635247 81642537
18357642 18374652 24675381 25647381 74352618 75324618 81625347 81642357
18365472 27456381 72543618 81634527
18365742 18375462 24756381 26457381 73542618 75243618 81624537 81634257
18367452 25476381 74523618 81632547
18367542 18376452 24576381 25467381 74532618 75423618 81623547 81632457
18375642 24657381 75342618 81624357
18376542 24567381 75432618 81623457
18435672 27653481 72346518 81564327
18435762 26753481 73246518 81564237
18436572 27563481 72436518 81563427
18436752 18437562 25763481 26573481 73426518 74236518 81562437 81563247
18437652 25673481 74326518 81562347
18453672 18534672 27635481 27643581 72356418 72364518 81465327 81546327
18453762 18534762 26735481 26743581 73256418 73264518 81465237 81546237
18456372 18634572 27365481 27543681 72456318 72634518 81365427 81543627
18456732 18734562 23765481 26543781 73456218 76234518 81265437 81543267
18457362 18634752 25743681 26375481 73624518 74256318 81365247 81542637
18457632 18734652 23675481 25643781 74356218 76324518 81265347 81542367
18463572 18536472 27463581 27536481 72463518 72536418 81463527 81536427
18463752 18537462 25736481 26473581 73526418 74263518 81462537 81536247
18465372 18635472 27356481 27453681 72546318 72643518 81364527 81534627
18465732 18735462 23756481 26453781 73546218 76243518 81264537 81534267
18467352 18637452 25376481 25473681 74526318 74623518 81362547 81532647
18467532 18736452 23576481 25463781 74536218 76423518 81263547 81532467
18473562 18536742 24763581 26537481 73462518 75236418 81463257 81526437
18473652 18537642 24673581 25637481 74362518 75326418 81462357 81526347
18475362 18635742 24753681 26357481 73642518 75246318 81364257 81524637
18475632 18735642 23657481 24653781 75346218 76342518 81264357 81524367
18476352 18637542 24573681 25367481 74632518 75426318 81362457 81523647
18476532 18736542 23567481 24563781 75436218 76432518 81263457 81523467
18543672 27634581 72365418 81456327
18543762 26734581 73265418 81456237
18546372 18643572 27364581 27534681 72465318 72635418 81356427 81453627
18546732 18743562 23764581 26534781 73465218 76235418 81256437 81453267
18547362 18643752 25734681 26374581 73625418 74265318 81356247 81452637
18547632 18743652 23674581 25634781 74365218 76325418 81256347 81452367
18563472 27436581 72563418 81436527
18563742 18573462 24736581 26437581 73562418 75263418 81426537 81436257
18564372 18653472 27346581 27435681 72564318 72653418 81346527 81435627
18564732 18753462 23746581 26435781 73564218 76253418 81246537 81435267
18567342 18673452 24376581 25437681 74562318 75623418 81326547 81432657
18567432 18763452 23476581 25436781 74563218 76523418 81236547 81432567
18573642 24637581 75362418 81426357
18574362 18653742 24735681 26347581 73652418 75264318 81346257 81425637
18574632 18753642 23647581 24635781 75364218 76352418 81246357 81425367
18576342 18673542 24367581 24537681 75462318 75632418 81326457 81423657
18576432 18763542 23467581 24536781 75463218 76532418 81236457 81423567
18645372 27354681 72645318 81354627
18645732 18745362 23754681 26354781 73645218 76245318 81254637 81354267
18647352 25374681 74625318 81352647
18647532 18746352 23574681 25364781 74635218 76425318 81253647 81352467
18654372 27345681 72654318 81345627
18654732 18754362 23745681 26345781 73654218 76254318 81245637 81345267
18657342 18674352 24375681 25347681 74652318 75624318 81325647 81342657
18657432 18764352 23475681 25346781 74653218 76524318 81235647 81342567
18674532 18756342 23547681 24365781 75634218 76452318 81243657 81325467
18675342 24357681 75642318 81324657
18675432 18765342 23457681 24356781 75643218 76542318 81234657 81324567
18745632 23654781 76345218 81254367
18746532 23564781 76435218 81253467
18754632 23645781 76354218 81245367
18756432 18764532 23465781 23546781 76453218 76534218 81235467 81243567
23145786 23145867 31245786 31245867 68754132 68754213 76854132 76854213
23146785 23148567 23415786 23415867 31246785 31248567 41235786 41235867 58764132 58764213 68751432 68753214 76584132 76584213 76851432 76853214
23146857 23147586 24135786 24135867 31246857 31247586 31425786 31425867 68574132 68574213 68752413 68753142 75864132 75864213 76852413 76853142
23146875 23148576 31246875 31248576 32415786 32415867 42135786 42135867 57864132 57864213 67584132 67584213 68751423 68753124 76851423 76853124
23147685 23148657 24315786 24315867 31247685 31248657 41325786 41325867 58674132 58674213 68751342 68752314 75684132 75684213 76851342 76852314
23147856 31247856 34125786 34125867 65874132 65874213 68752143 76852143
23147865 23148756 31247865 31248756 34215786 34215867 43125786 43125867 56874132 56874213 65784132 65784213 68751243 68752134 76851243 76852134
23148675 31248675 42315786 42315867 57684132 57684213 68751324 76851324
23154786 23154867 31254786 31254867 68745132 68745213 76845132 76845213
23156784 23184567 23451786 23451867 31256784 31284567 48765132 48765213 51234786 51234867 68715432 68743215 76548132 76548213 76815432 76843215
23156847 23174586 25134786 25134867 31256847 31274586 31452786 31452867 68547132 68547213 68725413 68743152 74865132 74865213 76825413 76843152
23156874 23184576 31256874 31284576 32451786 32451867 47865132 47865213 52134786 52134867 67548132 67548213 68715423 68743125 76815423 76843125
23157486 23164857 24153786 24153867 31257486 31264857 31524786 31524867 68475132 68475213 68735142 68742513 75846132 75846213 76835142 76842513
23157684 23184657 24351786 24351867 31257684 31284657 48675132 48675213 51324786 51324867 68715342 68742315 75648132 75648213 76815342 76842315
23157846 23174856 31257846 31274856 34152786 34152867 35124786 35124867 64875132 64875213 65847132 65847213 68725143 68742153 76825143 76842153
23157864 23184756 31257864 31284756 34251786 34251867 46875132 46875213 53124786 53124867 65748132 65748213 68715243 68742135 76815243 76842135
23158467 23164785 23514786 23514867 31258467 31264785 41253786 41253867 58746132 58746213 68735214 68741532 76485132 76485213 76835214 76841532
23158476 23164875 31258476 31264875 32514786 32514867 42153786 42153867 57846132 57846213 67485132 67485213 68735124 68741523 76835124 76841523
23158647 23174685 25314786 25314867 31258647 31274685 41352786 41352867 58647132 58647213 68725314 68741352 74685132 74685213 76825314 76841352
23158674 23184675 31258674 31284675 42351786 42351867 47685132 47685213 52314786 52314867 57648132 57648213 68715324 68741325 76815324 76841325
23158746 23174865 31258746 31274865 35214786 35214867 43152786 43152867 56847132 56847213 64785132 64785213 68725134 68741253 76825134 76841253
23158764 23184765 31258764 31284765 43251786 43251867 46785132 46785213 53214786 53214867 56748132 56748213 68715234 68741235 76815234 76841235
23165784 23185467 23541786 23541867 31265784 31285467 48756132 48756213 51243786 51243867 68714532 68734215 76458132 76458213 76814532 76834215
23165847 23175486 25143786 25143867 31265847 31275486 31542786 31542867 68457132 68457213 68724513 68734152 74856132 74856213 76824513 76834152
23165874 23185476 31265874 31285476 32541786 32541867 47856132 47856213 52143786 52143867 67458132 67458213 68714523 68734125 76814523 76834125
23167485 23168457 24513786 24513867 31267485 31268457 41523786 41523867 58476132 58476213 68731542 68732514 75486132 75486213 76831542 76832514
23167584 23186457 24531786 24531867 31267584 31286457 48576132 48576213 51423786 51423867 68713542 68732415 75468132 75468213 76813542 76832415
23167845 23178456 31267845 31278456 34512786 34512867 45123786 45123867 54876132 54876213 65487132 65487213 68721543 68732154 76821543 76832154
23167854 23187456 31267854 31287456 34521786 34521867 45876132 45876213 54123786 54123867 65478132 65478213 68712543 68732145 76812543 76832145
23168475 31268475 42513786 42513867 57486132 57486213 68731524 76831524
23168547 23176485 25413786 25413867 31268547 31276485 41532786 41532867 58467132 58467213 68723514 68731452 74586132 74586213 76823514 76831452
23168574 23186475 31268574 31286475 42531786 42531867 47586132 47586213 52413786 52413867 57468132 57468213 68713524 68731425 76813524 76831425
23168745 23178465 31268745 31278465 43512786 43512867 45213786 45213867 54786132 54786213 56487132 56487213 68721534 68731254 76821534 76831254
23168754 23187465 31268754 31287465 43521786 43521867 45786132 45786213 54213786 54213867 56478132 56478213 68712534 68731245 76812534 76831245
23175684 23185647 25341786 25341867 31275684 31285647 48657132 48657213 51342786 51342867 68714352 68724315 74658132 74658213 76814352 76824315
23175846 31275846 35142786 35142867 64857132 64857213 68724153 76824153
23175864 23185746 31275864 31285746 35241786 35241867 46857132 46857213 53142786 53142867 64758132 64758213 68714253 68724135 76814253 76824135
23176584 23186547 25431786 25431867 31276584 31286547 48567132 48567213 51432786 51432867 68713452 68723415 74568132 74568213 76813452 76823415
23176845 23178546 31276845 31278546 35412786 35412867 45132786 45132867 54867132 54867213 64587132 64587213 68721453 68723154 76821453 76823154
23176854 23187546 31276854 31287546 35421786 35421867 45867132 45867213 54132786 54132867 64578132 64578213 68712453 68723145 76812453 76823145
23178564 23186745 31278564 31286745 45231786 45231867 46587132 46587213 53412786 53412867 54768132 54768213 68713254 68721435 76813254 76821435
23178645 31278645 45312786 45312867 54687132 54687213 68721354 76821354
23178654 23187645 31278654 31287645 45321786 45321867 45687132 45687213 54312786 54312867 54678132 54678213 68712354 68721345 76812354 76821345
23185674 31285674 47658132 47658213 52341786 52341867 68714325 76814325
23185764 31285764 46758132 46758213 53241786 53241867 68714235 76814235
23186574 31286574 47568132 47568213 52431786 52431867 68713425 76813425
23186754 23187564 31286754 31287564 45768132 45768213 46578132 46578213 53421786 53421867 54231786 54231867 68712435 68713245 76812435 76813245
23416785 41238567 58761432 76583214
23416857 24138567 31426785 41237586 58762413 68573214 75861432 76583142
23416875 32416785 41238576 42138567 57861432 58761423 67583214 76583124
23417586 24136785 31428567 41236857 58763142 68571432 75863214 76582413
23417685 24316785 41238657 41328567 58671432 58761342 75683214 76582314
23417856 34126785 34128567 41237856 58762143 65871432 65873214 76582143
23417865 34216785 41238756 43128567 56871432 58761243 65783214 76582134
23418567 41236785 58763214 76581432
23418576 32418567 41236875 42136785 57863214 58763124 67581432 76581423
23418657 24318567 41237685 41326785 58673214 58762314 75681432 76581342
23418675 41238675 42316785 42318567 57681432 57683214 58761324 76581324
23418756 34218567 41237865 43126785 56873214 58762134 65781432 76581243
23456817 28134567 28765413 31456782 68543217 71234586 71865432 76543182
23457186 24156783 31824567 38765142 61234857 68175432 75843216 76542813
23457816 28765143 34156782 38124567 61875432 65843217 71234856 76542183
23458167 23814567 38765214 41256783 58743216 61234785 76185432 76541832
23458176 32814567 38765124 42156783 57843216 61234875 67185432 76541823
23458617 28314567 28765314 41356782 58643217 71234685 71685432 76541382
23458716 28765134 38214567 43156782 56843217 61785432 71234865 76541283
23461785 23516784 41283567 48761532 51238467 58716432 76483215 76538214
23461857 24183567 31526784 48762513 51237486 68473215 75816432 76538142
23461875 32516784 42183567 48761523 51238476 57816432 67483215 76538124
23465817 28143567 28764513 31546782 68453217 71235486 71856432 76534182
23467185 24516783 38761542 41823567 58176432 61238457 75483216 76532814
23467815 28761543 34516782 48123567 51876432 65483217 71238456 76532184
23468157 24813567 38762514 41526783 58473216 61237485 75186432 76531842
23468175 38761524 42516783 42813567 57186432 57483216 61238475 76531824
23468517 28413567 28763514 41536782 58463217 71236485 71586432 76531482
23468715 28761534 43516782 48213567 51786432 56483217 71238465 76531284
23471586 25136784 31482567 48763152 51236847 68517432 74863215 76528413
23471685 25316784 41382567 48761352 51238647 58617432 74683215 76528314
23471856 34182567 35126784 48762153 51237846 64873215 65817432 76528143
23471865 35216784 43182567 48761253 51238746 56817432 64783215 76528134
23475186 25146783 31842567 38764152 61235847 68157432 74853216 76524813
23475816 28764153 35146782 38142567 61857432 64853217 71235846 76524183
23476185 25416783 38761452 41832567 58167432 61238547 74583216 76523814
23476815 28761453 35416782 48132567 51867432 64583217 71238546 76523184
23478156 34812567 38762154 45126783 54873216 61237845 65187432 76521843
23478165 38761254 43812567 45216783 54783216 56187432 61238745 76521834
23478516 28763154 38412567 45136782 54863217 61587432 71236845 76521483
23478615 28761354 45316782 48312567 51687432 54683217 71238645 76521384
23481567 48763215 51236784 76518432
23481576 32481567 47863215 48763125 51236874 52136784 67518432 76518423
23481657 24381567 48673215 48762315 51237684 51326784 75618432 76518342
23481675 42381567 47683215 48761325 51238674 52316784 57618432 76518324
23481756 34281567 46873215 48762135 51237864 53126784 65718432 76518243
23481765 43281567 46783215 48761235 51238764 53216784 56718432 76518234
23485167 23841567 38764215 48753216 51246783 61235784 76158432 76514832
23485176 32841567 38764125 47853216 52146783 61235874 67158432 76514823
23485617 28341567 28764315 48653217 51346782 71235684 71658432 76514382
23485716 28764135 38241567 46853217 53146782 61758432 71235864 76514283
23486157 24831567 38762415 48573216 51426783 61237584 75168432 76513842
23486175 38761425 42831567 47583216 52416783 57168432 61238574 76513824
23486517 28431567 28763415 48563217 51436782 71236584 71568432 76513482
23486715 28761435 46583217 48231567 51768432 53416782 71238564 76513284
23487156 34821567 38762145 45873216 54126783 61237854 65178432 76512843
23487165 38761245 43821567 45783216 54216783 56178432 61238754 76512834
23487516 28763145 38421567 45863217 54136782 61578432 71236854 76512483
23487615 28761345 45683217 48321567 51678432 54316782 71238654 76512384
23516847 25138467 31462785 41273586 58726413 68537214 74861532 76483152
23516874 32461785 41283576 47861532 52138467 58716423 67538214 76483125
23517486 24163785 31528467 41263857 58736142 68471532 75836214 76482513
23517684 24361785 41283657 48671532 51328467 58716342 75638214 76482315
23517846 34162785 35128467 41273856 58726143 64871532 65837214 76482153
23517864 34261785 41283756 46871532 53128467 58716243 65738214 76482135
23518467 41263785 58736214 76481532
23518476 32518467 41263875 42163785 57836214 58736124 67481532 76481523
23518647 25318467 41273685 41362785 58637214 58726314 74681532 76481352
23518674 41283675 42361785 47681532 52318467 57638214 58716324 76481325
23518746 35218467 41273865 43162785 56837214 58726134 64781532 76481253
23518764 41283765 43261785 46781532 53218467 56738214 58716234 76481235
23546817 28135467 28756413 31465782 68534217 71243586 71864532 76453182
23547186 24165783 31825467 38756142 61243857 68174532 75834216 76452813
23547816 28756143 34165782 38125467 61874532 65834217 71243856 76452183
23548167 23815467 38756214 41265783 58734216 61243785 76184532 76451832
23548176 32815467 38756124 42165783 57834216 61243875 67184532 76451823
23548617 28315467 28756314 41365782 58634217 71243685 71684532 76451382
23548716 28756134 38215467 43165782 56834217 61784532 71243865 76451283
23561784 48716532 51283467 76438215
23561847 25183467 31562784 48726513 51273486 68437215 74816532 76438152
23561874 32561784 47816532 48716523 51283476 52183467 67438215 76438125
23564817 28153467 28746513 31564782 68435217 71253486 71846532 76435182
23567184 24561783 38716542 48176532 51823467 61283457 75438216 76432815
23567814 28716543 34561782 41876532 58123467 65438217 71283456 76432185
23568147 25813467 38726514 41562783 58437216 61273485 74186532 76431852
23568174 38716524 42561783 47186532 52813467 57438216 61283475 76431825
23568417 28513467 28736514 41563782 58436217 71263485 71486532 76431582
23568714 28716534 41786532 43561782 56438217 58213467 71283465 76431285
23571486 25163784 31582467 48736152 51263847 68417532 74836215 76428513
23571684 25361784 48617532 48716352 51283647 51382467 74638215 76428315
23571846 35162784 35182467 48726153 51273846 64817532 64837215 76428153
23571864 35261784 46817532 48716253 51283746 53182467 64738215 76428135
23574186 25164783 31852467 38746152 61253847 68147532 74835216 76425813
23574816 28746153 35164782 38152467 61847532 64835217 71253846 76425183
23576184 25461783 38716452 48167532 51832467 61283547 74538216 76423815
23576814 28716453 35461782 41867532 58132467 64538217 71283546 76423185
23578146 35812467 38726154 45162783 54837216 61273845 64187532 76421853
23578164 38716254 45261783 46187532 53812467 54738216 61283745 76421835
23578416 28736154 38512467 45163782 54836217 61487532 71263845 76421583
23578614 28716354 41687532 45361782 54638217 58312467 71283645 76421385
23581467 48736215 51263784 76418532
23581476 32581467 47836215 48736125 51263874 52163784 67418532 76418523
23581647 25381467 48637215 48726315 51273684 51362784 74618532 76418352
23581674 47618532 47638215 48716325 51283674 52361784 52381467 76418325
23581746 35281467 46837215 48726135 51273864 53162784 64718532 76418253
23581764 46718532 46738215 48716235 51283764 53261784 53281467 76418235
23584167 23851467 38746215 48735216 51264783 61253784 76148532 76415832
23584176 32851467 38746125 47835216 52164783 61253874 67148532 76415823
23584617 28351467 28746315 48635217 51364782 71253684 71648532 76415382
23584716 28746135 38251467 46835217 53164782 61748532 71253864 76415283
23586147 25831467 38726415 48537216 51462783 61273584 74168532 76413852
23586174 38716425 47168532 47538216 52461783 52831467 61283574 76413825
23586417 28531467 28736415 48536217 51463782 71263584 71468532 76413582
23586714 28716435 41768532 46538217 53461782 58231467 71283564 76413285
23587146 35821467 38726145 45837216 54162783 61273854 64178532 76412853
23587164 38716245 45738216 46178532 53821467 54261783 61283754 76412835
23587416 28736145 38521467 45836217 54163782 61478532 71263854 76412583
23587614 28716345 41678532 45638217 54361782 58321467 71283654 76412385
23614785 41258367 58741632 76385214
23614857 24158367 31624785 41257386 58742613 68375214 75841632 76385142
23614875 32614785 41258376 42158367 57841632 58741623 67385214 76385124
23615784 23641785 41285367 48751632 51248367 58714632 76358214 76384215
23615847 25148367 31642785 41275386 58724613 68357214 74851632 76384152
23615874 32641785 41285376 47851632 52148367 58714623 67358214 76384125
23617485 24613785 41268357 41528367 58471632 58731642 75386214 76382514
23617584 24631785 41286357 48571632 51428367 58713642 75368214 76382415
23617845 34612785 41278356 45128367 54871632 58721643 65387214 76382154
23617854 34621785 41287356 45871632 54128367 58712643 65378214 76382145
23618457 24518367 41267385 41623785 58376214 58732614 75481632 76381542
23618475 41268375 42518367 42613785 57386214 57481632 58731624 76381524
23618547 25418367 41276385 41632785 58367214 58723614 74581632 76381452
23618574 41286375 42631785 47581632 52418367 57368214 58713624 76381425
23618745 41278365 43612785 45218367 54781632 56387214 58721634 76381254
23618754 41287365 43621785 45781632 54218367 56378214 58712634 76381245
23641857 24185367 31625784 48752613 51247386 68374215 75814632 76358142
23641875 32615784 42185367 48751623 51248376 57814632 67384215 76358124
23645817 28145367 28754613 31645782 68354217 71245386 71854632 76354182
23647185 24615783 38751642 41825367 58174632 61248357 75384216 76352814
23647815 28751643 34615782 48125367 51874632 65384217 71248356 76352184
23648157 24815367 38752614 41625783 58374216 61247385 75184632 76351842
23648175 38751624 42615783 42815367 57184632 57384216 61248375 76351824
23648517 28415367 28753614 41635782 58364217 71246385 71584632 76351482
23648715 28751634 43615782 48215367 51784632 56384217 71248365 76351284
23651784 48715632 51284367 76348215
23651847 25184367 31652784 48725613 51274386 68347215 74815632 76348152
23651874 32651784 47815632 48715623 51284376 52184367 67348215 76348125
23654817 28154367 28745613 31654782 68345217 71254386 71845632 76345182
23657184 24651783 38715642 48175632 51824367 61284357 75348216 76342815
23657814 28715643 34651782 41875632 58124367 65348217 71284356 76342185
23658147 25814367 38725614 41652783 58347216 61274385 74185632 76341852
23658174 38715624 42651783 47185632 52814367 57348216 61284375 76341825
23658417 28514367 28735614 41653782 58346217 71264385 71485632 76341582
23658714 28715634 41785632 43651782 56348217 58214367 71284365 76341285
23671485 25613784 41582367 48731652 51268347 58417632 74386215 76328514
23671584 25631784 48517632 48713652 51286347 51482367 74368215 76328415
23671845 35612784 45182367 48721653 51278346 54817632 64387215 76328154
23671854 35621784 45817632 48712653 51287346 54182367 64378215 76328145
23674185 25614783 38741652 41852367 58147632 61258347 74385216 76325814
23674815 28741653 35614782 48152367 51847632 64385217 71258346 76325184
23675184 25641783 38714652 48157632 51842367 61285347 74358216 76324815
23675814 28714653 35641782 41857632 58142367 64358217 71285346 76324185
23678145 38721654 45612783 45812367 54187632 54387216 61278345 76321854
23678154 38712654 45187632 45621783 54378216 54812367 61287345 76321845
23678415 28731654 45613782 48512367 51487632 54386217 71268345 76321584
23678514 28713654 41587632 45631782 54368217 58412367 71286345 76321485
23681457 24581367 48376215 48732615 51267384 51623784 75418632 76318542
23681475 42581367 47386215 48731625 51268374 52613784 57418632 76318524
23681547 25481367 48367215 48723615 51276384 51632784 74518632 76318452
23681574 47368215 47518632 48713625 51286374 52481367 52631784 76318425
23681745 45281367 46387215 48721635 51278364 53612784 54718632 76318254
23681754 45718632 46378215 48712635 51287364 53621784 54281367 76318245
23684157 24851367 38742615 48375216 51624783 61257384 75148632 76315842
23684175 38741625 42851367 47385216 52614783 57148632 61258374 76315824
23684517 28451367 28743615 48365217 51634782 71256384 71548632 76315482
23684715 28741635 46385217 48251367 51748632 53614782 71258364 76315284
23685147 25841367 38724615 48357216 51642783 61275384 74158632 76314852
23685174 38714625 47158632 47358216 52641783 52841367 61285374 76314825
23685417 28541367 28734615 48356217 51643782 71265384 71458632 76314582
23685714 28714635 41758632 46358217 53641782 58241367 71285364 76314285
23687145 38721645 45387216 45821367 54178632 54612783 61278354 76312854
23687154 38712645 45178632 45378216 54621783 54821367 61287354 76312845
23687415 28731645 45386217 48521367 51478632 54613782 71268354 76312584
23687514 28713645 41578632 45368217 54631782 58421367 71286354 76312485
23714586 26134785 31458267 41256837 58743162 68541732 73865214 76285413
23714685 26314785 41258637 41358267 58641732 58741362 73685214 76285314
23714856 34158267 36124785 41257836 58742163 63875214 65841732 76285143
23714865 36214785 41258736 43158267 56841732 58741263 63785214 76285134
23715486 26143785 31548267 41265837 58734162 68451732 73856214 76284513
23715684 26341785 41285637 48651732 51348267 58714362 73658214 76284315
23715846 35148267 36142785 41275836 58724163 63857214 64851732 76284153
23715864 36241785 41285736 46851732 53148267 58714263 63758214 76284135
23716485 26413785 41268537 41538267 58461732 58731462 73586214 76283514
23716584 26431785 41286537 48561732 51438267 58713462 73568214 76283415
23716845 36412785 41278536 45138267 54861732 58721463 63587214 76283154
23716854 36421785 41287536 45861732 54138267 58712463 63578214 76283145
23718456 34518267 41267835 46123785 53876214 58732164 65481732 76281543
23718465 41268735 43518267 46213785 53786214 56481732 58731264 76281534
23718546 35418267 41276835 46132785 53867214 58723164 64581732 76281453
23718564 41286735 46231785 46581732 53418267 53768214 58713264 76281435
23718645 41278635 45318267 46312785 53687214 54681732 58721364 76281354
23718654 41287635 45681732 46321785 53678214 54318267 58712364 76281345
23741586 26135784 31485267 48753162 51246837 68514732 73864215 76258413
23741685 26315784 41385267 48751362 51248637 58614732 73684215 76258314
23741856 34185267 36125784 48752163 51247836 63874215 65814732 76258143
23741865 36215784 43185267 48751263 51248736 56814732 63784215 76258134
23745186 26145783 31845267 38754162 61245837 68154732 73854216 76254813
23745816 28754163 36145782 38145267 61854732 63854217 71245836 76254183
23746185 26415783 38751462 41835267 58164732 61248537 73584216 76253814
23746815 28751463 36415782 48135267 51864732 63584217 71248536 76253184
23748156 34815267 38752164 46125783 53874216 61247835 65184732 76251843
23748165 38751264 43815267 46215783 53784216 56184732 61248735 76251834
23748516 28753164 38415267 46135782 53864217 61584732 71246835 76251483
23748615 28751364 46315782 48315267 51684732 53684217 71248635 76251384
23751486 26153784 31584267 48735162 51264837 68415732 73846215 76248513
23751684 26351784 48615732 48715362 51284637 51384267 73648215 76248315
23751846 35184267 36152784 48725163 51274836 63847215 64815732 76248153
23751864 36251784 46815732 48715263 51284736 53184267 63748215 76248135
23754186 26154783 31854267 38745162 61254837 68145732 73845216 76245813
23754816 28745163 36154782 38154267 61845732 63845217 71254836 76245183
23756184 26451783 38715462 48165732 51834267 61284537 73548216 76243815
23756814 28715463 36451782 41865732 58134267 63548217 71284536 76243185
23758146 35814267 38725164 46152783 53847216 61274835 64185732 76241853
23758164 38715264 46185732 46251783 53748216 53814267 61284735 76241835
23758416 28735164 38514267 46153782 53846217 61485732 71264835 76241583
23758614 28715364 41685732 46351782 53648217 58314267 71284635 76241385
23761485 26513784 41583267 48731562 51268437 58416732 73486215 76238514
23761584 26531784 48516732 48713562 51286437 51483267 73468215 76238415
23761845 36512784 45183267 48721563 51278436 54816732 63487215 76238154
23761854 36521784 45816732 48712563 51287436 54183267 63478215 76238145
23764185 26514783 38741562 41853267 58146732 61258437 73485216 76235814
23764815 28741563 36514782 48153267 51846732 63485217 71258436 76235184
23765184 26541783 38714562 48156732 51843267 61285437 73458216 76234815
23765814 28714563 36541782 41856732 58143267 63458217 71285436 76234185
23768145 38721564 45813267 46512783 53487216 54186732 61278435 76231854
23768154 38712564 45186732 46521783 53478216 54813267 61287435 76231845
23768415 28731564 46513782 48513267 51486732 53486217 71268435 76231584
23768514 28713564 41586732 46531782 53468217 58413267 71286435 76231485
23781456 34581267 43876215 48732165 51267834 56123784 65418732 76218543
23781465 43581267 43786215 48731265 51268734 56213784 56418732 76218534
23781546 35481267 43867215 48723165 51276834 56132784 64518732 76218453
23781564 43768215 46518732 48713265 51286734 53481267 56231784 76218435
23781645 43687215 45381267 48721365 51278634 54618732 56312784 76218354
23781654 43678215 45618732 48712365 51287634 54381267 56321784 76218345
23784156 34851267 38742165 43875216 56124783 61257834 65148732 76215843
23784165 38741265 43785216 43851267 56148732 56214783 61258734 76215834
23784516 28743165 38451267 43865217 56134782 61548732 71256834 76215483
23784615 28741365 43685217 48351267 51648732 56314782 71258634 76215384
23785146 35841267 38724165 43857216 56142783 61275834 64158732 76214853
23785164 38714265 43758216 46158732 53841267 56241783 61285734 76214835
23785416 28734165 38541267 43856217 56143782 61458732 71265834 76214583
23785614 28714365 41658732 43658217 56341782 58341267 71285634 76214385
23786145 38721465 43587216 45831267 54168732 56412783 61278534 76213854
23786154 38712465 43578216 45168732 54831267 56421783 61287534 76213845
23786415 28731465 43586217 48531267 51468732 56413782 71268534 76213584
23786514 28713465 41568732 43568217 56431782 58431267 71286534 76213485
23814576 32458167 37865214 41256873 58743126 62134785 67541832 76185423
23814657 24358167 38675214 41257683 58742316 61324785 75641832 76185342
23814675 37685214 41258673 42358167 57641832 58741326 62314785 76185324
23814756 34258167 36875214 41257863 58742136 63124785 65741832 76185243
23814765 36785214 41258763 43258167 56741832 58741236 63214785 76185234
23815476 32548167 37856214 41265873 58734126 62143785 67451832 76184523
23815647 25348167 38657214 41275683 58724316 61342785 74651832 76184352
23815674 37658214 41285673 47651832 52348167 58714326 62341785 76184325
23815746 35248167 36857214 41275863 58724136 63142785 64751832 76184253
23815764 36758214 41285763 46751832 53248167 58714236 63241785 76184235
23816457 24538167 38576214 41267583 58732416 61423785 75461832 76183542
23816475 37586214 41268573 42538167 57461832 58731426 62413785 76183524
23816547 25438167 38567214 41276583 58723416 61432785 74561832 76183452
23816574 37568214 41286573 47561832 52438167 58713426 62431785 76183425
23816745 36587214 41278563 45238167 54761832 58721436 63412785 76183254
23816754 36578214 41287563 45761832 54238167 58712436 63421785 76183245
23817456 34528167 35876214 41267853 58732146 64123785 65471832 76182543
23817465 35786214 41268753 43528167 56471832 58731246 64213785 76182534
23817546 35428167 35867214 41276853 58723146 64132785 64571832 76182453
23817564 35768214 41286753 46571832 53428167 58713246 64231785 76182435
23817645 35687214 41278653 45328167 54671832 58721346 64312785 76182354
23817654 35678214 41287653 45671832 54328167 58712346 64321785 76182345
23841576 32485167 37864215 48753126 51246873 62135784 67514832 76158423
23841657 24385167 38674215 48752316 51247683 61325784 75614832 76158342
23841675 37684215 42385167 48751326 51248673 57614832 62315784 76158324
23841756 34285167 36874215 48752136 51247863 63125784 65714832 76158243
23841765 36784215 43285167 48751236 51248763 56714832 63215784 76158234
23845167 38754216 61245783 76154832
23845176 32845167 37854216 38754126 61245873 62145783 67154832 76154823
23845617 28345167 28754316 38654217 61345782 71245683 71654832 76154382
23845716 28754136 36854217 38245167 61754832 63145782 71245863 76154283
23846157 24835167 38574216 38752416 61247583 61425783 75164832 76153842
23846175 37584216 38751426 42835167 57164832 61248573 62415783 76153824
23846517 28435167 28753416 38564217 61435782 71246583 71564832 76153482
23846715 28751436 36584217 48235167 51764832 63415782 71248563 76153284
23847156 34825167 35874216 38752146 61247853 64125783 65174832 76152843
23847165 35784216 38751246 43825167 56174832 61248753 64215783 76152834
23847516 28753146 35864217 38425167 61574832 64135782 71246853 76152483
23847615 28751346 35684217 48325167 51674832 64315782 71248653 76152384
23851476 32584167 37846215 48735126 51264873 62153784 67415832 76148523
23851647 25384167 38647215 48725316 51274683 61352784 74615832 76148352
23851674 37648215 47615832 48715326 51284673 52384167 62351784 76148325
23851746 35284167 36847215 48725136 51274863 63152784 64715832 76148253
23851764 36748215 46715832 48715236 51284763 53284167 63251784 76148235
23854167 38745216 61254783 76145832
23854176 32854167 37845216 38745126 61254873 62154783 67145832 76145823
23854617 28354167 28745316 38645217 61354782 71254683 71645832 76145382
23854716 28745136 36845217 38254167 61745832 63154782 71254863 76145283
23856147 25834167 38547216 38725416 61274583 61452783 74165832 76143852
23856174 37548216 38715426 47165832 52834167 61284573 62451783 76143825
23856417 28534167 28735416 38546217 61453782 71264583 71465832 76143582
23856714 28715436 36548217 41765832 58234167 63451782 71284563 76143285
23857146 35824167 35847216 38725146 61274853 64152783 64175832 76142853
23857164 35748216 38715246 46175832 53824167 61284753 64251783 76142835
23857416 28735146 35846217 38524167 61475832 64153782 71264853 76142583
23857614 28715346 35648217 41675832 58324167 64351782 71284653 76142385
23861457 24583167 38476215 48732516 51267483 61523784 75416832 76138542
23861475 37486215 42583167 48731526 51268473 57416832 62513784 76138524
23861547 25483167 38467215 48723516 51276483 61532784 74516832 76138452
23861574 37468215 47516832 48713526 51286473 52483167 62531784 76138425
23861745 36487215 45283167 48721536 51278463 54716832 63512784 76138254
23861754 36478215 45716832 48712536 51287463 54283167 63521784 76138245
23864157 24853167 38475216 38742516 61257483 61524783 75146832 76135842
23864175 37485216 38741526 42853167 57146832 61258473 62514783 76135824
23864517 28453167 28743516 38465217 61534782 71256483 71546832 76135482
23864715 28741536 36485217 48253167 51746832 63514782 71258463 76135284
23865147 25843167 38457216 38724516 61275483 61542783 74156832 76134852
23865174 37458216 38714526 47156832 52843167 61285473 62541783 76134825
23865417 28543167 28734516 38456217 61543782 71265483 71456832 76134582
23865714 28714536 36458217 41756832 58243167 63541782 71285463 76134285
23867145 35487216 38721546 45823167 54176832 61278453 64512783 76132854
23867154 35478216 38712546 45176832 54823167 61287453 64521783 76132845
23867415 28731546 35486217 48523167 51476832 64513782 71268453 76132584
23867514 28713546 35468217 41576832 58423167 64531782 71286453 76132485
23871456 34582167 34876215 48732156 51267843 65123784 65417832 76128543
23871465 34786215 43582167 48731256 51268743 56417832 65213784 76128534
23871546 34867215 35482167 48723156 51276843 64517832 65132784 76128453
23871564 34768215 46517832 48713256 51286743 53482167 65231784 76128435
23871645 34687215 45382167 48721356 51278643 54617832 65312784 76128354
23871654 34678215 45617832 48712356 51287643 54382167 65321784 76128345
23874156 34852167 34875216 38742156 61257843 65124783 65147832 76125843
23874165 34785216 38741256 43852167 56147832 61258743 65214783 76125834
23874516 28743156 34865217 38452167 61547832 65134782 71256843 76125483
23874615 28741356 34685217 48352167 51647832 65314782 71258643 76125384
23875146 34857216 35842167 38724156 61275843 64157832 65142783 76124853
23875164 34758216 38714256 46157832 53842167 61285743 65241783 76124835
23875416 28734156 34856217 38542167 61457832 65143782 71265843 76124583
23875614 28714356 34658217 41657832 58342167 65341782 71285643 76124385
23876145 34587216 38721456 45832167 54167832 61278543 65412783 76123854
23876154 34578216 38712456 45167832 54832167 61287543 65421783 76123845
23876415 28731456 34586217 48532167 51467832 65413782 71268543 76123584
23876514 28713456 34568217 41567832 58432167 65431782 71286543 76123485
24136857 31427586 68572413 75863142
24136875 31428576 32417586 42136857 57863142 67582413 68571423 75863124
24137586 31426857 68573142 75862413
24137685 24317586 31428657 41326857 58673142 68571342 75682413 75862314
24137856 31427856 34126857 34127586 65872413 65873142 68572143 75862143
24137865 31428756 34217586 43126857 56873142 65782413 68571243 75862134
24138576 31426875 32416857 42137586 57862413 67583142 68573124 75861423
24138657 24316857 31427685 41327586 58672413 68572314 75683142 75861342
24138675 31428675 42316857 42317586 57682413 57683142 68571324 75861324
24138756 31427865 34216857 43127586 56872413 65783142 68572134 75861243
24156837 26134857 31457286 31724586 68275413 68542713 73865142 75843162
24156873 31824576 32457186 37865142 62134857 67542813 68175423 75843126
24157386 31624857 68375142 75842613
24157683 24357186 31824657 38675142 61324857 68175342 75642813 75842316
24157836 31724856 34157286 36124857 63875142 65842713 68275143 75842163
24157863 31824756 34257186 36875142 63124857 65742813 68175243 75842136
24158376 31624875 32614857 42157386 57842613 67385142 68375124 75841623
24158637 26314857 31724685 41357286 58642713 68275314 73685142 75841362
24158673 31824675 37685142 42357186 57642813 62314857 68175324 75841326
24158736 31724865 36214857 43157286 56842713 63785142 68275134 75841263
24158763 31824765 36785142 43257186 56742813 63214857 68175234 75841236
24163857 31527486 68472513 75836142
24163875 31528476 32517486 42163857 57836142 67482513 68471523 75836124
24165837 26143857 31547286 31725486 68274513 68452713 73856142 75834162
24165873 31825476 32547186 37856142 62143857 67452813 68174523 75834126
24167385 24517386 31628457 41623857 58376142 68371542 75482613 75832614
24167583 24537186 31826457 38576142 61423857 68173542 75462813 75832416
24167835 31728456 34517286 46123857 53876142 65482713 68271543 75832164
24167853 31827456 34527186 35876142 64123857 65472813 68172543 75832146
24168357 24613857 31627485 41527386 58472613 68372514 75386142 75831642
24168375 31628475 42517386 42613857 57386142 57482613 68371524 75831624
24168537 26413857 31726485 41537286 58462713 68273514 73586142 75831462
24168573 31826475 37586142 42537186 57462813 62413857 68173524 75831426
24168735 31728465 43517286 46213857 53786142 56482713 68271534 75831264
24168753 31827465 35786142 43527186 56472813 64213857 68172534 75831246
24173586 25137486 31462857 31526847 68473152 68537142 74862513 75826413
24173685 25317486 31528647 41362857 58637142 68471352 74682513 75826314
24173856 31527846 34162857 35127486 64872513 65837142 68472153 75826143
24173865 31528746 35217486 43162857 56837142 64782513 68471253 75826134
24175386 25147386 31625847 31642857 68357142 68374152 74852613 75824613
24175683 25347186 31825647 38657142 61342857 68174352 74652813 75824316
24175836 31725846 35147286 36142857 63857142 64852713 68274153 75824163
24175863 31825746 35247186 36857142 63142857 64752813 68174253 75824136
24176385 25417386 31628547 41632857 58367142 68371452 74582613 75823614
24176583 25437186 31826547 38567142 61432857 68173452 74562813 75823416
24176835 31728546 35417286 46132857 53867142 64582713 68271453 75823164
24176853 31827546 35427186 35867142 64132857 64572813 68172453 75823146
24178356 31627845 34612857 45127386 54872613 65387142 68372154 75821643
24178365 31628745 43612857 45217386 54782613 56387142 68371254 75821634
24178536 31726845 36412857 45137286 54862713 63587142 68273154 75821463
24178563 31826745 36587142 45237186 54762813 63412857 68173254 75821436
24178635 31728645 45317286 46312857 53687142 54682713 68271354 75821364
24178653 31827645 35687142 45327186 54672813 64312857 68172354 75821346
24183576 31526874 32461857 47862513 52137486 67538142 68473125 75816423
24183657 24361857 31527684 48672513 51327486 68472315 75638142 75816342
24183675 31528674 42361857 47682513 52317486 57638142 68471325 75816324
24183756 31527864 34261857 46872513 53127486 65738142 68472135 75816243
24183765 31528764 43261857 46782513 53217486 56738142 68471235 75816234
24185376 31625874 32641857 47852613 52147386 67358142 68374125 75814623
24185637 26341857 31725684 48652713 51347286 68274315 73658142 75814362
24185673 31825674 37658142 47652813 52347186 62341857 68174325 75814326
24185736 31725864 36241857 46852713 53147286 63758142 68274135 75814263
24185763 31825764 36758142 46752813 53247186 63241857 68174235 75814236
24186357 24631857 31627584 48572613 51427386 68372415 75368142 75813642
24186375 31628574 42631857 47582613 52417386 57368142 68371425 75813624
24186537 26431857 31726584 48562713 51437286 68273415 73568142 75813462
24186573 31826574 37568142 47562813 52437186 62431857 68173425 75813426
24186735 31728564 46231857 46582713 53417286 53768142 68271435 75813264
24186753 31827564 35768142 46572813 53427186 64231857 68172435 75813246
24187356 31627854 34621857 45872613 54127386 65378142 68372145 75812643
24187365 31628754 43621857 45782613 54217386 56378142 68371245 75812634
24187536 31726854 36421857 45862713 54137286 63578142 68273145 75812463
24187563 31826754 36578142 45762813 54237186 63421857 68173245 75812436
24187635 31728654 45682713 46321857 53678142 54317286 68271345 75812364
24187653 31827654 35678142 45672813 54327186 64321857 68172345 75812346
24316875 32417685 41328576 42138657 57861342 58671423 67582314 75683124
24317685 41328657 58671342 75682314
24317856 34127685 34128657 41327856 58672143 65871342 65872314 75682143
24317865 34217685 41328756 43128657 56871342 58671243 65782314 75682134
24318576 32418657 41326875 42137685 57862314 58673124 67581342 75681423
24318657 41327685 58672314 75681342
24318675 41328675 42317685 42318657 57681342 57682314 58671324 75681324
24318756 34218657 41327865 43127685 56872314 58672134 65781342 75681243
24356817 28134657 28675413 31457682 68542317 71324586 71865342 75643182
24357816 28675143 34157682 38124657 61875342 65842317 71324856 75642183
24358176 32814657 38675124 42157683 57842316 61324875 67185342 75641823
24358617 28314657 28675314 41357682 58642317 71324685 71685342 75641382
24358716 28675134 38214657 43157682 56842317 61785342 71324865 75641283
24361875 32517684 42183657 48671523 51328476 57816342 67482315 75638124
24365817 28143657 28674513 31547682 68452317 71325486 71856342 75634182
24367185 24517683 38671542 41823657 58176342 61328457 75482316 75632814
24367815 28671543 34517682 48123657 51876342 65482317 71328456 75632184
24368157 24813657 38672514 41527683 58472316 61327485 75186342 75631842
24368175 38671524 42517683 42813657 57186342 57482316 61328475 75631824
24368517 28413657 28673514 41537682 58462317 71326485 71586342 75631482
24368715 28671534 43517682 48213657 51786342 56482317 71328465 75631284
24371586 25137684 31482657 48673152 51326847 68517342 74862315 75628413
24371685 25317684 41382657 48671352 51328647 58617342 74682315 75628314
24371856 34182657 35127684 48672153 51327846 64872315 65817342 75628143
24371865 35217684 43182657 48671253 51328746 56817342 64782315 75628134
24375186 25147683 31842657 38674152 61325847 68157342 74852316 75624813
24375816 28674153 35147682 38142657 61857342 64852317 71325846 75624183
24376185 25417683 38671452 41832657 58167342 61328547 74582316 75623814
24376815 28671453 35417682 48132657 51867342 64582317 71328546 75623184
24378156 34812657 38672154 45127683 54872316 61327845 65187342 75621843
24378165 38671254 43812657 45217683 54782316 56187342 61328745 75621834
24378516 28673154 38412657 45137682 54862317 61587342 71326845 75621483
24378615 28671354 45317682 48312657 51687342 54682317 71328645 75621384
24381576 32481657 47862315 48673125 51326874 52137684 67518342 75618423
24381657 48672315 51327684 75618342
24381675 42381657 47682315 48671325 51328674 52317684 57618342 75618324
24381756 34281657 46872315 48672135 51327864 53127684 65718342 75618243
24381765 43281657 46782315 48671235 51328764 53217684 56718342 75618234
24385176 32841657 38674125 47852316 52147683 61325874 67158342 75614823
24385617 28341657 28674315 48652317 51347682 71325684 71658342 75614382
24385716 28674135 38241657 46852317 53147682 61758342 71325864 75614283
24386157 24831657 38672415 48572316 51427683 61327584 75168342 75613842
24386175 38671425 42831657 47582316 52417683 57168342 61328574 75613824
24386517 28431657 28673415 48562317 51437682 71326584 71568342 75613482
24386715 28671435 46582317 48231657 51768342 53417682 71328564 75613284
24387156 34821657 38672145 45872316 54127683 61327854 65178342 75612843
24387165 38671245 43821657 45782316 54217683 56178342 61328754 75612834
24387516 28673145 38421657 45862317 54137682 61578342 71326854 75612483
24387615 28671345 45682317 48321657 51678342 54317682 71328654 75612384
24516837 26138457 31467285 41723586 58276413 68532714 73861542 75483162
24516873 32467185 37861542 41823576 58176423 62138457 67532814 75483126
24517836 34167285 36128457 41723856 58276143 63871542 65832714 75482163
24517863 34267185 36871542 41823756 58176243 63128457 65732814 75482136
24518376 32618457 41623875 42167385 57832614 58376124 67381542 75481623
24518637 26318457 41367285 41723685 58276314 58632714 73681542 75481362
24518673 37681542 41823675 42367185 57632814 58176324 62318457 75481326
24518736 36218457 41723865 43167285 56832714 58276134 63781542 75481263
24518763 36781542 41823765 43267185 56732814 58176234 63218457 75481236
24536817 28136457 28576413 31467582 68532417 71423586 71863542 75463182
24537816 28576143 34167582 38126457 61873542 65832417 71423856 75462183
24538176 32816457 38576124 42167583 57832416 61423875 67183542 75461823
24538617 28316457 28576314 41367582 58632417 71423685 71683542 75461382
24538716 28576134 38216457 43167582 56832417 61783542 71423865 75461283
24561837 26183457 31567284 48276513 51723486 68432715 73816542 75438162
24561873 32567184 37816542 48176523 51823476 62183457 67432815 75438126
24563817 28163457 28476513 31567482 68432517 71523486 71836542 75436182
24567183 38176542 61823457 75432816
24567813 28176543 31876542 34567182 65432817 68123457 71823456 75432186
24568137 26813457 38276514 41567283 58432716 61723485 73186542 75431862
24568173 37186542 38176524 42567183 57432816 61823475 62813457 75431826
24568317 28376514 28613457 41567382 58432617 71386542 71623485 75431682
24568713 28176534 31786542 43567182 56432817 68213457 71823465 75431286
24571386 25167384 31682457 48376152 51623847 68317542 74832615 75428613
24571683 25367184 38617542 48176352 51823647 61382457 74632815 75428316
24571836 35167284 36182457 48276153 51723846 63817542 64832715 75428163
24571863 35267184 36817542 48176253 51823746 63182457 64732815 75428136
24573186 25167483 31862457 38476152 61523847 68137542 74832516 75426813
24573816 28476153 35167482 38162457 61837542 64832517 71523846 75426183
24576183 25467183 38167542 38176452 61823547 61832457 74532816 75423816
24576813 28176453 31867542 35467182 64532817 68132457 71823546 75423186
24578136 36812457 38276154 45167283 54832716 61723845 63187542 75421863
24578163 36187542 38176254 45267183 54732816 61823745 63812457 75421836
24578316 28376154 38612457 45167382 54832617 61387542 71623845 75421683
24578613 28176354 31687542 45367182 54632817 68312457 71823645 75421386
24581376 32681457 47832615 48376125 51623874 52167384 67318542 75418623
24581637 26381457 48276315 48632715 51367284 51723684 73618542 75418362
24581673 37618542 47632815 48176325 51823674 52367184 62381457 75418326
24581736 36281457 46832715 48276135 51723864 53167284 63718542 75418263
24581763 36718542 46732815 48176235 51823764 53267184 63281457 75418236
24583176 32861457 38476125 47832516 52167483 61523874 67138542 75416823
24583617 28361457 28476315 48632517 51367482 71523684 71638542 75416382
24583716 28476135 38261457 46832517 53167482 61738542 71523864 75416283
24586137 26831457 38276415 48532716 51467283 61723584 73168542 75413862
24586173 37168542 38176425 47532816 52467183 61823574 62831457 75413826
24586317 28376415 28631457 48532617 51467382 71368542 71623584 75413682
24586713 28176435 31768542 46532817 53467182 68231457 71823564 75413286
24587136 36821457 38276145 45832716 54167283 61723854 63178542 75412863
24587163 36178542 38176245 45732816 54267183 61823754 63821457 75412836
24587316 28376145 38621457 45832617 54167382 61378542 71623854 75412683
24587613 28176345 31678542 45632817 54367182 68321457 71823654 75412386
24613875 32617485 41528376 42168357 57831642 58471623 67382514 75386124
24615837 26148357 31647285 41725386 58274613 68352714 73851642 75384162
24615873 32647185 37851642 41825376 58174623 62148357 67352814 75384126
24617385 41628357 58371642 75382614
24617583 24637185 38571642 41826357 58173642 61428357 75362814 75382416
24617835 34617285 41728356 46128357 53871642 58271643 65382714 75382164
24617853 34627185 35871642 41827356 58172643 64128357 65372814 75382146
24618357 41627385 58372614 75381642
24618375 41628375 42617385 42618357 57381642 57382614 58371624 75381624
24618537 26418357 41637285 41726385 58273614 58362714 73581642 75381462
24618573 37581642 41826375 42637185 57362814 58173624 62418357 75381426
24618735 41728365 43617285 46218357 53781642 56382714 58271634 75381264
24618753 35781642 41827365 43627185 56372814 58172634 64218357 75381246
24631875 32617584 42186357 48571623 51428376 57813642 67382415 75368124
24635817 28146357 28574613 31647582 68352417 71425386 71853642 75364182
24637815 28571643 34617582 48126357 51873642 65382417 71428356 75362184
24638157 24816357 38572614 41627583 58372416 61427385 75183642 75361842
24638175 38571624 42617583 42816357 57183642 57382416 61428375 75361824
24638517 28416357 28573614 41637582 58362417 71426385 71583642 75361482
24638715 28571634 43617582 48216357 51783642 56382417 71428365 75361284
24651837 26184357 31657284 48275613 51724386 68342715 73815642 75348162
24651873 32657184 37815642 48175623 51824376 62184357 67342815 75348126
24653817 28164357 28475613 31657482 68342517 71524386 71835642 75346182
24657183 38175642 61824357 75342816
24657813 28175643 31875642 34657182 65342817 68124357 71824356 75342186
24658137 26814357 38275614 41657283 58342716 61724385 73185642 75341862
24658173 37185642 38175624 42657183 57342816 61824375 62814357 75341826
24658317 28375614 28614357 41657382 58342617 71385642 71624385 75341682
24658713 28175634 31785642 43657182 56342817 68214357 71824365 75341286
24671385 25617384 41682357 48371652 51628347 58317642 74382615 75328614
24671583 25637184 38517642 48173652 51826347 61482357 74362815 75328416
24671835 35617284 46182357 48271653 51728346 53817642 64382715 75328164
24671853 35627184 35817642 48172653 51827346 64182357 64372815 75328146
24673185 25617483 38471652 41862357 58137642 61528347 74382516 75326814
24673815 28471653 35617482 48162357 51837642 64382517 71528346 75326184
24675183 25647183 38157642 38174652 61825347 61842357 74352816 75324816
24675813 28174653 31857642 35647182 64352817 68142357 71825346 75324186
24678135 38271654 45617283 46812357 53187642 54382716 61728345 75321864
24678153 35187642 38172654 45627183 54372816 61827345 64812357 75321846
24678315 28371654 45617382 48612357 51387642 54382617 71628345 75321684
24678513 28173654 31587642 45637182 54362817 68412357 71826345 75321486
24681357 48372615 51627384 75318642
24681375 42681357 47382615 48371625 51628374 52617384 57318642 75318624
24681537 26481357 48273615 48362715 51637284 51726384 73518642 75318462
24681573 37518642 47362815 48173625 51826374 52637184 62481357 75318426
24681735 46281357 46382715 48271635 51728364 53617284 53718642 75318264
24681753 35718642 46372815 48172635 51827364 53627184 64281357 75318246
24683157 24861357 38472615 48372516 51627483 61527384 75138642 75316842
24683175 38471625 42861357 47382516 52617483 57138642 61528374 75316824
24683517 28461357 28473615 48362517 51637482 71526384 71538642 75316482
24683715 28471635 46382517 48261357 51738642 53617482 71528364 75316284
24685137 26841357 38274615 48352716 51647283 61725384 73158642 75314862
24685173 37158642 38174625 47352816 52647183 61825374 62841357 75314826
24685317 28374615 28641357 48352617 51647382 71358642 71625384 75314682
24685713 28174635 31758642 46352817 53647182 68241357 71825364 75314286
24687135 38271645 45382716 46821357 53178642 54617283 61728354 75312864
24687153 35178642 38172645 45372816 54627183 61827354 64821357 75312846
24687315 28371645 45382617 48621357 51378642 54617382 71628354 75312684
24687513 28173645 31578642 45362817 54637182 68421357 71826354 75312486
24713586 26137485 31468257 41526837 58473162 68531742 73862514 75286413
24713685 26317485 41368257 41528637 58471362 58631742 73682514 75286314
24713856 34168257 36127485 41527836 58472163 63872514 65831742 75286143
24713865 36217485 41528736 43168257 56831742 58471263 63782514 75286134
24715386 26147385 31648257 41625837 58374162 68351742 73852614 75284613
24715683 26347185 38651742 41825637 58174362 61348257 73652814 75284316
24715836 36147285 36148257 41725836 58274163 63851742 63852714 75284163
24715863 36247185 36851742 41825736 58174263 63148257 63752814 75284136
24716385 26417385 41628537 41638257 58361742 58371462 73582614 75283614
24716583 26437185 38561742 41826537 58173462 61438257 73562814 75283416
24716835 36417285 41728536 46138257 53861742 58271463 63582714 75283164
24716853 35861742 36427185 41827536 58172463 63572814 64138257 75283146
24718356 34618257 41627835 46127385 53872614 58372164 65381742 75281643
24718365 41628735 43618257 46217385 53782614 56381742 58371264 75281634
24718536 36418257 41726835 46137285 53862714 58273164 63581742 75281463
24718563 36581742 41826735 46237185 53762814 58173264 63418257 75281436
24718635 41728635 46317285 46318257 53681742 53682714 58271364 75281364
24718653 35681742 41827635 46327185 53672814 58172364 64318257 75281346
24731586 26137584 31486257 48573162 51426837 68513742 73862415 75268413
24731685 26317584 41386257 48571362 51428637 58613742 73682415 75268314
24731856 34186257 36127584 48572163 51427836 63872415 65813742 75268143
24731865 36217584 43186257 48571263 51428736 56813742 63782415 75268134
24735186 26147583 31846257 38574162 61425837 68153742 73852416 75264813
24735816 28574163 36147582 38146257 61853742 63852417 71425836 75264183
24736185 26417583 38571462 41836257 58163742 61428537 73582416 75263814
24736815 28571463 36417582 48136257 51863742 63582417 71428536 75263184
24738156 34816257 38572164 46127583 53872416 61427835 65183742 75261843
24738165 38571264 43816257 46217583 53782416 56183742 61428735 75261834
24738516 28573164 38416257 46137582 53862417 61583742 71426835 75261483
24738615 28571364 46317582 48316257 51683742 53682417 71428635 75261384
24751386 26157384 31684257 48375162 51624837 68315742 73842615 75248613
24751683 26357184 38615742 48175362 51824637 61384257 73642815 75248316
24751836 36157284 36184257 48275163 51724836 63815742 63842715 75248163
24751863 36257184 36815742 48175263 51824736 63184257 63742815 75248136
24753186 26157483 31864257 38475162 61524837 68135742 73842516 75246813
24753816 28475163 36157482 38164257 61835742 63842517 71524836 75246183
24756183 26457183 38165742 38175462 61824537 61834257 73542816 75243816
24756813 28175463 31865742 36457182 63542817 68134257 71824536 75243186
24758136 36814257 38275164 46157283 53842716 61724835 63185742 75241863
24758163 36185742 38175264 46257183 53742816 61824735 63814257 75241836
24758316 28375164 38614257 46157382 53842617 61385742 71624835 75241683
24758613 28175364 31685742 46357182 53642817 68314257 71824635 75241386
24761385 26517384 41683257 48371562 51628437 58316742 73482615 75238614
24761583 26537184 38516742 48173562 51826437 61483257 73462815 75238416
24761835 36517284 46183257 48271563 51728436 53816742 63482715 75238164
24761853 35816742 36527184 48172563 51827436 63472815 64183257 75238146
24763185 26517483 38471562 41863257 58136742 61528437 73482516 75236814
24763815 28471563 36517482 48163257 51836742 63482517 71528436 75236184
24765183 26547183 38156742 38174562 61825437 61843257 73452816 75234816
24765813 28174563 31856742 36547182 63452817 68143257 71825436 75234186
24768135 38271564 46517283 46813257 53186742 53482716 61728435 75231864
24768153 35186742 38172564 46527183 53472816 61827435 64813257 75231846
24768315 28371564 46517382 48613257 51386742 53482617 71628435 75231684
24768513 28173564 31586742 46537182 53462817 68413257 71826435 75231486
24781356 34681257 43872615 48372165 51627834 56127384 65318742 75218643
24781365 43681257 43782615 48371265 51628734 56217384 56318742 75218634
24781536 36481257 43862715 48273165 51726834 56137284 63518742 75218463
24781563 36518742 43762815 48173265 51826734 56237184 63481257 75218436
24781635 43682715 46381257 48271365 51728634 53618742 56317284 75218364
24781653 35618742 43672815 48172365 51827634 56327184 64381257 75218346
24783156 34861257 38472165 43872516 56127483 61527834 65138742 75216843
24783165 38471265 43782516 43861257 56138742 56217483 61528734 75216834
24783516 28473165 38461257 43862517 56137482 61538742 71526834 75216483
24783615 28471365 43682517 48361257 51638742 56317482 71528634 75216384
24785136 36841257 38274165 43852716 56147283 61725834 63158742 75214863
24785163 36158742 38174265 43752816 56247183 61825734 63841257 75214836
24785316 28374165 38641257 43852617 56147382 61358742 71625834 75214683
24785613 28174365 31658742 43652817 56347182 68341257 71825634 75214386
24786135 38271465 43582716 46831257 53168742 56417283 61728534 75213864
24786153 35168742 38172465 43572816 56427183 61827534 64831257 75213846
24786315 28371465 43582617 48631257 51368742 56417382 71628534 75213684
24786513 28173465 31568742 43562817 56437182 68431257 71826534 75213486
24813576 32468157 37862514 41526873 58473126 62137485 67531842 75186423
24813675 37682514 41528673 42368157 57631842 58471326 62317485 75186324
24813756 34268157 36872514 41527863 58472136 63127485 65731842 75186243
24813765 36782514 41528763 43268157 56731842 58471236 63217485 75186234
24815376 32648157 37852614 41625873 58374126 62147385 67351842 75184623
24815637 26348157 38652714 41725683 58274316 61347285 73651842 75184362
24815673 37651842 37652814 41825673 58174326 62347185 62348157 75184326
24815736 36248157 36852714 41725863 58274136 63147285 63751842 75184263
24815763 36751842 36752814 41825763 58174236 63247185 63248157 75184236
24816375 37582614 41628573 42638157 57361842 58371426 62417385 75183624
24816537 26438157 38562714 41726583 58273416 61437285 73561842 75183462
24816573 37561842 37562814 41826573 58173426 62437185 62438157 75183426
24816735 36582714 41728563 46238157 53761842 58271436 63417285 75183264
24816753 35761842 36572814 41827563 58172436 63427185 64238157 75183246
24817356 34628157 35872614 41627853 58372146 64127385 65371842 75182643
24817365 35782614 41628753 43628157 56371842 58371246 64217385 75182634
24817536 35862714 36428157 41726853 58273146 63571842 64137285 75182463
24817563 35762814 36571842 41826753 58173246 63428157 64237185 75182436
24817635 35682714 41728653 46328157 53671842 58271346 64317285 75182364
24817653 35671842 35672814 41827653 58172346 64327185 64328157 75182346
24831576 32486157 37862415 48573126 51426873 62137584 67513842 75168423
24831675 37682415 42386157 48571326 51428673 57613842 62317584 75168324
24831756 34286157 36872415 48572136 51427863 63127584 65713842 75168243
24831765 36782415 43286157 48571236 51428763 56713842 63217584 75168234
24835176 32846157 37852416 38574126 61425873 62147583 67153842 75164823
24835617 28346157 28574316 38652417 61347582 71425683 71653842 75164382
24835716 28574136 36852417 38246157 61753842 63147582 71425863 75164283
24836157 38572416 61427583 75163842
24836175 37582416 38571426 42836157 57163842 61428573 62417583 75163824
24836517 28436157 28573416 38562417 61437582 71426583 71563842 75163482
24836715 28571436 36582417 48236157 51763842 63417582 71428563 75163284
24837156 34826157 35872416 38572146 61427853 64127583 65173842 75162843
24837165 35782416 38571246 43826157 56173842 61428753 64217583 75162834
24837516 28573146 35862417 38426157 61573842 64137582 71426853 75162483
24837615 28571346 35682417 48326157 51673842 64317582 71428653 75162384
24851376 32684157 37842615 48375126 51624873 62157384 67315842 75148623
24851637 26384157 38642715 48275316 51724683 61357284 73615842 75148362
24851673 37615842 37642815 48175326 51824673 62357184 62384157 75148326
24851736 36284157 36842715 48275136 51724863 63157284 63715842 75148263
24851763 36715842 36742815 48175236 51824763 63257184 63284157 75148236
24853176 32864157 37842516 38475126 61524873 62157483 67135842 75146823
24853617 28364157 28475316 38642517 61357482 71524683 71635842 75146382
24853716 28475136 36842517 38264157 61735842 63157482 71524863 75146283
24856137 26834157 38275416 38542716 61457283 61724583 73165842 75143862
24856173 37165842 37542816 38175426 61824573 62457183 62834157 75143826
24856317 28375416 28634157 38542617 61457382 71365842 71624583 75143682
24856713 28175436 31765842 36542817 63457182 68234157 71824563 75143286
24857136 35842716 36824157 38275146 61724853 63175842 64157283 75142863
24857163 35742816 36175842 38175246 61824753 63824157 64257183 75142836
24857316 28375146 35842617 38624157 61375842 64157382 71624853 75142683
24857613 28175346 31675842 35642817 64357182 68324157 71824653 75142386
24861375 37482615 42683157 48371526 51628473 57316842 62517384 75138624
24861537 26483157 38462715 48273516 51726483 61537284 73516842 75138462
24861573 37462815 37516842 48173526 51826473 62483157 62537184 75138426
24861735 36482715 46283157 48271536 51728463 53716842 63517284 75138264
24861753 35716842 36472815 48172536 51827463 63527184 64283157 75138246
24863157 38472516 61527483 75136842
24863175 37482516 38471526 42863157 57136842 61528473 62517483 75136824
24863517 28463157 28473516 38462517 61537482 71526483 71536842 75136482
24863715 28471536 36482517 48263157 51736842 63517482 71528463 75136284
24865137 26843157 38274516 38452716 61547283 61725483 73156842 75134862
24865173 37156842 37452816 38174526 61825473 62547183 62843157 75134826
24865317 28374516 28643157 38452617 61547382 71356842 71625483 75134682
24865713 28174536 31756842 36452817 63547182 68243157 71825463 75134286
24867135 35482716 38271546 46823157 53176842 61728453 64517283 75132864
24867153 35176842 35472816 38172546 61827453 64527183 64823157 75132846
24867315 28371546 35482617 48623157 51376842 64517382 71628453 75132684
24867513 28173546 31576842 35462817 64537182 68423157 71826453 75132486
24871356 34682157 34872615 48372156 51627843 65127384 65317842 75128643
24871365 34782615 43682157 48371256 51628743 56317842 65217384 75128634
24871536 34862715 36482157 48273156 51726843 63517842 65137284 75128463
24871563 34762815 36517842 48173256 51826743 63482157 65237184 75128436
24871635 34682715 46382157 48271356 51728643 53617842 65317284 75128364
24871653 34672815 35617842 48172356 51827643 64382157 65327184 75128346
24873156 34862157 34872516 38472156 61527843 65127483 65137842 75126843
24873165 34782516 38471256 43862157 56137842 61528743 65217483 75126834
24873516 28473156 34862517 38462157 61537842 65137482 71526843 75126483
24873615 28471356 34682517 48362157 51637842 65317482 71528643 75126384
24875136 34852716 36842157 38274156 61725843 63157842 65147283 75124863
24875163 34752816 36157842 38174256 61825743 63842157 65247183 75124836
24875316 28374156 34852617 38642157 61357842 65147382 71625843 75124683
24875613 28174356 31657842 34652817 65347182 68342157 71825643 75124386
24876135 34582716 38271456 46832157 53167842 61728543 65417283 75123864
24876153 34572816 35167842 38172456 61827543 64832157 65427183 75123846
24876315 28371456 34582617 48632157 51367842 65417382 71628543 75123684
24876513 28173456 31567842 34562817 65437182 68432157 71826543 75123486
25136847 31472586 68527413 74863152
25136874 31482576 32471586 47863152 52136847 67528413 68517423 74863125
25137846 31472856 34172586 35126847 64873152 65827413 68527143 74862153
25137864 31482756 34271586 46873152 53126847 65728413 68517243 74862135
25138476 31462875 32516847 42173586 57826413 67483152 68537124 74861523
25138647 25316847 31472685 41372586 58627413 68527314 74683152 74861352
25138674 31482675 42371586 47683152 52316847 57628413 68517324 74861325
25138746 31472865 35216847 43172586 56827413 64783152 68527134 74861253
25138764 31482765 43271586 46783152 53216847 56728413 68517234 74861235
25146837 26135847 31475286 31742586 68257413 68524713 73864152 74853162
25146873 31842576 32475186 37864152 62135847 67524813 68157423 74853126
25147836 31742856 34175286 36125847 63874152 65824713 68257143 74852163
25147863 31842756 34275186 36874152 63125847 65724813 68157243 74852136
25148376 31642875 32615847 42175386 57824613 67384152 68357124 74851623
25148637 26315847 31742685 41375286 58624713 68257314 73684152 74851362
25148673 31842675 37684152 42375186 57624813 62315847 68157324 74851326
25148736 31742865 36215847 43175286 56824713 63784152 68257134 74851263
25148763 31842765 36784152 43275186 56724813 63215847 68157234 74851236
25163847 31572486 68427513 74836152
25163874 31582476 32571486 47836152 52163847 67428513 68417523 74836125
25164837 26153847 31574286 31752486 68247513 68425713 73846152 74835162
25164873 31852476 32574186 37846152 62153847 67425813 68147523 74835126
25167834 31782456 34571286 43876152 56123847 65428713 68217543 74832165
25167843 31872456 34572186 34876152 65123847 65427813 68127543 74832156
25168347 25613847 31672485 41572386 58427613 68327514 74386152 74831652
25168374 31682475 42571386 47386152 52613847 57428613 68317524 74831625
25168437 26513847 31762485 41573286 58426713 68237514 73486152 74831562
25168473 31862475 37486152 42573186 57426813 62513847 68137524 74831526
25168734 31782465 43571286 43786152 56213847 56428713 68217534 74831265
25168743 31872465 34786152 43572186 56427813 65213847 68127534 74831256
25173486 31562847 68437152 74826513
25173684 25371486 31582647 48637152 51362847 68417352 74628513 74826315
25173846 31572846 35162847 35172486 64827513 64837152 68427153 74826153
25173864 31582746 35271486 46837152 53162847 64728513 68417253 74826135
25174386 31652847 68347152 74825613
25174683 25374186 31852647 38647152 61352847 68147352 74625813 74825316
25174836 31752846 35174286 36152847 63847152 64825713 68247153 74825163
25174863 31852746 35274186 36847152 63152847 64725813 68147253 74825136
25176384 25471386 31682547 48367152 51632847 68317452 74528613 74823615
25176483 25473186 31862547 38467152 61532847 68137452 74526813 74823516
25176834 31782546 35471286 43867152 56132847 64528713 68217453 74823165
25176843 31872546 34867152 35472186 64527813 65132847 68127453 74823156
25178346 31672845 35612847 45172386 54827613 64387152 68327154 74821653
25178364 31682745 45271386 46387152 53612847 54728613 68317254 74821635
25178436 31762845 36512847 45173286 54826713 63487152 68237154 74821563
25178463 31862745 36487152 45273186 54726813 63512847 68137254 74821536
25178634 31782645 43687152 45371286 54628713 56312847 68217354 74821365
25178643 31872645 34687152 45372186 54627813 65312847 68127354 74821356
25183476 31562874 32561847 47826513 52173486 67438152 68437125 74816523
25183647 25361847 31572684 48627513 51372486 68427315 74638152 74816352
25183674 31582674 47628513 47638152 52361847 52371486 68417325 74816325
25183746 31572864 35261847 46827513 53172486 64738152 68427135 74816253
25183764 31582764 46728513 46738152 53261847 53271486 68417235 74816235
25184376 31652874 32651847 47825613 52174386 67348152 68347125 74815623
25184637 26351847 31752684 48625713 51374286 68247315 73648152 74815362
25184673 31852674 37648152 47625813 52374186 62351847 68147325 74815326
25184736 31752864 36251847 46825713 53174286 63748152 68247135 74815263
25184763 31852764 36748152 46725813 53274186 63251847 68147235 74815236
25186347 25631847 31672584 48527613 51472386 68327415 74368152 74813652
25186374 31682574 47368152 47528613 52471386 52631847 68317425 74813625
25186437 26531847 31762584 48526713 51473286 68237415 73468152 74813562
25186473 31862574 37468152 47526813 52473186 62531847 68137425 74813526
25186734 31782564 43768152 46528713 53471286 56231847 68217435 74813265
25186743 31872564 34768152 46527813 53472186 65231847 68127435 74813256
25187346 31672854 35621847 45827613 54172386 64378152 68327145 74812653
25187364 31682754 45728613 46378152 53621847 54271386 68317245 74812635
25187436 31762854 36521847 45826713 54173286 63478152 68237145 74812563
25187463 31862754 36478152 45726813 54273186 63521847 68137245 74812536
25187634 31782654 43678152 45628713 54371286 56321847 68217345 74812365
25187643 31872654 34678152 45627813 54372186 65321847 68127345 74812356
25316874 32471685 41382576 47861352 52138647 58617423 67528314 74683125
25317846 34172685 35128647 41372856 58627143 64871352 65827314 74682153
25317864 34271685 41382756 46871352 53128647 58617243 65728314 74682135
25318476 32518647 41362875 42173685 57826314 58637124 67481352 74681523
25318647 41372685 58627314 74681352
25318674 41382675 42371685 47681352 52318647 57628314 58617324 74681325
25318746 35218647 41372865 43172685 56827314 58627134 64781352 74681253
25318764 41382765 43271685 46781352 53218647 56728314 58617234 74681235
25346817 28135647 28657413 31475682 68524317 71342586 71864352 74653182
25347816 28657143 34175682 38125647 61874352 65824317 71342856 74652183
25348176 32815647 38657124 42175683 57824316 61342875 67184352 74651823
25348617 28315647 28657314 41375682 58624317 71342685 71684352 74651382
25348716 28657134 38215647 43175682 56824317 61784352 71342865 74651283
25361874 32571684 47816352 48617523 51382476 52183647 67428315 74638125
25364817 28153647 28647513 31574682 68425317 71352486 71846352 74635182
25367814 28617543 34571682 41876352 58123647 65428317 71382456 74632185
25368147 25813647 38627514 41572683 58427316 61372485 74186352 74631852
25368174 38617524 42571683 47186352 52813647 57428316 61382475 74631825
25368417 28513647 28637514 41573682 58426317 71362485 71486352 74631582
25368714 28617534 41786352 43571682 56428317 58213647 71382465 74631285
25371684 48617352 51382647 74628315
25371846 35172684 35182647 48627153 51372846 64817352 64827315 74628153
25371864 35271684 46817352 48617253 51382746 53182647 64728315 74628135
25374816 28647153 35174682 38152647 61847352 64825317 71352846 74625183
25376184 25471683 38617452 48167352 51832647 61382547 74528316 74623815
25376814 28617453 35471682 41867352 58132647 64528317 71382546 74623185
25378146 35812647 38627154 45172683 54827316 61372845 64187352 74621853
25378164 38617254 45271683 46187352 53812647 54728316 61382745 74621835
25378416 28637154 38512647 45173682 54826317 61487352 71362845 74621583
25378614 28617354 41687352 45371682 54628317 58312647 71382645 74621385
25381476 32581647 47826315 48637125 51362874 52173684 67418352 74618523
25381647 48627315 51372684 74618352
25381674 47618352 47628315 48617325 51382674 52371684 52381647 74618325
25381746 35281647 46827315 48627135 51372864 53172684 64718352 74618253
25381764 46718352 46728315 48617235 51382764 53271684 53281647 74618235
25384176 32851647 38647125 47825316 52174683 61352874 67148352 74615823
25384617 28351647 28647315 48625317 51374682 71352684 71648352 74615382
25384716 28647135 38251647 46825317 53174682 61748352 71352864 74615283
25386147 25831647 38627415 48527316 51472683 61372584 74168352 74613852
25386174 38617425 47168352 47528316 52471683 52831647 61382574 74613825
25386417 28531647 28637415 48526317 51473682 71362584 71468352 74613582
25386714 28617435 41768352 46528317 53471682 58231647 71382564 74613285
25387146 35821647 38627145 45827316 54172683 61372854 64178352 74612853
25387164 38617245 45728316 46178352 53821647 54271683 61382754 74612835
25387416 28637145 38521647 45826317 54173682 61478352 71362854 74612583
25387614 28617345 41678352 45628317 54371682 58321647 71382654 74612385
25416837 26138547 31476285 41732586 58267413 68523714 73861452 74583162
25416873 32476185 37861452 41832576 58167423 62138547 67523814 74583126
25417836 34176285 36128547 41732856 58267143 63871452 65823714 74582163
25417863 34276185 36871452 41832756 58167243 63128547 65723814 74582136
25418376 32618547 41632875 42176385 57823614 58367124 67381452 74581623
25418637 26318547 41376285 41732685 58267314 58623714 73681452 74581362
25418673 37681452 41832675 42376185 57623814 58167324 62318547 74581326
25418736 36218547 41732865 43176285 56823714 58267134 63781452 74581263
25418763 36781452 41832765 43276185 56723814 58167234 63218547 74581236
25436817 28136547 28567413 31476582 68523417 71432586 71863452 74563182
25437816 28567143 34176582 38126547 61873452 65823417 71432856 74562183
25438176 32816547 38567124 42176583 57823416 61432875 67183452 74561823
25438617 28316547 28567314 41376582 58623417 71432685 71683452 74561382
25438716 28567134 38216547 43176582 56823417 61783452 71432865 74561283
25461837 26183547 31576284 48267513 51732486 68423715 73816452 74538162
25461873 32576184 37816452 48167523 51832476 62183547 67423815 74538126
25463817 28163547 28467513 31576482 68423517 71532486 71836452 74536182
25467813 28167543 31876452 34576182 65423817 68123547 71832456 74532186
25468137 26813547 38267514 41576283 58423716 61732485 73186452 74531862
25468173 37186452 38167524 42576183 57423816 61832475 62813547 74531826
25468317 28367514 28613547 41576382 58423617 71386452 71632485 74531682
25468713 28167534 31786452 43576182 56423817 68213547 71832465 74531286
25471836 35176284 36182547 48267153 51732846 63817452 64823715 74528163
25471863 35276184 36817452 48167253 51832746 63182547 64723815 74528136
25473816 28467153 35176482 38162547 61837452 64823517 71532846 74526183
25476183 38167452 61832547 74523816
25476813 28167453 31867452 35476182 64523817 68132547 71832546 74523186
25478136 36812547 38267154 45176283 54823716 61732845 63187452 74521863
25478163 36187452 38167254 45276183 54723816 61832745 63812547 74521836
25478316 28367154 38612547 45176382 54823617 61387452 71632845 74521683
25478613 28167354 31687452 45376182 54623817 68312547 71832645 74521386
25481376 32681547 47823615 48367125 51632874 52176384 67318452 74518623
25481637 26381547 48267315 48623715 51376284 51732684 73618452 74518362
25481673 37618452 47623815 48167325 51832674 52376184 62381547 74518326
25481736 36281547 46823715 48267135 51732864 53176284 63718452 74518263
25481763 36718452 46723815 48167235 51832764 53276184 63281547 74518236
25483176 32861547 38467125 47823516 52176483 61532874 67138452 74516823
25483617 28361547 28467315 48623517 51376482 71532684 71638452 74516382
25483716 28467135 38261547 46823517 53176482 61738452 71532864 74516283
25486137 26831547 38267415 48523716 51476283 61732584 73168452 74513862
25486173 37168452 38167425 47523816 52476183 61832574 62831547 74513826
25486317 28367415 28631547 48523617 51476382 71368452 71632584 74513682
25486713 28167435 31768452 46523817 53476182 68231547 71832564 74513286
25487136 36821547 38267145 45823716 54176283 61732854 63178452 74512863
25487163 36178452 38167245 45723816 54276183 61832754 63821547 74512836
25487316 28367145 38621547 45823617 54176382 61378452 71632854 74512683
25487613 28167345 31678452 45623817 54376182 68321547 71832654 74512386
25613874 32671485 41582376 47831652 52168347 58417623 67328514 74386125
25614837 26158347 31674285 41752386 58247613 68325714 73841652 74385162
25614873 32674185 37841652 41852376 58147623 62158347 67325814 74385126
25617834 34671285 41782356 43871652 56128347 58217643 65328714 74382165
25617843 34672185 34871652 41872356 58127643 65128347 65327814 74382156
25618347 41672385 58327614 74381652
25618374 41682375 42671385 47381652 52618347 57328614 58317624 74381625
25618437 26518347 41673285 41762385 58237614 58326714 73481652 74381562
25618473 37481652 41862375 42673185 57326814 58137624 62518347 74381526
25618734 41782365 43671285 43781652 56218347 56328714 58217634 74381265
25618743 34781652 41872365 43672185 56327814 58127634 65218347 74381256
25631874 32671584 47813652 48517623 51482376 52186347 67328415 74368125
25634817 28156347 28547613 31674582 68325417 71452386 71843652 74365182
25637814 28517643 34671582 41873652 58126347 65328417 71482356 74362185
25638147 25816347 38527614 41672583 58327416 61472385 74183652 74361852
25638174 38517624 42671583 47183652 52816347 57328416 61482375 74361825
25638417 28516347 28537614 41673582 58326417 71462385 71483652 74361582
25638714 28517634 41783652 43671582 56328417 58216347 71482365 74361285
25641837 26185347 31675284 48257613 51742386 68324715 73814652 74358162
25641873 32675184 37814652 48157623 51842376 62185347 67324815 74358126
25643817 28165347 28457613 31675482 68324517 71542386 71834652 74356182
25647813 28157643 31874652 34675182 65324817 68125347 71842356 74352186
25648137 26815347 38257614 41675283 58324716 61742385 73184652 74351862
25648173 37184652 38157624 42675183 57324816 61842375 62815347 74351826
25648317 28357614 28615347 41675382 58324617 71384652 71642385 74351682
25648713 28157634 31784652 43675182 56324817 68215347 71842365 74351286
25671384 48317652 51682347 74328615
25671483 25673184 38417652 48137652 51862347 61582347 74326815 74328516
25671834 35671284 43817652 48217653 51782346 56182347 64328715 74328165
25671843 34817652 35672184 48127653 51872346 64327815 65182347 74328156
25673814 28417653 35671482 41837652 58162347 64328517 71582346 74326185
25674183 38147652 61852347 74325816
25674813 28147653 31847652 35674182 64325817 68152347 71852346 74325186
25678134 38217654 43187652 45671283 54328716 56812347 61782345 74321865
25678143 34187652 38127654 45672183 54327816 61872345 65812347 74321856
25678314 28317654 41387652 45671382 54328617 58612347 71682345 74321685
25678413 28137654 31487652 45673182 54326817 68512347 71862345 74321586
25681347 48327615 51672384 74318652
25681374 47318652 47328615 48317625 51682374 52671384 52681347 74318625
25681437 26581347 48237615 48326715 51673284 51762384 73418652 74318562
25681473 37418652 47326815 48137625 51862374 52673184 62581347 74318526
25681734 43718652 46328715 48217635 51782364 53671284 56281347 74318265
25681743 34718652 46327815 48127635 51872364 53672184 65281347 74318256
25683147 25861347 38427615 48327516 51672483 61572384 74138652 74316852
25683174 38417625 47138652 47328516 52671483 52861347 61582374 74316825
25683417 28437615 28561347 48326517 51673482 71438652 71562384 74316582
25683714 28417635 41738652 46328517 53671482 58261347 71582364 74316285
25684137 26851347 38247615 48325716 51674283 61752384 73148652 74315862
25684173 37148652 38147625 47325816 52674183 61852374 62851347 74315826
25684317 28347615 28651347 48325617 51674382 71348652 71652384 74315682
25684713 28147635 31748652 46325817 53674182 68251347 71852364 74315286
25687134 38217645 43178652 45328716 54671283 56821347 61782354 74312865
25687143 34178652 38127645 45327816 54672183 61872354 65821347 74312856
25687314 28317645 41378652 45328617 54671382 58621347 71682354 74312685
25687413 28137645 31478652 45326817 54673182 68521347 71862354 74312586
25713486 26173485 31568247 41562837 58437162 68431752 73826514 74286513
25713684 26371485 41582637 48631752 51368247 58417362 73628514 74286315
25713846 35168247 36172485 41572836 58427163 63827514 64831752 74286153
25713864 36271485 41582736 46831752 53168247 58417263 63728514 74286135
25714386 26174385 31658247 41652837 58347162 68341752 73825614 74285613
25714683 26374185 38641752 41852637 58147362 61358247 73625814 74285316
25714836 36158247 36174285 41752836 58247163 63825714 63841752 74285163
25714863 36274185 36841752 41852736 58147263 63158247 63725814 74285136
25716384 26471385 41682537 48361752 51638247 58317462 73528614 74283615
25716483 26473185 38461752 41862537 58137462 61538247 73526814 74283516
25716834 36471285 41782536 43861752 56138247 58217463 63528714 74283165
25716843 34861752 36472185 41872536 58127463 63527814 65138247 74283156
25718346 35618247 41672835 46172385 53827614 58327164 64381752 74281653
25718364 41682735 46271385 46381752 53618247 53728614 58317264 74281635
25718436 36518247 41762835 46173285 53826714 58237164 63481752 74281563
25718463 36481752 41862735 46273185 53726814 58137264 63518247 74281536
25718634 41782635 43681752 46371285 53628714 56318247 58217364 74281365
25718643 34681752 41872635 46372185 53627814 58127364 65318247 74281356
25731486 26173584 31586247 48537162 51462837 68413752 73826415 74268513
25731684 26371584 48517362 48613752 51386247 51482637 73628415 74268315
25731846 35186247 36172584 48527163 51472836 63827415 64813752 74268153
25731864 36271584 46813752 48517263 51482736 53186247 63728415 74268135
25734186 26174583 31856247 38547162 61452837 68143752 73825416 74265813
25734816 28547163 36174582 38156247 61843752 63825417 71452836 74265183
25736184 26471583 38517462 48163752 51836247 61482537 73528416 74263815
25736814 28517463 36471582 41863752 58136247 63528417 71482536 74263185
25738146 35816247 38527164 46172583 53827416 61472835 64183752 74261853
25738164 38517264 46183752 46271583 53728416 53816247 61482735 74261835
25738416 28537164 38516247 46173582 53826417 61483752 71462835 74261583
25738614 28517364 41683752 46371582 53628417 58316247 71482635 74261385
25741386 26175384 31685247 48357162 51642837 68314752 73824615 74258613
25741683 26375184 38614752 48157362 51842637 61385247 73624815 74258316
25741836 36175284 36185247 48257163 51742836 63814752 63824715 74258163
25741863 36275184 36814752 48157263 51842736 63185247 63724815 74258136
25743186 26175483 31865247 38457162 61542837 68134752 73824516 74256813
25743816 28457163 36175482 38165247 61834752 63824517 71542836 74256183
25746183 26475183 38157462 38164752 61835247 61842537 73524816 74253816
25746813 28157463 31864752 36475182 63524817 68135247 71842536 74253186
25748136 36815247 38257164 46175283 53824716 61742835 63184752 74251863
25748163 36184752 38157264 46275183 53724816 61842735 63815247 74251836
25748316 28357164 38615247 46175382 53824617 61384752 71642835 74251683
25748613 28157364 31684752 46375182 53624817 68315247 71842635 74251386
25761384 26571384 48316752 48317562 51682437 51683247 73428615 74238615
25761483 26573184 38416752 48137562 51862437 61583247 73426815 74238516
25761834 36571284 43816752 48217563 51782436 56183247 63428715 74238165
25761843 34816752 36572184 48127563 51872436 63427815 65183247 74238156
25763184 26571483 38417562 48136752 51863247 61582437 73428516 74236815
25763814 28417563 36571482 41836752 58163247 63428517 71582436 74236185
25764183 26574183 38146752 38147562 61852437 61853247 73425816 74235816
25764813 28147563 31846752 36574182 63425817 68153247 71852436 74235186
25768134 38217564 43186752 46571283 53428716 56813247 61782435 74231865
25768143 34186752 38127564 46572183 53427816 61872435 65813247 74231856
25768314 28317564 41386752 46571382 53428617 58613247 71682435 74231685
25768413 28137564 31486752 46573182 53426817 68513247 71862435 74231586
25781346 35681247 43827615 48327165 51672834 56172384 64318752 74218653
25781364 43728615 46318752 48317265 51682734 53681247 56271384 74218635
25781436 36581247 43826715 48237165 51762834 56173284 63418752 74218563
25781463 36418752 43726815 48137265 51862734 56273184 63581247 74218536
25781634 43618752 43628715 48217365 51782634 56371284 56381247 74218365
25781643 34618752 43627815 48127365 51872634 56372184 65381247 74218356
25783146 35861247 38427165 43827516 56172483 61572834 64138752 74216853
25783164 38417265 43728516 46138752 53861247 56271483 61582734 74216835
25783416 28437165 38561247 43826517 56173482 61438752 71562834 74216583
25783614 28417365 41638752 43628517 56371482 58361247 71582634 74216385
25784136 36851247 38247165 43825716 56174283 61752834 63148752 74215863
25784163 36148752 38147265 43725816 56274183 61852734 63851247 74215836
25784316 28347165 38651247 43825617 56174382 61348752 71652834 74215683
25784613 28147365 31648752 43625817 56374182 68351247 71852634 74215386
25786134 38217465 43168752 43528716 56471283 56831247 61782534 74213865
25786143 34168752 38127465 43527816 56472183 61872534 65831247 74213856
25786314 28317465 41368752 43528617 56471382 58631247 71682534 74213685
25786413 28137465 31468752 43526817 56473182 68531247 71862534 74213586
25813476 32568147 37826514 41562873 58437126 62173485 67431852 74186523
25813674 37628514 41582673 47631852 52368147 58417326 62371485 74186325
25813746 35268147 36827514 41572863 58427136 63172485 64731852 74186253
25813764 36728514 41582763 46731852 53268147 58417236 63271485 74186235
25814376 32658147 37825614 41652873 58347126 62174385 67341852 74185623
25814637 26358147 38625714 41752683 58247316 61374285 73641852 74185362
25814673 37625814 37641852 41852673 58147326 62358147 62374185 74185326
25814736 36258147 36825714 41752863 58247136 63174285 63741852 74185263
25814763 36725814 36741852 41852763 58147236 63258147 63274185 74185236
25816374 37528614 41682573 47361852 52638147 58317426 62471385 74183625
25816437 26538147 38526714 41762583 58237416 61473285 73461852 74183562
25816473 37461852 37526814 41862573 58137426 62473185 62538147 74183526
25816734 36528714 41782563 43761852 56238147 58217436 63471285 74183265
25816743 34761852 36527814 41872563 58127436 63472185 65238147 74183256
25817346 35628147 35827614 41672853 58327146 64172385 64371852 74182653
25817364 35728614 41682753 46371852 53628147 58317246 64271385 74182635
25817436 35826714 36528147 41762853 58237146 63471852 64173285 74182563
25817463 35726814 36471852 41862753 58137246 63528147 64273185 74182536
25817634 35628714 41782653 43671852 56328147 58217346 64371285 74182365
25817643 34671852 35627814 41872653 58127346 64372185 65328147 74182356
25831476 32586147 37826415 48537126 51462873 62173584 67413852 74168523
25831674 37628415 47613852 48517326 51482673 52386147 62371584 74168325
25831746 35286147 36827415 48527136 51472863 63172584 64713852 74168253
25831764 36728415 46713852 48517236 51482763 53286147 63271584 74168235
25834176 32856147 37825416 38547126 61452873 62174583 67143852 74165823
25834617 28356147 28547316 38625417 61374582 71452683 71643852 74165382
25834716 28547136 36825417 38256147 61743852 63174582 71452863 74165283
25836147 38527416 61472583 74163852
25836174 37528416 38517426 47163852 52836147 61482573 62471583 74163825
25836417 28536147 28537416 38526417 61473582 71462583 71463852 74163582
25836714 28517436 36528417 41763852 58236147 63471582 71482563 74163285
25837146 35826147 35827416 38527146 61472853 64172583 64173852 74162853
25837164 35728416 38517246 46173852 53826147 61482753 64271583 74162835
25837416 28537146 35826417 38526147 61473852 64173582 71462853 74162583
25837614 28517346 35628417 41673852 58326147 64371582 71482653 74162385
25841376 32685147 37824615 48357126 51642873 62175384 67314852 74158623
25841637 26385147 38624715 48257316 51742683 61375284 73614852 74158362
25841673 37614852 37624815 48157326 51842673 62375184 62385147 74158326
25841736 36285147 36824715 48257136 51742863 63175284 63714852 74158263
25841763 36714852 36724815 48157236 51842763 63275184 63285147 74158236
25843176 32865147 37824516 38457126 61542873 62175483 67134852 74156823
25843617 28365147 28457316 38624517 61375482 71542683 71634852 74156382
25843716 28457136 36824517 38265147 61734852 63175482 71542863 74156283
25846137 26835147 38257416 38524716 61475283 61742583 73164852 74153862
25846173 37164852 37524816 38157426 61842573 62475183 62835147 74153826
25846317 28357416 28635147 38524617 61475382 71364852 71642583 74153682
25846713 28157436 31764852 36524817 63475182 68235147 71842563 74153286
25847136 35824716 36825147 38257146 61742853 63174852 64175283 74152863
25847163 35724816 36174852 38157246 61842753 63825147 64275183 74152836
25847316 28357146 35824617 38625147 61374852 64175382 71642853 74152683
25847613 28157346 31674852 35624817 64375182 68325147 71842653 74152386
25861374 37428615 47316852 48317526 51682473 52683147 62571384 74138625
25861437 26583147 38426715 48237516 51762483 61573284 73416852 74138562
25861473 37416852 37426815 48137526 51862473 62573184 62583147 74138526
25861734 36428715 43716852 48217536 51782463 56283147 63571284 74138265
25861743 34716852 36427815 48127536 51872463 63572184 65283147 74138256
25863147 38427516 61572483 74136852
25863174 37428516 38417526 47136852 52863147 61582473 62571483 74136825
25863417 28437516 28563147 38426517 61573482 71436852 71562483 74136582
25863714 28417536 36428517 41736852 58263147 63571482 71582463 74136285
25864137 26853147 38247516 38425716 61574283 61752483 73146852 74135862
25864173 37146852 37425816 38147526 61852473 62574183 62853147 74135826
25864317 28347516 28653147 38425617 61574382 71346852 71652483 74135682
25864713 28147536 31746852 36425817 63574182 68253147 71852463 74135286
25867134 35428716 38217546 43176852 56823147 61782453 64571283 74132865
25867143 34176852 35427816 38127546 61872453 64572183 65823147 74132856
25867314 28317546 35428617 41376852 58623147 64571382 71682453 74132685
25867413 28137546 31476852 35426817 64573182 68523147 71862453 74132586
25871346 34827615 35682147 48327156 51672843 64317852 65172384 74128653
25871364 34728615 46317852 48317256 51682743 53682147 65271384 74128635
25871436 34826715 36582147 48237156 51762843 63417852 65173284 74128563
25871463 34726815 36417852 48137256 51862743 63582147 65273184 74128536
25871634 34628715 43617852 48217356 51782643 56382147 65371284 74128365
25871643 34617852 34627815 48127356 51872643 65372184 65382147 74128356
25873146 34827516 35862147 38427156 61572843 64137852 65172483 74126853
25873164 34728516 38417256 46137852 53862147 61582743 65271483 74126835
25873416 28437156 34826517 38562147 61437852 65173482 71562843 74126583
25873614 28417356 34628517 41637852 58362147 65371482 71582643 74126385
25874136 34825716 36852147 38247156 61752843 63147852 65174283 74125863
25874163 34725816 36147852 38147256 61852743 63852147 65274183 74125836
25874316 28347156 34825617 38652147 61347852 65174382 71652843 74125683
25874613 28147356 31647852 34625817 65374182 68352147 71852643 74125386
25876134 34528716 38217456 43167852 56832147 61782543 65471283 74123865
25876143 34167852 34527816 38127456 61872543 65472183 65832147 74123856
25876314 28317456 34528617 41367852 58632147 65471382 71682543 74123685
25876413 28137456 31467852 34526817 65473182 68532147 71862543 74123586
26134875 31458276 32714586 42156837 57843162 67285413 68541723 73865124
26135874 31485276 32741586 47853162 52146837 67258413 68514723 73864125
26137845 31478256 34712586 45126837 54873162 65287413 68521743 73862154
26137854 31487256 34721586 45873162 54126837 65278413 68512743 73862145
26138475 31468275 42516837 42713586 57286413 57483162 68531724 73861524
26138574 31486275 42731586 47583162 52416837 57268413 68513724 73861425
26138745 31478265 43712586 45216837 54783162 56287413 68521734 73861254
26138754 31487265 43721586 45783162 54216837 56278413 68512734 73861245
26143875 31548276 32715486 42165837 57834162 67284513 68451723 73856124
26145837 31745286 68254713 73854162
26145873 31845276 32745186 37854162 62145837 67254813 68154723 73854126
26147835 31748256 34715286 46125837 53874162 65284713 68251743 73852164
26147853 31847256 34725186 35874162 64125837 65274813 68152743 73852146
26148375 31648275 42615837 42715386 57284613 57384162 68351724 73851624
26148537 26415837 31746285 41735286 58264713 68253714 73584162 73851462
26148573 31846275 37584162 42735186 57264813 62415837 68153724 73851426
26148735 31748265 43715286 46215837 53784162 56284713 68251734 73851264
26148753 31847265 35784162 43725186 56274813 64215837 68152734 73851246
26153874 31584276 32751486 47835162 52164837 67248513 68415723 73846125
26154837 31754286 68245713 73845162
26154873 31854276 32754186 37845162 62154837 67245813 68145723 73845126
26157834 31784256 34751286 43875162 56124837 65248713 68215743 73842165
26157843 31874256 34752186 34875162 65124837 65247813 68125743 73842156
26158374 31684275 42751386 47385162 52614837 57248613 68315724 73841625
26158437 26514837 31764285 41753286 58246713 68235714 73485162 73841562
26158473 31864275 37485162 42753186 57246813 62514837 68135724 73841526
26158734 31784265 43751286 43785162 56214837 56248713 68215734 73841265
26158743 31874265 34785162 43752186 56247813 65214837 68125734 73841256
26173845 31578246 35712486 45162837 54837162 64287513 68421753 73826154
26173854 31587246 35721486 45837162 54162837 64278513 68412753 73826145
26174835 31758246 35714286 46152837 53847162 64285713 68241753 73825164
26174853 31857246 35724186 35847162 64152837 64275813 68142753 73825146
26175834 31785246 35741286 43857162 56142837 64258713 68214753 73824165
26175843 31875246 34857162 35742186 64257813 65142837 68124753 73824156
26178345 31678245 45612837 45712386 54287613 54387162 68321754 73821654
26178354 31687245 45387162 45721386 54278613 54612837 68312754 73821645
26178435 31768245 45713286 46512837 53487162 54286713 68231754 73821564
26178453 31867245 35487162 45723186 54276813 64512837 68132754 73821546
26178534 31786245 43587162 45731286 54268713 56412837 68213754 73821465
26178543 31876245 34587162 45732186 54267813 65412837 68123754 73821456
26183475 31568274 42561837 47286513 52713486 57438162 68431725 73816524
26183574 31586274 47268513 47538162 52461837 52731486 68413725 73816425
26183745 31578264 45261837 46287513 53712486 54738162 68421735 73816254
26183754 31587264 45738162 46278513 53721486 54261837 68412735 73816245
26184375 31658274 42651837 47285613 52714386 57348162 68341725 73815624
26184537 26451837 31756284 48265713 51734286 68243715 73548162 73815462
26184573 31856274 37548162 47265813 52734186 62451837 68143725 73815426
26184735 31758264 46251837 46285713 53714286 53748162 68241735 73815264
26184753 31857264 35748162 46275813 53724186 64251837 68142735 73815246
26185374 31685274 47258613 47358162 52641837 52741386 68314725 73814625
26185437 26541837 31765284 48256713 51743286 68234715 73458162 73814562
26185473 31865274 37458162 47256813 52743186 62541837 68134725 73814526
26185734 31785264 43758162 46258713 53741286 56241837 68214735 73814265
26185743 31875264 34758162 46257813 53742186 65241837 68124735 73814256
26187345 31678254 45287613 45621837 54378162 54712386 68321745 73812654
26187354 31687254 45278613 45378162 54621837 54721386 68312745 73812645
26187435 31768254 45286713 46521837 53478162 54713286 68231745 73812564
26187453 31867254 35478162 45276813 54723186 64521837 68132745 73812546
26187534 31786254 43578162 45268713 54731286 56421837 68213745 73812465
26187543 31876254 34578162 45267813 54732186 65421837 68123745 73812456
26314875 32714685 41358276 42158637 57841362 58641723 67285314 73685124
26315874 32741685 41385276 47851362 52148637 58614723 67258314 73684125
26317845 34712685 41378256 45128637 54871362 58621743 65287314 73682154
26317854 34721685 41387256 45871362 54128637 58612743 65278314 73682145
26318475 41368275 42518637 42713685 57286314 57481362 58631724 73681524
26318574 41386275 42731685 47581362 52418637 57268314 58613724 73681425
26318745 41378265 43712685 45218637 54781362 56287314 58621734 73681254
26318754 41387265 43721685 45781362 54218637 56278314 58612734 73681245
26341875 32715684 42185637 48651723 51348276 57814362 67284315 73658124
26345817 28145637 28654713 31745682 68254317 71345286 71854362 73654182
26347815 28651743 34715682 48125637 51874362 65284317 71348256 73652184
26348175 38651724 42715683 42815637 57184362 57284316 61348275 73651824
26348517 28415637 28653714 41735682 58264317 71346285 71584362 73651482
26348715 28651734 43715682 48215637 51784362 56284317 71348265 73651284
26351874 32751684 47815362 48615723 51384276 52184637 67248315 73648125
26354817 28154637 28645713 31754682 68245317 71354286 71845362 73645182
26357814 28615743 34751682 41875362 58124637 65248317 71384256 73642185
26358174 38615724 42751683 47185362 52814637 57248316 61384275 73641825
26358417 28514637 28635714 41753682 58246317 71364285 71485362 73641582
26358714 28615734 41785362 43751682 56248317 58214637 71384265 73641285
26371845 35712684 45182637 48621753 51378246 54817362 64287315 73628154
26371854 35721684 45817362 48612753 51387246 54182637 64278315 73628145
26374815 28641753 35714682 48152637 51847362 64285317 71358246 73625184
26375814 28614753 35741682 41857362 58142637 64258317 71385246 73624185
26378145 38621754 45712683 45812637 54187362 54287316 61378245 73621854
26378154 38612754 45187362 45721683 54278316 54812637 61387245 73621845
26378415 28631754 45713682 48512637 51487362 54286317 71368245 73621584
26378514 28613754 41587362 45731682 54268317 58412637 71386245 73621485
26381475 42581637 47286315 48631725 51368274 52713684 57418362 73618524
26381574 47268315 47518362 48613725 51386274 52481637 52731684 73618425
26381745 45281637 46287315 48621735 51378264 53712684 54718362 73618254
26381754 45718362 46278315 48612735 51387264 53721684 54281637 73618245
26384175 38641725 42851637 47285316 52714683 57148362 61358274 73615824
26384517 28451637 28643715 48265317 51734682 71356284 71548362 73615482
26384715 28641735 46285317 48251637 51748362 53714682 71358264 73615284
26385174 38614725 47158362 47258316 52741683 52841637 61385274 73614825
26385417 28541637 28634715 48256317 51743682 71365284 71458362 73614582
26385714 28614735 41758362 46258317 53741682 58241637 71385264 73614285
26387145 38621745 45287316 45821637 54178362 54712683 61378254 73612854
26387154 38612745 45178362 45278316 54721683 54821637 61387254 73612845
26387415 28631745 45286317 48521637 51478362 54713682 71368254 73612584
26387514 28613745 41578362 45268317 54731682 58421637 71386254 73612485
26413875 32716485 41538276 42168537 57831462 58461723 67283514 73586124
26415873 32746185 37851462 41835276 58164723 62148537 67253814 73584126
26417835 34716285 41738256 46128537 53871462 58261743 65283714 73582164
26417853 34726185 35871462 41837256 58162743 64128537 65273814 73582146
26418375 41638275 42618537 42716385 57283614 57381462 58361724 73581624
26418537 41736285 58263714 73581462
26418573 37581462 41836275 42736185 57263814 58163724 62418537 73581426
26418735 41738265 43716285 46218537 53781462 56283714 58261734 73581264
26418753 35781462 41837265 43726185 56273814 58162734 64218537 73581246
26431875 32716584 42186537 48561723 51438276 57813462 67283415 73568124
26435817 28146537 28564713 31746582 68253417 71435286 71853462 73564182
26437815 28561743 34716582 48126537 51873462 65283417 71438256 73562184
26438175 38561724 42716583 42816537 57183462 57283416 61438275 73561824
26438517 28416537 28563714 41736582 58263417 71436285 71583462 73561482
26438715 28561734 43716582 48216537 51783462 56283417 71438265 73561284
26451873 32756184 37815462 48165723 51834276 62184537 67243815 73548126
26453817 28164537 28465713 31756482 68243517 71534286 71835462 73546182
26457813 28165743 31875462 34756182 65243817 68124537 71834256 73542186
26458137 26814537 38265714 41756283 58243716 61734285 73185462 73541862
26458173 37185462 38165724 42756183 57243816 61834275 62814537 73541826
26458317 28365714 28614537 41756382 58243617 71385462 71634285 73541682
26458713 28165734 31785462 43756182 56243817 68214537 71834265 73541286
26471835 35716284 46182537 48261753 51738246 53817462 64283715 73528164
26471853 35726184 35817462 48162753 51837246 64182537 64273815 73528146
26473815 28461753 35716482 48162537 51837462 64283517 71538246 73526184
26475813 28164753 31857462 35746182 64253817 68142537 71835246 73524186
26478135 38261754 45716283 46812537 53187462 54283716 61738245 73521864
26478153 35187462 38162754 45726183 54273816 61837245 64812537 73521846
26478315 28361754 45716382 48612537 51387462 54283617 71638245 73521684
26478513 28163754 31587462 45736182 54263817 68412537 71836245 73521486
26481375 42681537 47283615 48361725 51638274 52716384 57318462 73518624
26481537 48263715 51736284 73518462
26481573 37518462 47263815 48163725 51836274 52736184 62481537 73518426
26481735 46281537 46283715 48261735 51738264 53716284 53718462 73518264
26481753 35718462 46273815 48162735 51837264 53726184 64281537 73518246
26483175 38461725 42861537 47283516 52716483 57138462 61538274 73516824
26483517 28461537 28463715 48263517 51736482 71536284 71538462 73516482
26483715 28461735 46283517 48261537 51738462 53716482 71538264 73516284
26485137 26841537 38264715 48253716 51746283 61735284 73158462 73514862
26485173 37158462 38164725 47253816 52746183 61835274 62841537 73514826
26485317 28364715 28641537 48253617 51746382 71358462 71635284 73514682
26485713 28164735 31758462 46253817 53746182 68241537 71835264 73514286
26487135 38261745 45283716 46821537 53178462 54716283 61738254 73512864
26487153 35178462 38162745 45273816 54726183 61837254 64821537 73512846
26487315 28361745 45283617 48621537 51378462 54716382 71638254 73512684
26487513 28163745 31578462 45263817 54736182 68421537 71836254 73512486
26513874 32761485 41583276 47831562 52168437 58416723 67238514 73486125
26514873 32764185 37841562 41853276 58146723 62158437 67235814 73485126
26517834 34761285 41783256 43871562 56128437 58216743 65238714 73482165
26517843 34762185 34871562 41873256 58126743 65128437 65237814 73482156
26518374 41683275 42761385 47381562 52618437 57238614 58316724 73481625
26518437 41763285 58236714 73481562
26518473 37481562 41863275 42763185 57236814 58136724 62518437 73481526
26518734 41783265 43761285 43781562 56218437 56238714 58216734 73481265
26518743 34781562 41873265 43762185 56237814 58126734 65218437 73481256
26531874 32761584 47813562 48516723 51483276 52186437 67238415 73468125
26534817 28156437 28546713 31764582 68235417 71453286 71843562 73465182
26537814 28516743 34761582 41873562 58126437 65238417 71483256 73462185
26538174 38516724 42761583 47183562 52816437 57238416 61483275 73461825
26538417 28516437 28536714 41763582 58236417 71463285 71483562 73461582
26538714 28516734 41783562 43761582 56238417 58216437 71483265 73461285
26541873 32765184 37814562 48156723 51843276 62185437 67234815 73458126
26543817 28165437 28456713 31765482 68234517 71543286 71834562 73456182
26547813 28156743 31874562 34765182 65234817 68125437 71843256 73452186
26548137 26815437 38256714 41765283 58234716 61743285 73184562 73451862
26548173 37184562 38156724 42765183 57234816 61843275 62815437 73451826
26548317 28356714 28615437 41765382 58234617 71384562 71643285 73451682
26548713 28156734 31784562 43765182 56234817 68215437 71843265 73451286
26571834 35761284 43817562 48216753 51783246 56182437 64238715 73428165
26571843 34817562 35762184 48126753 51873246 64237815 65182437 73428156
26573814 28416753 35761482 41837562 58162437 64238517 71583246 73426185
26574813 28146753 31847562 35764182 64235817 68152437 71853246 73425186
26578134 38216754 43187562 45761283 54238716 56812437 61783245 73421865
26578143 34187562 38126754 45762183 54237816 61873245 65812437 73421856
26578314 28316754 41387562 45761382 54238617 58612437 71683245 73421685
26578413 28136754 31487562 45763182 54236817 68512437 71863245 73421586
26581374 47238615 47318562 48316725 51683274 52681437 52761384 73418625
26581437 48236715 51763284 73418562
26581473 37418562 47236815 48136725 51863274 52763184 62581437 73418526
26581734 43718562 46238715 48216735 51783264 53761284 56281437 73418265
26581743 34718562 46237815 48126735 51873264 53762184 65281437 73418256
26583174 38416725 47138562 47238516 52761483 52861437 61583274 73416825
26583417 28436715 28561437 48236517 51763482 71438562 71563284 73416582
26583714 28416735 41738562 46238517 53761482 58261437 71583264 73416285
26584137 26851437 38246715 48235716 51764283 61753284 73148562 73415862
26584173 37148562 38146725 47235816 52764183 61853274 62851437 73415826
26584317 28346715 28651437 48235617 51764382 71348562 71653284 73415682
26584713 28146735 31748562 46235817 53764182 68251437 71853264 73415286
26587134 38216745 43178562 45238716 54761283 56821437 61783254 73412865
26587143 34178562 38126745 45237816 54762183 61873254 65821437 73412856
26587314 28316745 41378562 45238617 54761382 58621437 71683254 73412685
26587413 28136745 31478562 45236817 54763182 68521437 71863254 73412586
26713485 41568237 58431762 73286514
26713584 26731485 41586237 48531762 51468237 58413762 73268514 73286415
26713845 36712485 41578236 45168237 54831762 58421763 63287514 73286154
26713854 36721485 41587236 45831762 54168237 58412763 63278514 73286145
26714385 41658237 58341762 73285614
26714583 26734185 38541762 41856237 58143762 61458237 73265814 73285416
26714835 36714285 41758236 46158237 53841762 58241763 63285714 73285164
26714853 35841762 36724185 41857236 58142763 63275814 64158237 73285146
26715384 26741385 41685237 48351762 51648237 58314762 73258614 73284615
26715483 26743185 38451762 41865237 58134762 61548237 73256814 73284516
26715834 36741285 41785236 43851762 56148237 58214763 63258714 73284165
26715843 34851762 36742185 41875236 58124763 63257814 65148237 73284156
26718345 41678235 45618237 46712385 53287614 54381762 58321764 73281654
26718354 41687235 45381762 46721385 53278614 54618237 58312764 73281645
26718435 41768235 46518237 46713285 53286714 53481762 58231764 73281564
26718453 35481762 41867235 46723185 53276814 58132764 64518237 73281546
26718534 41786235 43581762 46731285 53268714 56418237 58213764 73281465
26718543 34581762 41876235 46732185 53267814 58123764 65418237 73281456
26731584 48513762 51486237 73268415
26731845 36712584 45186237 48521763 51478236 54813762 63287415 73268154
26731854 36721584 45813762 48512763 51487236 54186237 63278415 73268145
26734815 28541763 36714582 48156237 51843762 63285417 71458236 73265184
26735184 26741583 38514762 48153762 51846237 61485237 73258416 73264815
26735814 28514763 36741582 41853762 58146237 63258417 71485236 73264185
26738145 38521764 45816237 46712583 53287416 54183762 61478235 73261854
26738154 38512764 45183762 46721583 53278416 54816237 61487235 73261845
26738415 28531764 46713582 48516237 51483762 53286417 71468235 73261584
26738514 28513764 41583762 46731582 53268417 58416237 71486235 73261485
26741835 36715284 46185237 48251763 51748236 53814762 63284715 73258164
26741853 35814762 36725184 48152763 51847236 63274815 64185237 73258146
26743815 28451763 36715482 48165237 51834762 63284517 71548236 73256184
26745183 38154762 61845237 73254816
26745813 28154763 31854762 36745182 63254817 68145237 71845236 73254186
26748135 38251764 46715283 46815237 53184762 53284716 61748235 73251864
26748153 35184762 38152764 46725183 53274816 61847235 64815237 73251846
26748315 28351764 46715382 48615237 51384762 53284617 71648235 73251684
26748513 28153764 31584762 46735182 53264817 68415237 71846235 73251486
26751384 48315762 51684237 73248615
26751483 26753184 38415762 48135762 51864237 61584237 73246815 73248516
26751834 36751284 43815762 48215763 51784236 56184237 63248715 73248165
26751843 34815762 36752184 48125763 51874236 63247815 65184237 73248156
26753814 28415763 36751482 41835762 58164237 63248517 71584236 73246185
26754183 38145762 61854237 73245816
26754813 28145763 31845762 36754182 63245817 68154237 71854236 73245186
26758134 38215764 43185762 46751283 53248716 56814237 61784235 73241865
26758143 34185762 38125764 46752183 53247816 61874235 65814237 73241856
26758314 28315764 41385762 46751382 53248617 58614237 71684235 73241685
26758413 28135764 31485762 46753182 53246817 68514237 71864235 73241586
26781345 43287615 45681237 48321765 51678234 54318762 56712384 73218654
26781354 43278615 45318762 48312765 51687234 54681237 56721384 73218645
26781435 43286715 46581237 48231765 51768234 53418762 56713284 73218564
26781453 35418762 43276815 48132765 51867234 56723184 64581237 73218546
26781534 43268715 43518762 48213765 51786234 56481237 56731284 73218465
26781543 34518762 43267815 48123765 51876234 56732184 65481237 73218456
26783145 38421765 43287516 45861237 54138762 56712483 61578234 73216854
26783154 38412765 43278516 45138762 54861237 56721483 61587234 73216845
26783415 28431765 43286517 48561237 51438762 56713482 71568234 73216584
26783514 28413765 41538762 43268517 56731482 58461237 71586234 73216485
26784135 38241765 43285716 46851237 53148762 56714283 61758234 73215864
26784153 35148762 38142765 43275816 56724183 61857234 64851237 73215846
26784315 28341765 43285617 48651237 51348762 56714382 71658234 73215684
26784513 28143765 31548762 43265817 56734182 68451237 71856234 73215486
26785134 38214765 43158762 43258716 56741283 56841237 61785234 73214865
26785143 34158762 38124765 43257816 56742183 61875234 65841237 73214856
26785314 28314765 41358762 43258617 56741382 58641237 71685234 73214685
26785413 28134765 31458762 43256817 56743182 68541237 71865234 73214586
26813475 37286514 41568273 42568137 57431862 58431726 62713485 73186524
26813574 37268514 41586273 47531862 52468137 58413726 62731485 73186425
26813745 36287514 41578263 45268137 54731862 58421736 63712485 73186254
26813754 36278514 41587263 45731862 54268137 58412736 63721485 73186245
26814375 37285614 41658273 42658137 57341862 58341726 62714385 73185624
26814573 37265814 37541862 41856273 58143726 62458137 62734185 73185426
26814735 36285714 41758263 46258137 53741862 58241736 63714285 73185264
26814753 35741862 36275814 41857263 58142736 63724185 64258137 73185246
26815374 37258614 41685273 47351862 52648137 58314726 62741385 73184625
26815473 37256814 37451862 41865273 58134726 62548137 62743185 73184526
26815734 36258714 41785263 43751862 56248137 58214736 63741285 73184265
26815743 34751862 36257814 41875263 58124736 63742185 65248137 73184256
26817345 35287614 41678253 45628137 54371862 58321746 64712385 73182654
26817354 35278614 41687253 45371862 54628137 58312746 64721385 73182645
26817435 35286714 41768253 46528137 53471862 58231746 64713285 73182564
26817453 35276814 35471862 41867253 58132746 64528137 64723185 73182546
26817534 35268714 41786253 43571862 56428137 58213746 64731285 73182465
26817543 34571862 35267814 41876253 58123746 64732185 65428137 73182456
26831475 37286415 42586137 48531726 51468273 57413862 62713584 73168524
26831574 37268415 47513862 48513726 51486273 52486137 62731584 73168425
26831745 36287415 45286137 48521736 51478263 54713862 63712584 73168254
26831754 36278415 45713862 48512736 51487263 54286137 63721584 73168245
26834175 37285416 38541726 42856137 57143862 61458273 62714583 73165824
26834517 28456137 28543716 38265417 61734582 71456283 71543862 73165482
26834715 28541736 36285417 48256137 51743862 63714582 71458263 73165284
26835174 37258416 38514726 47153862 52846137 61485273 62741583 73164825
26835417 28534716 28546137 38256417 61743582 71453862 71465283 73164582
26835714 28514736 36258417 41753862 58246137 63741582 71485263 73164285
26837145 35287416 38521746 45826137 54173862 61478253 64712583 73162854
26837154 35278416 38512746 45173862 54826137 61487253 64721583 73162845
26837415 28531746 35286417 48526137 51473862 64713582 71468253 73162584
26837514 28513746 35268417 41573862 58426137 64731582 71486253 73162485
26841375 37284615 42685137 48351726 51648273 57314862 62715384 73158624
26841573 37264815 37514862 48153726 51846273 62485137 62735184 73158426
26841735 36284715 46285137 48251736 51748263 53714862 63715284 73158264
26841753 35714862 36274815 48152736 51847263 63725184 64285137 73158246
26843175 37284516 38451726 42865137 57134862 61548273 62715483 73156824
26843517 28453716 28465137 38264517 61735482 71534862 71546283 73156482
26843715 28451736 36284517 48265137 51734862 63715482 71548263 73156284
26845137 38254716 61745283 73154862
26845173 37154862 37254816 38154726 61845273 62745183 62845137 73154826
26845317 28354716 28645137 38254617 61745382 71354862 71645283 73154682
26845713 28154736 31754862 36254817 63745182 68245137 71845263 73154286
26847135 35284716 38251746 46825137 53174862 61748253 64715283 73152864
26847153 35174862 35274816 38152746 61847253 64725183 64825137 73152846
26847315 28351746 35284617 48625137 51374862 64715382 71648253 73152684
26847513 28153746 31574862 35264817 64735182 68425137 71846253 73152486
26851374 37248615 47315862 48315726 51684273 52684137 62751384 73148625
26851473 37246815 37415862 48135726 51864273 62584137 62753184 73148526
26851734 36248715 43715862 48215736 51784263 56284137 63751284 73148265
26851743 34715862 36247815 48125736 51874263 63752184 65284137 73148256
26853174 37248516 38415726 47135862 52864137 61584273 62751483 73146825
26853417 28435716 28564137 38246517 61753482 71435862 71564283 73146582
26853714 28415736 36248517 41735862 58264137 63751482 71584263 73146285
26854137 38245716 61754283 73145862
26854173 37145862 37245816 38145726 61854273 62754183 62854137 73145826
26854317 28345716 28654137 38245617 61754382 71345862 71654283 73145682
26854713 28145736 31745862 36245817 63754182 68254137 71854263 73145286
26857134 35248716 38215746 43175862 56824137 61784253 64751283 73142865
26857143 34175862 35247816 38125746 61874253 64752183 65824137 73142856
26857314 28315746 35248617 41375862 58624137 64751382 71684253 73142685
26857413 28135746 31475862 35246817 64753182 68524137 71864253 73142586
26871345 34287615 45682137 48321756 51678243 54317862 65712384 73128654
26871354 34278615 45317862 48312756 51687243 54682137 65721384 73128645
26871435 34286715 46582137 48231756 51768243 53417862 65713284 73128564
26871453 34276815 35417862 48132756 51867243 64582137 65723184 73128546
26871534 34268715 43517862 48213756 51786243 56482137 65731284 73128465
26871543 34267815 34517862 48123756 51876243 65482137 65732184 73128456
26873145 34287516 38421756 45862137 54137862 61578243 65712483 73126854
26873154 34278516 38412756 45137862 54862137 61587243 65721483 73126845
26873415 28431756 34286517 48562137 51437862 65713482 71568243 73126584
26873514 28413756 34268517 41537862 58462137 65731482 71586243 73126485
26874135 34285716 38241756 46852137 53147862 61758243 65714283 73125864
26874153 34275816 35147862 38142756 61857243 64852137 65724183 73125846
26874315 28341756 34285617 48652137 51347862 65714382 71658243 73125684
26874513 28143756 31547862 34265817 65734182 68452137 71856243 73125486
26875134 34258716 38214756 43157862 56842137 61785243 65741283 73124865
26875143 34157862 34257816 38124756 61875243 65742183 65842137 73124856
26875314 28314756 34258617 41357862 58642137 65741382 71685243 73124685
26875413 28134756 31457862 34256817 65743182 68542137 71865243 73124586
27134586 31456827 68543172 72865413
27134685 27314586 31458627 41356827 58643172 68541372 72685413 72865314
27134856 31457826 34156827 37124586 62875413 65843172 68542173 72865143
27134865 31458726 37214586 43156827 56843172 62785413 68541273 72865134
27135486 27143586 31465827 31546827 68453172 68534172 72856413 72864513
27135684 27341586 31485627 48653172 51346827 68514372 72658413 72864315
27135846 31475826 35146827 37142586 62857413 64853172 68524173 72864153
27135864 31485726 37241586 46853172 53146827 62758413 68514273 72864135
27136485 27413586 31468527 41536827 58463172 68531472 72586413 72863514
27136584 27431586 31486527 48563172 51436827 68513472 72568413 72863415
27136845 31478526 37412586 45136827 54863172 62587413 68521473 72863154
27136854 31487526 37421586 45863172 54136827 62578413 68512473 72863145
27138456 31467825 34516827 47123586 52876413 65483172 68532174 72861543
27138465 31468725 43516827 47213586 52786413 56483172 68531274 72861534
27138546 31476825 35416827 47132586 52867413 64583172 68523174 72861453
27138564 31486725 46583172 47231586 52768413 53416827 68513274 72861435
27138645 31478625 45316827 47312586 52687413 54683172 68521374 72861354
27138654 31487625 45683172 47321586 52678413 54316827 68512374 72861345
27143685 27315486 31548627 41365827 58634172 68451372 72684513 72856314
27143856 31547826 34165827 37125486 62874513 65834172 68452173 72856143
27143865 31548726 37215486 43165827 56834172 62784513 68451273 72856134
27145386 31645827 68354172 72854613
27145683 27345186 31845627 38654172 61345827 68154372 72654813 72854316
27145836 31745826 36145827 37145286 62854713 63854172 68254173 72854163
27145863 31845726 36854172 37245186 62754813 63145827 68154273 72854136
27146385 27415386 31648527 41635827 58364172 68351472 72584613 72853614
27146583 27435186 31846527 38564172 61435827 68153472 72564813 72853416
27146835 31748526 37415286 46135827 53864172 62584713 68251473 72853164
27146853 31847526 35864172 37425186 62574813 64135827 68152473 72853146
27148356 31647825 34615827 47125386 52874613 65384172 68352174 72851643
27148365 31648725 43615827 47215386 52784613 56384172 68351274 72851634
27148536 31746825 36415827 47135286 52864713 63584172 68253174 72851463
27148563 31846725 36584172 47235186 52764813 63415827 68153274 72851436
27148635 31748625 46315827 47315286 52684713 53684172 68251374 72851364
27148653 31847625 35684172 47325186 52674813 64315827 68152374 72851346
27153486 31564827 68435172 72846513
27153684 27351486 31584627 48635172 51364827 68415372 72648513 72846315
27153846 31574826 35164827 37152486 62847513 64835172 68425173 72846153
27153864 31584726 37251486 46835172 53164827 62748513 68415273 72846135
27154386 31654827 68345172 72845613
27154683 27354186 31854627 38645172 61354827 68145372 72645813 72845316
27154836 31754826 36154827 37154286 62845713 63845172 68245173 72845163
27154863 31854726 36845172 37254186 62745813 63154827 68145273 72845136
27156384 27451386 31684527 48365172 51634827 68315472 72548613 72843615
27156483 27453186 31864527 38465172 61534827 68135472 72546813 72843516
27156834 31784526 37451286 43865172 56134827 62548713 68215473 72843165
27156843 31874526 34865172 37452186 62547813 65134827 68125473 72843156
27158346 31674825 35614827 47152386 52847613 64385172 68325174 72841653
27158364 31684725 46385172 47251386 52748613 53614827 68315274 72841635
27158436 31764825 36514827 47153286 52846713 63485172 68235174 72841563
27158463 31864725 36485172 47253186 52746813 63514827 68135274 72841536
27158634 31784625 43685172 47351286 52648713 56314827 68215374 72841365
27158643 31874625 34685172 47352186 52647813 65314827 68125374 72841356
27163485 27513486 31568427 41563827 58436172 68431572 72486513 72836514
27163584 27531486 31586427 48536172 51463827 68413572 72468513 72836415
27163845 31578426 37512486 45163827 54836172 62487513 68421573 72836154
27163854 31587426 37521486 45836172 54163827 62478513 68412573 72836145
27164385 27514386 31658427 41653827 58346172 68341572 72485613 72835614
27164583 27534186 31856427 38546172 61453827 68143572 72465813 72835416
27164835 31758426 37514286 46153827 53846172 62485713 68241573 72835164
27164853 31857426 35846172 37524186 62475813 64153827 68142573 72835146
27165384 27541386 31685427 48356172 51643827 68314572 72458613 72834615
27165483 27543186 31865427 38456172 61543827 68134572 72456813 72834516
27165834 31785426 37541286 43856172 56143827 62458713 68214573 72834165
27165843 31875426 34856172 37542186 62457813 65143827 68124573 72834156
27168345 31678425 45613827 47512386 52487613 54386172 68321574 72831654
27168354 31687425 45386172 47521386 52478613 54613827 68312574 72831645
27168435 31768425 46513827 47513286 52486713 53486172 68231574 72831564
27168453 31867425 35486172 47523186 52476813 64513827 68132574 72831546
27168534 31786425 43586172 47531286 52468713 56413827 68213574 72831465
27168543 31876425 34586172 47532186 52467813 65413827 68123574 72831456
27183456 31567824 34561827 42876513 57123486 65438172 68432175 72816543
27183465 31568724 42786513 43561827 56438172 57213486 68431275 72816534
27183546 31576824 35461827 42867513 57132486 64538172 68423175 72816453
27183564 31586724 42768513 46538172 53461827 57231486 68413275 72816435
27183645 31578624 42687513 45361827 54638172 57312486 68421375 72816354
27183654 31587624 42678513 45638172 54361827 57321486 68412375 72816345
27184356 31657824 34651827 42875613 57124386 65348172 68342175 72815643
27184365 31658724 42785613 43651827 56348172 57214386 68341275 72815634
27184536 31756824 36451827 42865713 57134286 63548172 68243175 72815463
27184563 31856724 36548172 42765813 57234186 63451827 68143275 72815436
27184635 31758624 42685713 46351827 53648172 57314286 68241375 72815364
27184653 31857624 35648172 42675813 57324186 64351827 68142375 72815346
27185346 31675824 35641827 42857613 57142386 64358172 68324175 72814653
27185364 31685724 42758613 46358172 53641827 57241386 68314275 72814635
27185436 31765824 36541827 42856713 57143286 63458172 68234175 72814563
27185463 31865724 36458172 42756813 57243186 63541827 68134275 72814536
27185634 31785624 42658713 43658172 56341827 57341286 68214375 72814365
27185643 31875624 34658172 42657813 57342186 65341827 68124375 72814356
27186345 31678524 42587613 45631827 54368172 57412386 68321475 72813654
27186354 31687524 42578613 45368172 54631827 57421386 68312475 72813645
27186435 31768524 42586713 46531827 53468172 57413286 68231475 72813564
27186453 31867524 35468172 42576813 57423186 64531827 68132475 72813546
27186534 31786524 42568713 43568172 56431827 57431286 68213475 72813465
27186543 31876524 34568172 42567813 57432186 65431827 68123475 72813456
27314685 41358627 58641372 72685314
27314856 34158627 37124685 41357826 58642173 62875314 65841372 72685143
27314865 37214685 41358726 43158627 56841372 58641273 62785314 72685134
27315684 27341685 41385627 48651372 51348627 58614372 72658314 72684315
27315846 35148627 37142685 41375826 58624173 62857314 64851372 72684153
27315864 37241685 41385726 46851372 53148627 58614273 62758314 72684135
27316485 27413685 41368527 41538627 58461372 58631472 72586314 72683514
27316584 27431685 41386527 48561372 51438627 58613472 72568314 72683415
27316845 37412685 41378526 45138627 54861372 58621473 62587314 72683154
27316854 37421685 41387526 45861372 54138627 58612473 62578314 72683145
27318456 34518627 41367825 47123685 52876314 58632174 65481372 72681543
27318465 41368725 43518627 47213685 52786314 56481372 58631274 72681534
27318546 35418627 41376825 47132685 52867314 58623174 64581372 72681453
27318564 41386725 46581372 47231685 52768314 53418627 58613274 72681435
27318645 41378625 45318627 47312685 52687314 54681372 58621374 72681354
27318654 41387625 45681372 47321685 52678314 54318627 58612374 72681345
27341856 34185627 37125684 48652173 51347826 62874315 65814372 72658143
27341865 37215684 43185627 48651273 51348726 56814372 62784315 72658134
27345816 28654173 37145682 38145627 61854372 62854317 71345826 72654183
27346185 27415683 38651472 41835627 58164372 61348527 72584316 72653814
27346815 28651473 37415682 48135627 51864372 62584317 71348526 72653184
27348156 34815627 38652174 47125683 52874316 61347825 65184372 72651843
27348165 38651274 43815627 47215683 52784316 56184372 61348725 72651834
27348516 28653174 38415627 47135682 52864317 61584372 71346825 72651483
27348615 28651374 47315682 48315627 51684372 52684317 71348625 72651384
27351684 48615372 51384627 72648315
27351846 35184627 37152684 48625173 51374826 62847315 64815372 72648153
27351864 37251684 46815372 48615273 51384726 53184627 62748315 72648135
27354816 28645173 37154682 38154627 61845372 62845317 71354826 72645183
27356184 27451683 38615472 48165372 51834627 61384527 72548316 72643815
27356814 28615473 37451682 41865372 58134627 62548317 71384526 72643185
27358146 35814627 38625174 47152683 52847316 61374825 64185372 72641853
27358164 38615274 46185372 47251683 52748316 53814627 61384725 72641835
27358416 28635174 38514627 47153682 52846317 61485372 71364825 72641583
27358614 28615374 41685372 47351682 52648317 58314627 71384625 72641385
27361485 27513684 41583627 48631572 51368427 58416372 72486315 72638514
27361584 27531684 48516372 48613572 51386427 51483627 72468315 72638415
27361845 37512684 45183627 48621573 51378426 54816372 62487315 72638154
27361854 37521684 45816372 48612573 51387426 54183627 62478315 72638145
27364185 27514683 38641572 41853627 58146372 61358427 72485316 72635814
27364815 28641573 37514682 48153627 51846372 62485317 71358426 72635184
27365184 27541683 38614572 48156372 51843627 61385427 72458316 72634815
27365814 28614573 37541682 41856372 58143627 62458317 71385426 72634185
27368145 38621574 45813627 47512683 52487316 54186372 61378425 72631854
27368154 38612574 45186372 47521683 52478316 54813627 61387425 72631845
27368415 28631574 47513682 48513627 51486372 52486317 71368425 72631584
27368514 28613574 41586372 47531682 52468317 58413627 71386425 72631485
27381456 34581627 42876315 48632175 51367824 57123684 65418372 72618543
27381465 42786315 43581627 48631275 51368724 56418372 57213684 72618534
27381546 35481627 42867315 48623175 51376824 57132684 64518372 72618453
27381564 42768315 46518372 48613275 51386724 53481627 57231684 72618435
27381645 42687315 45381627 48621375 51378624 54618372 57312684 72618354
27381654 42678315 45618372 48612375 51387624 54381627 57321684 72618345
27384156 34851627 38642175 42875316 57124683 61357824 65148372 72615843
27384165 38641275 42785316 43851627 56148372 57214683 61358724 72615834
27384516 28643175 38451627 42865317 57134682 61548372 71356824 72615483
27384615 28641375 42685317 48351627 51648372 57314682 71358624 72615384
27385146 35841627 38624175 42857316 57142683 61375824 64158372 72614853
27385164 38614275 42758316 46158372 53841627 57241683 61385724 72614835
27385416 28634175 38541627 42856317 57143682 61458372 71365824 72614583
27385614 28614375 41658372 42658317 57341682 58341627 71385624 72614385
27386145 38621475 42587316 45831627 54168372 57412683 61378524 72613854
27386154 38612475 42578316 45168372 54831627 57421683 61387524 72613845
27386415 28631475 42586317 48531627 51468372 57413682 71368524 72613584
27386514 28613475 41568372 42568317 57431682 58431627 71386524 72613485
27413856 34168527 37126485 41537826 58462173 62873514 65831472 72586143
27413865 37216485 41538726 43168527 56831472 58461273 62783514 72586134
27415836 36148527 37146285 41735826 58264173 62853714 63851472 72584163
27415863 36851472 37246185 41835726 58164273 62753814 63148527 72584136
27416385 41638527 58361472 72583614
27416583 27436185 38561472 41836527 58163472 61438527 72563814 72583416
27416835 37416285 41738526 46138527 53861472 58261473 62583714 72583164
27416853 35861472 37426185 41837526 58162473 62573814 64138527 72583146
27418356 34618527 41637825 47126385 52873614 58362174 65381472 72581643
27418365 41638725 43618527 47216385 52783614 56381472 58361274 72581634
27418536 36418527 41736825 47136285 52863714 58263174 63581472 72581463
27418563 36581472 41836725 47236185 52763814 58163274 63418527 72581436
27418635 41738625 46318527 47316285 52683714 53681472 58261374 72581364
27418653 35681472 41837625 47326185 52673814 58162374 64318527 72581346
27431856 34186527 37126584 48562173 51437826 62873415 65813472 72568143
27431865 37216584 43186527 48561273 51438726 56813472 62783415 72568134
27435816 28564173 37146582 38146527 61853472 62853417 71435826 72564183
27436815 28561473 37416582 48136527 51863472 62583417 71438526 72563184
27438156 34816527 38562174 47126583 52873416 61437825 65183472 72561843
27438165 38561274 43816527 47216583 52783416 56183472 61438725 72561834
27438516 28563174 38416527 47136582 52863417 61583472 71436825 72561483
27438615 28561374 47316582 48316527 51683472 52683417 71438625 72561384
27451836 36184527 37156284 48265173 51734826 62843715 63815472 72548163
27451863 36815472 37256184 48165273 51834726 62743815 63184527 72548136
27453816 28465173 37156482 38164527 61835472 62843517 71534826 72546183
27456183 38165472 61834527 72543816
27456813 28165473 31865472 37456182 62543817 68134527 71834526 72543186
27458136 36814527 38265174 47156283 52843716 61734825 63185472 72541863
27458163 36185472 38165274 47256183 52743816 61834725 63814527 72541836
27458316 28365174 38614527 47156382 52843617 61385472 71634825 72541683
27458613 28165374 31685472 47356182 52643817 68314527 71834625 72541386
27461385 27516384 41683527 48361572 51638427 58316472 72483615 72538614
27461583 27536184 38516472 48163572 51836427 61483527 72463815 72538416
27461835 37516284 46183527 48261573 51738426 53816472 62483715 72538164
27461853 35816472 37526184 48162573 51837426 62473815 64183527 72538146
27463185 27516483 38461572 41863527 58136472 61538427 72483516 72536814
27463815 28461573 37516482 48163527 51836472 62483517 71538426 72536184
27465183 27546183 38156472 38164572 61835427 61843527 72453816 72534816
27465813 28164573 31856472 37546182 62453817 68143527 71835426 72534186
27468135 38261574 46813527 47516283 52483716 53186472 61738425 72531864
27468153 35186472 38162574 47526183 52473816 61837425 64813527 72531846
27468315 28361574 47516382 48613527 51386472 52483617 71638425 72531684
27468513 28163574 31586472 47536182 52463817 68413527 71836425 72531486
27481356 34681527 42873615 48362175 51637824 57126384 65318472 72518643
27481365 42783615 43681527 48361275 51638724 56318472 57216384 72518634
27481536 36481527 42863715 48263175 51736824 57136284 63518472 72518463
27481563 36518472 42763815 48163275 51836724 57236184 63481527 72518436
27481635 42683715 46381527 48261375 51738624 53618472 57316284 72518364
27481653 35618472 42673815 48162375 51837624 57326184 64381527 72518346
27483156 34861527 38462175 42873516 57126483 61537824 65138472 72516843
27483165 38461275 42783516 43861527 56138472 57216483 61538724 72516834
27483516 28463175 38461527 42863517 57136482 61538472 71536824 72516483
27483615 28461375 42683517 48361527 51638472 57316482 71538624 72516384
27485136 36841527 38264175 42853716 57146283 61735824 63158472 72514863
27485163 36158472 38164275 42753816 57246183 61835724 63841527 72514836
27485316 28364175 38641527 42853617 57146382 61358472 71635824 72514683
27485613 28164375 31658472 42653817 57346182 68341527 71835624 72514386
27486135 38261475 42583716 46831527 53168472 57416283 61738524 72513864
27486153 35168472 38162475 42573816 57426183 61837524 64831527 72513846
27486315 28361475 42583617 48631527 51368472 57416382 71638524 72513684
27486513 28163475 31568472 42563817 57436182 68431527 71836524 72513486
27513846 35168427 37162485 41573826 58426173 62837514 64831572 72486153
27513864 37261485 41583726 46831572 53168427 58416273 62738514 72486135
27514836 36158427 37164285 41753826 58246173 62835714 63841572 72485163
27514863 36841572 37264185 41853726 58146273 62735814 63158427 72485136
27516834 37461285 41783526 43861572 56138427 58216473 62538714 72483165
27516843 34861572 37462185 41873526 58126473 62537814 65138427 72483156
27518346 35618427 41673825 47162385 52837614 58326174 64381572 72481653
27518364 41683725 46381572 47261385 52738614 53618427 58316274 72481635
27518436 36518427 41763825 47163285 52836714 58236174 63481572 72481563
27518463 36481572 41863725 47263185 52736814 58136274 63518427 72481536
27518634 41783625 43681572 47361285 52638714 56318427 58216374 72481365
27518643 34681572 41873625 47362185 52637814 58126374 65318427 72481356
27531846 35186427 37162584 48526173 51473826 62837415 64813572 72468153
27531864 37261584 46813572 48516273 51483726 53186427 62738415 72468135
27534816 28546173 37164582 38156427 61843572 62835417 71453826 72465183
27536814 28516473 37461582 41863572 58136427 62538417 71483526 72463185
27538146 35816427 38526174 47162583 52837416 61473825 64183572 72461853
27538164 38516274 46183572 47261583 52738416 53816427 61483725 72461835
27538416 28536174 38516427 47163582 52836417 61483572 71463825 72461583
27538614 28516374 41683572 47361582 52638417 58316427 71483625 72461385
27541836 36185427 37165284 48256173 51743826 62834715 63814572 72458163
27541863 36814572 37265184 48156273 51843726 62734815 63185427 72458136
27543816 28456173 37165482 38165427 61834572 62834517 71543826 72456183
27546813 28156473 31864572 37465182 62534817 68135427 71843526 72453186
27548136 36815427 38256174 47165283 52834716 61743825 63184572 72451863
27548163 36184572 38156274 47265183 52734816 61843725 63815427 72451836
27548316 28356174 38615427 47165382 52834617 61384572 71643825 72451683
27548613 28156374 31684572 47365182 52634817 68315427 71843625 72451386
27561384 48316572 51683427 72438615
27561483 27563184 38416572 48136572 51863427 61583427 72436815 72438516
27561834 37561284 43816572 48216573 51783426 56183427 62438715 72438165
27561843 34816572 37562184 48126573 51873426 62437815 65183427 72438156
27563814 28416573 37561482 41836572 58163427 62438517 71583426 72436185
27564183 38146572 61853427 72435816
27564813 28146573 31846572 37564182 62435817 68153427 71853426 72435186
27568134 38216574 43186572 47561283 52438716 56813427 61783425 72431865
27568143 34186572 38126574 47562183 52437816 61873425 65813427 72431856
27568314 28316574 41386572 47561382 52438617 58613427 71683425 72431685
27568413 28136574 31486572 47563182 52436817 68513427 71863425 72431586
27581346 35681427 42837615 48326175 51673824 57162384 64318572 72418653
27581364 42738615 46318572 48316275 51683724 53681427 57261384 72418635
27581436 36581427 42836715 48236175 51763824 57163284 63418572 72418563
27581463 36418572 42736815 48136275 51863724 57263184 63581427 72418536
27581634 42638715 43618572 48216375 51783624 56381427 57361284 72418365
27581643 34618572 42637815 48126375 51873624 57362184 65381427 72418356
27583146 35861427 38426175 42837516 57162483 61573824 64138572 72416853
27583164 38416275 42738516 46138572 53861427 57261483 61583724 72416835
27583416 28436175 38561427 42836517 57163482 61438572 71563824 72416583
27583614 28416375 41638572 42638517 57361482 58361427 71583624 72416385
27584136 36851427 38246175 42835716 57164283 61753824 63148572 72415863
27584163 36148572 38146275 42735816 57264183 61853724 63851427 72415836
27584316 28346175 38651427 42835617 57164382 61348572 71653824 72415683
27584613 28146375 31648572 42635817 57364182 68351427 71853624 72415386
27586134 38216475 42538716 43168572 56831427 57461283 61783524 72413865
27586143 34168572 38126475 42537816 57462183 61873524 65831427 72413856
27586314 28316475 41368572 42538617 57461382 58631427 71683524 72413685
27586413 28136475 31468572 42536817 57463182 68531427 71863524 72413586
27613485 41568327 58431672 72386514
27613584 27631485 41586327 48531672 51468327 58413672 72368514 72386415
27613845 37612485 41578326 45168327 54831672 58421673 62387514 72386154
27613854 37621485 41587326 45831672 54168327 58412673 62378514 72386145
27614385 41658327 58341672 72385614
27614583 27634185 38541672 41856327 58143672 61458327 72365814 72385416
27614835 37614285 41758326 46158327 53841672 58241673 62385714 72385164
27614853 35841672 37624185 41857326 58142673 62375814 64158327 72385146
27615384 27641385 41685327 48351672 51648327 58314672 72358614 72384615
27615483 27643185 38451672 41865327 58134672 61548327 72356814 72384516
27615834 37641285 41785326 43851672 56148327 58214673 62358714 72384165
27615843 34851672 37642185 41875326 58124673 62357814 65148327 72384156
27618345 41678325 45618327 47612385 52387614 54381672 58321674 72381654
27618354 41687325 45381672 47621385 52378614 54618327 58312674 72381645
27618435 41768325 46518327 47613285 52386714 53481672 58231674 72381564
27618453 35481672 41867325 47623185 52376814 58132674 64518327 72381546
27618534 41786325 43581672 47631285 52368714 56418327 58213674 72381465
27618543 34581672 41876325 47632185 52367814 58123674 65418327 72381456
27631584 48513672 51486327 72368415
27631845 37612584 45186327 48521673 51478326 54813672 62387415 72368154
27631854 37621584 45813672 48512673 51487326 54186327 62378415 72368145
27634815 28541673 37614582 48156327 51843672 62385417 71458326 72365184
27635184 27641583 38514672 48153672 51846327 61485327 72358416 72364815
27635814 28514673 37641582 41853672 58146327 62358417 71485326 72364185
27638145 38521674 45816327 47612583 52387416 54183672 61478325 72361854
27638154 38512674 45183672 47621583 52378416 54816327 61487325 72361845
27638415 28531674 47613582 48516327 51483672 52386417 71468325 72361584
27638514 28513674 41583672 47631582 52368417 58416327 71486325 72361485
27641835 37615284 46185327 48251673 51748326 53814672 62384715 72358164
27641853 35814672 37625184 48152673 51847326 62374815 64185327 72358146
27643815 28451673 37615482 48165327 51834672 62384517 71548326 72356184
27645183 38154672 61845327 72354816
27645813 28154673 31854672 37645182 62354817 68145327 71845326 72354186
27648135 38251674 46815327 47615283 52384716 53184672 61748325 72351864
27648153 35184672 38152674 47625183 52374816 61847325 64815327 72351846
27648315 28351674 47615382 48615327 51384672 52384617 71648325 72351684
27648513 28153674 31584672 47635182 52364817 68415327 71846325 72351486
27651384 48315672 51684327 72348615
27651483 27653184 38415672 48135672 51864327 61584327 72346815 72348516
27651834 37651284 43815672 48215673 51784326 56184327 62348715 72348165
27651843 34815672 37652184 48125673 51874326 62347815 65184327 72348156
27653814 28415673 37651482 41835672 58164327 62348517 71584326 72346185
27654183 38145672 61854327 72345816
27654813 28145673 31845672 37654182 62345817 68154327 71854326 72345186
27658134 38215674 43185672 47651283 52348716 56814327 61784325 72341865
27658143 34185672 38125674 47652183 52347816 61874325 65814327 72341856
27658314 28315674 41385672 47651382 52348617 58614327 71684325 72341685
27658413 28135674 31485672 47653182 52346817 68514327 71864325 72341586
27681345 42387615 45681327 48321675 51678324 54318672 57612384 72318654
27681354 42378615 45318672 48312675 51687324 54681327 57621384 72318645
27681435 42386715 46581327 48231675 51768324 53418672 57613284 72318564
27681453 35418672 42376815 48132675 51867324 57623184 64581327 72318546
27681534 42368715 43518672 48213675 51786324 56481327 57631284 72318465
27681543 34518672 42367815 48123675 51876324 57632184 65481327 72318456
27683145 38421675 42387516 45861327 54138672 57612483 61578324 72316854
27683154 38412675 42378516 45138672 54861327 57621483 61587324 72316845
27683415 28431675 42386517 48561327 51438672 57613482 71568324 72316584
27683514 28413675 41538672 42368517 57631482 58461327 71586324 72316485
27684135 38241675 42385716 46851327 53148672 57614283 61758324 72315864
27684153 35148672 38142675 42375816 57624183 61857324 64851327 72315846
27684315 28341675 42385617 48651327 51348672 57614382 71658324 72315684
27684513 28143675 31548672 42365817 57634182 68451327 71856324 72315486
27685134 38214675 42358716 43158672 56841327 57641283 61785324 72314865
27685143 34158672 38124675 42357816 57642183 61875324 65841327 72314856
27685314 28314675 41358672 42358617 57641382 58641327 71685324 72314685
27685413 28134675 31458672 42356817 57643182 68541327 71865324 72314586
27813456 32876514 34568127 41567823 58432176 65431872 67123485 72186543
27813465 32786514 41568723 43568127 56431872 58431276 67213485 72186534
27813546 32867514 35468127 41576823 58423176 64531872 67132485 72186453
27813564 32768514 41586723 46531872 53468127 58413276 67231485 72186435
27813645 32687514 41578623 45368127 54631872 58421376 67312485 72186354
27813654 32678514 41587623 45631872 54368127 58412376 67321485 72186345
27814356 32875614 34658127 41657823 58342176 65341872 67124385 72185643
27814365 32785614 41658723 43658127 56341872 58341276 67214385 72185634
27814536 32865714 36458127 41756823 58243176 63541872 67134285 72185463
27814563 32765814 36541872 41856723 58143276 63458127 67234185 72185436
27814635 32685714 41758623 46358127 53641872 58241376 67314285 72185364
27814653 32675814 35641872 41857623 58142376 64358127 67324185 72185346
27815346 32857614 35648127 41675823 58324176 64351872 67142385 72184653
27815364 32758614 41685723 46351872 53648127 58314276 67241385 72184635
27815436 32856714 36548127 41765823 58234176 63451872 67143285 72184563
27815463 32756814 36451872 41865723 58134276 63548127 67243185 72184536
27815634 32658714 41785623 43651872 56348127 58214376 67341285 72184365
27815643 32657814 34651872 41875623 58124376 65348127 67342185 72184356
27816345 32587614 41678523 45638127 54361872 58321476 67412385 72183654
27816354 32578614 41687523 45361872 54638127 58312476 67421385 72183645
27816435 32586714 41768523 46538127 53461872 58231476 67413285 72183564
27816453 32576814 35461872 41867523 58132476 64538127 67423185 72183546
27816534 32568714 41786523 43561872 56438127 58213476 67431285 72183465
27816543 32567814 34561872 41876523 58123476 65438127 67432185 72183456
27831456 32876415 34586127 48532176 51467823 65413872 67123584 72168543
27831465 32786415 43586127 48531276 51468723 56413872 67213584 72168534
27831546 32867415 35486127 48523176 51476823 64513872 67132584 72168453
27831564 32768415 46513872 48513276 51486723 53486127 67231584 72168435
27831645 32687415 45386127 48521376 51478623 54613872 67312584 72168354
27831654 32678415 45613872 48512376 51487623 54386127 67321584 72168345
27834156 32875416 34856127 38542176 61457823 65143872 67124583 72165843
27834165 32785416 38541276 43856127 56143872 61458723 67214583 72165834
27834516 28543176 32865417 38456127 61543872 67134582 71456823 72165483
27834615 28541376 32685417 48356127 51643872 67314582 71458623 72165384
27835146 32857416 35846127 38524176 61475823 64153872 67142583 72164853
27835164 32758416 38514276 46153872 53846127 61485723 67241583 72164835
27835416 28534176 32856417 38546127 61453872 67143582 71465823 72164583
27835614 28514376 32658417 41653872 58346127 67341582 71485623 72164385
27836145 32587416 38521476 45836127 54163872 61478523 67412583 72163854
27836154 32578416 38512476 45163872 54836127 61487523 67421583 72163845
27836415 28531476 32586417 48536127 51463872 67413582 71468523 72163584
27836514 28513476 32568417 41563872 58436127 67431582 71486523 72163485
27841356 32874615 34685127 48352176 51647823 65314872 67125384 72158643
27841365 32784615 43685127 48351276 51648723 56314872 67215384 72158634
27841536 32864715 36485127 48253176 51746823 63514872 67135284 72158463
27841563 32764815 36514872 48153276 51846723 63485127 67235184 72158436
27841635 32684715 46385127 48251376 51748623 53614872 67315284 72158364
27841653 32674815 35614872 48152376 51847623 64385127 67325184 72158346
27843156 32874516 34865127 38452176 61547823 65134872 67125483 72156843
27843165 32784516 38451276 43865127 56134872 61548723 67215483 72156834
27843516 28453176 32864517 38465127 61534872 67135482 71546823 72156483
27843615 28451376 32684517 48365127 51634872 67315482 71548623 72156384
27845136 32854716 36845127 38254176 61745823 63154872 67145283 72154863
27845163 32754816 36154872 38154276 61845723 63845127 67245183 72154836
27845316 28354176 32854617 38645127 61354872 67145382 71645823 72154683
27845613 28154376 31654872 32654817 67345182 68345127 71845623 72154386
27846135 32584716 38251476 46835127 53164872 61748523 67415283 72153864
27846153 32574816 35164872 38152476 61847523 64835127 67425183 72153846
27846315 28351476 32584617 48635127 51364872 67415382 71648523 72153684
27846513 28153476 31564872 32564817 67435182 68435127 71846523 72153486
27851346 32847615 35684127 48325176 51674823 64315872 67152384 72148653
27851364 32748615 46315872 48315276 51684723 53684127 67251384 72148635
27851436 32846715 36584127 48235176 51764823 63415872 67153284 72148563
27851463 32746815 36415872 48135276 51864723 63584127 67253184 72148536
27851634 32648715 43615872 48215376 51784623 56384127 67351284 72148365
27851643 32647815 34615872 48125376 51874623 65384127 67352184 72148356
27853146 32847516 35864127 38425176 61574823 64135872 67152483 72146853
27853164 32748516 38415276 46135872 53864127 61584723 67251483 72146835
27853416 28435176 32846517 38564127 61435872 67153482 71564823 72146583
27853614 28415376 32648517 41635872 58364127 67351482 71584623 72146385
27854136 32845716 36854127 38245176 61754823 63145872 67154283 72145863
27854163 32745816 36145872 38145276 61854723 63854127 67254183 72145836
27854316 28345176 32845617 38654127 61345872 67154382 71654823 72145683
27854613 28145376 31645872 32645817 67354182 68354127 71854623 72145386
27856134 32548716 38215476 43165872 56834127 61784523 67451283 72143865
27856143 32547816 34165872 38125476 61874523 65834127 67452183 72143856
27856314 28315476 32548617 41365872 58634127 67451382 71684523 72143685
27856413 28135476 31465872 32546817 67453182 68534127 71864523 72143586
27861345 32487615 45683127 48321576 51678423 54316872 67512384 72138654
27861354 32478615 45316872 48312576 51687423 54683127 67521384 72138645
27861435 32486715 46583127 48231576 51768423 53416872 67513284 72138564
27861453 32476815 35416872 48132576 51867423 64583127 67523184 72138546
27861534 32468715 43516872 48213576 51786423 56483127 67531284 72138465
27861543 32467815 34516872 48123576 51876423 65483127 67532184 72138456
27863145 32487516 38421576 45863127 54136872 61578423 67512483 72136854
27863154 32478516 38412576 45136872 54863127 61587423 67521483 72136845
27863415 28431576 32486517 48563127 51436872 67513482 71568423 72136584
27863514 28413576 32468517 41536872 58463127 67531482 71586423 72136485
27864135 32485716 38241576 46853127 53146872 61758423 67514283 72135864
27864153 32475816 35146872 38142576 61857423 64853127 67524183 72135846
27864315 28341576 32485617 48653127 51346872 67514382 71658423 72135684
27864513 28143576 31546872 32465817 67534182 68453127 71856423 72135486
27865134 32458716 38214576 43156872 56843127 61785423 67541283 72134865
27865143 32457816 34156872 38124576 61875423 65843127 67542183 72134856
27865314 28314576 32458617 41356872 58643127 67541382 71685423 72134685
27865413 28134576 31456872 32456817 67543182 68543127 71865423 72134586
28345617 28654317 71345682 71654382
28346517 28435617 28564317 28653417 71346582 71435682 71564382 71653482
28354617 28645317 71354682 71645382
28356417 28534617 28546317 28635417 71364582 71453682 71465382 71643582
28364517 28453617 28465317 28643517 71356482 71534682 71546382 71635482
28365417 28456317 28543617 28634517 71365482 71456382 71543682 71634582
28436517 28563417 71436582 71563482
28463517 71536482
28536417 71463582
32416875 42138576 57861423 67583124
32417856 34126875 34128576 42137856 57862143 65871423 65873124 67582143
32417865 34216875 42138756 43128576 56871423 57861243 65783124 67582134
32418576 42136875 57863124 67581423
32418675 42138675 42316875 42318576 57681423 57683124 57861324 67581324
32418756 34218576 42137865 43126875 56873124 57862134 65781423 67581243
32458176 32814576 37865124 42156873 57843126 62134875 67185423 67541823
32461875 32516874 42183576 47861523 52138476 57816423 67483125 67538124
32468175 37861524 42516873 42813576 57186423 57483126 62138475 67531824
32471856 34182576 35126874 47862153 52137846 64873125 65817423 67528143
32471865 35216874 43182576 47861253 52138746 56817423 64783125 67528134
32478156 34812576 37862154 45126873 54873126 62137845 65187423 67521843
32478165 37861254 43812576 45216873 54783126 56187423 62138745 67521834
32481576 47863125 52136874 67518423
32481675 42381576 47683125 47861325 52138674 52316874 57618423 67518324
32481756 34281576 46873125 47862135 52137864 53126874 65718423 67518243
32481765 43281576 46783125 47861235 52138764 53216874 56718423 67518234
32485176 32841576 37864125 47853126 52146873 62135874 67158423 67514823
32486175 37861425 42831576 47583126 52416873 57168423 62138574 67513824
32487156 34821576 37862145 45873126 54126873 62137854 65178423 67512843
32487165 37861245 43821576 45783126 54216873 56178423 62138754 67512834
32517846 34162875 35128476 42173856 57826143 64871523 65837124 67482153
32517864 34261875 42183756 46871523 53128476 57816243 65738124 67482135
32518476 42163875 57836124 67481523
32518674 42183675 42361875 47681523 52318476 57638124 57816324 67481325
32518746 35218476 42173865 43162875 56837124 57826134 64781523 67481253
32518764 42183765 43261875 46781523 53218476 56738124 57816234 67481235
32548176 32815476 37856124 42165873 57834126 62143875 67184523 67451823
32561874 47816523 52183476 67438125
32568174 37816524 42561873 47186523 52813476 57438126 62183475 67431825
32571846 35162874 35182476 47826153 52173846 64817523 64837125 67428153
32571864 35261874 46817523 47816253 52183746 53182476 64738125 67428135
32578146 35812476 37826154 45162873 54837126 62173845 64187523 67421853
32578164 37816254 45261873 46187523 53812476 54738126 62183745 67421835
32581476 47836125 52163874 67418523
32581674 47618523 47638125 47816325 52183674 52361874 52381476 67418325
32581746 35281476 46837125 47826135 52173864 53162874 64718523 67418253
32581764 46718523 46738125 47816235 52183764 53261874 53281476 67418235
32584176 32851476 37846125 47835126 52164873 62153874 67148523 67415823
32586174 37816425 47168523 47538126 52461873 52831476 62183574 67413825
32587146 35821476 37826145 45837126 54162873 62173854 64178523 67412853
32587164 37816245 45738126 46178523 53821476 54261873 62183754 67412835
32614875 42158376 57841623 67385124
32615874 32641875 42185376 47851623 52148376 57814623 67358124 67384125
32617845 34612875 42178356 45128376 54871623 57821643 65387124 67382154
32617854 34621875 42187356 45871623 54128376 57812643 65378124 67382145
32618475 42168375 42518376 42613875 57386124 57481623 57831624 67381524
32618574 42186375 42631875 47581623 52418376 57368124 57813624 67381425
32618745 42178365 43612875 45218376 54781623 56387124 57821634 67381254
32618754 42187365 43621875 45781623 54218376 56378124 57812634 67381245
32648175 37851624 42615873 42815376 57184623 57384126 62148375 67351824
32651874 47815623 52184376 67348125
32658174 37815624 42651873 47185623 52814376 57348126 62184375 67341825
32671845 35612874 45182376 47821653 52178346 54817623 64387125 67328154
32671854 35621874 45817623 47812653 52187346 54182376 64378125 67328145
32678145 37821654 45612873 45812376 54187623 54387126 62178345 67321854
32678154 37812654 45187623 45621873 54378126 54812376 62187345 67321845
32681475 42581376 47386125 47831625 52168374 52613874 57418623 67318524
32681574 47368125 47518623 47813625 52186374 52481376 52631874 67318425
32681745 45281376 46387125 47821635 52178364 53612874 54718623 67318254
32681754 45718623 46378125 47812635 52187364 53621874 54281376 67318245
32684175 37841625 42851376 47385126 52614873 57148623 62158374 67315824
32685174 37814625 47158623 47358126 52641873 52841376 62185374 67314825
32687145 37821645 45387126 45821376 54178623 54612873 62178354 67312854
32687154 37812645 45178623 45378126 54621873 54821376 62187354 67312845
32714856 34158276 36124875 42157836 57842163 63875124 65841723 67285143
32714865 36214875 42158736 43158276 56841723 57841263 63785124 67285134
32715846 35148276 36142875 42175836 57824163 63857124 64851723 67284153
32715864 36241875 42185736 46851723 53148276 57814263 63758124 67284135
32716845 36412875 42178536 45138276 54861723 57821463 63587124 67283154
32716854 36421875 42187536 45861723 54138276 57812463 63578124 67283145
32718456 34518276 42167835 46123875 53876124 57832164 65481723 67281543
32718465 42168735 43518276 46213875 53786124 56481723 57831264 67281534
32718546 35418276 42176835 46132875 53867124 57823164 64581723 67281453
32718564 42186735 46231875 46581723 53418276 53768124 57813264 67281435
32718645 42178635 45318276 46312875 53687124 54681723 57821364 67281354
32718654 42187635 45681723 46321875 53678124 54318276 57812364 67281345
32741856 34185276 36125874 47852163 52147836 63874125 65814723 67258143
32741865 36215874 43185276 47851263 52148736 56814723 63784125 67258134
32748156 34815276 37852164 46125873 53874126 62147835 65184723 67251843
32748165 37851264 43815276 46215873 53784126 56184723 62148735 67251834
32751846 35184276 36152874 47825163 52174836 63847125 64815723 67248153
32751864 36251874 46815723 47815263 52184736 53184276 63748125 67248135
32758146 35814276 37825164 46152873 53847126 62174835 64185723 67241853
32758164 37815264 46185723 46251873 53748126 53814276 62184735 67241835
32761845 36512874 45183276 47821563 52178436 54816723 63487125 67238154
32761854 36521874 45816723 47812563 52187436 54183276 63478125 67238145
32768145 37821564 45813276 46512873 53487126 54186723 62178435 67231854
32768154 37812564 45186723 46521873 53478126 54813276 62187435 67231845
32781456 34581276 43876125 47832165 52167834 56123874 65418723 67218543
32781465 43581276 43786125 47831265 52168734 56213874 56418723 67218534
32781546 35481276 43867125 47823165 52176834 56132874 64518723 67218453
32781564 43768125 46518723 47813265 52186734 53481276 56231874 67218435
32781645 43687125 45381276 47821365 52178634 54618723 56312874 67218354
32781654 43678125 45618723 47812365 52187634 54381276 56321874 67218345
32784156 34851276 37842165 43875126 56124873 62157834 65148723 67215843
32784165 37841265 43785126 43851276 56148723 56214873 62158734 67215834
32785146 35841276 37824165 43857126 56142873 62175834 64158723 67214853
32785164 37814265 43758126 46158723 53841276 56241873 62185734 67214835
32786145 37821465 43587126 45831276 54168723 56412873 62178534 67213854
32786154 37812465 43578126 45168723 54831276 56421873 62187534 67213845
32814675 37685124 42158673 42358176 57641823 57841326 62314875 67185324
32814756 34258176 36875124 42157863 57842136 63124875 65741823 67185243
32814765 36785124 42158763 43258176 56741823 57841236 63214875 67185234
32815674 37658124 42185673 47651823 52348176 57814326 62341875 67184325
32815746 35248176 36857124 42175863 57824136 63142875 64751823 67184253
32815764 36758124 42185763 46751823 53248176 57814236 63241875 67184235
32816475 37586124 42168573 42538176 57461823 57831426 62413875 67183524
32816574 37568124 42186573 47561823 52438176 57813426 62431875 67183425
32816745 36587124 42178563 45238176 54761823 57821436 63412875 67183254
32816754 36578124 42187563 45761823 54238176 57812436 63421875 67183245
32817456 34528176 35876124 42167853 57832146 64123875 65471823 67182543
32817465 35786124 42168753 43528176 56471823 57831246 64213875 67182534
32817546 35428176 35867124 42176853 57823146 64132875 64571823 67182453
32817564 35768124 42186753 46571823 53428176 57813246 64231875 67182435
32817645 35687124 42178653 45328176 54671823 57821346 64312875 67182354
32817654 35678124 42187653 45671823 54328176 57812346 64321875 67182345
32841675 37684125 42385176 47851326 52148673 57614823 62315874 67158324
32841756 34285176 36874125 47852136 52147863 63125874 65714823 67158243
32841765 36784125 43285176 47851236 52148763 56714823 63215874 67158234
32845176 37854126 62145873 67154823
32846175 37584126 37851426 42835176 57164823 62148573 62415873 67153824
32847156 34825176 35874126 37852146 62147853 64125873 65174823 67152843
32847165 35784126 37851246 43825176 56174823 62148753 64215873 67152834
32851674 37648125 47615823 47815326 52184673 52384176 62351874 67148325
32851746 35284176 36847125 47825136 52174863 63152874 64715823 67148253
32851764 36748125 46715823 47815236 52184763 53284176 63251874 67148235
32854176 37845126 62154873 67145823
32856174 37548126 37815426 47165823 52834176 62184573 62451873 67143825
32857146 35824176 35847126 37825146 62174853 64152873 64175823 67142853
32857164 35748126 37815246 46175823 53824176 62184753 64251873 67142835
32861475 37486125 42583176 47831526 52168473 57416823 62513874 67138524
32861574 37468125 47516823 47813526 52186473 52483176 62531874 67138425
32861745 36487125 45283176 47821536 52178463 54716823 63512874 67138254
32861754 36478125 45716823 47812536 52187463 54283176 63521874 67138245
32864175 37485126 37841526 42853176 57146823 62158473 62514873 67135824
32865174 37458126 37814526 47156823 52843176 62185473 62541873 67134825
32867145 35487126 37821546 45823176 54176823 62178453 64512873 67132854
32867154 35478126 37812546 45176823 54823176 62187453 64521873 67132845
32871456 34582176 34876125 47832156 52167843 65123874 65417823 67128543
32871465 34786125 43582176 47831256 52168743 56417823 65213874 67128534
32871546 34867125 35482176 47823156 52176843 64517823 65132874 67128453
32871564 34768125 46517823 47813256 52186743 53482176 65231874 67128435
32871645 34687125 45382176 47821356 52178643 54617823 65312874 67128354
32871654 34678125 45617823 47812356 52187643 54382176 65321874 67128345
32874156 34852176 34875126 37842156 62157843 65124873 65147823 67125843
32874165 34785126 37841256 43852176 56147823 62158743 65214873 67125834
32875146 34857126 35842176 37824156 62175843 64157823 65142873 67124853
32875164 34758126 37814256 46157823 53842176 62185743 65241873 67124835
32876145 34587126 37821456 45832176 54167823 62178543 65412873 67123854
32876154 34578126 37812456 45167823 54832176 62187543 65421873 67123845
34127856 65872143
34127865 34128756 34217856 43127856 56872143 65782143 65871243 65872134
34128675 42317856 57682143 65871324
34157826 37124856 62875143 65842173
34158726 37124865 37214856 43157826 56842173 62785143 62875134 65841273
34167825 34517826 37128456 47123856 52876143 62871543 65482173 65832174
34168275 36128475 42517836 42713856 57286143 57482163 63871524 65831724
34168725 37128465 43517826 47213856 52786143 56482173 62871534 65831274
34172856 35127846 64872153 65827143
34172865 35128746 35217846 43172856 56827143 64782153 64871253 65827134
34175826 35147826 37125846 37142856 62857143 62874153 64852173 65824173
34176825 35417826 37128546 47132856 52867143 62871453 64582173 65823174
34178256 34712856 36127845 45127836 54872163 63872154 65287143 65821743
34178265 36128745 43712856 45217836 54782163 56287143 63871254 65821734
34178526 37126845 37412856 45137826 54862173 62587143 62873154 65821473
34178625 37128645 45317826 47312856 52687143 54682173 62871354 65821374
34182675 35128674 42371856 47682153 52317846 57628143 64871325 65817324
34182756 34271856 35127864 46872153 53127846 64872135 65728143 65817243
34182765 35128764 43271856 46782153 53217846 56728143 64871235 65817234
34185726 37125864 37241856 46852173 53147826 62758143 62874135 65814273
34186275 36128574 42731856 47582163 52417836 57268143 63871425 65813724
34186725 37128564 46582173 47231856 52768143 53417826 62871435 65813274
34187256 34721856 36127854 45872163 54127836 63872145 65278143 65812743
34187265 36128754 43721856 45782163 54217836 56278143 63871245 65812734
34187526 37126854 37421856 45862173 54137826 62578143 62873145 65812473
34187625 37128654 45682173 47321856 52678143 54317826 62871345 65812374
34217865 43128756 56871243 65782134
34218675 42317865 42318756 43128675 56871324 57681243 57682134 65781324
34218756 43127865 56872134 65781243
34268175 36871524 42517863 42813756 57186243 57482136 63128475 65731824
34271865 35217864 43182756 46871253 53128746 56817243 64782135 65728134
34278156 34812756 36872154 45127863 54872136 63127845 65187243 65721843
34278165 36871254 43812756 45217863 54782136 56187243 63128745 65721834
34281675 42381756 46871325 47682135 52317864 53128674 57618243 65718324
34281756 46872135 53127864 65718243
34281765 43281756 46782135 46871235 53128764 53217864 56718243 65718234
34286175 36871425 42831756 47582136 52417863 57168243 63128574 65713824
34287156 34821756 36872145 45872136 54127863 63127854 65178243 65712843
34287165 36871245 43821756 45782136 54217863 56178243 63128754 65712834
34518726 37218456 43167825 47123865 52876134 56832174 62781543 65481273
34571826 35167824 37182456 42876153 57123846 62817543 64832175 65428173
34581726 37281456 42876135 46832175 53167824 57123864 62718543 65418273
34617825 47128356 52871643 65382174
34618275 42617835 42718356 46128375 53871624 57281643 57382164 65381724
34618725 43617825 47128365 47218356 52781643 52871634 56382174 65381274
34628175 35871624 42617853 42817356 57182643 57382146 64128375 65371824
34671825 35617824 42871653 47182356 52817643 57128346 64382175 65328174
34681275 42781356 43871625 47382165 52617834 56128374 57218643 65318724
34681725 42871635 46382175 47281356 52718643 53617824 57128364 65318274
34682175 34871625 42871356 47382156 52617843 57128643 65128374 65317824
34712865 36217845 43178256 45128736 54871263 56821743 63782154 65287134
34715826 36147825 37148256 47125836 52874163 62851743 63852174 65284173
34716825 36417825 47128536 47138256 52861743 52871463 63582174 65283174
34718256 46127835 53872164 65281743
34718265 43718256 46128735 46217835 53782164 53871264 56281743 65281734
34718526 37418256 46137825 47126835 52873164 53862174 62581743 65281473
34718625 46317825 47128635 47318256 52681743 52871364 53682174 65281374
34721865 36217854 43187256 45871263 54128736 56812743 63782145 65278134
34728156 34817256 35872164 46127853 53872146 64127835 65182743 65271843
34728165 35871264 43817256 46217853 53782146 56182743 64128735 65271834
34751826 36157824 37184256 42875163 57124836 62815743 63842175 65248173
34761825 36517824 42871563 47183256 52816743 57128436 63482175 65238174
34781256 43872165 56127834 65218743
34781265 43781256 43782165 43871265 56128734 56217834 56218743 65218734
34781526 37481256 42873165 43862175 56137824 57126834 62518743 65218473
34781625 42871365 43682175 47381256 52618743 56317824 57128634 65218374
34782156 34871256 34872165 43872156 56127843 65127834 65128743 65217843
34782165 34871265 43782156 43871256 56128743 56217843 65128734 65217834
34812675 37682154 42378156 45128673 54871326 57621843 62317845 65187324
34812765 36782154 43278156 45128763 54871236 56721843 63217845 65187234
34815726 36852174 37248156 47125863 52874136 62751843 63147825 65184273
34816275 37582164 42738156 46128573 53871426 57261843 62417835 65183724
34816725 36582174 47128563 47238156 52761843 52871436 63417825 65183274
34817265 35782164 43728156 46128753 53871246 56271843 64217835 65182734
34817526 35862174 37428156 47126853 52873146 62571843 64137825 65182473
34817625 35682174 47128653 47328156 52671843 52871346 64317825 65182374
34821675 37682145 42387156 45871326 54128673 57612843 62317854 65178324
34821765 36782145 43287156 45871236 54128763 56712843 63217854 65178234
34826175 35871426 37582146 42837156 57162843 62417853 64128573 65173824
34827156 35872146 64127853 65172843
34827165 35782146 35871246 43827156 56172843 64128753 64217853 65172834
34851726 36842175 37284156 42875136 57124863 62715843 63157824 65148273
34861275 37482165 42783156 43871526 56128473 57216843 62517834 65138724
34861725 36482175 42871536 47283156 52716843 57128463 63517824 65138274
34862175 34871526 37482156 42873156 57126843 62517843 65128473 65137824
34872156 65127843
35148726 37142865 37215846 43175826 56824173 62784153 62857134 64851273
35168274 36182475 42571836 47286153 52713846 57428163 63817524 64831725
35168724 37182465 42786153 43571826 56428173 57213846 62817534 64831275
35172846 64827153
35172864 35182746 35271846 46827153 53172846 64728153 64817253 64827135
35174826 37152846 62847153 64825173
35176824 35471826 37182546 42867153 57132846 62817453 64528173 64823175
35178246 35712846 36172845 45172836 54827163 63827154 64287153 64821753
35178264 36182745 45271836 46287153 53712846 54728163 63817254 64821735
35178426 37162845 37512846 45173826 54826173 62487153 62837154 64821573
35178624 37182645 42687153 45371826 54628173 57312846 62817354 64821375
35182674 47628153 52371846 64817325
35182764 46728153 53271846 64817235
35184726 37152864 37251846 46825173 53174826 62748153 62847135 64815273
35186274 36182574 47268153 47528163 52471836 52731846 63817425 64813725
35186724 37182564 42768153 46528173 53471826 57231846 62817435 64813275
35187246 35721846 36172854 45827163 54172836 63827145 64278153 64812753
35187264 36182754 45728163 46278153 53721846 54271836 63817245 64812735
35187426 37162854 37521846 45826173 54173826 62478153 62837145 64812573
35187624 37182654 42678153 45628173 54371826 57321846 62817345 64812375
35218674 42371865 43182675 47681253 52318746 56817324 57628134 64781325
35218746 43172865 56827134 64781253
35218764 43182765 43271865 46781253 53218746 56728134 56817234 64781235
35268174 36817524 42571863 47186253 52813746 57428136 63182475 64731825
35271864 46817253 53182746 64728135
35278146 35812746 36827154 45172863 54827136 63172845 64187253 64721853
35278164 36817254 45271863 46187253 53812746 54728136 63182745 64721835
35281674 46817325 47618253 47628135 52371864 52381746 53182674 64718325
35281746 46827135 53172864 64718253
35281764 46718253 46728135 46817235 53182764 53271864 53281746 64718235
35286174 36817425 47168253 47528136 52471863 52831746 63182574 64713825
35287146 35821746 36827145 45827136 54172863 63172854 64178253 64712853
35287164 36817245 45728136 46178253 53821746 54271863 63182754 64712835
35418726 37218546 43176825 47132865 52867134 56823174 62781453 64581273
35481726 37281546 42867135 46823175 53176824 57132864 62718453 64518273
35618274 42671835 46182375 47281653 52718346 53817624 57328164 64381725
35618724 42781653 43671825 47182365 52817634 56328174 57218346 64381275
35628174 35817624 42671853 47182653 52817346 57328146 64182375 64371825
35671824 42817653 57182346 64328175
35681274 43817625 47218653 47328165 52671834 52781346 56182374 64318725
35681724 42718653 42817635 46328175 53671824 57182364 57281346 64318275
35712864 36271845 45182736 46821753 53178246 54817263 63728154 64287135
35714826 36174825 37158246 47152836 52847163 62841753 63825174 64285173
35716824 36471825 42861753 47182536 52817463 57138246 63528174 64283175
35718246 46172835 53827164 64281753
35718264 46182735 46271835 46281753 53718246 53728164 53817264 64281735
35718426 37518246 46173825 47162835 52837164 53826174 62481753 64281573
35718624 42681753 46371825 47182635 52817364 53628174 57318246 64281375
35721864 36271854 45817263 46812753 53187246 54182736 63728145 64278135
35728146 35817246 35827164 46172853 53827146 64172835 64182753 64271853
35728164 35817264 46182753 46271853 53728146 53817246 64182735 64271835
35741826 36175824 37185246 42857163 57142836 62814753 63824175 64258173
35761824 36571824 42816753 42817563 57182436 57183246 63428175 64238175
35781246 43827165 56172834 64218753
35781264 43728165 43817265 46218753 53781246 56182734 56271834 64218735
35781426 37581246 42837165 43826175 56173824 57162834 62418753 64218573
35781624 42618753 42817365 43628175 56371824 57182634 57381246 64218375
35812674 37628154 45182673 47621853 52378146 54817326 62371845 64187325
35812764 36728154 45182763 46721853 53278146 54817236 63271845 64187235
35814726 36825174 37258146 47152863 52847136 62741853 63174825 64185273
35816274 37528164 46182573 47261853 52738146 53817426 62471835 64183725
35816724 36528174 42761853 47182563 52817436 57238146 63471825 64183275
35817426 35826174 37528146 47162853 52837146 62471853 64173825 64182573
35821674 37628145 45817326 47612853 52387146 54182673 62371854 64178325
35821764 36728145 45817236 46712853 53287146 54182763 63271854 64178235
35827146 64172853
35841726 36824175 37285146 42857136 57142863 62714853 63175824 64158273
35861274 37428165 43817526 47216853 52783146 56182473 62571834 64138725
35861724 36428175 42716853 42817536 57182463 57283146 63571824 64138275
36148275 42715836 57284163 63851724
36148725 37148265 43715826 47215836 52784163 56284173 62851734 63851274
36158274 36184275 42751836 47285163 52714836 57248163 63815724 63841725
36158724 37184265 42785163 43751826 56248173 57214836 62815734 63841275
36178245 45712836 54287163 63821754
36178254 36187245 45287163 45721836 54278163 54712836 63812754 63821745
36178425 37168245 45713826 47512836 52487163 54286173 62831754 63821574
36178524 37186245 42587163 45731826 54268173 57412836 62813754 63821475
36184725 37158264 46285173 47251836 52748163 53714826 62841735 63815274
36185274 47258163 52741836 63814725
36185724 37185264 42758163 46258173 53741826 57241836 62814735 63814275
36187254 45278163 54721836 63812745
36187425 37168254 45286173 47521836 52478163 54713826 62831745 63812574
36187524 37186254 42578163 45268173 54731826 57421836 62813745 63812475
36218475 42518736 42713865 43168275 56831724 57286134 57481263 63781524
36218574 42731865 43186275 47581263 52418736 56813724 57268134 63781425
36218745 43178265 43712865 45218736 54781263 56287134 56821734 63781254
36218754 43187265 43721865 45781263 54218736 56278134 56812734 63781245
36248175 36851724 42715863 42815736 57184263 57284136 63148275 63751824
36258174 36815724 42751863 47185263 52814736 57248136 63184275 63741825
36278145 36821754 45712863 45812736 54187263 54287136 63178245 63721854
36278154 36812754 45187263 45721863 54278136 54812736 63187245 63721845
36281475 42581736 46831725 47286135 52713864 53168274 57418263 63718524
36281574 46813725 47268135 47518263 52481736 52731864 53186274 63718425
36281745 45281736 46287135 46821735 53178264 53712864 54718263 63718254
36281754 45718263 46278135 46812735 53187264 53721864 54281736 63718245
36284175 36841725 42851736 47285136 52714863 57148263 63158274 63715824
36285174 36814725 47158263 47258136 52741863 52841736 63185274 63714825
36287145 36821745 45287136 45821736 54178263 54712863 63178254 63712854
36287154 36812745 45178263 45278136 54721863 54821736 63187254 63712845
36418275 42716835 42718536 46138275 53861724 57281463 57283164 63581724
36418725 43716825 47138265 47218536 52781463 52861734 56283174 63581274
36481275 42781536 43861725 47283165 52716834 56138274 57218463 63518724
36481725 42861735 46283175 47281536 52718463 53716824 57138264 63518274
36518274 42761835 46183275 47281563 52718436 53816724 57238164 63481725
36518724 42781563 43761825 47183265 52816734 56238174 57218436 63481275
36581274 43816725 47218563 47238165 52761834 52781436 56183274 63418725
36581724 42718563 42816735 46238175 53761824 57183264 57281436 63418275
36712845 45178236 54821763 63287154
36712854 36721845 45187236 45821763 54178236 54812763 63278154 63287145
36714825 47158236 52841763 63285174
36715824 36741825 42851763 47185236 52814763 57148236 63258174 63284175
36718245 45718236 46178235 46712835 53287164 53821764 54281763 63281754
36718254 45281763 46187235 46721835 53278164 53812764 54718236 63281745
36718425 46713825 47168235 47518236 52481763 52831764 53286174 63281574
36718524 42581763 46731825 47186235 52813764 53268174 57418236 63281475
36721854 45812763 54187236 63278145
36751824 42815763 57184236 63248175
36781245 43287165 43821765 45781236 54218763 56178234 56712834 63218754
36781254 43278165 43812765 45218763 54781236 56187234 56721834 63218745
36781425 42831765 43286175 47581236 52418763 56713824 57168234 63218574
36781524 42518763 42813765 43268175 56731824 57186234 57481236 63218475
36812475 37286154 42578136 45168273 54831726 57421863 62713845 63187524
36812574 37268154 45186273 47521863 52478136 54813726 62731845 63187425
36814275 37285164 42758136 46158273 53841726 57241863 62714835 63185724
36815274 37258164 46185273 47251863 52748136 53814726 62741835 63184725
36821475 37286145 42587136 45831726 54168273 57412863 62713854 63178524
36821574 37268145 45813726 47512863 52487136 54186273 62731854 63178425
36841275 37284165 42785136 43851726 56148273 57214863 62715834 63158724
36851274 37248165 43815726 47215863 52784136 56184273 62751834 63148725
37145826 62854173
37146825 37148526 37415826 47135826 52864173 62584173 62851473 62853174
37148625 47315826 52684173 62851374
37154826 62845173
37156824 37184526 37451826 42865173 57134826 62548173 62815473 62843175
37158426 37164825 37514826 47153826 52846173 62485173 62835174 62841573
37158624 37184625 42685173 47351826 52648173 57314826 62815374 62841375
37165824 37185426 37541826 42856173 57143826 62458173 62814573 62834175
37168425 47513826 52486173 62831574
37168524 37186425 42586173 47531826 52468173 57413826 62813574 62831475
37185624 42658173 57341826 62814375
37186524 42568173 57431826 62813475
37214865 43158726 56841273 62785134
37215864 37241865 43185726 46851273 53148726 56814273 62758134 62784135
37216845 37412865 43178526 45138726 54861273 56821473 62587134 62783154
37216854 37421865 43187526 45861273 54138726 56812473 62578134 62783145
37218465 43168725 43518726 47213865 52786134 56481273 56831274 62781534
37218564 43186725 46581273 47231865 52768134 53418726 56813274 62781435
37218645 43178625 45318726 47312865 52687134 54681273 56821374 62781354
37218654 43187625 45681273 47321865 52678134 54318726 56812374 62781345
37251864 46815273 53184726 62748135
37261845 37512864 45183726 46821573 53178426 54816273 62487135 62738154
37261854 37521864 45816273 46812573 53187426 54183726 62478135 62738145
37281465 42786135 43581726 46831275 53168724 56418273 57213864 62718534
37281564 42768135 46518273 46813275 53186724 53481726 57231864 62718435
37281645 42687135 45381726 46821375 53178624 54618273 57312864 62718354
37281654 42678135 45618273 46812375 53187624 54381726 57321864 62718345
37416825 47138526 52861473 62583174
37418265 43718526 46138725 47216835 52783164 53861274 56281473 62581734
37418526 47136825 52863174 62581473
37418625 47138625 47316825 47318526 52681473 52683174 52861374 62581374
37461825 37516824 42861573 47183526 52816473 57138426 62483175 62538174
37481265 42783165 43781526 43861275 56138724 56218473 57216834 62518734
37481526 42863175 57136824 62518473
37481625 42683175 42861375 47381526 52618473 57138624 57316824 62518374
37518264 46183725 46281573 47261835 52738164 53718426 53816274 62481735
37518426 47163825 52836174 62481573
37518624 42681573 47183625 47361825 52638174 52816374 57318426 62481375
37561824 42816573 57183426 62438175
37581264 42738165 43816275 46218573 53781426 56183724 57261834 62418735
37581426 42836175 57163824 62418573
37581624 42618573 42638175 42816375 57183624 57361824 57381426 62418375
37612845 45178326 54821673 62387154
37612854 37621845 45187326 45821673 54178326 54812673 62378154 62387145
37614825 47158326 52841673 62385174
37615824 37641825 42851673 47185326 52814673 57148326 62358174 62384175
37618245 45718326 46178325 47612835 52387164 53821674 54281673 62381754
37618254 45281673 46187325 47621835 52378164 53812674 54718326 62381745
37618425 47168325 47518326 47613825 52386174 52481673 52831674 62381574
37618524 42581673 47186325 47631825 52368174 52813674 57418326 62381475
37621854 45812673 54187326 62378145
37651824 42815673 57184326 62348175
37681245 42387165 43821675 45781326 54218673 56178324 57612834 62318754
37681254 42378165 43812675 45218673 54781326 56187324 57621834 62318745
37681425 42386175 42831675 47581326 52418673 57168324 57613824 62318574
37681524 42368175 42518673 42813675 57186324 57481326 57631824 62318475
42318675 57681324
42381675 47681325 52318674 57618324
42381765 43281675 46781325 47681235 52318764 53218674 56718324 57618234
42618375 57381624
42618735 42718365 43618275 46218375 53781624 56381724 57281634 57381264
42681375 47381625 52618374 57318624
42681735 46281375 46381725 47281635 52718364 53618274 53718624 57318264
42718635 46318275 53681724 57281364
42781365 43681275 43781625 47381265 52618734 56218374 56318724 57218634
42781635 43681725 46381275 47281365 52718634 53618724 56318274 57218364
43281765 46781235 53218764 56718234
43618725 47218365 52781634 56381274
43718265 46218735 53781264 56281734
43718625 46318725 47218635 47318265 52681734 52781364 53681274 56281374
43781265 56218734
46281735 53718264
46718235 53281764
46718325 47618235 52381764 53281674
47318625 52681374
47618325 52381674
