12345678 1 -16 153 -1140 7315 | 40319 362815 3626197 39832877 476591309
12345768 1 -16 153 -1141 7357 | 40319 362815 3626197 39832878 476591411
12345786 1 -16 154 -1172 7918 | 40319 362815 3626196 39832788 476586602
12346578 1 -16 153 -1141 7353 | 40319 362815 3626197 39832878 476591415
12346758 1 -16 155 -1208 8672 | 40319 362815 3626195 39832703 476582320
12346785 1 -16 154 -1165 7624 | 40319 362815 3626196 39832781 476585888
12346857 1 -16 155 -1206 8598 | 40319 362815 3626195 39832701 476582106
12346875 1 -16 155 -1204 8512 | 40319 362815 3626195 39832699 476581904
12347658 1 -16 153 -1141 7343 | 40319 362815 3626197 39832878 476591425
12347685 1 -16 155 -1204 8517 | 40319 362815 3626195 39832699 476581899
12347856 1 -16 154 -1166 7660 | 40319 362815 3626196 39832782 476585996
12347865 1 -16 154 -1167 7707 | 40319 362815 3626196 39832783 476586093
12348675 1 -16 154 -1169 7789 | 40319 362815 3626196 39832785 476586299
12354678 1 -16 153 -1141 7353 | 40319 362815 3626197 39832878 476591415
12354768 1 -16 153 -1142 7394 | 40319 362815 3626197 39832879 476591518
12354786 1 -16 154 -1172 7906 | 40319 362815 3626196 39832788 476586614
12356478 1 -16 155 -1204 8476 | 40319 362815 3626195 39832699 476581940
12356748 1 -16 155 -1194 8063 | 40319 362815 3626195 39832689 476580913
12356784 1 -16 154 -1165 7676 | 40319 362815 3626196 39832781 476585836
12356847 1 -16 157 -1268 9693 | 40319 362815 3626193 39832521 476572515
12356874 1 -16 155 -1195 8160 | 40319 362815 3626195 39832690 476580960
12357468 1 -16 156 -1240 9256 | 40319 362815 3626194 39832614 476577632
12357486 1 -16 157 -1270 9772 | 40319 362815 3626193 39832523 476572724
12357648 1 -16 156 -1236 9079 | 40319 362815 3626194 39832610 476577233
12357684 1 -16 155 -1197 8248 | 40319 362815 3626195 39832692 476581160
12357846 1 -16 156 -1229 8802 | 40319 362815 3626194 39832603 476576502
12357864 1 -16 156 -1232 8963 | 40319 362815 3626194 39832606 476576773
12358467 1 -16 157 -1272 9867 | 40319 362815 3626193 39832525 476572917
12358476 1 -16 156 -1235 9029 | 40319 362815 3626194 39832609 476577139
12358647 1 -16 158 -1304 10470 | 40319 362815 3626192 39832436 476568210
12358674 1 -16 156 -1232 8962 | 40319 362815 3626194 39832606 476576774
12358746 1 -16 157 -1268 9708 | 40319 362815 3626193 39832521 476572500
12358764 1 -16 155 -1197 8199 | 40319 362815 3626195 39832692 476581209
12365478 1 -16 153 -1141 7339 | 40319 362815 3626197 39832878 476591429
12365748 1 -16 156 -1236 9086 | 40319 362815 3626194 39832610 476577226
12365784 1 -16 155 -1195 8148 | 40319 362815 3626195 39832690 476580972
12365847 1 -16 156 -1232 8902 | 40319 362815 3626194 39832606 476576834
12365874 1 -16 155 -1194 8088 | 40319 362815 3626195 39832689 476580888
12367458 1 -16 155 -1196 8128 | 40319 362815 3626195 39832691 476581136
12367485 1 -16 156 -1226 8671 | 40319 362815 3626194 39832600 476576201
12367548 1 -16 155 -1198 8231 | 40319 362815 3626195 39832693 476581321
12367584 1 -16 156 -1230 8872 | 40319 362815 3626194 39832604 476576576
12367845 1 -16 154 -1162 7543 | 40319 362815 3626196 39832778 476585537
12367854 1 -16 154 -1162 7544 | 40319 362815 3626196 39832778 476585536
12368475 1 -16 157 -1266 9599 | 40319 362815 3626193 39832519 476572321
12368547 1 -16 157 -1269 9739 | 40319 362815 3626193 39832522 476572613
12368574 1 -16 156 -1234 9029 | 40319 362815 3626194 39832608 476576995
12368745 1 -16 155 -1193 8068 | 40319 362815 3626195 39832688 476580764
12368754 1 -16 155 -1195 8140 | 40319 362815 3626195 39832690 476580980
12375648 1 -16 155 -1201 8351 | 40319 362815 3626195 39832696 476581633
12375684 1 -16 156 -1228 8780 | 40319 362815 3626194 39832602 476576380
12375846 1 -16 157 -1267 9650 | 40319 362815 3626193 39832520 476572414
12375864 1 -16 156 -1234 9039 | 40319 362815 3626194 39832608 476576985
12376548 1 -16 153 -1141 7343 | 40319 362815 3626197 39832878 476591425
12376584 1 -16 155 -1196 8164 | 40319 362815 3626195 39832691 476581100
12376845 1 -16 155 -1193 8070 | 40319 362815 3626195 39832688 476580762
12376854 1 -16 155 -1197 8224 | 40319 362815 3626195 39832692 476581184
12378564 1 -16 154 -1165 7650 | 40319 362815 3626196 39832781 476585862
12378645 1 -16 154 -1160 7445 | 40319 362815 3626196 39832776 476585347
12378654 1 -16 154 -1167 7737 | 40319 362815 3626196 39832783 476586063
12385674 1 -16 154 -1161 7495 | 40319 362815 3626196 39832777 476585441
12385764 1 -16 156 -1236 9132 | 40319 362815 3626194 39832610 476577180
12386574 1 -16 156 -1233 9006 | 40319 362815 3626194 39832607 476576874
12386754 1 -16 154 -1166 7690 | 40319 362815 3626196 39832782 476585966
12435768 1 -16 153 -1142 7395 | 40319 362815 3626197 39832879 476591517
12435786 1 -16 154 -1173 7960 | 40319 362815 3626196 39832789 476586704
12436578 1 -16 153 -1142 7390 | 40319 362815 3626197 39832879 476591522
12436758 1 -16 155 -1208 8660 | 40319 362815 3626195 39832703 476582332
12436785 1 -16 154 -1165 7619 | 40319 362815 3626196 39832781 476585893
12436857 1 -16 155 -1206 8588 | 40319 362815 3626195 39832701 476582116
12436875 1 -16 155 -1204 8504 | 40319 362815 3626195 39832699 476581912
12437658 1 -16 153 -1142 7380 | 40319 362815 3626197 39832879 476591532
12437685 1 -16 155 -1204 8509 | 40319 362815 3626195 39832699 476581907
12437856 1 -16 154 -1166 7654 | 40319 362815 3626196 39832782 476586002
12437865 1 -16 154 -1167 7700 | 40319 362815 3626196 39832783 476586100
12438675 1 -16 154 -1169 7781 | 40319 362815 3626196 39832785 476586307
12453768 1 -16 155 -1204 8464 | 40319 362815 3626195 39832699 476581952
12453786 1 -16 155 -1192 7949 | 40319 362815 3626195 39832687 476580739
12456378 1 -16 155 -1190 7883 | 40319 362815 3626195 39832685 476580517
12456738 1 -16 155 -1194 8142 | 40319 362815 3626195 39832689 476580834
12456783 1 -16 154 -1165 7651 | 40319 362815 3626196 39832781 476585861
12456837 1 -16 157 -1257 9251 | 40319 362815 3626193 39832510 476571373
12456873 1 -16 155 -1195 8180 | 40319 362815 3626195 39832690 476580940
12457368 1 -16 158 -1300 10255 | 40319 362815 3626192 39832432 476567849
12457386 1 -16 158 -1289 9800 | 40319 362815 3626192 39832421 476566720
12457638 1 -16 156 -1223 8563 | 40319 362815 3626194 39832597 476575877
12457683 1 -16 155 -1194 8125 | 40319 362815 3626195 39832689 476580851
12457836 1 -16 157 -1250 8922 | 40319 362815 3626193 39832503 476570694
12457863 1 -16 156 -1223 8568 | 40319 362815 3626194 39832597 476575872
12458367 1 -16 157 -1243 8534 | 40319 362815 3626193 39832496 476570074
12458376 1 -16 157 -1253 9001 | 40319 362815 3626193 39832506 476571047
12458637 1 -16 158 -1287 9738 | 40319 362815 3626192 39832419 476566494
12458673 1 -16 156 -1225 8658 | 40319 362815 3626194 39832599 476576070
12458736 1 -16 157 -1244 8620 | 40319 362815 3626193 39832497 476570132
12458763 1 -16 155 -1190 7951 | 40319 362815 3626195 39832685 476580449
12463578 1 -16 156 -1236 9050 | 40319 362815 3626194 39832610 476577262
12463758 1 -16 158 -1302 10331 | 40319 362815 3626192 39832434 476568061
12463785 1 -16 158 -1293 9960 | 40319 362815 3626192 39832425 476567136
12463857 1 -16 158 -1293 9953 | 40319 362815 3626192 39832425 476567143
12463875 1 -16 158 -1295 10018 | 40319 362815 3626192 39832427 476567366
12465378 1 -16 156 -1232 8885 | 40319 362815 3626194 39832606 476576851
12465738 1 -16 156 -1225 8658 | 40319 362815 3626194 39832599 476576070
12465783 1 -16 155 -1194 8125 | 40319 362815 3626195 39832689 476580851
12465837 1 -16 157 -1254 9092 | 40319 362815 3626193 39832507 476571100
12465873 1 -16 155 -1193 8087 | 40319 362815 3626195 39832688 476580745
12467358 1 -16 157 -1254 9047 | 40319 362815 3626193 39832507 476571145
12467385 1 -16 157 -1248 8843 | 40319 362815 3626193 39832501 476570485
12467538 1 -16 157 -1258 9264 | 40319 362815 3626193 39832511 476571504
12467583 1 -16 157 -1264 9583 | 40319 362815 3626193 39832517 476572049
12467835 1 -16 156 -1224 8644 | 40319 362815 3626194 39832598 476575940
12467853 1 -16 156 -1225 8661 | 40319 362815 3626194 39832599 476576067
12468357 1 -16 158 -1289 9820 | 40319 362815 3626192 39832421 476566700
12468375 1 -16 159 -1323 10488 | 40319 362815 3626191 39832334 476562216
12468537 1 -16 159 -1324 10540 | 40319 362815 3626191 39832335 476562308
12468573 1 -16 157 -1262 9475 | 40319 362815 3626193 39832515 476571869
12468735 1 -16 157 -1254 9141 | 40319 362815 3626193 39832507 476571051
12468753 1 -16 157 -1260 9387 | 40319 362815 3626193 39832513 476571669
12473568 1 -16 158 -1300 10235 | 40319 362815 3626192 39832432 476567869
12473586 1 -16 159 -1335 10949 | 40319 362815 3626191 39832346 476563483
12473658 1 -16 157 -1266 9529 | 40319 362815 3626193 39832519 476572391
12473685 1 -16 159 -1331 10798 | 40319 362815 3626191 39832342 476563058
12473856 1 -16 158 -1293 9965 | 40319 362815 3626192 39832425 476567131
12473865 1 -16 158 -1290 9802 | 40319 362815 3626192 39832422 476566862
12475368 1 -16 159 -1332 10844 | 40319 362815 3626191 39832343 476563156
12475386 1 -16 159 -1327 10631 | 40319 362815 3626191 39832338 476562649
12475638 1 -16 157 -1256 9163 | 40319 362815 3626193 39832509 476571317
12475683 1 -16 157 -1261 9446 | 40319 362815 3626193 39832514 476571754
12475836 1 -16 159 -1326 10625 | 40319 362815 3626191 39832337 476562511
12475863 1 -16 157 -1262 9467 | 40319 362815 3626193 39832515 476571877
12476358 1 -16 158 -1297 10126 | 40319 362815 3626192 39832429 476567546
12476385 1 -16 158 -1278 9290 | 40319 362815 3626192 39832410 476565646
12476538 1 -16 156 -1228 8717 | 40319 362815 3626194 39832602 476576443
12476583 1 -16 155 -1189 7899 | 40319 362815 3626195 39832684 476580357
12476835 1 -16 157 -1251 8989 | 40319 362815 3626193 39832504 476570771
12476853 1 -16 157 -1260 9388 | 40319 362815 3626193 39832513 476571668
12478356 1 -16 157 -1251 8949 | 40319 362815 3626193 39832504 476570811
12478365 1 -16 157 -1249 8867 | 40319 362815 3626193 39832502 476570605
12478536 1 -16 158 -1283 9544 | 40319 362815 3626192 39832415 476566112
12478563 1 -16 156 -1222 8514 | 40319 362815 3626194 39832596 476575782
12478635 1 -16 157 -1250 8924 | 40319 362815 3626193 39832503 476570692
12478653 1 -16 156 -1223 8577 | 40319 362815 3626194 39832597 476575863
12483567 1 -16 157 -1261 9377 | 40319 362815 3626193 39832514 476571823
12483576 1 -16 157 -1254 9038 | 40319 362815 3626193 39832507 476571154
12483657 1 -16 157 -1258 9228 | 40319 362815 3626193 39832511 476571540
12483675 1 -16 157 -1255 9107 | 40319 362815 3626193 39832508 476571229
12483756 1 -16 157 -1258 9253 | 40319 362815 3626193 39832511 476571515
12483765 1 -16 156 -1230 8829 | 40319 362815 3626194 39832604 476576619
12485367 1 -16 158 -1287 9714 | 40319 362815 3626192 39832419 476566518
12485376 1 -16 158 -1283 9503 | 40319 362815 3626192 39832415 476566153
12485637 1 -16 158 -1281 9469 | 40319 362815 3626192 39832413 476565899
12485673 1 -16 156 -1224 8621 | 40319 362815 3626194 39832598 476575963
12485736 1 -16 159 -1324 10535 | 40319 362815 3626191 39832335 476562313
12485763 1 -16 157 -1258 9301 | 40319 362815 3626193 39832511 476571467
12486357 1 -16 159 -1324 10538 | 40319 362815 3626191 39832335 476562310
12486375 1 -16 159 -1326 10613 | 40319 362815 3626191 39832337 476562523
12486537 1 -16 158 -1281 9441 | 40319 362815 3626192 39832413 476565927
12486573 1 -16 157 -1256 9214 | 40319 362815 3626193 39832509 476571266
12486735 1 -16 157 -1254 9103 | 40319 362815 3626193 39832507 476571089
12486753 1 -16 156 -1225 8661 | 40319 362815 3626194 39832599 476576067
12487356 1 -16 157 -1244 8604 | 40319 362815 3626193 39832497 476570148
12487365 1 -16 157 -1250 8895 | 40319 362815 3626193 39832503 476570721
12487536 1 -16 158 -1287 9725 | 40319 362815 3626192 39832419 476566507
12487563 1 -16 156 -1223 8579 | 40319 362815 3626194 39832597 476575861
12487635 1 -16 157 -1257 9234 | 40319 362815 3626193 39832510 476571390
12487653 1 -16 155 -1197 8226 | 40319 362815 3626195 39832692 476581182
12543768 1 -16 153 -1142 7380 | 40319 362815 3626197 39832879 476591532
12543786 1 -16 154 -1172 7906 | 40319 362815 3626196 39832788 476586614
12546738 1 -16 156 -1223 8563 | 40319 362815 3626194 39832597 476575877
12546783 1 -16 155 -1195 8167 | 40319 362815 3626195 39832690 476580953
12546837 1 -16 157 -1250 8897 | 40319 362815 3626193 39832503 476570719
12546873 1 -16 155 -1188 7857 | 40319 362815 3626195 39832683 476580255
12547368 1 -16 157 -1266 9547 | 40319 362815 3626193 39832519 476572373
12547386 1 -16 158 -1293 9936 | 40319 362815 3626192 39832425 476567160
12547638 1 -16 156 -1222 8479 | 40319 362815 3626194 39832596 476575817
12547683 1 -16 155 -1193 8083 | 40319 362815 3626195 39832688 476580749
12547836 1 -16 157 -1249 8869 | 40319 362815 3626193 39832502 476570603
12547863 1 -16 156 -1221 8486 | 40319 362815 3626194 39832595 476575666
12548367 1 -16 157 -1255 9092 | 40319 362815 3626193 39832508 476571244
12548376 1 -16 156 -1224 8553 | 40319 362815 3626194 39832598 476576031
12548637 1 -16 158 -1283 9519 | 40319 362815 3626192 39832415 476566137
12548673 1 -16 156 -1221 8488 | 40319 362815 3626194 39832595 476575664
12548736 1 -16 157 -1251 8954 | 40319 362815 3626193 39832504 476570806
12548763 1 -16 155 -1190 7939 | 40319 362815 3626195 39832685 476580461
12563478 1 -16 155 -1192 7939 | 40319 362815 3626195 39832687 476580749
12563748 1 -16 157 -1254 9063 | 40319 362815 3626193 39832507 476571129
12563784 1 -16 157 -1247 8780 | 40319 362815 3626193 39832500 476570404
12563847 1 -16 158 -1286 9678 | 40319 362815 3626192 39832418 476566410
12563874 1 -16 157 -1246 8729 | 40319 362815 3626193 39832499 476570311
12564378 1 -16 155 -1194 8041 | 40319 362815 3626195 39832689 476580935
12564738 1 -16 157 -1258 9274 | 40319 362815 3626193 39832511 476571494
12564783 1 -16 156 -1219 8397 | 40319 362815 3626194 39832593 476575467
12564837 1 -16 157 -1250 8928 | 40319 362815 3626193 39832503 476570688
12564873 1 -16 156 -1217 8324 | 40319 362815 3626194 39832591 476575252
12567348 1 -16 155 -1188 7860 | 40319 362815 3626195 39832683 476580252
12567384 1 -16 156 -1221 8545 | 40319 362815 3626194 39832595 476575607
12567438 1 -16 155 -1188 7862 | 40319 362815 3626195 39832683 476580250
12567483 1 -16 156 -1222 8552 | 40319 362815 3626194 39832596 476575744
12567834 1 -16 154 -1162 7549 | 40319 362815 3626196 39832778 476585531
12567843 1 -16 154 -1162 7549 | 40319 362815 3626196 39832778 476585531
12568347 1 -16 157 -1248 8844 | 40319 362815 3626193 39832501 476570484
12568374 1 -16 158 -1282 9529 | 40319 362815 3626192 39832414 476565983
12568437 1 -16 157 -1241 8497 | 40319 362815 3626193 39832494 476569823
12568473 1 -16 158 -1292 9988 | 40319 362815 3626192 39832424 476566964
12568734 1 -16 155 -1188 7888 | 40319 362815 3626195 39832683 476580224
12568743 1 -16 155 -1188 7883 | 40319 362815 3626195 39832683 476580229
12573648 1 -16 158 -1295 10016 | 40319 362815 3626192 39832427 476567368
12573684 1 -16 159 -1322 10429 | 40319 362815 3626191 39832333 476562131
12573846 1 -16 158 -1283 9578 | 40319 362815 3626192 39832415 476566078
12573864 1 -16 159 -1319 10310 | 40319 362815 3626191 39832330 476561818
12574368 1 -16 158 -1297 10122 | 40319 362815 3626192 39832429 476567550
12574386 1 -16 158 -1287 9678 | 40319 362815 3626192 39832419 476566554
12574638 1 -16 157 -1262 9408 | 40319 362815 3626193 39832515 476571936
12574683 1 -16 157 -1258 9301 | 40319 362815 3626193 39832511 476571467
12574836 1 -16 159 -1321 10393 | 40319 362815 3626191 39832332 476562023
12574863 1 -16 158 -1290 9872 | 40319 362815 3626192 39832422 476566792
12576348 1 -16 156 -1218 8331 | 40319 362815 3626194 39832592 476575389
12576384 1 -16 157 -1247 8824 | 40319 362815 3626193 39832500 476570360
12576438 1 -16 156 -1224 8572 | 40319 362815 3626194 39832598 476576012
12576483 1 -16 157 -1256 9234 | 40319 362815 3626193 39832509 476571246
12576834 1 -16 155 -1190 7968 | 40319 362815 3626195 39832685 476580432
12576843 1 -16 155 -1190 7959 | 40319 362815 3626195 39832685 476580441
12578346 1 -16 156 -1218 8382 | 40319 362815 3626194 39832592 476575338
12578364 1 -16 158 -1287 9746 | 40319 362815 3626192 39832419 476566486
12578436 1 -16 157 -1250 8939 | 40319 362815 3626193 39832503 476570677
12578463 1 -16 157 -1259 9328 | 40319 362815 3626193 39832512 476571584
12578634 1 -16 156 -1225 8700 | 40319 362815 3626194 39832599 476576028
12578643 1 -16 156 -1225 8678 | 40319 362815 3626194 39832599 476576050
12583674 1 -16 158 -1274 9122 | 40319 362815 3626192 39832406 476565238
12583764 1 -16 157 -1248 8794 | 40319 362815 3626193 39832501 476570534
12584367 1 -16 157 -1245 8626 | 40319 362815 3626193 39832498 476570270
12584376 1 -16 157 -1252 8961 | 40319 362815 3626193 39832505 476570943
12584637 1 -16 159 -1320 10351 | 40319 362815 3626191 39832331 476561921
12584673 1 -16 158 -1293 10025 | 40319 362815 3626192 39832425 476567071
12584736 1 -16 158 -1289 9800 | 40319 362815 3626192 39832421 476566720
12584763 1 -16 157 -1250 8904 | 40319 362815 3626193 39832503 476570712
12586347 1 -16 158 -1280 9416 | 40319 362815 3626192 39832412 476565808
12586374 1 -16 159 -1323 10512 | 40319 362815 3626191 39832334 476562192
12586437 1 -16 158 -1284 9611 | 40319 362815 3626192 39832416 476566189
12586473 1 -16 159 -1328 10749 | 40319 362815 3626191 39832339 476562675
12586734 1 -16 156 -1225 8684 | 40319 362815 3626194 39832599 476576044
12586743 1 -16 156 -1225 8684 | 40319 362815 3626194 39832599 476576044
12587346 1 -16 157 -1250 8959 | 40319 362815 3626193 39832503 476570657
12587364 1 -16 158 -1285 9668 | 40319 362815 3626192 39832417 476566276
12587436 1 -16 157 -1240 8442 | 40319 362815 3626193 39832493 476569734
12587463 1 -16 158 -1296 10149 | 40319 362815 3626192 39832428 476567379
12587634 1 -16 155 -1186 7783 | 40319 362815 3626195 39832681 476580041
12587643 1 -16 155 -1188 7843 | 40319 362815 3626195 39832683 476580269
12645378 1 -16 155 -1197 8150 | 40319 362815 3626195 39832692 476581258
12645738 1 -16 157 -1256 9183 | 40319 362815 3626193 39832509 476571297
12645783 1 -16 156 -1221 8497 | 40319 362815 3626194 39832595 476575655
12645837 1 -16 157 -1247 8779 | 40319 362815 3626193 39832500 476570405
12645873 1 -16 156 -1217 8332 | 40319 362815 3626194 39832591 476575244
12647358 1 -16 158 -1295 10017 | 40319 362815 3626192 39832427 476567367
12647385 1 -16 159 -1321 10390 | 40319 362815 3626191 39832332 476562026
12647538 1 -16 157 -1262 9408 | 40319 362815 3626193 39832515 476571936
12647583 1 -16 157 -1258 9297 | 40319 362815 3626193 39832511 476571471
12647835 1 -16 158 -1284 9579 | 40319 362815 3626192 39832416 476566221
12647853 1 -16 158 -1294 10052 | 40319 362815 3626192 39832426 476567188
12648375 1 -16 158 -1284 9590 | 40319 362815 3626192 39832416 476566210
12648537 1 -16 159 -1324 10522 | 40319 362815 3626191 39832335 476562326
12648573 1 -16 158 -1291 9919 | 40319 362815 3626192 39832423 476566889
12648735 1 -16 158 -1287 9742 | 40319 362815 3626192 39832419 476566490
12648753 1 -16 157 -1257 9216 | 40319 362815 3626193 39832510 476571408
12654378 1 -16 153 -1141 7339 | 40319 362815 3626197 39832878 476591429
12654738 1 -16 156 -1228 8730 | 40319 362815 3626194 39832602 476576430
12654783 1 -16 155 -1190 7948 | 40319 362815 3626195 39832685 476580452
12654837 1 -16 156 -1227 8727 | 40319 362815 3626194 39832601 476576289
12654873 1 -16 155 -1190 7942 | 40319 362815 3626195 39832685 476580458
12657348 1 -16 156 -1218 8331 | 40319 362815 3626194 39832592 476575389
12657384 1 -16 157 -1250 8968 | 40319 362815 3626193 39832503 476570648
12657438 1 -16 156 -1224 8564 | 40319 362815 3626194 39832598 476576020
12657483 1 -16 157 -1258 9306 | 40319 362815 3626193 39832511 476571462
12657834 1 -16 155 -1188 7885 | 40319 362815 3626195 39832683 476580227
12657843 1 -16 155 -1188 7871 | 40319 362815 3626195 39832683 476580241
12658347 1 -16 157 -1246 8768 | 40319 362815 3626193 39832499 476570272
12658374 1 -16 158 -1285 9674 | 40319 362815 3626192 39832417 476566270
12658437 1 -16 157 -1249 8845 | 40319 362815 3626193 39832502 476570627
12658473 1 -16 157 -1255 9146 | 40319 362815 3626193 39832508 476571190
12658734 1 -16 155 -1187 7839 | 40319 362815 3626195 39832682 476580129
12658743 1 -16 155 -1187 7819 | 40319 362815 3626195 39832682 476580149
12674538 1 -16 155 -1193 8037 | 40319 362815 3626195 39832688 476580795
12674583 1 -16 156 -1218 8355 | 40319 362815 3626194 39832592 476575365
12674835 1 -16 158 -1288 9792 | 40319 362815 3626192 39832420 476566584
12674853 1 -16 157 -1259 9337 | 40319 362815 3626193 39832512 476571575
12675348 1 -16 155 -1184 7656 | 40319 362815 3626195 39832679 476579880
12675384 1 -16 157 -1246 8750 | 40319 362815 3626193 39832499 476570290
12675438 1 -16 155 -1198 8266 | 40319 362815 3626195 39832693 476581286
12675483 1 -16 156 -1219 8432 | 40319 362815 3626194 39832593 476575432
12675834 1 -16 156 -1224 8661 | 40319 362815 3626194 39832598 476575923
12675843 1 -16 156 -1226 8709 | 40319 362815 3626194 39832600 476576163
12678345 1 -16 154 -1162 7557 | 40319 362815 3626196 39832778 476585523
12678354 1 -16 155 -1193 8129 | 40319 362815 3626195 39832688 476580703
12678435 1 -16 155 -1193 8128 | 40319 362815 3626195 39832688 476580704
12678453 1 -16 154 -1161 7507 | 40319 362815 3626196 39832777 476585429
12678534 1 -16 154 -1160 7491 | 40319 362815 3626196 39832776 476585301
12678543 1 -16 154 -1162 7536 | 40319 362815 3626196 39832778 476585544
12684537 1 -16 157 -1250 8938 | 40319 362815 3626193 39832503 476570678
12684573 1 -16 157 -1256 9216 | 40319 362815 3626193 39832509 476571264
12684735 1 -16 158 -1287 9734 | 40319 362815 3626192 39832419 476566498
12684753 1 -16 158 -1298 10209 | 40319 362815 3626192 39832430 476567607
12685374 1 -16 159 -1327 10675 | 40319 362815 3626191 39832338 476562605
12685437 1 -16 157 -1258 9271 | 40319 362815 3626193 39832511 476571497
12685473 1 -16 158 -1292 9962 | 40319 362815 3626192 39832424 476566990
12685734 1 -16 156 -1226 8720 | 40319 362815 3626194 39832600 476576152
12685743 1 -16 156 -1230 8866 | 40319 362815 3626194 39832604 476576582
12687354 1 -16 155 -1180 7531 | 40319 362815 3626195 39832675 476579429
12687435 1 -16 155 -1180 7536 | 40319 362815 3626195 39832675 476579424
12687453 1 -16 155 -1192 8059 | 40319 362815 3626195 39832687 476580629
12687534 1 -16 155 -1192 8083 | 40319 362815 3626195 39832687 476580605
12687543 1 -16 155 -1195 8170 | 40319 362815 3626195 39832690 476580950
12745638 1 -16 155 -1185 7724 | 40319 362815 3626195 39832680 476579956
12745683 1 -16 156 -1220 8486 | 40319 362815 3626194 39832594 476575522
12745836 1 -16 158 -1274 9141 | 40319 362815 3626192 39832406 476565219
12745863 1 -16 158 -1293 10036 | 40319 362815 3626192 39832425 476567060
12746538 1 -16 157 -1261 9376 | 40319 362815 3626193 39832514 476571824
12746583 1 -16 157 -1252 9047 | 40319 362815 3626193 39832505 476570857
12746835 1 -16 159 -1323 10518 | 40319 362815 3626191 39832334 476562186
12746853 1 -16 159 -1328 10746 | 40319 362815 3626191 39832339 476562678
12748563 1 -16 157 -1256 9199 | 40319 362815 3626193 39832509 476571281
12748635 1 -16 159 -1327 10680 | 40319 362815 3626191 39832338 476562600
12748653 1 -16 158 -1292 9962 | 40319 362815 3626192 39832424 476566990
12754638 1 -16 157 -1261 9397 | 40319 362815 3626193 39832514 476571803
12754683 1 -16 157 -1254 9154 | 40319 362815 3626193 39832507 476571038
12754836 1 -16 157 -1245 8706 | 40319 362815 3626193 39832498 476570190
12754863 1 -16 157 -1250 8918 | 40319 362815 3626193 39832503 476570698
12756438 1 -16 155 -1195 8121 | 40319 362815 3626195 39832690 476580999
12756483 1 -16 156 -1221 8509 | 40319 362815 3626194 39832595 476575643
12756834 1 -16 156 -1224 8668 | 40319 362815 3626194 39832598 476575916
12756843 1 -16 156 -1224 8654 | 40319 362815 3626194 39832598 476575930
12758436 1 -16 158 -1287 9736 | 40319 362815 3626192 39832419 476566496
12758463 1 -16 158 -1295 10095 | 40319 362815 3626192 39832427 476567289
12758634 1 -16 156 -1226 8720 | 40319 362815 3626194 39832600 476576152
12758643 1 -16 156 -1228 8794 | 40319 362815 3626194 39832602 476576366
12764583 1 -16 156 -1219 8427 | 40319 362815 3626194 39832593 476575437
12764853 1 -16 158 -1298 10226 | 40319 362815 3626192 39832430 476567590
12765438 1 -16 153 -1141 7343 | 40319 362815 3626197 39832878 476591425
12765483 1 -16 155 -1196 8199 | 40319 362815 3626195 39832691 476581065
12765834 1 -16 155 -1186 7782 | 40319 362815 3626195 39832681 476580042
12765843 1 -16 155 -1189 7880 | 40319 362815 3626195 39832684 476580376
12768435 1 -16 155 -1180 7519 | 40319 362815 3626195 39832675 476579441
12768453 1 -16 155 -1192 8059 | 40319 362815 3626195 39832687 476580629
12768534 1 -16 155 -1192 8069 | 40319 362815 3626195 39832687 476580619
12768543 1 -16 155 -1197 8241 | 40319 362815 3626195 39832692 476581167
12784563 1 -16 154 -1161 7507 | 40319 362815 3626196 39832777 476585429
12784653 1 -16 156 -1228 8803 | 40319 362815 3626194 39832602 476576357
12785463 1 -16 156 -1228 8821 | 40319 362815 3626194 39832602 476576339
12785634 1 -16 154 -1165 7649 | 40319 362815 3626196 39832781 476585863
12785643 1 -16 154 -1163 7570 | 40319 362815 3626196 39832779 476585654
12786453 1 -16 154 -1161 7490 | 40319 362815 3626196 39832777 476585446
12786534 1 -16 154 -1160 7473 | 40319 362815 3626196 39832776 476585319
12786543 1 -16 154 -1167 7712 | 40319 362815 3626196 39832783 476586088
12845673 1 -16 154 -1161 7525 | 40319 362815 3626196 39832777 476585411
12845763 1 -16 156 -1222 8554 | 40319 362815 3626194 39832596 476575742
12846573 1 -16 156 -1225 8690 | 40319 362815 3626194 39832599 476576038
12846753 1 -16 157 -1260 9386 | 40319 362815 3626193 39832513 476571670
12847653 1 -16 156 -1222 8471 | 40319 362815 3626194 39832596 476575825
12854673 1 -16 156 -1222 8562 | 40319 362815 3626194 39832596 476575734
12854763 1 -16 156 -1220 8443 | 40319 362815 3626194 39832594 476575565
12856473 1 -16 157 -1260 9411 | 40319 362815 3626193 39832513 476571645
12856743 1 -16 154 -1161 7511 | 40319 362815 3626196 39832777 476585425
12857463 1 -16 157 -1268 9706 | 40319 362815 3626193 39832521 476572502
12857643 1 -16 156 -1230 8863 | 40319 362815 3626194 39832604 476576585
12865473 1 -16 156 -1219 8384 | 40319 362815 3626194 39832593 476575480
12865743 1 -16 156 -1229 8828 | 40319 362815 3626194 39832603 476576476
12867453 1 -16 154 -1166 7691 | 40319 362815 3626196 39832782 476585965
12867543 1 -16 154 -1166 7683 | 40319 362815 3626196 39832782 476585973
12875643 1 -16 154 -1164 7606 | 40319 362815 3626196 39832780 476585762
13245768 1 -16 153 -1142 7399 | 40319 362815 3626197 39832879 476591513
13245786 1 -16 154 -1173 7960 | 40319 362815 3626196 39832789 476586704
13246758 1 -16 155 -1209 8718 | 40319 362815 3626195 39832704 476582418
13246785 1 -16 154 -1166 7670 | 40319 362815 3626196 39832782 476585986
13246857 1 -16 155 -1207 8644 | 40319 362815 3626195 39832702 476582204
13246875 1 -16 155 -1205 8558 | 40319 362815 3626195 39832700 476582002
13247658 1 -16 153 -1142 7385 | 40319 362815 3626197 39832879 476591527
13247685 1 -16 155 -1205 8563 | 40319 362815 3626195 39832700 476581997
13247856 1 -16 154 -1167 7706 | 40319 362815 3626196 39832783 476586094
13247865 1 -16 154 -1168 7753 | 40319 362815 3626196 39832784 476586191
13248675 1 -16 154 -1170 7835 | 40319 362815 3626196 39832786 476586397
13254768 1 -16 153 -1143 7435 | 40319 362815 3626197 39832880 476591621
13254786 1 -16 154 -1173 7948 | 40319 362815 3626196 39832789 476586716
13256748 1 -16 155 -1194 8058 | 40319 362815 3626195 39832689 476580918
13256784 1 -16 154 -1165 7671 | 40319 362815 3626196 39832781 476585841
13256847 1 -16 157 -1268 9689 | 40319 362815 3626193 39832521 476572519
13256874 1 -16 155 -1195 8156 | 40319 362815 3626195 39832690 476580964
13257468 1 -16 156 -1240 9246 | 40319 362815 3626194 39832614 476577642
13257486 1 -16 157 -1270 9764 | 40319 362815 3626193 39832523 476572732
13257648 1 -16 156 -1236 9071 | 40319 362815 3626194 39832610 476577241
13257684 1 -16 155 -1197 8244 | 40319 362815 3626195 39832692 476581164
13257846 1 -16 156 -1229 8798 | 40319 362815 3626194 39832603 476576506
13257864 1 -16 156 -1232 8959 | 40319 362815 3626194 39832606 476576777
13258467 1 -16 157 -1272 9859 | 40319 362815 3626193 39832525 476572925
13258476 1 -16 156 -1235 9019 | 40319 362815 3626194 39832609 476577149
13258647 1 -16 158 -1304 10466 | 40319 362815 3626192 39832436 476568214
13258674 1 -16 156 -1232 8958 | 40319 362815 3626194 39832606 476576778
13258746 1 -16 157 -1268 9704 | 40319 362815 3626193 39832521 476572504
13258764 1 -16 155 -1197 8191 | 40319 362815 3626195 39832692 476581217
13265748 1 -16 156 -1236 9078 | 40319 362815 3626194 39832610 476577234
13265784 1 -16 155 -1195 8144 | 40319 362815 3626195 39832690 476580976
13265847 1 -16 156 -1232 8895 | 40319 362815 3626194 39832606 476576841
13265874 1 -16 155 -1194 8084 | 40319 362815 3626195 39832689 476580892
13267458 1 -16 155 -1196 8122 | 40319 362815 3626195 39832691 476581142
13267485 1 -16 156 -1226 8670 | 40319 362815 3626194 39832600 476576202
13267548 1 -16 155 -1198 8224 | 40319 362815 3626195 39832693 476581328
13267584 1 -16 156 -1230 8870 | 40319 362815 3626194 39832604 476576578
13267845 1 -16 154 -1162 7541 | 40319 362815 3626196 39832778 476585539
13267854 1 -16 154 -1162 7542 | 40319 362815 3626196 39832778 476585538
13268475 1 -16 157 -1266 9595 | 40319 362815 3626193 39832519 476572325
13268547 1 -16 157 -1269 9734 | 40319 362815 3626193 39832522 476572618
13268574 1 -16 156 -1234 9025 | 40319 362815 3626194 39832608 476576999
13268745 1 -16 155 -1193 8067 | 40319 362815 3626195 39832688 476580765
13268754 1 -16 155 -1195 8137 | 40319 362815 3626195 39832690 476580983
13275648 1 -16 155 -1201 8343 | 40319 362815 3626195 39832696 476581641
13275684 1 -16 156 -1228 8780 | 40319 362815 3626194 39832602 476576380
13275846 1 -16 157 -1267 9645 | 40319 362815 3626193 39832520 476572419
13275864 1 -16 156 -1234 9035 | 40319 362815 3626194 39832608 476576989
13276548 1 -16 153 -1142 7384 | 40319 362815 3626197 39832879 476591528
13276584 1 -16 155 -1196 8157 | 40319 362815 3626195 39832691 476581107
13276845 1 -16 155 -1193 8069 | 40319 362815 3626195 39832688 476580763
13276854 1 -16 155 -1197 8219 | 40319 362815 3626195 39832692 476581189
13278564 1 -16 154 -1165 7646 | 40319 362815 3626196 39832781 476585866
13278645 1 -16 154 -1160 7445 | 40319 362815 3626196 39832776 476585347
13278654 1 -16 154 -1167 7730 | 40319 362815 3626196 39832783 476586070
13285674 1 -16 154 -1161 7495 | 40319 362815 3626196 39832777 476585441
13285764 1 -16 156 -1236 9128 | 40319 362815 3626194 39832610 476577184
13286574 1 -16 156 -1233 9005 | 40319 362815 3626194 39832607 476576875
13286754 1 -16 154 -1166 7685 | 40319 362815 3626196 39832782 476585971
13425786 1 -16 156 -1244 9513 | 40319 362815 3626194 39832618 476577951
13426758 1 -16 156 -1232 8921 | 40319 362815 3626194 39832606 476576815
13426785 1 -16 155 -1196 8254 | 40319 362815 3626195 39832691 476581010
13426857 1 -16 156 -1232 8958 | 40319 362815 3626194 39832606 476576778
13426875 1 -16 156 -1232 8977 | 40319 362815 3626194 39832606 476576759
13427568 1 -16 156 -1232 8921 | 40319 362815 3626194 39832606 476576815
13427586 1 -16 156 -1232 8958 | 40319 362815 3626194 39832606 476576778
13427658 1 -16 155 -1208 8660 | 40319 362815 3626195 39832703 476582332
13427685 1 -16 156 -1232 8990 | 40319 362815 3626194 39832606 476576746
13427856 1 -16 155 -1196 8233 | 40319 362815 3626195 39832691 476581031
13427865 1 -16 155 -1196 8226 | 40319 362815 3626195 39832691 476581038
13428567 1 -16 155 -1196 8254 | 40319 362815 3626195 39832691 476581010
13428576 1 -16 156 -1232 8977 | 40319 362815 3626194 39832606 476576759
13428657 1 -16 156 -1232 8990 | 40319 362815 3626194 39832606 476576746
13428675 1 -16 155 -1197 8247 | 40319 362815 3626195 39832692 476581161
13428756 1 -16 155 -1196 8226 | 40319 362815 3626195 39832691 476581038
13452786 1 -16 155 -1189 7919 | 40319 362815 3626195 39832684 476580337
13456728 1 -16 155 -1198 8297 | 40319 362815 3626195 39832693 476581255
13456782 1 -16 154 -1169 7806 | 40319 362815 3626196 39832785 476586282
13456827 1 -16 157 -1261 9463 | 40319 362815 3626193 39832514 476571737
13456872 1 -16 155 -1199 8331 | 40319 362815 3626195 39832694 476581365
13457268 1 -16 158 -1293 10003 | 40319 362815 3626192 39832425 476567093
13457286 1 -16 158 -1289 9903 | 40319 362815 3626192 39832421 476566617
13457628 1 -16 156 -1227 8773 | 40319 362815 3626194 39832601 476576243
13457682 1 -16 155 -1198 8294 | 40319 362815 3626195 39832693 476581258
13457826 1 -16 157 -1250 8998 | 40319 362815 3626193 39832503 476570618
13457862 1 -16 156 -1227 8774 | 40319 362815 3626194 39832601 476576242
13458267 1 -16 157 -1247 8896 | 40319 362815 3626193 39832500 476570288
13458276 1 -16 157 -1250 8971 | 40319 362815 3626193 39832503 476570645
13458627 1 -16 158 -1291 9993 | 40319 362815 3626192 39832423 476566815
13458672 1 -16 156 -1229 8851 | 40319 362815 3626194 39832603 476576453
13458726 1 -16 157 -1248 8930 | 40319 362815 3626193 39832501 476570398
13458762 1 -16 155 -1194 8134 | 40319 362815 3626195 39832689 476580842
13462758 1 -16 159 -1325 10554 | 40319 362815 3626191 39832336 476562438
13462785 1 -16 158 -1282 9554 | 40319 362815 3626192 39832414 476565958
13462857 1 -16 159 -1322 10491 | 40319 362815 3626191 39832333 476562069
13462875 1 -16 158 -1279 9358 | 40319 362815 3626192 39832411 476565722
13465728 1 -16 156 -1226 8733 | 40319 362815 3626194 39832600 476576139
13465782 1 -16 155 -1196 8207 | 40319 362815 3626195 39832691 476581057
13465827 1 -16 157 -1253 9115 | 40319 362815 3626193 39832506 476570933
13465872 1 -16 155 -1195 8170 | 40319 362815 3626195 39832690 476580950
13467258 1 -16 158 -1279 9370 | 40319 362815 3626192 39832411 476565710
13467285 1 -16 158 -1282 9606 | 40319 362815 3626192 39832414 476565906
13467528 1 -16 157 -1251 8988 | 40319 362815 3626193 39832504 476570772
13467582 1 -16 157 -1262 9465 | 40319 362815 3626193 39832515 476571879
13467825 1 -16 157 -1254 9190 | 40319 362815 3626193 39832507 476571002
13467852 1 -16 156 -1220 8447 | 40319 362815 3626194 39832594 476575561
13468257 1 -16 159 -1313 10102 | 40319 362815 3626191 39832324 476561162
13468275 1 -16 159 -1310 9987 | 40319 362815 3626191 39832321 476560845
13468527 1 -16 159 -1317 10298 | 40319 362815 3626191 39832328 476561542
13468572 1 -16 157 -1260 9394 | 40319 362815 3626193 39832513 476571662
13468725 1 -16 157 -1241 8604 | 40319 362815 3626193 39832494 476569716
13468752 1 -16 157 -1257 9275 | 40319 362815 3626193 39832510 476571349
13472568 1 -16 158 -1275 9111 | 40319 362815 3626192 39832407 476565393
13472586 1 -16 159 -1312 9948 | 40319 362815 3626191 39832323 476561172
13472658 1 -16 158 -1287 9653 | 40319 362815 3626192 39832419 476566579
13472685 1 -16 159 -1312 10015 | 40319 362815 3626191 39832323 476561105
13472856 1 -16 158 -1277 9313 | 40319 362815 3626192 39832409 476565479
13472865 1 -16 158 -1277 9335 | 40319 362815 3626192 39832409 476565457
13475268 1 -16 159 -1319 10323 | 40319 362815 3626191 39832330 476561805
13475286 1 -16 159 -1316 10223 | 40319 362815 3626191 39832327 476561473
13475628 1 -16 157 -1253 9086 | 40319 362815 3626193 39832506 476570962
13475682 1 -16 157 -1261 9425 | 40319 362815 3626193 39832514 476571775
13475826 1 -16 159 -1317 10278 | 40319 362815 3626191 39832328 476561562
13475862 1 -16 157 -1262 9476 | 40319 362815 3626193 39832515 476571868
13476258 1 -16 158 -1277 9243 | 40319 362815 3626192 39832409 476565549
13476285 1 -16 158 -1270 9065 | 40319 362815 3626192 39832402 476564719
13476528 1 -16 156 -1222 8544 | 40319 362815 3626194 39832596 476575752
13476582 1 -16 155 -1193 8103 | 40319 362815 3626195 39832688 476580729
13476825 1 -16 157 -1241 8622 | 40319 362815 3626193 39832494 476569698
13476852 1 -16 157 -1257 9281 | 40319 362815 3626193 39832510 476571343
13478256 1 -16 157 -1239 8528 | 40319 362815 3626193 39832492 476569504
13478265 1 -16 157 -1239 8537 | 40319 362815 3626193 39832492 476569495
13478526 1 -16 158 -1274 9237 | 40319 362815 3626192 39832406 476565123
13478562 1 -16 156 -1219 8415 | 40319 362815 3626194 39832593 476575449
13478625 1 -16 157 -1241 8649 | 40319 362815 3626193 39832494 476569671
13478652 1 -16 156 -1220 8479 | 40319 362815 3626194 39832594 476575529
13482567 1 -16 157 -1247 8864 | 40319 362815 3626193 39832500 476570320
13482576 1 -16 157 -1241 8587 | 40319 362815 3626193 39832494 476569733
13482657 1 -16 157 -1241 8567 | 40319 362815 3626193 39832494 476569753
13482675 1 -16 157 -1244 8726 | 40319 362815 3626193 39832497 476570026
13482756 1 -16 157 -1244 8711 | 40319 362815 3626193 39832497 476570041
13482765 1 -16 157 -1257 9243 | 40319 362815 3626193 39832510 476571381
13485267 1 -16 158 -1280 9507 | 40319 362815 3626192 39832412 476565717
13485276 1 -16 158 -1274 9207 | 40319 362815 3626192 39832406 476565153
13485627 1 -16 158 -1278 9409 | 40319 362815 3626192 39832410 476565527
13485672 1 -16 156 -1221 8485 | 40319 362815 3626194 39832595 476575667
13485726 1 -16 159 -1314 10165 | 40319 362815 3626191 39832325 476561243
13485762 1 -16 157 -1258 9311 | 40319 362815 3626193 39832511 476571457
13486257 1 -16 159 -1307 9855 | 40319 362815 3626191 39832318 476560545
13486275 1 -16 159 -1310 9986 | 40319 362815 3626191 39832321 476560846
13486527 1 -16 158 -1275 9286 | 40319 362815 3626192 39832407 476565218
13486572 1 -16 157 -1256 9248 | 40319 362815 3626193 39832509 476571232
13486725 1 -16 157 -1241 8618 | 40319 362815 3626193 39832494 476569702
13486752 1 -16 156 -1222 8555 | 40319 362815 3626194 39832596 476575741
13487256 1 -16 157 -1239 8599 | 40319 362815 3626193 39832492 476569433
13487265 1 -16 157 -1241 8609 | 40319 362815 3626193 39832494 476569711
13487526 1 -16 158 -1278 9407 | 40319 362815 3626192 39832410 476565529
13487562 1 -16 156 -1220 8467 | 40319 362815 3626194 39832594 476575541
13487625 1 -16 157 -1248 8939 | 40319 362815 3626193 39832501 476570389
13487652 1 -16 155 -1194 8132 | 40319 362815 3626195 39832689 476580844
13524786 1 -16 156 -1230 8848 | 40319 362815 3626194 39832604 476576600
13526784 1 -16 158 -1293 10050 | 40319 362815 3626192 39832425 476567046
13526847 1 -16 160 -1358 11178 | 40319 362815 3626190 39832248 476557854
13526874 1 -16 158 -1284 9624 | 40319 362815 3626192 39832416 476566176
13527468 1 -16 159 -1329 10727 | 40319 362815 3626191 39832340 476562841
13527486 1 -16 159 -1324 10562 | 40319 362815 3626191 39832335 476562286
13527648 1 -16 159 -1329 10686 | 40319 362815 3626191 39832340 476562882
13527684 1 -16 158 -1284 9617 | 40319 362815 3626192 39832416 476566183
13527846 1 -16 159 -1324 10602 | 40319 362815 3626191 39832335 476562246
13527864 1 -16 158 -1284 9652 | 40319 362815 3626192 39832416 476566148
13528467 1 -16 159 -1326 10674 | 40319 362815 3626191 39832337 476562462
13528476 1 -16 159 -1325 10560 | 40319 362815 3626191 39832336 476562432
13528647 1 -16 160 -1356 11151 | 40319 362815 3626190 39832246 476557593
13528674 1 -16 158 -1284 9658 | 40319 362815 3626192 39832416 476566142
13528746 1 -16 159 -1320 10399 | 40319 362815 3626191 39832331 476561873
13528764 1 -16 158 -1295 10092 | 40319 362815 3626192 39832427 476567292
13542786 1 -16 156 -1228 8789 | 40319 362815 3626194 39832602 476576371
13546782 1 -16 155 -1198 8294 | 40319 362815 3626195 39832693 476581258
13546827 1 -16 157 -1253 9126 | 40319 362815 3626193 39832506 476570922
13546872 1 -16 155 -1193 8082 | 40319 362815 3626195 39832688 476580750
13547268 1 -16 158 -1290 9847 | 40319 362815 3626192 39832422 476566817
13547286 1 -16 158 -1280 9467 | 40319 362815 3626192 39832412 476565757
13547628 1 -16 156 -1225 8692 | 40319 362815 3626194 39832599 476576036
13547682 1 -16 155 -1198 8304 | 40319 362815 3626195 39832693 476581248
13547826 1 -16 157 -1244 8756 | 40319 362815 3626193 39832497 476569996
13547862 1 -16 156 -1224 8652 | 40319 362815 3626194 39832598 476575932
13548267 1 -16 157 -1241 8594 | 40319 362815 3626193 39832494 476569726
13548276 1 -16 157 -1249 8911 | 40319 362815 3626193 39832502 476570561
13548627 1 -16 158 -1284 9686 | 40319 362815 3626192 39832416 476566114
13548672 1 -16 156 -1224 8652 | 40319 362815 3626194 39832598 476575932
13548726 1 -16 157 -1246 8840 | 40319 362815 3626193 39832499 476570200
13548762 1 -16 155 -1193 8099 | 40319 362815 3626195 39832688 476580733
13562748 1 -16 158 -1280 9450 | 40319 362815 3626192 39832412 476565774
13562784 1 -16 158 -1282 9605 | 40319 362815 3626192 39832414 476565907
13562847 1 -16 159 -1313 10127 | 40319 362815 3626191 39832324 476561137
13562874 1 -16 158 -1277 9366 | 40319 362815 3626192 39832409 476565426
13564728 1 -16 158 -1296 10206 | 40319 362815 3626192 39832428 476567322
13564782 1 -16 157 -1262 9486 | 40319 362815 3626193 39832515 476571858
13564827 1 -16 158 -1282 9589 | 40319 362815 3626192 39832414 476565923
13564872 1 -16 157 -1260 9417 | 40319 362815 3626193 39832513 476571639
13567248 1 -16 157 -1253 9139 | 40319 362815 3626193 39832506 476570909
13567284 1 -16 157 -1252 9127 | 40319 362815 3626193 39832505 476570777
13567428 1 -16 157 -1254 9150 | 40319 362815 3626193 39832507 476571042
13567482 1 -16 157 -1254 9104 | 40319 362815 3626193 39832507 476571088
13567824 1 -16 156 -1228 8821 | 40319 362815 3626194 39832602 476576339
13567842 1 -16 156 -1229 8864 | 40319 362815 3626194 39832603 476576440
13568247 1 -16 159 -1311 10044 | 40319 362815 3626191 39832322 476560932
13568274 1 -16 159 -1310 10026 | 40319 362815 3626191 39832321 476560806
13568427 1 -16 159 -1307 9856 | 40319 362815 3626191 39832318 476560544
13568472 1 -16 159 -1324 10578 | 40319 362815 3626191 39832335 476562270
13568724 1 -16 157 -1255 9235 | 40319 362815 3626193 39832508 476571101
13568742 1 -16 157 -1255 9197 | 40319 362815 3626193 39832508 476571139
13572468 1 -16 159 -1321 10417 | 40319 362815 3626191 39832332 476561999
13572486 1 -16 160 -1352 10996 | 40319 362815 3626190 39832242 476557172
13572648 1 -16 160 -1353 10976 | 40319 362815 3626190 39832243 476557336
13572684 1 -16 160 -1345 10693 | 40319 362815 3626190 39832235 476556467
13572846 1 -16 159 -1313 10170 | 40319 362815 3626191 39832324 476561094
13572864 1 -16 160 -1346 10772 | 40319 362815 3626190 39832236 476556532
13574268 1 -16 160 -1356 11139 | 40319 362815 3626190 39832246 476557605
13574286 1 -16 160 -1350 10917 | 40319 362815 3626190 39832240 476556963
13574628 1 -16 158 -1290 9890 | 40319 362815 3626192 39832422 476566774
13574682 1 -16 158 -1300 10339 | 40319 362815 3626192 39832432 476567765
13574826 1 -16 160 -1346 10753 | 40319 362815 3626190 39832236 476556551
13574862 1 -16 159 -1330 10848 | 40319 362815 3626191 39832341 476562864
13576248 1 -16 158 -1282 9569 | 40319 362815 3626192 39832414 476565943
13576284 1 -16 158 -1279 9516 | 40319 362815 3626192 39832411 476565564
13576428 1 -16 158 -1290 9897 | 40319 362815 3626192 39832422 476566767
13576482 1 -16 158 -1292 10001 | 40319 362815 3626192 39832424 476566951
13576824 1 -16 157 -1257 9318 | 40319 362815 3626193 39832510 476571306
13576842 1 -16 157 -1257 9281 | 40319 362815 3626193 39832510 476571343
13578246 1 -16 158 -1284 9702 | 40319 362815 3626192 39832416 476566098
13578264 1 -16 159 -1312 10103 | 40319 362815 3626191 39832323 476561017
13578426 1 -16 159 -1315 10247 | 40319 362815 3626191 39832326 476561305
13578462 1 -16 158 -1289 9849 | 40319 362815 3626192 39832421 476566671
13578624 1 -16 158 -1290 9974 | 40319 362815 3626192 39832422 476566690
13578642 1 -16 158 -1292 10008 | 40319 362815 3626192 39832424 476566944
13582467 1 -16 159 -1313 10097 | 40319 362815 3626191 39832324 476561167
13582476 1 -16 159 -1313 10090 | 40319 362815 3626191 39832324 476561174
13582647 1 -16 160 -1339 10421 | 40319 362815 3626190 39832229 476555875
13582674 1 -16 159 -1302 9665 | 40319 362815 3626191 39832313 476560015
13582746 1 -16 160 -1342 10576 | 40319 362815 3626190 39832232 476556152
13582764 1 -16 159 -1311 10010 | 40319 362815 3626191 39832322 476560966
13584267 1 -16 159 -1307 9842 | 40319 362815 3626191 39832318 476560558
13584276 1 -16 159 -1309 9920 | 40319 362815 3626191 39832320 476560768
13584627 1 -16 160 -1348 10847 | 40319 362815 3626190 39832238 476556745
13584672 1 -16 159 -1330 10851 | 40319 362815 3626191 39832341 476562861
13584726 1 -16 160 -1351 10973 | 40319 362815 3626190 39832241 476557051
13584762 1 -16 158 -1291 9952 | 40319 362815 3626192 39832423 476566856
13586247 1 -16 160 -1344 10699 | 40319 362815 3626190 39832234 476556317
13586274 1 -16 160 -1348 10889 | 40319 362815 3626190 39832238 476556703
13586427 1 -16 160 -1346 10771 | 40319 362815 3626190 39832236 476556533
13586472 1 -16 160 -1360 11363 | 40319 362815 3626190 39832250 476557957
13586724 1 -16 158 -1290 9969 | 40319 362815 3626192 39832422 476566695
13586742 1 -16 158 -1292 10009 | 40319 362815 3626192 39832424 476566943
13587246 1 -16 159 -1314 10206 | 40319 362815 3626191 39832325 476561202
13587264 1 -16 159 -1309 9973 | 40319 362815 3626191 39832320 476560715
13587426 1 -16 159 -1303 9666 | 40319 362815 3626191 39832314 476560158
13587462 1 -16 159 -1326 10677 | 40319 362815 3626191 39832337 476562459
13587624 1 -16 157 -1251 9040 | 40319 362815 3626193 39832504 476570720
13587642 1 -16 157 -1257 9261 | 40319 362815 3626193 39832510 476571363
13624758 1 -16 160 -1371 11711 | 40319 362815 3626190 39832261 476559193
13624785 1 -16 159 -1316 10126 | 40319 362815 3626191 39832327 476561570
13624857 1 -16 160 -1358 11173 | 40319 362815 3626190 39832248 476557859
13624875 1 -16 159 -1327 10622 | 40319 362815 3626191 39832338 476562658
13625748 1 -16 160 -1363 11382 | 40319 362815 3626190 39832253 476558370
13625784 1 -16 159 -1320 10375 | 40319 362815 3626191 39832331 476561897
13625847 1 -16 160 -1361 11322 | 40319 362815 3626190 39832251 476558142
13625874 1 -16 159 -1315 10113 | 40319 362815 3626191 39832326 476561439
13627458 1 -16 159 -1322 10420 | 40319 362815 3626191 39832333 476562140
13627485 1 -16 160 -1356 11157 | 40319 362815 3626190 39832246 476557587
13627548 1 -16 159 -1323 10440 | 40319 362815 3626191 39832334 476562264
13627584 1 -16 160 -1354 11082 | 40319 362815 3626190 39832244 476557374
13627845 1 -16 158 -1280 9443 | 40319 362815 3626192 39832412 476565781
13627854 1 -16 158 -1280 9479 | 40319 362815 3626192 39832412 476565745
13628457 1 -16 159 -1317 10289 | 40319 362815 3626191 39832328 476561551
13628475 1 -16 160 -1347 10729 | 40319 362815 3626190 39832237 476556719
13628547 1 -16 159 -1307 9777 | 40319 362815 3626191 39832318 476560623
13628574 1 -16 160 -1355 11110 | 40319 362815 3626190 39832245 476557490
13628745 1 -16 158 -1277 9339 | 40319 362815 3626192 39832409 476565453
13628754 1 -16 158 -1279 9403 | 40319 362815 3626192 39832411 476565677
13642785 1 -16 159 -1312 10011 | 40319 362815 3626191 39832323 476561109
13642857 1 -16 160 -1352 10964 | 40319 362815 3626190 39832242 476557204
13642875 1 -16 159 -1323 10493 | 40319 362815 3626191 39832334 476562211
13645728 1 -16 158 -1293 10079 | 40319 362815 3626192 39832425 476567017
13645782 1 -16 157 -1261 9444 | 40319 362815 3626193 39832514 476571756
13645827 1 -16 158 -1280 9524 | 40319 362815 3626192 39832412 476565700
13645872 1 -16 157 -1260 9435 | 40319 362815 3626193 39832513 476571621
13647258 1 -16 160 -1354 11012 | 40319 362815 3626190 39832244 476557444
13647285 1 -16 160 -1345 10697 | 40319 362815 3626190 39832235 476556463
13647528 1 -16 158 -1290 9896 | 40319 362815 3626192 39832422 476566768
13647582 1 -16 158 -1300 10333 | 40319 362815 3626192 39832432 476567771
13647825 1 -16 159 -1311 10041 | 40319 362815 3626191 39832322 476560935
13647852 1 -16 159 -1328 10759 | 40319 362815 3626191 39832339 476562665
13648257 1 -16 160 -1339 10426 | 40319 362815 3626190 39832229 476555870
13648275 1 -16 160 -1349 10898 | 40319 362815 3626190 39832239 476556838
13648527 1 -16 160 -1348 10838 | 40319 362815 3626190 39832238 476556754
13648572 1 -16 159 -1327 10713 | 40319 362815 3626191 39832338 476562567
13648725 1 -16 159 -1312 10080 | 40319 362815 3626191 39832323 476561040
13648752 1 -16 158 -1291 9931 | 40319 362815 3626192 39832423 476566877
13652748 1 -16 159 -1310 9885 | 40319 362815 3626191 39832321 476560947
13652784 1 -16 158 -1270 9048 | 40319 362815 3626192 39832402 476564736
13652847 1 -16 159 -1303 9603 | 40319 362815 3626191 39832314 476560221
13652874 1 -16 158 -1273 9179 | 40319 362815 3626192 39832405 476565037
13654728 1 -16 156 -1221 8500 | 40319 362815 3626194 39832595 476575652
13654782 1 -16 155 -1193 8103 | 40319 362815 3626195 39832688 476580729
13654827 1 -16 157 -1255 9211 | 40319 362815 3626193 39832508 476571125
13654872 1 -16 155 -1193 8099 | 40319 362815 3626195 39832688 476580733
13657248 1 -16 158 -1279 9425 | 40319 362815 3626192 39832411 476565655
13657284 1 -16 158 -1279 9516 | 40319 362815 3626192 39832411 476565564
13657428 1 -16 158 -1288 9817 | 40319 362815 3626192 39832420 476566559
13657482 1 -16 158 -1292 9991 | 40319 362815 3626192 39832424 476566961
13657824 1 -16 157 -1252 9102 | 40319 362815 3626193 39832505 476570802
13657842 1 -16 157 -1255 9199 | 40319 362815 3626193 39832508 476571137
13658247 1 -16 159 -1306 9817 | 40319 362815 3626191 39832317 476560439
13658274 1 -16 159 -1308 9947 | 40319 362815 3626191 39832319 476560597
13658427 1 -16 159 -1308 9889 | 40319 362815 3626191 39832319 476560655
13658472 1 -16 158 -1288 9806 | 40319 362815 3626192 39832420 476566570
13658724 1 -16 157 -1252 9109 | 40319 362815 3626193 39832505 476570795
13658742 1 -16 157 -1254 9134 | 40319 362815 3626193 39832507 476571058
13672458 1 -16 158 -1280 9419 | 40319 362815 3626192 39832412 476565805
13672485 1 -16 159 -1303 9663 | 40319 362815 3626191 39832314 476560161
13672548 1 -16 158 -1278 9346 | 40319 362815 3626192 39832410 476565590
13672584 1 -16 159 -1302 9634 | 40319 362815 3626191 39832313 476560046
13672845 1 -16 158 -1278 9415 | 40319 362815 3626192 39832410 476565521
13672854 1 -16 158 -1275 9295 | 40319 362815 3626192 39832407 476565209
13674258 1 -16 159 -1312 10022 | 40319 362815 3626191 39832323 476561098
13674285 1 -16 159 -1302 9653 | 40319 362815 3626191 39832313 476560027
13674528 1 -16 157 -1250 8938 | 40319 362815 3626193 39832503 476570678
13674582 1 -16 157 -1252 9057 | 40319 362815 3626193 39832505 476570847
13674825 1 -16 159 -1302 9605 | 40319 362815 3626191 39832313 476560075
13674852 1 -16 158 -1282 9519 | 40319 362815 3626192 39832414 476565993
13675248 1 -16 158 -1278 9355 | 40319 362815 3626192 39832410 476565581
13675284 1 -16 158 -1265 8882 | 40319 362815 3626192 39832397 476564182
13675428 1 -16 157 -1251 9006 | 40319 362815 3626193 39832504 476570754
13675482 1 -16 157 -1254 9168 | 40319 362815 3626193 39832507 476571024
13675824 1 -16 158 -1282 9615 | 40319 362815 3626192 39832414 476565897
13675842 1 -16 158 -1290 9920 | 40319 362815 3626192 39832422 476566744
13678245 1 -16 157 -1253 9137 | 40319 362815 3626193 39832506 476570911
13678254 1 -16 157 -1250 9014 | 40319 362815 3626193 39832503 476570602
13678425 1 -16 158 -1287 9843 | 40319 362815 3626192 39832419 476566389
13678452 1 -16 156 -1222 8566 | 40319 362815 3626194 39832596 476575730
13678524 1 -16 157 -1254 9202 | 40319 362815 3626193 39832507 476570990
13678542 1 -16 156 -1222 8570 | 40319 362815 3626194 39832596 476575726
13682457 1 -16 159 -1311 10034 | 40319 362815 3626191 39832322 476560942
13682475 1 -16 160 -1343 10630 | 40319 362815 3626190 39832233 476556242
13682547 1 -16 159 -1306 9807 | 40319 362815 3626191 39832317 476560449
13682574 1 -16 160 -1343 10616 | 40319 362815 3626190 39832233 476556256
13682745 1 -16 159 -1305 9789 | 40319 362815 3626191 39832316 476560323
13682754 1 -16 159 -1306 9820 | 40319 362815 3626191 39832317 476560436
13684257 1 -16 160 -1344 10703 | 40319 362815 3626190 39832234 476556313
13684275 1 -16 160 -1335 10260 | 40319 362815 3626190 39832225 476555460
13684527 1 -16 159 -1307 9877 | 40319 362815 3626191 39832318 476560523
13684572 1 -16 158 -1282 9533 | 40319 362815 3626192 39832414 476565979
13684725 1 -16 160 -1348 10829 | 40319 362815 3626190 39832238 476556763
13684752 1 -16 159 -1322 10473 | 40319 362815 3626191 39832333 476562087
13685247 1 -16 160 -1342 10598 | 40319 362815 3626190 39832232 476556130
13685274 1 -16 160 -1338 10390 | 40319 362815 3626190 39832228 476555762
13685427 1 -16 159 -1309 9948 | 40319 362815 3626191 39832320 476560740
13685472 1 -16 159 -1325 10652 | 40319 362815 3626191 39832336 476562340
13685724 1 -16 158 -1282 9586 | 40319 362815 3626192 39832414 476565926
13685742 1 -16 158 -1294 10076 | 40319 362815 3626192 39832426 476567164
13687245 1 -16 157 -1241 8624 | 40319 362815 3626193 39832494 476569696
13687254 1 -16 157 -1241 8654 | 40319 362815 3626193 39832494 476569666
13687425 1 -16 158 -1276 9363 | 40319 362815 3626192 39832408 476565285
13687452 1 -16 157 -1253 9114 | 40319 362815 3626193 39832506 476570934
13687524 1 -16 158 -1288 9912 | 40319 362815 3626192 39832420 476566464
13687542 1 -16 157 -1255 9182 | 40319 362815 3626193 39832508 476571154
13724586 1 -16 159 -1316 10182 | 40319 362815 3626191 39832327 476561514
13724658 1 -16 158 -1286 9656 | 40319 362815 3626192 39832418 476566432
13724685 1 -16 160 -1352 10964 | 40319 362815 3626190 39832242 476557204
13724856 1 -16 159 -1315 10146 | 40319 362815 3626191 39832326 476561406
13724865 1 -16 159 -1314 10122 | 40319 362815 3626191 39832325 476561286
13725486 1 -16 159 -1322 10429 | 40319 362815 3626191 39832333 476562131
13725648 1 -16 158 -1283 9518 | 40319 362815 3626192 39832415 476566138
13725684 1 -16 159 -1310 9954 | 40319 362815 3626191 39832321 476560878
13725846 1 -16 160 -1353 11002 | 40319 362815 3626190 39832243 476557310
13725864 1 -16 160 -1356 11149 | 40319 362815 3626190 39832246 476557595
13726458 1 -16 158 -1286 9661 | 40319 362815 3626192 39832418 476566427
13726485 1 -16 160 -1352 10942 | 40319 362815 3626190 39832242 476557226
13726548 1 -16 157 -1265 9560 | 40319 362815 3626193 39832518 476572216
13726584 1 -16 159 -1317 10254 | 40319 362815 3626191 39832328 476561586
13726845 1 -16 159 -1317 10275 | 40319 362815 3626191 39832328 476561565
13726854 1 -16 159 -1323 10527 | 40319 362815 3626191 39832334 476562177
13728456 1 -16 158 -1291 9966 | 40319 362815 3626192 39832423 476566842
13728465 1 -16 158 -1278 9358 | 40319 362815 3626192 39832410 476565578
13728546 1 -16 158 -1278 9376 | 40319 362815 3626192 39832410 476565560
13728564 1 -16 158 -1286 9748 | 40319 362815 3626192 39832418 476566340
13728645 1 -16 158 -1284 9688 | 40319 362815 3626192 39832416 476566112
13728654 1 -16 158 -1290 9910 | 40319 362815 3626192 39832422 476566754
13742586 1 -16 160 -1348 10790 | 40319 362815 3626190 39832238 476556802
13742658 1 -16 159 -1315 10100 | 40319 362815 3626191 39832326 476561452
13742685 1 -16 160 -1340 10467 | 40319 362815 3626190 39832230 476555973
13742856 1 -16 159 -1308 9892 | 40319 362815 3626191 39832319 476560652
13742865 1 -16 159 -1305 9729 | 40319 362815 3626191 39832316 476560383
13745268 1 -16 159 -1313 10093 | 40319 362815 3626191 39832324 476561171
13745286 1 -16 159 -1306 9806 | 40319 362815 3626191 39832317 476560450
13745628 1 -16 157 -1252 9088 | 40319 362815 3626193 39832505 476570816
13745682 1 -16 157 -1251 9000 | 40319 362815 3626193 39832504 476570760
13745826 1 -16 159 -1297 9404 | 40319 362815 3626191 39832308 476559556
13745862 1 -16 159 -1324 10578 | 40319 362815 3626191 39832335 476562270
13746258 1 -16 160 -1352 10927 | 40319 362815 3626190 39832242 476557241
13746285 1 -16 160 -1334 10215 | 40319 362815 3626190 39832224 476555361
13746528 1 -16 158 -1286 9750 | 40319 362815 3626192 39832418 476566338
13746582 1 -16 158 -1292 10026 | 40319 362815 3626192 39832424 476566926
13746825 1 -16 160 -1340 10518 | 40319 362815 3626190 39832230 476555922
13746852 1 -16 160 -1360 11366 | 40319 362815 3626190 39832250 476557954
13748256 1 -16 159 -1302 9638 | 40319 362815 3626191 39832313 476560042
13748265 1 -16 159 -1299 9467 | 40319 362815 3626191 39832310 476559781
13748526 1 -16 160 -1346 10764 | 40319 362815 3626190 39832236 476556540
13748562 1 -16 158 -1287 9765 | 40319 362815 3626192 39832419 476566467
13748625 1 -16 160 -1342 10578 | 40319 362815 3626190 39832232 476556150
13748652 1 -16 159 -1324 10604 | 40319 362815 3626191 39832335 476562244
13752486 1 -16 160 -1348 10788 | 40319 362815 3626190 39832238 476556804
13752648 1 -16 160 -1356 11103 | 40319 362815 3626190 39832246 476557641
13752684 1 -16 160 -1334 10211 | 40319 362815 3626190 39832224 476555365
13752846 1 -16 160 -1335 10232 | 40319 362815 3626190 39832225 476555488
13752864 1 -16 160 -1341 10509 | 40319 362815 3626190 39832231 476556075
13754268 1 -16 159 -1313 10037 | 40319 362815 3626191 39832324 476561227
13754286 1 -16 159 -1313 10092 | 40319 362815 3626191 39832324 476561172
13754628 1 -16 158 -1284 9658 | 40319 362815 3626192 39832416 476566142
13754682 1 -16 158 -1292 10026 | 40319 362815 3626192 39832424 476566926
13754826 1 -16 159 -1310 10023 | 40319 362815 3626191 39832321 476560809
13754862 1 -16 158 -1288 9831 | 40319 362815 3626192 39832420 476566545
13756248 1 -16 158 -1282 9528 | 40319 362815 3626192 39832414 476565984
13756284 1 -16 158 -1265 8854 | 40319 362815 3626192 39832397 476564210
13756428 1 -16 157 -1253 9079 | 40319 362815 3626193 39832506 476570969
13756482 1 -16 157 -1257 9304 | 40319 362815 3626193 39832510 476571320
13756824 1 -16 158 -1281 9568 | 40319 362815 3626192 39832413 476565800
13756842 1 -16 158 -1288 9843 | 40319 362815 3626192 39832420 476566533
13758246 1 -16 160 -1346 10778 | 40319 362815 3626190 39832236 476556526
13758264 1 -16 160 -1345 10718 | 40319 362815 3626190 39832235 476556442
13758426 1 -16 160 -1340 10481 | 40319 362815 3626190 39832230 476555959
13758462 1 -16 159 -1323 10531 | 40319 362815 3626191 39832334 476562173
13758624 1 -16 158 -1284 9671 | 40319 362815 3626192 39832416 476566129
13758642 1 -16 158 -1294 10088 | 40319 362815 3626192 39832426 476567152
13762458 1 -16 158 -1273 9078 | 40319 362815 3626192 39832405 476565138
13762485 1 -16 159 -1298 9456 | 40319 362815 3626191 39832309 476559648
13762548 1 -16 158 -1281 9416 | 40319 362815 3626192 39832413 476565952
13762584 1 -16 159 -1302 9626 | 40319 362815 3626191 39832313 476560054
13762845 1 -16 158 -1267 8950 | 40319 362815 3626192 39832399 476564402
13762854 1 -16 158 -1268 9005 | 40319 362815 3626192 39832400 476564491
13764258 1 -16 159 -1316 10191 | 40319 362815 3626191 39832327 476561505
13764285 1 -16 159 -1302 9626 | 40319 362815 3626191 39832313 476560054
13764528 1 -16 157 -1251 9015 | 40319 362815 3626193 39832504 476570745
13764582 1 -16 157 -1254 9176 | 40319 362815 3626193 39832507 476571016
13764825 1 -16 159 -1303 9660 | 40319 362815 3626191 39832314 476560164
13764852 1 -16 159 -1325 10635 | 40319 362815 3626191 39832336 476562357
13765248 1 -16 158 -1290 9864 | 40319 362815 3626192 39832422 476566800
13765284 1 -16 158 -1274 9296 | 40319 362815 3626192 39832406 476565064
13765428 1 -16 156 -1232 8953 | 40319 362815 3626194 39832606 476576783
13765482 1 -16 155 -1193 8105 | 40319 362815 3626195 39832688 476580727
13765824 1 -16 157 -1248 8945 | 40319 362815 3626193 39832501 476570383
13765842 1 -16 157 -1256 9229 | 40319 362815 3626193 39832509 476571251
13768245 1 -16 157 -1241 8647 | 40319 362815 3626193 39832494 476569673
13768254 1 -16 157 -1241 8662 | 40319 362815 3626193 39832494 476569658
13768425 1 -16 158 -1276 9363 | 40319 362815 3626192 39832408 476565285
13768452 1 -16 157 -1253 9116 | 40319 362815 3626193 39832506 476570932
13768524 1 -16 158 -1288 9899 | 40319 362815 3626192 39832420 476566477
13768542 1 -16 157 -1257 9264 | 40319 362815 3626193 39832510 476571360
13782456 1 -16 157 -1249 8935 | 40319 362815 3626193 39832502 476570537
13782465 1 -16 157 -1241 8611 | 40319 362815 3626193 39832494 476569709
13782546 1 -16 157 -1241 8603 | 40319 362815 3626193 39832494 476569717
13782564 1 -16 157 -1243 8700 | 40319 362815 3626193 39832496 476569908
13782645 1 -16 157 -1241 8622 | 40319 362815 3626193 39832494 476569698
13782654 1 -16 157 -1249 8950 | 40319 362815 3626193 39832502 476570522
13784256 1 -16 158 -1278 9426 | 40319 362815 3626192 39832410 476565510
13784265 1 -16 158 -1274 9276 | 40319 362815 3626192 39832406 476565084
13784526 1 -16 158 -1275 9299 | 40319 362815 3626192 39832407 476565205
13784562 1 -16 156 -1222 8569 | 40319 362815 3626194 39832596 476575727
13784625 1 -16 159 -1315 10222 | 40319 362815 3626191 39832326 476561330
13784652 1 -16 157 -1249 8938 | 40319 362815 3626193 39832502 476570534
13785246 1 -16 159 -1312 10105 | 40319 362815 3626191 39832323 476561015
13785264 1 -16 159 -1314 10167 | 40319 362815 3626191 39832325 476561241
13785426 1 -16 158 -1275 9325 | 40319 362815 3626192 39832407 476565179
13785462 1 -16 157 -1249 8946 | 40319 362815 3626193 39832502 476570526
13785624 1 -16 157 -1254 9160 | 40319 362815 3626193 39832507 476571032
13785642 1 -16 156 -1225 8694 | 40319 362815 3626194 39832599 476576034
13786245 1 -16 157 -1246 8897 | 40319 362815 3626193 39832499 476570143
13786254 1 -16 157 -1244 8764 | 40319 362815 3626193 39832497 476569988
13786425 1 -16 158 -1284 9719 | 40319 362815 3626192 39832416 476566081
13786452 1 -16 156 -1220 8484 | 40319 362815 3626194 39832594 476575524
13786524 1 -16 157 -1252 9123 | 40319 362815 3626193 39832505 476570781
13786542 1 -16 156 -1227 8773 | 40319 362815 3626194 39832601 476576243
13824567 1 -16 157 -1265 9609 | 40319 362815 3626193 39832518 476572167
13824576 1 -16 157 -1256 9261 | 40319 362815 3626193 39832509 476571219
13824657 1 -16 157 -1257 9274 | 40319 362815 3626193 39832510 476571350
13824675 1 -16 158 -1292 10037 | 40319 362815 3626192 39832424 476566915
13824756 1 -16 158 -1292 10050 | 40319 362815 3626192 39832424 476566902
13824765 1 -16 157 -1258 9336 | 40319 362815 3626193 39832511 476571432
13825467 1 -16 157 -1257 9264 | 40319 362815 3626193 39832510 476571360
13825476 1 -16 157 -1258 9313 | 40319 362815 3626193 39832511 476571455
13825647 1 -16 158 -1284 9666 | 40319 362815 3626192 39832416 476566134
13825674 1 -16 157 -1252 9097 | 40319 362815 3626193 39832505 476570807
13825746 1 -16 158 -1286 9730 | 40319 362815 3626192 39832418 476566358
13825764 1 -16 158 -1286 9759 | 40319 362815 3626192 39832418 476566329
13826457 1 -16 158 -1286 9727 | 40319 362815 3626192 39832418 476566361
13826475 1 -16 158 -1288 9811 | 40319 362815 3626192 39832420 476566565
13826547 1 -16 157 -1259 9367 | 40319 362815 3626193 39832512 476571545
13826574 1 -16 158 -1285 9714 | 40319 362815 3626192 39832417 476566230
13826745 1 -16 157 -1256 9253 | 40319 362815 3626193 39832509 476571227
13826754 1 -16 157 -1256 9246 | 40319 362815 3626193 39832509 476571234
13827456 1 -16 157 -1255 9186 | 40319 362815 3626193 39832508 476571150
13827465 1 -16 158 -1294 10114 | 40319 362815 3626192 39832426 476567126
13827546 1 -16 158 -1294 10109 | 40319 362815 3626192 39832426 476567131
13827564 1 -16 157 -1261 9454 | 40319 362815 3626193 39832514 476571746
13827645 1 -16 157 -1259 9373 | 40319 362815 3626193 39832512 476571539
13827654 1 -16 156 -1234 9036 | 40319 362815 3626194 39832608 476576988
13842567 1 -16 158 -1291 9969 | 40319 362815 3626192 39832423 476566839
13842576 1 -16 158 -1284 9683 | 40319 362815 3626192 39832416 476566117
13842657 1 -16 158 -1284 9660 | 40319 362815 3626192 39832416 476566140
13842675 1 -16 158 -1276 9331 | 40319 362815 3626192 39832408 476565317
13842756 1 -16 158 -1276 9331 | 40319 362815 3626192 39832408 476565317
13842765 1 -16 158 -1287 9802 | 40319 362815 3626192 39832419 476566430
13845267 1 -16 158 -1278 9421 | 40319 362815 3626192 39832410 476565515
13845276 1 -16 158 -1275 9327 | 40319 362815 3626192 39832407 476565177
13845627 1 -16 158 -1285 9779 | 40319 362815 3626192 39832417 476566165
13845672 1 -16 156 -1228 8832 | 40319 362815 3626194 39832602 476576328
13845726 1 -16 159 -1309 9978 | 40319 362815 3626191 39832320 476560710
13845762 1 -16 157 -1251 9046 | 40319 362815 3626193 39832504 476570714
13846257 1 -16 160 -1348 10841 | 40319 362815 3626190 39832238 476556751
13846275 1 -16 160 -1340 10494 | 40319 362815 3626190 39832230 476555946
13846527 1 -16 158 -1272 9195 | 40319 362815 3626192 39832404 476564877
13846572 1 -16 157 -1253 9123 | 40319 362815 3626193 39832506 476570925
13846725 1 -16 159 -1308 9908 | 40319 362815 3626191 39832319 476560636
13846752 1 -16 158 -1288 9849 | 40319 362815 3626192 39832420 476566527
13847256 1 -16 159 -1303 9666 | 40319 362815 3626191 39832314 476560158
13847265 1 -16 159 -1315 10225 | 40319 362815 3626191 39832326 476561327
13847526 1 -16 160 -1346 10781 | 40319 362815 3626190 39832236 476556523
13847562 1 -16 158 -1290 9927 | 40319 362815 3626192 39832422 476566737
13847625 1 -16 159 -1307 9868 | 40319 362815 3626191 39832318 476560532
13847652 1 -16 157 -1254 9153 | 40319 362815 3626193 39832507 476571039
13852467 1 -16 159 -1317 10293 | 40319 362815 3626191 39832328 476561547
13852476 1 -16 159 -1315 10201 | 40319 362815 3626191 39832326 476561351
13852647 1 -16 160 -1348 10829 | 40319 362815 3626190 39832238 476556763
13852674 1 -16 159 -1303 9651 | 40319 362815 3626191 39832314 476560173
13852746 1 -16 160 -1348 10828 | 40319 362815 3626190 39832238 476556764
13852764 1 -16 159 -1302 9585 | 40319 362815 3626191 39832313 476560095
13854267 1 -16 158 -1275 9279 | 40319 362815 3626192 39832407 476565225
13854276 1 -16 158 -1275 9277 | 40319 362815 3626192 39832407 476565227
13854627 1 -16 158 -1272 9195 | 40319 362815 3626192 39832404 476564877
13854672 1 -16 157 -1251 9041 | 40319 362815 3626193 39832504 476570719
13854726 1 -16 159 -1307 9881 | 40319 362815 3626191 39832318 476560519
13854762 1 -16 157 -1250 8969 | 40319 362815 3626193 39832503 476570647
13856247 1 -16 159 -1307 9873 | 40319 362815 3626191 39832318 476560527
13856274 1 -16 159 -1310 10025 | 40319 362815 3626191 39832321 476560807
13856427 1 -16 158 -1272 9189 | 40319 362815 3626192 39832404 476564883
13856472 1 -16 158 -1284 9662 | 40319 362815 3626192 39832416 476566138
13856724 1 -16 157 -1255 9235 | 40319 362815 3626193 39832508 476571101
13856742 1 -16 156 -1221 8526 | 40319 362815 3626194 39832595 476575626
13857246 1 -16 160 -1351 10985 | 40319 362815 3626190 39832241 476557039
13857264 1 -16 160 -1346 10746 | 40319 362815 3626190 39832236 476556558
13857426 1 -16 160 -1348 10832 | 40319 362815 3626190 39832238 476556760
13857462 1 -16 158 -1290 9892 | 40319 362815 3626192 39832422 476566772
13857624 1 -16 158 -1282 9583 | 40319 362815 3626192 39832414 476565929
13857642 1 -16 158 -1296 10192 | 40319 362815 3626192 39832428 476567336
13862457 1 -16 159 -1307 9846 | 40319 362815 3626191 39832318 476560554
13862475 1 -16 160 -1342 10560 | 40319 362815 3626190 39832232 476556168
13862547 1 -16 159 -1308 9887 | 40319 362815 3626191 39832319 476560657
13862574 1 -16 160 -1340 10506 | 40319 362815 3626190 39832230 476555934
13862745 1 -16 159 -1312 10060 | 40319 362815 3626191 39832323 476561060
13862754 1 -16 159 -1311 10025 | 40319 362815 3626191 39832322 476560951
13864257 1 -16 160 -1346 10765 | 40319 362815 3626190 39832236 476556539
13864275 1 -16 160 -1346 10746 | 40319 362815 3626190 39832236 476556558
13864527 1 -16 158 -1272 9189 | 40319 362815 3626192 39832404 476564883
13864572 1 -16 158 -1286 9769 | 40319 362815 3626192 39832418 476566319
13864725 1 -16 160 -1348 10836 | 40319 362815 3626190 39832238 476556756
13864752 1 -16 158 -1290 9904 | 40319 362815 3626192 39832422 476566760
13865247 1 -16 159 -1309 9968 | 40319 362815 3626191 39832320 476560720
13865274 1 -16 159 -1297 9404 | 40319 362815 3626191 39832308 476559556
13865427 1 -16 158 -1285 9751 | 40319 362815 3626192 39832417 476566193
13865472 1 -16 157 -1252 9096 | 40319 362815 3626193 39832505 476570808
13865724 1 -16 158 -1280 9518 | 40319 362815 3626192 39832412 476565706
13865742 1 -16 158 -1293 10071 | 40319 362815 3626192 39832425 476567025
13867245 1 -16 157 -1246 8852 | 40319 362815 3626193 39832499 476570188
13867254 1 -16 157 -1244 8770 | 40319 362815 3626193 39832497 476569982
13867425 1 -16 158 -1284 9696 | 40319 362815 3626192 39832416 476566104
13867452 1 -16 156 -1225 8685 | 40319 362815 3626194 39832599 476576043
13867524 1 -16 157 -1253 9136 | 40319 362815 3626193 39832506 476570912
13867542 1 -16 156 -1226 8728 | 40319 362815 3626194 39832600 476576144
13872456 1 -16 157 -1248 8923 | 40319 362815 3626193 39832501 476570405
13872465 1 -16 157 -1241 8638 | 40319 362815 3626193 39832494 476569682
13872546 1 -16 157 -1241 8607 | 40319 362815 3626193 39832494 476569713
13872564 1 -16 157 -1241 8617 | 40319 362815 3626193 39832494 476569703
13872645 1 -16 157 -1241 8599 | 40319 362815 3626193 39832494 476569721
13872654 1 -16 157 -1254 9163 | 40319 362815 3626193 39832507 476571029
13874256 1 -16 158 -1278 9414 | 40319 362815 3626192 39832410 476565522
13874265 1 -16 158 -1274 9244 | 40319 362815 3626192 39832406 476565116
13874526 1 -16 158 -1275 9301 | 40319 362815 3626192 39832407 476565203
13874562 1 -16 156 -1222 8575 | 40319 362815 3626194 39832596 476575721
13874625 1 -16 159 -1317 10302 | 40319 362815 3626191 39832328 476561538
13874652 1 -16 157 -1251 9005 | 40319 362815 3626193 39832504 476570755
13875246 1 -16 159 -1314 10167 | 40319 362815 3626191 39832325 476561241
13875264 1 -16 159 -1317 10282 | 40319 362815 3626191 39832328 476561558
13875426 1 -16 158 -1278 9409 | 40319 362815 3626192 39832410 476565527
13875462 1 -16 157 -1253 9107 | 40319 362815 3626193 39832506 476570941
13875624 1 -16 157 -1253 9120 | 40319 362815 3626193 39832506 476570928
13875642 1 -16 156 -1226 8732 | 40319 362815 3626194 39832600 476576140
13876245 1 -16 157 -1248 8932 | 40319 362815 3626193 39832501 476570396
13876254 1 -16 157 -1250 8998 | 40319 362815 3626193 39832503 476570618
13876425 1 -16 158 -1291 9980 | 40319 362815 3626192 39832423 476566828
13876452 1 -16 156 -1227 8774 | 40319 362815 3626194 39832601 476576242
13876524 1 -16 157 -1261 9446 | 40319 362815 3626193 39832514 476571754
13876542 1 -16 155 -1201 8402 | 40319 362815 3626195 39832696 476581582
14325786 1 -16 154 -1173 7950 | 40319 362815 3626196 39832789 476586714
14326785 1 -16 154 -1165 7619 | 40319 362815 3626196 39832781 476585893
14326857 1 -16 155 -1206 8588 | 40319 362815 3626195 39832701 476582116
14326875 1 -16 155 -1204 8504 | 40319 362815 3626195 39832699 476581912
14327658 1 -16 153 -1142 7370 | 40319 362815 3626197 39832879 476591542
14327685 1 -16 155 -1204 8509 | 40319 362815 3626195 39832699 476581907
14327856 1 -16 154 -1166 7654 | 40319 362815 3626196 39832782 476586002
14327865 1 -16 154 -1167 7700 | 40319 362815 3626196 39832783 476586100
14328675 1 -16 154 -1169 7781 | 40319 362815 3626196 39832785 476586307
14352786 1 -16 156 -1228 8774 | 40319 362815 3626194 39832602 476576386
14356782 1 -16 155 -1199 8318 | 40319 362815 3626195 39832694 476581378
14356827 1 -16 157 -1252 9109 | 40319 362815 3626193 39832505 476570795
14356872 1 -16 155 -1192 8061 | 40319 362815 3626195 39832687 476580627
14357286 1 -16 158 -1280 9470 | 40319 362815 3626192 39832412 476565754
14357628 1 -16 156 -1220 8466 | 40319 362815 3626194 39832594 476575542
14357682 1 -16 155 -1193 8078 | 40319 362815 3626195 39832688 476580754
14357826 1 -16 157 -1244 8746 | 40319 362815 3626193 39832497 476570006
14357862 1 -16 156 -1224 8672 | 40319 362815 3626194 39832598 476575912
14358267 1 -16 157 -1241 8608 | 40319 362815 3626193 39832494 476569712
14358276 1 -16 157 -1247 8838 | 40319 362815 3626193 39832500 476570346
14358627 1 -16 158 -1284 9705 | 40319 362815 3626192 39832416 476566095
14358672 1 -16 156 -1224 8658 | 40319 362815 3626194 39832598 476575926
14358726 1 -16 157 -1246 8881 | 40319 362815 3626193 39832499 476570159
14358762 1 -16 155 -1192 8079 | 40319 362815 3626195 39832687 476580609
14362785 1 -16 158 -1281 9438 | 40319 362815 3626192 39832413 476565930
14362857 1 -16 159 -1323 10459 | 40319 362815 3626191 39832334 476562245
14362875 1 -16 158 -1282 9469 | 40319 362815 3626192 39832414 476566043
14365782 1 -16 155 -1195 8166 | 40319 362815 3626195 39832690 476580954
14365827 1 -16 157 -1254 9159 | 40319 362815 3626193 39832507 476571033
14365872 1 -16 155 -1197 8258 | 40319 362815 3626195 39832692 476581150
14367258 1 -16 158 -1278 9309 | 40319 362815 3626192 39832410 476565627
14367285 1 -16 158 -1277 9362 | 40319 362815 3626192 39832409 476565430
14367528 1 -16 157 -1249 8915 | 40319 362815 3626193 39832502 476570557
14367582 1 -16 157 -1260 9397 | 40319 362815 3626193 39832513 476571659
14367825 1 -16 157 -1249 8962 | 40319 362815 3626193 39832502 476570510
14367852 1 -16 156 -1218 8377 | 40319 362815 3626194 39832592 476575343
14368257 1 -16 159 -1313 10094 | 40319 362815 3626191 39832324 476561170
14368275 1 -16 159 -1310 9991 | 40319 362815 3626191 39832321 476560841
14368527 1 -16 159 -1315 10206 | 40319 362815 3626191 39832326 476561346
14368572 1 -16 157 -1258 9314 | 40319 362815 3626193 39832511 476571454
14368725 1 -16 157 -1241 8625 | 40319 362815 3626193 39832494 476569695
14368752 1 -16 157 -1257 9295 | 40319 362815 3626193 39832510 476571329
14372586 1 -16 159 -1325 10530 | 40319 362815 3626191 39832336 476562462
14372658 1 -16 157 -1259 9250 | 40319 362815 3626193 39832512 476571662
14372685 1 -16 159 -1325 10583 | 40319 362815 3626191 39832336 476562409
14372856 1 -16 158 -1283 9553 | 40319 362815 3626192 39832415 476566103
14372865 1 -16 158 -1284 9612 | 40319 362815 3626192 39832416 476566188
14375286 1 -16 159 -1311 9951 | 40319 362815 3626191 39832322 476561025
14375628 1 -16 157 -1249 8923 | 40319 362815 3626193 39832502 476570549
14375682 1 -16 157 -1260 9415 | 40319 362815 3626193 39832513 476571641
14375826 1 -16 159 -1314 10154 | 40319 362815 3626191 39832325 476561254
14375862 1 -16 157 -1258 9314 | 40319 362815 3626193 39832511 476571454
14376258 1 -16 158 -1284 9561 | 40319 362815 3626192 39832416 476566239
14376285 1 -16 158 -1273 9187 | 40319 362815 3626192 39832405 476565029
14376528 1 -16 156 -1222 8527 | 40319 362815 3626194 39832596 476575769
14376582 1 -16 155 -1193 8095 | 40319 362815 3626195 39832688 476580737
14376825 1 -16 157 -1243 8709 | 40319 362815 3626193 39832496 476569899
14376852 1 -16 157 -1257 9279 | 40319 362815 3626193 39832510 476571345
14378256 1 -16 157 -1241 8601 | 40319 362815 3626193 39832494 476569719
14378265 1 -16 157 -1242 8650 | 40319 362815 3626193 39832495 476569814
14378526 1 -16 158 -1274 9267 | 40319 362815 3626192 39832406 476565093
14378562 1 -16 156 -1219 8433 | 40319 362815 3626194 39832593 476575431
14378625 1 -16 157 -1241 8620 | 40319 362815 3626193 39832494 476569700
14378652 1 -16 156 -1220 8482 | 40319 362815 3626194 39832594 476575526
14382567 1 -16 157 -1252 9020 | 40319 362815 3626193 39832505 476570884
14382576 1 -16 157 -1249 8898 | 40319 362815 3626193 39832502 476570574
14382657 1 -16 157 -1251 8968 | 40319 362815 3626193 39832504 476570792
14382675 1 -16 157 -1253 9086 | 40319 362815 3626193 39832506 476570962
14382756 1 -16 157 -1256 9221 | 40319 362815 3626193 39832509 476571259
14382765 1 -16 156 -1227 8722 | 40319 362815 3626194 39832601 476576294
14385267 1 -16 158 -1274 9196 | 40319 362815 3626192 39832406 476565164
14385276 1 -16 158 -1272 9114 | 40319 362815 3626192 39832404 476564958
14385627 1 -16 158 -1275 9314 | 40319 362815 3626192 39832407 476565190
14385672 1 -16 156 -1218 8376 | 40319 362815 3626194 39832592 476575344
14385726 1 -16 159 -1312 10095 | 40319 362815 3626191 39832323 476561025
14385762 1 -16 157 -1256 9255 | 40319 362815 3626193 39832509 476571225
14386257 1 -16 159 -1309 9925 | 40319 362815 3626191 39832320 476560763
14386275 1 -16 159 -1313 10115 | 40319 362815 3626191 39832324 476561149
14386527 1 -16 158 -1275 9282 | 40319 362815 3626192 39832407 476565222
14386572 1 -16 157 -1256 9262 | 40319 362815 3626193 39832509 476571218
14386725 1 -16 157 -1241 8612 | 40319 362815 3626193 39832494 476569708
14386752 1 -16 156 -1222 8562 | 40319 362815 3626194 39832596 476575734
14387256 1 -16 157 -1239 8516 | 40319 362815 3626193 39832492 476569516
14387265 1 -16 157 -1246 8797 | 40319 362815 3626193 39832499 476570243
14387526 1 -16 158 -1278 9417 | 40319 362815 3626192 39832410 476565519
14387562 1 -16 156 -1220 8479 | 40319 362815 3626194 39832594 476575529
14387625 1 -16 157 -1249 8944 | 40319 362815 3626193 39832502 476570528
14387652 1 -16 155 -1194 8121 | 40319 362815 3626195 39832689 476580855
14523786 1 -16 155 -1190 7943 | 40319 362815 3626195 39832685 476580457
14526783 1 -16 157 -1247 8837 | 40319 362815 3626193 39832500 476570347
14526837 1 -16 159 -1308 9839 | 40319 362815 3626191 39832319 476560705
14526873 1 -16 157 -1241 8588 | 40319 362815 3626193 39832494 476569732
14527386 1 -16 159 -1317 10286 | 40319 362815 3626191 39832328 476561554
14527683 1 -16 157 -1241 8594 | 40319 362815 3626193 39832494 476569726
14527836 1 -16 158 -1268 8940 | 40319 362815 3626192 39832400 476564556
14527863 1 -16 157 -1238 8479 | 40319 362815 3626193 39832491 476569409
14528367 1 -16 158 -1274 9176 | 40319 362815 3626192 39832406 476565184
14528376 1 -16 158 -1278 9328 | 40319 362815 3626192 39832410 476565608
14528637 1 -16 159 -1305 9756 | 40319 362815 3626191 39832316 476560356
14528673 1 -16 157 -1238 8487 | 40319 362815 3626193 39832491 476569401
14528736 1 -16 158 -1267 8907 | 40319 362815 3626192 39832399 476564445
14528763 1 -16 157 -1247 8833 | 40319 362815 3626193 39832500 476570351
14532786 1 -16 155 -1191 7984 | 40319 362815 3626195 39832686 476580560
14536782 1 -16 156 -1223 8590 | 40319 362815 3626194 39832597 476575850
14536827 1 -16 158 -1284 9718 | 40319 362815 3626192 39832416 476566082
14536872 1 -16 156 -1220 8498 | 40319 362815 3626194 39832594 476575510
14537286 1 -16 158 -1276 9294 | 40319 362815 3626192 39832408 476565354
14537682 1 -16 156 -1220 8474 | 40319 362815 3626194 39832594 476575534
14537826 1 -16 157 -1237 8461 | 40319 362815 3626193 39832490 476569283
14537862 1 -16 156 -1208 7945 | 40319 362815 3626194 39832582 476574335
14538267 1 -16 157 -1240 8540 | 40319 362815 3626193 39832493 476569636
14538276 1 -16 157 -1250 8960 | 40319 362815 3626193 39832503 476570656
14538627 1 -16 158 -1272 9168 | 40319 362815 3626192 39832404 476564904
14538672 1 -16 156 -1208 7950 | 40319 362815 3626194 39832582 476574330
14538726 1 -16 157 -1237 8435 | 40319 362815 3626193 39832490 476569309
14538762 1 -16 156 -1221 8547 | 40319 362815 3626194 39832595 476575605
14562783 1 -16 157 -1251 9083 | 40319 362815 3626193 39832504 476570677
14562837 1 -16 158 -1284 9705 | 40319 362815 3626192 39832416 476566095
14562873 1 -16 157 -1246 8858 | 40319 362815 3626193 39832499 476570182
14563782 1 -16 156 -1216 8293 | 40319 362815 3626194 39832590 476575139
14563827 1 -16 157 -1247 8877 | 40319 362815 3626193 39832500 476570307
14563872 1 -16 156 -1214 8230 | 40319 362815 3626194 39832588 476574914
14567238 1 -16 155 -1192 8061 | 40319 362815 3626195 39832687 476580627
14567283 1 -16 156 -1225 8706 | 40319 362815 3626194 39832599 476576022
14567328 1 -16 155 -1192 8061 | 40319 362815 3626195 39832687 476580627
14567382 1 -16 156 -1226 8746 | 40319 362815 3626194 39832600 476576126
14567823 1 -16 154 -1166 7688 | 40319 362815 3626196 39832782 476585968
14567832 1 -16 154 -1166 7688 | 40319 362815 3626196 39832782 476585968
14568237 1 -16 157 -1246 8833 | 40319 362815 3626193 39832499 476570207
14568273 1 -16 158 -1282 9615 | 40319 362815 3626192 39832414 476565897
14568327 1 -16 157 -1245 8820 | 40319 362815 3626193 39832498 476570076
14568372 1 -16 158 -1285 9699 | 40319 362815 3626192 39832417 476566245
14568723 1 -16 155 -1192 8053 | 40319 362815 3626195 39832687 476580635
14568732 1 -16 155 -1192 8053 | 40319 362815 3626195 39832687 476580635
14572386 1 -16 158 -1273 9159 | 40319 362815 3626192 39832405 476565057
14572638 1 -16 159 -1312 10014 | 40319 362815 3626191 39832323 476561106
14572683 1 -16 159 -1307 9878 | 40319 362815 3626191 39832318 476560522
14572836 1 -16 159 -1309 9998 | 40319 362815 3626191 39832320 476560690
14572863 1 -16 159 -1302 9670 | 40319 362815 3626191 39832313 476560010
14573286 1 -16 158 -1273 9187 | 40319 362815 3626192 39832405 476565029
14573628 1 -16 159 -1322 10479 | 40319 362815 3626191 39832333 476562081
14573682 1 -16 159 -1324 10596 | 40319 362815 3626191 39832335 476562252
14573826 1 -16 159 -1305 9793 | 40319 362815 3626191 39832316 476560319
14573862 1 -16 159 -1313 10120 | 40319 362815 3626191 39832324 476561144
14576238 1 -16 156 -1217 8362 | 40319 362815 3626194 39832591 476575214
14576283 1 -16 157 -1248 8945 | 40319 362815 3626193 39832501 476570383
14576328 1 -16 156 -1217 8343 | 40319 362815 3626194 39832591 476575233
14576382 1 -16 157 -1251 9045 | 40319 362815 3626193 39832504 476570715
14576823 1 -16 155 -1191 8008 | 40319 362815 3626195 39832686 476580536
14576832 1 -16 155 -1191 8008 | 40319 362815 3626195 39832686 476580536
14578236 1 -16 157 -1243 8698 | 40319 362815 3626193 39832496 476569910
14578263 1 -16 158 -1271 9101 | 40319 362815 3626192 39832403 476564827
14578326 1 -16 157 -1238 8493 | 40319 362815 3626193 39832491 476569395
14578362 1 -16 158 -1278 9363 | 40319 362815 3626192 39832410 476565573
14578623 1 -16 156 -1220 8461 | 40319 362815 3626194 39832594 476575547
14578632 1 -16 156 -1220 8461 | 40319 362815 3626194 39832594 476575547
14582367 1 -16 157 -1236 8400 | 40319 362815 3626193 39832489 476569200
14582376 1 -16 157 -1238 8473 | 40319 362815 3626193 39832491 476569415
14582637 1 -16 159 -1298 9485 | 40319 362815 3626191 39832309 476559619
14582673 1 -16 158 -1264 8866 | 40319 362815 3626192 39832396 476564054
14582736 1 -16 159 -1301 9639 | 40319 362815 3626191 39832312 476559897
14582763 1 -16 158 -1271 9136 | 40319 362815 3626192 39832403 476564792
14583267 1 -16 157 -1236 8463 | 40319 362815 3626193 39832489 476569137
14583276 1 -16 157 -1236 8390 | 40319 362815 3626193 39832489 476569210
14583627 1 -16 159 -1299 9506 | 40319 362815 3626191 39832310 476559742
14583672 1 -16 158 -1268 8895 | 40319 362815 3626192 39832400 476564601
14583726 1 -16 159 -1310 10028 | 40319 362815 3626191 39832321 476560804
14583762 1 -16 158 -1278 9415 | 40319 362815 3626192 39832410 476565521
14586237 1 -16 158 -1275 9302 | 40319 362815 3626192 39832407 476565202
14586273 1 -16 159 -1315 10236 | 40319 362815 3626191 39832326 476561316
14586327 1 -16 158 -1275 9290 | 40319 362815 3626192 39832407 476565214
14586372 1 -16 159 -1315 10190 | 40319 362815 3626191 39832326 476561362
14586723 1 -16 156 -1222 8543 | 40319 362815 3626194 39832596 476575753
14586732 1 -16 156 -1222 8543 | 40319 362815 3626194 39832596 476575753
14587236 1 -16 157 -1236 8413 | 40319 362815 3626193 39832489 476569187
14587263 1 -16 158 -1272 9181 | 40319 362815 3626192 39832404 476564891
14587326 1 -16 157 -1236 8486 | 40319 362815 3626193 39832489 476569114
14587362 1 -16 158 -1272 9073 | 40319 362815 3626192 39832404 476564999
14587623 1 -16 155 -1187 7865 | 40319 362815 3626195 39832682 476580103
14587632 1 -16 155 -1187 7860 | 40319 362815 3626195 39832682 476580108
14625783 1 -16 159 -1313 10075 | 40319 362815 3626191 39832324 476561189
14625837 1 -16 160 -1345 10624 | 40319 362815 3626190 39832235 476556536
14625873 1 -16 159 -1310 9948 | 40319 362815 3626191 39832321 476560884
14627358 1 -16 159 -1311 9971 | 40319 362815 3626191 39832322 476561005
14627385 1 -16 159 -1309 9973 | 40319 362815 3626191 39832320 476560715
14627538 1 -16 160 -1349 10781 | 40319 362815 3626190 39832239 476556955
14627583 1 -16 160 -1342 10553 | 40319 362815 3626190 39832232 476556175
14627835 1 -16 159 -1309 9957 | 40319 362815 3626191 39832320 476560731
14627853 1 -16 159 -1305 9761 | 40319 362815 3626191 39832316 476560351
14628375 1 -16 160 -1341 10512 | 40319 362815 3626190 39832231 476556072
14628537 1 -16 160 -1331 10037 | 40319 362815 3626190 39832221 476555107
14628573 1 -16 160 -1341 10517 | 40319 362815 3626190 39832231 476556067
14628735 1 -16 159 -1305 9784 | 40319 362815 3626191 39832316 476560328
14628753 1 -16 159 -1308 9880 | 40319 362815 3626191 39832319 476560664
14632785 1 -16 158 -1278 9378 | 40319 362815 3626192 39832410 476565558
14632857 1 -16 159 -1317 10263 | 40319 362815 3626191 39832328 476561577
14632875 1 -16 158 -1283 9571 | 40319 362815 3626192 39832415 476566085
14635782 1 -16 157 -1258 9312 | 40319 362815 3626193 39832511 476571456
14635827 1 -16 158 -1278 9391 | 40319 362815 3626192 39832410 476565545
14635872 1 -16 157 -1254 9148 | 40319 362815 3626193 39832507 476571044
14637285 1 -16 160 -1344 10656 | 40319 362815 3626190 39832234 476556360
14637528 1 -16 159 -1318 10277 | 40319 362815 3626191 39832329 476561707
14637582 1 -16 159 -1326 10670 | 40319 362815 3626191 39832337 476562466
14637825 1 -16 159 -1302 9644 | 40319 362815 3626191 39832313 476560036
14637852 1 -16 159 -1313 10099 | 40319 362815 3626191 39832324 476561165
14638257 1 -16 160 -1338 10377 | 40319 362815 3626190 39832228 476555775
14638275 1 -16 160 -1345 10716 | 40319 362815 3626190 39832235 476556444
14638527 1 -16 160 -1344 10653 | 40319 362815 3626190 39832234 476556363
14638572 1 -16 159 -1315 10180 | 40319 362815 3626191 39832326 476561372
14638725 1 -16 159 -1301 9616 | 40319 362815 3626191 39832312 476559920
14638752 1 -16 159 -1315 10168 | 40319 362815 3626191 39832326 476561384
14652783 1 -16 157 -1237 8452 | 40319 362815 3626193 39832490 476569292
14652837 1 -16 158 -1270 9049 | 40319 362815 3626192 39832402 476564735
14652873 1 -16 157 -1239 8541 | 40319 362815 3626193 39832492 476569491
14653782 1 -16 157 -1253 9120 | 40319 362815 3626193 39832506 476570928
14653827 1 -16 158 -1286 9792 | 40319 362815 3626192 39832418 476566296
14653872 1 -16 157 -1253 9117 | 40319 362815 3626193 39832506 476570931
14657238 1 -16 156 -1219 8443 | 40319 362815 3626194 39832593 476575421
14657283 1 -16 157 -1253 9159 | 40319 362815 3626193 39832506 476570889
14657328 1 -16 156 -1219 8425 | 40319 362815 3626194 39832593 476575439
14657382 1 -16 157 -1253 9117 | 40319 362815 3626193 39832506 476570931
14657823 1 -16 155 -1191 8008 | 40319 362815 3626195 39832686 476580536
14657832 1 -16 155 -1191 8008 | 40319 362815 3626195 39832686 476580536
14658237 1 -16 157 -1238 8502 | 40319 362815 3626193 39832491 476569386
14658273 1 -16 158 -1278 9452 | 40319 362815 3626192 39832410 476565484
14658327 1 -16 157 -1238 8502 | 40319 362815 3626193 39832491 476569386
14658372 1 -16 158 -1282 9567 | 40319 362815 3626192 39832414 476565945
14658723 1 -16 155 -1190 7969 | 40319 362815 3626195 39832685 476580431
14658732 1 -16 155 -1190 7969 | 40319 362815 3626195 39832685 476580431
14672358 1 -16 157 -1247 8854 | 40319 362815 3626193 39832500 476570330
14672385 1 -16 158 -1275 9307 | 40319 362815 3626192 39832407 476565197
14672538 1 -16 159 -1316 10206 | 40319 362815 3626191 39832327 476561490
14672583 1 -16 159 -1298 9432 | 40319 362815 3626191 39832309 476559672
14672835 1 -16 158 -1281 9586 | 40319 362815 3626192 39832413 476565782
14672853 1 -16 159 -1307 9877 | 40319 362815 3626191 39832318 476560523
14673258 1 -16 158 -1279 9418 | 40319 362815 3626192 39832411 476565662
14673285 1 -16 158 -1272 9165 | 40319 362815 3626192 39832404 476564907
14673528 1 -16 158 -1287 9743 | 40319 362815 3626192 39832419 476566489
14673582 1 -16 158 -1278 9350 | 40319 362815 3626192 39832410 476565586
14673825 1 -16 159 -1307 9863 | 40319 362815 3626191 39832318 476560537
14673852 1 -16 158 -1276 9269 | 40319 362815 3626192 39832408 476565379
14675238 1 -16 157 -1253 9141 | 40319 362815 3626193 39832506 476570907
14675283 1 -16 158 -1278 9454 | 40319 362815 3626192 39832410 476565482
14675328 1 -16 157 -1255 9177 | 40319 362815 3626193 39832508 476571159
14675382 1 -16 158 -1286 9771 | 40319 362815 3626192 39832418 476566317
14675823 1 -16 157 -1261 9459 | 40319 362815 3626193 39832514 476571741
14675832 1 -16 157 -1261 9454 | 40319 362815 3626193 39832514 476571746
14678235 1 -16 156 -1221 8529 | 40319 362815 3626194 39832595 476575623
14678253 1 -16 158 -1287 9804 | 40319 362815 3626192 39832419 476566428
14678325 1 -16 157 -1254 9183 | 40319 362815 3626193 39832507 476571009
14678352 1 -16 157 -1258 9317 | 40319 362815 3626193 39832511 476571451
14678523 1 -16 156 -1222 8522 | 40319 362815 3626194 39832596 476575774
14678532 1 -16 156 -1222 8518 | 40319 362815 3626194 39832596 476575778
14682357 1 -16 158 -1281 9582 | 40319 362815 3626192 39832413 476565786
14682375 1 -16 159 -1305 9787 | 40319 362815 3626191 39832316 476560325
14682537 1 -16 160 -1342 10606 | 40319 362815 3626190 39832232 476556122
14682573 1 -16 160 -1337 10361 | 40319 362815 3626190 39832227 476555647
14682735 1 -16 160 -1345 10769 | 40319 362815 3626190 39832235 476556391
14682753 1 -16 160 -1342 10610 | 40319 362815 3626190 39832232 476556118
14683257 1 -16 159 -1311 10073 | 40319 362815 3626191 39832322 476560903
14683275 1 -16 159 -1302 9665 | 40319 362815 3626191 39832313 476560015
14683527 1 -16 160 -1347 10807 | 40319 362815 3626190 39832237 476556641
14683572 1 -16 159 -1317 10260 | 40319 362815 3626191 39832328 476561580
14683725 1 -16 160 -1338 10399 | 40319 362815 3626190 39832228 476555753
14683752 1 -16 160 -1347 10746 | 40319 362815 3626190 39832237 476556702
14685237 1 -16 159 -1309 9983 | 40319 362815 3626191 39832320 476560705
14685273 1 -16 160 -1348 10858 | 40319 362815 3626190 39832238 476556734
14685327 1 -16 159 -1311 10043 | 40319 362815 3626191 39832322 476560933
14685372 1 -16 160 -1352 11005 | 40319 362815 3626190 39832242 476557163
14685723 1 -16 157 -1259 9366 | 40319 362815 3626193 39832512 476571546
14685732 1 -16 157 -1259 9356 | 40319 362815 3626193 39832512 476571556
14687235 1 -16 157 -1251 9065 | 40319 362815 3626193 39832504 476570695
14687253 1 -16 158 -1276 9352 | 40319 362815 3626192 39832408 476565296
14687325 1 -16 157 -1241 8633 | 40319 362815 3626193 39832494 476569687
14687352 1 -16 158 -1286 9734 | 40319 362815 3626192 39832418 476566354
14687523 1 -16 157 -1257 9289 | 40319 362815 3626193 39832510 476571335
14687532 1 -16 157 -1257 9277 | 40319 362815 3626193 39832510 476571347
14725638 1 -16 159 -1302 9528 | 40319 362815 3626191 39832313 476560152
14725683 1 -16 159 -1293 9202 | 40319 362815 3626191 39832304 476559182
14725836 1 -16 160 -1327 9760 | 40319 362815 3626190 39832217 476554808
14725863 1 -16 160 -1334 10176 | 40319 362815 3626190 39832224 476555400
14726538 1 -16 158 -1277 9249 | 40319 362815 3626192 39832409 476565543
14726583 1 -16 159 -1306 9797 | 40319 362815 3626191 39832317 476560459
14726835 1 -16 160 -1334 10217 | 40319 362815 3626190 39832224 476555359
14726853 1 -16 160 -1344 10659 | 40319 362815 3626190 39832234 476556357
14728563 1 -16 159 -1304 9741 | 40319 362815 3626191 39832315 476560227
14728635 1 -16 160 -1337 10402 | 40319 362815 3626190 39832227 476555606
14728653 1 -16 159 -1306 9804 | 40319 362815 3626191 39832317 476560452
14732586 1 -16 159 -1311 9986 | 40319 362815 3626191 39832322 476560990
14732685 1 -16 159 -1306 9768 | 40319 362815 3626191 39832317 476560488
14732856 1 -16 158 -1271 9083 | 40319 362815 3626192 39832403 476564845
14732865 1 -16 158 -1273 9161 | 40319 362815 3626192 39832405 476565055
14735286 1 -16 160 -1348 10785 | 40319 362815 3626190 39832238 476556807
14735628 1 -16 159 -1321 10455 | 40319 362815 3626191 39832332 476561961
14735682 1 -16 159 -1320 10400 | 40319 362815 3626191 39832331 476561872
14735826 1 -16 160 -1334 10196 | 40319 362815 3626190 39832224 476555380
14735862 1 -16 160 -1355 11114 | 40319 362815 3626190 39832245 476557486
14736258 1 -16 159 -1321 10369 | 40319 362815 3626191 39832332 476562047
14736285 1 -16 160 -1339 10399 | 40319 362815 3626190 39832229 476555897
14736528 1 -16 158 -1278 9304 | 40319 362815 3626192 39832410 476565632
14736582 1 -16 158 -1284 9645 | 40319 362815 3626192 39832416 476566155
14736825 1 -16 160 -1339 10442 | 40319 362815 3626190 39832229 476555854
14736852 1 -16 160 -1351 10950 | 40319 362815 3626190 39832241 476557074
14738256 1 -16 159 -1303 9677 | 40319 362815 3626191 39832314 476560147
14738265 1 -16 159 -1306 9789 | 40319 362815 3626191 39832317 476560467
14738526 1 -16 160 -1331 10073 | 40319 362815 3626190 39832221 476555071
14738562 1 -16 159 -1313 10111 | 40319 362815 3626191 39832324 476561153
14738625 1 -16 160 -1339 10462 | 40319 362815 3626190 39832229 476555834
14738652 1 -16 159 -1310 9966 | 40319 362815 3626191 39832321 476560866
14752386 1 -16 159 -1310 9991 | 40319 362815 3626191 39832321 476560841
14752638 1 -16 160 -1351 10923 | 40319 362815 3626190 39832241 476557101
14752683 1 -16 160 -1336 10343 | 40319 362815 3626190 39832226 476555521
14752836 1 -16 160 -1334 10238 | 40319 362815 3626190 39832224 476555338
14752863 1 -16 160 -1339 10449 | 40319 362815 3626190 39832229 476555847
14753286 1 -16 159 -1316 10237 | 40319 362815 3626191 39832327 476561459
14753628 1 -16 160 -1356 11162 | 40319 362815 3626190 39832246 476557582
14753682 1 -16 160 -1356 11204 | 40319 362815 3626190 39832246 476557540
14753826 1 -16 160 -1344 10710 | 40319 362815 3626190 39832234 476556306
14753862 1 -16 160 -1351 10961 | 40319 362815 3626190 39832241 476557063
14756238 1 -16 157 -1253 9127 | 40319 362815 3626193 39832506 476570921
14756283 1 -16 158 -1277 9401 | 40319 362815 3626192 39832409 476565391
14756328 1 -16 157 -1253 9113 | 40319 362815 3626193 39832506 476570935
14756382 1 -16 158 -1284 9683 | 40319 362815 3626192 39832416 476566117
14756823 1 -16 157 -1258 9333 | 40319 362815 3626193 39832511 476571435
14756832 1 -16 157 -1258 9333 | 40319 362815 3626193 39832511 476571435
14758236 1 -16 159 -1310 10009 | 40319 362815 3626191 39832321 476560823
14758263 1 -16 160 -1347 10799 | 40319 362815 3626190 39832237 476556649
14758326 1 -16 159 -1307 9868 | 40319 362815 3626191 39832318 476560532
14758362 1 -16 160 -1354 11076 | 40319 362815 3626190 39832244 476557380
14758623 1 -16 157 -1259 9350 | 40319 362815 3626193 39832512 476571562
14758632 1 -16 157 -1259 9346 | 40319 362815 3626193 39832512 476571566
14762385 1 -16 158 -1264 8843 | 40319 362815 3626192 39832396 476564077
14762538 1 -16 159 -1315 10148 | 40319 362815 3626191 39832326 476561404
14762583 1 -16 159 -1299 9497 | 40319 362815 3626191 39832310 476559751
14762835 1 -16 159 -1306 9880 | 40319 362815 3626191 39832317 476560376
14762853 1 -16 159 -1298 9508 | 40319 362815 3626191 39832309 476559596
14763258 1 -16 158 -1269 8895 | 40319 362815 3626192 39832401 476564745
14763285 1 -16 158 -1265 8877 | 40319 362815 3626192 39832397 476564187
14763528 1 -16 159 -1326 10635 | 40319 362815 3626191 39832337 476562501
14763582 1 -16 159 -1321 10479 | 40319 362815 3626191 39832332 476561937
14763825 1 -16 159 -1298 9500 | 40319 362815 3626191 39832309 476559604
14763852 1 -16 159 -1302 9563 | 40319 362815 3626191 39832313 476560117
14765238 1 -16 156 -1215 8237 | 40319 362815 3626194 39832589 476575051
14765283 1 -16 157 -1244 8776 | 40319 362815 3626193 39832497 476569976
14765328 1 -16 156 -1220 8414 | 40319 362815 3626194 39832594 476575594
14765382 1 -16 157 -1252 9064 | 40319 362815 3626193 39832505 476570840
14765823 1 -16 155 -1186 7818 | 40319 362815 3626195 39832681 476580006
14765832 1 -16 155 -1186 7812 | 40319 362815 3626195 39832681 476580012
14768235 1 -16 157 -1248 8927 | 40319 362815 3626193 39832501 476570401
14768253 1 -16 158 -1276 9358 | 40319 362815 3626192 39832408 476565290
14768325 1 -16 157 -1241 8648 | 40319 362815 3626193 39832494 476569672
14768352 1 -16 158 -1283 9588 | 40319 362815 3626192 39832415 476566068
14768523 1 -16 157 -1257 9288 | 40319 362815 3626193 39832510 476571336
14768532 1 -16 157 -1257 9277 | 40319 362815 3626193 39832510 476571347
14782356 1 -16 157 -1243 8699 | 40319 362815 3626193 39832496 476569909
14782365 1 -16 157 -1239 8551 | 40319 362815 3626193 39832492 476569481
14782536 1 -16 159 -1309 9966 | 40319 362815 3626191 39832320 476560722
14782563 1 -16 158 -1269 9035 | 40319 362815 3626192 39832401 476564605
14782635 1 -16 159 -1306 9848 | 40319 362815 3626191 39832317 476560408
14782653 1 -16 158 -1273 9204 | 40319 362815 3626192 39832405 476565012
14783256 1 -16 157 -1236 8392 | 40319 362815 3626193 39832489 476569208
14783265 1 -16 157 -1238 8479 | 40319 362815 3626193 39832491 476569409
14783526 1 -16 159 -1305 9780 | 40319 362815 3626191 39832316 476560332
14783562 1 -16 158 -1280 9423 | 40319 362815 3626192 39832412 476565801
14783625 1 -16 159 -1309 9940 | 40319 362815 3626191 39832320 476560748
14783652 1 -16 158 -1274 9182 | 40319 362815 3626192 39832406 476565178
14785236 1 -16 158 -1269 9018 | 40319 362815 3626192 39832401 476564622
14785263 1 -16 159 -1307 9817 | 40319 362815 3626191 39832318 476560583
14785326 1 -16 158 -1271 9098 | 40319 362815 3626192 39832403 476564830
14785362 1 -16 159 -1311 9972 | 40319 362815 3626191 39832322 476561004
14785623 1 -16 156 -1219 8398 | 40319 362815 3626194 39832593 476575466
14785632 1 -16 156 -1219 8405 | 40319 362815 3626194 39832593 476575459
14786235 1 -16 157 -1244 8741 | 40319 362815 3626193 39832497 476570011
14786253 1 -16 158 -1276 9328 | 40319 362815 3626192 39832408 476565320
14786325 1 -16 157 -1238 8510 | 40319 362815 3626193 39832491 476569378
14786352 1 -16 158 -1282 9519 | 40319 362815 3626192 39832414 476565993
14786523 1 -16 156 -1220 8485 | 40319 362815 3626194 39832594 476575523
14786532 1 -16 156 -1220 8470 | 40319 362815 3626194 39832594 476575538
14825673 1 -16 158 -1270 9111 | 40319 362815 3626192 39832402 476564673
14825763 1 -16 158 -1261 8679 | 40319 362815 3626192 39832393 476563809
14826573 1 -16 158 -1261 8651 | 40319 362815 3626192 39832393 476563837
14826753 1 -16 158 -1275 9290 | 40319 362815 3626192 39832407 476565214
14827653 1 -16 157 -1252 9065 | 40319 362815 3626193 39832505 476570839
14832567 1 -16 157 -1249 8940 | 40319 362815 3626193 39832502 476570532
14832576 1 -16 157 -1247 8897 | 40319 362815 3626193 39832500 476570287
14832657 1 -16 157 -1247 8852 | 40319 362815 3626193 39832500 476570332
14832675 1 -16 157 -1242 8654 | 40319 362815 3626193 39832495 476569810
14832756 1 -16 157 -1242 8631 | 40319 362815 3626193 39832495 476569833
14832765 1 -16 157 -1254 9129 | 40319 362815 3626193 39832507 476571063
14835267 1 -16 159 -1310 9966 | 40319 362815 3626191 39832321 476560866
14835276 1 -16 159 -1308 9899 | 40319 362815 3626191 39832319 476560645
14835627 1 -16 159 -1305 9794 | 40319 362815 3626191 39832316 476560318
14835672 1 -16 158 -1286 9726 | 40319 362815 3626192 39832418 476566362
14835726 1 -16 160 -1338 10417 | 40319 362815 3626190 39832228 476555735
14835762 1 -16 158 -1274 9187 | 40319 362815 3626192 39832406 476565173
14836257 1 -16 160 -1347 10767 | 40319 362815 3626190 39832237 476556681
14836275 1 -16 160 -1342 10569 | 40319 362815 3626190 39832232 476556159
14836527 1 -16 159 -1303 9701 | 40319 362815 3626191 39832314 476560123
14836572 1 -16 158 -1278 9375 | 40319 362815 3626192 39832410 476565561
14836725 1 -16 159 -1302 9637 | 40319 362815 3626191 39832313 476560043
14836752 1 -16 158 -1275 9260 | 40319 362815 3626192 39832407 476565244
14837256 1 -16 159 -1312 10077 | 40319 362815 3626191 39832323 476561043
14837265 1 -16 158 -1284 9661 | 40319 362815 3626192 39832416 476566139
14837526 1 -16 160 -1340 10522 | 40319 362815 3626190 39832230 476555918
14837562 1 -16 158 -1278 9404 | 40319 362815 3626192 39832410 476565532
14837625 1 -16 159 -1307 9855 | 40319 362815 3626191 39832318 476560545
14837652 1 -16 157 -1249 8946 | 40319 362815 3626193 39832502 476570526
14852367 1 -16 158 -1271 9106 | 40319 362815 3626192 39832403 476564822
14852376 1 -16 158 -1271 9138 | 40319 362815 3626192 39832403 476564790
14852637 1 -16 160 -1342 10594 | 40319 362815 3626190 39832232 476556134
14852673 1 -16 159 -1298 9477 | 40319 362815 3626191 39832309 476559627
14852736 1 -16 160 -1331 10074 | 40319 362815 3626190 39832221 476555070
14852763 1 -16 159 -1298 9483 | 40319 362815 3626191 39832309 476559621
14853267 1 -16 158 -1275 9270 | 40319 362815 3626192 39832407 476565234
14853276 1 -16 158 -1275 9282 | 40319 362815 3626192 39832407 476565222
14853627 1 -16 160 -1342 10603 | 40319 362815 3626190 39832232 476556125
14853672 1 -16 159 -1312 10069 | 40319 362815 3626191 39832323 476561051
14853726 1 -16 160 -1340 10529 | 40319 362815 3626190 39832230 476555911
14853762 1 -16 159 -1308 9871 | 40319 362815 3626191 39832319 476560673
14856237 1 -16 158 -1272 9169 | 40319 362815 3626192 39832404 476564903
14856273 1 -16 159 -1309 9959 | 40319 362815 3626191 39832320 476560729
14856327 1 -16 158 -1272 9173 | 40319 362815 3626192 39832404 476564899
14856372 1 -16 159 -1309 9906 | 40319 362815 3626191 39832320 476560782
14856723 1 -16 156 -1221 8483 | 40319 362815 3626194 39832595 476575669
14856732 1 -16 156 -1221 8485 | 40319 362815 3626194 39832595 476575667
14857236 1 -16 159 -1306 9820 | 40319 362815 3626191 39832317 476560436
14857263 1 -16 160 -1346 10766 | 40319 362815 3626190 39832236 476556538
14857326 1 -16 159 -1304 9738 | 40319 362815 3626191 39832315 476560230
14857362 1 -16 160 -1352 10990 | 40319 362815 3626190 39832242 476557178
14857623 1 -16 157 -1255 9197 | 40319 362815 3626193 39832508 476571139
14857632 1 -16 157 -1255 9192 | 40319 362815 3626193 39832508 476571144
14862357 1 -16 159 -1312 10127 | 40319 362815 3626191 39832323 476560993
14862375 1 -16 159 -1296 9352 | 40319 362815 3626191 39832307 476559464
14862537 1 -16 160 -1336 10311 | 40319 362815 3626190 39832226 476555553
14862573 1 -16 160 -1330 10066 | 40319 362815 3626190 39832220 476554934
14862735 1 -16 160 -1345 10738 | 40319 362815 3626190 39832235 476556422
14862753 1 -16 160 -1341 10531 | 40319 362815 3626190 39832231 476556053
14863257 1 -16 159 -1300 9530 | 40319 362815 3626191 39832311 476559862
14863275 1 -16 159 -1299 9508 | 40319 362815 3626191 39832310 476559740
14863527 1 -16 160 -1344 10662 | 40319 362815 3626190 39832234 476556354
14863572 1 -16 160 -1348 10806 | 40319 362815 3626190 39832238 476556786
14863725 1 -16 160 -1335 10245 | 40319 362815 3626190 39832225 476555475
14863752 1 -16 160 -1350 10856 | 40319 362815 3626190 39832240 476557024
14865237 1 -16 158 -1272 9205 | 40319 362815 3626192 39832404 476564867
14865273 1 -16 159 -1302 9651 | 40319 362815 3626191 39832313 476560029
14865327 1 -16 158 -1275 9286 | 40319 362815 3626192 39832407 476565218
14865372 1 -16 159 -1309 9938 | 40319 362815 3626191 39832320 476560750
14865723 1 -16 157 -1253 9109 | 40319 362815 3626193 39832506 476570939
14865732 1 -16 157 -1253 9107 | 40319 362815 3626193 39832506 476570941
14867235 1 -16 157 -1246 8813 | 40319 362815 3626193 39832499 476570227
14867253 1 -16 158 -1276 9321 | 40319 362815 3626192 39832408 476565327
14867325 1 -16 157 -1238 8490 | 40319 362815 3626193 39832491 476569398
14867352 1 -16 158 -1286 9694 | 40319 362815 3626192 39832418 476566394
14867523 1 -16 156 -1222 8573 | 40319 362815 3626194 39832596 476575723
14867532 1 -16 156 -1222 8556 | 40319 362815 3626194 39832596 476575740
14872356 1 -16 157 -1238 8494 | 40319 362815 3626193 39832491 476569394
14872365 1 -16 157 -1236 8425 | 40319 362815 3626193 39832489 476569175
14872536 1 -16 159 -1306 9828 | 40319 362815 3626191 39832317 476560428
14872563 1 -16 158 -1266 8916 | 40319 362815 3626192 39832398 476564292
14872635 1 -16 159 -1306 9838 | 40319 362815 3626191 39832317 476560418
14872653 1 -16 158 -1278 9426 | 40319 362815 3626192 39832410 476565510
14873256 1 -16 157 -1236 8465 | 40319 362815 3626193 39832489 476569135
14873265 1 -16 157 -1236 8394 | 40319 362815 3626193 39832489 476569206
14873526 1 -16 159 -1303 9702 | 40319 362815 3626191 39832314 476560122
14873562 1 -16 158 -1273 9097 | 40319 362815 3626192 39832405 476565119
14873625 1 -16 159 -1309 9929 | 40319 362815 3626191 39832320 476560759
14873652 1 -16 158 -1275 9218 | 40319 362815 3626192 39832407 476565286
14875236 1 -16 158 -1271 9094 | 40319 362815 3626192 39832403 476564834
14875263 1 -16 159 -1312 10067 | 40319 362815 3626191 39832323 476561053
14875326 1 -16 158 -1277 9388 | 40319 362815 3626192 39832409 476565404
14875362 1 -16 159 -1315 10179 | 40319 362815 3626191 39832326 476561373
14875623 1 -16 156 -1220 8467 | 40319 362815 3626194 39832594 476575541
14875632 1 -16 156 -1220 8467 | 40319 362815 3626194 39832594 476575541
14876235 1 -16 157 -1247 8856 | 40319 362815 3626193 39832500 476570328
14876253 1 -16 158 -1285 9742 | 40319 362815 3626192 39832417 476566202
14876325 1 -16 157 -1244 8774 | 40319 362815 3626193 39832497 476569978
14876352 1 -16 158 -1289 9836 | 40319 362815 3626192 39832421 476566684
14876523 1 -16 155 -1190 7970 | 40319 362815 3626195 39832685 476580430
14876532 1 -16 155 -1192 8040 | 40319 362815 3626195 39832687 476580648
15342786 1 -16 155 -1193 8052 | 40319 362815 3626195 39832688 476580780
15346782 1 -16 156 -1225 8670 | 40319 362815 3626194 39832599 476576058
15346827 1 -16 158 -1284 9711 | 40319 362815 3626192 39832416 476566089
15346872 1 -16 156 -1220 8484 | 40319 362815 3626194 39832594 476575524
15347286 1 -16 158 -1276 9310 | 40319 362815 3626192 39832408 476565338
15347682 1 -16 156 -1220 8474 | 40319 362815 3626194 39832594 476575534
15347826 1 -16 157 -1237 8469 | 40319 362815 3626193 39832490 476569275
15347862 1 -16 156 -1208 7950 | 40319 362815 3626194 39832582 476574330
15348267 1 -16 157 -1240 8557 | 40319 362815 3626193 39832493 476569619
15348276 1 -16 157 -1247 8820 | 40319 362815 3626193 39832500 476570364
15348627 1 -16 158 -1272 9174 | 40319 362815 3626192 39832404 476564898
15348672 1 -16 156 -1208 7933 | 40319 362815 3626194 39832582 476574347
15348726 1 -16 157 -1237 8458 | 40319 362815 3626193 39832490 476569286
15348762 1 -16 156 -1221 8546 | 40319 362815 3626194 39832595 476575606
15362784 1 -16 159 -1308 9876 | 40319 362815 3626191 39832319 476560668
15362847 1 -16 160 -1341 10454 | 40319 362815 3626190 39832231 476556130
15362874 1 -16 159 -1308 9888 | 40319 362815 3626191 39832319 476560656
15364782 1 -16 157 -1256 9224 | 40319 362815 3626193 39832509 476571256
15364827 1 -16 158 -1280 9473 | 40319 362815 3626192 39832412 476565751
15364872 1 -16 157 -1254 9146 | 40319 362815 3626193 39832507 476571046
15367284 1 -16 159 -1306 9824 | 40319 362815 3626191 39832317 476560432
15367482 1 -16 159 -1320 10390 | 40319 362815 3626191 39832331 476561882
15367824 1 -16 158 -1284 9668 | 40319 362815 3626192 39832416 476566132
15367842 1 -16 158 -1287 9758 | 40319 362815 3626192 39832419 476566474
15368247 1 -16 160 -1341 10540 | 40319 362815 3626190 39832231 476556044
15368274 1 -16 160 -1337 10411 | 40319 362815 3626190 39832227 476555597
15368427 1 -16 160 -1340 10463 | 40319 362815 3626190 39832230 476555977
15368472 1 -16 160 -1355 11099 | 40319 362815 3626190 39832245 476557501
15368724 1 -16 158 -1278 9447 | 40319 362815 3626192 39832410 476565489
15368742 1 -16 158 -1280 9448 | 40319 362815 3626192 39832412 476565776
15372648 1 -16 159 -1313 10002 | 40319 362815 3626191 39832324 476561262
15372684 1 -16 160 -1345 10684 | 40319 362815 3626190 39832235 476556476
15372846 1 -16 160 -1341 10496 | 40319 362815 3626190 39832231 476556088
15372864 1 -16 160 -1345 10715 | 40319 362815 3626190 39832235 476556445
15374286 1 -16 160 -1349 10843 | 40319 362815 3626190 39832239 476556893
15374628 1 -16 159 -1319 10321 | 40319 362815 3626191 39832330 476561807
15374682 1 -16 159 -1323 10535 | 40319 362815 3626191 39832334 476562169
15374826 1 -16 160 -1341 10530 | 40319 362815 3626190 39832231 476556054
15374862 1 -16 159 -1315 10177 | 40319 362815 3626191 39832326 476561375
15376248 1 -16 159 -1315 10159 | 40319 362815 3626191 39832326 476561393
15376284 1 -16 159 -1304 9754 | 40319 362815 3626191 39832315 476560214
15376428 1 -16 158 -1287 9721 | 40319 362815 3626192 39832419 476566511
15376482 1 -16 158 -1284 9614 | 40319 362815 3626192 39832416 476566186
15376824 1 -16 158 -1280 9511 | 40319 362815 3626192 39832412 476565713
15376842 1 -16 158 -1284 9623 | 40319 362815 3626192 39832416 476566177
15378246 1 -16 159 -1306 9812 | 40319 362815 3626191 39832317 476560444
15378264 1 -16 159 -1305 9796 | 40319 362815 3626191 39832316 476560316
15378426 1 -16 159 -1297 9371 | 40319 362815 3626191 39832308 476559589
15378462 1 -16 159 -1315 10172 | 40319 362815 3626191 39832326 476561380
15378624 1 -16 158 -1272 9116 | 40319 362815 3626192 39832404 476564956
15378642 1 -16 158 -1284 9653 | 40319 362815 3626192 39832416 476566147
15382674 1 -16 159 -1306 9839 | 40319 362815 3626191 39832317 476560417
15382764 1 -16 158 -1282 9566 | 40319 362815 3626192 39832414 476565946
15384267 1 -16 159 -1308 9876 | 40319 362815 3626191 39832319 476560668
15384276 1 -16 159 -1311 10007 | 40319 362815 3626191 39832322 476560969
15384627 1 -16 160 -1336 10305 | 40319 362815 3626190 39832226 476555559
15384672 1 -16 159 -1315 10178 | 40319 362815 3626191 39832326 476561374
15384726 1 -16 160 -1342 10585 | 40319 362815 3626190 39832232 476556143
15384762 1 -16 159 -1316 10233 | 40319 362815 3626191 39832327 476561463
15386247 1 -16 160 -1333 10148 | 40319 362815 3626190 39832223 476555284
15386274 1 -16 160 -1334 10224 | 40319 362815 3626190 39832224 476555352
15386427 1 -16 160 -1344 10645 | 40319 362815 3626190 39832234 476556371
15386472 1 -16 160 -1351 10945 | 40319 362815 3626190 39832241 476557079
15386724 1 -16 158 -1272 9134 | 40319 362815 3626192 39832404 476564938
15386742 1 -16 158 -1281 9507 | 40319 362815 3626192 39832413 476565861
15387246 1 -16 159 -1303 9697 | 40319 362815 3626191 39832314 476560127
15387264 1 -16 159 -1309 9968 | 40319 362815 3626191 39832320 476560720
15387426 1 -16 159 -1300 9538 | 40319 362815 3626191 39832311 476559854
15387462 1 -16 159 -1312 10007 | 40319 362815 3626191 39832323 476561113
15387624 1 -16 158 -1285 9722 | 40319 362815 3626192 39832417 476566222
15387642 1 -16 157 -1256 9234 | 40319 362815 3626193 39832509 476571246
15432786 1 -16 154 -1172 7906 | 40319 362815 3626196 39832788 476586614
15436782 1 -16 155 -1194 8126 | 40319 362815 3626195 39832689 476580850
15436827 1 -16 157 -1254 9178 | 40319 362815 3626193 39832507 476571014
15436872 1 -16 155 -1192 8079 | 40319 362815 3626195 39832687 476580609
15437286 1 -16 158 -1293 10017 | 40319 362815 3626192 39832425 476567079
15437682 1 -16 155 -1193 8095 | 40319 362815 3626195 39832688 476580737
15437826 1 -16 157 -1250 8992 | 40319 362815 3626193 39832503 476570624
15437862 1 -16 156 -1225 8723 | 40319 362815 3626194 39832599 476576005
15438267 1 -16 157 -1259 9354 | 40319 362815 3626193 39832512 476571558
15438276 1 -16 156 -1227 8740 | 40319 362815 3626194 39832601 476576276
15438627 1 -16 158 -1287 9824 | 40319 362815 3626192 39832419 476566408
15438672 1 -16 156 -1225 8722 | 40319 362815 3626194 39832599 476576006
15438726 1 -16 157 -1253 9118 | 40319 362815 3626193 39832506 476570930
15438762 1 -16 155 -1194 8144 | 40319 362815 3626195 39832689 476580832
15462783 1 -16 157 -1237 8426 | 40319 362815 3626193 39832490 476569318
15462837 1 -16 158 -1270 9027 | 40319 362815 3626192 39832402 476564757
15462873 1 -16 157 -1237 8453 | 40319 362815 3626193 39832490 476569291
15463782 1 -16 157 -1253 9106 | 40319 362815 3626193 39832506 476570942
15463827 1 -16 158 -1286 9778 | 40319 362815 3626192 39832418 476566310
15463872 1 -16 157 -1253 9134 | 40319 362815 3626193 39832506 476570914
15467283 1 -16 157 -1251 9076 | 40319 362815 3626193 39832504 476570684
15467382 1 -16 157 -1251 9031 | 40319 362815 3626193 39832504 476570729
15467823 1 -16 155 -1192 8050 | 40319 362815 3626195 39832687 476580638
15467832 1 -16 155 -1192 8050 | 40319 362815 3626195 39832687 476580638
15468237 1 -16 157 -1238 8509 | 40319 362815 3626193 39832491 476569379
15468273 1 -16 158 -1276 9390 | 40319 362815 3626192 39832408 476565258
15468327 1 -16 157 -1238 8528 | 40319 362815 3626193 39832491 476569360
15468372 1 -16 158 -1278 9384 | 40319 362815 3626192 39832410 476565552
15468723 1 -16 155 -1185 7767 | 40319 362815 3626195 39832680 476579913
15468732 1 -16 155 -1185 7767 | 40319 362815 3626195 39832680 476579913
15472386 1 -16 158 -1270 9052 | 40319 362815 3626192 39832402 476564732
15472683 1 -16 159 -1308 9903 | 40319 362815 3626191 39832319 476560641
15472836 1 -16 159 -1305 9811 | 40319 362815 3626191 39832316 476560301
15472863 1 -16 159 -1301 9633 | 40319 362815 3626191 39832312 476559903
15473286 1 -16 158 -1274 9175 | 40319 362815 3626192 39832406 476565185
15473682 1 -16 158 -1287 9760 | 40319 362815 3626192 39832419 476566472
15473826 1 -16 159 -1309 9942 | 40319 362815 3626191 39832320 476560746
15473862 1 -16 159 -1315 10182 | 40319 362815 3626191 39832326 476561370
15476238 1 -16 156 -1216 8314 | 40319 362815 3626194 39832590 476575118
15476283 1 -16 157 -1248 8952 | 40319 362815 3626193 39832501 476570376
15476328 1 -16 156 -1216 8274 | 40319 362815 3626194 39832590 476575158
15476382 1 -16 157 -1250 8974 | 40319 362815 3626193 39832503 476570642
15476823 1 -16 155 -1190 7968 | 40319 362815 3626195 39832685 476580432
15476832 1 -16 155 -1190 7968 | 40319 362815 3626195 39832685 476580432
15478236 1 -16 157 -1239 8549 | 40319 362815 3626193 39832492 476569483
15478263 1 -16 158 -1269 9036 | 40319 362815 3626192 39832401 476564604
15478326 1 -16 157 -1236 8416 | 40319 362815 3626193 39832489 476569184
15478362 1 -16 158 -1277 9329 | 40319 362815 3626192 39832409 476565463
15478623 1 -16 156 -1218 8390 | 40319 362815 3626194 39832592 476575330
15478632 1 -16 156 -1218 8391 | 40319 362815 3626194 39832592 476575329
15482367 1 -16 157 -1236 8407 | 40319 362815 3626193 39832489 476569193
15482376 1 -16 157 -1239 8530 | 40319 362815 3626193 39832492 476569502
15482637 1 -16 159 -1295 9303 | 40319 362815 3626191 39832306 476559369
15482673 1 -16 158 -1263 8801 | 40319 362815 3626192 39832395 476563975
15482736 1 -16 159 -1304 9739 | 40319 362815 3626191 39832315 476560229
15482763 1 -16 158 -1274 9243 | 40319 362815 3626192 39832406 476565117
15483267 1 -16 157 -1240 8538 | 40319 362815 3626193 39832493 476569638
15483276 1 -16 157 -1245 8729 | 40319 362815 3626193 39832498 476570167
15483627 1 -16 159 -1311 10063 | 40319 362815 3626191 39832322 476560913
15483672 1 -16 158 -1278 9381 | 40319 362815 3626192 39832410 476565555
15483726 1 -16 158 -1282 9593 | 40319 362815 3626192 39832414 476565919
15483762 1 -16 157 -1246 8813 | 40319 362815 3626193 39832499 476570227
15486237 1 -16 158 -1271 9155 | 40319 362815 3626192 39832403 476564773
15486273 1 -16 159 -1309 9977 | 40319 362815 3626191 39832320 476560711
15486327 1 -16 158 -1271 9114 | 40319 362815 3626192 39832403 476564814
15486372 1 -16 159 -1311 10001 | 40319 362815 3626191 39832322 476560975
15486723 1 -16 156 -1218 8392 | 40319 362815 3626194 39832592 476575328
15486732 1 -16 156 -1218 8393 | 40319 362815 3626194 39832592 476575327
15487236 1 -16 157 -1238 8500 | 40319 362815 3626193 39832491 476569388
15487263 1 -16 158 -1272 9143 | 40319 362815 3626192 39832404 476564929
15487326 1 -16 157 -1236 8407 | 40319 362815 3626193 39832489 476569193
15487362 1 -16 158 -1279 9407 | 40319 362815 3626192 39832411 476565673
15487623 1 -16 155 -1187 7861 | 40319 362815 3626195 39832682 476580107
15487632 1 -16 155 -1187 7855 | 40319 362815 3626195 39832682 476580113
15634782 1 -16 156 -1215 8265 | 40319 362815 3626194 39832589 476575023
15634827 1 -16 157 -1248 8920 | 40319 362815 3626193 39832501 476570408
15634872 1 -16 156 -1215 8285 | 40319 362815 3626194 39832589 476575003
15637284 1 -16 159 -1309 9976 | 40319 362815 3626191 39832320 476560712
15637482 1 -16 158 -1285 9693 | 40319 362815 3626192 39832417 476566251
15637824 1 -16 158 -1271 9092 | 40319 362815 3626192 39832403 476564836
15637842 1 -16 158 -1278 9357 | 40319 362815 3626192 39832410 476565579
15638247 1 -16 159 -1301 9632 | 40319 362815 3626191 39832312 476559904
15638274 1 -16 159 -1305 9832 | 40319 362815 3626191 39832316 476560280
15638427 1 -16 159 -1308 9904 | 40319 362815 3626191 39832319 476560640
15638472 1 -16 159 -1315 10209 | 40319 362815 3626191 39832326 476561343
15638724 1 -16 158 -1269 9030 | 40319 362815 3626192 39832401 476564610
15638742 1 -16 158 -1277 9323 | 40319 362815 3626192 39832409 476565469
15642783 1 -16 157 -1237 8470 | 40319 362815 3626193 39832490 476569274
15642837 1 -16 158 -1276 9354 | 40319 362815 3626192 39832408 476565294
15642873 1 -16 157 -1237 8443 | 40319 362815 3626193 39832490 476569301
15643782 1 -16 156 -1216 8329 | 40319 362815 3626194 39832590 476575103
15643827 1 -16 157 -1251 9056 | 40319 362815 3626193 39832504 476570704
15643872 1 -16 156 -1216 8334 | 40319 362815 3626194 39832590 476575098
15647283 1 -16 158 -1286 9821 | 40319 362815 3626192 39832418 476566267
15647382 1 -16 158 -1290 9936 | 40319 362815 3626192 39832422 476566728
15647823 1 -16 156 -1219 8438 | 40319 362815 3626194 39832593 476575426
15647832 1 -16 156 -1219 8429 | 40319 362815 3626194 39832593 476575435
15648237 1 -16 157 -1237 8493 | 40319 362815 3626193 39832490 476569251
15648273 1 -16 158 -1270 9081 | 40319 362815 3626192 39832402 476564703
15648327 1 -16 157 -1237 8438 | 40319 362815 3626193 39832490 476569306
15648372 1 -16 158 -1282 9602 | 40319 362815 3626192 39832414 476565910
15648723 1 -16 156 -1217 8370 | 40319 362815 3626194 39832591 476575206
15648732 1 -16 156 -1217 8364 | 40319 362815 3626194 39832591 476575212
15672348 1 -16 155 -1192 8077 | 40319 362815 3626195 39832687 476580611
15672384 1 -16 157 -1250 9033 | 40319 362815 3626193 39832503 476570583
15672438 1 -16 156 -1222 8610 | 40319 362815 3626194 39832596 476575686
15672483 1 -16 158 -1284 9732 | 40319 362815 3626192 39832416 476566068
15672834 1 -16 156 -1221 8546 | 40319 362815 3626194 39832595 476575606
15672843 1 -16 157 -1254 9202 | 40319 362815 3626193 39832507 476570990
15673284 1 -16 157 -1247 8906 | 40319 362815 3626193 39832500 476570278
15673428 1 -16 155 -1189 7919 | 40319 362815 3626195 39832684 476580337
15673482 1 -16 156 -1218 8412 | 40319 362815 3626194 39832592 476575308
15673824 1 -16 158 -1288 9857 | 40319 362815 3626192 39832420 476566519
15673842 1 -16 157 -1258 9329 | 40319 362815 3626193 39832511 476571439
15674238 1 -16 155 -1188 7929 | 40319 362815 3626195 39832683 476580183
15674283 1 -16 157 -1250 9048 | 40319 362815 3626193 39832503 476570568
15674328 1 -16 155 -1192 8035 | 40319 362815 3626195 39832687 476580653
15674382 1 -16 156 -1218 8423 | 40319 362815 3626194 39832592 476575297
15674823 1 -16 156 -1221 8495 | 40319 362815 3626194 39832595 476575657
15674832 1 -16 156 -1222 8527 | 40319 362815 3626194 39832596 476575769
15678234 1 -16 154 -1166 7705 | 40319 362815 3626196 39832782 476585951
15678243 1 -16 155 -1197 8264 | 40319 362815 3626195 39832692 476581144
15678324 1 -16 155 -1197 8263 | 40319 362815 3626195 39832692 476581145
15678342 1 -16 154 -1165 7664 | 40319 362815 3626196 39832781 476585848
15678423 1 -16 154 -1164 7622 | 40319 362815 3626196 39832780 476585746
15678432 1 -16 154 -1166 7705 | 40319 362815 3626196 39832782 476585951
15682374 1 -16 158 -1268 9004 | 40319 362815 3626192 39832400 476564492
15682437 1 -16 157 -1237 8492 | 40319 362815 3626193 39832490 476569252
15682473 1 -16 159 -1301 9614 | 40319 362815 3626191 39832312 476559922
15682734 1 -16 158 -1278 9431 | 40319 362815 3626192 39832410 476565505
15682743 1 -16 158 -1273 9234 | 40319 362815 3626192 39832405 476564982
15683247 1 -16 157 -1237 8469 | 40319 362815 3626193 39832490 476569275
15683274 1 -16 158 -1266 8934 | 40319 362815 3626192 39832398 476564274
15683427 1 -16 157 -1242 8688 | 40319 362815 3626193 39832495 476569776
15683472 1 -16 158 -1279 9424 | 40319 362815 3626192 39832411 476565656
15683724 1 -16 159 -1312 10110 | 40319 362815 3626191 39832323 476561010
15683742 1 -16 159 -1318 10295 | 40319 362815 3626191 39832329 476561689
15684237 1 -16 157 -1242 8745 | 40319 362815 3626193 39832495 476569719
15684273 1 -16 159 -1306 9842 | 40319 362815 3626191 39832317 476560414
15684327 1 -16 157 -1245 8808 | 40319 362815 3626193 39832498 476570088
15684372 1 -16 158 -1272 9105 | 40319 362815 3626192 39832404 476564967
15684723 1 -16 158 -1292 10020 | 40319 362815 3626192 39832424 476566932
15684732 1 -16 158 -1292 9984 | 40319 362815 3626192 39832424 476566968
15687234 1 -16 155 -1192 8065 | 40319 362815 3626195 39832687 476580623
15687243 1 -16 155 -1184 7766 | 40319 362815 3626195 39832679 476579770
15687324 1 -16 155 -1184 7766 | 40319 362815 3626195 39832679 476579770
15687342 1 -16 155 -1191 8022 | 40319 362815 3626195 39832686 476580522
15687423 1 -16 155 -1191 8029 | 40319 362815 3626195 39832686 476580515
15687432 1 -16 155 -1192 8060 | 40319 362815 3626195 39832687 476580628
15734286 1 -16 158 -1278 9410 | 40319 362815 3626192 39832410 476565526
15734628 1 -16 158 -1284 9638 | 40319 362815 3626192 39832416 476566162
15734682 1 -16 158 -1283 9621 | 40319 362815 3626192 39832415 476566035
15734826 1 -16 159 -1304 9782 | 40319 362815 3626191 39832315 476560186
15734862 1 -16 159 -1313 10143 | 40319 362815 3626191 39832324 476561121
15736248 1 -16 159 -1317 10225 | 40319 362815 3626191 39832328 476561615
15736284 1 -16 160 -1341 10544 | 40319 362815 3626190 39832231 476556040
15736428 1 -16 159 -1327 10674 | 40319 362815 3626191 39832338 476562606
15736482 1 -16 159 -1319 10361 | 40319 362815 3626191 39832330 476561767
15736824 1 -16 160 -1347 10798 | 40319 362815 3626190 39832237 476556650
15736842 1 -16 160 -1354 11059 | 40319 362815 3626190 39832244 476557397
15738246 1 -16 160 -1345 10747 | 40319 362815 3626190 39832235 476556413
15738264 1 -16 160 -1341 10546 | 40319 362815 3626190 39832231 476556038
15738426 1 -16 160 -1345 10738 | 40319 362815 3626190 39832235 476556422
15738462 1 -16 159 -1312 10062 | 40319 362815 3626191 39832323 476561058
15738624 1 -16 160 -1339 10426 | 40319 362815 3626190 39832229 476555870
15738642 1 -16 160 -1351 10930 | 40319 362815 3626190 39832241 476557094
15742638 1 -16 160 -1355 11088 | 40319 362815 3626190 39832245 476557512
15742683 1 -16 160 -1338 10398 | 40319 362815 3626190 39832228 476555754
15742836 1 -16 160 -1337 10416 | 40319 362815 3626190 39832227 476555592
15742863 1 -16 160 -1339 10470 | 40319 362815 3626190 39832229 476555826
15743286 1 -16 158 -1287 9788 | 40319 362815 3626192 39832419 476566444
15743628 1 -16 159 -1320 10368 | 40319 362815 3626191 39832331 476561904
15743682 1 -16 159 -1320 10441 | 40319 362815 3626191 39832331 476561831
15743826 1 -16 159 -1306 9836 | 40319 362815 3626191 39832317 476560420
15743862 1 -16 159 -1310 9981 | 40319 362815 3626191 39832321 476560851
15746238 1 -16 157 -1254 9130 | 40319 362815 3626193 39832507 476571062
15746283 1 -16 158 -1280 9509 | 40319 362815 3626192 39832412 476565715
15746328 1 -16 157 -1260 9374 | 40319 362815 3626193 39832513 476571682
15746382 1 -16 158 -1290 9922 | 40319 362815 3626192 39832422 476566742
15746823 1 -16 157 -1258 9333 | 40319 362815 3626193 39832511 476571435
15746832 1 -16 157 -1258 9315 | 40319 362815 3626193 39832511 476571453
15748236 1 -16 159 -1306 9848 | 40319 362815 3626191 39832317 476560408
15748263 1 -16 160 -1339 10431 | 40319 362815 3626190 39832229 476555865
15748326 1 -16 159 -1308 9904 | 40319 362815 3626191 39832319 476560640
15748362 1 -16 160 -1351 10945 | 40319 362815 3626190 39832241 476557079
15748623 1 -16 158 -1290 9905 | 40319 362815 3626192 39832422 476566759
15748632 1 -16 158 -1290 9885 | 40319 362815 3626192 39832422 476566779
15762438 1 -16 156 -1208 7943 | 40319 362815 3626194 39832582 476574337
15762483 1 -16 158 -1272 9205 | 40319 362815 3626192 39832404 476564867
15762834 1 -16 157 -1247 8896 | 40319 362815 3626193 39832500 476570288
15762843 1 -16 157 -1240 8617 | 40319 362815 3626193 39832493 476569559
15763248 1 -16 156 -1208 7965 | 40319 362815 3626194 39832582 476574315
15763284 1 -16 157 -1237 8501 | 40319 362815 3626193 39832490 476569243
15763428 1 -16 156 -1220 8475 | 40319 362815 3626194 39832594 476575533
15763482 1 -16 157 -1249 8976 | 40319 362815 3626193 39832502 476570496
15763824 1 -16 158 -1276 9370 | 40319 362815 3626192 39832408 476565278
15763842 1 -16 158 -1283 9601 | 40319 362815 3626192 39832415 476566055
15764238 1 -16 156 -1220 8497 | 40319 362815 3626194 39832594 476575511
15764283 1 -16 158 -1284 9740 | 40319 362815 3626192 39832416 476566060
15764328 1 -16 156 -1228 8789 | 40319 362815 3626194 39832602 476576371
15764382 1 -16 157 -1253 9129 | 40319 362815 3626193 39832506 476570919
15764823 1 -16 157 -1256 9270 | 40319 362815 3626193 39832509 476571210
15764832 1 -16 157 -1256 9246 | 40319 362815 3626193 39832509 476571234
15768234 1 -16 155 -1194 8145 | 40319 362815 3626195 39832689 476580831
15768243 1 -16 155 -1185 7785 | 40319 362815 3626195 39832680 476579895
15768324 1 -16 155 -1185 7785 | 40319 362815 3626195 39832680 476579895
15768342 1 -16 155 -1193 8103 | 40319 362815 3626195 39832688 476580729
15768423 1 -16 155 -1193 8111 | 40319 362815 3626195 39832688 476580721
15768432 1 -16 155 -1194 8136 | 40319 362815 3626195 39832689 476580840
15782463 1 -16 159 -1319 10391 | 40319 362815 3626191 39832330 476561737
15782634 1 -16 158 -1276 9288 | 40319 362815 3626192 39832408 476565360
15782643 1 -16 158 -1275 9258 | 40319 362815 3626192 39832407 476565246
15783246 1 -16 157 -1250 9032 | 40319 362815 3626193 39832503 476570584
15783264 1 -16 158 -1277 9370 | 40319 362815 3626192 39832409 476565422
15783426 1 -16 157 -1245 8783 | 40319 362815 3626193 39832498 476570113
15783462 1 -16 157 -1252 9043 | 40319 362815 3626193 39832505 476570861
15783624 1 -16 159 -1317 10272 | 40319 362815 3626191 39832328 476561568
15783642 1 -16 159 -1323 10495 | 40319 362815 3626191 39832334 476562209
15784236 1 -16 157 -1243 8713 | 40319 362815 3626193 39832496 476569895
15784263 1 -16 159 -1319 10356 | 40319 362815 3626191 39832330 476561772
15784326 1 -16 157 -1247 8854 | 40319 362815 3626193 39832500 476570330
15784362 1 -16 158 -1281 9483 | 40319 362815 3626192 39832413 476565885
15784623 1 -16 157 -1259 9325 | 40319 362815 3626193 39832512 476571587
15784632 1 -16 157 -1259 9311 | 40319 362815 3626193 39832512 476571601
15786234 1 -16 156 -1229 8877 | 40319 362815 3626194 39832603 476576427
15786243 1 -16 156 -1220 8521 | 40319 362815 3626194 39832594 476575487
15786324 1 -16 156 -1220 8521 | 40319 362815 3626194 39832594 476575487
15786342 1 -16 156 -1228 8827 | 40319 362815 3626194 39832602 476576333
15786423 1 -16 156 -1228 8835 | 40319 362815 3626194 39832602 476576325
15786432 1 -16 156 -1229 8855 | 40319 362815 3626194 39832603 476576449
15834267 1 -16 157 -1237 8445 | 40319 362815 3626193 39832490 476569299
15834276 1 -16 157 -1237 8441 | 40319 362815 3626193 39832490 476569303
15834627 1 -16 159 -1304 9762 | 40319 362815 3626191 39832315 476560206
15834672 1 -16 158 -1277 9323 | 40319 362815 3626192 39832409 476565469
15834726 1 -16 159 -1302 9662 | 40319 362815 3626191 39832313 476560018
15834762 1 -16 158 -1274 9240 | 40319 362815 3626192 39832406 476565120
15836247 1 -16 160 -1344 10657 | 40319 362815 3626190 39832234 476556359
15836274 1 -16 160 -1331 10091 | 40319 362815 3626190 39832221 476555053
15836427 1 -16 160 -1344 10645 | 40319 362815 3626190 39832234 476556371
15836472 1 -16 160 -1352 10999 | 40319 362815 3626190 39832242 476557169
15836724 1 -16 159 -1299 9470 | 40319 362815 3626191 39832310 476559778
15836742 1 -16 159 -1306 9743 | 40319 362815 3626191 39832317 476560513
15837246 1 -16 160 -1338 10397 | 40319 362815 3626190 39832228 476555755
15837264 1 -16 159 -1311 10078 | 40319 362815 3626191 39832322 476560898
15837426 1 -16 160 -1335 10250 | 40319 362815 3626190 39832225 476555470
15837462 1 -16 160 -1349 10850 | 40319 362815 3626190 39832239 476556886
15837624 1 -16 159 -1309 9969 | 40319 362815 3626191 39832320 476560719
15837642 1 -16 158 -1280 9445 | 40319 362815 3626192 39832412 476565779
15842673 1 -16 159 -1294 9312 | 40319 362815 3626191 39832305 476559216
15842763 1 -16 159 -1299 9506 | 40319 362815 3626191 39832310 476559742
15843267 1 -16 157 -1249 8966 | 40319 362815 3626193 39832502 476570506
15843276 1 -16 157 -1250 8976 | 40319 362815 3626193 39832503 476570640
15843627 1 -16 159 -1303 9689 | 40319 362815 3626191 39832314 476560135
15843672 1 -16 158 -1269 8953 | 40319 362815 3626192 39832401 476564687
15843726 1 -16 159 -1307 9851 | 40319 362815 3626191 39832318 476560549
15843762 1 -16 158 -1276 9300 | 40319 362815 3626192 39832408 476565348
15846237 1 -16 159 -1311 10074 | 40319 362815 3626191 39832322 476560902
15846273 1 -16 160 -1344 10671 | 40319 362815 3626190 39832234 476556345
15846327 1 -16 159 -1313 10122 | 40319 362815 3626191 39832324 476561142
15846372 1 -16 160 -1352 11006 | 40319 362815 3626190 39832242 476557162
15846723 1 -16 158 -1293 10045 | 40319 362815 3626192 39832425 476567051
15846732 1 -16 158 -1293 10034 | 40319 362815 3626192 39832425 476567062
15847236 1 -16 159 -1309 9952 | 40319 362815 3626191 39832320 476560736
15847263 1 -16 160 -1348 10834 | 40319 362815 3626190 39832238 476556758
15847326 1 -16 159 -1311 10008 | 40319 362815 3626191 39832322 476560968
15847362 1 -16 159 -1321 10437 | 40319 362815 3626191 39832332 476561979
15847623 1 -16 157 -1250 8972 | 40319 362815 3626193 39832503 476570644
15847632 1 -16 157 -1250 8950 | 40319 362815 3626193 39832503 476570666
15862473 1 -16 160 -1336 10349 | 40319 362815 3626190 39832226 476555515
15862743 1 -16 159 -1308 9910 | 40319 362815 3626191 39832319 476560634
15863247 1 -16 158 -1272 9201 | 40319 362815 3626192 39832404 476564871
15863274 1 -16 159 -1304 9777 | 40319 362815 3626191 39832315 476560191
15863427 1 -16 158 -1280 9535 | 40319 362815 3626192 39832412 476565689
15863472 1 -16 159 -1311 10009 | 40319 362815 3626191 39832322 476560967
15863724 1 -16 160 -1348 10855 | 40319 362815 3626190 39832238 476556737
15863742 1 -16 160 -1359 11276 | 40319 362815 3626190 39832249 476557900
15864237 1 -16 158 -1280 9570 | 40319 362815 3626192 39832412 476565654
15864273 1 -16 160 -1344 10685 | 40319 362815 3626190 39832234 476556331
15864327 1 -16 158 -1288 9867 | 40319 362815 3626192 39832420 476566509
15864372 1 -16 159 -1315 10220 | 40319 362815 3626191 39832326 476561332
15864723 1 -16 159 -1328 10784 | 40319 362815 3626191 39832339 476562640
15864732 1 -16 159 -1328 10745 | 40319 362815 3626191 39832339 476562679
15867234 1 -16 156 -1229 8876 | 40319 362815 3626194 39832603 476576428
15867243 1 -16 156 -1220 8528 | 40319 362815 3626194 39832594 476575480
15867324 1 -16 156 -1220 8528 | 40319 362815 3626194 39832594 476575480
15867342 1 -16 156 -1228 8822 | 40319 362815 3626194 39832602 476576338
15867423 1 -16 156 -1228 8840 | 40319 362815 3626194 39832602 476576320
15867432 1 -16 156 -1229 8861 | 40319 362815 3626194 39832603 476576443
15872643 1 -16 158 -1278 9443 | 40319 362815 3626192 39832410 476565493
15873246 1 -16 157 -1240 8602 | 40319 362815 3626193 39832493 476569574
15873264 1 -16 158 -1273 9212 | 40319 362815 3626192 39832405 476565004
15873426 1 -16 157 -1237 8462 | 40319 362815 3626193 39832490 476569282
15873462 1 -16 158 -1283 9586 | 40319 362815 3626192 39832415 476566070
15873624 1 -16 159 -1318 10374 | 40319 362815 3626191 39832329 476561610
15873642 1 -16 159 -1321 10429 | 40319 362815 3626191 39832332 476561987
15874236 1 -16 157 -1237 8478 | 40319 362815 3626193 39832490 476569266
15874263 1 -16 159 -1308 9842 | 40319 362815 3626191 39832319 476560702
15874326 1 -16 157 -1244 8777 | 40319 362815 3626193 39832497 476569975
15874362 1 -16 158 -1271 9016 | 40319 362815 3626192 39832403 476564912
15874623 1 -16 158 -1296 10171 | 40319 362815 3626192 39832428 476567357
15874632 1 -16 158 -1296 10140 | 40319 362815 3626192 39832428 476567388
15876234 1 -16 155 -1190 7980 | 40319 362815 3626195 39832685 476580420
15876243 1 -16 155 -1184 7790 | 40319 362815 3626195 39832679 476579746
15876324 1 -16 155 -1184 7786 | 40319 362815 3626195 39832679 476579750
15876342 1 -16 155 -1189 7927 | 40319 362815 3626195 39832684 476580329
15876423 1 -16 155 -1189 7920 | 40319 362815 3626195 39832684 476580336
15876432 1 -16 155 -1192 8043 | 40319 362815 3626195 39832687 476580645
16345782 1 -16 156 -1217 8342 | 40319 362815 3626194 39832591 476575234
16345827 1 -16 157 -1244 8796 | 40319 362815 3626193 39832497 476569956
16345872 1 -16 156 -1214 8236 | 40319 362815 3626194 39832588 476574908
16347285 1 -16 159 -1298 9506 | 40319 362815 3626191 39832309 476559598
16347582 1 -16 159 -1326 10694 | 40319 362815 3626191 39832337 476562442
16347825 1 -16 158 -1264 8859 | 40319 362815 3626192 39832396 476564061
16347852 1 -16 158 -1268 8890 | 40319 362815 3626192 39832400 476564606
16348275 1 -16 159 -1306 9869 | 40319 362815 3626191 39832317 476560387
16348527 1 -16 159 -1299 9494 | 40319 362815 3626191 39832310 476559754
16348572 1 -16 159 -1315 10203 | 40319 362815 3626191 39832326 476561349
16348725 1 -16 158 -1263 8804 | 40319 362815 3626192 39832395 476563972
16348752 1 -16 158 -1278 9372 | 40319 362815 3626192 39832410 476565564
16354782 1 -16 157 -1252 9089 | 40319 362815 3626193 39832505 476570815
16354827 1 -16 158 -1277 9383 | 40319 362815 3626192 39832409 476565409
16354872 1 -16 157 -1252 9103 | 40319 362815 3626193 39832505 476570801
16357284 1 -16 160 -1344 10713 | 40319 362815 3626190 39832234 476556303
16357482 1 -16 160 -1356 11195 | 40319 362815 3626190 39832246 476557549
16357824 1 -16 159 -1315 10230 | 40319 362815 3626191 39832326 476561322
16357842 1 -16 159 -1315 10189 | 40319 362815 3626191 39832326 476561363
16358247 1 -16 160 -1339 10451 | 40319 362815 3626190 39832229 476555845
16358274 1 -16 160 -1334 10246 | 40319 362815 3626190 39832224 476555330
16358427 1 -16 160 -1336 10329 | 40319 362815 3626190 39832226 476555535
16358472 1 -16 160 -1351 10960 | 40319 362815 3626190 39832241 476557064
16358724 1 -16 159 -1309 9970 | 40319 362815 3626191 39832320 476560718
16358742 1 -16 159 -1311 10002 | 40319 362815 3626191 39832322 476560974
16374582 1 -16 158 -1278 9375 | 40319 362815 3626192 39832410 476565561
16374825 1 -16 160 -1337 10353 | 40319 362815 3626190 39832227 476555655
16374852 1 -16 159 -1317 10254 | 40319 362815 3626191 39832328 476561586
16375284 1 -16 160 -1334 10203 | 40319 362815 3626190 39832224 476555373
16375482 1 -16 159 -1321 10494 | 40319 362815 3626191 39832332 476561922
16375824 1 -16 160 -1348 10861 | 40319 362815 3626190 39832238 476556731
16375842 1 -16 160 -1352 10998 | 40319 362815 3626190 39832242 476557170
16378245 1 -16 158 -1268 8977 | 40319 362815 3626192 39832400 476564519
16378254 1 -16 158 -1266 8904 | 40319 362815 3626192 39832398 476564304
16378425 1 -16 159 -1301 9595 | 40319 362815 3626191 39832312 476559941
16378452 1 -16 158 -1279 9415 | 40319 362815 3626192 39832411 476565665
16378524 1 -16 159 -1306 9822 | 40319 362815 3626191 39832317 476560434
16378542 1 -16 158 -1272 9077 | 40319 362815 3626192 39832404 476564995
16384527 1 -16 159 -1306 9858 | 40319 362815 3626191 39832317 476560398
16384572 1 -16 158 -1273 9164 | 40319 362815 3626192 39832405 476565052
16384725 1 -16 160 -1331 10068 | 40319 362815 3626190 39832221 476555076
16384752 1 -16 160 -1349 10840 | 40319 362815 3626190 39832239 476556896
16385274 1 -16 160 -1327 9788 | 40319 362815 3626190 39832217 476554780
16385427 1 -16 159 -1293 9217 | 40319 362815 3626191 39832304 476559167
16385472 1 -16 159 -1302 9598 | 40319 362815 3626191 39832313 476560082
16385724 1 -16 160 -1345 10700 | 40319 362815 3626190 39832235 476556460
16385742 1 -16 160 -1354 11080 | 40319 362815 3626190 39832244 476557376
16387254 1 -16 158 -1267 8942 | 40319 362815 3626192 39832399 476564410
16387425 1 -16 159 -1304 9758 | 40319 362815 3626191 39832315 476560210
16387452 1 -16 158 -1277 9330 | 40319 362815 3626192 39832409 476565462
16387524 1 -16 159 -1307 9840 | 40319 362815 3626191 39832318 476560560
16387542 1 -16 158 -1278 9363 | 40319 362815 3626192 39832410 476565573
16435782 1 -16 157 -1254 9151 | 40319 362815 3626193 39832507 476571041
16435827 1 -16 158 -1278 9440 | 40319 362815 3626192 39832410 476565496
16435872 1 -16 157 -1252 9098 | 40319 362815 3626193 39832505 476570806
16437285 1 -16 159 -1307 9842 | 40319 362815 3626191 39832318 476560558
16437582 1 -16 158 -1287 9782 | 40319 362815 3626192 39832419 476566450
16437825 1 -16 158 -1271 9133 | 40319 362815 3626192 39832403 476564795
16437852 1 -16 158 -1278 9395 | 40319 362815 3626192 39832410 476565541
16438275 1 -16 158 -1282 9603 | 40319 362815 3626192 39832414 476565909
16438527 1 -16 159 -1298 9418 | 40319 362815 3626191 39832309 476559686
16438572 1 -16 159 -1316 10243 | 40319 362815 3626191 39832327 476561453
16438725 1 -16 158 -1274 9252 | 40319 362815 3626192 39832406 476565108
16438752 1 -16 157 -1246 8795 | 40319 362815 3626193 39832499 476570245
16453782 1 -16 156 -1218 8395 | 40319 362815 3626194 39832592 476575325
16453827 1 -16 157 -1253 9121 | 40319 362815 3626193 39832506 476570927
16453872 1 -16 156 -1218 8404 | 40319 362815 3626194 39832592 476575316
16457283 1 -16 158 -1286 9836 | 40319 362815 3626192 39832418 476566252
16457382 1 -16 158 -1288 9863 | 40319 362815 3626192 39832420 476566513
16457823 1 -16 156 -1221 8522 | 40319 362815 3626194 39832595 476575630
16457832 1 -16 156 -1221 8524 | 40319 362815 3626194 39832595 476575628
16458237 1 -16 157 -1239 8563 | 40319 362815 3626193 39832492 476569469
16458273 1 -16 158 -1270 9099 | 40319 362815 3626192 39832402 476564685
16458327 1 -16 157 -1237 8474 | 40319 362815 3626193 39832490 476569270
16458372 1 -16 158 -1279 9461 | 40319 362815 3626192 39832411 476565619
16458723 1 -16 156 -1217 8372 | 40319 362815 3626194 39832591 476575204
16458732 1 -16 156 -1217 8372 | 40319 362815 3626194 39832591 476575204
16473285 1 -16 159 -1304 9733 | 40319 362815 3626191 39832315 476560235
16473582 1 -16 159 -1318 10313 | 40319 362815 3626191 39832329 476561671
16473825 1 -16 160 -1344 10684 | 40319 362815 3626190 39832234 476556332
16473852 1 -16 160 -1347 10759 | 40319 362815 3626190 39832237 476556689
16475283 1 -16 158 -1278 9422 | 40319 362815 3626192 39832410 476565514
16475382 1 -16 158 -1290 9922 | 40319 362815 3626192 39832422 476566742
16475823 1 -16 157 -1258 9337 | 40319 362815 3626193 39832511 476571431
16475832 1 -16 157 -1258 9325 | 40319 362815 3626193 39832511 476571443
16478235 1 -16 158 -1279 9458 | 40319 362815 3626192 39832411 476565622
16478253 1 -16 159 -1312 10095 | 40319 362815 3626191 39832323 476561025
16478325 1 -16 158 -1273 9212 | 40319 362815 3626192 39832405 476565004
16478352 1 -16 159 -1318 10289 | 40319 362815 3626191 39832329 476561695
16478523 1 -16 158 -1292 10004 | 40319 362815 3626192 39832424 476566948
16478532 1 -16 158 -1293 10035 | 40319 362815 3626192 39832425 476567061
16483257 1 -16 159 -1305 9777 | 40319 362815 3626191 39832316 476560335
16483275 1 -16 159 -1309 9972 | 40319 362815 3626191 39832320 476560716
16483527 1 -16 160 -1342 10586 | 40319 362815 3626190 39832232 476556142
16483572 1 -16 160 -1349 10859 | 40319 362815 3626190 39832239 476556877
16483725 1 -16 159 -1310 10040 | 40319 362815 3626191 39832321 476560792
16483752 1 -16 159 -1311 10020 | 40319 362815 3626191 39832322 476560956
16485237 1 -16 159 -1310 9998 | 40319 362815 3626191 39832321 476560834
16485273 1 -16 160 -1345 10704 | 40319 362815 3626190 39832235 476556456
16485327 1 -16 159 -1314 10160 | 40319 362815 3626191 39832325 476561248
16485372 1 -16 160 -1354 11087 | 40319 362815 3626190 39832244 476557369
16485723 1 -16 158 -1291 9954 | 40319 362815 3626192 39832423 476566854
16485732 1 -16 158 -1291 9942 | 40319 362815 3626192 39832423 476566866
16487235 1 -16 158 -1278 9402 | 40319 362815 3626192 39832410 476565534
16487253 1 -16 159 -1316 10298 | 40319 362815 3626191 39832327 476561398
16487325 1 -16 158 -1273 9194 | 40319 362815 3626192 39832405 476565022
16487352 1 -16 159 -1321 10447 | 40319 362815 3626191 39832332 476561969
16487523 1 -16 157 -1253 9084 | 40319 362815 3626193 39832506 476570964
16487532 1 -16 157 -1255 9160 | 40319 362815 3626193 39832508 476571176
16534782 1 -16 156 -1216 8311 | 40319 362815 3626194 39832590 476575121
16534827 1 -16 157 -1248 8918 | 40319 362815 3626193 39832501 476570410
16534872 1 -16 156 -1216 8325 | 40319 362815 3626194 39832590 476575107
16537482 1 -16 159 -1322 10500 | 40319 362815 3626191 39832333 476562060
16537824 1 -16 158 -1274 9245 | 40319 362815 3626192 39832406 476565115
16537842 1 -16 158 -1274 9138 | 40319 362815 3626192 39832406 476565222
16538427 1 -16 159 -1309 9937 | 40319 362815 3626191 39832320 476560751
16538472 1 -16 159 -1312 10024 | 40319 362815 3626191 39832323 476561096
16538724 1 -16 158 -1274 9206 | 40319 362815 3626192 39832406 476565154
16538742 1 -16 158 -1281 9471 | 40319 362815 3626192 39832413 476565897
16543782 1 -16 155 -1194 8129 | 40319 362815 3626195 39832689 476580847
16543827 1 -16 156 -1231 8916 | 40319 362815 3626194 39832605 476576676
16543872 1 -16 155 -1194 8126 | 40319 362815 3626195 39832689 476580850
16547283 1 -16 157 -1247 8866 | 40319 362815 3626193 39832500 476570318
16547382 1 -16 157 -1254 9132 | 40319 362815 3626193 39832507 476571060
16547823 1 -16 155 -1187 7863 | 40319 362815 3626195 39832682 476580105
16547832 1 -16 155 -1187 7853 | 40319 362815 3626195 39832682 476580115
16548237 1 -16 157 -1246 8836 | 40319 362815 3626193 39832499 476570204
16548273 1 -16 158 -1283 9648 | 40319 362815 3626192 39832415 476566008
16548327 1 -16 157 -1253 9124 | 40319 362815 3626193 39832506 476570924
16548372 1 -16 157 -1254 9163 | 40319 362815 3626193 39832507 476571029
16548723 1 -16 155 -1187 7861 | 40319 362815 3626195 39832682 476580107
16548732 1 -16 155 -1187 7848 | 40319 362815 3626195 39832682 476580120
16573284 1 -16 157 -1237 8489 | 40319 362815 3626193 39832490 476569255
16573482 1 -16 157 -1249 8968 | 40319 362815 3626193 39832502 476570504
16573824 1 -16 158 -1276 9348 | 40319 362815 3626192 39832408 476565300
16573842 1 -16 158 -1286 9741 | 40319 362815 3626192 39832418 476566347
16574283 1 -16 158 -1284 9743 | 40319 362815 3626192 39832416 476566057
16574382 1 -16 157 -1251 9017 | 40319 362815 3626193 39832504 476570743
16574823 1 -16 157 -1256 9253 | 40319 362815 3626193 39832509 476571227
16574832 1 -16 157 -1258 9318 | 40319 362815 3626193 39832511 476571450
16578234 1 -16 155 -1192 8062 | 40319 362815 3626195 39832687 476580626
16578243 1 -16 155 -1184 7766 | 40319 362815 3626195 39832679 476579770
16578324 1 -16 155 -1184 7766 | 40319 362815 3626195 39832679 476579770
16578342 1 -16 155 -1191 8022 | 40319 362815 3626195 39832686 476580522
16578423 1 -16 155 -1191 8029 | 40319 362815 3626195 39832686 476580515
16578432 1 -16 155 -1192 8048 | 40319 362815 3626195 39832687 476580640
16583274 1 -16 158 -1267 8957 | 40319 362815 3626192 39832399 476564395
16583427 1 -16 157 -1240 8602 | 40319 362815 3626193 39832493 476569574
16583472 1 -16 158 -1277 9351 | 40319 362815 3626192 39832409 476565441
16583724 1 -16 159 -1316 10302 | 40319 362815 3626191 39832327 476561394
16583742 1 -16 159 -1321 10444 | 40319 362815 3626191 39832332 476561972
16584237 1 -16 157 -1240 8590 | 40319 362815 3626193 39832493 476569586
16584273 1 -16 159 -1307 9852 | 40319 362815 3626191 39832318 476560548
16584327 1 -16 157 -1249 8940 | 40319 362815 3626193 39832502 476570532
16584372 1 -16 158 -1278 9368 | 40319 362815 3626192 39832410 476565568
16584723 1 -16 157 -1253 9092 | 40319 362815 3626193 39832506 476570956
16584732 1 -16 157 -1255 9153 | 40319 362815 3626193 39832508 476571183
16587234 1 -16 155 -1191 8016 | 40319 362815 3626195 39832686 476580528
16587243 1 -16 155 -1184 7773 | 40319 362815 3626195 39832679 476579763
16587324 1 -16 155 -1184 7773 | 40319 362815 3626195 39832679 476579763
16587342 1 -16 155 -1190 7976 | 40319 362815 3626195 39832685 476580424
16587423 1 -16 155 -1190 7982 | 40319 362815 3626195 39832685 476580418
16587432 1 -16 155 -1191 7996 | 40319 362815 3626195 39832686 476580548
16734528 1 -16 155 -1189 7933 | 40319 362815 3626195 39832684 476580323
16734582 1 -16 156 -1218 8424 | 40319 362815 3626194 39832592 476575296
16734825 1 -16 158 -1269 9050 | 40319 362815 3626192 39832401 476564590
16734852 1 -16 158 -1280 9435 | 40319 362815 3626192 39832412 476565789
16735428 1 -16 157 -1256 9239 | 40319 362815 3626193 39832509 476571241
16735482 1 -16 157 -1245 8799 | 40319 362815 3626193 39832498 476570097
16735824 1 -16 159 -1307 9824 | 40319 362815 3626191 39832318 476560576
16735842 1 -16 159 -1311 9979 | 40319 362815 3626191 39832322 476560997
16738425 1 -16 159 -1319 10405 | 40319 362815 3626191 39832330 476561723
16738452 1 -16 157 -1252 9044 | 40319 362815 3626193 39832505 476570860
16738524 1 -16 159 -1319 10363 | 40319 362815 3626191 39832330 476561765
16738542 1 -16 158 -1281 9481 | 40319 362815 3626192 39832413 476565887
16743582 1 -16 157 -1245 8791 | 40319 362815 3626193 39832498 476570105
16743825 1 -16 158 -1273 9236 | 40319 362815 3626192 39832405 476564980
16743852 1 -16 158 -1274 9199 | 40319 362815 3626192 39832406 476565161
16745238 1 -16 155 -1197 8241 | 40319 362815 3626195 39832692 476581167
16745283 1 -16 157 -1250 8999 | 40319 362815 3626193 39832503 476570617
16745328 1 -16 155 -1193 8065 | 40319 362815 3626195 39832688 476580767
16745382 1 -16 156 -1221 8541 | 40319 362815 3626194 39832595 476575611
16745823 1 -16 156 -1218 8378 | 40319 362815 3626194 39832592 476575342
16745832 1 -16 156 -1218 8374 | 40319 362815 3626194 39832592 476575346
16748235 1 -16 158 -1276 9279 | 40319 362815 3626192 39832408 476565369
16748253 1 -16 159 -1317 10269 | 40319 362815 3626191 39832328 476561571
16748325 1 -16 158 -1276 9288 | 40319 362815 3626192 39832408 476565360
16748352 1 -16 159 -1323 10512 | 40319 362815 3626191 39832334 476562192
16748523 1 -16 157 -1259 9323 | 40319 362815 3626193 39832512 476571589
16748532 1 -16 157 -1259 9314 | 40319 362815 3626193 39832512 476571598
16753428 1 -16 155 -1189 7885 | 40319 362815 3626195 39832684 476580371
16753482 1 -16 156 -1216 8347 | 40319 362815 3626194 39832590 476575085
16753824 1 -16 158 -1276 9335 | 40319 362815 3626192 39832408 476565313
16753842 1 -16 158 -1282 9525 | 40319 362815 3626192 39832414 476565987
16754238 1 -16 155 -1188 7893 | 40319 362815 3626195 39832683 476580219
16754283 1 -16 157 -1248 8955 | 40319 362815 3626193 39832501 476570373
16754328 1 -16 155 -1202 8431 | 40319 362815 3626195 39832697 476581697
16754382 1 -16 156 -1223 8618 | 40319 362815 3626194 39832597 476575822
16754823 1 -16 156 -1219 8467 | 40319 362815 3626194 39832593 476575397
16754832 1 -16 156 -1219 8433 | 40319 362815 3626194 39832593 476575431
16758234 1 -16 156 -1228 8831 | 40319 362815 3626194 39832602 476576329
16758243 1 -16 156 -1220 8528 | 40319 362815 3626194 39832594 476575480
16758324 1 -16 156 -1220 8524 | 40319 362815 3626194 39832594 476575484
16758342 1 -16 156 -1228 8830 | 40319 362815 3626194 39832602 476576330
16758423 1 -16 156 -1228 8832 | 40319 362815 3626194 39832602 476576328
16758432 1 -16 156 -1230 8875 | 40319 362815 3626194 39832604 476576573
16783425 1 -16 156 -1228 8840 | 40319 362815 3626194 39832602 476576320
16783452 1 -16 154 -1165 7659 | 40319 362815 3626196 39832781 476585853
16783524 1 -16 156 -1230 8916 | 40319 362815 3626194 39832604 476576532
16783542 1 -16 156 -1232 8995 | 40319 362815 3626194 39832606 476576741
16784253 1 -16 156 -1230 8916 | 40319 362815 3626194 39832604 476576532
16784325 1 -16 155 -1190 7980 | 40319 362815 3626195 39832685 476580420
16784352 1 -16 156 -1232 8999 | 40319 362815 3626194 39832606 476576737
16784523 1 -16 154 -1165 7651 | 40319 362815 3626196 39832781 476585861
16784532 1 -16 154 -1165 7662 | 40319 362815 3626196 39832781 476585850
16785234 1 -16 154 -1164 7639 | 40319 362815 3626196 39832780 476585729
16785243 1 -16 155 -1196 8244 | 40319 362815 3626195 39832691 476581020
16785324 1 -16 155 -1196 8238 | 40319 362815 3626195 39832691 476581026
16785342 1 -16 154 -1165 7678 | 40319 362815 3626196 39832781 476585834
16785423 1 -16 154 -1164 7639 | 40319 362815 3626196 39832780 476585729
16785432 1 -16 154 -1166 7675 | 40319 362815 3626196 39832782 476585981
16834527 1 -16 157 -1251 9094 | 40319 362815 3626193 39832504 476570666
16834572 1 -16 157 -1255 9223 | 40319 362815 3626193 39832508 476571113
16834725 1 -16 159 -1299 9482 | 40319 362815 3626191 39832310 476559766
16834752 1 -16 159 -1315 10166 | 40319 362815 3626191 39832326 476561386
16835427 1 -16 158 -1276 9360 | 40319 362815 3626192 39832408 476565288
16835472 1 -16 158 -1275 9251 | 40319 362815 3626192 39832407 476565253
16835724 1 -16 160 -1353 11033 | 40319 362815 3626190 39832243 476557279
16835742 1 -16 160 -1355 11098 | 40319 362815 3626190 39832245 476557502
16837425 1 -16 160 -1348 10866 | 40319 362815 3626190 39832238 476556726
16837452 1 -16 159 -1321 10419 | 40319 362815 3626191 39832332 476561997
16837524 1 -16 160 -1350 10893 | 40319 362815 3626190 39832240 476556987
16837542 1 -16 159 -1317 10261 | 40319 362815 3626191 39832328 476561579
16843527 1 -16 158 -1278 9437 | 40319 362815 3626192 39832410 476565499
16843572 1 -16 158 -1278 9400 | 40319 362815 3626192 39832410 476565536
16843725 1 -16 159 -1309 9988 | 40319 362815 3626191 39832320 476560700
16843752 1 -16 159 -1314 10146 | 40319 362815 3626191 39832325 476561262
16845273 1 -16 159 -1314 10159 | 40319 362815 3626191 39832325 476561249
16845327 1 -16 157 -1249 8960 | 40319 362815 3626193 39832502 476570512
16845372 1 -16 158 -1282 9578 | 40319 362815 3626192 39832414 476565934
16845723 1 -16 157 -1256 9198 | 40319 362815 3626193 39832509 476571282
16845732 1 -16 157 -1256 9199 | 40319 362815 3626193 39832509 476571281
16847253 1 -16 159 -1320 10420 | 40319 362815 3626191 39832331 476561852
16847325 1 -16 159 -1318 10358 | 40319 362815 3626191 39832329 476561626
16847352 1 -16 159 -1323 10516 | 40319 362815 3626191 39832334 476562188
16847523 1 -16 158 -1294 10050 | 40319 362815 3626192 39832426 476567190
16847532 1 -16 158 -1296 10126 | 40319 362815 3626192 39832428 476567402
16853427 1 -16 157 -1249 8962 | 40319 362815 3626193 39832502 476570510
16853472 1 -16 158 -1278 9389 | 40319 362815 3626192 39832410 476565547
16853724 1 -16 160 -1350 10883 | 40319 362815 3626190 39832240 476556997
16853742 1 -16 160 -1363 11424 | 40319 362815 3626190 39832253 476558328
16854273 1 -16 159 -1308 9886 | 40319 362815 3626191 39832319 476560658
16854327 1 -16 157 -1262 9487 | 40319 362815 3626193 39832515 476571857
16854372 1 -16 158 -1285 9699 | 40319 362815 3626192 39832417 476566245
16854723 1 -16 158 -1292 10004 | 40319 362815 3626192 39832424 476566948
16854732 1 -16 158 -1292 9957 | 40319 362815 3626192 39832424 476566995
16857243 1 -16 156 -1220 8504 | 40319 362815 3626194 39832594 476575504
16857324 1 -16 156 -1220 8496 | 40319 362815 3626194 39832594 476575512
16857342 1 -16 156 -1230 8888 | 40319 362815 3626194 39832604 476576560
16857423 1 -16 156 -1230 8898 | 40319 362815 3626194 39832604 476576550
16857432 1 -16 156 -1234 9042 | 40319 362815 3626194 39832608 476576982
16873425 1 -16 156 -1220 8551 | 40319 362815 3626194 39832594 476575457
16873452 1 -16 155 -1196 8238 | 40319 362815 3626195 39832691 476581026
16873524 1 -16 156 -1220 8508 | 40319 362815 3626194 39832594 476575500
16873542 1 -16 156 -1220 8463 | 40319 362815 3626194 39832594 476575545
16874325 1 -16 155 -1184 7788 | 40319 362815 3626195 39832679 476579748
16874352 1 -16 156 -1220 8480 | 40319 362815 3626194 39832594 476575528
16874523 1 -16 155 -1196 8206 | 40319 362815 3626195 39832691 476581058
16874532 1 -16 155 -1196 8218 | 40319 362815 3626195 39832691 476581046
16875243 1 -16 156 -1232 9089 | 40319 362815 3626194 39832606 476576647
16875324 1 -16 156 -1232 9071 | 40319 362815 3626194 39832606 476576665
16875342 1 -16 155 -1197 8276 | 40319 362815 3626195 39832692 476581132
16875423 1 -16 155 -1196 8236 | 40319 362815 3626195 39832691 476581028
16875432 1 -16 155 -1199 8315 | 40319 362815 3626195 39832694 476581381
17345628 1 -16 155 -1189 7965 | 40319 362815 3626195 39832684 476580291
17345682 1 -16 156 -1224 8677 | 40319 362815 3626194 39832598 476575907
17345826 1 -16 158 -1270 9156 | 40319 362815 3626192 39832402 476564628
17345862 1 -16 158 -1286 9751 | 40319 362815 3626192 39832418 476566337
17346528 1 -16 157 -1250 9007 | 40319 362815 3626193 39832503 476570609
17346582 1 -16 157 -1247 8882 | 40319 362815 3626193 39832500 476570302
17346825 1 -16 159 -1298 9493 | 40319 362815 3626191 39832309 476559611
17346852 1 -16 159 -1312 10073 | 40319 362815 3626191 39832323 476561047
17348562 1 -16 158 -1277 9313 | 40319 362815 3626192 39832409 476565479
17348625 1 -16 159 -1294 9329 | 40319 362815 3626191 39832305 476559199
17348652 1 -16 158 -1269 8957 | 40319 362815 3626192 39832401 476564683
17354628 1 -16 157 -1253 9140 | 40319 362815 3626193 39832506 476570908
17354682 1 -16 157 -1249 8964 | 40319 362815 3626193 39832502 476570508
17354826 1 -16 158 -1261 8690 | 40319 362815 3626192 39832393 476563798
17354862 1 -16 158 -1278 9394 | 40319 362815 3626192 39832410 476565542
17356428 1 -16 158 -1288 9829 | 40319 362815 3626192 39832420 476566547
17356482 1 -16 158 -1280 9503 | 40319 362815 3626192 39832412 476565721
17356824 1 -16 159 -1309 9969 | 40319 362815 3626191 39832320 476560719
17356842 1 -16 159 -1309 9917 | 40319 362815 3626191 39832320 476560771
17358426 1 -16 160 -1330 10064 | 40319 362815 3626190 39832220 476554936
17358462 1 -16 160 -1352 10982 | 40319 362815 3626190 39832242 476557186
17358624 1 -16 160 -1344 10657 | 40319 362815 3626190 39832234 476556359
17358642 1 -16 160 -1352 10991 | 40319 362815 3626190 39832242 476557177
17364582 1 -16 158 -1282 9610 | 40319 362815 3626192 39832414 476565902
17364852 1 -16 160 -1348 10804 | 40319 362815 3626190 39832238 476556788
17365428 1 -16 157 -1251 8949 | 40319 362815 3626193 39832504 476570811
17365482 1 -16 157 -1248 8909 | 40319 362815 3626193 39832501 476570419
17365824 1 -16 159 -1302 9649 | 40319 362815 3626191 39832313 476560031
17365842 1 -16 159 -1309 9927 | 40319 362815 3626191 39832320 476560761
17368425 1 -16 160 -1336 10351 | 40319 362815 3626190 39832226 476555513
17368452 1 -16 159 -1311 9997 | 40319 362815 3626191 39832322 476560979
17368524 1 -16 160 -1344 10678 | 40319 362815 3626190 39832234 476556338
17368542 1 -16 159 -1315 10186 | 40319 362815 3626191 39832326 476561366
17384562 1 -16 157 -1255 9210 | 40319 362815 3626193 39832508 476571126
17384652 1 -16 158 -1278 9384 | 40319 362815 3626192 39832410 476565552
17385462 1 -16 158 -1275 9235 | 40319 362815 3626192 39832407 476565269
17385624 1 -16 159 -1314 10141 | 40319 362815 3626191 39832325 476561267
17385642 1 -16 158 -1282 9557 | 40319 362815 3626192 39832414 476565955
17386452 1 -16 158 -1278 9374 | 40319 362815 3626192 39832410 476565562
17386524 1 -16 159 -1308 9895 | 40319 362815 3626191 39832319 476560649
17386542 1 -16 158 -1285 9691 | 40319 362815 3626192 39832417 476566253
17435682 1 -16 157 -1247 8887 | 40319 362815 3626193 39832500 476570297
17435826 1 -16 158 -1261 8721 | 40319 362815 3626192 39832393 476563767
17435862 1 -16 158 -1274 9206 | 40319 362815 3626192 39832406 476565154
17436528 1 -16 157 -1248 8881 | 40319 362815 3626193 39832501 476570447
17436582 1 -16 157 -1246 8810 | 40319 362815 3626193 39832499 476570230
17436825 1 -16 159 -1298 9497 | 40319 362815 3626191 39832309 476559607
17436852 1 -16 159 -1308 9875 | 40319 362815 3626191 39832319 476560669
17438562 1 -16 158 -1274 9228 | 40319 362815 3626192 39832406 476565132
17438625 1 -16 159 -1299 9535 | 40319 362815 3626191 39832310 476559713
17438652 1 -16 158 -1276 9304 | 40319 362815 3626192 39832408 476565344
17453682 1 -16 158 -1284 9706 | 40319 362815 3626192 39832416 476566094
17453826 1 -16 158 -1275 9359 | 40319 362815 3626192 39832407 476565145
17453862 1 -16 158 -1275 9296 | 40319 362815 3626192 39832407 476565208
17456328 1 -16 155 -1189 7941 | 40319 362815 3626195 39832684 476580315
17456382 1 -16 156 -1217 8387 | 40319 362815 3626194 39832591 476575189
17456823 1 -16 156 -1220 8470 | 40319 362815 3626194 39832594 476575538
17456832 1 -16 156 -1220 8471 | 40319 362815 3626194 39832594 476575537
17458326 1 -16 158 -1266 8929 | 40319 362815 3626192 39832398 476564279
17458362 1 -16 159 -1306 9766 | 40319 362815 3626191 39832317 476560490
17458623 1 -16 158 -1293 10051 | 40319 362815 3626192 39832425 476567045
17458632 1 -16 158 -1293 10042 | 40319 362815 3626192 39832425 476567054
17463528 1 -16 158 -1300 10294 | 40319 362815 3626192 39832432 476567810
17463582 1 -16 158 -1286 9745 | 40319 362815 3626192 39832418 476566343
17463825 1 -16 160 -1341 10531 | 40319 362815 3626190 39832231 476556053
17463852 1 -16 160 -1350 10869 | 40319 362815 3626190 39832240 476557011
17465328 1 -16 157 -1259 9318 | 40319 362815 3626193 39832512 476571594
17465382 1 -16 158 -1289 9912 | 40319 362815 3626192 39832421 476566608
17465823 1 -16 157 -1252 9087 | 40319 362815 3626193 39832505 476570817
17465832 1 -16 157 -1252 9081 | 40319 362815 3626193 39832505 476570823
17468325 1 -16 159 -1308 9909 | 40319 362815 3626191 39832319 476560635
17468352 1 -16 160 -1359 11290 | 40319 362815 3626190 39832249 476557886
17468523 1 -16 159 -1328 10784 | 40319 362815 3626191 39832339 476562640
17468532 1 -16 159 -1328 10761 | 40319 362815 3626191 39832339 476562663
17483526 1 -16 160 -1346 10781 | 40319 362815 3626190 39832236 476556523
17483562 1 -16 159 -1315 10166 | 40319 362815 3626191 39832326 476561386
17483625 1 -16 160 -1348 10841 | 40319 362815 3626190 39832238 476556751
17483652 1 -16 159 -1314 10143 | 40319 362815 3626191 39832325 476561265
17485326 1 -16 159 -1312 10086 | 40319 362815 3626191 39832323 476561034
17485362 1 -16 160 -1355 11106 | 40319 362815 3626190 39832245 476557494
17485623 1 -16 157 -1256 9194 | 40319 362815 3626193 39832509 476571286
17485632 1 -16 157 -1256 9198 | 40319 362815 3626193 39832509 476571282
17486325 1 -16 159 -1308 9836 | 40319 362815 3626191 39832319 476560708
17486352 1 -16 160 -1363 11432 | 40319 362815 3626190 39832253 476558320
17486523 1 -16 158 -1292 10005 | 40319 362815 3626192 39832424 476566947
17486532 1 -16 158 -1292 9975 | 40319 362815 3626192 39832424 476566977
17534682 1 -16 158 -1286 9773 | 40319 362815 3626192 39832418 476566315
17534862 1 -16 158 -1278 9440 | 40319 362815 3626192 39832410 476565496
17536482 1 -16 158 -1286 9733 | 40319 362815 3626192 39832418 476566355
17536842 1 -16 160 -1352 10989 | 40319 362815 3626190 39832242 476557179
17538462 1 -16 160 -1349 10847 | 40319 362815 3626190 39832239 476556889
17538642 1 -16 159 -1321 10438 | 40319 362815 3626191 39832332 476561978
17543682 1 -16 157 -1250 8993 | 40319 362815 3626193 39832503 476570623
17543826 1 -16 157 -1249 8980 | 40319 362815 3626193 39832502 476570492
17543862 1 -16 157 -1249 8981 | 40319 362815 3626193 39832502 476570491
17546382 1 -16 158 -1292 10058 | 40319 362815 3626192 39832424 476566894
17546823 1 -16 157 -1254 9177 | 40319 362815 3626193 39832507 476571015
17546832 1 -16 157 -1254 9175 | 40319 362815 3626193 39832507 476571017
17548326 1 -16 158 -1278 9440 | 40319 362815 3626192 39832410 476565496
17548362 1 -16 158 -1277 9362 | 40319 362815 3626192 39832409 476565430
17548623 1 -16 157 -1250 8977 | 40319 362815 3626193 39832503 476570639
17548632 1 -16 157 -1250 8957 | 40319 362815 3626193 39832503 476570659
17563428 1 -16 155 -1198 8287 | 40319 362815 3626195 39832693 476581265
17563482 1 -16 156 -1221 8525 | 40319 362815 3626194 39832595 476575627
17563824 1 -16 158 -1276 9336 | 40319 362815 3626192 39832408 476565312
17563842 1 -16 158 -1286 9713 | 40319 362815 3626192 39832418 476566375
17564328 1 -16 155 -1199 8312 | 40319 362815 3626195 39832694 476581384
17564382 1 -16 156 -1222 8578 | 40319 362815 3626194 39832596 476575718
17564823 1 -16 156 -1221 8554 | 40319 362815 3626194 39832595 476575598
17564832 1 -16 156 -1221 8519 | 40319 362815 3626194 39832595 476575633
17568324 1 -16 156 -1220 8551 | 40319 362815 3626194 39832594 476575457
17568342 1 -16 156 -1228 8833 | 40319 362815 3626194 39832602 476576327
17568423 1 -16 156 -1228 8857 | 40319 362815 3626194 39832602 476576303
17568432 1 -16 156 -1228 8810 | 40319 362815 3626194 39832602 476576350
17583462 1 -16 159 -1321 10426 | 40319 362815 3626191 39832332 476561990
17583624 1 -16 159 -1317 10303 | 40319 362815 3626191 39832328 476561537
17583642 1 -16 159 -1323 10501 | 40319 362815 3626191 39832334 476562203
17584326 1 -16 158 -1287 9815 | 40319 362815 3626192 39832419 476566417
17584362 1 -16 159 -1317 10263 | 40319 362815 3626191 39832328 476561577
17584623 1 -16 158 -1294 10062 | 40319 362815 3626192 39832426 476567178
17584632 1 -16 158 -1295 10090 | 40319 362815 3626192 39832427 476567294
17586324 1 -16 156 -1220 8504 | 40319 362815 3626194 39832594 476575504
17586342 1 -16 156 -1230 8894 | 40319 362815 3626194 39832604 476576554
17586423 1 -16 156 -1230 8912 | 40319 362815 3626194 39832604 476576536
17586432 1 -16 156 -1232 8968 | 40319 362815 3626194 39832606 476576768
17634582 1 -16 156 -1218 8430 | 40319 362815 3626194 39832592 476575290
17634852 1 -16 158 -1273 9109 | 40319 362815 3626192 39832405 476565107
17635482 1 -16 157 -1249 8948 | 40319 362815 3626193 39832502 476570524
17635842 1 -16 159 -1315 10182 | 40319 362815 3626191 39832326 476561370
17638452 1 -16 158 -1283 9579 | 40319 362815 3626192 39832415 476566077
17638542 1 -16 158 -1271 8999 | 40319 362815 3626192 39832403 476564929
17643582 1 -16 157 -1247 8843 | 40319 362815 3626193 39832500 476570341
17643852 1 -16 158 -1275 9213 | 40319 362815 3626192 39832407 476565291
17645328 1 -16 155 -1195 8142 | 40319 362815 3626195 39832690 476580978
17645382 1 -16 156 -1222 8576 | 40319 362815 3626194 39832596 476575720
17645823 1 -16 156 -1219 8449 | 40319 362815 3626194 39832593 476575415
17645832 1 -16 156 -1219 8443 | 40319 362815 3626194 39832593 476575421
17648325 1 -16 158 -1278 9421 | 40319 362815 3626192 39832410 476565515
17648352 1 -16 159 -1321 10436 | 40319 362815 3626191 39832332 476561980
17648523 1 -16 158 -1296 10156 | 40319 362815 3626192 39832428 476567372
17648532 1 -16 158 -1297 10186 | 40319 362815 3626192 39832429 476567486
17653482 1 -16 156 -1223 8602 | 40319 362815 3626194 39832597 476575838
17653842 1 -16 158 -1291 9918 | 40319 362815 3626192 39832423 476566890
17654328 1 -16 153 -1141 7347 | 40319 362815 3626197 39832878 476591421
17654382 1 -16 155 -1200 8362 | 40319 362815 3626195 39832695 476581478
17654823 1 -16 155 -1190 7969 | 40319 362815 3626195 39832685 476580431
17654832 1 -16 155 -1193 8087 | 40319 362815 3626195 39832688 476580745
17658324 1 -16 155 -1184 7782 | 40319 362815 3626195 39832679 476579754
17658342 1 -16 155 -1189 7920 | 40319 362815 3626195 39832684 476580336
17658423 1 -16 155 -1189 7916 | 40319 362815 3626195 39832684 476580340
17658432 1 -16 155 -1193 8069 | 40319 362815 3626195 39832688 476580763
17683452 1 -16 155 -1196 8238 | 40319 362815 3626195 39832691 476581026
17683542 1 -16 156 -1220 8468 | 40319 362815 3626194 39832594 476575540
17684352 1 -16 156 -1220 8469 | 40319 362815 3626194 39832594 476575539
17684523 1 -16 155 -1196 8212 | 40319 362815 3626195 39832691 476581052
17684532 1 -16 155 -1196 8217 | 40319 362815 3626195 39832691 476581047
17685324 1 -16 156 -1232 9065 | 40319 362815 3626194 39832606 476576671
17685342 1 -16 155 -1197 8262 | 40319 362815 3626195 39832692 476581146
17685423 1 -16 155 -1196 8222 | 40319 362815 3626195 39832691 476581042
17685432 1 -16 155 -1201 8394 | 40319 362815 3626195 39832696 476581590
17834562 1 -16 154 -1165 7668 | 40319 362815 3626196 39832781 476585844
17834652 1 -16 156 -1222 8541 | 40319 362815 3626194 39832596 476575755
17835462 1 -16 156 -1225 8661 | 40319 362815 3626194 39832599 476576067
17835642 1 -16 157 -1260 9382 | 40319 362815 3626193 39832513 476571674
17836452 1 -16 157 -1260 9391 | 40319 362815 3626193 39832513 476571665
17836542 1 -16 156 -1218 8343 | 40319 362815 3626194 39832592 476575377
17843562 1 -16 156 -1222 8541 | 40319 362815 3626194 39832596 476575755
17843652 1 -16 156 -1220 8438 | 40319 362815 3626194 39832594 476575570
17845362 1 -16 157 -1260 9393 | 40319 362815 3626193 39832513 476571663
17845623 1 -16 154 -1165 7650 | 40319 362815 3626196 39832781 476585862
17845632 1 -16 154 -1165 7659 | 40319 362815 3626196 39832781 476585853
17846352 1 -16 157 -1264 9532 | 40319 362815 3626193 39832517 476572100
17846523 1 -16 156 -1228 8785 | 40319 362815 3626194 39832602 476576375
17846532 1 -16 156 -1228 8759 | 40319 362815 3626194 39832602 476576401
17853462 1 -16 157 -1260 9394 | 40319 362815 3626193 39832513 476571662
17853642 1 -16 157 -1264 9522 | 40319 362815 3626193 39832517 476572110
17854362 1 -16 156 -1218 8360 | 40319 362815 3626194 39832592 476575360
17854623 1 -16 156 -1228 8780 | 40319 362815 3626194 39832602 476576380
17854632 1 -16 156 -1228 8762 | 40319 362815 3626194 39832602 476576398
17856342 1 -16 154 -1170 7852 | 40319 362815 3626196 39832786 476586380
17856423 1 -16 154 -1165 7653 | 40319 362815 3626196 39832781 476585859
17856432 1 -16 154 -1167 7723 | 40319 362815 3626196 39832783 476586077
17863452 1 -16 154 -1165 7681 | 40319 362815 3626196 39832781 476585831
17863542 1 -16 156 -1232 8986 | 40319 362815 3626194 39832606 476576750
17864352 1 -16 156 -1232 9002 | 40319 362815 3626194 39832606 476576734
17864532 1 -16 154 -1165 7643 | 40319 362815 3626196 39832781 476585869
17865342 1 -16 154 -1165 7660 | 40319 362815 3626196 39832781 476585852
17865423 1 -16 154 -1164 7604 | 40319 362815 3626196 39832780 476585764
17865432 1 -16 154 -1171 7877 | 40319 362815 3626196 39832787 476586499
18345672 1 -16 154 -1165 7656 | 40319 362815 3626196 39832781 476585856
18345762 1 -16 156 -1226 8754 | 40319 362815 3626194 39832600 476576118
18346572 1 -16 156 -1223 8599 | 40319 362815 3626194 39832597 476575841
18346752 1 -16 157 -1252 9042 | 40319 362815 3626193 39832505 476570862
18347652 1 -16 156 -1216 8315 | 40319 362815 3626194 39832590 476575117
18354672 1 -16 156 -1223 8599 | 40319 362815 3626194 39832597 476575841
18354762 1 -16 156 -1221 8516 | 40319 362815 3626194 39832595 476575636
18356472 1 -16 158 -1289 9857 | 40319 362815 3626192 39832421 476566663
18356742 1 -16 157 -1256 9216 | 40319 362815 3626193 39832509 476571264
18357462 1 -16 158 -1290 9873 | 40319 362815 3626192 39832422 476566791
18357642 1 -16 158 -1286 9725 | 40319 362815 3626192 39832418 476566363
18365472 1 -16 156 -1213 8174 | 40319 362815 3626194 39832587 476574826
18365742 1 -16 158 -1284 9636 | 40319 362815 3626192 39832416 476566164
18367452 1 -16 157 -1250 8930 | 40319 362815 3626193 39832503 476570686
18367542 1 -16 157 -1251 9019 | 40319 362815 3626193 39832504 476570741
18375642 1 -16 157 -1253 9102 | 40319 362815 3626193 39832506 476570946
18376542 1 -16 156 -1226 8731 | 40319 362815 3626194 39832600 476576141
18435672 1 -16 156 -1226 8754 | 40319 362815 3626194 39832600 476576118
18435762 1 -16 156 -1212 8110 | 40319 362815 3626194 39832586 476574746
18436572 1 -16 156 -1221 8516 | 40319 362815 3626194 39832595 476575636
18436752 1 -16 157 -1246 8791 | 40319 362815 3626193 39832499 476570249
18437652 1 -16 156 -1216 8313 | 40319 362815 3626194 39832590 476575119
18453672 1 -16 157 -1252 9057 | 40319 362815 3626193 39832505 476570847
18453762 1 -16 157 -1246 8806 | 40319 362815 3626193 39832499 476570234
18456372 1 -16 157 -1256 9227 | 40319 362815 3626193 39832509 476571253
18456732 1 -16 154 -1165 7669 | 40319 362815 3626196 39832781 476585843
18457362 1 -16 159 -1325 10601 | 40319 362815 3626191 39832336 476562391
18457632 1 -16 156 -1222 8538 | 40319 362815 3626194 39832596 476575758
18463572 1 -16 158 -1290 9896 | 40319 362815 3626192 39832422 476566768
18463752 1 -16 159 -1323 10499 | 40319 362815 3626191 39832334 476562205
18465372 1 -16 158 -1284 9653 | 40319 362815 3626192 39832416 476566147
18465732 1 -16 156 -1225 8659 | 40319 362815 3626194 39832599 476576069
18467352 1 -16 158 -1294 10025 | 40319 362815 3626192 39832426 476567215
18467532 1 -16 157 -1260 9372 | 40319 362815 3626193 39832513 476571684
18473562 1 -16 159 -1325 10600 | 40319 362815 3626191 39832336 476562392
18473652 1 -16 158 -1282 9488 | 40319 362815 3626192 39832414 476566024
18475362 1 -16 160 -1360 11321 | 40319 362815 3626190 39832250 476557999
18475632 1 -16 157 -1260 9380 | 40319 362815 3626193 39832513 476571676
18476352 1 -16 159 -1328 10713 | 40319 362815 3626191 39832339 476562711
18476532 1 -16 156 -1220 8407 | 40319 362815 3626194 39832594 476575601
18543672 1 -16 156 -1216 8323 | 40319 362815 3626194 39832590 476575109
18543762 1 -16 156 -1216 8321 | 40319 362815 3626194 39832590 476575111
18546372 1 -16 158 -1286 9739 | 40319 362815 3626192 39832418 476566349
18546732 1 -16 156 -1222 8540 | 40319 362815 3626194 39832596 476575756
18547362 1 -16 158 -1282 9506 | 40319 362815 3626192 39832414 476566006
18547632 1 -16 156 -1220 8430 | 40319 362815 3626194 39832594 476575578
18563472 1 -16 157 -1250 8954 | 40319 362815 3626193 39832503 476570662
18563742 1 -16 158 -1294 10032 | 40319 362815 3626192 39832426 476567208
18564372 1 -16 157 -1251 9047 | 40319 362815 3626193 39832504 476570713
18564732 1 -16 157 -1260 9366 | 40319 362815 3626193 39832513 476571690
18567342 1 -16 154 -1166 7698 | 40319 362815 3626196 39832782 476585958
18567432 1 -16 154 -1165 7642 | 40319 362815 3626196 39832781 476585870
18573642 1 -16 159 -1334 10961 | 40319 362815 3626191 39832345 476563327
18574362 1 -16 159 -1328 10712 | 40319 362815 3626191 39832339 476562712
18574632 1 -16 157 -1268 9692 | 40319 362815 3626193 39832521 476572516
18576342 1 -16 156 -1232 8970 | 40319 362815 3626194 39832606 476576766
18576432 1 -16 156 -1234 9043 | 40319 362815 3626194 39832608 476576981
18645372 1 -16 157 -1253 9141 | 40319 362815 3626193 39832506 476570907
18645732 1 -16 157 -1260 9392 | 40319 362815 3626193 39832513 476571664
18647352 1 -16 159 -1331 10853 | 40319 362815 3626191 39832342 476563003
18647532 1 -16 157 -1266 9605 | 40319 362815 3626193 39832519 476572315
18654372 1 -16 156 -1223 8623 | 40319 362815 3626194 39832597 476575817
18654732 1 -16 156 -1219 8384 | 40319 362815 3626194 39832593 476575480
18657342 1 -16 156 -1232 8981 | 40319 362815 3626194 39832606 476576755
18657432 1 -16 156 -1233 8988 | 40319 362815 3626194 39832607 476576892
18674532 1 -16 154 -1168 7766 | 40319 362815 3626196 39832784 476586178
18675342 1 -16 154 -1166 7679 | 40319 362815 3626196 39832782 476585977
18675432 1 -16 154 -1170 7838 | 40319 362815 3626196 39832786 476586394
18745632 1 -16 154 -1165 7661 | 40319 362815 3626196 39832781 476585851
18746532 1 -16 156 -1229 8783 | 40319 362815 3626194 39832603 476576521
18754632 1 -16 156 -1229 8800 | 40319 362815 3626194 39832603 476576504
18756432 1 -16 154 -1168 7762 | 40319 362815 3626196 39832784 476586182
23145786 1 -16 155 -1204 8497 | 40319 362815 3626195 39832699 476581919
23146785 1 -16 155 -1201 8423 | 40319 362815 3626195 39832696 476581561
23146857 1 -16 156 -1242 9424 | 40319 362815 3626194 39832616 476577752
23146875 1 -16 156 -1240 9333 | 40319 362815 3626194 39832614 476577555
23147685 1 -16 156 -1240 9331 | 40319 362815 3626194 39832614 476577557
23147856 1 -16 155 -1202 8468 | 40319 362815 3626195 39832697 476581660
23147865 1 -16 155 -1203 8516 | 40319 362815 3626195 39832698 476581756
23148675 1 -16 155 -1205 8609 | 40319 362815 3626195 39832700 476581951
23154786 1 -16 155 -1204 8497 | 40319 362815 3626195 39832699 476581919
23156784 1 -16 154 -1160 7479 | 40319 362815 3626196 39832776 476585313
23156847 1 -16 157 -1264 9606 | 40319 362815 3626193 39832517 476572026
23156874 1 -16 155 -1191 8024 | 40319 362815 3626195 39832686 476580520
23157486 1 -16 157 -1262 9458 | 40319 362815 3626193 39832515 476571886
23157684 1 -16 155 -1193 8117 | 40319 362815 3626195 39832688 476580715
23157846 1 -16 156 -1225 8690 | 40319 362815 3626194 39832599 476576038
23157864 1 -16 156 -1228 8841 | 40319 362815 3626194 39832602 476576319
23158467 1 -16 157 -1264 9550 | 40319 362815 3626193 39832517 476572082
23158476 1 -16 156 -1225 8606 | 40319 362815 3626194 39832599 476576122
23158647 1 -16 158 -1300 10378 | 40319 362815 3626192 39832432 476567726
23158674 1 -16 156 -1228 8839 | 40319 362815 3626194 39832602 476576321
23158746 1 -16 157 -1264 9606 | 40319 362815 3626193 39832517 476572026
23158764 1 -16 155 -1189 7866 | 40319 362815 3626195 39832684 476580390
23165784 1 -16 155 -1191 8024 | 40319 362815 3626195 39832686 476580520
23165847 1 -16 156 -1225 8654 | 40319 362815 3626194 39832599 476576074
23165874 1 -16 155 -1190 7976 | 40319 362815 3626195 39832685 476580424
23167485 1 -16 156 -1225 8734 | 40319 362815 3626194 39832599 476575994
23167584 1 -16 156 -1228 8869 | 40319 362815 3626194 39832602 476576291
23167845 1 -16 154 -1160 7523 | 40319 362815 3626196 39832776 476585269
23167854 1 -16 154 -1160 7523 | 40319 362815 3626196 39832776 476585269
23168475 1 -16 157 -1262 9505 | 40319 362815 3626193 39832515 476571839
23168547 1 -16 157 -1264 9594 | 40319 362815 3626193 39832517 476572038
23168574 1 -16 156 -1230 8932 | 40319 362815 3626194 39832604 476576516
23168745 1 -16 155 -1192 8114 | 40319 362815 3626195 39832687 476580574
23168754 1 -16 155 -1192 8086 | 40319 362815 3626195 39832687 476580602
23175684 1 -16 156 -1228 8895 | 40319 362815 3626194 39832602 476576265
23175846 1 -16 157 -1262 9502 | 40319 362815 3626193 39832515 476571842
23175864 1 -16 156 -1230 8932 | 40319 362815 3626194 39832604 476576516
23176584 1 -16 155 -1189 7895 | 40319 362815 3626195 39832684 476580361
23176845 1 -16 155 -1192 8114 | 40319 362815 3626195 39832687 476580574
23176854 1 -16 155 -1192 8062 | 40319 362815 3626195 39832687 476580626
23178564 1 -16 154 -1161 7524 | 40319 362815 3626196 39832777 476585412
23178645 1 -16 154 -1160 7547 | 40319 362815 3626196 39832776 476585245
23178654 1 -16 154 -1160 7451 | 40319 362815 3626196 39832776 476585341
23185674 1 -16 154 -1161 7579 | 40319 362815 3626196 39832777 476585357
23185764 1 -16 156 -1232 9012 | 40319 362815 3626194 39832606 476576724
23186574 1 -16 156 -1232 9065 | 40319 362815 3626194 39832606 476576671
23186754 1 -16 154 -1161 7521 | 40319 362815 3626196 39832777 476585415
23416785 1 -16 154 -1160 7522 | 40319 362815 3626196 39832776 476585270
23416857 1 -16 155 -1196 8266 | 40319 362815 3626195 39832691 476580998
23416875 1 -16 155 -1196 8278 | 40319 362815 3626195 39832691 476580986
23417586 1 -16 155 -1196 8268 | 40319 362815 3626195 39832691 476580996
23417685 1 -16 155 -1196 8280 | 40319 362815 3626195 39832691 476580984
23417856 1 -16 154 -1160 7513 | 40319 362815 3626196 39832776 476585279
23417865 1 -16 154 -1160 7506 | 40319 362815 3626196 39832776 476585286
23418567 1 -16 154 -1160 7518 | 40319 362815 3626196 39832776 476585274
23418576 1 -16 155 -1196 8274 | 40319 362815 3626195 39832691 476580990
23418657 1 -16 155 -1196 8278 | 40319 362815 3626195 39832691 476580986
23418675 1 -16 154 -1161 7547 | 40319 362815 3626196 39832777 476585389
23418756 1 -16 154 -1160 7512 | 40319 362815 3626196 39832776 476585280
23456817 1 -16 156 -1233 9009 | 40319 362815 3626194 39832607 476576871
23457186 1 -16 157 -1261 9463 | 40319 362815 3626193 39832514 476571737
23457816 1 -16 156 -1222 8556 | 40319 362815 3626194 39832596 476575740
23458167 1 -16 156 -1219 8439 | 40319 362815 3626194 39832593 476575425
23458176 1 -16 156 -1222 8559 | 40319 362815 3626194 39832596 476575737
23458617 1 -16 157 -1263 9536 | 40319 362815 3626193 39832516 476571952
23458716 1 -16 156 -1220 8469 | 40319 362815 3626194 39832594 476575539
23461785 1 -16 157 -1253 9141 | 40319 362815 3626193 39832506 476570907
23461857 1 -16 158 -1290 9940 | 40319 362815 3626192 39832422 476566724
23461875 1 -16 157 -1251 9040 | 40319 362815 3626193 39832504 476570720
23465817 1 -16 156 -1225 8673 | 40319 362815 3626194 39832599 476576055
23467185 1 -16 157 -1250 9008 | 40319 362815 3626193 39832503 476570608
23467815 1 -16 156 -1222 8613 | 40319 362815 3626194 39832596 476575683
23468157 1 -16 158 -1282 9611 | 40319 362815 3626192 39832414 476565901
23468175 1 -16 158 -1282 9623 | 40319 362815 3626192 39832414 476565889
23468517 1 -16 158 -1289 9895 | 40319 362815 3626192 39832421 476566625
23468715 1 -16 156 -1213 8232 | 40319 362815 3626194 39832587 476574768
23471586 1 -16 158 -1284 9693 | 40319 362815 3626192 39832416 476566107
23471685 1 -16 158 -1284 9716 | 40319 362815 3626192 39832416 476566084
23471856 1 -16 157 -1249 8989 | 40319 362815 3626193 39832502 476570483
23471865 1 -16 157 -1249 8991 | 40319 362815 3626193 39832502 476570481
23475186 1 -16 158 -1288 9845 | 40319 362815 3626192 39832420 476566531
23475816 1 -16 158 -1289 9883 | 40319 362815 3626192 39832421 476566637
23476185 1 -16 157 -1242 8677 | 40319 362815 3626193 39832495 476569787
23476815 1 -16 156 -1213 8241 | 40319 362815 3626194 39832587 476574759
23478156 1 -16 156 -1211 8168 | 40319 362815 3626194 39832585 476574544
23478165 1 -16 156 -1211 8168 | 40319 362815 3626194 39832585 476574544
23478516 1 -16 157 -1246 8843 | 40319 362815 3626193 39832499 476570197
23478615 1 -16 156 -1213 8262 | 40319 362815 3626194 39832587 476574738
23481567 1 -16 156 -1219 8523 | 40319 362815 3626194 39832593 476575341
23481576 1 -16 156 -1213 8256 | 40319 362815 3626194 39832587 476574744
23481657 1 -16 156 -1213 8255 | 40319 362815 3626194 39832587 476574745
23481675 1 -16 156 -1216 8393 | 40319 362815 3626194 39832590 476575039
23481756 1 -16 156 -1216 8393 | 40319 362815 3626194 39832590 476575039
23481765 1 -16 156 -1222 8574 | 40319 362815 3626194 39832596 476575722
23485167 1 -16 157 -1252 9110 | 40319 362815 3626193 39832505 476570794
23485176 1 -16 157 -1246 8831 | 40319 362815 3626193 39832499 476570209
23485617 1 -16 157 -1250 8991 | 40319 362815 3626193 39832503 476570625
23485716 1 -16 158 -1286 9778 | 40319 362815 3626192 39832418 476566310
23486157 1 -16 158 -1279 9505 | 40319 362815 3626192 39832411 476565575
23486175 1 -16 158 -1282 9635 | 40319 362815 3626192 39832414 476565877
23486517 1 -16 157 -1247 8875 | 40319 362815 3626193 39832500 476570309
23486715 1 -16 156 -1213 8252 | 40319 362815 3626194 39832587 476574748
23487156 1 -16 156 -1211 8186 | 40319 362815 3626194 39832585 476574526
23487165 1 -16 156 -1213 8248 | 40319 362815 3626194 39832587 476574752
23487516 1 -16 157 -1250 9016 | 40319 362815 3626193 39832503 476570600
23487615 1 -16 156 -1220 8555 | 40319 362815 3626194 39832594 476575453
23516847 1 -16 159 -1317 10292 | 40319 362815 3626191 39832328 476561548
23516874 1 -16 157 -1246 8850 | 40319 362815 3626193 39832499 476570190
23517486 1 -16 159 -1322 10535 | 40319 362815 3626191 39832333 476562025
23517684 1 -16 157 -1246 8850 | 40319 362815 3626193 39832499 476570190
23517846 1 -16 158 -1281 9543 | 40319 362815 3626192 39832413 476565825
23517864 1 -16 157 -1246 8875 | 40319 362815 3626193 39832499 476570165
23518467 1 -16 158 -1276 9257 | 40319 362815 3626192 39832408 476565391
23518476 1 -16 158 -1276 9242 | 40319 362815 3626192 39832408 476565406
23518647 1 -16 159 -1314 10188 | 40319 362815 3626191 39832325 476561220
23518674 1 -16 157 -1246 8871 | 40319 362815 3626193 39832499 476570169
23518746 1 -16 158 -1278 9418 | 40319 362815 3626192 39832410 476565518
23518764 1 -16 157 -1251 9024 | 40319 362815 3626193 39832504 476570736
23546817 1 -16 156 -1225 8704 | 40319 362815 3626194 39832599 476576024
23547186 1 -16 157 -1252 9105 | 40319 362815 3626193 39832505 476570799
23547816 1 -16 156 -1216 8353 | 40319 362815 3626194 39832590 476575079
23548167 1 -16 156 -1213 8228 | 40319 362815 3626194 39832587 476574772
23548176 1 -16 156 -1217 8365 | 40319 362815 3626194 39832591 476575211
23548617 1 -16 157 -1256 9272 | 40319 362815 3626193 39832509 476571208
23548716 1 -16 156 -1218 8435 | 40319 362815 3626194 39832592 476575285
23561784 1 -16 157 -1244 8735 | 40319 362815 3626193 39832497 476570017
23561847 1 -16 158 -1270 9056 | 40319 362815 3626192 39832402 476564728
23561874 1 -16 157 -1240 8583 | 40319 362815 3626193 39832493 476569593
23564817 1 -16 157 -1248 8894 | 40319 362815 3626193 39832501 476570434
23567184 1 -16 157 -1254 9216 | 40319 362815 3626193 39832507 476570976
23567814 1 -16 156 -1226 8736 | 40319 362815 3626194 39832600 476576136
23568147 1 -16 158 -1268 8991 | 40319 362815 3626192 39832400 476564505
23568174 1 -16 158 -1273 9238 | 40319 362815 3626192 39832405 476564978
23568417 1 -16 158 -1271 9105 | 40319 362815 3626192 39832403 476564823
23568714 1 -16 156 -1213 8201 | 40319 362815 3626194 39832587 476574799
23571486 1 -16 159 -1302 9626 | 40319 362815 3626191 39832313 476560054
23571684 1 -16 159 -1310 10065 | 40319 362815 3626191 39832321 476560767
23571846 1 -16 159 -1312 10147 | 40319 362815 3626191 39832323 476560973
23571864 1 -16 159 -1310 10065 | 40319 362815 3626191 39832321 476560767
23574186 1 -16 159 -1312 10102 | 40319 362815 3626191 39832323 476561018
23574816 1 -16 159 -1311 10053 | 40319 362815 3626191 39832322 476560923
23576184 1 -16 157 -1240 8616 | 40319 362815 3626193 39832493 476569560
23576814 1 -16 156 -1214 8242 | 40319 362815 3626194 39832588 476574902
23578146 1 -16 158 -1279 9502 | 40319 362815 3626192 39832411 476565578
23578164 1 -16 158 -1274 9294 | 40319 362815 3626192 39832406 476565066
23578416 1 -16 158 -1276 9354 | 40319 362815 3626192 39832408 476565294
23578614 1 -16 157 -1249 9023 | 40319 362815 3626193 39832502 476570449
23581467 1 -16 158 -1266 8876 | 40319 362815 3626192 39832398 476564332
23581476 1 -16 158 -1268 8976 | 40319 362815 3626192 39832400 476564520
23581647 1 -16 159 -1301 9672 | 40319 362815 3626191 39832312 476559864
23581674 1 -16 158 -1269 9103 | 40319 362815 3626192 39832401 476564537
23581746 1 -16 159 -1304 9803 | 40319 362815 3626191 39832315 476560165
23581764 1 -16 158 -1274 9279 | 40319 362815 3626192 39832406 476565081
23584167 1 -16 158 -1270 9073 | 40319 362815 3626192 39832402 476564711
23584176 1 -16 158 -1272 9171 | 40319 362815 3626192 39832404 476564901
23584617 1 -16 159 -1315 10227 | 40319 362815 3626191 39832326 476561325
23584716 1 -16 159 -1314 10184 | 40319 362815 3626191 39832325 476561224
23586147 1 -16 159 -1301 9652 | 40319 362815 3626191 39832312 476559884
23586174 1 -16 159 -1308 9976 | 40319 362815 3626191 39832319 476560568
23586417 1 -16 159 -1309 9993 | 40319 362815 3626191 39832320 476560695
23586714 1 -16 157 -1249 9013 | 40319 362815 3626193 39832502 476570459
23587146 1 -16 158 -1269 9062 | 40319 362815 3626192 39832401 476564578
23587164 1 -16 158 -1275 9387 | 40319 362815 3626192 39832407 476565117
23587416 1 -16 158 -1266 8886 | 40319 362815 3626192 39832398 476564322
23587614 1 -16 156 -1213 8257 | 40319 362815 3626194 39832587 476574743
23614785 1 -16 158 -1266 8790 | 40319 362815 3626192 39832398 476564418
23614857 1 -16 159 -1308 9853 | 40319 362815 3626191 39832319 476560691
23614875 1 -16 158 -1274 9130 | 40319 362815 3626192 39832406 476565230
23615784 1 -16 158 -1277 9381 | 40319 362815 3626192 39832409 476565411
23615847 1 -16 159 -1310 9935 | 40319 362815 3626191 39832321 476560897
23615874 1 -16 158 -1273 9203 | 40319 362815 3626192 39832405 476565013
23617485 1 -16 159 -1310 10012 | 40319 362815 3626191 39832321 476560820
23617584 1 -16 159 -1312 10139 | 40319 362815 3626191 39832323 476560981
23617845 1 -16 157 -1243 8741 | 40319 362815 3626193 39832496 476569867
23617854 1 -16 157 -1243 8748 | 40319 362815 3626193 39832496 476569860
23618457 1 -16 158 -1274 9275 | 40319 362815 3626192 39832406 476565085
23618475 1 -16 159 -1306 9856 | 40319 362815 3626191 39832317 476560400
23618547 1 -16 158 -1266 8892 | 40319 362815 3626192 39832398 476564316
23618574 1 -16 159 -1314 10218 | 40319 362815 3626191 39832325 476561190
23618745 1 -16 157 -1241 8685 | 40319 362815 3626193 39832494 476569635
23618754 1 -16 157 -1241 8655 | 40319 362815 3626193 39832494 476569665
23641857 1 -16 159 -1316 10278 | 40319 362815 3626191 39832327 476561418
23641875 1 -16 158 -1281 9516 | 40319 362815 3626192 39832413 476565852
23645817 1 -16 157 -1248 8898 | 40319 362815 3626193 39832501 476570430
23647185 1 -16 159 -1310 10013 | 40319 362815 3626191 39832321 476560819
23647815 1 -16 158 -1277 9390 | 40319 362815 3626192 39832409 476565402
23648157 1 -16 159 -1305 9818 | 40319 362815 3626191 39832316 476560294
23648175 1 -16 159 -1310 10025 | 40319 362815 3626191 39832321 476560807
23648517 1 -16 159 -1316 10275 | 40319 362815 3626191 39832327 476561421
23648715 1 -16 158 -1278 9442 | 40319 362815 3626192 39832410 476565494
23651784 1 -16 157 -1238 8558 | 40319 362815 3626193 39832491 476569330
23651847 1 -16 158 -1268 9022 | 40319 362815 3626192 39832400 476564474
23651874 1 -16 157 -1238 8538 | 40319 362815 3626193 39832491 476569350
23654817 1 -16 156 -1224 8680 | 40319 362815 3626194 39832598 476575904
23657184 1 -16 157 -1240 8617 | 40319 362815 3626193 39832493 476569559
23657814 1 -16 156 -1213 8236 | 40319 362815 3626194 39832587 476574764
23658147 1 -16 158 -1268 9047 | 40319 362815 3626192 39832400 476564449
23658174 1 -16 158 -1273 9289 | 40319 362815 3626192 39832405 476564927
23658417 1 -16 158 -1273 9204 | 40319 362815 3626192 39832405 476565012
23658714 1 -16 156 -1213 8234 | 40319 362815 3626194 39832587 476574766
23671485 1 -16 158 -1265 8931 | 40319 362815 3626192 39832397 476564133
23671584 1 -16 158 -1266 8977 | 40319 362815 3626192 39832398 476564231
23671845 1 -16 157 -1239 8566 | 40319 362815 3626193 39832492 476569466
23671854 1 -16 157 -1239 8590 | 40319 362815 3626193 39832492 476569442
23674185 1 -16 158 -1265 8894 | 40319 362815 3626192 39832397 476564170
23674815 1 -16 158 -1267 8964 | 40319 362815 3626192 39832399 476564388
23675184 1 -16 157 -1232 8331 | 40319 362815 3626193 39832485 476568693
23675814 1 -16 157 -1245 8857 | 40319 362815 3626193 39832498 476570039
23678145 1 -16 156 -1211 8148 | 40319 362815 3626194 39832585 476574564
23678154 1 -16 156 -1211 8165 | 40319 362815 3626194 39832585 476574547
23678415 1 -16 157 -1246 8887 | 40319 362815 3626193 39832499 476570153
23678514 1 -16 156 -1213 8249 | 40319 362815 3626194 39832587 476574751
23681457 1 -16 158 -1270 9149 | 40319 362815 3626192 39832402 476564635
23681475 1 -16 159 -1303 9772 | 40319 362815 3626191 39832314 476560052
23681547 1 -16 158 -1266 8960 | 40319 362815 3626192 39832398 476564248
23681574 1 -16 159 -1306 9918 | 40319 362815 3626191 39832317 476560338
23681745 1 -16 158 -1273 9328 | 40319 362815 3626192 39832405 476564888
23681754 1 -16 158 -1273 9300 | 40319 362815 3626192 39832405 476564916
23684157 1 -16 159 -1303 9764 | 40319 362815 3626191 39832314 476560060
23684175 1 -16 159 -1297 9506 | 40319 362815 3626191 39832308 476559454
23684517 1 -16 158 -1272 9198 | 40319 362815 3626192 39832404 476564874
23684715 1 -16 159 -1306 9838 | 40319 362815 3626191 39832317 476560418
23685147 1 -16 159 -1301 9679 | 40319 362815 3626191 39832312 476559857
23685174 1 -16 159 -1302 9739 | 40319 362815 3626191 39832313 476559941
23685417 1 -16 158 -1274 9282 | 40319 362815 3626192 39832406 476565078
23685714 1 -16 157 -1245 8865 | 40319 362815 3626193 39832498 476570031
23687145 1 -16 156 -1206 8010 | 40319 362815 3626194 39832580 476573982
23687154 1 -16 156 -1206 8006 | 40319 362815 3626194 39832580 476573986
23687415 1 -16 157 -1237 8507 | 40319 362815 3626193 39832490 476569237
23687514 1 -16 157 -1249 9058 | 40319 362815 3626193 39832502 476570414
23714586 1 -16 158 -1273 9229 | 40319 362815 3626192 39832405 476564987
23714685 1 -16 159 -1309 10007 | 40319 362815 3626191 39832320 476560681
23714856 1 -16 158 -1272 9166 | 40319 362815 3626192 39832404 476564906
23714865 1 -16 158 -1271 9135 | 40319 362815 3626192 39832403 476564793
23715486 1 -16 158 -1275 9289 | 40319 362815 3626192 39832407 476565215
23715684 1 -16 158 -1274 9338 | 40319 362815 3626192 39832406 476565022
23715846 1 -16 159 -1310 10046 | 40319 362815 3626191 39832321 476560786
23715864 1 -16 159 -1314 10208 | 40319 362815 3626191 39832325 476561200
23716485 1 -16 159 -1310 10033 | 40319 362815 3626191 39832321 476560799
23716584 1 -16 158 -1274 9256 | 40319 362815 3626192 39832406 476565104
23716845 1 -16 158 -1280 9604 | 40319 362815 3626192 39832412 476565620
23716854 1 -16 158 -1280 9528 | 40319 362815 3626192 39832412 476565696
23718456 1 -16 157 -1249 9009 | 40319 362815 3626193 39832502 476570463
23718465 1 -16 157 -1240 8644 | 40319 362815 3626193 39832493 476569532
23718546 1 -16 157 -1240 8644 | 40319 362815 3626193 39832493 476569532
23718564 1 -16 157 -1248 8978 | 40319 362815 3626193 39832501 476570350
23718645 1 -16 157 -1248 9023 | 40319 362815 3626193 39832501 476570305
23718654 1 -16 157 -1249 8986 | 40319 362815 3626193 39832502 476570486
23741586 1 -16 159 -1309 9964 | 40319 362815 3626191 39832320 476560724
23741685 1 -16 159 -1305 9837 | 40319 362815 3626191 39832316 476560275
23741856 1 -16 158 -1273 9237 | 40319 362815 3626192 39832405 476564979
23741865 1 -16 158 -1270 9103 | 40319 362815 3626192 39832402 476564681
23745186 1 -16 158 -1271 9122 | 40319 362815 3626192 39832403 476564806
23745816 1 -16 158 -1265 8844 | 40319 362815 3626192 39832397 476564220
23746185 1 -16 159 -1302 9716 | 40319 362815 3626191 39832313 476559964
23746815 1 -16 159 -1308 9984 | 40319 362815 3626191 39832319 476560560
23748156 1 -16 158 -1270 9126 | 40319 362815 3626192 39832402 476564658
23748165 1 -16 158 -1267 8989 | 40319 362815 3626192 39832399 476564363
23748516 1 -16 159 -1314 10212 | 40319 362815 3626191 39832325 476561196
23748615 1 -16 159 -1310 10051 | 40319 362815 3626191 39832321 476560781
23751486 1 -16 159 -1303 9714 | 40319 362815 3626191 39832314 476560110
23751684 1 -16 159 -1302 9768 | 40319 362815 3626191 39832313 476559912
23751846 1 -16 159 -1298 9546 | 40319 362815 3626191 39832309 476559558
23751864 1 -16 159 -1304 9819 | 40319 362815 3626191 39832315 476560149
23754186 1 -16 158 -1275 9311 | 40319 362815 3626192 39832407 476565193
23754816 1 -16 158 -1275 9319 | 40319 362815 3626192 39832407 476565185
23756184 1 -16 157 -1232 8327 | 40319 362815 3626193 39832485 476568697
23756814 1 -16 157 -1245 8877 | 40319 362815 3626193 39832498 476570019
23758146 1 -16 159 -1305 9860 | 40319 362815 3626191 39832316 476560252
23758164 1 -16 159 -1308 10001 | 40319 362815 3626191 39832319 476560543
23758416 1 -16 159 -1305 9835 | 40319 362815 3626191 39832316 476560277
23758614 1 -16 157 -1245 8847 | 40319 362815 3626193 39832498 476570049
23761485 1 -16 158 -1263 8861 | 40319 362815 3626192 39832395 476563915
23761584 1 -16 158 -1270 9188 | 40319 362815 3626192 39832402 476564596
23761845 1 -16 157 -1235 8469 | 40319 362815 3626193 39832488 476568987
23761854 1 -16 157 -1235 8450 | 40319 362815 3626193 39832488 476569006
23764185 1 -16 158 -1267 8983 | 40319 362815 3626192 39832399 476564369
23764815 1 -16 158 -1271 9160 | 40319 362815 3626192 39832403 476564768
23765184 1 -16 157 -1242 8781 | 40319 362815 3626193 39832495 476569683
23765814 1 -16 156 -1213 8274 | 40319 362815 3626194 39832587 476574726
23768145 1 -16 156 -1206 8009 | 40319 362815 3626194 39832580 476573983
23768154 1 -16 156 -1206 8001 | 40319 362815 3626194 39832580 476573991
23768415 1 -16 157 -1237 8503 | 40319 362815 3626193 39832490 476569241
23768514 1 -16 157 -1249 9044 | 40319 362815 3626193 39832502 476570428
23781456 1 -16 156 -1211 8185 | 40319 362815 3626194 39832585 476574527
23781465 1 -16 156 -1206 8011 | 40319 362815 3626194 39832580 476573981
23781546 1 -16 156 -1206 8010 | 40319 362815 3626194 39832580 476573982
23781564 1 -16 156 -1209 8110 | 40319 362815 3626194 39832583 476574314
23781645 1 -16 156 -1209 8149 | 40319 362815 3626194 39832583 476574275
23781654 1 -16 156 -1211 8156 | 40319 362815 3626194 39832585 476574556
23784156 1 -16 157 -1239 8572 | 40319 362815 3626193 39832492 476569460
23784165 1 -16 157 -1235 8432 | 40319 362815 3626193 39832488 476569024
23784516 1 -16 157 -1240 8634 | 40319 362815 3626193 39832493 476569542
23784615 1 -16 158 -1277 9445 | 40319 362815 3626192 39832409 476565347
23785146 1 -16 158 -1273 9315 | 40319 362815 3626192 39832405 476564901
23785164 1 -16 158 -1276 9427 | 40319 362815 3626192 39832408 476565221
23785416 1 -16 157 -1238 8561 | 40319 362815 3626193 39832491 476569327
23785614 1 -16 156 -1213 8246 | 40319 362815 3626194 39832587 476574754
23786145 1 -16 156 -1209 8143 | 40319 362815 3626194 39832583 476574281
23786154 1 -16 156 -1209 8125 | 40319 362815 3626194 39832583 476574299
23786415 1 -16 157 -1245 8856 | 40319 362815 3626193 39832498 476570040
23786514 1 -16 156 -1213 8261 | 40319 362815 3626194 39832587 476574739
23814576 1 -16 156 -1213 8238 | 40319 362815 3626194 39832587 476574762
23814657 1 -16 156 -1214 8268 | 40319 362815 3626194 39832588 476574876
23814675 1 -16 157 -1249 9009 | 40319 362815 3626193 39832502 476570463
23814756 1 -16 157 -1249 9009 | 40319 362815 3626193 39832502 476570463
23814765 1 -16 156 -1213 8210 | 40319 362815 3626194 39832587 476574790
23815476 1 -16 156 -1213 8228 | 40319 362815 3626194 39832587 476574772
23815647 1 -16 157 -1248 9047 | 40319 362815 3626193 39832501 476570281
23815674 1 -16 156 -1216 8420 | 40319 362815 3626194 39832590 476575012
23815746 1 -16 157 -1248 9002 | 40319 362815 3626193 39832501 476570326
23815764 1 -16 157 -1248 8990 | 40319 362815 3626193 39832501 476570338
23816457 1 -16 157 -1248 9015 | 40319 362815 3626193 39832501 476570313
23816475 1 -16 157 -1248 8980 | 40319 362815 3626193 39832501 476570348
23816547 1 -16 156 -1213 8219 | 40319 362815 3626194 39832587 476574781
23816574 1 -16 157 -1248 9022 | 40319 362815 3626193 39832501 476570306
23816745 1 -16 156 -1216 8361 | 40319 362815 3626194 39832590 476575071
23816754 1 -16 156 -1216 8369 | 40319 362815 3626194 39832590 476575063
23817456 1 -16 156 -1216 8392 | 40319 362815 3626194 39832590 476575040
23817465 1 -16 157 -1252 9151 | 40319 362815 3626193 39832505 476570753
23817546 1 -16 157 -1252 9149 | 40319 362815 3626193 39832505 476570755
23817564 1 -16 156 -1217 8368 | 40319 362815 3626194 39832591 476575208
23817645 1 -16 156 -1216 8336 | 40319 362815 3626194 39832590 476575096
23817654 1 -16 156 -1229 8842 | 40319 362815 3626194 39832603 476576462
23841576 1 -16 157 -1245 8822 | 40319 362815 3626193 39832498 476570074
23841657 1 -16 157 -1245 8827 | 40319 362815 3626193 39832498 476570069
23841675 1 -16 157 -1241 8682 | 40319 362815 3626193 39832494 476569638
23841756 1 -16 157 -1241 8688 | 40319 362815 3626193 39832494 476569632
23841765 1 -16 157 -1246 8856 | 40319 362815 3626193 39832499 476570184
23845167 1 -16 157 -1243 8716 | 40319 362815 3626193 39832496 476569892
23845176 1 -16 157 -1240 8619 | 40319 362815 3626193 39832493 476569557
23845617 1 -16 157 -1250 9039 | 40319 362815 3626193 39832503 476570577
23845716 1 -16 158 -1277 9418 | 40319 362815 3626192 39832409 476565374
23846157 1 -16 159 -1310 10053 | 40319 362815 3626191 39832321 476560779
23846175 1 -16 159 -1306 9907 | 40319 362815 3626191 39832317 476560349
23846517 1 -16 157 -1240 8614 | 40319 362815 3626193 39832493 476569562
23846715 1 -16 158 -1274 9298 | 40319 362815 3626192 39832406 476565062
23847156 1 -16 158 -1271 9185 | 40319 362815 3626192 39832403 476564743
23847165 1 -16 158 -1275 9320 | 40319 362815 3626192 39832407 476565184
23847516 1 -16 159 -1314 10224 | 40319 362815 3626191 39832325 476561184
23847615 1 -16 158 -1275 9337 | 40319 362815 3626192 39832407 476565167
23851476 1 -16 158 -1270 9093 | 40319 362815 3626192 39832402 476564691
23851647 1 -16 159 -1304 9808 | 40319 362815 3626191 39832315 476560160
23851674 1 -16 158 -1271 9210 | 40319 362815 3626192 39832403 476564718
23851746 1 -16 159 -1302 9669 | 40319 362815 3626191 39832313 476560011
23851764 1 -16 158 -1265 8896 | 40319 362815 3626192 39832397 476564168
23854167 1 -16 157 -1238 8534 | 40319 362815 3626193 39832491 476569354
23854176 1 -16 157 -1238 8542 | 40319 362815 3626193 39832491 476569346
23854617 1 -16 157 -1240 8638 | 40319 362815 3626193 39832493 476569538
23854716 1 -16 158 -1273 9250 | 40319 362815 3626192 39832405 476564966
23856147 1 -16 158 -1266 8975 | 40319 362815 3626192 39832398 476564233
23856174 1 -16 158 -1271 9193 | 40319 362815 3626192 39832403 476564735
23856417 1 -16 157 -1237 8519 | 40319 362815 3626193 39832490 476569225
23856714 1 -16 156 -1213 8249 | 40319 362815 3626194 39832587 476574751
23857146 1 -16 159 -1307 9940 | 40319 362815 3626191 39832318 476560460
23857164 1 -16 159 -1308 10011 | 40319 362815 3626191 39832319 476560533
23857416 1 -16 159 -1313 10189 | 40319 362815 3626191 39832324 476561075
23857614 1 -16 157 -1245 8865 | 40319 362815 3626193 39832498 476570031
23861457 1 -16 158 -1270 9173 | 40319 362815 3626192 39832402 476564611
23861475 1 -16 159 -1307 9991 | 40319 362815 3626191 39832318 476560409
23861547 1 -16 158 -1271 9208 | 40319 362815 3626192 39832403 476564720
23861574 1 -16 159 -1308 10061 | 40319 362815 3626191 39832319 476560483
23861745 1 -16 158 -1276 9412 | 40319 362815 3626192 39832408 476565236
23861754 1 -16 158 -1277 9459 | 40319 362815 3626192 39832409 476565333
23864157 1 -16 159 -1307 9936 | 40319 362815 3626191 39832318 476560464
23864175 1 -16 159 -1305 9830 | 40319 362815 3626191 39832316 476560282
23864517 1 -16 157 -1237 8511 | 40319 362815 3626193 39832490 476569233
23864715 1 -16 159 -1310 10048 | 40319 362815 3626191 39832321 476560784
23865147 1 -16 158 -1270 9159 | 40319 362815 3626192 39832402 476564625
23865174 1 -16 158 -1265 8968 | 40319 362815 3626192 39832397 476564096
23865417 1 -16 157 -1247 8925 | 40319 362815 3626193 39832500 476570259
23865714 1 -16 157 -1245 8896 | 40319 362815 3626193 39832498 476570000
23867145 1 -16 156 -1209 8131 | 40319 362815 3626194 39832583 476574293
23867154 1 -16 156 -1209 8133 | 40319 362815 3626194 39832583 476574291
23867415 1 -16 157 -1245 8844 | 40319 362815 3626193 39832498 476570052
23867514 1 -16 156 -1214 8291 | 40319 362815 3626194 39832588 476574853
23871456 1 -16 156 -1211 8194 | 40319 362815 3626194 39832585 476574518
23871465 1 -16 156 -1206 8007 | 40319 362815 3626194 39832580 476573985
23871546 1 -16 156 -1206 8002 | 40319 362815 3626194 39832580 476573990
23871564 1 -16 156 -1209 8133 | 40319 362815 3626194 39832583 476574291
23871645 1 -16 156 -1209 8131 | 40319 362815 3626194 39832583 476574293
23871654 1 -16 156 -1213 8190 | 40319 362815 3626194 39832587 476574810
23874156 1 -16 157 -1239 8556 | 40319 362815 3626193 39832492 476569476
23874165 1 -16 157 -1235 8407 | 40319 362815 3626193 39832488 476569049
23874516 1 -16 157 -1240 8629 | 40319 362815 3626193 39832493 476569547
23874615 1 -16 158 -1277 9415 | 40319 362815 3626192 39832409 476565377
23875146 1 -16 158 -1275 9366 | 40319 362815 3626192 39832407 476565138
23875164 1 -16 158 -1278 9483 | 40319 362815 3626192 39832410 476565453
23875416 1 -16 157 -1240 8603 | 40319 362815 3626193 39832493 476569573
23875614 1 -16 156 -1213 8247 | 40319 362815 3626194 39832587 476574753
23876145 1 -16 156 -1211 8184 | 40319 362815 3626194 39832585 476574528
23876154 1 -16 156 -1213 8243 | 40319 362815 3626194 39832587 476574757
23876415 1 -16 157 -1250 9016 | 40319 362815 3626193 39832503 476570600
23876514 1 -16 156 -1220 8478 | 40319 362815 3626194 39832594 476575530
24136857 1 -16 156 -1232 8985 | 40319 362815 3626194 39832606 476576751
24136875 1 -16 156 -1232 9004 | 40319 362815 3626194 39832606 476576732
24137586 1 -16 156 -1232 8986 | 40319 362815 3626194 39832606 476576750
24137685 1 -16 156 -1232 9011 | 40319 362815 3626194 39832606 476576725
24137856 1 -16 155 -1196 8252 | 40319 362815 3626195 39832691 476581012
24137865 1 -16 155 -1196 8243 | 40319 362815 3626195 39832691 476581021
24138576 1 -16 156 -1232 9002 | 40319 362815 3626194 39832606 476576734
24138657 1 -16 156 -1232 9010 | 40319 362815 3626194 39832606 476576726
24138675 1 -16 155 -1197 8273 | 40319 362815 3626195 39832692 476581135
24138756 1 -16 155 -1196 8246 | 40319 362815 3626195 39832691 476581018
24156837 1 -16 159 -1312 10095 | 40319 362815 3626191 39832323 476561025
24156873 1 -16 157 -1252 9116 | 40319 362815 3626193 39832505 476570788
24157386 1 -16 160 -1349 10830 | 40319 362815 3626190 39832239 476556906
24157683 1 -16 157 -1253 9142 | 40319 362815 3626193 39832506 476570906
24157836 1 -16 159 -1310 9995 | 40319 362815 3626191 39832321 476560837
24157863 1 -16 158 -1288 9922 | 40319 362815 3626192 39832420 476566454
24158376 1 -16 159 -1315 10135 | 40319 362815 3626191 39832326 476561417
24158637 1 -16 160 -1348 10872 | 40319 362815 3626190 39832238 476556720
24158673 1 -16 158 -1288 9896 | 40319 362815 3626192 39832420 476566480
24158736 1 -16 159 -1310 10045 | 40319 362815 3626191 39832321 476560787
24158763 1 -16 157 -1252 9115 | 40319 362815 3626193 39832505 476570789
24163857 1 -16 159 -1320 10432 | 40319 362815 3626191 39832331 476561840
24163875 1 -16 159 -1320 10380 | 40319 362815 3626191 39832331 476561892
24165837 1 -16 159 -1314 10174 | 40319 362815 3626191 39832325 476561234
24165873 1 -16 157 -1252 9103 | 40319 362815 3626193 39832505 476570801
24167385 1 -16 159 -1316 10322 | 40319 362815 3626191 39832327 476561374
24167583 1 -16 158 -1284 9748 | 40319 362815 3626192 39832416 476566052
24167835 1 -16 158 -1288 9890 | 40319 362815 3626192 39832420 476566486
24167853 1 -16 157 -1252 9152 | 40319 362815 3626193 39832505 476570752
24168357 1 -16 160 -1354 11163 | 40319 362815 3626190 39832244 476557293
24168375 1 -16 160 -1345 10734 | 40319 362815 3626190 39832235 476556426
24168537 1 -16 160 -1346 10781 | 40319 362815 3626190 39832236 476556523
24168573 1 -16 158 -1284 9735 | 40319 362815 3626192 39832416 476566065
24168735 1 -16 158 -1276 9352 | 40319 362815 3626192 39832408 476565296
24168753 1 -16 158 -1288 9927 | 40319 362815 3626192 39832420 476566449
24173586 1 -16 160 -1356 11165 | 40319 362815 3626190 39832246 476557579
24173685 1 -16 160 -1354 11121 | 40319 362815 3626190 39832244 476557335
24173856 1 -16 159 -1322 10552 | 40319 362815 3626191 39832333 476562008
24173865 1 -16 159 -1318 10352 | 40319 362815 3626191 39832329 476561632
24175386 1 -16 160 -1350 10891 | 40319 362815 3626190 39832240 476556989
24175683 1 -16 158 -1284 9782 | 40319 362815 3626192 39832416 476566018
24175836 1 -16 160 -1346 10783 | 40319 362815 3626190 39832236 476556521
24175863 1 -16 158 -1284 9747 | 40319 362815 3626192 39832416 476566053
24176385 1 -16 159 -1304 9725 | 40319 362815 3626191 39832315 476560243
24176583 1 -16 157 -1252 9134 | 40319 362815 3626193 39832505 476570770
24176835 1 -16 158 -1276 9380 | 40319 362815 3626192 39832408 476565268
24176853 1 -16 158 -1288 9931 | 40319 362815 3626192 39832420 476566445
24178356 1 -16 158 -1278 9419 | 40319 362815 3626192 39832410 476565517
24178365 1 -16 158 -1276 9367 | 40319 362815 3626192 39832408 476565281
24178536 1 -16 159 -1316 10361 | 40319 362815 3626191 39832327 476561335
24178563 1 -16 157 -1252 9138 | 40319 362815 3626193 39832505 476570766
24178635 1 -16 158 -1284 9786 | 40319 362815 3626192 39832416 476566014
24178653 1 -16 157 -1252 9122 | 40319 362815 3626193 39832505 476570782
24183576 1 -16 158 -1282 9574 | 40319 362815 3626192 39832414 476565938
24183657 1 -16 158 -1282 9566 | 40319 362815 3626192 39832414 476565946
24183675 1 -16 158 -1282 9609 | 40319 362815 3626192 39832414 476565903
24183756 1 -16 158 -1282 9613 | 40319 362815 3626192 39832414 476565899
24183765 1 -16 158 -1289 9847 | 40319 362815 3626192 39832421 476566673
24185376 1 -16 159 -1311 10042 | 40319 362815 3626191 39832322 476560934
24185637 1 -16 159 -1310 10079 | 40319 362815 3626191 39832321 476560753
24185673 1 -16 157 -1252 9168 | 40319 362815 3626193 39832505 476570736
24185736 1 -16 160 -1350 10972 | 40319 362815 3626190 39832240 476556908
24185763 1 -16 158 -1284 9746 | 40319 362815 3626192 39832416 476566054
24186357 1 -16 160 -1352 11081 | 40319 362815 3626190 39832242 476557087
24186375 1 -16 160 -1353 11111 | 40319 362815 3626190 39832243 476557201
24186537 1 -16 159 -1310 10029 | 40319 362815 3626191 39832321 476560803
24186573 1 -16 158 -1284 9778 | 40319 362815 3626192 39832416 476566022
24186735 1 -16 158 -1284 9735 | 40319 362815 3626192 39832416 476566065
24186753 1 -16 157 -1253 9157 | 40319 362815 3626193 39832506 476570891
24187356 1 -16 158 -1278 9449 | 40319 362815 3626192 39832410 476565487
24187365 1 -16 158 -1276 9344 | 40319 362815 3626192 39832408 476565304
24187536 1 -16 159 -1316 10299 | 40319 362815 3626191 39832327 476561397
24187563 1 -16 157 -1252 9143 | 40319 362815 3626193 39832505 476570761
24187635 1 -16 158 -1284 9693 | 40319 362815 3626192 39832416 476566107
24187653 1 -16 157 -1263 9517 | 40319 362815 3626193 39832516 476571971
24316875 1 -16 156 -1232 9026 | 40319 362815 3626194 39832606 476576710
24317685 1 -16 156 -1232 9030 | 40319 362815 3626194 39832606 476576706
24317856 1 -16 155 -1196 8268 | 40319 362815 3626195 39832691 476580996
24317865 1 -16 155 -1196 8260 | 40319 362815 3626195 39832691 476581004
24318576 1 -16 156 -1232 9024 | 40319 362815 3626194 39832606 476576712
24318657 1 -16 156 -1232 9029 | 40319 362815 3626194 39832606 476576707
24318675 1 -16 155 -1197 8295 | 40319 362815 3626195 39832692 476581113
24318756 1 -16 155 -1196 8263 | 40319 362815 3626195 39832691 476581001
24356817 1 -16 156 -1225 8715 | 40319 362815 3626194 39832599 476576013
24357816 1 -16 156 -1217 8384 | 40319 362815 3626194 39832591 476575192
24358176 1 -16 156 -1218 8430 | 40319 362815 3626194 39832592 476575290
24358617 1 -16 157 -1257 9316 | 40319 362815 3626193 39832510 476571308
24358716 1 -16 156 -1219 8500 | 40319 362815 3626194 39832593 476575364
24361875 1 -16 157 -1244 8738 | 40319 362815 3626193 39832497 476570014
24365817 1 -16 156 -1227 8780 | 40319 362815 3626194 39832601 476576236
24367185 1 -16 157 -1245 8846 | 40319 362815 3626193 39832498 476570050
24367815 1 -16 156 -1216 8374 | 40319 362815 3626194 39832590 476575058
24368157 1 -16 158 -1278 9467 | 40319 362815 3626192 39832410 476565469
24368175 1 -16 158 -1280 9601 | 40319 362815 3626192 39832412 476565623
24368517 1 -16 158 -1286 9776 | 40319 362815 3626192 39832418 476566312
24368715 1 -16 156 -1212 8240 | 40319 362815 3626194 39832586 476574616
24371586 1 -16 158 -1278 9387 | 40319 362815 3626192 39832410 476565549
24371685 1 -16 158 -1280 9523 | 40319 362815 3626192 39832412 476565701
24371856 1 -16 157 -1245 8840 | 40319 362815 3626193 39832498 476570056
24371865 1 -16 157 -1245 8833 | 40319 362815 3626193 39832498 476570063
24375186 1 -16 158 -1282 9592 | 40319 362815 3626192 39832414 476565920
24375816 1 -16 158 -1286 9788 | 40319 362815 3626192 39832418 476566300
24376185 1 -16 157 -1241 8666 | 40319 362815 3626193 39832494 476569654
24376815 1 -16 156 -1212 8213 | 40319 362815 3626194 39832586 476574643
24378156 1 -16 156 -1209 8122 | 40319 362815 3626194 39832583 476574302
24378165 1 -16 156 -1209 8111 | 40319 362815 3626194 39832583 476574313
24378516 1 -16 157 -1245 8857 | 40319 362815 3626193 39832498 476570039
24378615 1 -16 156 -1212 8249 | 40319 362815 3626194 39832586 476574607
24381576 1 -16 156 -1208 8023 | 40319 362815 3626194 39832582 476574257
24381657 1 -16 156 -1208 8007 | 40319 362815 3626194 39832582 476574273
24381675 1 -16 156 -1212 8206 | 40319 362815 3626194 39832586 476574650
24381756 1 -16 156 -1212 8191 | 40319 362815 3626194 39832586 476574665
24381765 1 -16 156 -1221 8520 | 40319 362815 3626194 39832595 476575632
24385176 1 -16 157 -1241 8645 | 40319 362815 3626193 39832494 476569675
24385617 1 -16 157 -1246 8864 | 40319 362815 3626193 39832499 476570176
24385716 1 -16 158 -1284 9755 | 40319 362815 3626192 39832416 476566045
24386157 1 -16 158 -1278 9509 | 40319 362815 3626192 39832410 476565427
24386175 1 -16 158 -1282 9703 | 40319 362815 3626192 39832414 476565809
24386517 1 -16 157 -1246 8847 | 40319 362815 3626193 39832499 476570193
24386715 1 -16 156 -1212 8247 | 40319 362815 3626194 39832586 476574609
24387156 1 -16 156 -1209 8129 | 40319 362815 3626194 39832583 476574295
24387165 1 -16 156 -1211 8156 | 40319 362815 3626194 39832585 476574556
24387516 1 -16 157 -1249 9015 | 40319 362815 3626193 39832502 476570457
24387615 1 -16 156 -1218 8463 | 40319 362815 3626194 39832592 476575257
24516837 1 -16 159 -1312 10144 | 40319 362815 3626191 39832323 476560976
24516873 1 -16 157 -1245 8824 | 40319 362815 3626193 39832498 476570072
24517836 1 -16 158 -1271 9154 | 40319 362815 3626192 39832403 476564774
24517863 1 -16 157 -1242 8735 | 40319 362815 3626193 39832495 476569729
24518376 1 -16 158 -1274 9240 | 40319 362815 3626192 39832406 476565120
24518637 1 -16 159 -1309 10043 | 40319 362815 3626191 39832320 476560645
24518673 1 -16 157 -1242 8724 | 40319 362815 3626193 39832495 476569740
24518736 1 -16 158 -1270 9132 | 40319 362815 3626192 39832402 476564652
24518763 1 -16 157 -1246 8849 | 40319 362815 3626193 39832499 476570191
24536817 1 -16 158 -1296 10253 | 40319 362815 3626192 39832428 476567275
24537816 1 -16 157 -1248 9007 | 40319 362815 3626193 39832501 476570321
24538176 1 -16 157 -1250 9019 | 40319 362815 3626193 39832503 476570597
24538617 1 -16 158 -1284 9733 | 40319 362815 3626192 39832416 476566067
24538716 1 -16 157 -1248 8990 | 40319 362815 3626193 39832501 476570338
24561837 1 -16 158 -1282 9663 | 40319 362815 3626192 39832414 476565849
24561873 1 -16 157 -1249 9009 | 40319 362815 3626193 39832502 476570463
24563817 1 -16 157 -1246 8835 | 40319 362815 3626193 39832499 476570205
24567183 1 -16 156 -1224 8654 | 40319 362815 3626194 39832598 476575930
24567813 1 -16 155 -1200 8363 | 40319 362815 3626195 39832695 476581477
24568137 1 -16 158 -1280 9558 | 40319 362815 3626192 39832412 476565666
24568173 1 -16 158 -1282 9630 | 40319 362815 3626192 39832414 476565882
24568317 1 -16 158 -1279 9519 | 40319 362815 3626192 39832411 476565561
24568713 1 -16 156 -1227 8780 | 40319 362815 3626194 39832601 476576236
24571386 1 -16 159 -1307 9912 | 40319 362815 3626191 39832318 476560488
24571683 1 -16 159 -1311 10118 | 40319 362815 3626191 39832322 476560858
24571836 1 -16 159 -1306 9889 | 40319 362815 3626191 39832317 476560367
24571863 1 -16 159 -1306 9903 | 40319 362815 3626191 39832317 476560353
24573186 1 -16 159 -1307 9907 | 40319 362815 3626191 39832318 476560493
24573816 1 -16 159 -1303 9749 | 40319 362815 3626191 39832314 476560075
24576183 1 -16 157 -1248 8947 | 40319 362815 3626193 39832501 476570381
24576813 1 -16 156 -1226 8739 | 40319 362815 3626194 39832600 476576133
24578136 1 -16 158 -1276 9358 | 40319 362815 3626192 39832408 476565290
24578163 1 -16 158 -1271 9142 | 40319 362815 3626192 39832403 476564786
24578316 1 -16 158 -1272 9199 | 40319 362815 3626192 39832404 476564873
24578613 1 -16 157 -1255 9201 | 40319 362815 3626193 39832508 476571135
24581376 1 -16 158 -1270 9128 | 40319 362815 3626192 39832402 476564656
24581637 1 -16 159 -1296 9483 | 40319 362815 3626191 39832307 476559333
24581673 1 -16 158 -1267 9034 | 40319 362815 3626192 39832399 476564318
24581736 1 -16 159 -1299 9636 | 40319 362815 3626191 39832310 476559612
24581763 1 -16 158 -1270 9136 | 40319 362815 3626192 39832402 476564648
24583176 1 -16 158 -1270 9144 | 40319 362815 3626192 39832402 476564640
24583617 1 -16 159 -1297 9437 | 40319 362815 3626191 39832308 476559523
24583716 1 -16 159 -1302 9675 | 40319 362815 3626191 39832313 476560005
24586137 1 -16 159 -1309 10030 | 40319 362815 3626191 39832320 476560658
24586173 1 -16 159 -1315 10276 | 40319 362815 3626191 39832326 476561276
24586317 1 -16 159 -1309 10012 | 40319 362815 3626191 39832320 476560676
24586713 1 -16 157 -1257 9281 | 40319 362815 3626193 39832510 476571343
24587136 1 -16 158 -1270 9137 | 40319 362815 3626192 39832402 476564647
24587163 1 -16 158 -1272 9221 | 40319 362815 3626192 39832404 476564851
24587316 1 -16 158 -1270 9198 | 40319 362815 3626192 39832402 476564586
24587613 1 -16 156 -1222 8599 | 40319 362815 3626194 39832596 476575697
24613875 1 -16 159 -1312 10063 | 40319 362815 3626191 39832323 476561057
24615837 1 -16 160 -1336 10323 | 40319 362815 3626190 39832226 476555541
24615873 1 -16 159 -1308 9955 | 40319 362815 3626191 39832319 476560589
24617385 1 -16 159 -1309 10052 | 40319 362815 3626191 39832320 476560636
24617583 1 -16 160 -1340 10543 | 40319 362815 3626190 39832230 476555897
24617835 1 -16 159 -1312 10151 | 40319 362815 3626191 39832323 476560969
24617853 1 -16 159 -1308 9981 | 40319 362815 3626191 39832319 476560563
24618357 1 -16 159 -1308 9981 | 40319 362815 3626191 39832319 476560563
24618375 1 -16 160 -1338 10455 | 40319 362815 3626190 39832228 476555697
24618537 1 -16 160 -1330 10103 | 40319 362815 3626190 39832220 476554897
24618573 1 -16 160 -1340 10551 | 40319 362815 3626190 39832230 476555889
24618735 1 -16 159 -1308 9986 | 40319 362815 3626191 39832319 476560558
24618753 1 -16 159 -1308 9968 | 40319 362815 3626191 39832319 476560576
24631875 1 -16 159 -1314 10183 | 40319 362815 3626191 39832325 476561225
24635817 1 -16 158 -1286 9763 | 40319 362815 3626192 39832418 476566325
24637815 1 -16 159 -1308 9995 | 40319 362815 3626191 39832319 476560549
24638157 1 -16 160 -1340 10593 | 40319 362815 3626190 39832230 476555847
24638175 1 -16 160 -1342 10674 | 40319 362815 3626190 39832232 476556054
24638517 1 -16 160 -1350 10979 | 40319 362815 3626190 39832240 476556901
24638715 1 -16 159 -1308 10023 | 40319 362815 3626191 39832319 476560521
24651837 1 -16 158 -1268 9030 | 40319 362815 3626192 39832400 476564466
24651873 1 -16 157 -1242 8725 | 40319 362815 3626193 39832495 476569739
24653817 1 -16 158 -1286 9789 | 40319 362815 3626192 39832418 476566299
24657183 1 -16 157 -1253 9172 | 40319 362815 3626193 39832506 476570876
24657813 1 -16 156 -1226 8745 | 40319 362815 3626194 39832600 476576127
24658137 1 -16 158 -1272 9226 | 40319 362815 3626192 39832404 476564846
24658173 1 -16 158 -1278 9486 | 40319 362815 3626192 39832410 476565450
24658317 1 -16 158 -1272 9227 | 40319 362815 3626192 39832404 476564845
24658713 1 -16 156 -1225 8702 | 40319 362815 3626194 39832599 476576026
24671385 1 -16 159 -1309 10033 | 40319 362815 3626191 39832320 476560655
24671583 1 -16 159 -1299 9567 | 40319 362815 3626191 39832310 476559681
24671835 1 -16 158 -1280 9566 | 40319 362815 3626192 39832412 476565658
24671853 1 -16 159 -1309 10012 | 40319 362815 3626191 39832320 476560676
24673185 1 -16 159 -1306 9900 | 40319 362815 3626191 39832317 476560356
24673815 1 -16 159 -1305 9841 | 40319 362815 3626191 39832316 476560271
24675183 1 -16 158 -1278 9492 | 40319 362815 3626192 39832410 476565444
24675813 1 -16 158 -1296 10212 | 40319 362815 3626192 39832428 476567316
24678135 1 -16 157 -1256 9290 | 40319 362815 3626193 39832509 476571190
24678153 1 -16 158 -1284 9708 | 40319 362815 3626192 39832416 476566092
24678315 1 -16 158 -1287 9852 | 40319 362815 3626192 39832419 476566380
24678513 1 -16 157 -1255 9191 | 40319 362815 3626193 39832508 476571145
24681357 1 -16 159 -1316 10340 | 40319 362815 3626191 39832327 476561356
24681375 1 -16 160 -1338 10483 | 40319 362815 3626190 39832228 476555669
24681537 1 -16 160 -1336 10414 | 40319 362815 3626190 39832226 476555450
24681573 1 -16 160 -1336 10407 | 40319 362815 3626190 39832226 476555457
24681735 1 -16 160 -1345 10823 | 40319 362815 3626190 39832235 476556337
24681753 1 -16 160 -1344 10784 | 40319 362815 3626190 39832234 476556232
24683157 1 -16 160 -1344 10761 | 40319 362815 3626190 39832234 476556255
24683175 1 -16 160 -1336 10449 | 40319 362815 3626190 39832226 476555415
24683517 1 -16 160 -1344 10715 | 40319 362815 3626190 39832234 476556301
24683715 1 -16 160 -1334 10301 | 40319 362815 3626190 39832224 476555275
24685137 1 -16 160 -1342 10682 | 40319 362815 3626190 39832232 476556046
24685173 1 -16 160 -1348 10940 | 40319 362815 3626190 39832238 476556652
24685317 1 -16 160 -1346 10836 | 40319 362815 3626190 39832236 476556468
24685713 1 -16 158 -1294 10128 | 40319 362815 3626192 39832426 476567112
24687135 1 -16 158 -1286 9823 | 40319 362815 3626192 39832418 476566265
24687153 1 -16 158 -1274 9306 | 40319 362815 3626192 39832406 476565054
24687315 1 -16 158 -1274 9300 | 40319 362815 3626192 39832406 476565060
24687513 1 -16 158 -1290 9952 | 40319 362815 3626192 39832422 476566712
24713586 1 -16 160 -1345 10743 | 40319 362815 3626190 39832235 476556417
24713685 1 -16 160 -1341 10583 | 40319 362815 3626190 39832231 476556001
24713856 1 -16 159 -1303 9715 | 40319 362815 3626191 39832314 476560109
24713865 1 -16 159 -1303 9732 | 40319 362815 3626191 39832314 476560092
24715386 1 -16 160 -1331 10094 | 40319 362815 3626190 39832221 476555050
24715683 1 -16 159 -1297 9535 | 40319 362815 3626191 39832308 476559425
24715836 1 -16 160 -1321 9648 | 40319 362815 3626190 39832211 476554056
24715863 1 -16 160 -1334 10300 | 40319 362815 3626190 39832224 476555276
24716385 1 -16 160 -1327 9965 | 40319 362815 3626190 39832217 476554603
24716583 1 -16 159 -1303 9776 | 40319 362815 3626191 39832314 476560048
24716835 1 -16 160 -1336 10429 | 40319 362815 3626190 39832226 476555435
24716853 1 -16 160 -1340 10591 | 40319 362815 3626190 39832230 476555849
24718356 1 -16 159 -1306 9871 | 40319 362815 3626191 39832317 476560385
24718365 1 -16 159 -1303 9764 | 40319 362815 3626191 39832314 476560060
24718536 1 -16 160 -1333 10298 | 40319 362815 3626190 39832223 476555134
24718563 1 -16 159 -1305 9884 | 40319 362815 3626191 39832316 476560228
24718635 1 -16 160 -1341 10685 | 40319 362815 3626190 39832231 476555899
24718653 1 -16 159 -1305 9853 | 40319 362815 3626191 39832316 476560259
24731586 1 -16 160 -1342 10647 | 40319 362815 3626190 39832232 476556081
24731685 1 -16 160 -1340 10591 | 40319 362815 3626190 39832230 476555849
24731856 1 -16 159 -1305 9858 | 40319 362815 3626191 39832316 476560254
24731865 1 -16 159 -1305 9856 | 40319 362815 3626191 39832316 476560256
24735186 1 -16 160 -1344 10687 | 40319 362815 3626190 39832234 476556329
24735816 1 -16 160 -1338 10409 | 40319 362815 3626190 39832228 476555743
24736185 1 -16 160 -1334 10297 | 40319 362815 3626190 39832224 476555279
24736815 1 -16 160 -1342 10663 | 40319 362815 3626190 39832232 476556065
24738156 1 -16 159 -1301 9715 | 40319 362815 3626191 39832312 476559821
24738165 1 -16 159 -1301 9702 | 40319 362815 3626191 39832312 476559834
24738516 1 -16 160 -1336 10363 | 40319 362815 3626190 39832226 476555501
24738615 1 -16 160 -1342 10691 | 40319 362815 3626190 39832232 476556037
24751386 1 -16 160 -1342 10655 | 40319 362815 3626190 39832232 476556073
24751683 1 -16 160 -1340 10621 | 40319 362815 3626190 39832230 476555819
24751836 1 -16 160 -1332 10247 | 40319 362815 3626190 39832222 476555041
24751863 1 -16 160 -1340 10587 | 40319 362815 3626190 39832230 476555853
24753186 1 -16 160 -1346 10793 | 40319 362815 3626190 39832236 476556511
24753816 1 -16 160 -1338 10449 | 40319 362815 3626190 39832228 476555703
24756183 1 -16 158 -1277 9448 | 40319 362815 3626192 39832409 476565344
24756813 1 -16 158 -1293 10092 | 40319 362815 3626192 39832425 476567004
24758136 1 -16 160 -1345 10804 | 40319 362815 3626190 39832235 476556356
24758163 1 -16 160 -1344 10731 | 40319 362815 3626190 39832234 476556285
24758316 1 -16 160 -1342 10684 | 40319 362815 3626190 39832232 476556044
24758613 1 -16 158 -1294 10111 | 40319 362815 3626192 39832426 476567129
24761385 1 -16 159 -1298 9574 | 40319 362815 3626191 39832309 476559530
24761583 1 -16 159 -1303 9824 | 40319 362815 3626191 39832314 476560000
24761835 1 -16 159 -1306 9924 | 40319 362815 3626191 39832317 476560332
24761853 1 -16 159 -1301 9711 | 40319 362815 3626191 39832312 476559825
24763185 1 -16 159 -1299 9619 | 40319 362815 3626191 39832310 476559629
24763815 1 -16 159 -1298 9585 | 40319 362815 3626191 39832309 476559519
24765183 1 -16 157 -1244 8813 | 40319 362815 3626193 39832497 476569939
24765813 1 -16 156 -1221 8550 | 40319 362815 3626194 39832595 476575602
24768135 1 -16 158 -1283 9695 | 40319 362815 3626192 39832415 476565961
24768153 1 -16 158 -1274 9313 | 40319 362815 3626192 39832406 476565047
24768315 1 -16 158 -1274 9330 | 40319 362815 3626192 39832406 476565030
24768513 1 -16 158 -1290 9951 | 40319 362815 3626192 39832422 476566713
24781356 1 -16 158 -1275 9332 | 40319 362815 3626192 39832407 476565172
24781365 1 -16 158 -1273 9279 | 40319 362815 3626192 39832405 476564937
24781536 1 -16 159 -1304 9848 | 40319 362815 3626191 39832315 476560120
24781563 1 -16 158 -1269 9132 | 40319 362815 3626192 39832401 476564508
24781635 1 -16 159 -1306 9945 | 40319 362815 3626191 39832317 476560311
24781653 1 -16 158 -1271 9198 | 40319 362815 3626192 39832403 476564730
24783156 1 -16 158 -1268 9051 | 40319 362815 3626192 39832400 476564445
24783165 1 -16 158 -1268 9061 | 40319 362815 3626192 39832400 476564435
24783516 1 -16 159 -1301 9662 | 40319 362815 3626191 39832312 476559874
24783615 1 -16 159 -1301 9665 | 40319 362815 3626191 39832312 476559871
24785136 1 -16 159 -1301 9671 | 40319 362815 3626191 39832312 476559865
24785163 1 -16 159 -1303 9727 | 40319 362815 3626191 39832314 476560097
24785316 1 -16 159 -1303 9765 | 40319 362815 3626191 39832314 476560059
24785613 1 -16 157 -1252 9079 | 40319 362815 3626193 39832505 476570825
24786135 1 -16 158 -1276 9382 | 40319 362815 3626192 39832408 476565266
24786153 1 -16 158 -1274 9326 | 40319 362815 3626192 39832406 476565034
24786315 1 -16 158 -1270 9161 | 40319 362815 3626192 39832402 476564623
24786513 1 -16 157 -1253 9152 | 40319 362815 3626193 39832506 476570896
24813576 1 -16 158 -1278 9467 | 40319 362815 3626192 39832410 476565469
24813675 1 -16 158 -1274 9299 | 40319 362815 3626192 39832406 476565061
24813756 1 -16 158 -1274 9293 | 40319 362815 3626192 39832406 476565067
24813765 1 -16 158 -1282 9605 | 40319 362815 3626192 39832414 476565907
24815376 1 -16 159 -1304 9798 | 40319 362815 3626191 39832315 476560170
24815637 1 -16 159 -1296 9518 | 40319 362815 3626191 39832307 476559298
24815673 1 -16 158 -1273 9326 | 40319 362815 3626192 39832405 476564890
24815736 1 -16 160 -1335 10388 | 40319 362815 3626190 39832225 476555332
24815763 1 -16 158 -1264 8921 | 40319 362815 3626192 39832396 476563999
24816375 1 -16 160 -1337 10440 | 40319 362815 3626190 39832227 476555568
24816537 1 -16 159 -1300 9661 | 40319 362815 3626191 39832311 476559731
24816573 1 -16 158 -1264 8929 | 40319 362815 3626192 39832396 476563991
24816735 1 -16 159 -1305 9883 | 40319 362815 3626191 39832316 476560229
24816753 1 -16 158 -1272 9244 | 40319 362815 3626192 39832404 476564828
24817356 1 -16 159 -1304 9839 | 40319 362815 3626191 39832315 476560129
24817365 1 -16 159 -1302 9693 | 40319 362815 3626191 39832313 476559987
24817536 1 -16 160 -1340 10609 | 40319 362815 3626190 39832230 476555831
24817563 1 -16 158 -1272 9243 | 40319 362815 3626192 39832404 476564829
24817635 1 -16 159 -1304 9806 | 40319 362815 3626191 39832315 476560162
24817653 1 -16 158 -1283 9649 | 40319 362815 3626192 39832415 476566007
24831576 1 -16 158 -1278 9523 | 40319 362815 3626192 39832410 476565413
24831675 1 -16 158 -1276 9453 | 40319 362815 3626192 39832408 476565195
24831756 1 -16 158 -1276 9445 | 40319 362815 3626192 39832408 476565203
24831765 1 -16 158 -1281 9575 | 40319 362815 3626192 39832413 476565793
24835176 1 -16 159 -1310 10106 | 40319 362815 3626191 39832321 476560726
24835617 1 -16 159 -1310 10049 | 40319 362815 3626191 39832321 476560783
24835716 1 -16 160 -1344 10750 | 40319 362815 3626190 39832234 476556266
24836157 1 -16 160 -1340 10569 | 40319 362815 3626190 39832230 476555871
24836175 1 -16 160 -1338 10530 | 40319 362815 3626190 39832228 476555622
24836517 1 -16 159 -1310 10070 | 40319 362815 3626191 39832321 476560762
24836715 1 -16 159 -1304 9824 | 40319 362815 3626191 39832315 476560144
24837156 1 -16 159 -1305 9874 | 40319 362815 3626191 39832316 476560238
24837165 1 -16 159 -1314 10229 | 40319 362815 3626191 39832325 476561179
24837516 1 -16 160 -1346 10861 | 40319 362815 3626190 39832236 476556443
24837615 1 -16 159 -1310 10071 | 40319 362815 3626191 39832321 476560761
24851376 1 -16 159 -1303 9790 | 40319 362815 3626191 39832314 476560034
24851637 1 -16 160 -1336 10440 | 40319 362815 3626190 39832226 476555424
24851673 1 -16 159 -1301 9703 | 40319 362815 3626191 39832312 476559833
24851736 1 -16 160 -1326 9959 | 40319 362815 3626190 39832216 476554465
24851763 1 -16 159 -1298 9578 | 40319 362815 3626191 39832309 476559526
24853176 1 -16 159 -1307 9956 | 40319 362815 3626191 39832318 476560444
24853617 1 -16 160 -1340 10564 | 40319 362815 3626190 39832230 476555876
24853716 1 -16 160 -1334 10301 | 40319 362815 3626190 39832224 476555275
24856137 1 -16 159 -1304 9836 | 40319 362815 3626191 39832315 476560132
24856173 1 -16 159 -1307 9929 | 40319 362815 3626191 39832318 476560471
24856317 1 -16 159 -1306 9917 | 40319 362815 3626191 39832317 476560339
24856713 1 -16 157 -1254 9151 | 40319 362815 3626193 39832507 476571041
24857136 1 -16 160 -1339 10544 | 40319 362815 3626190 39832229 476555752
24857163 1 -16 160 -1342 10676 | 40319 362815 3626190 39832232 476556052
24857316 1 -16 160 -1338 10510 | 40319 362815 3626190 39832228 476555642
24857613 1 -16 158 -1290 9961 | 40319 362815 3626192 39832422 476566703
24861375 1 -16 160 -1330 10129 | 40319 362815 3626190 39832220 476554871
24861537 1 -16 160 -1330 10164 | 40319 362815 3626190 39832220 476554836
24861573 1 -16 160 -1334 10389 | 40319 362815 3626190 39832224 476555187
24861735 1 -16 160 -1340 10569 | 40319 362815 3626190 39832230 476555871
24861753 1 -16 160 -1342 10698 | 40319 362815 3626190 39832232 476556030
24863157 1 -16 160 -1332 10205 | 40319 362815 3626190 39832222 476555083
24863175 1 -16 160 -1331 10201 | 40319 362815 3626190 39832221 476554943
24863517 1 -16 160 -1340 10562 | 40319 362815 3626190 39832230 476555878
24863715 1 -16 160 -1329 10074 | 40319 362815 3626190 39832219 476554782
24865137 1 -16 159 -1304 9851 | 40319 362815 3626191 39832315 476560117
24865173 1 -16 159 -1302 9737 | 40319 362815 3626191 39832313 476559943
24865317 1 -16 159 -1307 9928 | 40319 362815 3626191 39832318 476560472
24865713 1 -16 158 -1288 9880 | 40319 362815 3626192 39832420 476566496
24867135 1 -16 158 -1278 9461 | 40319 362815 3626192 39832410 476565475
24867153 1 -16 158 -1274 9323 | 40319 362815 3626192 39832406 476565037
24867315 1 -16 158 -1270 9137 | 40319 362815 3626192 39832402 476564647
24867513 1 -16 157 -1255 9240 | 40319 362815 3626193 39832508 476571096
24871356 1 -16 158 -1271 9192 | 40319 362815 3626192 39832403 476564736
24871365 1 -16 158 -1270 9169 | 40319 362815 3626192 39832402 476564615
24871536 1 -16 159 -1302 9777 | 40319 362815 3626191 39832313 476559903
24871563 1 -16 158 -1269 9164 | 40319 362815 3626192 39832401 476564476
24871635 1 -16 159 -1305 9903 | 40319 362815 3626191 39832316 476560209
24871653 1 -16 158 -1273 9243 | 40319 362815 3626192 39832405 476564973
24873156 1 -16 158 -1268 9119 | 40319 362815 3626192 39832400 476564377
24873165 1 -16 158 -1268 9109 | 40319 362815 3626192 39832400 476564387
24873516 1 -16 159 -1299 9594 | 40319 362815 3626191 39832310 476559654
24873615 1 -16 159 -1299 9557 | 40319 362815 3626191 39832310 476559691
24875136 1 -16 159 -1303 9757 | 40319 362815 3626191 39832314 476560067
24875163 1 -16 159 -1307 9922 | 40319 362815 3626191 39832318 476560478
24875316 1 -16 159 -1307 9940 | 40319 362815 3626191 39832318 476560460
24875613 1 -16 157 -1253 9145 | 40319 362815 3626193 39832506 476570903
24876135 1 -16 158 -1279 9505 | 40319 362815 3626192 39832411 476565575
24876153 1 -16 158 -1281 9614 | 40319 362815 3626192 39832413 476565754
24876315 1 -16 158 -1275 9373 | 40319 362815 3626192 39832407 476565131
24876513 1 -16 156 -1223 8623 | 40319 362815 3626194 39832597 476575817
25136847 1 -16 160 -1349 10772 | 40319 362815 3626190 39832239 476556964
25136874 1 -16 158 -1278 9413 | 40319 362815 3626192 39832410 476565523
25137846 1 -16 159 -1315 10206 | 40319 362815 3626191 39832326 476561346
25137864 1 -16 158 -1282 9575 | 40319 362815 3626192 39832414 476565937
25138476 1 -16 159 -1314 10110 | 40319 362815 3626191 39832325 476561298
25138647 1 -16 160 -1350 10890 | 40319 362815 3626190 39832240 476556990
25138674 1 -16 158 -1282 9603 | 40319 362815 3626192 39832414 476565909
25138746 1 -16 159 -1315 10227 | 40319 362815 3626191 39832326 476561325
25138764 1 -16 158 -1295 10110 | 40319 362815 3626192 39832427 476567274
25146837 1 -16 160 -1346 10751 | 40319 362815 3626190 39832236 476556553
25146873 1 -16 158 -1282 9614 | 40319 362815 3626192 39832414 476565898
25147836 1 -16 159 -1306 9821 | 40319 362815 3626191 39832317 476560435
25147863 1 -16 158 -1274 9276 | 40319 362815 3626192 39832406 476565084
25148376 1 -16 159 -1321 10423 | 40319 362815 3626191 39832332 476561993
25148637 1 -16 160 -1338 10418 | 40319 362815 3626190 39832228 476555734
25148673 1 -16 158 -1274 9272 | 40319 362815 3626192 39832406 476565088
25148736 1 -16 159 -1303 9661 | 40319 362815 3626191 39832314 476560163
25148763 1 -16 158 -1283 9643 | 40319 362815 3626192 39832415 476566013
25163847 1 -16 160 -1336 10243 | 40319 362815 3626190 39832226 476555621
25163874 1 -16 159 -1303 9680 | 40319 362815 3626191 39832314 476560144
25164837 1 -16 160 -1344 10684 | 40319 362815 3626190 39832234 476556332
25164873 1 -16 159 -1311 10074 | 40319 362815 3626191 39832322 476560902
25167834 1 -16 157 -1248 8941 | 40319 362815 3626193 39832501 476570387
25167843 1 -16 157 -1248 8951 | 40319 362815 3626193 39832501 476570377
25168347 1 -16 159 -1300 9617 | 40319 362815 3626191 39832311 476559775
25168374 1 -16 160 -1338 10493 | 40319 362815 3626190 39832228 476555659
25168437 1 -16 159 -1298 9543 | 40319 362815 3626191 39832309 476559561
25168473 1 -16 160 -1342 10653 | 40319 362815 3626190 39832232 476556075
25168734 1 -16 157 -1241 8688 | 40319 362815 3626193 39832494 476569632
25168743 1 -16 157 -1241 8683 | 40319 362815 3626193 39832494 476569637
25173486 1 -16 159 -1295 9237 | 40319 362815 3626191 39832306 476559435
25173684 1 -16 160 -1331 10111 | 40319 362815 3626190 39832221 476555033
25173846 1 -16 160 -1345 10780 | 40319 362815 3626190 39832235 476556380
25173864 1 -16 160 -1336 10355 | 40319 362815 3626190 39832226 476555509
25174386 1 -16 159 -1299 9476 | 40319 362815 3626191 39832310 476559772
25174683 1 -16 160 -1345 10754 | 40319 362815 3626190 39832235 476556406
25174836 1 -16 160 -1332 10172 | 40319 362815 3626190 39832222 476555116
25174863 1 -16 160 -1342 10601 | 40319 362815 3626190 39832232 476556127
25176384 1 -16 159 -1300 9614 | 40319 362815 3626191 39832311 476559778
25176483 1 -16 159 -1306 9880 | 40319 362815 3626191 39832317 476560376
25176834 1 -16 157 -1241 8692 | 40319 362815 3626193 39832494 476569628
25176843 1 -16 157 -1241 8683 | 40319 362815 3626193 39832494 476569637
25178346 1 -16 158 -1272 9181 | 40319 362815 3626192 39832404 476564891
25178364 1 -16 159 -1304 9849 | 40319 362815 3626191 39832315 476560119
25178436 1 -16 158 -1266 8973 | 40319 362815 3626192 39832398 476564235
25178463 1 -16 159 -1310 10042 | 40319 362815 3626191 39832321 476560790
25178634 1 -16 157 -1241 8704 | 40319 362815 3626193 39832494 476569616
25178643 1 -16 157 -1241 8682 | 40319 362815 3626193 39832494 476569638
25183476 1 -16 158 -1266 8890 | 40319 362815 3626192 39832398 476564318
25183647 1 -16 160 -1340 10551 | 40319 362815 3626190 39832230 476555889
25183674 1 -16 159 -1298 9545 | 40319 362815 3626191 39832309 476559559
25183746 1 -16 160 -1336 10369 | 40319 362815 3626190 39832226 476555495
25183764 1 -16 159 -1305 9791 | 40319 362815 3626191 39832316 476560321
25184376 1 -16 158 -1270 9091 | 40319 362815 3626192 39832402 476564693
25184637 1 -16 160 -1334 10298 | 40319 362815 3626190 39832224 476555278
25184673 1 -16 159 -1303 9721 | 40319 362815 3626191 39832314 476560103
25184736 1 -16 160 -1340 10532 | 40319 362815 3626190 39832230 476555908
25184763 1 -16 159 -1300 9566 | 40319 362815 3626191 39832311 476559826
25186347 1 -16 159 -1298 9534 | 40319 362815 3626191 39832309 476559570
25186374 1 -16 160 -1338 10484 | 40319 362815 3626190 39832228 476555668
25186437 1 -16 159 -1302 9731 | 40319 362815 3626191 39832313 476559949
25186473 1 -16 160 -1340 10590 | 40319 362815 3626190 39832230 476555850
25186734 1 -16 157 -1241 8675 | 40319 362815 3626193 39832494 476569645
25186743 1 -16 157 -1241 8683 | 40319 362815 3626193 39832494 476569637
25187346 1 -16 158 -1270 9127 | 40319 362815 3626192 39832402 476564657
25187364 1 -16 159 -1304 9840 | 40319 362815 3626191 39832315 476560128
25187436 1 -16 158 -1266 8990 | 40319 362815 3626192 39832398 476564218
25187463 1 -16 159 -1308 9957 | 40319 362815 3626191 39832319 476560587
25187634 1 -16 157 -1245 8836 | 40319 362815 3626193 39832498 476570060
25187643 1 -16 157 -1247 8880 | 40319 362815 3626193 39832500 476570304
25316874 1 -16 158 -1280 9554 | 40319 362815 3626192 39832412 476565670
25317846 1 -16 159 -1316 10307 | 40319 362815 3626191 39832327 476561389
25317864 1 -16 158 -1284 9708 | 40319 362815 3626192 39832416 476566092
25318476 1 -16 159 -1312 10069 | 40319 362815 3626191 39832323 476561051
25318647 1 -16 160 -1353 11088 | 40319 362815 3626190 39832243 476557224
25318674 1 -16 158 -1284 9736 | 40319 362815 3626192 39832416 476566064
25318746 1 -16 159 -1316 10310 | 40319 362815 3626191 39832327 476561386
25318764 1 -16 158 -1294 10083 | 40319 362815 3626192 39832426 476567157
25346817 1 -16 158 -1296 10278 | 40319 362815 3626192 39832428 476567250
25347816 1 -16 157 -1248 9029 | 40319 362815 3626193 39832501 476570299
25348176 1 -16 157 -1248 8950 | 40319 362815 3626193 39832501 476570378
25348617 1 -16 158 -1284 9753 | 40319 362815 3626192 39832416 476566047
25348716 1 -16 157 -1248 9007 | 40319 362815 3626193 39832501 476570321
25361874 1 -16 159 -1310 10088 | 40319 362815 3626191 39832321 476560744
25364817 1 -16 158 -1286 9764 | 40319 362815 3626192 39832418 476566324
25367814 1 -16 158 -1283 9664 | 40319 362815 3626192 39832415 476565992
25368147 1 -16 160 -1338 10491 | 40319 362815 3626190 39832228 476555661
25368174 1 -16 160 -1344 10820 | 40319 362815 3626190 39832234 476556196
25368417 1 -16 160 -1342 10616 | 40319 362815 3626190 39832232 476556112
25368714 1 -16 158 -1280 9587 | 40319 362815 3626192 39832412 476565637
25371684 1 -16 160 -1337 10393 | 40319 362815 3626190 39832227 476555615
25371846 1 -16 160 -1336 10361 | 40319 362815 3626190 39832226 476555503
25371864 1 -16 160 -1342 10679 | 40319 362815 3626190 39832232 476556049
25374816 1 -16 160 -1345 10780 | 40319 362815 3626190 39832235 476556380
25376184 1 -16 159 -1310 10102 | 40319 362815 3626191 39832321 476560730
25376814 1 -16 158 -1282 9652 | 40319 362815 3626192 39832414 476565860
25378146 1 -16 159 -1303 9792 | 40319 362815 3626191 39832314 476560032
25378164 1 -16 159 -1306 9928 | 40319 362815 3626191 39832317 476560328
25378416 1 -16 159 -1297 9466 | 40319 362815 3626191 39832308 476559494
25378614 1 -16 158 -1272 9210 | 40319 362815 3626192 39832404 476564862
25381476 1 -16 159 -1300 9620 | 40319 362815 3626191 39832311 476559772
25381647 1 -16 160 -1337 10421 | 40319 362815 3626190 39832227 476555587
25381674 1 -16 159 -1304 9855 | 40319 362815 3626191 39832315 476560113
25381746 1 -16 160 -1340 10603 | 40319 362815 3626190 39832230 476555837
25381764 1 -16 159 -1315 10246 | 40319 362815 3626191 39832326 476561306
25384176 1 -16 159 -1304 9785 | 40319 362815 3626191 39832315 476560183
25384617 1 -16 160 -1342 10650 | 40319 362815 3626190 39832232 476556078
25384716 1 -16 160 -1342 10659 | 40319 362815 3626190 39832232 476556069
25386147 1 -16 160 -1331 10177 | 40319 362815 3626190 39832221 476554967
25386174 1 -16 160 -1337 10475 | 40319 362815 3626190 39832227 476555533
25386417 1 -16 160 -1342 10612 | 40319 362815 3626190 39832232 476556116
25386714 1 -16 158 -1272 9223 | 40319 362815 3626192 39832404 476564849
25387146 1 -16 159 -1302 9785 | 40319 362815 3626191 39832313 476559895
25387164 1 -16 159 -1308 9990 | 40319 362815 3626191 39832319 476560554
25387416 1 -16 159 -1299 9582 | 40319 362815 3626191 39832310 476559666
25387614 1 -16 158 -1282 9626 | 40319 362815 3626192 39832414 476565886
25416837 1 -16 159 -1305 9859 | 40319 362815 3626191 39832316 476560253
25416873 1 -16 157 -1241 8697 | 40319 362815 3626193 39832494 476569623
25417836 1 -16 158 -1266 8973 | 40319 362815 3626192 39832398 476564235
25417863 1 -16 157 -1238 8554 | 40319 362815 3626193 39832491 476569334
25418376 1 -16 158 -1268 8942 | 40319 362815 3626192 39832400 476564554
25418637 1 -16 159 -1302 9730 | 40319 362815 3626191 39832313 476559950
25418673 1 -16 157 -1238 8562 | 40319 362815 3626193 39832491 476569326
25418736 1 -16 158 -1267 9008 | 40319 362815 3626192 39832399 476564344
25418763 1 -16 157 -1243 8709 | 40319 362815 3626193 39832496 476569899
25436817 1 -16 156 -1225 8744 | 40319 362815 3626194 39832599 476575984
25437816 1 -16 156 -1216 8363 | 40319 362815 3626194 39832590 476575069
25438176 1 -16 156 -1220 8490 | 40319 362815 3626194 39832594 476575518
25438617 1 -16 157 -1256 9306 | 40319 362815 3626193 39832509 476571174
25438716 1 -16 156 -1218 8431 | 40319 362815 3626194 39832592 476575289
25461837 1 -16 158 -1268 9060 | 40319 362815 3626192 39832400 476564436
25461873 1 -16 157 -1240 8652 | 40319 362815 3626193 39832493 476569524
25463817 1 -16 158 -1284 9701 | 40319 362815 3626192 39832416 476566099
25467813 1 -16 156 -1224 8651 | 40319 362815 3626194 39832598 476575933
25468137 1 -16 158 -1272 9268 | 40319 362815 3626192 39832404 476564804
25468173 1 -16 158 -1276 9435 | 40319 362815 3626192 39832408 476565213
25468317 1 -16 158 -1272 9252 | 40319 362815 3626192 39832404 476564820
25468713 1 -16 156 -1220 8522 | 40319 362815 3626194 39832594 476575486
25471836 1 -16 159 -1300 9659 | 40319 362815 3626191 39832311 476559733
25471863 1 -16 159 -1305 9918 | 40319 362815 3626191 39832316 476560194
25473816 1 -16 159 -1302 9688 | 40319 362815 3626191 39832313 476559992
25476183 1 -16 157 -1248 8972 | 40319 362815 3626193 39832501 476570356
25476813 1 -16 156 -1225 8714 | 40319 362815 3626194 39832599 476576014
25478136 1 -16 158 -1271 9197 | 40319 362815 3626192 39832403 476564731
25478163 1 -16 158 -1269 9116 | 40319 362815 3626192 39832401 476564524
25478316 1 -16 158 -1269 9116 | 40319 362815 3626192 39832401 476564524
25478613 1 -16 157 -1252 9110 | 40319 362815 3626193 39832505 476570794
25481376 1 -16 158 -1268 9026 | 40319 362815 3626192 39832400 476564470
25481637 1 -16 159 -1293 9392 | 40319 362815 3626191 39832304 476558992
25481673 1 -16 158 -1266 9034 | 40319 362815 3626192 39832398 476564174
25481736 1 -16 159 -1298 9583 | 40319 362815 3626191 39832309 476559521
25481763 1 -16 158 -1271 9192 | 40319 362815 3626192 39832403 476564736
25483176 1 -16 158 -1273 9259 | 40319 362815 3626192 39832405 476564957
25483617 1 -16 159 -1307 9915 | 40319 362815 3626191 39832318 476560485
25483716 1 -16 159 -1313 10171 | 40319 362815 3626191 39832324 476561093
25486137 1 -16 159 -1304 9860 | 40319 362815 3626191 39832315 476560108
25486173 1 -16 159 -1308 10004 | 40319 362815 3626191 39832319 476560540
25486317 1 -16 159 -1305 9864 | 40319 362815 3626191 39832316 476560248
25486713 1 -16 157 -1252 9113 | 40319 362815 3626193 39832505 476570791
25487136 1 -16 158 -1271 9205 | 40319 362815 3626192 39832403 476564723
25487163 1 -16 158 -1271 9179 | 40319 362815 3626192 39832403 476564749
25487316 1 -16 158 -1269 9114 | 40319 362815 3626192 39832401 476564526
25487613 1 -16 156 -1220 8516 | 40319 362815 3626194 39832594 476575492
25613874 1 -16 158 -1265 8902 | 40319 362815 3626192 39832397 476564162
25614837 1 -16 159 -1300 9614 | 40319 362815 3626191 39832311 476559778
25614873 1 -16 158 -1265 8937 | 40319 362815 3626192 39832397 476564127
25617834 1 -16 157 -1237 8454 | 40319 362815 3626193 39832490 476569290
25617843 1 -16 157 -1237 8475 | 40319 362815 3626193 39832490 476569269
25618347 1 -16 158 -1260 8672 | 40319 362815 3626192 39832392 476563672
25618374 1 -16 159 -1294 9420 | 40319 362815 3626191 39832305 476559108
25618437 1 -16 158 -1260 8756 | 40319 362815 3626192 39832392 476563588
25618473 1 -16 159 -1294 9374 | 40319 362815 3626191 39832305 476559154
25618734 1 -16 157 -1235 8437 | 40319 362815 3626193 39832488 476569019
25618743 1 -16 157 -1235 8443 | 40319 362815 3626193 39832488 476569013
25631874 1 -16 158 -1267 8996 | 40319 362815 3626192 39832399 476564356
25634817 1 -16 157 -1246 8857 | 40319 362815 3626193 39832499 476570183
25637814 1 -16 158 -1266 8940 | 40319 362815 3626192 39832398 476564268
25638147 1 -16 159 -1290 9219 | 40319 362815 3626191 39832301 476558733
25638174 1 -16 159 -1295 9445 | 40319 362815 3626191 39832306 476559227
25638417 1 -16 159 -1299 9562 | 40319 362815 3626191 39832310 476559686
25638714 1 -16 158 -1265 8927 | 40319 362815 3626192 39832397 476564137
25641837 1 -16 158 -1264 8928 | 40319 362815 3626192 39832396 476563992
25641873 1 -16 157 -1232 8330 | 40319 362815 3626193 39832485 476568694
25643817 1 -16 157 -1247 8896 | 40319 362815 3626193 39832500 476570288
25647813 1 -16 157 -1249 8968 | 40319 362815 3626193 39832502 476570504
25648137 1 -16 158 -1264 8914 | 40319 362815 3626192 39832396 476564006
25648173 1 -16 158 -1264 8903 | 40319 362815 3626192 39832396 476564017
25648317 1 -16 158 -1268 9077 | 40319 362815 3626192 39832400 476564419
25648713 1 -16 157 -1248 8960 | 40319 362815 3626193 39832501 476570368
25671384 1 -16 158 -1275 9379 | 40319 362815 3626192 39832407 476565125
25671483 1 -16 158 -1273 9298 | 40319 362815 3626192 39832405 476564918
25671834 1 -16 157 -1250 9046 | 40319 362815 3626193 39832503 476570570
25671843 1 -16 157 -1247 8918 | 40319 362815 3626193 39832500 476570266
25673814 1 -16 158 -1273 9245 | 40319 362815 3626192 39832405 476564971
25674183 1 -16 157 -1237 8521 | 40319 362815 3626193 39832490 476569223
25674813 1 -16 157 -1247 8860 | 40319 362815 3626193 39832500 476570324
25678134 1 -16 156 -1225 8685 | 40319 362815 3626194 39832599 476576043
25678143 1 -16 156 -1222 8555 | 40319 362815 3626194 39832596 476575741
25678314 1 -16 157 -1259 9373 | 40319 362815 3626193 39832512 476571539
25678413 1 -16 156 -1226 8729 | 40319 362815 3626194 39832600 476576143
25681347 1 -16 158 -1266 8956 | 40319 362815 3626192 39832398 476564252
25681374 1 -16 159 -1297 9585 | 40319 362815 3626191 39832308 476559375
25681437 1 -16 158 -1266 9023 | 40319 362815 3626192 39832398 476564185
25681473 1 -16 159 -1293 9361 | 40319 362815 3626191 39832304 476559023
25681734 1 -16 158 -1270 9172 | 40319 362815 3626192 39832402 476564612
25681743 1 -16 158 -1270 9186 | 40319 362815 3626192 39832402 476564598
25683147 1 -16 159 -1301 9716 | 40319 362815 3626191 39832312 476559820
25683174 1 -16 159 -1293 9412 | 40319 362815 3626191 39832304 476558972
25683417 1 -16 158 -1271 9207 | 40319 362815 3626192 39832403 476564721
25683714 1 -16 159 -1297 9494 | 40319 362815 3626191 39832308 476559466
25684137 1 -16 159 -1306 9980 | 40319 362815 3626191 39832317 476560276
25684173 1 -16 159 -1294 9408 | 40319 362815 3626191 39832305 476559120
25684317 1 -16 158 -1271 9213 | 40319 362815 3626192 39832403 476564715
25684713 1 -16 159 -1320 10508 | 40319 362815 3626191 39832331 476561764
25687134 1 -16 156 -1213 8238 | 40319 362815 3626194 39832587 476574762
25687143 1 -16 156 -1213 8257 | 40319 362815 3626194 39832587 476574743
25687314 1 -16 157 -1248 8981 | 40319 362815 3626193 39832501 476570347
25687413 1 -16 157 -1255 9244 | 40319 362815 3626193 39832508 476571092
25713486 1 -16 159 -1299 9529 | 40319 362815 3626191 39832310 476559719
25713684 1 -16 160 -1329 10092 | 40319 362815 3626190 39832219 476554764
25713846 1 -16 160 -1334 10326 | 40319 362815 3626190 39832224 476555250
25713864 1 -16 160 -1331 10193 | 40319 362815 3626190 39832221 476554951
25714386 1 -16 159 -1301 9659 | 40319 362815 3626191 39832312 476559877
25714683 1 -16 160 -1335 10344 | 40319 362815 3626190 39832225 476555376
25714836 1 -16 160 -1325 9911 | 40319 362815 3626190 39832215 476554369
25714863 1 -16 160 -1325 9897 | 40319 362815 3626190 39832215 476554383
25716384 1 -16 160 -1330 10161 | 40319 362815 3626190 39832220 476554839
25716483 1 -16 160 -1334 10351 | 40319 362815 3626190 39832224 476555225
25716834 1 -16 159 -1307 9975 | 40319 362815 3626191 39832318 476560425
25716843 1 -16 159 -1307 9981 | 40319 362815 3626191 39832318 476560419
25718346 1 -16 159 -1309 10030 | 40319 362815 3626191 39832320 476560658
25718364 1 -16 160 -1335 10387 | 40319 362815 3626190 39832225 476555333
25718436 1 -16 159 -1300 9669 | 40319 362815 3626191 39832311 476559723
25718463 1 -16 160 -1341 10632 | 40319 362815 3626190 39832231 476555952
25718634 1 -16 159 -1305 9893 | 40319 362815 3626191 39832316 476560219
25718643 1 -16 159 -1305 9874 | 40319 362815 3626191 39832316 476560238
25731486 1 -16 160 -1334 10272 | 40319 362815 3626190 39832224 476555304
25731684 1 -16 160 -1326 10002 | 40319 362815 3626190 39832216 476554422
25731846 1 -16 160 -1331 10197 | 40319 362815 3626190 39832221 476554947
25731864 1 -16 160 -1332 10255 | 40319 362815 3626190 39832222 476555033
25734186 1 -16 159 -1305 9840 | 40319 362815 3626191 39832316 476560272
25734816 1 -16 159 -1298 9548 | 40319 362815 3626191 39832309 476559556
25736184 1 -16 160 -1332 10222 | 40319 362815 3626190 39832222 476555066
25736814 1 -16 160 -1340 10532 | 40319 362815 3626190 39832230 476555908
25738146 1 -16 160 -1330 10154 | 40319 362815 3626190 39832220 476554846
25738164 1 -16 160 -1328 10062 | 40319 362815 3626190 39832218 476554650
25738416 1 -16 160 -1334 10305 | 40319 362815 3626190 39832224 476555271
25738614 1 -16 160 -1332 10183 | 40319 362815 3626190 39832222 476555105
25741386 1 -16 160 -1340 10575 | 40319 362815 3626190 39832230 476555865
25741683 1 -16 160 -1334 10357 | 40319 362815 3626190 39832224 476555219
25741836 1 -16 160 -1325 9967 | 40319 362815 3626190 39832215 476554313
25741863 1 -16 160 -1332 10259 | 40319 362815 3626190 39832222 476555029
25743186 1 -16 159 -1309 10029 | 40319 362815 3626191 39832320 476560659
25743816 1 -16 159 -1302 9735 | 40319 362815 3626191 39832313 476559945
25746183 1 -16 158 -1274 9335 | 40319 362815 3626192 39832406 476565025
25746813 1 -16 158 -1288 9878 | 40319 362815 3626192 39832420 476566498
25748136 1 -16 160 -1334 10341 | 40319 362815 3626190 39832224 476555235
25748163 1 -16 160 -1332 10231 | 40319 362815 3626190 39832222 476555057
25748316 1 -16 160 -1338 10516 | 40319 362815 3626190 39832228 476555636
25748613 1 -16 159 -1320 10470 | 40319 362815 3626191 39832331 476561802
25761384 1 -16 158 -1268 9162 | 40319 362815 3626192 39832400 476564334
25761483 1 -16 158 -1264 8929 | 40319 362815 3626192 39832396 476563991
25761834 1 -16 157 -1237 8517 | 40319 362815 3626193 39832490 476569227
25761843 1 -16 157 -1237 8540 | 40319 362815 3626193 39832490 476569204
25763184 1 -16 158 -1264 8933 | 40319 362815 3626192 39832396 476563987
25763814 1 -16 158 -1264 8892 | 40319 362815 3626192 39832396 476564028
25764183 1 -16 158 -1272 9270 | 40319 362815 3626192 39832404 476564802
25764813 1 -16 158 -1284 9724 | 40319 362815 3626192 39832416 476566076
25768134 1 -16 156 -1214 8254 | 40319 362815 3626194 39832588 476574890
25768143 1 -16 156 -1214 8280 | 40319 362815 3626194 39832588 476574864
25768314 1 -16 157 -1249 9002 | 40319 362815 3626193 39832502 476570470
25768413 1 -16 157 -1257 9328 | 40319 362815 3626193 39832510 476571296
25781346 1 -16 158 -1279 9500 | 40319 362815 3626192 39832411 476565580
25781364 1 -16 159 -1307 9966 | 40319 362815 3626191 39832318 476560434
25781436 1 -16 158 -1272 9213 | 40319 362815 3626192 39832404 476564859
25781463 1 -16 159 -1307 9930 | 40319 362815 3626191 39832318 476560470
25781634 1 -16 158 -1269 9090 | 40319 362815 3626192 39832401 476564550
25781643 1 -16 158 -1269 9078 | 40319 362815 3626192 39832401 476564562
25783146 1 -16 159 -1312 10172 | 40319 362815 3626191 39832323 476560948
25783164 1 -16 159 -1301 9703 | 40319 362815 3626191 39832312 476559833
25783416 1 -16 158 -1272 9211 | 40319 362815 3626192 39832404 476564861
25783614 1 -16 159 -1297 9395 | 40319 362815 3626191 39832308 476559565
25784136 1 -16 159 -1307 9962 | 40319 362815 3626191 39832318 476560438
25784163 1 -16 159 -1301 9626 | 40319 362815 3626191 39832312 476559910
25784316 1 -16 158 -1270 9114 | 40319 362815 3626192 39832402 476564670
25784613 1 -16 158 -1283 9610 | 40319 362815 3626192 39832415 476566046
25786134 1 -16 157 -1249 9010 | 40319 362815 3626193 39832502 476570462
25786143 1 -16 157 -1249 9032 | 40319 362815 3626193 39832502 476570440
25786314 1 -16 158 -1284 9745 | 40319 362815 3626192 39832416 476566055
25786413 1 -16 158 -1292 10059 | 40319 362815 3626192 39832424 476566893
25813476 1 -16 158 -1266 8935 | 40319 362815 3626192 39832398 476564273
25813674 1 -16 159 -1295 9440 | 40319 362815 3626191 39832306 476559232
25813746 1 -16 160 -1332 10246 | 40319 362815 3626190 39832222 476555042
25813764 1 -16 159 -1302 9717 | 40319 362815 3626191 39832313 476559963
25814376 1 -16 158 -1270 9112 | 40319 362815 3626192 39832402 476564672
25814637 1 -16 160 -1328 10063 | 40319 362815 3626190 39832218 476554649
25814673 1 -16 159 -1294 9376 | 40319 362815 3626191 39832305 476559152
25814736 1 -16 160 -1332 10191 | 40319 362815 3626190 39832222 476555097
25814763 1 -16 159 -1293 9314 | 40319 362815 3626191 39832304 476559070
25816374 1 -16 160 -1326 9968 | 40319 362815 3626190 39832216 476554456
25816437 1 -16 159 -1294 9403 | 40319 362815 3626191 39832305 476559125
25816473 1 -16 160 -1328 10089 | 40319 362815 3626190 39832218 476554623
25816734 1 -16 158 -1266 8976 | 40319 362815 3626192 39832398 476564232
25816743 1 -16 158 -1266 8996 | 40319 362815 3626192 39832398 476564212
25817346 1 -16 159 -1298 9576 | 40319 362815 3626191 39832309 476559528
25817364 1 -16 160 -1332 10241 | 40319 362815 3626190 39832222 476555047
25817436 1 -16 159 -1294 9424 | 40319 362815 3626191 39832305 476559104
25817463 1 -16 160 -1336 10397 | 40319 362815 3626190 39832226 476555467
25817634 1 -16 158 -1270 9169 | 40319 362815 3626192 39832402 476564615
25817643 1 -16 158 -1271 9164 | 40319 362815 3626192 39832403 476564764
25831476 1 -16 159 -1301 9683 | 40319 362815 3626191 39832312 476559853
25831674 1 -16 159 -1293 9430 | 40319 362815 3626191 39832304 476558954
25831746 1 -16 160 -1328 10112 | 40319 362815 3626190 39832218 476554600
25831764 1 -16 159 -1296 9445 | 40319 362815 3626191 39832307 476559371
25834176 1 -16 158 -1266 8988 | 40319 362815 3626192 39832398 476564220
25834617 1 -16 159 -1299 9573 | 40319 362815 3626191 39832310 476559675
25834716 1 -16 159 -1296 9456 | 40319 362815 3626191 39832307 476559360
25836147 1 -16 160 -1317 9397 | 40319 362815 3626190 39832207 476553731
25836174 1 -16 160 -1319 9645 | 40319 362815 3626190 39832209 476553771
25836417 1 -16 160 -1334 10271 | 40319 362815 3626190 39832224 476555305
25836714 1 -16 159 -1290 9139 | 40319 362815 3626191 39832301 476558813
25837146 1 -16 160 -1322 9774 | 40319 362815 3626190 39832212 476554074
25837164 1 -16 160 -1338 10483 | 40319 362815 3626190 39832228 476555669
25837416 1 -16 160 -1324 9846 | 40319 362815 3626190 39832214 476554290
25837614 1 -16 159 -1299 9540 | 40319 362815 3626191 39832310 476559708
25841376 1 -16 159 -1301 9654 | 40319 362815 3626191 39832312 476559882
25841637 1 -16 160 -1322 9808 | 40319 362815 3626190 39832212 476554040
25841673 1 -16 159 -1289 9212 | 40319 362815 3626191 39832300 476558596
25841736 1 -16 160 -1325 9940 | 40319 362815 3626190 39832215 476554340
25841763 1 -16 159 -1292 9337 | 40319 362815 3626191 39832303 476558903
25843176 1 -16 158 -1270 9128 | 40319 362815 3626192 39832402 476564656
25843617 1 -16 159 -1303 9786 | 40319 362815 3626191 39832314 476560038
25843716 1 -16 159 -1298 9500 | 40319 362815 3626191 39832309 476559604
25846137 1 -16 160 -1335 10380 | 40319 362815 3626190 39832225 476555340
25846173 1 -16 160 -1335 10358 | 40319 362815 3626190 39832225 476555362
25846317 1 -16 160 -1342 10655 | 40319 362815 3626190 39832232 476556073
25846713 1 -16 159 -1321 10513 | 40319 362815 3626191 39832332 476561903
25847136 1 -16 160 -1334 10303 | 40319 362815 3626190 39832224 476555273
25847163 1 -16 160 -1335 10345 | 40319 362815 3626190 39832225 476555375
25847316 1 -16 160 -1338 10464 | 40319 362815 3626190 39832228 476555688
25847613 1 -16 158 -1281 9580 | 40319 362815 3626192 39832413 476565788
25861374 1 -16 160 -1332 10314 | 40319 362815 3626190 39832222 476554974
25861437 1 -16 159 -1301 9750 | 40319 362815 3626191 39832312 476559786
25861473 1 -16 160 -1328 10098 | 40319 362815 3626190 39832218 476554614
25861734 1 -16 159 -1305 9855 | 40319 362815 3626191 39832316 476560257
25861743 1 -16 159 -1305 9895 | 40319 362815 3626191 39832316 476560217
25863147 1 -16 160 -1336 10452 | 40319 362815 3626190 39832226 476555412
25863174 1 -16 160 -1329 10146 | 40319 362815 3626190 39832219 476554710
25863417 1 -16 159 -1309 10079 | 40319 362815 3626191 39832320 476560609
25863714 1 -16 160 -1333 10264 | 40319 362815 3626190 39832223 476555168
25864137 1 -16 160 -1344 10826 | 40319 362815 3626190 39832234 476556190
25864173 1 -16 160 -1332 10279 | 40319 362815 3626190 39832222 476555009
25864317 1 -16 159 -1309 10028 | 40319 362815 3626191 39832320 476560660
25864713 1 -16 160 -1356 11283 | 40319 362815 3626190 39832246 476557461
25867134 1 -16 157 -1249 9012 | 40319 362815 3626193 39832502 476570460
25867143 1 -16 157 -1249 9038 | 40319 362815 3626193 39832502 476570434
25867314 1 -16 158 -1284 9751 | 40319 362815 3626192 39832416 476566049
25867413 1 -16 158 -1292 10063 | 40319 362815 3626192 39832424 476566889
25871346 1 -16 158 -1269 9074 | 40319 362815 3626192 39832401 476564566
25871364 1 -16 159 -1304 9883 | 40319 362815 3626191 39832315 476560085
25871436 1 -16 158 -1269 9161 | 40319 362815 3626192 39832401 476564479
25871463 1 -16 159 -1300 9657 | 40319 362815 3626191 39832311 476559735
25871634 1 -16 158 -1271 9236 | 40319 362815 3626192 39832403 476564692
25871643 1 -16 158 -1271 9205 | 40319 362815 3626192 39832403 476564723
25873146 1 -16 159 -1304 9860 | 40319 362815 3626191 39832315 476560108
25873164 1 -16 159 -1297 9560 | 40319 362815 3626191 39832308 476559400
25873416 1 -16 158 -1266 9011 | 40319 362815 3626192 39832398 476564197
25873614 1 -16 159 -1296 9363 | 40319 362815 3626191 39832307 476559453
25874136 1 -16 159 -1301 9714 | 40319 362815 3626191 39832312 476559822
25874163 1 -16 159 -1291 9177 | 40319 362815 3626191 39832302 476558919
25874316 1 -16 158 -1266 8989 | 40319 362815 3626192 39832398 476564219
25874613 1 -16 159 -1321 10515 | 40319 362815 3626191 39832332 476561901
25876134 1 -16 156 -1213 8272 | 40319 362815 3626194 39832587 476574728
25876143 1 -16 156 -1213 8278 | 40319 362815 3626194 39832587 476574722
25876314 1 -16 157 -1248 8990 | 40319 362815 3626193 39832501 476570338
25876413 1 -16 157 -1253 9126 | 40319 362815 3626193 39832506 476570922
26134875 1 -16 158 -1277 9349 | 40319 362815 3626192 39832409 476565443
26135874 1 -16 159 -1305 9779 | 40319 362815 3626191 39832316 476560333
26137845 1 -16 158 -1273 9243 | 40319 362815 3626192 39832405 476564973
26137854 1 -16 158 -1273 9290 | 40319 362815 3626192 39832405 476564926
26138475 1 -16 160 -1344 10752 | 40319 362815 3626190 39832234 476556264
26138574 1 -16 160 -1346 10835 | 40319 362815 3626190 39832236 476556469
26138745 1 -16 158 -1273 9248 | 40319 362815 3626192 39832405 476564968
26138754 1 -16 158 -1275 9299 | 40319 362815 3626192 39832407 476565205
26143875 1 -16 158 -1282 9534 | 40319 362815 3626192 39832414 476565978
26145837 1 -16 159 -1300 9566 | 40319 362815 3626191 39832311 476559826
26145873 1 -16 158 -1269 9080 | 40319 362815 3626192 39832401 476564560
26147835 1 -16 159 -1297 9456 | 40319 362815 3626191 39832308 476559504
26147853 1 -16 159 -1299 9501 | 40319 362815 3626191 39832310 476559747
26148375 1 -16 160 -1341 10543 | 40319 362815 3626190 39832231 476556041
26148537 1 -16 160 -1330 10081 | 40319 362815 3626190 39832220 476554919
26148573 1 -16 160 -1336 10349 | 40319 362815 3626190 39832226 476555515
26148735 1 -16 159 -1295 9343 | 40319 362815 3626191 39832306 476559329
26148753 1 -16 159 -1311 10051 | 40319 362815 3626191 39832322 476560925
26153874 1 -16 159 -1305 9781 | 40319 362815 3626191 39832316 476560331
26154837 1 -16 159 -1313 10130 | 40319 362815 3626191 39832324 476561134
26154873 1 -16 158 -1275 9313 | 40319 362815 3626192 39832407 476565191
26157834 1 -16 158 -1278 9471 | 40319 362815 3626192 39832410 476565465
26157843 1 -16 158 -1278 9441 | 40319 362815 3626192 39832410 476565495
26158374 1 -16 160 -1332 10163 | 40319 362815 3626190 39832222 476555125
26158437 1 -16 159 -1302 9659 | 40319 362815 3626191 39832313 476560021
26158473 1 -16 160 -1346 10782 | 40319 362815 3626190 39832236 476556522
26158734 1 -16 158 -1274 9313 | 40319 362815 3626192 39832406 476565047
26158743 1 -16 158 -1274 9275 | 40319 362815 3626192 39832406 476565085
26173845 1 -16 159 -1314 10226 | 40319 362815 3626191 39832325 476561182
26173854 1 -16 159 -1302 9660 | 40319 362815 3626191 39832313 476560020
26174835 1 -16 160 -1340 10563 | 40319 362815 3626190 39832230 476555877
26174853 1 -16 160 -1346 10796 | 40319 362815 3626190 39832236 476556508
26175834 1 -16 159 -1312 10170 | 40319 362815 3626191 39832323 476560950
26175843 1 -16 159 -1314 10222 | 40319 362815 3626191 39832325 476561186
26178345 1 -16 157 -1248 8950 | 40319 362815 3626193 39832501 476570378
26178354 1 -16 157 -1241 8718 | 40319 362815 3626193 39832494 476569602
26178435 1 -16 157 -1241 8717 | 40319 362815 3626193 39832494 476569603
26178453 1 -16 157 -1246 8893 | 40319 362815 3626193 39832499 476570147
26178534 1 -16 157 -1246 8915 | 40319 362815 3626193 39832499 476570125
26178543 1 -16 157 -1248 8960 | 40319 362815 3626193 39832501 476570368
26183475 1 -16 159 -1301 9709 | 40319 362815 3626191 39832312 476559827
26183574 1 -16 160 -1336 10353 | 40319 362815 3626190 39832226 476555511
26183745 1 -16 159 -1300 9608 | 40319 362815 3626191 39832311 476559784
26183754 1 -16 159 -1302 9736 | 40319 362815 3626191 39832313 476559944
26184375 1 -16 159 -1301 9684 | 40319 362815 3626191 39832312 476559852
26184537 1 -16 158 -1264 8911 | 40319 362815 3626192 39832396 476564009
26184573 1 -16 159 -1307 9945 | 40319 362815 3626191 39832318 476560455
26184735 1 -16 160 -1341 10624 | 40319 362815 3626190 39832231 476555960
26184753 1 -16 160 -1344 10722 | 40319 362815 3626190 39832234 476556294
26185374 1 -16 160 -1334 10272 | 40319 362815 3626190 39832224 476555304
26185437 1 -16 158 -1272 9249 | 40319 362815 3626192 39832404 476564823
26185473 1 -16 159 -1297 9474 | 40319 362815 3626191 39832308 476559486
26185734 1 -16 159 -1314 10238 | 40319 362815 3626191 39832325 476561170
26185743 1 -16 159 -1316 10289 | 40319 362815 3626191 39832327 476561407
26187345 1 -16 157 -1245 8844 | 40319 362815 3626193 39832498 476570052
26187354 1 -16 157 -1240 8699 | 40319 362815 3626193 39832493 476569477
26187435 1 -16 157 -1240 8698 | 40319 362815 3626193 39832493 476569478
26187453 1 -16 157 -1244 8825 | 40319 362815 3626193 39832497 476569927
26187534 1 -16 157 -1244 8825 | 40319 362815 3626193 39832497 476569927
26187543 1 -16 157 -1247 8901 | 40319 362815 3626193 39832500 476570283
26314875 1 -16 159 -1313 10131 | 40319 362815 3626191 39832324 476561133
26315874 1 -16 159 -1301 9644 | 40319 362815 3626191 39832312 476559892
26317845 1 -16 158 -1273 9278 | 40319 362815 3626192 39832405 476564938
26317854 1 -16 158 -1273 9323 | 40319 362815 3626192 39832405 476564893
26318475 1 -16 160 -1340 10587 | 40319 362815 3626190 39832230 476555853
26318574 1 -16 160 -1344 10769 | 40319 362815 3626190 39832234 476556247
26318745 1 -16 158 -1273 9273 | 40319 362815 3626192 39832405 476564943
26318754 1 -16 158 -1273 9230 | 40319 362815 3626192 39832405 476564986
26341875 1 -16 158 -1274 9230 | 40319 362815 3626192 39832406 476565130
26345817 1 -16 157 -1245 8834 | 40319 362815 3626193 39832498 476570062
26347815 1 -16 158 -1265 8965 | 40319 362815 3626192 39832397 476564099
26348175 1 -16 159 -1300 9652 | 40319 362815 3626191 39832311 476559740
26348517 1 -16 159 -1298 9496 | 40319 362815 3626191 39832309 476559608
26348715 1 -16 158 -1265 8962 | 40319 362815 3626192 39832397 476564102
26351874 1 -16 159 -1302 9749 | 40319 362815 3626191 39832313 476559931
26354817 1 -16 158 -1284 9736 | 40319 362815 3626192 39832416 476566064
26357814 1 -16 159 -1308 9982 | 40319 362815 3626191 39832319 476560562
26358174 1 -16 160 -1332 10296 | 40319 362815 3626190 39832222 476554992
26358417 1 -16 160 -1336 10402 | 40319 362815 3626190 39832226 476555462
26358714 1 -16 159 -1308 10034 | 40319 362815 3626191 39832319 476560510
26371845 1 -16 159 -1299 9599 | 40319 362815 3626191 39832310 476559649
26371854 1 -16 159 -1299 9647 | 40319 362815 3626191 39832310 476559601
26374815 1 -16 160 -1339 10526 | 40319 362815 3626190 39832229 476555770
26375814 1 -16 160 -1342 10645 | 40319 362815 3626190 39832232 476556083
26378145 1 -16 158 -1266 9000 | 40319 362815 3626192 39832398 476564208
26378154 1 -16 158 -1266 9036 | 40319 362815 3626192 39832398 476564172
26378415 1 -16 159 -1297 9489 | 40319 362815 3626191 39832308 476559471
26378514 1 -16 159 -1302 9756 | 40319 362815 3626191 39832313 476559924
26381475 1 -16 160 -1328 10098 | 40319 362815 3626190 39832218 476554614
26381574 1 -16 160 -1328 10098 | 40319 362815 3626190 39832218 476554614
26381745 1 -16 159 -1297 9532 | 40319 362815 3626191 39832308 476559428
26381754 1 -16 159 -1297 9488 | 40319 362815 3626191 39832308 476559472
26384175 1 -16 160 -1326 9979 | 40319 362815 3626190 39832216 476554445
26384517 1 -16 159 -1304 9826 | 40319 362815 3626191 39832315 476560142
26384715 1 -16 160 -1328 10052 | 40319 362815 3626190 39832218 476554660
26385174 1 -16 160 -1318 9561 | 40319 362815 3626190 39832208 476553711
26385417 1 -16 159 -1293 9320 | 40319 362815 3626191 39832304 476559064
26385714 1 -16 160 -1338 10500 | 40319 362815 3626190 39832228 476555652
26387145 1 -16 158 -1265 8985 | 40319 362815 3626192 39832397 476564079
26387154 1 -16 158 -1265 8975 | 40319 362815 3626192 39832397 476564089
26387415 1 -16 159 -1299 9596 | 40319 362815 3626191 39832310 476559652
26387514 1 -16 159 -1302 9730 | 40319 362815 3626191 39832313 476559950
26413875 1 -16 159 -1316 10231 | 40319 362815 3626191 39832327 476561465
26415873 1 -16 159 -1300 9658 | 40319 362815 3626191 39832311 476559734
26417835 1 -16 159 -1296 9496 | 40319 362815 3626191 39832307 476559320
26417853 1 -16 159 -1298 9558 | 40319 362815 3626191 39832309 476559546
26418375 1 -16 160 -1328 10006 | 40319 362815 3626190 39832218 476554706
26418537 1 -16 160 -1325 9894 | 40319 362815 3626190 39832215 476554386
26418573 1 -16 160 -1332 10239 | 40319 362815 3626190 39832222 476555049
26418735 1 -16 159 -1297 9529 | 40319 362815 3626191 39832308 476559431
26418753 1 -16 159 -1305 9818 | 40319 362815 3626191 39832316 476560294
26431875 1 -16 158 -1281 9516 | 40319 362815 3626192 39832413 476565852
26435817 1 -16 158 -1284 9743 | 40319 362815 3626192 39832416 476566057
26437815 1 -16 158 -1271 9187 | 40319 362815 3626192 39832403 476564741
26438175 1 -16 159 -1311 10099 | 40319 362815 3626191 39832322 476560877
26438517 1 -16 159 -1300 9587 | 40319 362815 3626191 39832311 476559805
26438715 1 -16 158 -1273 9253 | 40319 362815 3626192 39832405 476564963
26451873 1 -16 157 -1232 8335 | 40319 362815 3626193 39832485 476568689
26453817 1 -16 157 -1249 8963 | 40319 362815 3626193 39832502 476570509
26457813 1 -16 157 -1249 8961 | 40319 362815 3626193 39832502 476570511
26458137 1 -16 158 -1264 8908 | 40319 362815 3626192 39832396 476564012
26458173 1 -16 158 -1264 8902 | 40319 362815 3626192 39832396 476564018
26458317 1 -16 158 -1268 9086 | 40319 362815 3626192 39832400 476564410
26458713 1 -16 157 -1248 8960 | 40319 362815 3626193 39832501 476570368
26471835 1 -16 160 -1340 10623 | 40319 362815 3626190 39832230 476555817
26471853 1 -16 160 -1334 10339 | 40319 362815 3626190 39832224 476555237
26473815 1 -16 160 -1334 10336 | 40319 362815 3626190 39832224 476555240
26475813 1 -16 158 -1290 9963 | 40319 362815 3626192 39832422 476566701
26478135 1 -16 159 -1309 10037 | 40319 362815 3626191 39832320 476560651
26478153 1 -16 159 -1302 9708 | 40319 362815 3626191 39832313 476559972
26478315 1 -16 159 -1301 9689 | 40319 362815 3626191 39832312 476559847
26478513 1 -16 159 -1320 10456 | 40319 362815 3626191 39832331 476561816
26481375 1 -16 160 -1330 10153 | 40319 362815 3626190 39832220 476554847
26481537 1 -16 160 -1325 9920 | 40319 362815 3626190 39832215 476554360
26481573 1 -16 160 -1326 10006 | 40319 362815 3626190 39832216 476554418
26481735 1 -16 160 -1329 10083 | 40319 362815 3626190 39832219 476554773
26481753 1 -16 160 -1339 10561 | 40319 362815 3626190 39832229 476555735
26483175 1 -16 160 -1332 10267 | 40319 362815 3626190 39832222 476555021
26483517 1 -16 160 -1332 10190 | 40319 362815 3626190 39832222 476555098
26483715 1 -16 160 -1337 10439 | 40319 362815 3626190 39832227 476555569
26485137 1 -16 160 -1334 10304 | 40319 362815 3626190 39832224 476555272
26485173 1 -16 160 -1336 10417 | 40319 362815 3626190 39832226 476555447
26485317 1 -16 160 -1344 10758 | 40319 362815 3626190 39832234 476556258
26485713 1 -16 159 -1319 10417 | 40319 362815 3626191 39832330 476561711
26487135 1 -16 159 -1308 9992 | 40319 362815 3626191 39832319 476560552
26487153 1 -16 159 -1304 9792 | 40319 362815 3626191 39832315 476560176
26487315 1 -16 159 -1301 9687 | 40319 362815 3626191 39832312 476559849
26487513 1 -16 158 -1281 9527 | 40319 362815 3626192 39832413 476565841
26513874 1 -16 158 -1263 8802 | 40319 362815 3626192 39832395 476563974
26514873 1 -16 158 -1267 9000 | 40319 362815 3626192 39832399 476564352
26517834 1 -16 157 -1235 8479 | 40319 362815 3626193 39832488 476568977
26517843 1 -16 157 -1235 8478 | 40319 362815 3626193 39832488 476568978
26518374 1 -16 159 -1294 9467 | 40319 362815 3626191 39832305 476559061
26518437 1 -16 158 -1260 8771 | 40319 362815 3626192 39832392 476563573
26518473 1 -16 159 -1296 9492 | 40319 362815 3626191 39832307 476559324
26518734 1 -16 157 -1235 8455 | 40319 362815 3626193 39832488 476569001
26518743 1 -16 157 -1235 8460 | 40319 362815 3626193 39832488 476568996
26531874 1 -16 158 -1270 9117 | 40319 362815 3626192 39832402 476564667
26534817 1 -16 157 -1247 8915 | 40319 362815 3626193 39832500 476570269
26537814 1 -16 158 -1271 9207 | 40319 362815 3626192 39832403 476564721
26538174 1 -16 159 -1298 9534 | 40319 362815 3626191 39832309 476559570
26538417 1 -16 159 -1301 9669 | 40319 362815 3626191 39832312 476559867
26538714 1 -16 158 -1271 9187 | 40319 362815 3626192 39832403 476564741
26541873 1 -16 157 -1242 8760 | 40319 362815 3626193 39832495 476569704
26543817 1 -16 156 -1227 8785 | 40319 362815 3626194 39832601 476576231
26547813 1 -16 156 -1220 8548 | 40319 362815 3626194 39832594 476575460
26548137 1 -16 158 -1275 9378 | 40319 362815 3626192 39832407 476565126
26548173 1 -16 158 -1277 9477 | 40319 362815 3626192 39832409 476565315
26548317 1 -16 158 -1280 9553 | 40319 362815 3626192 39832412 476565671
26548713 1 -16 156 -1220 8541 | 40319 362815 3626194 39832594 476575467
26571834 1 -16 157 -1237 8509 | 40319 362815 3626193 39832490 476569235
26571843 1 -16 157 -1237 8545 | 40319 362815 3626193 39832490 476569199
26573814 1 -16 158 -1264 8897 | 40319 362815 3626192 39832396 476564023
26574813 1 -16 158 -1284 9724 | 40319 362815 3626192 39832416 476566076
26578134 1 -16 156 -1213 8251 | 40319 362815 3626194 39832587 476574749
26578143 1 -16 156 -1213 8273 | 40319 362815 3626194 39832587 476574727
26578314 1 -16 157 -1248 8988 | 40319 362815 3626193 39832501 476570340
26578413 1 -16 157 -1255 9251 | 40319 362815 3626193 39832508 476571085
26581374 1 -16 159 -1297 9613 | 40319 362815 3626191 39832308 476559347
26581437 1 -16 158 -1266 9034 | 40319 362815 3626192 39832398 476564174
26581473 1 -16 159 -1295 9467 | 40319 362815 3626191 39832306 476559205
26581734 1 -16 158 -1270 9182 | 40319 362815 3626192 39832402 476564602
26581743 1 -16 158 -1270 9191 | 40319 362815 3626192 39832402 476564593
26583174 1 -16 159 -1293 9427 | 40319 362815 3626191 39832304 476558957
26583417 1 -16 158 -1269 9136 | 40319 362815 3626192 39832401 476564504
26583714 1 -16 159 -1298 9513 | 40319 362815 3626191 39832309 476559591
26584137 1 -16 159 -1304 9840 | 40319 362815 3626191 39832315 476560128
26584173 1 -16 159 -1294 9390 | 40319 362815 3626191 39832305 476559138
26584317 1 -16 158 -1271 9165 | 40319 362815 3626192 39832403 476564763
26584713 1 -16 158 -1281 9578 | 40319 362815 3626192 39832413 476565790
26587134 1 -16 156 -1213 8247 | 40319 362815 3626194 39832587 476574753
26587143 1 -16 156 -1213 8266 | 40319 362815 3626194 39832587 476574734
26587314 1 -16 157 -1248 8989 | 40319 362815 3626193 39832501 476570339
26587413 1 -16 157 -1254 9198 | 40319 362815 3626193 39832507 476570994
26713485 1 -16 158 -1266 8977 | 40319 362815 3626192 39832398 476564231
26713584 1 -16 159 -1302 9780 | 40319 362815 3626191 39832313 476559900
26713845 1 -16 158 -1268 9079 | 40319 362815 3626192 39832400 476564417
26713854 1 -16 158 -1266 9032 | 40319 362815 3626192 39832398 476564176
26714385 1 -16 158 -1266 9017 | 40319 362815 3626192 39832398 476564191
26714583 1 -16 158 -1266 9002 | 40319 362815 3626192 39832398 476564206
26714835 1 -16 159 -1297 9543 | 40319 362815 3626191 39832308 476559417
26714853 1 -16 159 -1300 9670 | 40319 362815 3626191 39832311 476559722
26715384 1 -16 159 -1301 9761 | 40319 362815 3626191 39832312 476559775
26715483 1 -16 158 -1266 9014 | 40319 362815 3626192 39832398 476564194
26715834 1 -16 158 -1266 8994 | 40319 362815 3626192 39832398 476564214
26715843 1 -16 158 -1267 9001 | 40319 362815 3626192 39832399 476564351
26718345 1 -16 157 -1246 8855 | 40319 362815 3626193 39832499 476570185
26718354 1 -16 157 -1237 8496 | 40319 362815 3626193 39832490 476569248
26718435 1 -16 157 -1237 8517 | 40319 362815 3626193 39832490 476569227
26718453 1 -16 157 -1242 8732 | 40319 362815 3626193 39832495 476569732
26718534 1 -16 157 -1242 8753 | 40319 362815 3626193 39832495 476569711
26718543 1 -16 157 -1243 8749 | 40319 362815 3626193 39832496 476569859
26731584 1 -16 159 -1294 9442 | 40319 362815 3626191 39832305 476559086
26731845 1 -16 158 -1265 8961 | 40319 362815 3626192 39832397 476564103
26731854 1 -16 158 -1263 8897 | 40319 362815 3626192 39832395 476563879
26734815 1 -16 158 -1262 8842 | 40319 362815 3626192 39832394 476563790
26735184 1 -16 159 -1297 9592 | 40319 362815 3626191 39832308 476559368
26735814 1 -16 159 -1298 9572 | 40319 362815 3626191 39832309 476559532
26738145 1 -16 158 -1264 8905 | 40319 362815 3626192 39832396 476564015
26738154 1 -16 158 -1262 8837 | 40319 362815 3626192 39832394 476563795
26738415 1 -16 159 -1305 9852 | 40319 362815 3626191 39832316 476560260
26738514 1 -16 159 -1302 9730 | 40319 362815 3626191 39832313 476559950
26741835 1 -16 159 -1292 9354 | 40319 362815 3626191 39832303 476558886
26741853 1 -16 159 -1295 9466 | 40319 362815 3626191 39832306 476559206
26743815 1 -16 158 -1262 8842 | 40319 362815 3626192 39832394 476563790
26745183 1 -16 157 -1236 8513 | 40319 362815 3626193 39832489 476569087
26745813 1 -16 157 -1246 8879 | 40319 362815 3626193 39832499 476570161
26748135 1 -16 159 -1300 9634 | 40319 362815 3626191 39832311 476559758
26748153 1 -16 159 -1298 9525 | 40319 362815 3626191 39832309 476559579
26748315 1 -16 159 -1301 9705 | 40319 362815 3626191 39832312 476559831
26748513 1 -16 158 -1281 9544 | 40319 362815 3626192 39832413 476565824
26751384 1 -16 158 -1268 9195 | 40319 362815 3626192 39832400 476564301
26751483 1 -16 158 -1268 9149 | 40319 362815 3626192 39832400 476564347
26751834 1 -16 157 -1232 8366 | 40319 362815 3626193 39832485 476568658
26751843 1 -16 157 -1232 8369 | 40319 362815 3626193 39832485 476568655
26753814 1 -16 158 -1264 8899 | 40319 362815 3626192 39832396 476564021
26754183 1 -16 157 -1236 8528 | 40319 362815 3626193 39832489 476569072
26754813 1 -16 157 -1247 8941 | 40319 362815 3626193 39832500 476570243
26758134 1 -16 157 -1248 9008 | 40319 362815 3626193 39832501 476570320
26758143 1 -16 157 -1248 9022 | 40319 362815 3626193 39832501 476570306
26758314 1 -16 158 -1284 9775 | 40319 362815 3626192 39832416 476566025
26758413 1 -16 158 -1292 10079 | 40319 362815 3626192 39832424 476566873
26781345 1 -16 156 -1221 8569 | 40319 362815 3626194 39832595 476575583
26781354 1 -16 156 -1213 8243 | 40319 362815 3626194 39832587 476574757
26781435 1 -16 156 -1213 8242 | 40319 362815 3626194 39832587 476574758
26781453 1 -16 156 -1213 8243 | 40319 362815 3626194 39832587 476574757
26781534 1 -16 156 -1213 8255 | 40319 362815 3626194 39832587 476574745
26781543 1 -16 156 -1218 8462 | 40319 362815 3626194 39832592 476575258
26783145 1 -16 157 -1250 9033 | 40319 362815 3626193 39832503 476570583
26783154 1 -16 157 -1246 8872 | 40319 362815 3626193 39832499 476570168
26783415 1 -16 157 -1247 8898 | 40319 362815 3626193 39832500 476570286
26783514 1 -16 158 -1287 9839 | 40319 362815 3626192 39832419 476566393
26784135 1 -16 158 -1284 9723 | 40319 362815 3626192 39832416 476566077
26784153 1 -16 158 -1286 9795 | 40319 362815 3626192 39832418 476566293
26784315 1 -16 157 -1247 8916 | 40319 362815 3626193 39832500 476570268
26784513 1 -16 156 -1224 8671 | 40319 362815 3626194 39832598 476575913
26785134 1 -16 156 -1218 8442 | 40319 362815 3626194 39832592 476575278
26785143 1 -16 156 -1216 8358 | 40319 362815 3626194 39832590 476575074
26785314 1 -16 157 -1256 9297 | 40319 362815 3626193 39832509 476571183
26785413 1 -16 156 -1224 8695 | 40319 362815 3626194 39832598 476575889
26813475 1 -16 159 -1304 9860 | 40319 362815 3626191 39832315 476560108
26813574 1 -16 160 -1340 10603 | 40319 362815 3626190 39832230 476555837
26813745 1 -16 159 -1300 9666 | 40319 362815 3626191 39832311 476559726
26813754 1 -16 159 -1302 9771 | 40319 362815 3626191 39832313 476559909
26814375 1 -16 159 -1304 9846 | 40319 362815 3626191 39832315 476560122
26814573 1 -16 159 -1302 9764 | 40319 362815 3626191 39832313 476559916
26814735 1 -16 160 -1337 10469 | 40319 362815 3626190 39832227 476555539
26814753 1 -16 160 -1340 10586 | 40319 362815 3626190 39832230 476555854
26815374 1 -16 160 -1334 10325 | 40319 362815 3626190 39832224 476555251
26815473 1 -16 159 -1296 9486 | 40319 362815 3626191 39832307 476559330
26815734 1 -16 159 -1306 9915 | 40319 362815 3626191 39832317 476560341
26815743 1 -16 159 -1308 9967 | 40319 362815 3626191 39832319 476560577
26817345 1 -16 158 -1277 9457 | 40319 362815 3626192 39832409 476565335
26817354 1 -16 158 -1272 9299 | 40319 362815 3626192 39832404 476564773
26817435 1 -16 158 -1272 9302 | 40319 362815 3626192 39832404 476564770
26817453 1 -16 158 -1276 9448 | 40319 362815 3626192 39832408 476565200
26817534 1 -16 158 -1276 9459 | 40319 362815 3626192 39832408 476565189
26817543 1 -16 158 -1278 9475 | 40319 362815 3626192 39832410 476565461
26831475 1 -16 160 -1340 10673 | 40319 362815 3626190 39832230 476555767
26831574 1 -16 160 -1332 10302 | 40319 362815 3626190 39832222 476554986
26831745 1 -16 159 -1296 9551 | 40319 362815 3626191 39832307 476559265
26831754 1 -16 159 -1297 9589 | 40319 362815 3626191 39832308 476559371
26834175 1 -16 159 -1298 9664 | 40319 362815 3626191 39832309 476559440
26834517 1 -16 158 -1279 9560 | 40319 362815 3626192 39832411 476565520
26834715 1 -16 159 -1291 9271 | 40319 362815 3626191 39832302 476558825
26835174 1 -16 160 -1321 9754 | 40319 362815 3626190 39832211 476553950
26835417 1 -16 158 -1264 8898 | 40319 362815 3626192 39832396 476564022
26835714 1 -16 160 -1334 10289 | 40319 362815 3626190 39832224 476555287
26837145 1 -16 159 -1296 9474 | 40319 362815 3626191 39832307 476559342
26837154 1 -16 159 -1296 9454 | 40319 362815 3626191 39832307 476559362
26837415 1 -16 160 -1334 10317 | 40319 362815 3626190 39832224 476555259
26837514 1 -16 160 -1334 10310 | 40319 362815 3626190 39832224 476555266
26841375 1 -16 160 -1334 10380 | 40319 362815 3626190 39832224 476555196
26841573 1 -16 160 -1330 10214 | 40319 362815 3626190 39832220 476554786
26841735 1 -16 160 -1322 9814 | 40319 362815 3626190 39832212 476554034
26841753 1 -16 160 -1328 10069 | 40319 362815 3626190 39832218 476554643
26843175 1 -16 159 -1298 9604 | 40319 362815 3626191 39832309 476559500
26843517 1 -16 158 -1264 8878 | 40319 362815 3626192 39832396 476564042
26843715 1 -16 159 -1289 9118 | 40319 362815 3626191 39832300 476558690
26845137 1 -16 159 -1308 10029 | 40319 362815 3626191 39832319 476560515
26845173 1 -16 159 -1298 9595 | 40319 362815 3626191 39832309 476559509
26845317 1 -16 158 -1276 9429 | 40319 362815 3626192 39832408 476565219
26845713 1 -16 158 -1281 9578 | 40319 362815 3626192 39832413 476565790
26847135 1 -16 160 -1340 10586 | 40319 362815 3626190 39832230 476555854
26847153 1 -16 160 -1342 10649 | 40319 362815 3626190 39832232 476556079
26847315 1 -16 160 -1340 10586 | 40319 362815 3626190 39832230 476555854
26847513 1 -16 159 -1318 10364 | 40319 362815 3626191 39832329 476561620
26851374 1 -16 160 -1332 10330 | 40319 362815 3626190 39832222 476554958
26851473 1 -16 160 -1332 10303 | 40319 362815 3626190 39832222 476554985
26851734 1 -16 159 -1302 9756 | 40319 362815 3626191 39832313 476559924
26851743 1 -16 159 -1302 9760 | 40319 362815 3626191 39832313 476559920
26853174 1 -16 160 -1332 10310 | 40319 362815 3626190 39832222 476554978
26853417 1 -16 158 -1276 9457 | 40319 362815 3626192 39832408 476565191
26853714 1 -16 160 -1334 10283 | 40319 362815 3626190 39832224 476555293
26854137 1 -16 159 -1308 10009 | 40319 362815 3626191 39832319 476560535
26854173 1 -16 159 -1296 9526 | 40319 362815 3626191 39832307 476559290
26854317 1 -16 158 -1281 9599 | 40319 362815 3626192 39832413 476565769
26854713 1 -16 159 -1320 10529 | 40319 362815 3626191 39832331 476561743
26857134 1 -16 157 -1248 9002 | 40319 362815 3626193 39832501 476570326
26857143 1 -16 157 -1248 9012 | 40319 362815 3626193 39832501 476570316
26857314 1 -16 158 -1284 9749 | 40319 362815 3626192 39832416 476566051
26857413 1 -16 158 -1294 10143 | 40319 362815 3626192 39832426 476567097
26871345 1 -16 156 -1213 8258 | 40319 362815 3626194 39832587 476574742
26871354 1 -16 156 -1212 8311 | 40319 362815 3626194 39832586 476574545
26871435 1 -16 156 -1212 8310 | 40319 362815 3626194 39832586 476574546
26871453 1 -16 156 -1208 8071 | 40319 362815 3626194 39832582 476574209
26871534 1 -16 156 -1208 8079 | 40319 362815 3626194 39832582 476574201
26871543 1 -16 156 -1213 8279 | 40319 362815 3626194 39832587 476574721
26873145 1 -16 157 -1244 8834 | 40319 362815 3626193 39832497 476569918
26873154 1 -16 157 -1244 8890 | 40319 362815 3626193 39832497 476569862
26873415 1 -16 157 -1240 8646 | 40319 362815 3626193 39832493 476569530
26873514 1 -16 158 -1278 9468 | 40319 362815 3626192 39832410 476565468
26874135 1 -16 158 -1280 9636 | 40319 362815 3626192 39832412 476565588
26874153 1 -16 158 -1278 9483 | 40319 362815 3626192 39832410 476565453
26874315 1 -16 157 -1242 8754 | 40319 362815 3626193 39832495 476569710
26874513 1 -16 157 -1256 9274 | 40319 362815 3626193 39832509 476571206
26875134 1 -16 157 -1254 9263 | 40319 362815 3626193 39832507 476570929
26875143 1 -16 157 -1252 9165 | 40319 362815 3626193 39832505 476570739
26875314 1 -16 158 -1292 10106 | 40319 362815 3626192 39832424 476566846
26875413 1 -16 157 -1256 9272 | 40319 362815 3626193 39832509 476571208
27134586 1 -16 158 -1284 9706 | 40319 362815 3626192 39832416 476566094
27134685 1 -16 159 -1316 10310 | 40319 362815 3626191 39832327 476561386
27134856 1 -16 158 -1276 9367 | 40319 362815 3626192 39832408 476565281
27134865 1 -16 158 -1278 9497 | 40319 362815 3626192 39832410 476565439
27135486 1 -16 158 -1284 9739 | 40319 362815 3626192 39832416 476566061
27135684 1 -16 159 -1310 10069 | 40319 362815 3626191 39832321 476560763
27135846 1 -16 160 -1350 11005 | 40319 362815 3626190 39832240 476556875
27135864 1 -16 160 -1348 10928 | 40319 362815 3626190 39832238 476556664
27136485 1 -16 160 -1350 11010 | 40319 362815 3626190 39832240 476556870
27136584 1 -16 159 -1310 10083 | 40319 362815 3626191 39832321 476560749
27136845 1 -16 159 -1309 10038 | 40319 362815 3626191 39832320 476560650
27136854 1 -16 159 -1313 10202 | 40319 362815 3626191 39832324 476561062
27138456 1 -16 158 -1283 9673 | 40319 362815 3626192 39832415 476565983
27138465 1 -16 158 -1276 9431 | 40319 362815 3626192 39832408 476565217
27138546 1 -16 158 -1276 9427 | 40319 362815 3626192 39832408 476565221
27138564 1 -16 158 -1276 9408 | 40319 362815 3626192 39832408 476565240
27138645 1 -16 158 -1276 9419 | 40319 362815 3626192 39832408 476565229
27138654 1 -16 158 -1282 9651 | 40319 362815 3626192 39832414 476565861
27143685 1 -16 159 -1316 10319 | 40319 362815 3626191 39832327 476561377
27143856 1 -16 158 -1276 9377 | 40319 362815 3626192 39832408 476565271
27143865 1 -16 158 -1278 9452 | 40319 362815 3626192 39832410 476565484
27145386 1 -16 158 -1268 8999 | 40319 362815 3626192 39832400 476564497
27145683 1 -16 158 -1278 9515 | 40319 362815 3626192 39832410 476565421
27145836 1 -16 159 -1293 9315 | 40319 362815 3626191 39832304 476559069
27145863 1 -16 159 -1305 9857 | 40319 362815 3626191 39832316 476560255
27146385 1 -16 160 -1339 10481 | 40319 362815 3626190 39832229 476555815
27146583 1 -16 158 -1268 9078 | 40319 362815 3626192 39832400 476564418
27146835 1 -16 160 -1338 10458 | 40319 362815 3626190 39832228 476555694
27146853 1 -16 160 -1340 10564 | 40319 362815 3626190 39832230 476555876
27148356 1 -16 159 -1302 9674 | 40319 362815 3626191 39832313 476560006
27148365 1 -16 159 -1305 9809 | 40319 362815 3626191 39832316 476560303
27148536 1 -16 160 -1336 10412 | 40319 362815 3626190 39832226 476555452
27148563 1 -16 159 -1304 9771 | 40319 362815 3626191 39832315 476560197
27148635 1 -16 160 -1338 10462 | 40319 362815 3626190 39832228 476555690
27148653 1 -16 159 -1302 9679 | 40319 362815 3626191 39832313 476560001
27153486 1 -16 158 -1268 8954 | 40319 362815 3626192 39832400 476564542
27153684 1 -16 160 -1338 10424 | 40319 362815 3626190 39832228 476555728
27153846 1 -16 160 -1336 10332 | 40319 362815 3626190 39832226 476555532
27153864 1 -16 160 -1344 10673 | 40319 362815 3626190 39832234 476556343
27154386 1 -16 158 -1289 9907 | 40319 362815 3626192 39832421 476566613
27154683 1 -16 158 -1268 9059 | 40319 362815 3626192 39832400 476564437
27154836 1 -16 159 -1304 9788 | 40319 362815 3626191 39832315 476560180
27154863 1 -16 159 -1303 9732 | 40319 362815 3626191 39832314 476560092
27156384 1 -16 159 -1306 9913 | 40319 362815 3626191 39832317 476560343
27156483 1 -16 158 -1272 9237 | 40319 362815 3626192 39832404 476564835
27156834 1 -16 158 -1274 9302 | 40319 362815 3626192 39832406 476565058
27156843 1 -16 158 -1274 9296 | 40319 362815 3626192 39832406 476565064
27158346 1 -16 159 -1299 9543 | 40319 362815 3626191 39832310 476559705
27158364 1 -16 160 -1346 10805 | 40319 362815 3626190 39832236 476556499
27158436 1 -16 159 -1299 9525 | 40319 362815 3626191 39832310 476559723
27158463 1 -16 160 -1348 10905 | 40319 362815 3626190 39832238 476556687
27158634 1 -16 159 -1314 10213 | 40319 362815 3626191 39832325 476561195
27158643 1 -16 159 -1317 10337 | 40319 362815 3626191 39832328 476561503
27163485 1 -16 159 -1304 9808 | 40319 362815 3626191 39832315 476560160
27163584 1 -16 160 -1342 10644 | 40319 362815 3626190 39832232 476556084
27163845 1 -16 159 -1307 9907 | 40319 362815 3626191 39832318 476560493
27163854 1 -16 159 -1299 9535 | 40319 362815 3626191 39832310 476559713
27164385 1 -16 159 -1306 9840 | 40319 362815 3626191 39832317 476560416
27164583 1 -16 158 -1272 9216 | 40319 362815 3626192 39832404 476564856
27164835 1 -16 160 -1340 10544 | 40319 362815 3626190 39832230 476555896
27164853 1 -16 160 -1348 10874 | 40319 362815 3626190 39832238 476556718
27165384 1 -16 159 -1309 9997 | 40319 362815 3626191 39832320 476560691
27165483 1 -16 158 -1285 9759 | 40319 362815 3626192 39832417 476566185
27165834 1 -16 158 -1275 9332 | 40319 362815 3626192 39832407 476565172
27165843 1 -16 158 -1278 9419 | 40319 362815 3626192 39832410 476565517
27168345 1 -16 158 -1285 9786 | 40319 362815 3626192 39832417 476566158
27168354 1 -16 158 -1276 9403 | 40319 362815 3626192 39832408 476565245
27168435 1 -16 158 -1276 9394 | 40319 362815 3626192 39832408 476565254
27168453 1 -16 158 -1284 9713 | 40319 362815 3626192 39832416 476566087
27168534 1 -16 158 -1284 9724 | 40319 362815 3626192 39832416 476566076
27168543 1 -16 158 -1291 9989 | 40319 362815 3626192 39832423 476566819
27183456 1 -16 157 -1259 9387 | 40319 362815 3626193 39832512 476571525
27183465 1 -16 157 -1246 8883 | 40319 362815 3626193 39832499 476570157
27183546 1 -16 157 -1247 8893 | 40319 362815 3626193 39832500 476570291
27183564 1 -16 158 -1282 9639 | 40319 362815 3626192 39832414 476565873
27183645 1 -16 158 -1282 9660 | 40319 362815 3626192 39832414 476565852
27183654 1 -16 157 -1246 8896 | 40319 362815 3626193 39832499 476570144
27184356 1 -16 157 -1246 8880 | 40319 362815 3626193 39832499 476570160
27184365 1 -16 157 -1246 8880 | 40319 362815 3626193 39832499 476570160
27184536 1 -16 158 -1280 9611 | 40319 362815 3626192 39832412 476565613
27184563 1 -16 157 -1252 9137 | 40319 362815 3626193 39832505 476570767
27184635 1 -16 158 -1280 9563 | 40319 362815 3626192 39832412 476565661
27184653 1 -16 158 -1280 9559 | 40319 362815 3626192 39832412 476565665
27185346 1 -16 158 -1280 9600 | 40319 362815 3626192 39832412 476565624
27185364 1 -16 158 -1280 9566 | 40319 362815 3626192 39832412 476565658
27185436 1 -16 157 -1246 8913 | 40319 362815 3626193 39832499 476570127
27185463 1 -16 158 -1280 9576 | 40319 362815 3626192 39832412 476565648
27185634 1 -16 157 -1254 9199 | 40319 362815 3626193 39832507 476570993
27185643 1 -16 157 -1253 9160 | 40319 362815 3626193 39832506 476570888
27186345 1 -16 157 -1252 9147 | 40319 362815 3626193 39832505 476570757
27186354 1 -16 158 -1288 9960 | 40319 362815 3626192 39832420 476566416
27186435 1 -16 158 -1288 9950 | 40319 362815 3626192 39832420 476566426
27186453 1 -16 157 -1253 9171 | 40319 362815 3626193 39832506 476570877
27186534 1 -16 157 -1252 9149 | 40319 362815 3626193 39832505 476570755
27186543 1 -16 157 -1258 9319 | 40319 362815 3626193 39832511 476571449
27314685 1 -16 160 -1352 11135 | 40319 362815 3626190 39832242 476557033
27314856 1 -16 159 -1312 10148 | 40319 362815 3626191 39832323 476560972
27314865 1 -16 159 -1314 10300 | 40319 362815 3626191 39832325 476561108
27315684 1 -16 159 -1306 9964 | 40319 362815 3626191 39832317 476560292
27315846 1 -16 160 -1342 10682 | 40319 362815 3626190 39832232 476556046
27315864 1 -16 160 -1344 10808 | 40319 362815 3626190 39832234 476556208
27316485 1 -16 160 -1342 10673 | 40319 362815 3626190 39832232 476556055
27316584 1 -16 159 -1304 9852 | 40319 362815 3626191 39832315 476560116
27316845 1 -16 159 -1308 10070 | 40319 362815 3626191 39832319 476560474
27316854 1 -16 159 -1308 10016 | 40319 362815 3626191 39832319 476560528
27318456 1 -16 158 -1280 9582 | 40319 362815 3626192 39832412 476565642
27318465 1 -16 158 -1272 9254 | 40319 362815 3626192 39832404 476564818
27318546 1 -16 158 -1272 9256 | 40319 362815 3626192 39832404 476564816
27318564 1 -16 158 -1276 9471 | 40319 362815 3626192 39832408 476565177
27318645 1 -16 158 -1276 9490 | 40319 362815 3626192 39832408 476565158
27318654 1 -16 158 -1277 9446 | 40319 362815 3626192 39832409 476565346
27341856 1 -16 158 -1271 9230 | 40319 362815 3626192 39832403 476564698
27341865 1 -16 158 -1271 9249 | 40319 362815 3626192 39832403 476564679
27345816 1 -16 158 -1269 9157 | 40319 362815 3626192 39832401 476564483
27346185 1 -16 159 -1297 9552 | 40319 362815 3626191 39832308 476559408
27346815 1 -16 159 -1301 9753 | 40319 362815 3626191 39832312 476559783
27348156 1 -16 158 -1262 8874 | 40319 362815 3626192 39832394 476563758
27348165 1 -16 158 -1262 8904 | 40319 362815 3626192 39832394 476563728
27348516 1 -16 159 -1297 9512 | 40319 362815 3626191 39832308 476559448
27348615 1 -16 159 -1297 9580 | 40319 362815 3626191 39832308 476559380
27351684 1 -16 160 -1328 10135 | 40319 362815 3626190 39832218 476554577
27351846 1 -16 160 -1326 9995 | 40319 362815 3626190 39832216 476554429
27351864 1 -16 160 -1330 10170 | 40319 362815 3626190 39832220 476554830
27354816 1 -16 158 -1264 8933 | 40319 362815 3626192 39832396 476563987
27356184 1 -16 159 -1298 9635 | 40319 362815 3626191 39832309 476559469
27356814 1 -16 159 -1302 9765 | 40319 362815 3626191 39832313 476559915
27358146 1 -16 160 -1326 10007 | 40319 362815 3626190 39832216 476554417
27358164 1 -16 160 -1326 10002 | 40319 362815 3626190 39832216 476554422
27358416 1 -16 160 -1328 10088 | 40319 362815 3626190 39832218 476554624
27358614 1 -16 160 -1338 10522 | 40319 362815 3626190 39832228 476555630
27361485 1 -16 160 -1326 9983 | 40319 362815 3626190 39832216 476554441
27361584 1 -16 160 -1330 10157 | 40319 362815 3626190 39832220 476554843
27361845 1 -16 159 -1295 9516 | 40319 362815 3626191 39832306 476559156
27361854 1 -16 159 -1295 9480 | 40319 362815 3626191 39832306 476559192
27364185 1 -16 160 -1334 10361 | 40319 362815 3626190 39832224 476555215
27364815 1 -16 160 -1334 10373 | 40319 362815 3626190 39832224 476555203
27365184 1 -16 159 -1297 9616 | 40319 362815 3626191 39832308 476559344
27365814 1 -16 159 -1302 9771 | 40319 362815 3626191 39832313 476559909
27368145 1 -16 159 -1301 9783 | 40319 362815 3626191 39832312 476559753
27368154 1 -16 159 -1301 9746 | 40319 362815 3626191 39832312 476559790
27368415 1 -16 160 -1332 10255 | 40319 362815 3626190 39832222 476555033
27368514 1 -16 160 -1340 10627 | 40319 362815 3626190 39832230 476555813
27381456 1 -16 158 -1274 9321 | 40319 362815 3626192 39832406 476565039
27381465 1 -16 158 -1270 9210 | 40319 362815 3626192 39832402 476564574
27381546 1 -16 158 -1270 9214 | 40319 362815 3626192 39832402 476564570
27381564 1 -16 158 -1270 9244 | 40319 362815 3626192 39832402 476564540
27381645 1 -16 158 -1270 9259 | 40319 362815 3626192 39832402 476564525
27381654 1 -16 158 -1271 9176 | 40319 362815 3626192 39832403 476564752
27384156 1 -16 159 -1309 10039 | 40319 362815 3626191 39832320 476560649
27384165 1 -16 159 -1303 9800 | 40319 362815 3626191 39832314 476560024
27384516 1 -16 159 -1308 9994 | 40319 362815 3626191 39832319 476560550
27384615 1 -16 160 -1342 10704 | 40319 362815 3626190 39832232 476556024
27385146 1 -16 160 -1334 10348 | 40319 362815 3626190 39832224 476555228
27385164 1 -16 160 -1334 10339 | 40319 362815 3626190 39832224 476555237
27385416 1 -16 159 -1300 9665 | 40319 362815 3626191 39832311 476559727
27385614 1 -16 159 -1306 9913 | 40319 362815 3626191 39832317 476560343
27386145 1 -16 159 -1304 9913 | 40319 362815 3626191 39832315 476560055
27386154 1 -16 159 -1304 9859 | 40319 362815 3626191 39832315 476560109
27386415 1 -16 160 -1340 10602 | 40319 362815 3626190 39832230 476555838
27386514 1 -16 159 -1304 9844 | 40319 362815 3626191 39832315 476560124
27413856 1 -16 159 -1307 9962 | 40319 362815 3626191 39832318 476560438
27413865 1 -16 159 -1307 9944 | 40319 362815 3626191 39832318 476560456
27415836 1 -16 160 -1318 9607 | 40319 362815 3626190 39832208 476553665
27415863 1 -16 160 -1328 10069 | 40319 362815 3626190 39832218 476554643
27416385 1 -16 160 -1320 9492 | 40319 362815 3626190 39832210 476554068
27416583 1 -16 159 -1293 9384 | 40319 362815 3626191 39832304 476559000
27416835 1 -16 160 -1321 9735 | 40319 362815 3626190 39832211 476553969
27416853 1 -16 160 -1328 10090 | 40319 362815 3626190 39832218 476554622
27418356 1 -16 159 -1292 9275 | 40319 362815 3626191 39832303 476558965
27418365 1 -16 159 -1291 9247 | 40319 362815 3626191 39832302 476558849
27418536 1 -16 160 -1326 9982 | 40319 362815 3626190 39832216 476554442
27418563 1 -16 159 -1295 9440 | 40319 362815 3626191 39832306 476559232
27418635 1 -16 160 -1331 10222 | 40319 362815 3626190 39832221 476554922
27418653 1 -16 159 -1293 9329 | 40319 362815 3626191 39832304 476559055
27431856 1 -16 158 -1269 9111 | 40319 362815 3626192 39832401 476564529
27431865 1 -16 158 -1269 9092 | 40319 362815 3626192 39832401 476564548
27435816 1 -16 158 -1264 8953 | 40319 362815 3626192 39832396 476563967
27436815 1 -16 159 -1297 9556 | 40319 362815 3626191 39832308 476559404
27438156 1 -16 158 -1262 8846 | 40319 362815 3626192 39832394 476563786
27438165 1 -16 158 -1262 8828 | 40319 362815 3626192 39832394 476563804
27438516 1 -16 159 -1299 9635 | 40319 362815 3626191 39832310 476559613
27438615 1 -16 159 -1299 9647 | 40319 362815 3626191 39832310 476559601
27451836 1 -16 159 -1289 9240 | 40319 362815 3626191 39832300 476558568
27451863 1 -16 159 -1293 9388 | 40319 362815 3626191 39832304 476558996
27453816 1 -16 158 -1264 8890 | 40319 362815 3626192 39832396 476564030
27456183 1 -16 157 -1237 8527 | 40319 362815 3626193 39832490 476569217
27456813 1 -16 157 -1246 8848 | 40319 362815 3626193 39832499 476570192
27458136 1 -16 159 -1294 9419 | 40319 362815 3626191 39832305 476559109
27458163 1 -16 159 -1290 9203 | 40319 362815 3626191 39832301 476558749
27458316 1 -16 159 -1297 9601 | 40319 362815 3626191 39832308 476559359
27458613 1 -16 159 -1320 10487 | 40319 362815 3626191 39832331 476561785
27461385 1 -16 160 -1330 10148 | 40319 362815 3626190 39832220 476554852
27461583 1 -16 160 -1332 10288 | 40319 362815 3626190 39832222 476555000
27461835 1 -16 160 -1330 10154 | 40319 362815 3626190 39832220 476554846
27461853 1 -16 160 -1328 10118 | 40319 362815 3626190 39832218 476554594
27463185 1 -16 160 -1338 10533 | 40319 362815 3626190 39832228 476555619
27463815 1 -16 160 -1336 10444 | 40319 362815 3626190 39832226 476555420
27465183 1 -16 158 -1272 9315 | 40319 362815 3626192 39832404 476564757
27465813 1 -16 158 -1284 9756 | 40319 362815 3626192 39832416 476566044
27468135 1 -16 160 -1342 10662 | 40319 362815 3626190 39832232 476556066
27468153 1 -16 160 -1336 10441 | 40319 362815 3626190 39832226 476555423
27468315 1 -16 160 -1336 10431 | 40319 362815 3626190 39832226 476555433
27468513 1 -16 160 -1356 11270 | 40319 362815 3626190 39832246 476557474
27481356 1 -16 159 -1301 9706 | 40319 362815 3626191 39832312 476559830
27481365 1 -16 159 -1299 9627 | 40319 362815 3626191 39832310 476559621
27481536 1 -16 160 -1330 10165 | 40319 362815 3626190 39832220 476554835
27481563 1 -16 159 -1295 9464 | 40319 362815 3626191 39832306 476559208
27481635 1 -16 160 -1331 10214 | 40319 362815 3626190 39832221 476554930
27481653 1 -16 159 -1293 9324 | 40319 362815 3626191 39832304 476559060
27483156 1 -16 159 -1299 9648 | 40319 362815 3626191 39832310 476559600
27483165 1 -16 159 -1299 9651 | 40319 362815 3626191 39832310 476559597
27483516 1 -16 160 -1336 10424 | 40319 362815 3626190 39832226 476555440
27483615 1 -16 160 -1330 10093 | 40319 362815 3626190 39832220 476554907
27485136 1 -16 160 -1332 10205 | 40319 362815 3626190 39832222 476555083
27485163 1 -16 160 -1338 10446 | 40319 362815 3626190 39832228 476555706
27485316 1 -16 160 -1338 10504 | 40319 362815 3626190 39832228 476555648
27485613 1 -16 158 -1283 9636 | 40319 362815 3626192 39832415 476566020
27486135 1 -16 160 -1344 10726 | 40319 362815 3626190 39832234 476556290
27486153 1 -16 160 -1338 10481 | 40319 362815 3626190 39832228 476555671
27486315 1 -16 160 -1334 10241 | 40319 362815 3626190 39832224 476555335
27486513 1 -16 159 -1320 10487 | 40319 362815 3626191 39832331 476561785
27513846 1 -16 160 -1330 10187 | 40319 362815 3626190 39832220 476554813
27513864 1 -16 160 -1334 10307 | 40319 362815 3626190 39832224 476555269
27514836 1 -16 160 -1330 10176 | 40319 362815 3626190 39832220 476554824
27514863 1 -16 160 -1330 10183 | 40319 362815 3626190 39832220 476554817
27516834 1 -16 159 -1302 9802 | 40319 362815 3626191 39832313 476559878
27516843 1 -16 159 -1302 9796 | 40319 362815 3626191 39832313 476559884
27518346 1 -16 159 -1295 9459 | 40319 362815 3626191 39832306 476559213
27518364 1 -16 160 -1330 10204 | 40319 362815 3626190 39832220 476554796
27518436 1 -16 159 -1293 9408 | 40319 362815 3626191 39832304 476558976
27518463 1 -16 160 -1332 10264 | 40319 362815 3626190 39832222 476555024
27518634 1 -16 159 -1302 9761 | 40319 362815 3626191 39832313 476559919
27518643 1 -16 159 -1303 9786 | 40319 362815 3626191 39832314 476560038
27531846 1 -16 160 -1332 10256 | 40319 362815 3626190 39832222 476555032
27531864 1 -16 160 -1344 10756 | 40319 362815 3626190 39832234 476556260
27534816 1 -16 158 -1264 8888 | 40319 362815 3626192 39832396 476564032
27536814 1 -16 160 -1336 10412 | 40319 362815 3626190 39832226 476555452
27538146 1 -16 160 -1328 10082 | 40319 362815 3626190 39832218 476554630
27538164 1 -16 160 -1338 10495 | 40319 362815 3626190 39832228 476555657
27538416 1 -16 160 -1328 10051 | 40319 362815 3626190 39832218 476554661
27538614 1 -16 160 -1336 10358 | 40319 362815 3626190 39832226 476555506
27541836 1 -16 159 -1291 9307 | 40319 362815 3626191 39832302 476558789
27541863 1 -16 159 -1297 9576 | 40319 362815 3626191 39832308 476559384
27543816 1 -16 158 -1282 9663 | 40319 362815 3626192 39832414 476565849
27546813 1 -16 158 -1284 9761 | 40319 362815 3626192 39832416 476566039
27548136 1 -16 159 -1300 9687 | 40319 362815 3626191 39832311 476559705
27548163 1 -16 159 -1298 9589 | 40319 362815 3626191 39832309 476559515
27548316 1 -16 159 -1303 9806 | 40319 362815 3626191 39832314 476560018
27548613 1 -16 158 -1281 9613 | 40319 362815 3626192 39832413 476565755
27561384 1 -16 158 -1268 9179 | 40319 362815 3626192 39832400 476564317
27561483 1 -16 158 -1268 9144 | 40319 362815 3626192 39832400 476564352
27561834 1 -16 157 -1232 8355 | 40319 362815 3626193 39832485 476568669
27561843 1 -16 157 -1232 8374 | 40319 362815 3626193 39832485 476568650
27563814 1 -16 158 -1264 8901 | 40319 362815 3626192 39832396 476564019
27564183 1 -16 157 -1237 8550 | 40319 362815 3626193 39832490 476569194
27564813 1 -16 157 -1249 9025 | 40319 362815 3626193 39832502 476570447
27568134 1 -16 157 -1248 9024 | 40319 362815 3626193 39832501 476570304
27568143 1 -16 157 -1248 9045 | 40319 362815 3626193 39832501 476570283
27568314 1 -16 158 -1284 9802 | 40319 362815 3626192 39832416 476565998
27568413 1 -16 158 -1292 10108 | 40319 362815 3626192 39832424 476566844
27581346 1 -16 159 -1305 9877 | 40319 362815 3626191 39832316 476560235
27581364 1 -16 160 -1342 10748 | 40319 362815 3626190 39832232 476555980
27581436 1 -16 159 -1304 9879 | 40319 362815 3626191 39832315 476560089
27581463 1 -16 160 -1338 10530 | 40319 362815 3626190 39832228 476555622
27581634 1 -16 159 -1306 9938 | 40319 362815 3626191 39832317 476560318
27581643 1 -16 159 -1307 9961 | 40319 362815 3626191 39832318 476560439
27583146 1 -16 160 -1340 10643 | 40319 362815 3626190 39832230 476555797
27583164 1 -16 160 -1334 10333 | 40319 362815 3626190 39832224 476555243
27583416 1 -16 159 -1304 9887 | 40319 362815 3626191 39832315 476560081
27583614 1 -16 160 -1344 10742 | 40319 362815 3626190 39832234 476556274
27584136 1 -16 160 -1340 10613 | 40319 362815 3626190 39832230 476555827
27584163 1 -16 160 -1330 10116 | 40319 362815 3626190 39832220 476554884
27584316 1 -16 159 -1306 9922 | 40319 362815 3626191 39832317 476560334
27584613 1 -16 159 -1318 10372 | 40319 362815 3626191 39832329 476561612
27586134 1 -16 157 -1248 8986 | 40319 362815 3626193 39832501 476570342
27586143 1 -16 157 -1248 9008 | 40319 362815 3626193 39832501 476570320
27586314 1 -16 158 -1284 9749 | 40319 362815 3626192 39832416 476566051
27586413 1 -16 158 -1294 10159 | 40319 362815 3626192 39832426 476567081
27613485 1 -16 158 -1266 9026 | 40319 362815 3626192 39832398 476564182
27613584 1 -16 159 -1302 9792 | 40319 362815 3626191 39832313 476559888
27613845 1 -16 158 -1266 9034 | 40319 362815 3626192 39832398 476564174
27613854 1 -16 158 -1266 9070 | 40319 362815 3626192 39832398 476564138
27614385 1 -16 158 -1266 9002 | 40319 362815 3626192 39832398 476564206
27614583 1 -16 158 -1266 9042 | 40319 362815 3626192 39832398 476564166
27614835 1 -16 159 -1297 9573 | 40319 362815 3626191 39832308 476559387
27614853 1 -16 159 -1298 9588 | 40319 362815 3626191 39832309 476559516
27615384 1 -16 159 -1301 9712 | 40319 362815 3626191 39832312 476559824
27615483 1 -16 158 -1268 9032 | 40319 362815 3626192 39832400 476564464
27615834 1 -16 158 -1270 9209 | 40319 362815 3626192 39832402 476564575
27615843 1 -16 158 -1270 9127 | 40319 362815 3626192 39832402 476564657
27618345 1 -16 157 -1239 8588 | 40319 362815 3626193 39832492 476569444
27618354 1 -16 157 -1237 8617 | 40319 362815 3626193 39832490 476569127
27618435 1 -16 157 -1237 8612 | 40319 362815 3626193 39832490 476569132
27618453 1 -16 157 -1238 8600 | 40319 362815 3626193 39832491 476569288
27618534 1 -16 157 -1238 8601 | 40319 362815 3626193 39832491 476569287
27618543 1 -16 157 -1240 8632 | 40319 362815 3626193 39832493 476569544
27631584 1 -16 159 -1294 9421 | 40319 362815 3626191 39832305 476559107
27631845 1 -16 158 -1263 8886 | 40319 362815 3626192 39832395 476563890
27631854 1 -16 158 -1263 8917 | 40319 362815 3626192 39832395 476563859
27634815 1 -16 158 -1262 8886 | 40319 362815 3626192 39832394 476563746
27635184 1 -16 159 -1297 9549 | 40319 362815 3626191 39832308 476559411
27635814 1 -16 159 -1302 9751 | 40319 362815 3626191 39832313 476559929
27638145 1 -16 158 -1262 8844 | 40319 362815 3626192 39832394 476563788
27638154 1 -16 158 -1262 8878 | 40319 362815 3626192 39832394 476563754
27638415 1 -16 159 -1297 9523 | 40319 362815 3626191 39832308 476559437
27638514 1 -16 159 -1294 9347 | 40319 362815 3626191 39832305 476559181
27641835 1 -16 159 -1295 9496 | 40319 362815 3626191 39832306 476559176
27641853 1 -16 159 -1295 9448 | 40319 362815 3626191 39832306 476559224
27643815 1 -16 158 -1266 8943 | 40319 362815 3626192 39832398 476564265
27645183 1 -16 157 -1236 8511 | 40319 362815 3626193 39832489 476569089
27645813 1 -16 157 -1247 8934 | 40319 362815 3626193 39832500 476570250
27648135 1 -16 159 -1304 9844 | 40319 362815 3626191 39832315 476560124
27648153 1 -16 159 -1300 9619 | 40319 362815 3626191 39832311 476559773
27648315 1 -16 159 -1302 9746 | 40319 362815 3626191 39832313 476559934
27648513 1 -16 159 -1320 10466 | 40319 362815 3626191 39832331 476561806
27651384 1 -16 158 -1270 9200 | 40319 362815 3626192 39832402 476564584
27651483 1 -16 158 -1274 9332 | 40319 362815 3626192 39832406 476565028
27651834 1 -16 157 -1239 8676 | 40319 362815 3626193 39832492 476569356
27651843 1 -16 157 -1239 8664 | 40319 362815 3626193 39832492 476569368
27653814 1 -16 158 -1275 9348 | 40319 362815 3626192 39832407 476565156
27654183 1 -16 157 -1246 8872 | 40319 362815 3626193 39832499 476570168
27654813 1 -16 156 -1220 8518 | 40319 362815 3626194 39832594 476575490
27658134 1 -16 156 -1213 8288 | 40319 362815 3626194 39832587 476574712
27658143 1 -16 156 -1213 8285 | 40319 362815 3626194 39832587 476574715
27658314 1 -16 157 -1248 8998 | 40319 362815 3626193 39832501 476570330
27658413 1 -16 157 -1253 9126 | 40319 362815 3626193 39832506 476570922
27681345 1 -16 156 -1213 8259 | 40319 362815 3626194 39832587 476574741
27681354 1 -16 156 -1212 8314 | 40319 362815 3626194 39832586 476574542
27681435 1 -16 156 -1212 8307 | 40319 362815 3626194 39832586 476574549
27681453 1 -16 156 -1208 8077 | 40319 362815 3626194 39832582 476574203
27681534 1 -16 156 -1208 8079 | 40319 362815 3626194 39832582 476574201
27681543 1 -16 156 -1213 8267 | 40319 362815 3626194 39832587 476574733
27683145 1 -16 157 -1244 8834 | 40319 362815 3626193 39832497 476569918
27683154 1 -16 157 -1244 8890 | 40319 362815 3626193 39832497 476569862
27683415 1 -16 157 -1240 8646 | 40319 362815 3626193 39832493 476569530
27683514 1 -16 158 -1278 9464 | 40319 362815 3626192 39832410 476565472
27684135 1 -16 158 -1280 9632 | 40319 362815 3626192 39832412 476565592
27684153 1 -16 158 -1278 9477 | 40319 362815 3626192 39832410 476565459
27684315 1 -16 157 -1242 8748 | 40319 362815 3626193 39832495 476569716
27684513 1 -16 157 -1256 9277 | 40319 362815 3626193 39832509 476571203
27685134 1 -16 157 -1254 9257 | 40319 362815 3626193 39832507 476570935
27685143 1 -16 157 -1252 9135 | 40319 362815 3626193 39832505 476570769
27685314 1 -16 158 -1292 10100 | 40319 362815 3626192 39832424 476566852
27685413 1 -16 157 -1256 9254 | 40319 362815 3626193 39832509 476571226
27813456 1 -16 156 -1221 8521 | 40319 362815 3626194 39832595 476575631
27813465 1 -16 156 -1213 8254 | 40319 362815 3626194 39832587 476574746
27813546 1 -16 156 -1214 8282 | 40319 362815 3626194 39832588 476574862
27813564 1 -16 157 -1249 9030 | 40319 362815 3626193 39832502 476570442
27813645 1 -16 157 -1249 9055 | 40319 362815 3626193 39832502 476570417
27813654 1 -16 156 -1213 8262 | 40319 362815 3626194 39832587 476574738
27814356 1 -16 156 -1213 8240 | 40319 362815 3626194 39832587 476574760
27814365 1 -16 156 -1213 8238 | 40319 362815 3626194 39832587 476574762
27814536 1 -16 157 -1245 8887 | 40319 362815 3626193 39832498 476570009
27814563 1 -16 156 -1213 8254 | 40319 362815 3626194 39832587 476574746
27814635 1 -16 157 -1245 8863 | 40319 362815 3626193 39832498 476570033
27814653 1 -16 157 -1245 8861 | 40319 362815 3626193 39832498 476570035
27815346 1 -16 157 -1245 8870 | 40319 362815 3626193 39832498 476570026
27815364 1 -16 157 -1245 8855 | 40319 362815 3626193 39832498 476570041
27815436 1 -16 156 -1213 8267 | 40319 362815 3626194 39832587 476574733
27815463 1 -16 157 -1245 8886 | 40319 362815 3626193 39832498 476570010
27815634 1 -16 156 -1215 8320 | 40319 362815 3626194 39832589 476574968
27815643 1 -16 156 -1214 8281 | 40319 362815 3626194 39832588 476574863
27816345 1 -16 156 -1213 8261 | 40319 362815 3626194 39832587 476574739
27816354 1 -16 157 -1249 9044 | 40319 362815 3626193 39832502 476570428
27816435 1 -16 157 -1249 9042 | 40319 362815 3626193 39832502 476570430
27816453 1 -16 156 -1214 8272 | 40319 362815 3626194 39832588 476574872
27816534 1 -16 156 -1213 8251 | 40319 362815 3626194 39832587 476574749
27816543 1 -16 156 -1221 8523 | 40319 362815 3626194 39832595 476575629
27831456 1 -16 157 -1250 9012 | 40319 362815 3626193 39832503 476570604
27831465 1 -16 157 -1245 8856 | 40319 362815 3626193 39832498 476570040
27831546 1 -16 157 -1245 8840 | 40319 362815 3626193 39832498 476570056
27831564 1 -16 157 -1237 8497 | 40319 362815 3626193 39832490 476569247
27831645 1 -16 157 -1237 8506 | 40319 362815 3626193 39832490 476569238
27831654 1 -16 157 -1246 8903 | 40319 362815 3626193 39832499 476570137
27834156 1 -16 157 -1240 8599 | 40319 362815 3626193 39832493 476569577
27834165 1 -16 157 -1238 8561 | 40319 362815 3626193 39832491 476569327
27834516 1 -16 157 -1247 8922 | 40319 362815 3626193 39832500 476570262
27834615 1 -16 158 -1274 9287 | 40319 362815 3626192 39832406 476565073
27835146 1 -16 159 -1313 10198 | 40319 362815 3626191 39832324 476561066
27835164 1 -16 159 -1305 9846 | 40319 362815 3626191 39832316 476560266
27835416 1 -16 157 -1237 8524 | 40319 362815 3626193 39832490 476569220
27835614 1 -16 158 -1273 9191 | 40319 362815 3626192 39832405 476565025
27836145 1 -16 158 -1266 8914 | 40319 362815 3626192 39832398 476564294
27836154 1 -16 158 -1274 9286 | 40319 362815 3626192 39832406 476565074
27836415 1 -16 159 -1309 10019 | 40319 362815 3626191 39832320 476560669
27836514 1 -16 158 -1271 9147 | 40319 362815 3626192 39832403 476564781
27841356 1 -16 158 -1277 9420 | 40319 362815 3626192 39832409 476565372
27841365 1 -16 158 -1277 9454 | 40319 362815 3626192 39832409 476565338
27841536 1 -16 159 -1310 10059 | 40319 362815 3626191 39832321 476560773
27841563 1 -16 158 -1271 9166 | 40319 362815 3626192 39832403 476564762
27841635 1 -16 159 -1306 9856 | 40319 362815 3626191 39832317 476560400
27841653 1 -16 158 -1267 8997 | 40319 362815 3626192 39832399 476564355
27843156 1 -16 157 -1240 8639 | 40319 362815 3626193 39832493 476569537
27843165 1 -16 157 -1240 8646 | 40319 362815 3626193 39832493 476569530
27843516 1 -16 157 -1237 8519 | 40319 362815 3626193 39832490 476569225
27843615 1 -16 158 -1272 9216 | 40319 362815 3626192 39832404 476564856
27845136 1 -16 158 -1273 9257 | 40319 362815 3626192 39832405 476564959
27845163 1 -16 158 -1275 9316 | 40319 362815 3626192 39832407 476565188
27845316 1 -16 157 -1240 8647 | 40319 362815 3626193 39832493 476569529
27845613 1 -16 156 -1224 8670 | 40319 362815 3626194 39832598 476575914
27846135 1 -16 159 -1314 10189 | 40319 362815 3626191 39832325 476561219
27846153 1 -16 159 -1310 10030 | 40319 362815 3626191 39832321 476560802
27846315 1 -16 159 -1314 10198 | 40319 362815 3626191 39832325 476561210
27846513 1 -16 157 -1248 8928 | 40319 362815 3626193 39832501 476570400
27851346 1 -16 158 -1274 9306 | 40319 362815 3626192 39832406 476565054
27851364 1 -16 159 -1310 10104 | 40319 362815 3626191 39832321 476560728
27851436 1 -16 158 -1274 9331 | 40319 362815 3626192 39832406 476565029
27851463 1 -16 159 -1308 10019 | 40319 362815 3626191 39832319 476560525
27851634 1 -16 158 -1278 9449 | 40319 362815 3626192 39832410 476565487
27851643 1 -16 158 -1276 9368 | 40319 362815 3626192 39832408 476565280
27853146 1 -16 159 -1312 10171 | 40319 362815 3626191 39832323 476560949
27853164 1 -16 159 -1310 10066 | 40319 362815 3626191 39832321 476560766
27853416 1 -16 157 -1240 8661 | 40319 362815 3626193 39832493 476569515
27853614 1 -16 159 -1314 10213 | 40319 362815 3626191 39832325 476561195
27854136 1 -16 158 -1277 9465 | 40319 362815 3626192 39832409 476565327
27854163 1 -16 158 -1265 8890 | 40319 362815 3626192 39832397 476564174
27854316 1 -16 157 -1247 8926 | 40319 362815 3626193 39832500 476570258
27854613 1 -16 157 -1248 8932 | 40319 362815 3626193 39832501 476570396
27856134 1 -16 156 -1218 8425 | 40319 362815 3626194 39832592 476575295
27856143 1 -16 156 -1216 8350 | 40319 362815 3626194 39832590 476575082
27856314 1 -16 157 -1256 9262 | 40319 362815 3626193 39832509 476571218
27856413 1 -16 156 -1225 8714 | 40319 362815 3626194 39832599 476576014
27861345 1 -16 156 -1218 8471 | 40319 362815 3626194 39832592 476575249
27861354 1 -16 156 -1212 8249 | 40319 362815 3626194 39832586 476574607
27861435 1 -16 156 -1212 8247 | 40319 362815 3626194 39832586 476574609
27861453 1 -16 156 -1212 8240 | 40319 362815 3626194 39832586 476574616
27861534 1 -16 156 -1212 8247 | 40319 362815 3626194 39832586 476574609
27861543 1 -16 156 -1216 8351 | 40319 362815 3626194 39832590 476575081
27863145 1 -16 157 -1249 9020 | 40319 362815 3626193 39832502 476570452
27863154 1 -16 157 -1245 8858 | 40319 362815 3626193 39832498 476570038
27863415 1 -16 157 -1246 8877 | 40319 362815 3626193 39832499 476570163
27863514 1 -16 158 -1286 9796 | 40319 362815 3626192 39832418 476566292
27864135 1 -16 158 -1284 9753 | 40319 362815 3626192 39832416 476566047
27864153 1 -16 158 -1286 9807 | 40319 362815 3626192 39832418 476566281
27864315 1 -16 157 -1246 8859 | 40319 362815 3626193 39832499 476570181
27864513 1 -16 156 -1224 8691 | 40319 362815 3626194 39832598 476575893
27865134 1 -16 156 -1218 8457 | 40319 362815 3626194 39832592 476575263
27865143 1 -16 156 -1216 8349 | 40319 362815 3626194 39832590 476575083
27865314 1 -16 157 -1256 9278 | 40319 362815 3626193 39832509 476571202
27865413 1 -16 156 -1224 8655 | 40319 362815 3626194 39832598 476575929
28345617 1 -16 157 -1257 9307 | 40319 362815 3626193 39832510 476571317
28346517 1 -16 157 -1244 8815 | 40319 362815 3626193 39832497 476569937
28354617 1 -16 157 -1245 8841 | 40319 362815 3626193 39832498 476570055
28356417 1 -16 158 -1276 9449 | 40319 362815 3626192 39832408 476565199
28364517 1 -16 158 -1276 9425 | 40319 362815 3626192 39832408 476565223
28365417 1 -16 157 -1244 8842 | 40319 362815 3626193 39832497 476569910
28436517 1 -16 157 -1244 8804 | 40319 362815 3626193 39832497 476569948
28463517 1 -16 158 -1272 9218 | 40319 362815 3626192 39832404 476564854
28536417 1 -16 158 -1272 9238 | 40319 362815 3626192 39832404 476564834
32416875 1 -16 156 -1232 9017 | 40319 362815 3626194 39832606 476576719
32417856 1 -16 155 -1196 8261 | 40319 362815 3626195 39832691 476581003
32417865 1 -16 155 -1196 8254 | 40319 362815 3626195 39832691 476581010
32418576 1 -16 156 -1232 9013 | 40319 362815 3626194 39832606 476576723
32418675 1 -16 155 -1197 8285 | 40319 362815 3626195 39832692 476581123
32418756 1 -16 155 -1196 8260 | 40319 362815 3626195 39832691 476581004
32458176 1 -16 156 -1217 8400 | 40319 362815 3626194 39832591 476575176
32461875 1 -16 157 -1244 8738 | 40319 362815 3626193 39832497 476570014
32468175 1 -16 158 -1280 9598 | 40319 362815 3626192 39832412 476565626
32471856 1 -16 157 -1245 8844 | 40319 362815 3626193 39832498 476570052
32471865 1 -16 157 -1245 8838 | 40319 362815 3626193 39832498 476570058
32478156 1 -16 156 -1209 8127 | 40319 362815 3626194 39832583 476574297
32478165 1 -16 156 -1209 8118 | 40319 362815 3626194 39832583 476574306
32481576 1 -16 156 -1208 8026 | 40319 362815 3626194 39832582 476574254
32481675 1 -16 156 -1212 8213 | 40319 362815 3626194 39832586 476574643
32481756 1 -16 156 -1212 8211 | 40319 362815 3626194 39832586 476574645
32481765 1 -16 156 -1219 8433 | 40319 362815 3626194 39832593 476575431
32485176 1 -16 157 -1241 8647 | 40319 362815 3626193 39832494 476569673
32486175 1 -16 158 -1282 9711 | 40319 362815 3626192 39832414 476565801
32487156 1 -16 156 -1209 8130 | 40319 362815 3626194 39832583 476574294
32487165 1 -16 156 -1211 8169 | 40319 362815 3626194 39832585 476574543
32517846 1 -16 158 -1278 9386 | 40319 362815 3626192 39832410 476565550
32517864 1 -16 157 -1244 8754 | 40319 362815 3626193 39832497 476569998
32518476 1 -16 158 -1277 9261 | 40319 362815 3626192 39832409 476565531
32518674 1 -16 157 -1244 8755 | 40319 362815 3626193 39832497 476569997
32518746 1 -16 158 -1276 9308 | 40319 362815 3626192 39832408 476565340
32518764 1 -16 157 -1252 9054 | 40319 362815 3626193 39832505 476570850
32548176 1 -16 156 -1217 8363 | 40319 362815 3626194 39832591 476575213
32561874 1 -16 157 -1238 8539 | 40319 362815 3626193 39832491 476569349
32568174 1 -16 158 -1273 9301 | 40319 362815 3626192 39832405 476564915
32571846 1 -16 159 -1309 10020 | 40319 362815 3626191 39832320 476560668
32571864 1 -16 159 -1308 9995 | 40319 362815 3626191 39832319 476560549
32578146 1 -16 158 -1276 9380 | 40319 362815 3626192 39832408 476565268
32578164 1 -16 158 -1272 9226 | 40319 362815 3626192 39832404 476564846
32581476 1 -16 158 -1271 9107 | 40319 362815 3626192 39832403 476564821
32581674 1 -16 158 -1269 9110 | 40319 362815 3626192 39832401 476564530
32581746 1 -16 159 -1304 9804 | 40319 362815 3626191 39832315 476560164
32581764 1 -16 158 -1275 9329 | 40319 362815 3626192 39832407 476565175
32584176 1 -16 158 -1272 9179 | 40319 362815 3626192 39832404 476564893
32586174 1 -16 159 -1308 10012 | 40319 362815 3626191 39832319 476560532
32587146 1 -16 158 -1269 9089 | 40319 362815 3626192 39832401 476564551
32587164 1 -16 158 -1274 9343 | 40319 362815 3626192 39832406 476565017
32614875 1 -16 158 -1286 9684 | 40319 362815 3626192 39832418 476566404
32615874 1 -16 158 -1277 9315 | 40319 362815 3626192 39832409 476565477
32617845 1 -16 157 -1244 8767 | 40319 362815 3626193 39832497 476569985
32617854 1 -16 157 -1244 8770 | 40319 362815 3626193 39832497 476569982
32618475 1 -16 159 -1308 9904 | 40319 362815 3626191 39832319 476560640
32618574 1 -16 159 -1316 10267 | 40319 362815 3626191 39832327 476561429
32618745 1 -16 157 -1241 8648 | 40319 362815 3626193 39832494 476569672
32618754 1 -16 157 -1243 8709 | 40319 362815 3626193 39832496 476569899
32648175 1 -16 159 -1310 10046 | 40319 362815 3626191 39832321 476560786
32651874 1 -16 157 -1239 8573 | 40319 362815 3626193 39832492 476569459
32658174 1 -16 158 -1274 9320 | 40319 362815 3626192 39832406 476565040
32671845 1 -16 157 -1239 8577 | 40319 362815 3626193 39832492 476569455
32671854 1 -16 157 -1239 8589 | 40319 362815 3626193 39832492 476569443
32678145 1 -16 156 -1211 8166 | 40319 362815 3626194 39832585 476574546
32678154 1 -16 156 -1211 8177 | 40319 362815 3626194 39832585 476574535
32681475 1 -16 159 -1305 9845 | 40319 362815 3626191 39832316 476560267
32681574 1 -16 159 -1308 9980 | 40319 362815 3626191 39832319 476560564
32681745 1 -16 158 -1273 9297 | 40319 362815 3626192 39832405 476564919
32681754 1 -16 158 -1274 9321 | 40319 362815 3626192 39832406 476565039
32684175 1 -16 159 -1297 9527 | 40319 362815 3626191 39832308 476559433
32685174 1 -16 159 -1302 9734 | 40319 362815 3626191 39832313 476559946
32687145 1 -16 156 -1206 8002 | 40319 362815 3626194 39832580 476573990
32687154 1 -16 156 -1206 7991 | 40319 362815 3626194 39832580 476574001
32714856 1 -16 158 -1275 9245 | 40319 362815 3626192 39832407 476565259
32714865 1 -16 158 -1275 9256 | 40319 362815 3626192 39832407 476565248
32715846 1 -16 159 -1315 10199 | 40319 362815 3626191 39832326 476561353
32715864 1 -16 159 -1320 10432 | 40319 362815 3626191 39832331 476561840
32716845 1 -16 158 -1281 9537 | 40319 362815 3626192 39832413 476565831
32716854 1 -16 158 -1287 9791 | 40319 362815 3626192 39832419 476566441
32718456 1 -16 157 -1251 9060 | 40319 362815 3626193 39832504 476570700
32718465 1 -16 157 -1242 8674 | 40319 362815 3626193 39832495 476569790
32718546 1 -16 157 -1242 8673 | 40319 362815 3626193 39832495 476569791
32718564 1 -16 157 -1250 9014 | 40319 362815 3626193 39832503 476570602
32718645 1 -16 157 -1248 8942 | 40319 362815 3626193 39832501 476570386
32718654 1 -16 157 -1254 9182 | 40319 362815 3626193 39832507 476571010
32741856 1 -16 158 -1268 9009 | 40319 362815 3626192 39832400 476564487
32741865 1 -16 158 -1266 8923 | 40319 362815 3626192 39832398 476564285
32748156 1 -16 158 -1267 9019 | 40319 362815 3626192 39832399 476564333
32748165 1 -16 158 -1265 8930 | 40319 362815 3626192 39832397 476564134
32751846 1 -16 159 -1299 9582 | 40319 362815 3626191 39832310 476559666
32751864 1 -16 159 -1304 9802 | 40319 362815 3626191 39832315 476560166
32758146 1 -16 159 -1305 9864 | 40319 362815 3626191 39832316 476560248
32758164 1 -16 159 -1308 9998 | 40319 362815 3626191 39832319 476560546
32761845 1 -16 157 -1235 8437 | 40319 362815 3626193 39832488 476569019
32761854 1 -16 157 -1236 8459 | 40319 362815 3626193 39832489 476569141
32768145 1 -16 156 -1206 7997 | 40319 362815 3626194 39832580 476573995
32768154 1 -16 156 -1206 7973 | 40319 362815 3626194 39832580 476574019
32781456 1 -16 156 -1211 8156 | 40319 362815 3626194 39832585 476574556
32781465 1 -16 156 -1206 7968 | 40319 362815 3626194 39832580 476574024
32781546 1 -16 156 -1206 7969 | 40319 362815 3626194 39832580 476574023
32781564 1 -16 156 -1211 8177 | 40319 362815 3626194 39832585 476574535
32781645 1 -16 156 -1209 8101 | 40319 362815 3626194 39832583 476574323
32781654 1 -16 156 -1214 8270 | 40319 362815 3626194 39832588 476574874
32784156 1 -16 157 -1239 8600 | 40319 362815 3626193 39832492 476569432
32784165 1 -16 157 -1235 8446 | 40319 362815 3626193 39832488 476569010
32785146 1 -16 158 -1273 9304 | 40319 362815 3626192 39832405 476564912
32785164 1 -16 158 -1276 9412 | 40319 362815 3626192 39832408 476565236
32786145 1 -16 156 -1209 8140 | 40319 362815 3626194 39832583 476574284
32786154 1 -16 156 -1209 8098 | 40319 362815 3626194 39832583 476574326
32814675 1 -16 157 -1253 9169 | 40319 362815 3626193 39832506 476570879
32814756 1 -16 157 -1253 9162 | 40319 362815 3626193 39832506 476570886
32814765 1 -16 156 -1219 8457 | 40319 362815 3626194 39832593 476575407
32815674 1 -16 156 -1216 8359 | 40319 362815 3626194 39832590 476575073
32815746 1 -16 157 -1250 9017 | 40319 362815 3626193 39832503 476570599
32815764 1 -16 157 -1250 9020 | 40319 362815 3626193 39832503 476570596
32816475 1 -16 157 -1252 9090 | 40319 362815 3626193 39832505 476570814
32816574 1 -16 157 -1249 8972 | 40319 362815 3626193 39832502 476570500
32816745 1 -16 156 -1220 8495 | 40319 362815 3626194 39832594 476575513
32816754 1 -16 156 -1220 8491 | 40319 362815 3626194 39832594 476575517
32817456 1 -16 156 -1219 8444 | 40319 362815 3626194 39832593 476575420
32817465 1 -16 157 -1258 9359 | 40319 362815 3626193 39832511 476571409
32817546 1 -16 157 -1258 9359 | 40319 362815 3626193 39832511 476571409
32817564 1 -16 156 -1225 8698 | 40319 362815 3626194 39832599 476576030
32817645 1 -16 156 -1223 8615 | 40319 362815 3626194 39832597 476575825
32817654 1 -16 155 -1196 8194 | 40319 362815 3626195 39832691 476581070
32841675 1 -16 157 -1237 8490 | 40319 362815 3626193 39832490 476569254
32841756 1 -16 157 -1237 8485 | 40319 362815 3626193 39832490 476569259
32841765 1 -16 157 -1244 8759 | 40319 362815 3626193 39832497 476569993
32845176 1 -16 157 -1238 8564 | 40319 362815 3626193 39832491 476569324
32846175 1 -16 159 -1306 9951 | 40319 362815 3626191 39832317 476560305
32847156 1 -16 158 -1269 9126 | 40319 362815 3626192 39832401 476564514
32847165 1 -16 158 -1273 9231 | 40319 362815 3626192 39832405 476564985
32851674 1 -16 158 -1271 9206 | 40319 362815 3626192 39832403 476564722
32851746 1 -16 159 -1304 9759 | 40319 362815 3626191 39832315 476560209
32851764 1 -16 158 -1267 8983 | 40319 362815 3626192 39832399 476564369
32854176 1 -16 157 -1238 8544 | 40319 362815 3626193 39832491 476569344
32856174 1 -16 158 -1271 9203 | 40319 362815 3626192 39832403 476564725
32857146 1 -16 159 -1307 9945 | 40319 362815 3626191 39832318 476560455
32857164 1 -16 159 -1308 10009 | 40319 362815 3626191 39832319 476560535
32861475 1 -16 159 -1307 9940 | 40319 362815 3626191 39832318 476560460
32861574 1 -16 159 -1308 10009 | 40319 362815 3626191 39832319 476560535
32861745 1 -16 158 -1278 9474 | 40319 362815 3626192 39832410 476565462
32861754 1 -16 158 -1279 9515 | 40319 362815 3626192 39832411 476565565
32864175 1 -16 159 -1305 9836 | 40319 362815 3626191 39832316 476560276
32865174 1 -16 158 -1265 8943 | 40319 362815 3626192 39832397 476564121
32867145 1 -16 156 -1209 8119 | 40319 362815 3626194 39832583 476574305
32867154 1 -16 156 -1209 8114 | 40319 362815 3626194 39832583 476574310
32871456 1 -16 156 -1211 8178 | 40319 362815 3626194 39832585 476574534
32871465 1 -16 156 -1206 7970 | 40319 362815 3626194 39832580 476574022
32871546 1 -16 156 -1206 7951 | 40319 362815 3626194 39832580 476574041
32871564 1 -16 156 -1209 8087 | 40319 362815 3626194 39832583 476574337
32871645 1 -16 156 -1209 8073 | 40319 362815 3626194 39832583 476574351
32871654 1 -16 156 -1218 8408 | 40319 362815 3626194 39832592 476575312
32874156 1 -16 157 -1239 8587 | 40319 362815 3626193 39832492 476569445
32874165 1 -16 157 -1235 8416 | 40319 362815 3626193 39832488 476569040
32875146 1 -16 158 -1275 9355 | 40319 362815 3626192 39832407 476565149
32875164 1 -16 158 -1278 9464 | 40319 362815 3626192 39832410 476565472
32876145 1 -16 156 -1211 8175 | 40319 362815 3626194 39832585 476574537
32876154 1 -16 156 -1214 8268 | 40319 362815 3626194 39832588 476574876
34127856 1 -16 154 -1160 7502 | 40319 362815 3626196 39832776 476585290
34127865 1 -16 154 -1160 7499 | 40319 362815 3626196 39832776 476585293
34128675 1 -16 154 -1161 7532 | 40319 362815 3626196 39832777 476585404
34157826 1 -16 158 -1272 9208 | 40319 362815 3626192 39832404 476564864
34158726 1 -16 158 -1274 9331 | 40319 362815 3626192 39832406 476565029
34167825 1 -16 157 -1242 8715 | 40319 362815 3626193 39832495 476569749
34168275 1 -16 159 -1304 9834 | 40319 362815 3626191 39832315 476560134
34168725 1 -16 157 -1237 8567 | 40319 362815 3626193 39832490 476569177
34172856 1 -16 158 -1280 9507 | 40319 362815 3626192 39832412 476565717
34172865 1 -16 158 -1280 9535 | 40319 362815 3626192 39832412 476565689
34175826 1 -16 159 -1306 9918 | 40319 362815 3626191 39832317 476560338
34176825 1 -16 157 -1237 8571 | 40319 362815 3626193 39832490 476569173
34178256 1 -16 157 -1238 8567 | 40319 362815 3626193 39832491 476569321
34178265 1 -16 157 -1238 8575 | 40319 362815 3626193 39832491 476569313
34178526 1 -16 158 -1273 9319 | 40319 362815 3626192 39832405 476564897
34178625 1 -16 157 -1241 8752 | 40319 362815 3626193 39832494 476569568
34182675 1 -16 157 -1248 8986 | 40319 362815 3626193 39832501 476570342
34182756 1 -16 157 -1248 8984 | 40319 362815 3626193 39832501 476570344
34182765 1 -16 157 -1253 9108 | 40319 362815 3626193 39832506 476570940
34185726 1 -16 159 -1308 10018 | 40319 362815 3626191 39832319 476560526
34186275 1 -16 159 -1308 9996 | 40319 362815 3626191 39832319 476560548
34186725 1 -16 157 -1241 8735 | 40319 362815 3626193 39832494 476569585
34187256 1 -16 157 -1238 8585 | 40319 362815 3626193 39832491 476569303
34187265 1 -16 157 -1238 8547 | 40319 362815 3626193 39832491 476569341
34187526 1 -16 158 -1273 9270 | 40319 362815 3626192 39832405 476564946
34187625 1 -16 157 -1242 8730 | 40319 362815 3626193 39832495 476569734
34217865 1 -16 154 -1160 7498 | 40319 362815 3626196 39832776 476585294
34218675 1 -16 154 -1161 7528 | 40319 362815 3626196 39832777 476585408
34218756 1 -16 154 -1160 7489 | 40319 362815 3626196 39832776 476585303
34268175 1 -16 158 -1276 9418 | 40319 362815 3626192 39832408 476565230
34271865 1 -16 157 -1248 8977 | 40319 362815 3626193 39832501 476570351
34278156 1 -16 156 -1209 8118 | 40319 362815 3626194 39832583 476574306
34278165 1 -16 156 -1209 8109 | 40319 362815 3626194 39832583 476574315
34281675 1 -16 156 -1216 8378 | 40319 362815 3626194 39832590 476575054
34281756 1 -16 156 -1216 8348 | 40319 362815 3626194 39832590 476575084
34281765 1 -16 156 -1226 8746 | 40319 362815 3626194 39832600 476576126
34286175 1 -16 158 -1280 9607 | 40319 362815 3626192 39832412 476565617
34287156 1 -16 156 -1209 8151 | 40319 362815 3626194 39832583 476574273
34287165 1 -16 156 -1209 8052 | 40319 362815 3626194 39832583 476574372
34518726 1 -16 157 -1242 8729 | 40319 362815 3626193 39832495 476569735
34571826 1 -16 158 -1281 9594 | 40319 362815 3626192 39832413 476565774
34581726 1 -16 158 -1277 9461 | 40319 362815 3626192 39832409 476565331
34617825 1 -16 158 -1267 8979 | 40319 362815 3626192 39832399 476564373
34618275 1 -16 159 -1304 9801 | 40319 362815 3626191 39832315 476560167
34618725 1 -16 158 -1266 8986 | 40319 362815 3626192 39832398 476564222
34628175 1 -16 159 -1309 10026 | 40319 362815 3626191 39832320 476560662
34671825 1 -16 158 -1280 9532 | 40319 362815 3626192 39832412 476565692
34681275 1 -16 158 -1271 9209 | 40319 362815 3626192 39832403 476564719
34681725 1 -16 159 -1305 9879 | 40319 362815 3626191 39832316 476560233
34682175 1 -16 158 -1271 9233 | 40319 362815 3626192 39832403 476564695
34712865 1 -16 157 -1238 8566 | 40319 362815 3626193 39832491 476569322
34715826 1 -16 159 -1288 9120 | 40319 362815 3626191 39832299 476558544
34716825 1 -16 159 -1297 9567 | 40319 362815 3626191 39832308 476559393
34718256 1 -16 158 -1270 9134 | 40319 362815 3626192 39832402 476564650
34718265 1 -16 158 -1270 9153 | 40319 362815 3626192 39832402 476564631
34718526 1 -16 159 -1294 9436 | 40319 362815 3626191 39832305 476559092
34718625 1 -16 159 -1301 9776 | 40319 362815 3626191 39832312 476559760
34721865 1 -16 157 -1238 8569 | 40319 362815 3626193 39832491 476569319
34728156 1 -16 158 -1271 9244 | 40319 362815 3626192 39832403 476564684
34728165 1 -16 158 -1271 9213 | 40319 362815 3626192 39832403 476564715
34751826 1 -16 159 -1303 9783 | 40319 362815 3626191 39832314 476560041
34761825 1 -16 158 -1269 9121 | 40319 362815 3626192 39832401 476564519
34781256 1 -16 156 -1204 7876 | 40319 362815 3626194 39832578 476573828
34781265 1 -16 156 -1204 7898 | 40319 362815 3626194 39832578 476573806
34781526 1 -16 158 -1267 9053 | 40319 362815 3626192 39832399 476564299
34781625 1 -16 158 -1269 9150 | 40319 362815 3626192 39832401 476564490
34782156 1 -16 156 -1204 7924 | 40319 362815 3626194 39832578 476573780
34782165 1 -16 156 -1204 7915 | 40319 362815 3626194 39832578 476573789
34812675 1 -16 156 -1209 8126 | 40319 362815 3626194 39832583 476574298
34812765 1 -16 156 -1213 8219 | 40319 362815 3626194 39832587 476574781
34815726 1 -16 159 -1297 9576 | 40319 362815 3626191 39832308 476559384
34816275 1 -16 159 -1302 9764 | 40319 362815 3626191 39832313 476559916
34816725 1 -16 158 -1266 9035 | 40319 362815 3626192 39832398 476564173
34817265 1 -16 158 -1273 9274 | 40319 362815 3626192 39832405 476564942
34817526 1 -16 159 -1301 9733 | 40319 362815 3626191 39832312 476559803
34817625 1 -16 158 -1266 8996 | 40319 362815 3626192 39832398 476564212
34821675 1 -16 156 -1209 8150 | 40319 362815 3626194 39832583 476574274
34821765 1 -16 156 -1211 8122 | 40319 362815 3626194 39832585 476574590
34826175 1 -16 159 -1306 9949 | 40319 362815 3626191 39832317 476560307
34827156 1 -16 158 -1272 9225 | 40319 362815 3626192 39832404 476564847
34827165 1 -16 158 -1282 9634 | 40319 362815 3626192 39832414 476565878
34851726 1 -16 159 -1299 9605 | 40319 362815 3626191 39832310 476559643
34861275 1 -16 158 -1267 9066 | 40319 362815 3626192 39832399 476564286
34861725 1 -16 159 -1303 9784 | 40319 362815 3626191 39832314 476560040
34862175 1 -16 158 -1267 9062 | 40319 362815 3626192 39832399 476564290
34872156 1 -16 156 -1204 7931 | 40319 362815 3626194 39832578 476573773
35148726 1 -16 159 -1306 9913 | 40319 362815 3626191 39832317 476560343
35168274 1 -16 160 -1335 10410 | 40319 362815 3626190 39832225 476555310
35168724 1 -16 158 -1274 9328 | 40319 362815 3626192 39832406 476565032
35172846 1 -16 159 -1308 9992 | 40319 362815 3626191 39832319 476560552
35172864 1 -16 160 -1340 10571 | 40319 362815 3626190 39832230 476555869
35174826 1 -16 160 -1323 9812 | 40319 362815 3626190 39832213 476554180
35176824 1 -16 158 -1274 9328 | 40319 362815 3626192 39832406 476565032
35178246 1 -16 159 -1309 10021 | 40319 362815 3626191 39832320 476560667
35178264 1 -16 159 -1299 9615 | 40319 362815 3626191 39832310 476559633
35178426 1 -16 159 -1296 9507 | 40319 362815 3626191 39832307 476559309
35178624 1 -16 158 -1272 9252 | 40319 362815 3626192 39832404 476564820
35182674 1 -16 159 -1300 9673 | 40319 362815 3626191 39832311 476559719
35182764 1 -16 159 -1305 9800 | 40319 362815 3626191 39832316 476560312
35184726 1 -16 160 -1328 10059 | 40319 362815 3626190 39832218 476554653
35186274 1 -16 160 -1333 10283 | 40319 362815 3626190 39832223 476555149
35186724 1 -16 158 -1272 9241 | 40319 362815 3626192 39832404 476564831
35187246 1 -16 159 -1305 9861 | 40319 362815 3626191 39832316 476560251
35187264 1 -16 159 -1299 9607 | 40319 362815 3626191 39832310 476559641
35187426 1 -16 159 -1296 9525 | 40319 362815 3626191 39832307 476559291
35187624 1 -16 158 -1277 9447 | 40319 362815 3626192 39832409 476565345
35218674 1 -16 157 -1248 8980 | 40319 362815 3626193 39832501 476570348
35218746 1 -16 158 -1280 9544 | 40319 362815 3626192 39832412 476565680
35218764 1 -16 157 -1254 9152 | 40319 362815 3626193 39832507 476571040
35268174 1 -16 160 -1340 10653 | 40319 362815 3626190 39832230 476555787
35271864 1 -16 160 -1344 10796 | 40319 362815 3626190 39832234 476556220
35278146 1 -16 159 -1302 9753 | 40319 362815 3626191 39832313 476559927
35278164 1 -16 159 -1305 9912 | 40319 362815 3626191 39832316 476560200
35281674 1 -16 159 -1308 10047 | 40319 362815 3626191 39832319 476560497
35281746 1 -16 160 -1344 10771 | 40319 362815 3626190 39832234 476556245
35281764 1 -16 159 -1317 10353 | 40319 362815 3626191 39832328 476561487
35286174 1 -16 160 -1336 10470 | 40319 362815 3626190 39832226 476555394
35287146 1 -16 159 -1301 9761 | 40319 362815 3626191 39832312 476559775
35287164 1 -16 159 -1305 9877 | 40319 362815 3626191 39832316 476560235
35418726 1 -16 157 -1237 8543 | 40319 362815 3626193 39832490 476569201
35481726 1 -16 158 -1274 9359 | 40319 362815 3626192 39832406 476565001
35618274 1 -16 159 -1303 9756 | 40319 362815 3626191 39832314 476560068
35618724 1 -16 158 -1275 9340 | 40319 362815 3626192 39832407 476565164
35628174 1 -16 159 -1304 9833 | 40319 362815 3626191 39832315 476560135
35671824 1 -16 157 -1257 9312 | 40319 362815 3626193 39832510 476571312
35681274 1 -16 158 -1267 9006 | 40319 362815 3626192 39832399 476564346
35681724 1 -16 159 -1314 10228 | 40319 362815 3626191 39832325 476561180
35712864 1 -16 159 -1305 9872 | 40319 362815 3626191 39832316 476560240
35714826 1 -16 160 -1326 10006 | 40319 362815 3626190 39832216 476554418
35716824 1 -16 160 -1345 10812 | 40319 362815 3626190 39832235 476556348
35718246 1 -16 159 -1318 10429 | 40319 362815 3626191 39832329 476561555
35718264 1 -16 160 -1342 10657 | 40319 362815 3626190 39832232 476556071
35718426 1 -16 160 -1334 10351 | 40319 362815 3626190 39832224 476555225
35718624 1 -16 160 -1340 10587 | 40319 362815 3626190 39832230 476555853
35721864 1 -16 159 -1305 9883 | 40319 362815 3626191 39832316 476560229
35728146 1 -16 160 -1340 10594 | 40319 362815 3626190 39832230 476555846
35728164 1 -16 160 -1338 10516 | 40319 362815 3626190 39832228 476555636
35741826 1 -16 160 -1336 10475 | 40319 362815 3626190 39832226 476555389
35761824 1 -16 158 -1283 9684 | 40319 362815 3626192 39832415 476565972
35781246 1 -16 157 -1252 9109 | 40319 362815 3626193 39832505 476570795
35781264 1 -16 158 -1275 9342 | 40319 362815 3626192 39832407 476565162
35781426 1 -16 159 -1312 10153 | 40319 362815 3626191 39832323 476560967
35781624 1 -16 159 -1310 10046 | 40319 362815 3626191 39832321 476560786
35812674 1 -16 158 -1266 9039 | 40319 362815 3626192 39832398 476564169
35812764 1 -16 158 -1269 9102 | 40319 362815 3626192 39832401 476564538
35814726 1 -16 160 -1325 9936 | 40319 362815 3626190 39832215 476554344
35816274 1 -16 160 -1331 10213 | 40319 362815 3626190 39832221 476554931
35816724 1 -16 159 -1301 9699 | 40319 362815 3626191 39832312 476559837
35817426 1 -16 160 -1326 10026 | 40319 362815 3626190 39832216 476554398
35821674 1 -16 158 -1266 9059 | 40319 362815 3626192 39832398 476564149
35821764 1 -16 158 -1268 9058 | 40319 362815 3626192 39832400 476564438
35827146 1 -16 160 -1328 10074 | 40319 362815 3626190 39832218 476554638
35841726 1 -16 160 -1333 10327 | 40319 362815 3626190 39832223 476555105
35861274 1 -16 159 -1301 9708 | 40319 362815 3626191 39832312 476559828
35861724 1 -16 160 -1352 11088 | 40319 362815 3626190 39832242 476557080
36148275 1 -16 160 -1327 9893 | 40319 362815 3626190 39832217 476554675
36148725 1 -16 159 -1286 9013 | 40319 362815 3626191 39832297 476558363
36158274 1 -16 160 -1324 9892 | 40319 362815 3626190 39832214 476554244
36158724 1 -16 159 -1302 9781 | 40319 362815 3626191 39832313 476559899
36178245 1 -16 158 -1266 8929 | 40319 362815 3626192 39832398 476564279
36178254 1 -16 158 -1266 8983 | 40319 362815 3626192 39832398 476564225
36178425 1 -16 159 -1301 9735 | 40319 362815 3626191 39832312 476559801
36178524 1 -16 159 -1306 9961 | 40319 362815 3626191 39832317 476560295
36184725 1 -16 160 -1322 9763 | 40319 362815 3626190 39832212 476554085
36185274 1 -16 160 -1317 9538 | 40319 362815 3626190 39832207 476553590
36185724 1 -16 160 -1335 10382 | 40319 362815 3626190 39832225 476555338
36187254 1 -16 158 -1266 9017 | 40319 362815 3626192 39832398 476564191
36187425 1 -16 159 -1300 9703 | 40319 362815 3626191 39832311 476559689
36187524 1 -16 159 -1304 9855 | 40319 362815 3626191 39832315 476560113
36218475 1 -16 159 -1304 9843 | 40319 362815 3626191 39832315 476560125
36218574 1 -16 159 -1308 9992 | 40319 362815 3626191 39832319 476560552
36218745 1 -16 157 -1238 8570 | 40319 362815 3626193 39832491 476569318
36218754 1 -16 157 -1239 8574 | 40319 362815 3626193 39832492 476569458
36248175 1 -16 160 -1341 10615 | 40319 362815 3626190 39832231 476555969
36258174 1 -16 160 -1331 10193 | 40319 362815 3626190 39832221 476554951
36278145 1 -16 158 -1266 9006 | 40319 362815 3626192 39832398 476564202
36278154 1 -16 158 -1266 9006 | 40319 362815 3626192 39832398 476564202
36281475 1 -16 160 -1332 10294 | 40319 362815 3626190 39832222 476554994
36281574 1 -16 160 -1334 10370 | 40319 362815 3626190 39832224 476555206
36281745 1 -16 159 -1303 9808 | 40319 362815 3626191 39832314 476560016
36281754 1 -16 159 -1305 9865 | 40319 362815 3626191 39832316 476560247
36284175 1 -16 160 -1324 9885 | 40319 362815 3626190 39832214 476554251
36285174 1 -16 160 -1323 9810 | 40319 362815 3626190 39832213 476554182
36287145 1 -16 158 -1266 9050 | 40319 362815 3626192 39832398 476564158
36287154 1 -16 158 -1266 9016 | 40319 362815 3626192 39832398 476564192
36418275 1 -16 160 -1338 10501 | 40319 362815 3626190 39832228 476555651
36418725 1 -16 159 -1298 9597 | 40319 362815 3626191 39832309 476559507
36481275 1 -16 159 -1303 9795 | 40319 362815 3626191 39832314 476560029
36481725 1 -16 160 -1335 10377 | 40319 362815 3626190 39832225 476555343
36518274 1 -16 159 -1299 9654 | 40319 362815 3626191 39832310 476559594
36518724 1 -16 158 -1271 9210 | 40319 362815 3626192 39832403 476564718
36581274 1 -16 158 -1266 9028 | 40319 362815 3626192 39832398 476564180
36581724 1 -16 159 -1310 10077 | 40319 362815 3626191 39832321 476560755
36712845 1 -16 157 -1233 8338 | 40319 362815 3626193 39832486 476568830
36712854 1 -16 157 -1232 8319 | 40319 362815 3626193 39832485 476568705
36714825 1 -16 159 -1287 9105 | 40319 362815 3626191 39832298 476558415
36715824 1 -16 159 -1294 9418 | 40319 362815 3626191 39832305 476559110
36718245 1 -16 158 -1279 9503 | 40319 362815 3626192 39832411 476565577
36718254 1 -16 158 -1276 9388 | 40319 362815 3626192 39832408 476565260
36718425 1 -16 159 -1304 9830 | 40319 362815 3626191 39832315 476560138
36718524 1 -16 159 -1306 9932 | 40319 362815 3626191 39832317 476560324
36721854 1 -16 157 -1233 8365 | 40319 362815 3626193 39832486 476568803
36751824 1 -16 158 -1269 9121 | 40319 362815 3626192 39832401 476564519
36781245 1 -16 156 -1218 8413 | 40319 362815 3626194 39832592 476575307
36781254 1 -16 156 -1214 8263 | 40319 362815 3626194 39832588 476574881
36781425 1 -16 158 -1285 9744 | 40319 362815 3626192 39832417 476566200
36781524 1 -16 158 -1282 9621 | 40319 362815 3626192 39832414 476565891
36812475 1 -16 159 -1307 9985 | 40319 362815 3626191 39832318 476560415
36812574 1 -16 159 -1304 9847 | 40319 362815 3626191 39832315 476560121
36814275 1 -16 160 -1335 10398 | 40319 362815 3626190 39832225 476555322
36815274 1 -16 160 -1326 9975 | 40319 362815 3626190 39832216 476554449
36821475 1 -16 159 -1304 9881 | 40319 362815 3626191 39832315 476560087
36821574 1 -16 159 -1301 9735 | 40319 362815 3626191 39832312 476559801
36841275 1 -16 159 -1298 9621 | 40319 362815 3626191 39832309 476559483
36851274 1 -16 159 -1296 9528 | 40319 362815 3626191 39832307 476559288
37145826 1 -16 159 -1284 9066 | 40319 362815 3626191 39832295 476558022
37146825 1 -16 160 -1320 9778 | 40319 362815 3626190 39832210 476553782
37148625 1 -16 160 -1320 9794 | 40319 362815 3626190 39832210 476553766
37154826 1 -16 159 -1285 9012 | 40319 362815 3626191 39832296 476558220
37156824 1 -16 159 -1296 9526 | 40319 362815 3626191 39832307 476559290
37158426 1 -16 160 -1321 9779 | 40319 362815 3626190 39832211 476553925
37158624 1 -16 160 -1334 10340 | 40319 362815 3626190 39832224 476555236
37165824 1 -16 159 -1300 9710 | 40319 362815 3626191 39832311 476559682
37168425 1 -16 160 -1336 10470 | 40319 362815 3626190 39832226 476555394
37168524 1 -16 160 -1344 10829 | 40319 362815 3626190 39832234 476556187
37185624 1 -16 159 -1309 10065 | 40319 362815 3626191 39832320 476560623
37186524 1 -16 159 -1308 10045 | 40319 362815 3626191 39832319 476560499
37214865 1 -16 158 -1276 9432 | 40319 362815 3626192 39832408 476565216
37215864 1 -16 159 -1308 10015 | 40319 362815 3626191 39832319 476560529
37216845 1 -16 158 -1273 9325 | 40319 362815 3626192 39832405 476564891
37216854 1 -16 158 -1273 9255 | 40319 362815 3626192 39832405 476564961
37218465 1 -16 157 -1237 8557 | 40319 362815 3626193 39832490 476569187
37218564 1 -16 157 -1241 8729 | 40319 362815 3626193 39832494 476569591
37218645 1 -16 157 -1241 8737 | 40319 362815 3626193 39832494 476569583
37218654 1 -16 157 -1243 8750 | 40319 362815 3626193 39832496 476569858
37251864 1 -16 160 -1336 10435 | 40319 362815 3626190 39832226 476555429
37261845 1 -16 159 -1299 9649 | 40319 362815 3626191 39832310 476559599
37261854 1 -16 159 -1302 9758 | 40319 362815 3626191 39832313 476559922
37281465 1 -16 158 -1274 9376 | 40319 362815 3626192 39832406 476564984
37281564 1 -16 158 -1274 9369 | 40319 362815 3626192 39832406 476564991
37281645 1 -16 158 -1274 9363 | 40319 362815 3626192 39832406 476564997
37281654 1 -16 158 -1279 9513 | 40319 362815 3626192 39832411 476565567
37416825 1 -16 160 -1320 9812 | 40319 362815 3626190 39832210 476553748
37418265 1 -16 159 -1294 9441 | 40319 362815 3626191 39832305 476559087
37418526 1 -16 160 -1323 9870 | 40319 362815 3626190 39832213 476554122
37418625 1 -16 160 -1324 9972 | 40319 362815 3626190 39832214 476554164
37461825 1 -16 160 -1332 10295 | 40319 362815 3626190 39832222 476554993
37481265 1 -16 158 -1267 9076 | 40319 362815 3626192 39832399 476564276
37481526 1 -16 160 -1331 10210 | 40319 362815 3626190 39832221 476554934
37481625 1 -16 160 -1328 10118 | 40319 362815 3626190 39832218 476554594
37518264 1 -16 160 -1328 10114 | 40319 362815 3626190 39832218 476554598
37518426 1 -16 160 -1322 9864 | 40319 362815 3626190 39832212 476553984
37518624 1 -16 160 -1332 10248 | 40319 362815 3626190 39832222 476555040
37561824 1 -16 158 -1269 9095 | 40319 362815 3626192 39832401 476564545
37581264 1 -16 159 -1302 9755 | 40319 362815 3626191 39832313 476559925
37581426 1 -16 160 -1336 10448 | 40319 362815 3626190 39832226 476555416
37581624 1 -16 160 -1340 10569 | 40319 362815 3626190 39832230 476555871
37612845 1 -16 157 -1232 8379 | 40319 362815 3626193 39832485 476568645
37612854 1 -16 157 -1232 8391 | 40319 362815 3626193 39832485 476568633
37614825 1 -16 159 -1284 9025 | 40319 362815 3626191 39832295 476558063
37615824 1 -16 159 -1297 9594 | 40319 362815 3626191 39832308 476559366
37618245 1 -16 158 -1269 9118 | 40319 362815 3626192 39832401 476564522
37618254 1 -16 158 -1269 9163 | 40319 362815 3626192 39832401 476564477
37618425 1 -16 159 -1300 9740 | 40319 362815 3626191 39832311 476559652
37618524 1 -16 159 -1301 9751 | 40319 362815 3626191 39832312 476559785
37621854 1 -16 157 -1232 8376 | 40319 362815 3626193 39832485 476568648
37651824 1 -16 158 -1276 9447 | 40319 362815 3626192 39832408 476565201
37681245 1 -16 156 -1209 8070 | 40319 362815 3626194 39832583 476574354
37681254 1 -16 156 -1209 8121 | 40319 362815 3626194 39832583 476574303
37681425 1 -16 158 -1280 9619 | 40319 362815 3626192 39832412 476565605
37681524 1 -16 158 -1276 9423 | 40319 362815 3626192 39832408 476565225
42318675 1 -16 154 -1162 7556 | 40319 362815 3626196 39832778 476585524
42381675 1 -16 156 -1216 8387 | 40319 362815 3626194 39832590 476575045
42381765 1 -16 156 -1223 8605 | 40319 362815 3626194 39832597 476575835
42618375 1 -16 160 -1329 10090 | 40319 362815 3626190 39832219 476554766
42618735 1 -16 159 -1302 9749 | 40319 362815 3626191 39832313 476559931
42681375 1 -16 160 -1329 10157 | 40319 362815 3626190 39832219 476554699
42681735 1 -16 160 -1334 10366 | 40319 362815 3626190 39832224 476555210
42718635 1 -16 160 -1344 10811 | 40319 362815 3626190 39832234 476556205
42781365 1 -16 158 -1269 9150 | 40319 362815 3626192 39832401 476564490
42781635 1 -16 159 -1305 9912 | 40319 362815 3626191 39832316 476560200
43281765 1 -16 155 -1196 8219 | 40319 362815 3626195 39832691 476581045
43618725 1 -16 158 -1266 9020 | 40319 362815 3626192 39832398 476564188
43718265 1 -16 158 -1270 9161 | 40319 362815 3626192 39832402 476564623
43718625 1 -16 159 -1301 9765 | 40319 362815 3626191 39832312 476559771
43781265 1 -16 156 -1204 7909 | 40319 362815 3626194 39832578 476573795
46281735 1 -16 160 -1336 10407 | 40319 362815 3626190 39832226 476555457
46718235 1 -16 157 -1252 9066 | 40319 362815 3626193 39832505 476570838
46718325 1 -16 158 -1278 9426 | 40319 362815 3626192 39832410 476565510
47318625 1 -16 160 -1329 10202 | 40319 362815 3626190 39832219 476554654
47618325 1 -16 158 -1272 9275 | 40319 362815 3626192 39832404 476564797
