class_id,size,representative,c8,c9,c10,c11,c12,c13,c14,Av8,Av9,Av10,Av11,Av12,Av13,Av14,cutoff
1,56,12345678,1,-16,153,-1140,7315,,,40319,362815,3626197,39832877,476591309,,,11
2,20,12345768,1,-16,153,-1141,7357,,,40319,362815,3626197,39832878,476591411,,,12
3,40,12345786,1,-16,154,-1172,7918,,,40319,362815,3626196,39832788,476586602,,,12
4,32,12346578,1,-16,153,-1141,7353,-43308,,40319,362815,3626197,39832878,476591415,6162162531,,13
5,32,12346758,1,-16,155,-1208,8672,,,40319,362815,3626195,39832703,476582320,,,12
6,32,12346785,1,-16,154,-1165,7624,,,40319,362815,3626196,39832781,476585888,,,12
7,32,12346857,1,-16,155,-1206,8598,,,40319,362815,3626195,39832701,476582106,,,12
8,32,12346875,1,-16,155,-1204,8512,,,40319,362815,3626195,39832699,476581904,,,12
9,16,12347658,1,-16,153,-1141,7343,-42808,,40319,362815,3626197,39832878,476591425,6162163721,,13
10,32,12347685,1,-16,155,-1204,8517,,,40319,362815,3626195,39832699,476581899,,,12
11,16,12347856,1,-16,154,-1166,7660,,,40319,362815,3626196,39832782,476585996,,,12
12,32,12347865,1,-16,154,-1167,7707,,,40319,362815,3626196,39832783,476586093,,,12
13,16,12348675,1,-16,154,-1169,7789,,,40319,362815,3626196,39832785,476586299,,,12
14,18,12354678,1,-16,153,-1141,7353,-43333,,40319,362815,3626197,39832878,476591415,6162162556,,13
15,12,12354768,1,-16,153,-1142,7394,,,40319,362815,3626197,39832879,476591518,,,12
16,24,12354786,1,-16,154,-1172,7906,-50724,,40319,362815,3626196,39832788,476586614,6161962922,,13
17,48,12356478,1,-16,155,-1204,8476,,,40319,362815,3626195,39832699,476581940,,,12
18,24,12356748,1,-16,155,-1194,8063,,,40319,362815,3626195,39832689,476580913,,,12
19,24,12356784,1,-16,154,-1165,7676,,,40319,362815,3626196,39832781,476585836,,,12
20,24,12356847,1,-16,157,-1268,9693,,,40319,362815,3626193,39832521,476572515,,,12
21,24,12356874,1,-16,155,-1195,8160,,,40319,362815,3626195,39832690,476580960,,,12
22,24,12357468,1,-16,156,-1240,9256,,,40319,362815,3626194,39832614,476577632,,,12
23,24,12357486,1,-16,157,-1270,9772,,,40319,362815,3626193,39832523,476572724,,,12
24,24,12357648,1,-16,156,-1236,9079,,,40319,362815,3626194,39832610,476577233,,,12
25,24,12357684,1,-16,155,-1197,8248,,,40319,362815,3626195,39832692,476581160,,,12
26,24,12357846,1,-16,156,-1229,8802,,,40319,362815,3626194,39832603,476576502,,,12
27,24,12357864,1,-16,156,-1232,8963,,,40319,362815,3626194,39832606,476576773,,,12
28,24,12358467,1,-16,157,-1272,9867,,,40319,362815,3626193,39832525,476572917,,,12
29,24,12358476,1,-16,156,-1235,9029,,,40319,362815,3626194,39832609,476577139,,,12
30,24,12358647,1,-16,158,-1304,10470,,,40319,362815,3626192,39832436,476568210,,,12
31,24,12358674,1,-16,156,-1232,8962,,,40319,362815,3626194,39832606,476576774,,,12
32,24,12358746,1,-16,157,-1268,9708,,,40319,362815,3626193,39832521,476572500,,,12
33,24,12358764,1,-16,155,-1197,8199,,,40319,362815,3626195,39832692,476581209,,,12
34,24,12365478,1,-16,153,-1141,7339,-42668,,40319,362815,3626197,39832878,476591429,6162164257,,13
35,24,12365748,1,-16,156,-1236,9086,,,40319,362815,3626194,39832610,476577226,,,12
36,24,12365784,1,-16,155,-1195,8148,,,40319,362815,3626195,39832690,476580972,,,12
37,24,12365847,1,-16,156,-1232,8902,,,40319,362815,3626194,39832606,476576834,,,12
38,24,12365874,1,-16,155,-1194,8088,,,40319,362815,3626195,39832689,476580888,,,12
39,12,12367458,1,-16,155,-1196,8128,,,40319,362815,3626195,39832691,476581136,,,12
40,24,12367485,1,-16,156,-1226,8671,,,40319,362815,3626194,39832600,476576201,,,12
41,24,12367548,1,-16,155,-1198,8231,,,40319,362815,3626195,39832693,476581321,,,12
42,24,12367584,1,-16,156,-1230,8872,,,40319,362815,3626194,39832604,476576576,,,12
43,24,12367845,1,-16,154,-1162,7543,,,40319,362815,3626196,39832778,476585537,,,12
44,24,12367854,1,-16,154,-1162,7544,,,40319,362815,3626196,39832778,476585536,,,12
45,12,12368475,1,-16,157,-1266,9599,,,40319,362815,3626193,39832519,476572321,,,12
46,24,12368547,1,-16,157,-1269,9739,,,40319,362815,3626193,39832522,476572613,,,12
47,24,12368574,1,-16,156,-1234,9029,,,40319,362815,3626194,39832608,476576995,,,12
48,24,12368745,1,-16,155,-1193,8068,,,40319,362815,3626195,39832688,476580764,,,12
49,24,12368754,1,-16,155,-1195,8140,,,40319,362815,3626195,39832690,476580980,,,12
50,12,12375648,1,-16,155,-1201,8351,,,40319,362815,3626195,39832696,476581633,,,12
51,24,12375684,1,-16,156,-1228,8780,-60826,,40319,362815,3626194,39832602,476576380,6161525174,,13
52,12,12375846,1,-16,157,-1267,9650,,,40319,362815,3626193,39832520,476572414,,,12
53,24,12375864,1,-16,156,-1234,9039,,,40319,362815,3626194,39832608,476576985,,,12
54,12,12376548,1,-16,153,-1141,7343,-42951,,40319,362815,3626197,39832878,476591425,6162163864,,13
55,24,12376584,1,-16,155,-1196,8164,,,40319,362815,3626195,39832691,476581100,,,12
56,24,12376845,1,-16,155,-1193,8070,,,40319,362815,3626195,39832688,476580762,,,12
57,24,12376854,1,-16,155,-1197,8224,,,40319,362815,3626195,39832692,476581184,,,12
58,24,12378564,1,-16,154,-1165,7650,-45828,,40319,362815,3626196,39832781,476585862,6161916114,,13
59,12,12378645,1,-16,154,-1160,7445,-40908,,40319,362815,3626196,39832776,476585347,6161884999,,13
60,24,12378654,1,-16,154,-1167,7737,,,40319,362815,3626196,39832783,476586063,,,12
61,12,12385674,1,-16,154,-1161,7495,-42405,,40319,362815,3626196,39832777,476585441,6161890214,,13
62,12,12385764,1,-16,156,-1236,9132,,,40319,362815,3626194,39832610,476577180,,,12
63,12,12386574,1,-16,156,-1233,9006,,,40319,362815,3626194,39832607,476576874,,,12
64,24,12386754,1,-16,154,-1166,7690,,,40319,362815,3626196,39832782,476585966,,,12
65,8,12435768,1,-16,153,-1142,7395,,,40319,362815,3626197,39832879,476591517,,,12
66,16,12435786,1,-16,154,-1173,7960,-52433,,40319,362815,3626196,39832789,476586704,6161967673,,13
67,8,12436578,1,-16,153,-1142,7390,,,40319,362815,3626197,39832879,476591522,,,12
68,16,12436758,1,-16,155,-1208,8660,-62891,,40319,362815,3626195,39832703,476582332,6161794935,,13
69,16,12436785,1,-16,154,-1165,7619,-43996,,40319,362815,3626196,39832781,476585893,6161919521,,13
70,16,12436857,1,-16,155,-1206,8588,-61453,,40319,362815,3626195,39832701,476582116,6161781329,,13
71,16,12436875,1,-16,155,-1204,8504,-59438,,40319,362815,3626195,39832699,476581912,6161769174,,13
72,8,12437658,1,-16,153,-1142,7380,-43566,,40319,362815,3626197,39832879,476591532,6162170394,,13
73,16,12437685,1,-16,155,-1204,8509,-59675,,40319,362815,3626195,39832699,476581907,6161768566,,13
74,8,12437856,1,-16,154,-1166,7654,-44654,,40319,362815,3626196,39832782,476586002,6161926432,,13
75,16,12437865,1,-16,154,-1167,7700,-45858,,40319,362815,3626196,39832783,476586100,6161932030,,13
76,8,12438675,1,-16,154,-1169,7781,-47776,,40319,362815,3626196,39832785,476586307,6161944595,,13
77,16,12453768,1,-16,155,-1204,8464,,,40319,362815,3626195,39832699,476581952,,,12
78,32,12453786,1,-16,155,-1192,7949,,,40319,362815,3626195,39832687,476580739,,,12
79,16,12456378,1,-16,155,-1190,7883,,,40319,362815,3626195,39832685,476580517,,,12
80,16,12456738,1,-16,155,-1194,8142,,,40319,362815,3626195,39832689,476580834,,,12
81,16,12456783,1,-16,154,-1165,7651,-45431,,40319,362815,3626196,39832781,476585861,6161915548,,13
82,16,12456837,1,-16,157,-1257,9251,,,40319,362815,3626193,39832510,476571373,,,12
83,16,12456873,1,-16,155,-1195,8180,,,40319,362815,3626195,39832690,476580940,,,12
84,16,12457368,1,-16,158,-1300,10255,,,40319,362815,3626192,39832432,476567849,,,12
85,16,12457386,1,-16,158,-1289,9800,-72881,,40319,362815,3626192,39832421,476566720,6161125545,,13
86,16,12457638,1,-16,156,-1223,8563,-55699,,40319,362815,3626194,39832597,476575877,6161495880,,13
87,16,12457683,1,-16,155,-1194,8125,-51271,,40319,362815,3626195,39832689,476580851,6161703378,,13
88,16,12457836,1,-16,157,-1250,8922,,,40319,362815,3626193,39832503,476570694,,,12
89,16,12457863,1,-16,156,-1223,8568,,,40319,362815,3626194,39832597,476575872,,,12
90,16,12458367,1,-16,157,-1243,8534,,,40319,362815,3626193,39832496,476570074,,,12
91,16,12458376,1,-16,157,-1253,9001,,,40319,362815,3626193,39832506,476571047,,,12
92,16,12458637,1,-16,158,-1287,9738,,,40319,362815,3626192,39832419,476566494,,,12
93,16,12458673,1,-16,156,-1225,8658,-57685,,40319,362815,3626194,39832599,476576070,6161506147,,13
94,16,12458736,1,-16,157,-1244,8620,,,40319,362815,3626193,39832497,476570132,,,12
95,16,12458763,1,-16,155,-1190,7951,,,40319,362815,3626195,39832685,476580449,,,12
96,16,12463578,1,-16,156,-1236,9050,,,40319,362815,3626194,39832610,476577262,,,12
97,16,12463758,1,-16,158,-1302,10331,,,40319,362815,3626192,39832434,476568061,,,11
98,16,12463785,1,-16,158,-1293,9960,,,40319,362815,3626192,39832425,476567136,,,12
99,16,12463857,1,-16,158,-1293,9953,,,40319,362815,3626192,39832425,476567143,,,12
100,16,12463875,1,-16,158,-1295,10018,,,40319,362815,3626192,39832427,476567366,,,12
101,32,12465378,1,-16,156,-1232,8885,,,40319,362815,3626194,39832606,476576851,,,12
102,16,12465738,1,-16,156,-1225,8658,-58328,,40319,362815,3626194,39832599,476576070,6161506790,,13
103,16,12465783,1,-16,155,-1194,8125,-51323,,40319,362815,3626195,39832689,476580851,6161703430,,13
104,16,12465837,1,-16,157,-1254,9092,,,40319,362815,3626193,39832507,476571100,,,12
105,16,12465873,1,-16,155,-1193,8087,-50603,,40319,362815,3626195,39832688,476580745,6161696964,,13
106,16,12467358,1,-16,157,-1254,9047,,,40319,362815,3626193,39832507,476571145,,,12
107,16,12467385,1,-16,157,-1248,8843,,,40319,362815,3626193,39832501,476570485,,,12
108,16,12467538,1,-16,157,-1258,9264,,,40319,362815,3626193,39832511,476571504,,,12
109,16,12467583,1,-16,157,-1264,9583,,,40319,362815,3626193,39832517,476572049,,,12
110,16,12467835,1,-16,156,-1224,8644,,,40319,362815,3626194,39832598,476575940,,,12
111,16,12467853,1,-16,156,-1225,8661,-57946,,40319,362815,3626194,39832599,476576067,6161505901,,13
112,16,12468357,1,-16,158,-1289,9820,,,40319,362815,3626192,39832421,476566700,,,12
113,16,12468375,1,-16,159,-1323,10488,,,40319,362815,3626191,39832334,476562216,,,12
114,16,12468537,1,-16,159,-1324,10540,,,40319,362815,3626191,39832335,476562308,,,12
115,16,12468573,1,-16,157,-1262,9475,,,40319,362815,3626193,39832515,476571869,,,12
116,16,12468735,1,-16,157,-1254,9141,,,40319,362815,3626193,39832507,476571051,,,12
117,16,12468753,1,-16,157,-1260,9387,,,40319,362815,3626193,39832513,476571669,,,12
118,16,12473568,1,-16,158,-1300,10235,,,40319,362815,3626192,39832432,476567869,,,12
119,16,12473586,1,-16,159,-1335,10949,,,40319,362815,3626191,39832346,476563483,,,11
120,16,12473658,1,-16,157,-1266,9529,,,40319,362815,3626193,39832519,476572391,,,12
121,16,12473685,1,-16,159,-1331,10798,,,40319,362815,3626191,39832342,476563058,,,12
122,16,12473856,1,-16,158,-1293,9965,,,40319,362815,3626192,39832425,476567131,,,12
123,16,12473865,1,-16,158,-1290,9802,,,40319,362815,3626192,39832422,476566862,,,12
124,16,12475368,1,-16,159,-1332,10844,,,40319,362815,3626191,39832343,476563156,,,11
125,16,12475386,1,-16,159,-1327,10631,,,40319,362815,3626191,39832338,476562649,,,12
126,16,12475638,1,-16,157,-1256,9163,,,40319,362815,3626193,39832509,476571317,,,12
127,16,12475683,1,-16,157,-1261,9446,-71757,,40319,362815,3626193,39832514,476571754,6161334319,,13
128,16,12475836,1,-16,159,-1326,10625,,,40319,362815,3626191,39832337,476562511,,,12
129,16,12475863,1,-16,157,-1262,9467,,,40319,362815,3626193,39832515,476571877,,,12
130,16,12476358,1,-16,158,-1297,10126,,,40319,362815,3626192,39832429,476567546,,,12
131,16,12476385,1,-16,158,-1278,9290,,,40319,362815,3626192,39832410,476565646,,,12
132,16,12476538,1,-16,156,-1228,8717,,,40319,362815,3626194,39832602,476576443,,,12
133,16,12476583,1,-16,155,-1189,7899,,,40319,362815,3626195,39832684,476580357,,,12
134,16,12476835,1,-16,157,-1251,8989,,,40319,362815,3626193,39832504,476570771,,,12
135,16,12476853,1,-16,157,-1260,9388,,,40319,362815,3626193,39832513,476571668,,,12
136,16,12478356,1,-16,157,-1251,8949,-57804,,40319,362815,3626193,39832504,476570811,6161282679,,13
137,16,12478365,1,-16,157,-1249,8867,,,40319,362815,3626193,39832502,476570605,,,12
138,16,12478536,1,-16,158,-1283,9544,,,40319,362815,3626192,39832415,476566112,,,12
139,16,12478563,1,-16,156,-1222,8514,,,40319,362815,3626194,39832596,476575782,,,12
140,16,12478635,1,-16,157,-1250,8924,,,40319,362815,3626193,39832503,476570692,,,12
141,16,12478653,1,-16,156,-1223,8577,,,40319,362815,3626194,39832597,476575863,,,12
142,16,12483567,1,-16,157,-1261,9377,,,40319,362815,3626193,39832514,476571823,,,12
143,16,12483576,1,-16,157,-1254,9038,,,40319,362815,3626193,39832507,476571154,,,12
144,16,12483657,1,-16,157,-1258,9228,,,40319,362815,3626193,39832511,476571540,,,12
145,16,12483675,1,-16,157,-1255,9107,,,40319,362815,3626193,39832508,476571229,,,12
146,16,12483756,1,-16,157,-1258,9253,,,40319,362815,3626193,39832511,476571515,,,12
147,16,12483765,1,-16,156,-1230,8829,,,40319,362815,3626194,39832604,476576619,,,12
148,16,12485367,1,-16,158,-1287,9714,,,40319,362815,3626192,39832419,476566518,,,12
149,16,12485376,1,-16,158,-1283,9503,,,40319,362815,3626192,39832415,476566153,,,12
150,16,12485637,1,-16,158,-1281,9469,,,40319,362815,3626192,39832413,476565899,,,12
151,16,12485673,1,-16,156,-1224,8621,,,40319,362815,3626194,39832598,476575963,,,12
152,16,12485736,1,-16,159,-1324,10535,,,40319,362815,3626191,39832335,476562313,,,12
153,16,12485763,1,-16,157,-1258,9301,-67847,,40319,362815,3626193,39832511,476571467,6161318410,,13
154,16,12486357,1,-16,159,-1324,10538,,,40319,362815,3626191,39832335,476562310,,,12
155,16,12486375,1,-16,159,-1326,10613,,,40319,362815,3626191,39832337,476562523,,,12
156,16,12486537,1,-16,158,-1281,9441,,,40319,362815,3626192,39832413,476565927,,,12
157,16,12486573,1,-16,157,-1256,9214,,,40319,362815,3626193,39832509,476571266,,,12
158,16,12486735,1,-16,157,-1254,9103,,,40319,362815,3626193,39832507,476571089,,,12
159,16,12486753,1,-16,156,-1225,8661,-58285,,40319,362815,3626194,39832599,476576067,6161506240,,13
160,16,12487356,1,-16,157,-1244,8604,,,40319,362815,3626193,39832497,476570148,,,12
161,16,12487365,1,-16,157,-1250,8895,,,40319,362815,3626193,39832503,476570721,,,12
162,16,12487536,1,-16,158,-1287,9725,,,40319,362815,3626192,39832419,476566507,,,12
163,16,12487563,1,-16,156,-1223,8579,,,40319,362815,3626194,39832597,476575861,,,12
164,16,12487635,1,-16,157,-1257,9234,,,40319,362815,3626193,39832510,476571390,,,12
165,16,12487653,1,-16,155,-1197,8226,,,40319,362815,3626195,39832692,476581182,,,12
166,8,12543768,1,-16,153,-1142,7380,-43654,,40319,362815,3626197,39832879,476591532,6162170482,,13
167,16,12543786,1,-16,154,-1172,7906,-50952,,40319,362815,3626196,39832788,476586614,6161963150,,13
168,16,12546738,1,-16,156,-1223,8563,-55718,,40319,362815,3626194,39832597,476575877,6161495899,,13
169,16,12546783,1,-16,155,-1195,8167,,,40319,362815,3626195,39832690,476580953,,,12
170,16,12546837,1,-16,157,-1250,8897,,,40319,362815,3626193,39832503,476570719,,,12
171,16,12546873,1,-16,155,-1188,7857,,,40319,362815,3626195,39832683,476580255,,,12
172,16,12547368,1,-16,157,-1266,9547,,,40319,362815,3626193,39832519,476572373,,,12
173,16,12547386,1,-16,158,-1293,9936,,,40319,362815,3626192,39832425,476567160,,,12
174,16,12547638,1,-16,156,-1222,8479,,,40319,362815,3626194,39832596,476575817,,,12
175,16,12547683,1,-16,155,-1193,8083,,,40319,362815,3626195,39832688,476580749,,,12
176,16,12547836,1,-16,157,-1249,8869,,,40319,362815,3626193,39832502,476570603,,,12
177,16,12547863,1,-16,156,-1221,8486,,,40319,362815,3626194,39832595,476575666,,,12
178,16,12548367,1,-16,157,-1255,9092,,,40319,362815,3626193,39832508,476571244,,,12
179,16,12548376,1,-16,156,-1224,8553,,,40319,362815,3626194,39832598,476576031,,,12
180,16,12548637,1,-16,158,-1283,9519,,,40319,362815,3626192,39832415,476566137,,,12
181,16,12548673,1,-16,156,-1221,8488,,,40319,362815,3626194,39832595,476575664,,,12
182,16,12548736,1,-16,157,-1251,8954,,,40319,362815,3626193,39832504,476570806,,,12
183,16,12548763,1,-16,155,-1190,7939,,,40319,362815,3626195,39832685,476580461,,,12
184,8,12563478,1,-16,155,-1192,7939,,,40319,362815,3626195,39832687,476580749,,,12
185,16,12563748,1,-16,157,-1254,9063,,,40319,362815,3626193,39832507,476571129,,,12
186,16,12563784,1,-16,157,-1247,8780,,,40319,362815,3626193,39832500,476570404,,,12
187,16,12563847,1,-16,158,-1286,9678,,,40319,362815,3626192,39832418,476566410,,,12
188,16,12563874,1,-16,157,-1246,8729,,,40319,362815,3626193,39832499,476570311,,,12
189,16,12564378,1,-16,155,-1194,8041,,,40319,362815,3626195,39832689,476580935,,,12
190,16,12564738,1,-16,157,-1258,9274,,,40319,362815,3626193,39832511,476571494,,,12
191,16,12564783,1,-16,156,-1219,8397,,,40319,362815,3626194,39832593,476575467,,,12
192,16,12564837,1,-16,157,-1250,8928,,,40319,362815,3626193,39832503,476570688,,,12
193,16,12564873,1,-16,156,-1217,8324,,,40319,362815,3626194,39832591,476575252,,,12
194,16,12567348,1,-16,155,-1188,7860,,,40319,362815,3626195,39832683,476580252,,,12
195,16,12567384,1,-16,156,-1221,8545,,,40319,362815,3626194,39832595,476575607,,,12
196,16,12567438,1,-16,155,-1188,7862,,,40319,362815,3626195,39832683,476580250,,,12
197,16,12567483,1,-16,156,-1222,8552,,,40319,362815,3626194,39832596,476575744,,,12
198,16,12567834,1,-16,154,-1162,7549,-43744,,40319,362815,3626196,39832778,476585531,6161894595,,13
199,16,12567843,1,-16,154,-1162,7549,-43712,,40319,362815,3626196,39832778,476585531,6161894563,,13
200,16,12568347,1,-16,157,-1248,8844,,,40319,362815,3626193,39832501,476570484,,,12
201,16,12568374,1,-16,158,-1282,9529,,,40319,362815,3626192,39832414,476565983,,,12
202,16,12568437,1,-16,157,-1241,8497,,,40319,362815,3626193,39832494,476569823,,,12
203,16,12568473,1,-16,158,-1292,9988,,,40319,362815,3626192,39832424,476566964,,,12
204,16,12568734,1,-16,155,-1188,7888,,,40319,362815,3626195,39832683,476580224,,,12
205,16,12568743,1,-16,155,-1188,7883,,,40319,362815,3626195,39832683,476580229,,,12
206,8,12573648,1,-16,158,-1295,10016,,,40319,362815,3626192,39832427,476567368,,,12
207,16,12573684,1,-16,159,-1322,10429,-82059,,40319,362815,3626191,39832333,476562131,6160939190,,13
208,8,12573846,1,-16,158,-1283,9578,,,40319,362815,3626192,39832415,476566078,,,12
209,16,12573864,1,-16,159,-1319,10310,,,40319,362815,3626191,39832330,476561818,,,12
210,16,12574368,1,-16,158,-1297,10122,,,40319,362815,3626192,39832429,476567550,,,12
211,16,12574386,1,-16,158,-1287,9678,,,40319,362815,3626192,39832419,476566554,,,12
212,16,12574638,1,-16,157,-1262,9408,-69126,,40319,362815,3626193,39832515,476571936,6161350278,,13
213,16,12574683,1,-16,157,-1258,9301,-67996,,40319,362815,3626193,39832511,476571467,6161318559,,13
214,16,12574836,1,-16,159,-1321,10393,,,40319,362815,3626191,39832332,476562023,,,12
215,16,12574863,1,-16,158,-1290,9872,,,40319,362815,3626192,39832422,476566792,,,12
216,16,12576348,1,-16,156,-1218,8331,-49635,,40319,362815,3626194,39832592,476575389,6161468184,,13
217,16,12576384,1,-16,157,-1247,8824,,,40319,362815,3626193,39832500,476570360,,,12
218,16,12576438,1,-16,156,-1224,8572,,,40319,362815,3626194,39832598,476576012,,,12
219,16,12576483,1,-16,157,-1256,9234,-66951,,40319,362815,3626193,39832509,476571246,6161304501,,13
220,16,12576834,1,-16,155,-1190,7968,-47859,,40319,362815,3626195,39832685,476580432,6161677827,,13
221,16,12576843,1,-16,155,-1190,7959,,,40319,362815,3626195,39832685,476580441,,,12
222,16,12578346,1,-16,156,-1218,8382,,,40319,362815,3626194,39832592,476575338,,,12
223,16,12578364,1,-16,158,-1287,9746,,,40319,362815,3626192,39832419,476566486,,,12
224,16,12578436,1,-16,157,-1250,8939,,,40319,362815,3626193,39832503,476570677,,,12
225,16,12578463,1,-16,157,-1259,9328,,,40319,362815,3626193,39832512,476571584,,,12
226,16,12578634,1,-16,156,-1225,8700,,,40319,362815,3626194,39832599,476576028,,,12
227,16,12578643,1,-16,156,-1225,8678,,,40319,362815,3626194,39832599,476576050,,,12
228,8,12583674,1,-16,158,-1274,9122,,,40319,362815,3626192,39832406,476565238,,,12
229,8,12583764,1,-16,157,-1248,8794,,,40319,362815,3626193,39832501,476570534,,,12
230,16,12584367,1,-16,157,-1245,8626,,,40319,362815,3626193,39832498,476570270,,,12
231,16,12584376,1,-16,157,-1252,8961,,,40319,362815,3626193,39832505,476570943,,,12
232,16,12584637,1,-16,159,-1320,10351,,,40319,362815,3626191,39832331,476561921,,,12
233,16,12584673,1,-16,158,-1293,10025,,,40319,362815,3626192,39832425,476567071,,,12
234,16,12584736,1,-16,158,-1289,9800,-72816,,40319,362815,3626192,39832421,476566720,6161125480,,13
235,16,12584763,1,-16,157,-1250,8904,,,40319,362815,3626193,39832503,476570712,,,12
236,16,12586347,1,-16,158,-1280,9416,,,40319,362815,3626192,39832412,476565808,,,12
237,16,12586374,1,-16,159,-1323,10512,-85123,,40319,362815,3626191,39832334,476562192,6160940395,,13
238,16,12586437,1,-16,158,-1284,9611,,,40319,362815,3626192,39832416,476566189,,,12
239,16,12586473,1,-16,159,-1328,10749,,,40319,362815,3626191,39832339,476562675,,,12
240,16,12586734,1,-16,156,-1225,8684,-59323,,40319,362815,3626194,39832599,476576044,6161503391,,13
241,16,12586743,1,-16,156,-1225,8684,-59348,,40319,362815,3626194,39832599,476576044,6161503416,,13
242,16,12587346,1,-16,157,-1250,8959,,,40319,362815,3626193,39832503,476570657,,,12
243,16,12587364,1,-16,158,-1285,9668,,,40319,362815,3626192,39832417,476566276,,,12
244,16,12587436,1,-16,157,-1240,8442,,,40319,362815,3626193,39832493,476569734,,,12
245,16,12587463,1,-16,158,-1296,10149,,,40319,362815,3626192,39832428,476567379,,,12
246,16,12587634,1,-16,155,-1186,7783,,,40319,362815,3626195,39832681,476580041,,,12
247,16,12587643,1,-16,155,-1188,7843,,,40319,362815,3626195,39832683,476580269,,,12
248,8,12645378,1,-16,155,-1197,8150,,,40319,362815,3626195,39832692,476581258,,,12
249,16,12645738,1,-16,157,-1256,9183,,,40319,362815,3626193,39832509,476571297,,,12
250,16,12645783,1,-16,156,-1221,8497,,,40319,362815,3626194,39832595,476575655,,,12
251,16,12645837,1,-16,157,-1247,8779,,,40319,362815,3626193,39832500,476570405,,,12
252,16,12645873,1,-16,156,-1217,8332,,,40319,362815,3626194,39832591,476575244,,,12
253,8,12647358,1,-16,158,-1295,10017,,,40319,362815,3626192,39832427,476567367,,,12
254,16,12647385,1,-16,159,-1321,10390,,,40319,362815,3626191,39832332,476562026,,,12
255,16,12647538,1,-16,157,-1262,9408,-69064,,40319,362815,3626193,39832515,476571936,6161350216,,13
256,16,12647583,1,-16,157,-1258,9297,,,40319,362815,3626193,39832511,476571471,,,12
257,16,12647835,1,-16,158,-1284,9579,,,40319,362815,3626192,39832416,476566221,,,12
258,16,12647853,1,-16,158,-1294,10052,,,40319,362815,3626192,39832426,476567188,,,12
259,8,12648375,1,-16,158,-1284,9590,,,40319,362815,3626192,39832416,476566210,,,12
260,16,12648537,1,-16,159,-1324,10522,,,40319,362815,3626191,39832335,476562326,,,12
261,16,12648573,1,-16,158,-1291,9919,,,40319,362815,3626192,39832423,476566889,,,12
262,16,12648735,1,-16,158,-1287,9742,,,40319,362815,3626192,39832419,476566490,,,12
263,16,12648753,1,-16,157,-1257,9216,,,40319,362815,3626193,39832510,476571408,,,12
264,8,12654378,1,-16,153,-1141,7339,-42786,,40319,362815,3626197,39832878,476591429,6162164375,,13
265,16,12654738,1,-16,156,-1228,8730,,,40319,362815,3626194,39832602,476576430,,,12
266,16,12654783,1,-16,155,-1190,7948,,,40319,362815,3626195,39832685,476580452,,,12
267,16,12654837,1,-16,156,-1227,8727,,,40319,362815,3626194,39832601,476576289,,,12
268,16,12654873,1,-16,155,-1190,7942,,,40319,362815,3626195,39832685,476580458,,,12
269,16,12657348,1,-16,156,-1218,8331,-49573,,40319,362815,3626194,39832592,476575389,6161468122,,13
270,16,12657384,1,-16,157,-1250,8968,,,40319,362815,3626193,39832503,476570648,,,12
271,16,12657438,1,-16,156,-1224,8564,,,40319,362815,3626194,39832598,476576020,,,12
272,16,12657483,1,-16,157,-1258,9306,,,40319,362815,3626193,39832511,476571462,,,12
273,16,12657834,1,-16,155,-1188,7885,,,40319,362815,3626195,39832683,476580227,,,12
274,16,12657843,1,-16,155,-1188,7871,,,40319,362815,3626195,39832683,476580241,,,12
275,16,12658347,1,-16,157,-1246,8768,,,40319,362815,3626193,39832499,476570272,,,12
276,16,12658374,1,-16,158,-1285,9674,,,40319,362815,3626192,39832417,476566270,,,12
277,16,12658437,1,-16,157,-1249,8845,,,40319,362815,3626193,39832502,476570627,,,12
278,16,12658473,1,-16,157,-1255,9146,,,40319,362815,3626193,39832508,476571190,,,12
279,16,12658734,1,-16,155,-1187,7839,,,40319,362815,3626195,39832682,476580129,,,12
280,16,12658743,1,-16,155,-1187,7819,,,40319,362815,3626195,39832682,476580149,,,12
281,16,12674538,1,-16,155,-1193,8037,,,40319,362815,3626195,39832688,476580795,,,12
282,16,12674583,1,-16,156,-1218,8355,,,40319,362815,3626194,39832592,476575365,,,12
283,16,12674835,1,-16,158,-1288,9792,,,40319,362815,3626192,39832420,476566584,,,12
284,16,12674853,1,-16,157,-1259,9337,,,40319,362815,3626193,39832512,476571575,,,12
285,8,12675348,1,-16,155,-1184,7656,,,40319,362815,3626195,39832679,476579880,,,12
286,16,12675384,1,-16,157,-1246,8750,,,40319,362815,3626193,39832499,476570290,,,12
287,16,12675438,1,-16,155,-1198,8266,,,40319,362815,3626195,39832693,476581286,,,12
288,16,12675483,1,-16,156,-1219,8432,,,40319,362815,3626194,39832593,476575432,,,12
289,16,12675834,1,-16,156,-1224,8661,,,40319,362815,3626194,39832598,476575923,,,12
290,16,12675843,1,-16,156,-1226,8709,,,40319,362815,3626194,39832600,476576163,,,12
291,8,12678345,1,-16,154,-1162,7557,,,40319,362815,3626196,39832778,476585523,,,12
292,16,12678354,1,-16,155,-1193,8129,,,40319,362815,3626195,39832688,476580703,,,12
293,16,12678435,1,-16,155,-1193,8128,,,40319,362815,3626195,39832688,476580704,,,12
294,16,12678453,1,-16,154,-1161,7507,-42973,,40319,362815,3626196,39832777,476585429,6161888754,,13
295,16,12678534,1,-16,154,-1160,7491,,,40319,362815,3626196,39832776,476585301,,,12
296,16,12678543,1,-16,154,-1162,7536,,,40319,362815,3626196,39832778,476585544,,,12
297,16,12684537,1,-16,157,-1250,8938,-58635,,40319,362815,3626193,39832503,476570678,6161273201,,13
298,16,12684573,1,-16,157,-1256,9216,-65769,,40319,362815,3626193,39832509,476571264,6161306361,,13
299,16,12684735,1,-16,158,-1287,9734,,,40319,362815,3626192,39832419,476566498,,,12
300,16,12684753,1,-16,158,-1298,10209,,,40319,362815,3626192,39832430,476567607,,,12
301,8,12685374,1,-16,159,-1327,10675,,,40319,362815,3626191,39832338,476562605,,,12
302,16,12685437,1,-16,157,-1258,9271,,,40319,362815,3626193,39832511,476571497,,,12
303,16,12685473,1,-16,158,-1292,9962,-77577,,40319,362815,3626192,39832424,476566990,6161139367,,13
304,16,12685734,1,-16,156,-1226,8720,-60146,,40319,362815,3626194,39832600,476576152,6161510298,,13
305,16,12685743,1,-16,156,-1230,8866,,,40319,362815,3626194,39832604,476576582,,,12
306,8,12687354,1,-16,155,-1180,7531,,,40319,362815,3626195,39832675,476579429,,,12
307,16,12687435,1,-16,155,-1180,7536,,,40319,362815,3626195,39832675,476579424,,,12
308,16,12687453,1,-16,155,-1192,8059,-50580,,40319,362815,3626195,39832687,476580629,6161689505,,13
309,16,12687534,1,-16,155,-1192,8083,,,40319,362815,3626195,39832687,476580605,,,12
310,16,12687543,1,-16,155,-1195,8170,-52811,,40319,362815,3626195,39832690,476580950,6161709481,,13
311,8,12745638,1,-16,155,-1185,7724,,,40319,362815,3626195,39832680,476579956,,,12
312,16,12745683,1,-16,156,-1220,8486,,,40319,362815,3626194,39832594,476575522,,,12
313,8,12745836,1,-16,158,-1274,9141,,,40319,362815,3626192,39832406,476565219,,,12
314,16,12745863,1,-16,158,-1293,10036,,,40319,362815,3626192,39832425,476567060,,,12
315,8,12746538,1,-16,157,-1261,9376,,,40319,362815,3626193,39832514,476571824,,,12
316,16,12746583,1,-16,157,-1252,9047,,,40319,362815,3626193,39832505,476570857,,,12
317,16,12746835,1,-16,159,-1323,10518,,,40319,362815,3626191,39832334,476562186,,,12
318,16,12746853,1,-16,159,-1328,10746,,,40319,362815,3626191,39832339,476562678,,,12
319,16,12748563,1,-16,157,-1256,9199,-64822,,40319,362815,3626193,39832509,476571281,6161308287,,13
320,8,12748635,1,-16,159,-1327,10680,,,40319,362815,3626191,39832338,476562600,,,12
321,16,12748653,1,-16,158,-1292,9962,-77517,,40319,362815,3626192,39832424,476566990,6161139307,,13
322,8,12754638,1,-16,157,-1261,9397,,,40319,362815,3626193,39832514,476571803,,,12
323,16,12754683,1,-16,157,-1254,9154,,,40319,362815,3626193,39832507,476571038,,,12
324,8,12754836,1,-16,157,-1245,8706,,,40319,362815,3626193,39832498,476570190,,,12
325,16,12754863,1,-16,157,-1250,8918,,,40319,362815,3626193,39832503,476570698,,,12
326,16,12756438,1,-16,155,-1195,8121,,,40319,362815,3626195,39832690,476580999,,,12
327,16,12756483,1,-16,156,-1221,8509,,,40319,362815,3626194,39832595,476575643,,,12
328,16,12756834,1,-16,156,-1224,8668,,,40319,362815,3626194,39832598,476575916,,,12
329,16,12756843,1,-16,156,-1224,8654,-59079,,40319,362815,3626194,39832598,476575930,6161496049,,13
330,16,12758436,1,-16,158,-1287,9736,,,40319,362815,3626192,39832419,476566496,,,12
331,16,12758463,1,-16,158,-1295,10095,,,40319,362815,3626192,39832427,476567289,,,12
332,16,12758634,1,-16,156,-1226,8720,-60153,,40319,362815,3626194,39832600,476576152,6161510305,,13
333,16,12758643,1,-16,156,-1228,8794,,,40319,362815,3626194,39832602,476576366,,,12
334,16,12764583,1,-16,156,-1219,8427,,,40319,362815,3626194,39832593,476575437,,,12
335,16,12764853,1,-16,158,-1298,10226,,,40319,362815,3626192,39832430,476567590,,,12
336,8,12765438,1,-16,153,-1141,7343,-42926,,40319,362815,3626197,39832878,476591425,6162163839,,13
337,16,12765483,1,-16,155,-1196,8199,,,40319,362815,3626195,39832691,476581065,,,12
338,16,12765834,1,-16,155,-1186,7782,,,40319,362815,3626195,39832681,476580042,,,12
339,16,12765843,1,-16,155,-1189,7880,,,40319,362815,3626195,39832684,476580376,,,12
340,8,12768435,1,-16,155,-1180,7519,,,40319,362815,3626195,39832675,476579441,,,12
341,16,12768453,1,-16,155,-1192,8059,-50537,,40319,362815,3626195,39832687,476580629,6161689462,,13
342,16,12768534,1,-16,155,-1192,8069,,,40319,362815,3626195,39832687,476580619,,,12
343,16,12768543,1,-16,155,-1197,8241,-54140,,40319,362815,3626195,39832692,476581167,6161723147,,13
344,16,12784563,1,-16,154,-1161,7507,-42922,,40319,362815,3626196,39832777,476585429,6161888703,,13
345,16,12784653,1,-16,156,-1228,8803,,,40319,362815,3626194,39832602,476576357,,,12
346,16,12785463,1,-16,156,-1228,8821,-62916,,40319,362815,3626194,39832602,476576339,6161520335,,13
347,8,12785634,1,-16,154,-1165,7649,,,40319,362815,3626196,39832781,476585863,,,12
348,16,12785643,1,-16,154,-1163,7570,,,40319,362815,3626196,39832779,476585654,,,11
349,16,12786453,1,-16,154,-1161,7490,,,40319,362815,3626196,39832777,476585446,,,12
350,8,12786534,1,-16,154,-1160,7473,,,40319,362815,3626196,39832776,476585319,,,12
351,16,12786543,1,-16,154,-1167,7712,,,40319,362815,3626196,39832783,476586088,,,12
352,8,12845673,1,-16,154,-1161,7525,,,40319,362815,3626196,39832777,476585411,,,12
353,8,12845763,1,-16,156,-1222,8554,,,40319,362815,3626194,39832596,476575742,,,12
354,8,12846573,1,-16,156,-1225,8690,-59410,,40319,362815,3626194,39832599,476576038,6161502464,,13
355,16,12846753,1,-16,157,-1260,9386,,,40319,362815,3626193,39832513,476571670,,,12
356,8,12847653,1,-16,156,-1222,8471,,,40319,362815,3626194,39832596,476575825,,,12
357,8,12854673,1,-16,156,-1222,8562,-56232,,40319,362815,3626194,39832596,476575734,6161484414,,13
358,8,12854763,1,-16,156,-1220,8443,,,40319,362815,3626194,39832594,476575565,,,12
359,16,12856473,1,-16,157,-1260,9411,,,40319,362815,3626193,39832513,476571645,,,12
360,16,12856743,1,-16,154,-1161,7511,,,40319,362815,3626196,39832777,476585425,,,12
361,16,12857463,1,-16,157,-1268,9706,,,40319,362815,3626193,39832521,476572502,,,12
362,16,12857643,1,-16,156,-1230,8863,,,40319,362815,3626194,39832604,476576585,,,12
363,8,12865473,1,-16,156,-1219,8384,-50710,,40319,362815,3626194,39832593,476575480,6161472470,,13
364,16,12865743,1,-16,156,-1229,8828,,,40319,362815,3626194,39832603,476576476,,,12
365,8,12867453,1,-16,154,-1166,7691,,,40319,362815,3626196,39832782,476585965,,,12
366,16,12867543,1,-16,154,-1166,7683,,,40319,362815,3626196,39832782,476585973,,,12
367,8,12875643,1,-16,154,-1164,7606,,,40319,362815,3626196,39832780,476585762,,,12
368,2,13245768,1,-16,153,-1142,7399,,,40319,362815,3626197,39832879,476591513,,,12
369,8,13245786,1,-16,154,-1173,7960,-52368,,40319,362815,3626196,39832789,476586704,6161967608,,13
370,8,13246758,1,-16,155,-1209,8718,,,40319,362815,3626195,39832704,476582418,,,11
371,8,13246785,1,-16,154,-1166,7670,,,40319,362815,3626196,39832782,476585986,,,12
372,8,13246857,1,-16,155,-1207,8644,,,40319,362815,3626195,39832702,476582204,,,11
373,8,13246875,1,-16,155,-1205,8558,,,40319,362815,3626195,39832700,476582002,,,12
374,4,13247658,1,-16,153,-1142,7385,,,40319,362815,3626197,39832879,476591527,,,12
375,8,13247685,1,-16,155,-1205,8563,,,40319,362815,3626195,39832700,476581997,,,12
376,4,13247856,1,-16,154,-1167,7706,,,40319,362815,3626196,39832783,476586094,,,12
377,8,13247865,1,-16,154,-1168,7753,,,40319,362815,3626196,39832784,476586191,,,12
378,4,13248675,1,-16,154,-1170,7835,,,40319,362815,3626196,39832786,476586397,,,12
379,2,13254768,1,-16,153,-1143,7435,,,40319,362815,3626197,39832880,476591621,,,11
380,8,13254786,1,-16,154,-1173,7948,,,40319,362815,3626196,39832789,476586716,,,12
381,8,13256748,1,-16,155,-1194,8058,,,40319,362815,3626195,39832689,476580918,,,12
382,8,13256784,1,-16,154,-1165,7671,,,40319,362815,3626196,39832781,476585841,,,12
383,8,13256847,1,-16,157,-1268,9689,,,40319,362815,3626193,39832521,476572519,,,12
384,8,13256874,1,-16,155,-1195,8156,,,40319,362815,3626195,39832690,476580964,,,12
385,8,13257468,1,-16,156,-1240,9246,,,40319,362815,3626194,39832614,476577642,,,12
386,8,13257486,1,-16,157,-1270,9764,,,40319,362815,3626193,39832523,476572732,,,12
387,8,13257648,1,-16,156,-1236,9071,,,40319,362815,3626194,39832610,476577241,,,12
388,8,13257684,1,-16,155,-1197,8244,,,40319,362815,3626195,39832692,476581164,,,12
389,8,13257846,1,-16,156,-1229,8798,,,40319,362815,3626194,39832603,476576506,,,12
390,8,13257864,1,-16,156,-1232,8959,,,40319,362815,3626194,39832606,476576777,,,12
391,8,13258467,1,-16,157,-1272,9859,,,40319,362815,3626193,39832525,476572925,,,12
392,8,13258476,1,-16,156,-1235,9019,,,40319,362815,3626194,39832609,476577149,,,12
393,8,13258647,1,-16,158,-1304,10466,,,40319,362815,3626192,39832436,476568214,,,12
394,8,13258674,1,-16,156,-1232,8958,-65476,,40319,362815,3626194,39832606,476576778,6161548414,,13
395,8,13258746,1,-16,157,-1268,9704,,,40319,362815,3626193,39832521,476572504,,,12
396,8,13258764,1,-16,155,-1197,8191,,,40319,362815,3626195,39832692,476581217,,,12
397,8,13265748,1,-16,156,-1236,9078,,,40319,362815,3626194,39832610,476577234,,,12
398,8,13265784,1,-16,155,-1195,8144,,,40319,362815,3626195,39832690,476580976,,,12
399,8,13265847,1,-16,156,-1232,8895,,,40319,362815,3626194,39832606,476576841,,,12
400,8,13265874,1,-16,155,-1194,8084,,,40319,362815,3626195,39832689,476580892,,,12
401,4,13267458,1,-16,155,-1196,8122,,,40319,362815,3626195,39832691,476581142,,,12
402,8,13267485,1,-16,156,-1226,8670,,,40319,362815,3626194,39832600,476576202,,,12
403,8,13267548,1,-16,155,-1198,8224,,,40319,362815,3626195,39832693,476581328,,,12
404,8,13267584,1,-16,156,-1230,8870,,,40319,362815,3626194,39832604,476576578,,,12
405,8,13267845,1,-16,154,-1162,7541,,,40319,362815,3626196,39832778,476585539,,,12
406,8,13267854,1,-16,154,-1162,7542,,,40319,362815,3626196,39832778,476585538,,,12
407,4,13268475,1,-16,157,-1266,9595,,,40319,362815,3626193,39832519,476572325,,,12
408,8,13268547,1,-16,157,-1269,9734,,,40319,362815,3626193,39832522,476572618,,,12
409,8,13268574,1,-16,156,-1234,9025,,,40319,362815,3626194,39832608,476576999,,,12
410,8,13268745,1,-16,155,-1193,8067,,,40319,362815,3626195,39832688,476580765,,,12
411,8,13268754,1,-16,155,-1195,8137,,,40319,362815,3626195,39832690,476580983,,,12
412,4,13275648,1,-16,155,-1201,8343,,,40319,362815,3626195,39832696,476581641,,,12
413,8,13275684,1,-16,156,-1228,8780,-60941,,40319,362815,3626194,39832602,476576380,6161525289,,13
414,4,13275846,1,-16,157,-1267,9645,,,40319,362815,3626193,39832520,476572419,,,12
415,8,13275864,1,-16,156,-1234,9035,,,40319,362815,3626194,39832608,476576989,,,12
416,4,13276548,1,-16,153,-1142,7384,,,40319,362815,3626197,39832879,476591528,,,12
417,8,13276584,1,-16,155,-1196,8157,,,40319,362815,3626195,39832691,476581107,,,12
418,8,13276845,1,-16,155,-1193,8069,-49790,,40319,362815,3626195,39832688,476580763,6161699193,,13
419,8,13276854,1,-16,155,-1197,8219,,,40319,362815,3626195,39832692,476581189,,,12
420,8,13278564,1,-16,154,-1165,7646,,,40319,362815,3626196,39832781,476585866,,,12
421,4,13278645,1,-16,154,-1160,7445,-41010,,40319,362815,3626196,39832776,476585347,6161885101,,13
422,8,13278654,1,-16,154,-1167,7730,,,40319,362815,3626196,39832783,476586070,,,12
423,4,13285674,1,-16,154,-1161,7495,-42489,,40319,362815,3626196,39832777,476585441,6161890298,,13
424,4,13285764,1,-16,156,-1236,9128,,,40319,362815,3626194,39832610,476577184,,,12
425,4,13286574,1,-16,156,-1233,9005,,,40319,362815,3626194,39832607,476576875,,,12
426,8,13286754,1,-16,154,-1166,7685,,,40319,362815,3626196,39832782,476585971,,,12
427,16,13425786,1,-16,156,-1244,9513,,,40319,362815,3626194,39832618,476577951,,,11
428,4,13426758,1,-16,156,-1232,8921,-63684,470058,40319,362815,3626194,39832606,476576815,6161552875,85472873492,14
429,8,13426785,1,-16,155,-1196,8254,-56225,,40319,362815,3626195,39832691,476581010,6161710867,,13
430,8,13426857,1,-16,156,-1232,8958,-65597,,40319,362815,3626194,39832606,476576778,6161548535,,13
431,8,13426875,1,-16,156,-1232,8977,-66654,,40319,362815,3626194,39832606,476576759,6161546381,,13
432,4,13427568,1,-16,156,-1232,8921,-63684,470054,40319,362815,3626194,39832606,476576815,6161552875,85472873496,14
433,8,13427586,1,-16,156,-1232,8958,-65599,,40319,362815,3626194,39832606,476576778,6161548537,,13
434,8,13427658,1,-16,155,-1208,8660,-63071,,40319,362815,3626195,39832703,476582332,6161795115,,13
435,8,13427685,1,-16,156,-1232,8990,-67342,,40319,362815,3626194,39832606,476576746,6161544872,,13
436,8,13427856,1,-16,155,-1196,8233,,,40319,362815,3626195,39832691,476581031,,,12
437,8,13427865,1,-16,155,-1196,8226,-54687,,40319,362815,3626195,39832691,476581038,6161714061,,13
438,8,13428567,1,-16,155,-1196,8254,-56221,,40319,362815,3626195,39832691,476581010,6161710863,,13
439,8,13428576,1,-16,156,-1232,8977,-66650,,40319,362815,3626194,39832606,476576759,6161546377,,13
440,8,13428657,1,-16,156,-1232,8990,-67340,,40319,362815,3626194,39832606,476576746,6161544870,,13
441,8,13428675,1,-16,155,-1197,8247,,,40319,362815,3626195,39832692,476581161,,,12
442,8,13428756,1,-16,155,-1196,8226,-54693,,40319,362815,3626195,39832691,476581038,6161714067,,13
443,16,13452786,1,-16,155,-1189,7919,-46915,,40319,362815,3626195,39832684,476580337,6161672996,,13
444,4,13456728,1,-16,155,-1198,8297,,,40319,362815,3626195,39832693,476581255,,,12
445,8,13456782,1,-16,154,-1169,7806,,,40319,362815,3626196,39832785,476586282,,,12
446,8,13456827,1,-16,157,-1261,9463,-72580,,40319,362815,3626193,39832514,476571737,6161332269,,13
447,8,13456872,1,-16,155,-1199,8331,,,40319,362815,3626195,39832694,476581365,,,12
448,8,13457268,1,-16,158,-1293,10003,,,40319,362815,3626192,39832425,476567093,,,12
449,8,13457286,1,-16,158,-1289,9903,,,40319,362815,3626192,39832421,476566617,,,12
450,8,13457628,1,-16,156,-1227,8773,-61450,,40319,362815,3626194,39832601,476576243,6161514813,,13
451,8,13457682,1,-16,155,-1198,8294,-55390,,40319,362815,3626195,39832693,476581258,6161727608,,13
452,8,13457826,1,-16,157,-1250,8998,-61539,,40319,362815,3626193,39832503,476570618,6161265965,,13
453,8,13457862,1,-16,156,-1227,8774,-61608,,40319,362815,3626194,39832601,476576242,6161514802,,13
454,8,13458267,1,-16,157,-1247,8896,-60384,,40319,362815,3626193,39832500,476570288,6161245544,,13
455,8,13458276,1,-16,157,-1250,8971,,,40319,362815,3626193,39832503,476570645,,,12
456,8,13458627,1,-16,158,-1291,9993,,,40319,362815,3626192,39832423,476566815,,,12
457,8,13458672,1,-16,156,-1229,8851,,,40319,362815,3626194,39832603,476576453,,,12
458,8,13458726,1,-16,157,-1248,8930,,,40319,362815,3626193,39832501,476570398,,,12
459,8,13458762,1,-16,155,-1194,8134,,,40319,362815,3626195,39832689,476580842,,,12
460,8,13462758,1,-16,159,-1325,10554,,,40319,362815,3626191,39832336,476562438,,,12
461,8,13462785,1,-16,158,-1282,9554,,,40319,362815,3626192,39832414,476565958,,,12
462,8,13462857,1,-16,159,-1322,10491,,,40319,362815,3626191,39832333,476562069,,,12
463,8,13462875,1,-16,158,-1279,9358,,,40319,362815,3626192,39832411,476565722,,,12
464,8,13465728,1,-16,156,-1226,8733,,,40319,362815,3626194,39832600,476576139,,,12
465,8,13465782,1,-16,155,-1196,8207,,,40319,362815,3626195,39832691,476581057,,,12
466,8,13465827,1,-16,157,-1253,9115,,,40319,362815,3626193,39832506,476570933,,,12
467,8,13465872,1,-16,155,-1195,8170,-52454,,40319,362815,3626195,39832690,476580950,6161709124,,13
468,8,13467258,1,-16,158,-1279,9370,,,40319,362815,3626192,39832411,476565710,,,12
469,8,13467285,1,-16,158,-1282,9606,,,40319,362815,3626192,39832414,476565906,,,12
470,8,13467528,1,-16,157,-1251,8988,,,40319,362815,3626193,39832504,476570772,,,12
471,8,13467582,1,-16,157,-1262,9465,,,40319,362815,3626193,39832515,476571879,,,12
472,8,13467825,1,-16,157,-1254,9190,,,40319,362815,3626193,39832507,476571002,,,12
473,8,13467852,1,-16,156,-1220,8447,,,40319,362815,3626194,39832594,476575561,,,12
474,8,13468257,1,-16,159,-1313,10102,,,40319,362815,3626191,39832324,476561162,,,12
475,8,13468275,1,-16,159,-1310,9987,,,40319,362815,3626191,39832321,476560845,,,12
476,8,13468527,1,-16,159,-1317,10298,,,40319,362815,3626191,39832328,476561542,,,12
477,8,13468572,1,-16,157,-1260,9394,-70127,,40319,362815,3626193,39832513,476571662,6161329309,,13
478,8,13468725,1,-16,157,-1241,8604,,,40319,362815,3626193,39832494,476569716,,,12
479,8,13468752,1,-16,157,-1257,9275,,,40319,362815,3626193,39832510,476571349,,,12
480,4,13472568,1,-16,158,-1275,9111,,,40319,362815,3626192,39832407,476565393,,,12
481,8,13472586,1,-16,159,-1312,9948,,,40319,362815,3626191,39832323,476561172,,,12
482,8,13472658,1,-16,158,-1287,9653,,,40319,362815,3626192,39832419,476566579,,,12
483,8,13472685,1,-16,159,-1312,10015,,,40319,362815,3626191,39832323,476561105,,,12
484,8,13472856,1,-16,158,-1277,9313,-61585,,40319,362815,3626192,39832409,476565479,6161050536,,13
485,8,13472865,1,-16,158,-1277,9335,,,40319,362815,3626192,39832409,476565457,,,12
486,8,13475268,1,-16,159,-1319,10323,,,40319,362815,3626191,39832330,476561805,,,12
487,8,13475286,1,-16,159,-1316,10223,,,40319,362815,3626191,39832327,476561473,,,12
488,8,13475628,1,-16,157,-1253,9086,-62470,,40319,362815,3626193,39832506,476570962,6161288528,,13
489,8,13475682,1,-16,157,-1261,9425,,,40319,362815,3626193,39832514,476571775,,,12
490,8,13475826,1,-16,159,-1317,10278,,,40319,362815,3626191,39832328,476561562,,,12
491,8,13475862,1,-16,157,-1262,9476,,,40319,362815,3626193,39832515,476571868,,,12
492,8,13476258,1,-16,158,-1277,9243,,,40319,362815,3626192,39832409,476565549,,,12
493,8,13476285,1,-16,158,-1270,9065,,,40319,362815,3626192,39832402,476564719,,,12
494,8,13476528,1,-16,156,-1222,8544,,,40319,362815,3626194,39832596,476575752,,,12
495,8,13476582,1,-16,155,-1193,8103,-51432,,40319,362815,3626195,39832688,476580729,6161695089,,13
496,8,13476825,1,-16,157,-1241,8622,-52602,,40319,362815,3626193,39832494,476569698,6161211060,,13
497,8,13476852,1,-16,157,-1257,9281,-67832,,40319,362815,3626193,39832510,476571343,6161309607,,13
498,8,13478256,1,-16,157,-1239,8528,,,40319,362815,3626193,39832492,476569504,,,12
499,8,13478265,1,-16,157,-1239,8537,,,40319,362815,3626193,39832492,476569495,,,12
500,8,13478526,1,-16,158,-1274,9237,,,40319,362815,3626192,39832406,476565123,,,12
501,8,13478562,1,-16,156,-1219,8415,,,40319,362815,3626194,39832593,476575449,,,12
502,8,13478625,1,-16,157,-1241,8649,,,40319,362815,3626193,39832494,476569671,,,12
503,8,13478652,1,-16,156,-1220,8479,-54351,,40319,362815,3626194,39832594,476575529,6161472224,,13
504,8,13482567,1,-16,157,-1247,8864,,,40319,362815,3626193,39832500,476570320,,,12
505,8,13482576,1,-16,157,-1241,8587,,,40319,362815,3626193,39832494,476569733,,,12
506,8,13482657,1,-16,157,-1241,8567,,,40319,362815,3626193,39832494,476569753,,,12
507,8,13482675,1,-16,157,-1244,8726,,,40319,362815,3626193,39832497,476570026,,,12
508,8,13482756,1,-16,157,-1244,8711,,,40319,362815,3626193,39832497,476570041,,,12
509,8,13482765,1,-16,157,-1257,9243,,,40319,362815,3626193,39832510,476571381,,,12
510,8,13485267,1,-16,158,-1280,9507,-68320,,40319,362815,3626192,39832412,476565717,6161060989,,13
511,8,13485276,1,-16,158,-1274,9207,,,40319,362815,3626192,39832406,476565153,,,12
512,8,13485627,1,-16,158,-1278,9409,-65100,,40319,362815,3626192,39832410,476565527,6161049995,,13
513,8,13485672,1,-16,156,-1221,8485,-53457,,40319,362815,3626194,39832595,476575667,6161482484,,13
514,8,13485726,1,-16,159,-1314,10165,,,40319,362815,3626191,39832325,476561243,,,12
515,8,13485762,1,-16,157,-1258,9311,,,40319,362815,3626193,39832511,476571457,,,12
516,8,13486257,1,-16,159,-1307,9855,-69859,,40319,362815,3626191,39832318,476560545,6160841476,,13
517,8,13486275,1,-16,159,-1310,9986,,,40319,362815,3626191,39832321,476560846,,,12
518,8,13486527,1,-16,158,-1275,9286,-62412,,40319,362815,3626192,39832407,476565218,6161031590,,13
519,8,13486572,1,-16,157,-1256,9248,,,40319,362815,3626193,39832509,476571232,,,12
520,8,13486725,1,-16,157,-1241,8618,,,40319,362815,3626193,39832494,476569702,,,12
521,8,13486752,1,-16,156,-1222,8555,-56049,,40319,362815,3626194,39832596,476575741,6161485414,,13
522,8,13487256,1,-16,157,-1239,8599,,,40319,362815,3626193,39832492,476569433,,,12
523,8,13487265,1,-16,157,-1241,8609,,,40319,362815,3626193,39832494,476569711,,,12
524,8,13487526,1,-16,158,-1278,9407,,,40319,362815,3626192,39832410,476565529,,,12
525,8,13487562,1,-16,156,-1220,8467,-53711,,40319,362815,3626194,39832594,476575541,6161473612,,13
526,8,13487625,1,-16,157,-1248,8939,,,40319,362815,3626193,39832501,476570389,,,12
527,8,13487652,1,-16,155,-1194,8132,,,40319,362815,3626195,39832689,476580844,,,12
528,16,13524786,1,-16,156,-1230,8848,,,40319,362815,3626194,39832604,476576600,,,12
529,8,13526784,1,-16,158,-1293,10050,,,40319,362815,3626192,39832425,476567046,,,12
530,8,13526847,1,-16,160,-1358,11178,,,40319,362815,3626190,39832248,476557854,,,12
531,8,13526874,1,-16,158,-1284,9624,,,40319,362815,3626192,39832416,476566176,,,12
532,4,13527468,1,-16,159,-1329,10727,,,40319,362815,3626191,39832340,476562841,,,12
533,8,13527486,1,-16,159,-1324,10562,,,40319,362815,3626191,39832335,476562286,,,12
534,8,13527648,1,-16,159,-1329,10686,,,40319,362815,3626191,39832340,476562882,,,12
535,8,13527684,1,-16,158,-1284,9617,,,40319,362815,3626192,39832416,476566183,,,12
536,8,13527846,1,-16,159,-1324,10602,,,40319,362815,3626191,39832335,476562246,,,12
537,8,13527864,1,-16,158,-1284,9652,,,40319,362815,3626192,39832416,476566148,,,12
538,8,13528467,1,-16,159,-1326,10674,,,40319,362815,3626191,39832337,476562462,,,12
539,8,13528476,1,-16,159,-1325,10560,,,40319,362815,3626191,39832336,476562432,,,12
540,8,13528647,1,-16,160,-1356,11151,,,40319,362815,3626190,39832246,476557593,,,12
541,8,13528674,1,-16,158,-1284,9658,-71841,,40319,362815,3626192,39832416,476566142,6161087663,,13
542,8,13528746,1,-16,159,-1320,10399,,,40319,362815,3626191,39832331,476561873,,,12
543,8,13528764,1,-16,158,-1295,10092,,,40319,362815,3626192,39832427,476567292,,,12
544,16,13542786,1,-16,156,-1228,8789,-61549,,40319,362815,3626194,39832602,476576371,6161524376,,13
545,8,13546782,1,-16,155,-1198,8294,-55481,,40319,362815,3626195,39832693,476581258,6161727699,,13
546,8,13546827,1,-16,157,-1253,9126,-64786,,40319,362815,3626193,39832506,476570922,6161284084,,13
547,8,13546872,1,-16,155,-1193,8082,,,40319,362815,3626195,39832688,476580750,,,12
548,8,13547268,1,-16,158,-1290,9847,,,40319,362815,3626192,39832422,476566817,,,12
549,8,13547286,1,-16,158,-1280,9467,,,40319,362815,3626192,39832412,476565757,,,12
550,8,13547628,1,-16,156,-1225,8692,,,40319,362815,3626194,39832599,476576036,,,12
551,8,13547682,1,-16,155,-1198,8304,,,40319,362815,3626195,39832693,476581248,,,12
552,8,13547826,1,-16,157,-1244,8756,,,40319,362815,3626193,39832497,476569996,,,12
553,8,13547862,1,-16,156,-1224,8652,-58804,,40319,362815,3626194,39832598,476575932,6161496112,,13
554,8,13548267,1,-16,157,-1241,8594,-51745,,40319,362815,3626193,39832494,476569726,6161214935,,13
555,8,13548276,1,-16,157,-1249,8911,,,40319,362815,3626193,39832502,476570561,,,12
556,8,13548627,1,-16,158,-1284,9686,,,40319,362815,3626192,39832416,476566114,,,12
557,8,13548672,1,-16,156,-1224,8652,-58803,,40319,362815,3626194,39832598,476575932,6161496111,,13
558,8,13548726,1,-16,157,-1246,8840,,,40319,362815,3626193,39832499,476570200,,,12
559,8,13548762,1,-16,155,-1193,8099,-51278,,40319,362815,3626195,39832688,476580733,6161695611,,13
560,4,13562748,1,-16,158,-1280,9450,,,40319,362815,3626192,39832412,476565774,,,12
561,8,13562784,1,-16,158,-1282,9605,-70921,,40319,362815,3626192,39832414,476565907,6161071364,,13
562,8,13562847,1,-16,159,-1313,10127,,,40319,362815,3626191,39832324,476561137,,,12
563,8,13562874,1,-16,158,-1277,9366,,,40319,362815,3626192,39832409,476565426,,,12
564,4,13564728,1,-16,158,-1296,10206,,,40319,362815,3626192,39832428,476567322,,,12
565,8,13564782,1,-16,157,-1262,9486,,,40319,362815,3626193,39832515,476571858,,,12
566,8,13564827,1,-16,158,-1282,9589,,,40319,362815,3626192,39832414,476565923,,,12
567,8,13564872,1,-16,157,-1260,9417,,,40319,362815,3626193,39832513,476571639,,,12
568,8,13567248,1,-16,157,-1253,9139,,,40319,362815,3626193,39832506,476570909,,,12
569,8,13567284,1,-16,157,-1252,9127,,,40319,362815,3626193,39832505,476570777,,,12
570,8,13567428,1,-16,157,-1254,9150,,,40319,362815,3626193,39832507,476571042,,,12
571,8,13567482,1,-16,157,-1254,9104,,,40319,362815,3626193,39832507,476571088,,,12
572,8,13567824,1,-16,156,-1228,8821,-62631,,40319,362815,3626194,39832602,476576339,6161520050,,13
573,8,13567842,1,-16,156,-1229,8864,,,40319,362815,3626194,39832603,476576440,,,12
574,8,13568247,1,-16,159,-1311,10044,,,40319,362815,3626191,39832322,476560932,,,12
575,8,13568274,1,-16,159,-1310,10026,,,40319,362815,3626191,39832321,476560806,,,12
576,8,13568427,1,-16,159,-1307,9856,,,40319,362815,3626191,39832318,476560544,,,12
577,8,13568472,1,-16,159,-1324,10578,-87018,,40319,362815,3626191,39832335,476562270,6160943304,,13
578,8,13568724,1,-16,157,-1255,9235,-67738,,40319,362815,3626193,39832508,476571101,6161292951,,13
579,8,13568742,1,-16,157,-1255,9197,-65847,,40319,362815,3626193,39832508,476571139,6161297482,,13
580,4,13572468,1,-16,159,-1321,10417,,,40319,362815,3626191,39832332,476561999,,,12
581,8,13572486,1,-16,160,-1352,10996,,,40319,362815,3626190,39832242,476557172,,,12
582,8,13572648,1,-16,160,-1353,10976,,,40319,362815,3626190,39832243,476557336,,,12
583,8,13572684,1,-16,160,-1345,10693,,,40319,362815,3626190,39832235,476556467,,,12
584,8,13572846,1,-16,159,-1313,10170,,,40319,362815,3626191,39832324,476561094,,,12
585,8,13572864,1,-16,160,-1346,10772,,,40319,362815,3626190,39832236,476556532,,,12
586,8,13574268,1,-16,160,-1356,11139,,,40319,362815,3626190,39832246,476557605,,,12
587,8,13574286,1,-16,160,-1350,10917,,,40319,362815,3626190,39832240,476556963,,,12
588,8,13574628,1,-16,158,-1290,9890,,,40319,362815,3626192,39832422,476566774,,,12
589,8,13574682,1,-16,158,-1300,10339,,,40319,362815,3626192,39832432,476567765,,,12
590,8,13574826,1,-16,160,-1346,10753,,,40319,362815,3626190,39832236,476556551,,,12
591,8,13574862,1,-16,159,-1330,10848,,,40319,362815,3626191,39832341,476562864,,,12
592,8,13576248,1,-16,158,-1282,9569,,,40319,362815,3626192,39832414,476565943,,,12
593,8,13576284,1,-16,158,-1279,9516,-69858,,40319,362815,3626192,39832411,476565564,6161048838,,13
594,8,13576428,1,-16,158,-1290,9897,,,40319,362815,3626192,39832422,476566767,,,12
595,8,13576482,1,-16,158,-1292,10001,,,40319,362815,3626192,39832424,476566951,,,12
596,8,13576824,1,-16,157,-1257,9318,,,40319,362815,3626193,39832510,476571306,,,12
597,8,13576842,1,-16,157,-1257,9281,-67955,,40319,362815,3626193,39832510,476571343,6161309730,,13
598,8,13578246,1,-16,158,-1284,9702,,,40319,362815,3626192,39832416,476566098,,,12
599,8,13578264,1,-16,159,-1312,10103,,,40319,362815,3626191,39832323,476561017,,,12
600,8,13578426,1,-16,159,-1315,10247,,,40319,362815,3626191,39832326,476561305,,,12
601,8,13578462,1,-16,158,-1289,9849,,,40319,362815,3626192,39832421,476566671,,,12
602,8,13578624,1,-16,158,-1290,9974,,,40319,362815,3626192,39832422,476566690,,,12
603,8,13578642,1,-16,158,-1292,10008,,,40319,362815,3626192,39832424,476566944,,,12
604,8,13582467,1,-16,159,-1313,10097,,,40319,362815,3626191,39832324,476561167,,,12
605,8,13582476,1,-16,159,-1313,10090,,,40319,362815,3626191,39832324,476561174,,,12
606,8,13582647,1,-16,160,-1339,10421,,,40319,362815,3626190,39832229,476555875,,,12
607,8,13582674,1,-16,159,-1302,9665,-66168,,40319,362815,3626191,39832313,476560015,6160809055,,13
608,8,13582746,1,-16,160,-1342,10576,,,40319,362815,3626190,39832232,476556152,,,12
609,8,13582764,1,-16,159,-1311,10010,,,40319,362815,3626191,39832322,476560966,,,12
610,8,13584267,1,-16,159,-1307,9842,-69265,,40319,362815,3626191,39832318,476560558,6160843079,,13
611,8,13584276,1,-16,159,-1309,9920,,,40319,362815,3626191,39832320,476560768,,,12
612,8,13584627,1,-16,160,-1348,10847,,,40319,362815,3626190,39832238,476556745,,,12
613,8,13584672,1,-16,159,-1330,10851,,,40319,362815,3626191,39832341,476562861,,,12
614,8,13584726,1,-16,160,-1351,10973,,,40319,362815,3626190,39832241,476557051,,,12
615,8,13584762,1,-16,158,-1291,9952,,,40319,362815,3626192,39832423,476566856,,,12
616,8,13586247,1,-16,160,-1344,10699,,,40319,362815,3626190,39832234,476556317,,,12
617,8,13586274,1,-16,160,-1348,10889,,,40319,362815,3626190,39832238,476556703,,,12
618,8,13586427,1,-16,160,-1346,10771,,,40319,362815,3626190,39832236,476556533,,,12
619,8,13586472,1,-16,160,-1360,11363,,,40319,362815,3626190,39832250,476557957,,,12
620,8,13586724,1,-16,158,-1290,9969,,,40319,362815,3626192,39832422,476566695,,,12
621,8,13586742,1,-16,158,-1292,10009,,,40319,362815,3626192,39832424,476566943,,,12
622,8,13587246,1,-16,159,-1314,10206,,,40319,362815,3626191,39832325,476561202,,,12
623,8,13587264,1,-16,159,-1309,9973,-73721,,40319,362815,3626191,39832320,476560715,6160849732,,13
624,8,13587426,1,-16,159,-1303,9666,-64420,,40319,362815,3626191,39832314,476560158,6160819306,,13
625,8,13587462,1,-16,159,-1326,10677,,,40319,362815,3626191,39832337,476562459,,,12
626,8,13587624,1,-16,157,-1251,9040,-62445,,40319,362815,3626193,39832504,476570720,6161271941,,13
627,8,13587642,1,-16,157,-1257,9261,,,40319,362815,3626193,39832510,476571363,,,12
628,4,13624758,1,-16,160,-1371,11711,,,40319,362815,3626190,39832261,476559193,,,11
629,8,13624785,1,-16,159,-1316,10126,,,40319,362815,3626191,39832327,476561570,,,12
630,8,13624857,1,-16,160,-1358,11173,,,40319,362815,3626190,39832248,476557859,,,12
631,8,13624875,1,-16,159,-1327,10622,,,40319,362815,3626191,39832338,476562658,,,12
632,8,13625748,1,-16,160,-1363,11382,,,40319,362815,3626190,39832253,476558370,,,12
633,8,13625784,1,-16,159,-1320,10375,,,40319,362815,3626191,39832331,476561897,,,12
634,8,13625847,1,-16,160,-1361,11322,,,40319,362815,3626190,39832251,476558142,,,11
635,8,13625874,1,-16,159,-1315,10113,,,40319,362815,3626191,39832326,476561439,,,12
636,8,13627458,1,-16,159,-1322,10420,,,40319,362815,3626191,39832333,476562140,,,12
637,8,13627485,1,-16,160,-1356,11157,,,40319,362815,3626190,39832246,476557587,,,12
638,8,13627548,1,-16,159,-1323,10440,,,40319,362815,3626191,39832334,476562264,,,12
639,8,13627584,1,-16,160,-1354,11082,,,40319,362815,3626190,39832244,476557374,,,12
640,8,13627845,1,-16,158,-1280,9443,,,40319,362815,3626192,39832412,476565781,,,12
641,8,13627854,1,-16,158,-1280,9479,,,40319,362815,3626192,39832412,476565745,,,12
642,8,13628457,1,-16,159,-1317,10289,,,40319,362815,3626191,39832328,476561551,,,12
643,8,13628475,1,-16,160,-1347,10729,,,40319,362815,3626190,39832237,476556719,,,12
644,8,13628547,1,-16,159,-1307,9777,,,40319,362815,3626191,39832318,476560623,,,12
645,8,13628574,1,-16,160,-1355,11110,,,40319,362815,3626190,39832245,476557490,,,12
646,8,13628745,1,-16,158,-1277,9339,,,40319,362815,3626192,39832409,476565453,,,12
647,8,13628754,1,-16,158,-1279,9403,,,40319,362815,3626192,39832411,476565677,,,12
648,8,13642785,1,-16,159,-1312,10011,,,40319,362815,3626191,39832323,476561109,,,12
649,8,13642857,1,-16,160,-1352,10964,-90092,,40319,362815,3626190,39832242,476557204,6160731072,,13
650,8,13642875,1,-16,159,-1323,10493,,,40319,362815,3626191,39832334,476562211,,,12
651,4,13645728,1,-16,158,-1293,10079,,,40319,362815,3626192,39832425,476567017,,,12
652,8,13645782,1,-16,157,-1261,9444,,,40319,362815,3626193,39832514,476571756,,,12
653,8,13645827,1,-16,158,-1280,9524,,,40319,362815,3626192,39832412,476565700,,,12
654,8,13645872,1,-16,157,-1260,9435,,,40319,362815,3626193,39832513,476571621,,,12
655,8,13647258,1,-16,160,-1354,11012,,,40319,362815,3626190,39832244,476557444,,,12
656,8,13647285,1,-16,160,-1345,10697,,,40319,362815,3626190,39832235,476556463,,,12
657,8,13647528,1,-16,158,-1290,9896,-76792,,40319,362815,3626192,39832422,476566768,6161125400,,13
658,8,13647582,1,-16,158,-1300,10333,,,40319,362815,3626192,39832432,476567771,,,12
659,8,13647825,1,-16,159,-1311,10041,,,40319,362815,3626191,39832322,476560935,,,12
660,8,13647852,1,-16,159,-1328,10759,,,40319,362815,3626191,39832339,476562665,,,12
661,8,13648257,1,-16,160,-1339,10426,-77319,,40319,362815,3626190,39832229,476555870,6160651037,,13
662,8,13648275,1,-16,160,-1349,10898,,,40319,362815,3626190,39832239,476556838,,,12
663,8,13648527,1,-16,160,-1348,10838,,,40319,362815,3626190,39832238,476556754,,,12
664,8,13648572,1,-16,159,-1327,10713,,,40319,362815,3626191,39832338,476562567,,,12
665,8,13648725,1,-16,159,-1312,10080,,,40319,362815,3626191,39832323,476561040,,,12
666,8,13648752,1,-16,158,-1291,9931,,,40319,362815,3626192,39832423,476566877,,,12
667,4,13652748,1,-16,159,-1310,9885,,,40319,362815,3626191,39832321,476560947,,,12
668,8,13652784,1,-16,158,-1270,9048,,,40319,362815,3626192,39832402,476564736,,,12
669,8,13652847,1,-16,159,-1303,9603,,,40319,362815,3626191,39832314,476560221,,,12
670,8,13652874,1,-16,158,-1273,9179,,,40319,362815,3626192,39832405,476565037,,,12
671,4,13654728,1,-16,156,-1221,8500,,,40319,362815,3626194,39832595,476575652,,,12
672,8,13654782,1,-16,155,-1193,8103,-51485,,40319,362815,3626195,39832688,476580729,6161695142,,13
673,8,13654827,1,-16,157,-1255,9211,,,40319,362815,3626193,39832508,476571125,,,12
674,8,13654872,1,-16,155,-1193,8099,-51260,,40319,362815,3626195,39832688,476580733,6161695593,,13
675,8,13657248,1,-16,158,-1279,9425,,,40319,362815,3626192,39832411,476565655,,,12
676,8,13657284,1,-16,158,-1279,9516,-69902,,40319,362815,3626192,39832411,476565564,6161048882,,13
677,8,13657428,1,-16,158,-1288,9817,,,40319,362815,3626192,39832420,476566559,,,12
678,8,13657482,1,-16,158,-1292,9991,,,40319,362815,3626192,39832424,476566961,,,12
679,8,13657824,1,-16,157,-1252,9102,,,40319,362815,3626193,39832505,476570802,,,12
680,8,13657842,1,-16,157,-1255,9199,,,40319,362815,3626193,39832508,476571137,,,12
681,8,13658247,1,-16,159,-1306,9817,,,40319,362815,3626191,39832317,476560439,,,12
682,8,13658274,1,-16,159,-1308,9947,,,40319,362815,3626191,39832319,476560597,,,12
683,8,13658427,1,-16,159,-1308,9889,,,40319,362815,3626191,39832319,476560655,,,12
684,8,13658472,1,-16,158,-1288,9806,,,40319,362815,3626192,39832420,476566570,,,12
685,8,13658724,1,-16,157,-1252,9109,-65018,,40319,362815,3626193,39832505,476570795,6161275021,,13
686,8,13658742,1,-16,157,-1254,9134,,,40319,362815,3626193,39832507,476571058,,,12
687,8,13672458,1,-16,158,-1280,9419,,,40319,362815,3626192,39832412,476565805,,,12
688,8,13672485,1,-16,159,-1303,9663,,,40319,362815,3626191,39832314,476560161,,,12
689,8,13672548,1,-16,158,-1278,9346,,,40319,362815,3626192,39832410,476565590,,,12
690,8,13672584,1,-16,159,-1302,9634,,,40319,362815,3626191,39832313,476560046,,,12
691,8,13672845,1,-16,158,-1278,9415,-65623,,40319,362815,3626192,39832410,476565521,6161049504,,13
692,8,13672854,1,-16,158,-1275,9295,,,40319,362815,3626192,39832407,476565209,,,12
693,8,13674258,1,-16,159,-1312,10022,,,40319,362815,3626191,39832323,476561098,,,12
694,8,13674285,1,-16,159,-1302,9653,,,40319,362815,3626191,39832313,476560027,,,12
695,8,13674528,1,-16,157,-1250,8938,-58678,,40319,362815,3626193,39832503,476570678,6161273244,,13
696,8,13674582,1,-16,157,-1252,9057,-62152,,40319,362815,3626193,39832505,476570847,6161280943,,13
697,8,13674825,1,-16,159,-1302,9605,,,40319,362815,3626191,39832313,476560075,,,12
698,8,13674852,1,-16,158,-1282,9519,-65921,,40319,362815,3626192,39832414,476565993,6161080898,,13
699,8,13675248,1,-16,158,-1278,9355,,,40319,362815,3626192,39832410,476565581,,,12
700,8,13675284,1,-16,158,-1265,8882,,,40319,362815,3626192,39832397,476564182,,,12
701,8,13675428,1,-16,157,-1251,9006,,,40319,362815,3626193,39832504,476570754,,,12
702,8,13675482,1,-16,157,-1254,9168,,,40319,362815,3626193,39832507,476571024,,,12
703,8,13675824,1,-16,158,-1282,9615,-71321,,40319,362815,3626192,39832414,476565897,6161070074,,13
704,8,13675842,1,-16,158,-1290,9920,,,40319,362815,3626192,39832422,476566744,,,12
705,8,13678245,1,-16,157,-1253,9137,,,40319,362815,3626193,39832506,476570911,,,12
706,8,13678254,1,-16,157,-1250,9014,-62345,435117,40319,362815,3626193,39832503,476570602,6161264067,85461367267,14
707,8,13678425,1,-16,158,-1287,9843,,,40319,362815,3626192,39832419,476566389,,,12
708,8,13678452,1,-16,156,-1222,8566,,,40319,362815,3626194,39832596,476575730,,,12
709,8,13678524,1,-16,157,-1254,9202,-67579,,40319,362815,3626193,39832507,476570990,6161286201,,13
710,8,13678542,1,-16,156,-1222,8570,,,40319,362815,3626194,39832596,476575726,,,12
711,8,13682457,1,-16,159,-1311,10034,,,40319,362815,3626191,39832322,476560942,,,12
712,8,13682475,1,-16,160,-1343,10630,,,40319,362815,3626190,39832233,476556242,,,12
713,8,13682547,1,-16,159,-1306,9807,,,40319,362815,3626191,39832317,476560449,,,12
714,8,13682574,1,-16,160,-1343,10616,,,40319,362815,3626190,39832233,476556256,,,12
715,8,13682745,1,-16,159,-1305,9789,,,40319,362815,3626191,39832316,476560323,,,12
716,8,13682754,1,-16,159,-1306,9820,-69383,,40319,362815,3626191,39832317,476560436,6160834747,,13
717,8,13684257,1,-16,160,-1344,10703,,,40319,362815,3626190,39832234,476556313,,,12
718,8,13684275,1,-16,160,-1335,10260,,,40319,362815,3626190,39832225,476555460,,,12
719,8,13684527,1,-16,159,-1307,9877,-70946,,40319,362815,3626191,39832318,476560523,6160838845,,13
720,8,13684572,1,-16,158,-1282,9533,,,40319,362815,3626192,39832414,476565979,,,12
721,8,13684725,1,-16,160,-1348,10829,-87476,,40319,362815,3626190,39832238,476556763,6160702599,,13
722,8,13684752,1,-16,159,-1322,10473,,,40319,362815,3626191,39832333,476562087,,,12
723,8,13685247,1,-16,160,-1342,10598,,,40319,362815,3626190,39832232,476556130,,,12
724,8,13685274,1,-16,160,-1338,10390,,,40319,362815,3626190,39832228,476555762,,,12
725,8,13685427,1,-16,159,-1309,9948,,,40319,362815,3626191,39832320,476560740,,,12
726,8,13685472,1,-16,159,-1325,10652,,,40319,362815,3626191,39832336,476562340,,,12
727,8,13685724,1,-16,158,-1282,9586,,,40319,362815,3626192,39832414,476565926,,,12
728,8,13685742,1,-16,158,-1294,10076,,,40319,362815,3626192,39832426,476567164,,,12
729,8,13687245,1,-16,157,-1241,8624,,,40319,362815,3626193,39832494,476569696,,,12
730,8,13687254,1,-16,157,-1241,8654,,,40319,362815,3626193,39832494,476569666,,,12
731,8,13687425,1,-16,158,-1276,9363,-65579,,40319,362815,3626192,39832408,476565285,6161033912,,13
732,8,13687452,1,-16,157,-1253,9114,,,40319,362815,3626193,39832506,476570934,,,12
733,8,13687524,1,-16,158,-1288,9912,,,40319,362815,3626192,39832420,476566464,,,12
734,8,13687542,1,-16,157,-1255,9182,,,40319,362815,3626193,39832508,476571154,,,12
735,8,13724586,1,-16,159,-1316,10182,,,40319,362815,3626191,39832327,476561514,,,12
736,8,13724658,1,-16,158,-1286,9656,,,40319,362815,3626192,39832418,476566432,,,12
737,8,13724685,1,-16,160,-1352,10964,-90117,,40319,362815,3626190,39832242,476557204,6160731097,,13
738,8,13724856,1,-16,159,-1315,10146,,,40319,362815,3626191,39832326,476561406,,,12
739,8,13724865,1,-16,159,-1314,10122,,,40319,362815,3626191,39832325,476561286,,,12
740,8,13725486,1,-16,159,-1322,10429,-82187,,40319,362815,3626191,39832333,476562131,6160939318,,13
741,8,13725648,1,-16,158,-1283,9518,,,40319,362815,3626192,39832415,476566138,,,12
742,8,13725684,1,-16,159,-1310,9954,,,40319,362815,3626191,39832321,476560878,,,12
743,8,13725846,1,-16,160,-1353,11002,,,40319,362815,3626190,39832243,476557310,,,12
744,8,13725864,1,-16,160,-1356,11149,,,40319,362815,3626190,39832246,476557595,,,12
745,8,13726458,1,-16,158,-1286,9661,,,40319,362815,3626192,39832418,476566427,,,12
746,8,13726485,1,-16,160,-1352,10942,,,40319,362815,3626190,39832242,476557226,,,12
747,8,13726548,1,-16,157,-1265,9560,,,40319,362815,3626193,39832518,476572216,,,12
748,8,13726584,1,-16,159,-1317,10254,-78957,,40319,362815,3626191,39832328,476561586,6160904823,,13
749,8,13726845,1,-16,159,-1317,10275,,,40319,362815,3626191,39832328,476561565,,,12
750,8,13726854,1,-16,159,-1323,10527,,,40319,362815,3626191,39832334,476562177,,,12
751,8,13728456,1,-16,158,-1291,9966,,,40319,362815,3626192,39832423,476566842,,,12
752,8,13728465,1,-16,158,-1278,9358,,,40319,362815,3626192,39832410,476565578,,,12
753,8,13728546,1,-16,158,-1278,9376,,,40319,362815,3626192,39832410,476565560,,,12
754,8,13728564,1,-16,158,-1286,9748,,,40319,362815,3626192,39832418,476566340,,,12
755,8,13728645,1,-16,158,-1284,9688,,,40319,362815,3626192,39832416,476566112,,,12
756,8,13728654,1,-16,158,-1290,9910,,,40319,362815,3626192,39832422,476566754,,,12
757,8,13742586,1,-16,160,-1348,10790,,,40319,362815,3626190,39832238,476556802,,,12
758,8,13742658,1,-16,159,-1315,10100,,,40319,362815,3626191,39832326,476561452,,,12
759,8,13742685,1,-16,160,-1340,10467,,,40319,362815,3626190,39832230,476555973,,,12
760,8,13742856,1,-16,159,-1308,9892,,,40319,362815,3626191,39832319,476560652,,,12
761,8,13742865,1,-16,159,-1305,9729,,,40319,362815,3626191,39832316,476560383,,,12
762,4,13745268,1,-16,159,-1313,10093,,,40319,362815,3626191,39832324,476561171,,,12
763,8,13745286,1,-16,159,-1306,9806,,,40319,362815,3626191,39832317,476560450,,,12
764,8,13745628,1,-16,157,-1252,9088,,,40319,362815,3626193,39832505,476570816,,,12
765,8,13745682,1,-16,157,-1251,9000,,,40319,362815,3626193,39832504,476570760,,,12
766,8,13745826,1,-16,159,-1297,9404,-57947,,40319,362815,3626191,39832308,476559556,6160784103,,13
767,8,13745862,1,-16,159,-1324,10578,-86945,,40319,362815,3626191,39832335,476562270,6160943231,,13
768,8,13746258,1,-16,160,-1352,10927,,,40319,362815,3626190,39832242,476557241,,,12
769,8,13746285,1,-16,160,-1334,10215,,,40319,362815,3626190,39832224,476555361,,,12
770,8,13746528,1,-16,158,-1286,9750,,,40319,362815,3626192,39832418,476566338,,,12
771,8,13746582,1,-16,158,-1292,10026,-80811,,40319,362815,3626192,39832424,476566926,6161131785,,13
772,8,13746825,1,-16,160,-1340,10518,,,40319,362815,3626190,39832230,476555922,,,12
773,8,13746852,1,-16,160,-1360,11366,,,40319,362815,3626190,39832250,476557954,,,12
774,8,13748256,1,-16,159,-1302,9638,,,40319,362815,3626191,39832313,476560042,,,12
775,8,13748265,1,-16,159,-1299,9467,,,40319,362815,3626191,39832310,476559781,,,12
776,8,13748526,1,-16,160,-1346,10764,,,40319,362815,3626190,39832236,476556540,,,12
777,8,13748562,1,-16,158,-1287,9765,,,40319,362815,3626192,39832419,476566467,,,12
778,8,13748625,1,-16,160,-1342,10578,,,40319,362815,3626190,39832232,476556150,,,12
779,8,13748652,1,-16,159,-1324,10604,,,40319,362815,3626191,39832335,476562244,,,12
780,8,13752486,1,-16,160,-1348,10788,,,40319,362815,3626190,39832238,476556804,,,12
781,8,13752648,1,-16,160,-1356,11103,,,40319,362815,3626190,39832246,476557641,,,12
782,8,13752684,1,-16,160,-1334,10211,,,40319,362815,3626190,39832224,476555365,,,12
783,8,13752846,1,-16,160,-1335,10232,,,40319,362815,3626190,39832225,476555488,,,12
784,8,13752864,1,-16,160,-1341,10509,,,40319,362815,3626190,39832231,476556075,,,12
785,4,13754268,1,-16,159,-1313,10037,,,40319,362815,3626191,39832324,476561227,,,12
786,8,13754286,1,-16,159,-1313,10092,,,40319,362815,3626191,39832324,476561172,,,12
787,8,13754628,1,-16,158,-1284,9658,-71572,,40319,362815,3626192,39832416,476566142,6161087394,,13
788,8,13754682,1,-16,158,-1292,10026,-80743,,40319,362815,3626192,39832424,476566926,6161131717,,13
789,8,13754826,1,-16,159,-1310,10023,,,40319,362815,3626191,39832321,476560809,,,12
790,8,13754862,1,-16,158,-1288,9831,,,40319,362815,3626192,39832420,476566545,,,12
791,8,13756248,1,-16,158,-1282,9528,,,40319,362815,3626192,39832414,476565984,,,12
792,8,13756284,1,-16,158,-1265,8854,,,40319,362815,3626192,39832397,476564210,,,12
793,8,13756428,1,-16,157,-1253,9079,,,40319,362815,3626193,39832506,476570969,,,12
794,8,13756482,1,-16,157,-1257,9304,,,40319,362815,3626193,39832510,476571320,,,12
795,8,13756824,1,-16,158,-1281,9568,,,40319,362815,3626192,39832413,476565800,,,12
796,8,13756842,1,-16,158,-1288,9843,,,40319,362815,3626192,39832420,476566533,,,12
797,8,13758246,1,-16,160,-1346,10778,,,40319,362815,3626190,39832236,476556526,,,12
798,8,13758264,1,-16,160,-1345,10718,,,40319,362815,3626190,39832235,476556442,,,12
799,8,13758426,1,-16,160,-1340,10481,,,40319,362815,3626190,39832230,476555959,,,12
800,8,13758462,1,-16,159,-1323,10531,,,40319,362815,3626191,39832334,476562173,,,12
801,8,13758624,1,-16,158,-1284,9671,,,40319,362815,3626192,39832416,476566129,,,12
802,8,13758642,1,-16,158,-1294,10088,,,40319,362815,3626192,39832426,476567152,,,12
803,8,13762458,1,-16,158,-1273,9078,,,40319,362815,3626192,39832405,476565138,,,12
804,8,13762485,1,-16,159,-1298,9456,,,40319,362815,3626191,39832309,476559648,,,12
805,8,13762548,1,-16,158,-1281,9416,,,40319,362815,3626192,39832413,476565952,,,12
806,8,13762584,1,-16,159,-1302,9626,-64049,,40319,362815,3626191,39832313,476560054,6160813527,,13
807,8,13762845,1,-16,158,-1267,8950,,,40319,362815,3626192,39832399,476564402,,,12
808,8,13762854,1,-16,158,-1268,9005,,,40319,362815,3626192,39832400,476564491,,,12
809,8,13764258,1,-16,159,-1316,10191,,,40319,362815,3626191,39832327,476561505,,,12
810,8,13764285,1,-16,159,-1302,9626,-64082,,40319,362815,3626191,39832313,476560054,6160813560,,13
811,8,13764528,1,-16,157,-1251,9015,,,40319,362815,3626193,39832504,476570745,,,12
812,8,13764582,1,-16,157,-1254,9176,,,40319,362815,3626193,39832507,476571016,,,12
813,8,13764825,1,-16,159,-1303,9660,,,40319,362815,3626191,39832314,476560164,,,12
814,8,13764852,1,-16,159,-1325,10635,,,40319,362815,3626191,39832336,476562357,,,12
815,8,13765248,1,-16,158,-1290,9864,,,40319,362815,3626192,39832422,476566800,,,12
816,8,13765284,1,-16,158,-1274,9296,-64933,,40319,362815,3626192,39832406,476565064,6161020253,,13
817,8,13765428,1,-16,156,-1232,8953,,,40319,362815,3626194,39832606,476576783,,,12
818,8,13765482,1,-16,155,-1193,8105,,,40319,362815,3626195,39832688,476580727,,,12
819,8,13765824,1,-16,157,-1248,8945,-61433,,40319,362815,3626193,39832501,476570383,6161250480,,13
820,8,13765842,1,-16,157,-1256,9229,,,40319,362815,3626193,39832509,476571251,,,12
821,8,13768245,1,-16,157,-1241,8647,-54234,,40319,362815,3626193,39832494,476569673,6161208467,,13
822,8,13768254,1,-16,157,-1241,8662,,,40319,362815,3626193,39832494,476569658,,,12
823,8,13768425,1,-16,158,-1276,9363,-65566,,40319,362815,3626192,39832408,476565285,6161033899,,13
824,8,13768452,1,-16,157,-1253,9116,,,40319,362815,3626193,39832506,476570932,,,12
825,8,13768524,1,-16,158,-1288,9899,,,40319,362815,3626192,39832420,476566477,,,12
826,8,13768542,1,-16,157,-1257,9264,-66901,,40319,362815,3626193,39832510,476571360,6161311549,,13
827,8,13782456,1,-16,157,-1249,8935,,,40319,362815,3626193,39832502,476570537,,,12
828,8,13782465,1,-16,157,-1241,8611,,,40319,362815,3626193,39832494,476569709,,,12
829,8,13782546,1,-16,157,-1241,8603,,,40319,362815,3626193,39832494,476569717,,,12
830,8,13782564,1,-16,157,-1243,8700,,,40319,362815,3626193,39832496,476569908,,,12
831,8,13782645,1,-16,157,-1241,8622,-53005,,40319,362815,3626193,39832494,476569698,6161211463,,13
832,8,13782654,1,-16,157,-1249,8950,,,40319,362815,3626193,39832502,476570522,,,12
833,8,13784256,1,-16,158,-1278,9426,-66382,,40319,362815,3626192,39832410,476565510,6161048404,,13
834,8,13784265,1,-16,158,-1274,9276,-63601,,40319,362815,3626192,39832406,476565084,6161022301,,13
835,8,13784526,1,-16,158,-1275,9299,-63173,,40319,362815,3626192,39832407,476565205,6161030154,,13
836,8,13784562,1,-16,156,-1222,8569,,,40319,362815,3626194,39832596,476575727,,,12
837,8,13784625,1,-16,159,-1315,10222,,,40319,362815,3626191,39832326,476561330,,,12
838,8,13784652,1,-16,157,-1249,8938,,,40319,362815,3626193,39832502,476570534,,,12
839,8,13785246,1,-16,159,-1312,10105,,,40319,362815,3626191,39832323,476561015,,,12
840,8,13785264,1,-16,159,-1314,10167,-77803,,40319,362815,3626191,39832325,476561241,6160881868,,13
841,8,13785426,1,-16,158,-1275,9325,,,40319,362815,3626192,39832407,476565179,,,12
842,8,13785462,1,-16,157,-1249,8946,-59905,,40319,362815,3626193,39832502,476570526,6161260951,,13
843,8,13785624,1,-16,157,-1254,9160,,,40319,362815,3626193,39832507,476571032,,,12
844,8,13785642,1,-16,156,-1225,8694,,,40319,362815,3626194,39832599,476576034,,,12
845,8,13786245,1,-16,157,-1246,8897,,,40319,362815,3626193,39832499,476570143,,,12
846,8,13786254,1,-16,157,-1244,8764,,,40319,362815,3626193,39832497,476569988,,,12
847,8,13786425,1,-16,158,-1284,9719,,,40319,362815,3626192,39832416,476566081,,,12
848,8,13786452,1,-16,156,-1220,8484,-54735,,40319,362815,3626194,39832594,476575524,6161471763,,13
849,8,13786524,1,-16,157,-1252,9123,,,40319,362815,3626193,39832505,476570781,,,12
850,8,13786542,1,-16,156,-1227,8773,-61503,,40319,362815,3626194,39832601,476576243,6161514866,,13
851,8,13824567,1,-16,157,-1265,9609,,,40319,362815,3626193,39832518,476572167,,,12
852,8,13824576,1,-16,157,-1256,9261,,,40319,362815,3626193,39832509,476571219,,,12
853,8,13824657,1,-16,157,-1257,9274,,,40319,362815,3626193,39832510,476571350,,,12
854,8,13824675,1,-16,158,-1292,10037,,,40319,362815,3626192,39832424,476566915,,,12
855,8,13824756,1,-16,158,-1292,10050,,,40319,362815,3626192,39832424,476566902,,,12
856,8,13824765,1,-16,157,-1258,9336,,,40319,362815,3626193,39832511,476571432,,,12
857,8,13825467,1,-16,157,-1257,9264,-67323,,40319,362815,3626193,39832510,476571360,6161311971,,13
858,8,13825476,1,-16,157,-1258,9313,,,40319,362815,3626193,39832511,476571455,,,12
859,8,13825647,1,-16,158,-1284,9666,,,40319,362815,3626192,39832416,476566134,,,12
860,8,13825674,1,-16,157,-1252,9097,,,40319,362815,3626193,39832505,476570807,,,12
861,8,13825746,1,-16,158,-1286,9730,,,40319,362815,3626192,39832418,476566358,,,12
862,8,13825764,1,-16,158,-1286,9759,,,40319,362815,3626192,39832418,476566329,,,12
863,8,13826457,1,-16,158,-1286,9727,,,40319,362815,3626192,39832418,476566361,,,12
864,8,13826475,1,-16,158,-1288,9811,,,40319,362815,3626192,39832420,476566565,,,12
865,8,13826547,1,-16,157,-1259,9367,,,40319,362815,3626193,39832512,476571545,,,12
866,8,13826574,1,-16,158,-1285,9714,,,40319,362815,3626192,39832417,476566230,,,12
867,8,13826745,1,-16,157,-1256,9253,-68100,,40319,362815,3626193,39832509,476571227,6161302439,,13
868,8,13826754,1,-16,157,-1256,9246,-67593,,40319,362815,3626193,39832509,476571234,6161303115,,13
869,8,13827456,1,-16,157,-1255,9186,,,40319,362815,3626193,39832508,476571150,,,12
870,8,13827465,1,-16,158,-1294,10114,,,40319,362815,3626192,39832426,476567126,,,12
871,8,13827546,1,-16,158,-1294,10109,,,40319,362815,3626192,39832426,476567131,,,12
872,8,13827564,1,-16,157,-1261,9454,-72490,,40319,362815,3626193,39832514,476571746,6161333700,,13
873,8,13827645,1,-16,157,-1259,9373,-70555,,40319,362815,3626193,39832512,476571539,6161321118,,13
874,8,13827654,1,-16,156,-1234,9036,,,40319,362815,3626194,39832608,476576988,,,12
875,8,13842567,1,-16,158,-1291,9969,,,40319,362815,3626192,39832423,476566839,,,12
876,8,13842576,1,-16,158,-1284,9683,-72872,,40319,362815,3626192,39832416,476566117,6161084469,,13
877,8,13842657,1,-16,158,-1284,9660,,,40319,362815,3626192,39832416,476566140,,,12
878,8,13842675,1,-16,158,-1276,9331,-64020,,40319,362815,3626192,39832408,476565317,6161037761,,13
879,8,13842756,1,-16,158,-1276,9331,-64117,,40319,362815,3626192,39832408,476565317,6161037858,,13
880,8,13842765,1,-16,158,-1287,9802,,,40319,362815,3626192,39832419,476566430,,,12
881,8,13845267,1,-16,158,-1278,9421,-66055,,40319,362815,3626192,39832410,476565515,6161048922,,13
882,8,13845276,1,-16,158,-1275,9327,,,40319,362815,3626192,39832407,476565177,,,12
883,8,13845627,1,-16,158,-1285,9779,,,40319,362815,3626192,39832417,476566165,,,12
884,8,13845672,1,-16,156,-1228,8832,-63434,,40319,362815,3626194,39832602,476576328,6161518994,,13
885,8,13845726,1,-16,159,-1309,9978,,,40319,362815,3626191,39832320,476560710,,,12
886,8,13845762,1,-16,157,-1251,9046,,,40319,362815,3626193,39832504,476570714,,,12
887,8,13846257,1,-16,160,-1348,10841,-88256,,40319,362815,3626190,39832238,476556751,6160701351,,13
888,8,13846275,1,-16,160,-1340,10494,,,40319,362815,3626190,39832230,476555946,,,12
889,8,13846527,1,-16,158,-1272,9195,-61501,,40319,362815,3626192,39832404,476564877,6161009554,,13
890,8,13846572,1,-16,157,-1253,9123,,,40319,362815,3626193,39832506,476570925,,,12
891,8,13846725,1,-16,159,-1308,9908,,,40319,362815,3626191,39832319,476560636,,,12
892,8,13846752,1,-16,158,-1288,9849,,,40319,362815,3626192,39832420,476566527,,,12
893,8,13847256,1,-16,159,-1303,9666,-64703,,40319,362815,3626191,39832314,476560158,6160819589,,13
894,8,13847265,1,-16,159,-1315,10225,,,40319,362815,3626191,39832326,476561327,,,12
895,8,13847526,1,-16,160,-1346,10781,-87448,,40319,362815,3626190,39832236,476556523,6160686347,,13
896,8,13847562,1,-16,158,-1290,9927,,,40319,362815,3626192,39832422,476566737,,,12
897,8,13847625,1,-16,159,-1307,9868,-70592,,40319,362815,3626191,39832318,476560532,6160840012,,13
898,8,13847652,1,-16,157,-1254,9153,,,40319,362815,3626193,39832507,476571039,,,12
899,8,13852467,1,-16,159,-1317,10293,,,40319,362815,3626191,39832328,476561547,,,12
900,8,13852476,1,-16,159,-1315,10201,,,40319,362815,3626191,39832326,476561351,,,12
901,8,13852647,1,-16,160,-1348,10829,-87652,,40319,362815,3626190,39832238,476556763,6160702775,,13
902,8,13852674,1,-16,159,-1303,9651,,,40319,362815,3626191,39832314,476560173,,,12
903,8,13852746,1,-16,160,-1348,10828,,,40319,362815,3626190,39832238,476556764,,,12
904,8,13852764,1,-16,159,-1302,9585,,,40319,362815,3626191,39832313,476560095,,,12
905,8,13854267,1,-16,158,-1275,9279,,,40319,362815,3626192,39832407,476565225,,,12
906,8,13854276,1,-16,158,-1275,9277,,,40319,362815,3626192,39832407,476565227,,,12
907,8,13854627,1,-16,158,-1272,9195,-61472,,40319,362815,3626192,39832404,476564877,6161009525,,13
908,8,13854672,1,-16,157,-1251,9041,,,40319,362815,3626193,39832504,476570719,,,12
909,8,13854726,1,-16,159,-1307,9881,,,40319,362815,3626191,39832318,476560519,,,12
910,8,13854762,1,-16,157,-1250,8969,,,40319,362815,3626193,39832503,476570647,,,12
911,8,13856247,1,-16,159,-1307,9873,,,40319,362815,3626191,39832318,476560527,,,12
912,8,13856274,1,-16,159,-1310,10025,-75144,,40319,362815,3626191,39832321,476560807,6160854535,,13
913,8,13856427,1,-16,158,-1272,9189,-61280,,40319,362815,3626192,39832404,476564883,6161010347,,13
914,8,13856472,1,-16,158,-1284,9662,,,40319,362815,3626192,39832416,476566138,,,12
915,8,13856724,1,-16,157,-1255,9235,-68152,,40319,362815,3626193,39832508,476571101,6161293365,,13
916,8,13856742,1,-16,156,-1221,8526,,,40319,362815,3626194,39832595,476575626,,,12
917,8,13857246,1,-16,160,-1351,10985,,,40319,362815,3626190,39832241,476557039,,,12
918,8,13857264,1,-16,160,-1346,10746,-85644,,40319,362815,3626190,39832236,476556558,6160690458,,13
919,8,13857426,1,-16,160,-1348,10832,,,40319,362815,3626190,39832238,476556760,,,12
920,8,13857462,1,-16,158,-1290,9892,,,40319,362815,3626192,39832422,476566772,,,12
921,8,13857624,1,-16,158,-1282,9583,,,40319,362815,3626192,39832414,476565929,,,12
922,8,13857642,1,-16,158,-1296,10192,,,40319,362815,3626192,39832428,476567336,,,12
923,8,13862457,1,-16,159,-1307,9846,,,40319,362815,3626191,39832318,476560554,,,12
924,8,13862475,1,-16,160,-1342,10560,,,40319,362815,3626190,39832232,476556168,,,12
925,8,13862547,1,-16,159,-1308,9887,,,40319,362815,3626191,39832319,476560657,,,12
926,8,13862574,1,-16,160,-1340,10506,,,40319,362815,3626190,39832230,476555934,,,12
927,8,13862745,1,-16,159,-1312,10060,,,40319,362815,3626191,39832323,476561060,,,12
928,8,13862754,1,-16,159,-1311,10025,,,40319,362815,3626191,39832322,476560951,,,12
929,8,13864257,1,-16,160,-1346,10765,,,40319,362815,3626190,39832236,476556539,,,12
930,8,13864275,1,-16,160,-1346,10746,-85745,,40319,362815,3626190,39832236,476556558,6160690559,,13
931,8,13864527,1,-16,158,-1272,9189,-61256,,40319,362815,3626192,39832404,476564883,6161010323,,13
932,8,13864572,1,-16,158,-1286,9769,,,40319,362815,3626192,39832418,476566319,,,12
933,8,13864725,1,-16,160,-1348,10836,,,40319,362815,3626190,39832238,476556756,,,12
934,8,13864752,1,-16,158,-1290,9904,,,40319,362815,3626192,39832422,476566760,,,12
935,8,13865247,1,-16,159,-1309,9968,-73296,,40319,362815,3626191,39832320,476560720,6160850152,,13
936,8,13865274,1,-16,159,-1297,9404,-58022,,40319,362815,3626191,39832308,476559556,6160784178,,13
937,8,13865427,1,-16,158,-1285,9751,,,40319,362815,3626192,39832417,476566193,,,12
938,8,13865472,1,-16,157,-1252,9096,,,40319,362815,3626193,39832505,476570808,,,12
939,8,13865724,1,-16,158,-1280,9518,,,40319,362815,3626192,39832412,476565706,,,12
940,8,13865742,1,-16,158,-1293,10071,,,40319,362815,3626192,39832425,476567025,,,12
941,8,13867245,1,-16,157,-1246,8852,,,40319,362815,3626193,39832499,476570188,,,12
942,8,13867254,1,-16,157,-1244,8770,-57259,,40319,362815,3626193,39832497,476569982,6161227209,,13
943,8,13867425,1,-16,158,-1284,9696,,,40319,362815,3626192,39832416,476566104,,,12
944,8,13867452,1,-16,156,-1225,8685,-59337,,40319,362815,3626194,39832599,476576043,6161503236,,13
945,8,13867524,1,-16,157,-1253,9136,,,40319,362815,3626193,39832506,476570912,,,12
946,8,13867542,1,-16,156,-1226,8728,,,40319,362815,3626194,39832600,476576144,,,12
947,8,13872456,1,-16,157,-1248,8923,,,40319,362815,3626193,39832501,476570405,,,12
948,8,13872465,1,-16,157,-1241,8638,,,40319,362815,3626193,39832494,476569682,,,12
949,8,13872546,1,-16,157,-1241,8607,,,40319,362815,3626193,39832494,476569713,,,12
950,8,13872564,1,-16,157,-1241,8617,,,40319,362815,3626193,39832494,476569703,,,12
951,8,13872645,1,-16,157,-1241,8599,,,40319,362815,3626193,39832494,476569721,,,12
952,8,13872654,1,-16,157,-1254,9163,-65715,,40319,362815,3626193,39832507,476571029,6161290928,,13
953,8,13874256,1,-16,158,-1278,9414,,,40319,362815,3626192,39832410,476565522,,,12
954,8,13874265,1,-16,158,-1274,9244,,,40319,362815,3626192,39832406,476565116,,,12
955,8,13874526,1,-16,158,-1275,9301,,,40319,362815,3626192,39832407,476565203,,,12
956,8,13874562,1,-16,156,-1222,8575,,,40319,362815,3626194,39832596,476575721,,,12
957,8,13874625,1,-16,159,-1317,10302,,,40319,362815,3626191,39832328,476561538,,,12
958,8,13874652,1,-16,157,-1251,9005,,,40319,362815,3626193,39832504,476570755,,,12
959,8,13875246,1,-16,159,-1314,10167,-77808,,40319,362815,3626191,39832325,476561241,6160881873,,13
960,8,13875264,1,-16,159,-1317,10282,,,40319,362815,3626191,39832328,476561558,,,12
961,8,13875426,1,-16,158,-1278,9409,-65435,,40319,362815,3626192,39832410,476565527,6161050330,,13
962,8,13875462,1,-16,157,-1253,9107,-63520,,40319,362815,3626193,39832506,476570941,6161286029,,13
963,8,13875624,1,-16,157,-1253,9120,-64396,,40319,362815,3626193,39832506,476570928,6161284708,,13
964,8,13875642,1,-16,156,-1226,8732,,,40319,362815,3626194,39832600,476576140,,,12
965,8,13876245,1,-16,157,-1248,8932,-60890,,40319,362815,3626193,39832501,476570396,6161252134,,13
966,8,13876254,1,-16,157,-1250,8998,-61792,,40319,362815,3626193,39832503,476570618,6161266218,,13
967,8,13876425,1,-16,158,-1291,9980,,,40319,362815,3626192,39832423,476566828,,,12
968,8,13876452,1,-16,156,-1227,8774,-61587,,40319,362815,3626194,39832601,476576242,6161514781,,13
969,8,13876524,1,-16,157,-1261,9446,-71859,,40319,362815,3626193,39832514,476571754,6161334421,,13
970,8,13876542,1,-16,155,-1201,8402,,,40319,362815,3626195,39832696,476581582,,,12
971,8,14325786,1,-16,154,-1173,7950,,,40319,362815,3626196,39832789,476586714,,,12
972,8,14326785,1,-16,154,-1165,7619,-44060,,40319,362815,3626196,39832781,476585893,6161919585,,13
973,8,14326857,1,-16,155,-1206,8588,-61588,,40319,362815,3626195,39832701,476582116,6161781464,,13
974,8,14326875,1,-16,155,-1204,8504,-59564,,40319,362815,3626195,39832699,476581912,6161769300,,13
975,2,14327658,1,-16,153,-1142,7370,,,40319,362815,3626197,39832879,476591542,,,12
976,8,14327685,1,-16,155,-1204,8509,-59776,,40319,362815,3626195,39832699,476581907,6161768667,,13
977,4,14327856,1,-16,154,-1166,7654,-44746,,40319,362815,3626196,39832782,476586002,6161926524,,13
978,8,14327865,1,-16,154,-1167,7700,-45949,,40319,362815,3626196,39832783,476586100,6161932121,,13
979,4,14328675,1,-16,154,-1169,7781,-47902,,40319,362815,3626196,39832785,476586307,6161944721,,13
980,16,14352786,1,-16,156,-1228,8774,,,40319,362815,3626194,39832602,476576386,,,12
981,8,14356782,1,-16,155,-1199,8318,,,40319,362815,3626195,39832694,476581378,,,12
982,8,14356827,1,-16,157,-1252,9109,-65340,,40319,362815,3626193,39832505,476570795,6161275343,,13
983,8,14356872,1,-16,155,-1192,8061,-50460,,40319,362815,3626195,39832687,476580627,6161689047,,13
984,8,14357286,1,-16,158,-1280,9470,,,40319,362815,3626192,39832412,476565754,,,12
985,4,14357628,1,-16,156,-1220,8466,,,40319,362815,3626194,39832594,476575542,,,12
986,8,14357682,1,-16,155,-1193,8078,,,40319,362815,3626195,39832688,476580754,,,12
987,8,14357826,1,-16,157,-1244,8746,,,40319,362815,3626193,39832497,476570006,,,12
988,8,14357862,1,-16,156,-1224,8672,,,40319,362815,3626194,39832598,476575912,,,12
989,8,14358267,1,-16,157,-1241,8608,,,40319,362815,3626193,39832494,476569712,,,12
990,8,14358276,1,-16,157,-1247,8838,,,40319,362815,3626193,39832500,476570346,,,12
991,8,14358627,1,-16,158,-1284,9705,-73994,,40319,362815,3626192,39832416,476566095,6161081873,,13
992,8,14358672,1,-16,156,-1224,8658,,,40319,362815,3626194,39832598,476575926,,,12
993,8,14358726,1,-16,157,-1246,8881,,,40319,362815,3626193,39832499,476570159,,,12
994,8,14358762,1,-16,155,-1192,8079,-51535,,40319,362815,3626195,39832687,476580609,6161687080,,13
995,8,14362785,1,-16,158,-1281,9438,,,40319,362815,3626192,39832413,476565930,,,12
996,8,14362857,1,-16,159,-1323,10459,,,40319,362815,3626191,39832334,476562245,,,12
997,8,14362875,1,-16,158,-1282,9469,,,40319,362815,3626192,39832414,476566043,,,12
998,8,14365782,1,-16,155,-1195,8166,,,40319,362815,3626195,39832690,476580954,,,12
999,8,14365827,1,-16,157,-1254,9159,,,40319,362815,3626193,39832507,476571033,,,12
1000,8,14365872,1,-16,155,-1197,8258,,,40319,362815,3626195,39832692,476581150,,,12
1001,8,14367258,1,-16,158,-1278,9309,,,40319,362815,3626192,39832410,476565627,,,12
1002,8,14367285,1,-16,158,-1277,9362,-64164,,40319,362815,3626192,39832409,476565430,6161044834,,13
1003,8,14367528,1,-16,157,-1249,8915,,,40319,362815,3626193,39832502,476570557,,,12
1004,8,14367582,1,-16,157,-1260,9397,,,40319,362815,3626193,39832513,476571659,,,12
1005,8,14367825,1,-16,157,-1249,8962,-60919,,40319,362815,3626193,39832502,476570510,6161259261,,13
1006,8,14367852,1,-16,156,-1218,8377,,,40319,362815,3626194,39832592,476575343,,,12
1007,8,14368257,1,-16,159,-1313,10094,,,40319,362815,3626191,39832324,476561170,,,12
1008,8,14368275,1,-16,159,-1310,9991,-73657,,40319,362815,3626191,39832321,476560841,6160858794,,13
1009,8,14368527,1,-16,159,-1315,10206,-78610,,40319,362815,3626191,39832326,476561346,6160888252,,13
1010,8,14368572,1,-16,157,-1258,9314,-68466,,40319,362815,3626193,39832511,476571454,6161316832,,13
1011,8,14368725,1,-16,157,-1241,8625,,,40319,362815,3626193,39832494,476569695,,,12
1012,8,14368752,1,-16,157,-1257,9295,,,40319,362815,3626193,39832510,476571329,,,12
1013,8,14372586,1,-16,159,-1325,10530,,,40319,362815,3626191,39832336,476562462,,,12
1014,4,14372658,1,-16,157,-1259,9250,,,40319,362815,3626193,39832512,476571662,,,12
1015,8,14372685,1,-16,159,-1325,10583,,,40319,362815,3626191,39832336,476562409,,,12
1016,8,14372856,1,-16,158,-1283,9553,,,40319,362815,3626192,39832415,476566103,,,12
1017,8,14372865,1,-16,158,-1284,9612,,,40319,362815,3626192,39832416,476566188,,,12
1018,8,14375286,1,-16,159,-1311,9951,,,40319,362815,3626191,39832322,476561025,,,12
1019,8,14375628,1,-16,157,-1249,8923,,,40319,362815,3626193,39832502,476570549,,,12
1020,8,14375682,1,-16,157,-1260,9415,,,40319,362815,3626193,39832513,476571641,,,12
1021,8,14375826,1,-16,159,-1314,10154,,,40319,362815,3626191,39832325,476561254,,,12
1022,8,14375862,1,-16,157,-1258,9314,-68434,,40319,362815,3626193,39832511,476571454,6161316800,,13
1023,8,14376258,1,-16,158,-1284,9561,,,40319,362815,3626192,39832416,476566239,,,12
1024,8,14376285,1,-16,158,-1273,9187,-59953,,40319,362815,3626192,39832405,476565029,6161021526,,13
1025,8,14376528,1,-16,156,-1222,8527,-55016,,40319,362815,3626194,39832596,476575769,6161489113,,13
1026,8,14376582,1,-16,155,-1193,8095,-51015,,40319,362815,3626195,39832688,476580737,6161696024,,13
1027,8,14376825,1,-16,157,-1243,8709,-54904,,40319,362815,3626193,39832496,476569899,6161222995,,13
1028,8,14376852,1,-16,157,-1257,9279,,,40319,362815,3626193,39832510,476571345,,,12
1029,8,14378256,1,-16,157,-1241,8601,,,40319,362815,3626193,39832494,476569719,,,12
1030,8,14378265,1,-16,157,-1242,8650,,,40319,362815,3626193,39832495,476569814,,,12
1031,8,14378526,1,-16,158,-1274,9267,,,40319,362815,3626192,39832406,476565093,,,12
1032,8,14378562,1,-16,156,-1219,8433,-53275,,40319,362815,3626194,39832593,476575431,6161466754,,13
1033,8,14378625,1,-16,157,-1241,8620,,,40319,362815,3626193,39832494,476569700,,,12
1034,8,14378652,1,-16,156,-1220,8482,,,40319,362815,3626194,39832594,476575526,,,12
1035,8,14382567,1,-16,157,-1252,9020,,,40319,362815,3626193,39832505,476570884,,,12
1036,8,14382576,1,-16,157,-1249,8898,,,40319,362815,3626193,39832502,476570574,,,12
1037,8,14382657,1,-16,157,-1251,8968,,,40319,362815,3626193,39832504,476570792,,,12
1038,8,14382675,1,-16,157,-1253,9086,-62888,,40319,362815,3626193,39832506,476570962,6161288946,,13
1039,8,14382756,1,-16,157,-1256,9221,,,40319,362815,3626193,39832509,476571259,,,12
1040,8,14382765,1,-16,156,-1227,8722,,,40319,362815,3626194,39832601,476576294,,,12
1041,8,14385267,1,-16,158,-1274,9196,,,40319,362815,3626192,39832406,476565164,,,12
1042,8,14385276,1,-16,158,-1272,9114,,,40319,362815,3626192,39832404,476564958,,,12
1043,8,14385627,1,-16,158,-1275,9314,,,40319,362815,3626192,39832407,476565190,,,12
1044,8,14385672,1,-16,156,-1218,8376,,,40319,362815,3626194,39832592,476575344,,,12
1045,8,14385726,1,-16,159,-1312,10095,-76621,,40319,362815,3626191,39832323,476561025,6160868518,,13
1046,8,14385762,1,-16,157,-1256,9255,,,40319,362815,3626193,39832509,476571225,,,12
1047,8,14386257,1,-16,159,-1309,9925,,,40319,362815,3626191,39832320,476560763,,,12
1048,8,14386275,1,-16,159,-1313,10115,,,40319,362815,3626191,39832324,476561149,,,12
1049,8,14386527,1,-16,158,-1275,9282,-62388,,40319,362815,3626192,39832407,476565222,6161032242,,13
1050,8,14386572,1,-16,157,-1256,9262,-68162,,40319,362815,3626193,39832509,476571218,6161300980,,13
1051,8,14386725,1,-16,157,-1241,8612,,,40319,362815,3626193,39832494,476569708,,,12
1052,8,14386752,1,-16,156,-1222,8562,-56433,,40319,362815,3626194,39832596,476575734,6161484615,,13
1053,8,14387256,1,-16,157,-1239,8516,,,40319,362815,3626193,39832492,476569516,,,12
1054,8,14387265,1,-16,157,-1246,8797,,,40319,362815,3626193,39832499,476570243,,,12
1055,8,14387526,1,-16,158,-1278,9417,,,40319,362815,3626192,39832410,476565519,,,12
1056,8,14387562,1,-16,156,-1220,8479,-54400,,40319,362815,3626194,39832594,476575529,6161472273,,13
1057,8,14387625,1,-16,157,-1249,8944,,,40319,362815,3626193,39832502,476570528,,,12
1058,8,14387652,1,-16,155,-1194,8121,,,40319,362815,3626195,39832689,476580855,,,12
1059,8,14523786,1,-16,155,-1190,7943,,,40319,362815,3626195,39832685,476580457,,,12
1060,8,14526783,1,-16,157,-1247,8837,,,40319,362815,3626193,39832500,476570347,,,12
1061,8,14526837,1,-16,159,-1308,9839,,,40319,362815,3626191,39832319,476560705,,,12
1062,8,14526873,1,-16,157,-1241,8588,,,40319,362815,3626193,39832494,476569732,,,12
1063,8,14527386,1,-16,159,-1317,10286,,,40319,362815,3626191,39832328,476561554,,,12
1064,8,14527683,1,-16,157,-1241,8594,-51528,,40319,362815,3626193,39832494,476569726,6161214718,,13
1065,8,14527836,1,-16,158,-1268,8940,,,40319,362815,3626192,39832400,476564556,,,12
1066,8,14527863,1,-16,157,-1238,8479,-49046,,40319,362815,3626193,39832491,476569409,6161195167,,13
1067,8,14528367,1,-16,158,-1274,9176,,,40319,362815,3626192,39832406,476565184,,,12
1068,8,14528376,1,-16,158,-1278,9328,,,40319,362815,3626192,39832410,476565608,,,12
1069,8,14528637,1,-16,159,-1305,9756,,,40319,362815,3626191,39832316,476560356,,,12
1070,8,14528673,1,-16,157,-1238,8487,,,40319,362815,3626193,39832491,476569401,,,12
1071,8,14528736,1,-16,158,-1267,8907,,,40319,362815,3626192,39832399,476564445,,,12
1072,8,14528763,1,-16,157,-1247,8833,,,40319,362815,3626193,39832500,476570351,,,12
1073,16,14532786,1,-16,155,-1191,7984,,,40319,362815,3626195,39832686,476580560,,,12
1074,8,14536782,1,-16,156,-1223,8590,,,40319,362815,3626194,39832597,476575850,,,12
1075,8,14536827,1,-16,158,-1284,9718,,,40319,362815,3626192,39832416,476566082,,,12
1076,8,14536872,1,-16,156,-1220,8498,,,40319,362815,3626194,39832594,476575510,,,12
1077,8,14537286,1,-16,158,-1276,9294,,,40319,362815,3626192,39832408,476565354,,,12
1078,8,14537682,1,-16,156,-1220,8474,-54281,,40319,362815,3626194,39832594,476575534,6161472999,,13
1079,8,14537826,1,-16,157,-1237,8461,,,40319,362815,3626193,39832490,476569283,,,12
1080,8,14537862,1,-16,156,-1208,7945,,,40319,362815,3626194,39832582,476574335,,,12
1081,8,14538267,1,-16,157,-1240,8540,,,40319,362815,3626193,39832493,476569636,,,12
1082,8,14538276,1,-16,157,-1250,8960,,,40319,362815,3626193,39832503,476570656,,,12
1083,8,14538627,1,-16,158,-1272,9168,,,40319,362815,3626192,39832404,476564904,,,12
1084,8,14538672,1,-16,156,-1208,7950,-41142,,40319,362815,3626194,39832582,476574330,6161402400,,13
1085,8,14538726,1,-16,157,-1237,8435,,,40319,362815,3626193,39832490,476569309,,,12
1086,8,14538762,1,-16,156,-1221,8547,,,40319,362815,3626194,39832595,476575605,,,12
1087,8,14562783,1,-16,157,-1251,9083,,,40319,362815,3626193,39832504,476570677,,,12
1088,8,14562837,1,-16,158,-1284,9705,-73997,,40319,362815,3626192,39832416,476566095,6161081876,,13
1089,8,14562873,1,-16,157,-1246,8858,,,40319,362815,3626193,39832499,476570182,,,12
1090,8,14563782,1,-16,156,-1216,8293,,,40319,362815,3626194,39832590,476575139,,,12
1091,8,14563827,1,-16,157,-1247,8877,,,40319,362815,3626193,39832500,476570307,,,12
1092,8,14563872,1,-16,156,-1214,8230,,,40319,362815,3626194,39832588,476574914,,,12
1093,4,14567238,1,-16,155,-1192,8061,-50410,,40319,362815,3626195,39832687,476580627,6161688997,,13
1094,8,14567283,1,-16,156,-1225,8706,,,40319,362815,3626194,39832599,476576022,,,12
1095,4,14567328,1,-16,155,-1192,8061,-50342,,40319,362815,3626195,39832687,476580627,6161688929,,13
1096,8,14567382,1,-16,156,-1226,8746,-61263,,40319,362815,3626194,39832600,476576126,6161507021,,13
1097,8,14567823,1,-16,154,-1166,7688,-46234,254167,40319,362815,3626196,39832782,476585968,6161922266,85485717761,14
1098,8,14567832,1,-16,154,-1166,7688,-46234,254552,40319,362815,3626196,39832782,476585968,6161922266,85485717376,14
1099,8,14568237,1,-16,157,-1246,8833,,,40319,362815,3626193,39832499,476570207,,,12
1100,8,14568273,1,-16,158,-1282,9615,-71291,,40319,362815,3626192,39832414,476565897,6161070044,,13
1101,8,14568327,1,-16,157,-1245,8820,,,40319,362815,3626193,39832498,476570076,,,12
1102,8,14568372,1,-16,158,-1285,9699,-71963,,40319,362815,3626192,39832417,476566245,6161093024,,13
1103,8,14568723,1,-16,155,-1192,8053,-49848,,40319,362815,3626195,39832687,476580635,6161689787,,13
1104,8,14568732,1,-16,155,-1192,8053,-49862,,40319,362815,3626195,39832687,476580635,6161689801,,13
1105,8,14572386,1,-16,158,-1273,9159,,,40319,362815,3626192,39832405,476565057,,,12
1106,8,14572638,1,-16,159,-1312,10014,,,40319,362815,3626191,39832323,476561106,,,12
1107,8,14572683,1,-16,159,-1307,9878,,,40319,362815,3626191,39832318,476560522,,,12
1108,8,14572836,1,-16,159,-1309,9998,,,40319,362815,3626191,39832320,476560690,,,12
1109,8,14572863,1,-16,159,-1302,9670,,,40319,362815,3626191,39832313,476560010,,,12
1110,8,14573286,1,-16,158,-1273,9187,-60084,,40319,362815,3626192,39832405,476565029,6161021657,,13
1111,8,14573628,1,-16,159,-1322,10479,,,40319,362815,3626191,39832333,476562081,,,12
1112,8,14573682,1,-16,159,-1324,10596,,,40319,362815,3626191,39832335,476562252,,,12
1113,8,14573826,1,-16,159,-1305,9793,,,40319,362815,3626191,39832316,476560319,,,12
1114,8,14573862,1,-16,159,-1313,10120,,,40319,362815,3626191,39832324,476561144,,,12
1115,8,14576238,1,-16,156,-1217,8362,,,40319,362815,3626194,39832591,476575214,,,12
1116,8,14576283,1,-16,157,-1248,8945,-61011,,40319,362815,3626193,39832501,476570383,6161250058,,13
1117,8,14576328,1,-16,156,-1217,8343,,,40319,362815,3626194,39832591,476575233,,,12
1118,8,14576382,1,-16,157,-1251,9045,,,40319,362815,3626193,39832504,476570715,,,12
1119,8,14576823,1,-16,155,-1191,8008,-48737,,40319,362815,3626195,39832686,476580536,6161684113,,13
1120,8,14576832,1,-16,155,-1191,8008,-48763,,40319,362815,3626195,39832686,476580536,6161684139,,13
1121,8,14578236,1,-16,157,-1243,8698,,,40319,362815,3626193,39832496,476569910,,,12
1122,8,14578263,1,-16,158,-1271,9101,,,40319,362815,3626192,39832403,476564827,,,12
1123,8,14578326,1,-16,157,-1238,8493,,,40319,362815,3626193,39832491,476569395,,,12
1124,8,14578362,1,-16,158,-1278,9363,-62783,,40319,362815,3626192,39832410,476565573,6161055452,,13
1125,8,14578623,1,-16,156,-1220,8461,-53301,,40319,362815,3626194,39832594,476575547,6161474216,,13
1126,8,14578632,1,-16,156,-1220,8461,-53365,,40319,362815,3626194,39832594,476575547,6161474280,,13
1127,8,14582367,1,-16,157,-1236,8400,,,40319,362815,3626193,39832489,476569200,,,12
1128,8,14582376,1,-16,157,-1238,8473,,,40319,362815,3626193,39832491,476569415,,,12
1129,8,14582637,1,-16,159,-1298,9485,,,40319,362815,3626191,39832309,476559619,,,12
1130,8,14582673,1,-16,158,-1264,8866,,,40319,362815,3626192,39832396,476564054,,,12
1131,8,14582736,1,-16,159,-1301,9639,,,40319,362815,3626191,39832312,476559897,,,12
1132,8,14582763,1,-16,158,-1271,9136,,,40319,362815,3626192,39832403,476564792,,,12
1133,8,14583267,1,-16,157,-1236,8463,,,40319,362815,3626193,39832489,476569137,,,12
1134,8,14583276,1,-16,157,-1236,8390,,,40319,362815,3626193,39832489,476569210,,,12
1135,8,14583627,1,-16,159,-1299,9506,-61029,,40319,362815,3626191,39832310,476559742,6160794283,,13
1136,8,14583672,1,-16,158,-1268,8895,,,40319,362815,3626192,39832400,476564601,,,12
1137,8,14583726,1,-16,159,-1310,10028,,,40319,362815,3626191,39832321,476560804,,,12
1138,8,14583762,1,-16,158,-1278,9415,-65806,,40319,362815,3626192,39832410,476565521,6161049687,,13
1139,8,14586237,1,-16,158,-1275,9302,,,40319,362815,3626192,39832407,476565202,,,12
1140,8,14586273,1,-16,159,-1315,10236,,,40319,362815,3626191,39832326,476561316,,,12
1141,8,14586327,1,-16,158,-1275,9290,-62548,,40319,362815,3626192,39832407,476565214,6161031050,,13
1142,8,14586372,1,-16,159,-1315,10190,,,40319,362815,3626191,39832326,476561362,,,12
1143,8,14586723,1,-16,156,-1222,8543,-55274,,40319,362815,3626194,39832596,476575753,6161486667,,13
1144,8,14586732,1,-16,156,-1222,8543,-55270,,40319,362815,3626194,39832596,476575753,6161486663,,13
1145,8,14587236,1,-16,157,-1236,8413,,,40319,362815,3626193,39832489,476569187,,,12
1146,8,14587263,1,-16,158,-1272,9181,-60693,,40319,362815,3626192,39832404,476564891,6161011112,,13
1147,8,14587326,1,-16,157,-1236,8486,,,40319,362815,3626193,39832489,476569114,,,12
1148,8,14587362,1,-16,158,-1272,9073,,,40319,362815,3626192,39832404,476564999,,,12
1149,8,14587623,1,-16,155,-1187,7865,,,40319,362815,3626195,39832682,476580103,,,12
1150,8,14587632,1,-16,155,-1187,7860,,,40319,362815,3626195,39832682,476580108,,,12
1151,8,14625783,1,-16,159,-1313,10075,,,40319,362815,3626191,39832324,476561189,,,12
1152,8,14625837,1,-16,160,-1345,10624,,,40319,362815,3626190,39832235,476556536,,,12
1153,8,14625873,1,-16,159,-1310,9948,,,40319,362815,3626191,39832321,476560884,,,12
1154,2,14627358,1,-16,159,-1311,9971,,,40319,362815,3626191,39832322,476561005,,,12
1155,8,14627385,1,-16,159,-1309,9973,-73722,,40319,362815,3626191,39832320,476560715,6160849733,,13
1156,8,14627538,1,-16,160,-1349,10781,,,40319,362815,3626190,39832239,476556955,,,12
1157,8,14627583,1,-16,160,-1342,10553,,,40319,362815,3626190,39832232,476556175,,,12
1158,8,14627835,1,-16,159,-1309,9957,,,40319,362815,3626191,39832320,476560731,,,12
1159,8,14627853,1,-16,159,-1305,9761,,,40319,362815,3626191,39832316,476560351,,,12
1160,4,14628375,1,-16,160,-1341,10512,,,40319,362815,3626190,39832231,476556072,,,12
1161,8,14628537,1,-16,160,-1331,10037,,,40319,362815,3626190,39832221,476555107,,,12
1162,8,14628573,1,-16,160,-1341,10517,,,40319,362815,3626190,39832231,476556067,,,12
1163,8,14628735,1,-16,159,-1305,9784,,,40319,362815,3626191,39832316,476560328,,,12
1164,8,14628753,1,-16,159,-1308,9880,,,40319,362815,3626191,39832319,476560664,,,12
1165,8,14632785,1,-16,158,-1278,9378,,,40319,362815,3626192,39832410,476565558,,,12
1166,8,14632857,1,-16,159,-1317,10263,-79513,,40319,362815,3626191,39832328,476561577,6160903858,,13
1167,8,14632875,1,-16,158,-1283,9571,,,40319,362815,3626192,39832415,476566085,,,12
1168,8,14635782,1,-16,157,-1258,9312,,,40319,362815,3626193,39832511,476571456,,,12
1169,8,14635827,1,-16,158,-1278,9391,,,40319,362815,3626192,39832410,476565545,,,12
1170,8,14635872,1,-16,157,-1254,9148,,,40319,362815,3626193,39832507,476571044,,,12
1171,8,14637285,1,-16,160,-1344,10656,,,40319,362815,3626190,39832234,476556360,,,12
1172,4,14637528,1,-16,159,-1318,10277,,,40319,362815,3626191,39832329,476561707,,,12
1173,8,14637582,1,-16,159,-1326,10670,,,40319,362815,3626191,39832337,476562466,,,12
1174,8,14637825,1,-16,159,-1302,9644,,,40319,362815,3626191,39832313,476560036,,,12
1175,8,14637852,1,-16,159,-1313,10099,,,40319,362815,3626191,39832324,476561165,,,12
1176,8,14638257,1,-16,160,-1338,10377,,,40319,362815,3626190,39832228,476555775,,,12
1177,8,14638275,1,-16,160,-1345,10716,,,40319,362815,3626190,39832235,476556444,,,12
1178,8,14638527,1,-16,160,-1344,10653,,,40319,362815,3626190,39832234,476556363,,,12
1179,8,14638572,1,-16,159,-1315,10180,,,40319,362815,3626191,39832326,476561372,,,12
1180,8,14638725,1,-16,159,-1301,9616,,,40319,362815,3626191,39832312,476559920,,,12
1181,8,14638752,1,-16,159,-1315,10168,,,40319,362815,3626191,39832326,476561384,,,12
1182,8,14652783,1,-16,157,-1237,8452,,,40319,362815,3626193,39832490,476569292,,,12
1183,8,14652837,1,-16,158,-1270,9049,,,40319,362815,3626192,39832402,476564735,,,12
1184,8,14652873,1,-16,157,-1239,8541,,,40319,362815,3626193,39832492,476569491,,,12
1185,8,14653782,1,-16,157,-1253,9120,-64356,,40319,362815,3626193,39832506,476570928,6161284668,,13
1186,8,14653827,1,-16,158,-1286,9792,,,40319,362815,3626192,39832418,476566296,,,12
1187,8,14653872,1,-16,157,-1253,9117,-64080,,40319,362815,3626193,39832506,476570931,6161284899,,13
1188,4,14657238,1,-16,156,-1219,8443,-53892,,40319,362815,3626194,39832593,476575421,6161465681,,13
1189,8,14657283,1,-16,157,-1253,9159,,,40319,362815,3626193,39832506,476570889,,,12
1190,4,14657328,1,-16,156,-1219,8425,,,40319,362815,3626194,39832593,476575439,,,12
1191,8,14657382,1,-16,157,-1253,9117,-64093,,40319,362815,3626193,39832506,476570931,6161284912,,13
1192,8,14657823,1,-16,155,-1191,8008,-48743,,40319,362815,3626195,39832686,476580536,6161684119,,13
1193,8,14657832,1,-16,155,-1191,8008,-48776,,40319,362815,3626195,39832686,476580536,6161684152,,13
1194,8,14658237,1,-16,157,-1238,8502,-50164,,40319,362815,3626193,39832491,476569386,6161192398,,13
1195,8,14658273,1,-16,158,-1278,9452,-67803,,40319,362815,3626192,39832410,476565484,6161045431,,13
1196,8,14658327,1,-16,157,-1238,8502,-50433,,40319,362815,3626193,39832491,476569386,6161192667,,13
1197,8,14658372,1,-16,158,-1282,9567,,,40319,362815,3626192,39832414,476565945,,,12
1198,8,14658723,1,-16,155,-1190,7969,-47896,,40319,362815,3626195,39832685,476580431,6161677695,,13
1199,8,14658732,1,-16,155,-1190,7969,-47950,,40319,362815,3626195,39832685,476580431,6161677749,,13
1200,4,14672358,1,-16,157,-1247,8854,-58045,,40319,362815,3626193,39832500,476570330,6161250303,,13
1201,8,14672385,1,-16,158,-1275,9307,,,40319,362815,3626192,39832407,476565197,,,12
1202,8,14672538,1,-16,159,-1316,10206,,,40319,362815,3626191,39832327,476561490,,,12
1203,8,14672583,1,-16,159,-1298,9432,,,40319,362815,3626191,39832309,476559672,,,12
1204,8,14672835,1,-16,158,-1281,9586,,,40319,362815,3626192,39832413,476565782,,,12
1205,8,14672853,1,-16,159,-1307,9877,-70829,,40319,362815,3626191,39832318,476560523,6160838728,,13
1206,8,14673258,1,-16,158,-1279,9418,,,40319,362815,3626192,39832411,476565662,,,12
1207,8,14673285,1,-16,158,-1272,9165,,,40319,362815,3626192,39832404,476564907,,,12
1208,8,14673528,1,-16,158,-1287,9743,,,40319,362815,3626192,39832419,476566489,,,12
1209,8,14673582,1,-16,158,-1278,9350,,,40319,362815,3626192,39832410,476565586,,,12
1210,8,14673825,1,-16,159,-1307,9863,,,40319,362815,3626191,39832318,476560537,,,12
1211,8,14673852,1,-16,158,-1276,9269,,,40319,362815,3626192,39832408,476565379,,,12
1212,8,14675238,1,-16,157,-1253,9141,-65858,,40319,362815,3626193,39832506,476570907,6161282621,,13
1213,8,14675283,1,-16,158,-1278,9454,,,40319,362815,3626192,39832410,476565482,,,12
1214,8,14675328,1,-16,157,-1255,9177,,,40319,362815,3626193,39832508,476571159,,,12
1215,8,14675382,1,-16,158,-1286,9771,,,40319,362815,3626192,39832418,476566317,,,12
1216,8,14675823,1,-16,157,-1261,9459,,,40319,362815,3626193,39832514,476571741,,,12
1217,8,14675832,1,-16,157,-1261,9454,-72131,,40319,362815,3626193,39832514,476571746,6161333341,,13
1218,8,14678235,1,-16,156,-1221,8529,,,40319,362815,3626194,39832595,476575623,,,12
1219,8,14678253,1,-16,158,-1287,9804,,,40319,362815,3626192,39832419,476566428,,,12
1220,8,14678325,1,-16,157,-1254,9183,,,40319,362815,3626193,39832507,476571009,,,12
1221,8,14678352,1,-16,157,-1258,9317,,,40319,362815,3626193,39832511,476571451,,,12
1222,8,14678523,1,-16,156,-1222,8522,,,40319,362815,3626194,39832596,476575774,,,12
1223,8,14678532,1,-16,156,-1222,8518,,,40319,362815,3626194,39832596,476575778,,,12
1224,8,14682357,1,-16,158,-1281,9582,,,40319,362815,3626192,39832413,476565786,,,12
1225,8,14682375,1,-16,159,-1305,9787,,,40319,362815,3626191,39832316,476560325,,,12
1226,8,14682537,1,-16,160,-1342,10606,,,40319,362815,3626190,39832232,476556122,,,12
1227,8,14682573,1,-16,160,-1337,10361,,,40319,362815,3626190,39832227,476555647,,,12
1228,8,14682735,1,-16,160,-1345,10769,,,40319,362815,3626190,39832235,476556391,,,12
1229,8,14682753,1,-16,160,-1342,10610,,,40319,362815,3626190,39832232,476556118,,,12
1230,8,14683257,1,-16,159,-1311,10073,,,40319,362815,3626191,39832322,476560903,,,12
1231,8,14683275,1,-16,159,-1302,9665,-65994,,40319,362815,3626191,39832313,476560015,6160808881,,13
1232,8,14683527,1,-16,160,-1347,10807,,,40319,362815,3626190,39832237,476556641,,,12
1233,8,14683572,1,-16,159,-1317,10260,,,40319,362815,3626191,39832328,476561580,,,12
1234,8,14683725,1,-16,160,-1338,10399,,,40319,362815,3626190,39832228,476555753,,,12
1235,8,14683752,1,-16,160,-1347,10746,,,40319,362815,3626190,39832237,476556702,,,12
1236,8,14685237,1,-16,159,-1309,9983,,,40319,362815,3626191,39832320,476560705,,,12
1237,8,14685273,1,-16,160,-1348,10858,,,40319,362815,3626190,39832238,476556734,,,12
1238,8,14685327,1,-16,159,-1311,10043,,,40319,362815,3626191,39832322,476560933,,,12
1239,8,14685372,1,-16,160,-1352,11005,,,40319,362815,3626190,39832242,476557163,,,12
1240,8,14685723,1,-16,157,-1259,9366,,,40319,362815,3626193,39832512,476571546,,,12
1241,8,14685732,1,-16,157,-1259,9356,,,40319,362815,3626193,39832512,476571556,,,12
1242,8,14687235,1,-16,157,-1251,9065,,,40319,362815,3626193,39832504,476570695,,,12
1243,8,14687253,1,-16,158,-1276,9352,-64961,,40319,362815,3626192,39832408,476565296,6161035153,,13
1244,8,14687325,1,-16,157,-1241,8633,,,40319,362815,3626193,39832494,476569687,,,12
1245,8,14687352,1,-16,158,-1286,9734,,,40319,362815,3626192,39832418,476566354,,,12
1246,8,14687523,1,-16,157,-1257,9289,,,40319,362815,3626193,39832510,476571335,,,12
1247,8,14687532,1,-16,157,-1257,9277,-67692,,40319,362815,3626193,39832510,476571347,6161310143,,13
1248,4,14725638,1,-16,159,-1302,9528,,,40319,362815,3626191,39832313,476560152,,,12
1249,8,14725683,1,-16,159,-1293,9202,,,40319,362815,3626191,39832304,476559182,,,12
1250,4,14725836,1,-16,160,-1327,9760,,,40319,362815,3626190,39832217,476554808,,,12
1251,8,14725863,1,-16,160,-1334,10176,,,40319,362815,3626190,39832224,476555400,,,12
1252,4,14726538,1,-16,158,-1277,9249,,,40319,362815,3626192,39832409,476565543,,,12
1253,8,14726583,1,-16,159,-1306,9797,,,40319,362815,3626191,39832317,476560459,,,12
1254,8,14726835,1,-16,160,-1334,10217,,,40319,362815,3626190,39832224,476555359,,,12
1255,8,14726853,1,-16,160,-1344,10659,,,40319,362815,3626190,39832234,476556357,,,12
1256,8,14728563,1,-16,159,-1304,9741,,,40319,362815,3626191,39832315,476560227,,,12
1257,4,14728635,1,-16,160,-1337,10402,,,40319,362815,3626190,39832227,476555606,,,12
1258,8,14728653,1,-16,159,-1306,9804,,,40319,362815,3626191,39832317,476560452,,,12
1259,8,14732586,1,-16,159,-1311,9986,,,40319,362815,3626191,39832322,476560990,,,12
1260,8,14732685,1,-16,159,-1306,9768,,,40319,362815,3626191,39832317,476560488,,,12
1261,8,14732856,1,-16,158,-1271,9083,,,40319,362815,3626192,39832403,476564845,,,12
1262,8,14732865,1,-16,158,-1273,9161,,,40319,362815,3626192,39832405,476565055,,,12
1263,8,14735286,1,-16,160,-1348,10785,,,40319,362815,3626190,39832238,476556807,,,12
1264,8,14735628,1,-16,159,-1321,10455,,,40319,362815,3626191,39832332,476561961,,,12
1265,8,14735682,1,-16,159,-1320,10400,,,40319,362815,3626191,39832331,476561872,,,12
1266,8,14735826,1,-16,160,-1334,10196,,,40319,362815,3626190,39832224,476555380,,,12
1267,8,14735862,1,-16,160,-1355,11114,,,40319,362815,3626190,39832245,476557486,,,12
1268,4,14736258,1,-16,159,-1321,10369,,,40319,362815,3626191,39832332,476562047,,,12
1269,8,14736285,1,-16,160,-1339,10399,,,40319,362815,3626190,39832229,476555897,,,12
1270,8,14736528,1,-16,158,-1278,9304,,,40319,362815,3626192,39832410,476565632,,,12
1271,8,14736582,1,-16,158,-1284,9645,,,40319,362815,3626192,39832416,476566155,,,12
1272,8,14736825,1,-16,160,-1339,10442,,,40319,362815,3626190,39832229,476555854,,,12
1273,8,14736852,1,-16,160,-1351,10950,,,40319,362815,3626190,39832241,476557074,,,12
1274,8,14738256,1,-16,159,-1303,9677,,,40319,362815,3626191,39832314,476560147,,,12
1275,8,14738265,1,-16,159,-1306,9789,,,40319,362815,3626191,39832317,476560467,,,12
1276,8,14738526,1,-16,160,-1331,10073,,,40319,362815,3626190,39832221,476555071,,,12
1277,8,14738562,1,-16,159,-1313,10111,,,40319,362815,3626191,39832324,476561153,,,12
1278,8,14738625,1,-16,160,-1339,10462,,,40319,362815,3626190,39832229,476555834,,,12
1279,8,14738652,1,-16,159,-1310,9966,-71781,,40319,362815,3626191,39832321,476560866,6160861143,,13
1280,8,14752386,1,-16,159,-1310,9991,-73719,,40319,362815,3626191,39832321,476560841,6160858856,,13
1281,8,14752638,1,-16,160,-1351,10923,,,40319,362815,3626190,39832241,476557101,,,12
1282,8,14752683,1,-16,160,-1336,10343,,,40319,362815,3626190,39832226,476555521,,,12
1283,8,14752836,1,-16,160,-1334,10238,,,40319,362815,3626190,39832224,476555338,,,12
1284,8,14752863,1,-16,160,-1339,10449,,,40319,362815,3626190,39832229,476555847,,,12
1285,8,14753286,1,-16,159,-1316,10237,,,40319,362815,3626191,39832327,476561459,,,12
1286,8,14753628,1,-16,160,-1356,11162,,,40319,362815,3626190,39832246,476557582,,,12
1287,8,14753682,1,-16,160,-1356,11204,,,40319,362815,3626190,39832246,476557540,,,12
1288,8,14753826,1,-16,160,-1344,10710,,,40319,362815,3626190,39832234,476556306,,,12
1289,8,14753862,1,-16,160,-1351,10961,,,40319,362815,3626190,39832241,476557063,,,12
1290,8,14756238,1,-16,157,-1253,9127,,,40319,362815,3626193,39832506,476570921,,,12
1291,8,14756283,1,-16,158,-1277,9401,,,40319,362815,3626192,39832409,476565391,,,12
1292,8,14756328,1,-16,157,-1253,9113,,,40319,362815,3626193,39832506,476570935,,,12
1293,8,14756382,1,-16,158,-1284,9683,-72401,,40319,362815,3626192,39832416,476566117,6161083998,,13
1294,8,14756823,1,-16,157,-1258,9333,-69366,,40319,362815,3626193,39832511,476571435,6161314521,,13
1295,8,14756832,1,-16,157,-1258,9333,-69384,,40319,362815,3626193,39832511,476571435,6161314539,,13
1296,8,14758236,1,-16,159,-1310,10009,,,40319,362815,3626191,39832321,476560823,,,12
1297,8,14758263,1,-16,160,-1347,10799,,,40319,362815,3626190,39832237,476556649,,,12
1298,8,14758326,1,-16,159,-1307,9868,-70547,,40319,362815,3626191,39832318,476560532,6160839967,,13
1299,8,14758362,1,-16,160,-1354,11076,,,40319,362815,3626190,39832244,476557380,,,12
1300,8,14758623,1,-16,157,-1259,9350,,,40319,362815,3626193,39832512,476571562,,,12
1301,8,14758632,1,-16,157,-1259,9346,,,40319,362815,3626193,39832512,476571566,,,12
1302,8,14762385,1,-16,158,-1264,8843,,,40319,362815,3626192,39832396,476564077,,,12
1303,8,14762538,1,-16,159,-1315,10148,,,40319,362815,3626191,39832326,476561404,,,12
1304,8,14762583,1,-16,159,-1299,9497,,,40319,362815,3626191,39832310,476559751,,,12
1305,8,14762835,1,-16,159,-1306,9880,-72291,,40319,362815,3626191,39832317,476560376,6160827515,,13
1306,8,14762853,1,-16,159,-1298,9508,,,40319,362815,3626191,39832309,476559596,,,12
1307,4,14763258,1,-16,158,-1269,8895,,,40319,362815,3626192,39832401,476564745,,,12
1308,8,14763285,1,-16,158,-1265,8877,,,40319,362815,3626192,39832397,476564187,,,12
1309,8,14763528,1,-16,159,-1326,10635,,,40319,362815,3626191,39832337,476562501,,,12
1310,8,14763582,1,-16,159,-1321,10479,,,40319,362815,3626191,39832332,476561937,,,12
1311,8,14763825,1,-16,159,-1298,9500,-62164,,40319,362815,3626191,39832309,476559604,6160784264,,13
1312,8,14763852,1,-16,159,-1302,9563,,,40319,362815,3626191,39832313,476560117,,,12
1313,8,14765238,1,-16,156,-1215,8237,,,40319,362815,3626194,39832589,476575051,,,12
1314,8,14765283,1,-16,157,-1244,8776,,,40319,362815,3626193,39832497,476569976,,,12
1315,8,14765328,1,-16,156,-1220,8414,,,40319,362815,3626194,39832594,476575594,,,12
1316,8,14765382,1,-16,157,-1252,9064,,,40319,362815,3626193,39832505,476570840,,,12
1317,8,14765823,1,-16,155,-1186,7818,,,40319,362815,3626195,39832681,476580006,,,12
1318,8,14765832,1,-16,155,-1186,7812,,,40319,362815,3626195,39832681,476580012,,,12
1319,8,14768235,1,-16,157,-1248,8927,,,40319,362815,3626193,39832501,476570401,,,12
1320,8,14768253,1,-16,158,-1276,9358,-65342,,40319,362815,3626192,39832408,476565290,6161034520,,13
1321,8,14768325,1,-16,157,-1241,8648,-54286,,40319,362815,3626193,39832494,476569672,6161208350,,13
1322,8,14768352,1,-16,158,-1283,9588,,,40319,362815,3626192,39832415,476566068,,,12
1323,8,14768523,1,-16,157,-1257,9288,,,40319,362815,3626193,39832510,476571336,,,12
1324,8,14768532,1,-16,157,-1257,9277,-67780,,40319,362815,3626193,39832510,476571347,6161310231,,13
1325,8,14782356,1,-16,157,-1243,8699,,,40319,362815,3626193,39832496,476569909,,,12
1326,8,14782365,1,-16,157,-1239,8551,,,40319,362815,3626193,39832492,476569481,,,12
1327,8,14782536,1,-16,159,-1309,9966,,,40319,362815,3626191,39832320,476560722,,,12
1328,8,14782563,1,-16,158,-1269,9035,,,40319,362815,3626192,39832401,476564605,,,12
1329,8,14782635,1,-16,159,-1306,9848,-70837,,40319,362815,3626191,39832317,476560408,6160831469,,13
1330,8,14782653,1,-16,158,-1273,9204,-60718,,40319,362815,3626192,39832405,476565012,6161019418,,13
1331,8,14783256,1,-16,157,-1236,8392,,,40319,362815,3626193,39832489,476569208,,,12
1332,8,14783265,1,-16,157,-1238,8479,-48970,,40319,362815,3626193,39832491,476569409,6161195091,,13
1333,8,14783526,1,-16,159,-1305,9780,,,40319,362815,3626191,39832316,476560332,,,12
1334,8,14783562,1,-16,158,-1280,9423,,,40319,362815,3626192,39832412,476565801,,,12
1335,8,14783625,1,-16,159,-1309,9940,,,40319,362815,3626191,39832320,476560748,,,12
1336,8,14783652,1,-16,158,-1274,9182,,,40319,362815,3626192,39832406,476565178,,,12
1337,8,14785236,1,-16,158,-1269,9018,,,40319,362815,3626192,39832401,476564622,,,12
1338,8,14785263,1,-16,159,-1307,9817,,,40319,362815,3626191,39832318,476560583,,,12
1339,8,14785326,1,-16,158,-1271,9098,,,40319,362815,3626192,39832403,476564830,,,12
1340,8,14785362,1,-16,159,-1311,9972,,,40319,362815,3626191,39832322,476561004,,,12
1341,8,14785623,1,-16,156,-1219,8398,,,40319,362815,3626194,39832593,476575466,,,12
1342,8,14785632,1,-16,156,-1219,8405,,,40319,362815,3626194,39832593,476575459,,,12
1343,8,14786235,1,-16,157,-1244,8741,,,40319,362815,3626193,39832497,476570011,,,12
1344,8,14786253,1,-16,158,-1276,9328,,,40319,362815,3626192,39832408,476565320,,,12
1345,8,14786325,1,-16,157,-1238,8510,,,40319,362815,3626193,39832491,476569378,,,12
1346,8,14786352,1,-16,158,-1282,9519,-66118,,40319,362815,3626192,39832414,476565993,6161081095,,13
1347,8,14786523,1,-16,156,-1220,8485,,,40319,362815,3626194,39832594,476575523,,,12
1348,8,14786532,1,-16,156,-1220,8470,-54071,,40319,362815,3626194,39832594,476575538,6161473465,,13
1349,4,14825673,1,-16,158,-1270,9111,,,40319,362815,3626192,39832402,476564673,,,12
1350,4,14825763,1,-16,158,-1261,8679,,,40319,362815,3626192,39832393,476563809,,,12
1351,4,14826573,1,-16,158,-1261,8651,,,40319,362815,3626192,39832393,476563837,,,12
1352,8,14826753,1,-16,158,-1275,9290,-62926,,40319,362815,3626192,39832407,476565214,6161031428,,13
1353,4,14827653,1,-16,157,-1252,9065,,,40319,362815,3626193,39832505,476570839,,,12
1354,8,14832567,1,-16,157,-1249,8940,-60201,,40319,362815,3626193,39832502,476570532,6161262261,,13
1355,8,14832576,1,-16,157,-1247,8897,,,40319,362815,3626193,39832500,476570287,,,12
1356,8,14832657,1,-16,157,-1247,8852,,,40319,362815,3626193,39832500,476570332,,,12
1357,8,14832675,1,-16,157,-1242,8654,,,40319,362815,3626193,39832495,476569810,,,12
1358,8,14832756,1,-16,157,-1242,8631,,,40319,362815,3626193,39832495,476569833,,,12
1359,8,14832765,1,-16,157,-1254,9129,,,40319,362815,3626193,39832507,476571063,,,12
1360,8,14835267,1,-16,159,-1310,9966,-72220,,40319,362815,3626191,39832321,476560866,6160861582,,13
1361,8,14835276,1,-16,159,-1308,9899,,,40319,362815,3626191,39832319,476560645,,,12
1362,8,14835627,1,-16,159,-1305,9794,,,40319,362815,3626191,39832316,476560318,,,12
1363,8,14835672,1,-16,158,-1286,9726,,,40319,362815,3626192,39832418,476566362,,,12
1364,8,14835726,1,-16,160,-1338,10417,,,40319,362815,3626190,39832228,476555735,,,12
1365,8,14835762,1,-16,158,-1274,9187,,,40319,362815,3626192,39832406,476565173,,,12
1366,8,14836257,1,-16,160,-1347,10767,,,40319,362815,3626190,39832237,476556681,,,12
1367,8,14836275,1,-16,160,-1342,10569,,,40319,362815,3626190,39832232,476556159,,,12
1368,8,14836527,1,-16,159,-1303,9701,,,40319,362815,3626191,39832314,476560123,,,12
1369,8,14836572,1,-16,158,-1278,9375,-63351,,40319,362815,3626192,39832410,476565561,6161053992,,13
1370,8,14836725,1,-16,159,-1302,9637,,,40319,362815,3626191,39832313,476560043,,,12
1371,8,14836752,1,-16,158,-1275,9260,,,40319,362815,3626192,39832407,476565244,,,12
1372,8,14837256,1,-16,159,-1312,10077,,,40319,362815,3626191,39832323,476561043,,,12
1373,8,14837265,1,-16,158,-1284,9661,,,40319,362815,3626192,39832416,476566139,,,12
1374,8,14837526,1,-16,160,-1340,10522,,,40319,362815,3626190,39832230,476555918,,,12
1375,8,14837562,1,-16,158,-1278,9404,,,40319,362815,3626192,39832410,476565532,,,12
1376,8,14837625,1,-16,159,-1307,9855,-69823,,40319,362815,3626191,39832318,476560545,6160841440,,13
1377,8,14837652,1,-16,157,-1249,8946,-60383,,40319,362815,3626193,39832502,476570526,6161261429,,13
1378,8,14852367,1,-16,158,-1271,9106,,,40319,362815,3626192,39832403,476564822,,,12
1379,8,14852376,1,-16,158,-1271,9138,,,40319,362815,3626192,39832403,476564790,,,12
1380,8,14852637,1,-16,160,-1342,10594,,,40319,362815,3626190,39832232,476556134,,,12
1381,8,14852673,1,-16,159,-1298,9477,,,40319,362815,3626191,39832309,476559627,,,12
1382,8,14852736,1,-16,160,-1331,10074,,,40319,362815,3626190,39832221,476555070,,,12
1383,8,14852763,1,-16,159,-1298,9483,,,40319,362815,3626191,39832309,476559621,,,12
1384,8,14853267,1,-16,158,-1275,9270,,,40319,362815,3626192,39832407,476565234,,,12
1385,8,14853276,1,-16,158,-1275,9282,-62558,,40319,362815,3626192,39832407,476565222,6161032412,,13
1386,8,14853627,1,-16,160,-1342,10603,,,40319,362815,3626190,39832232,476556125,,,12
1387,8,14853672,1,-16,159,-1312,10069,-74790,,40319,362815,3626191,39832323,476561051,6160871081,,13
1388,8,14853726,1,-16,160,-1340,10529,,,40319,362815,3626190,39832230,476555911,,,12
1389,8,14853762,1,-16,159,-1308,9871,,,40319,362815,3626191,39832319,476560673,,,12
1390,8,14856237,1,-16,158,-1272,9169,,,40319,362815,3626192,39832404,476564903,,,12
1391,8,14856273,1,-16,159,-1309,9959,,,40319,362815,3626191,39832320,476560729,,,12
1392,8,14856327,1,-16,158,-1272,9173,,,40319,362815,3626192,39832404,476564899,,,12
1393,8,14856372,1,-16,159,-1309,9906,,,40319,362815,3626191,39832320,476560782,,,12
1394,8,14856723,1,-16,156,-1221,8483,,,40319,362815,3626194,39832595,476575669,,,12
1395,8,14856732,1,-16,156,-1221,8485,-53335,,40319,362815,3626194,39832595,476575667,6161482362,,13
1396,8,14857236,1,-16,159,-1306,9820,-69084,,40319,362815,3626191,39832317,476560436,6160834448,,13
1397,8,14857263,1,-16,160,-1346,10766,,,40319,362815,3626190,39832236,476556538,,,12
1398,8,14857326,1,-16,159,-1304,9738,,,40319,362815,3626191,39832315,476560230,,,12
1399,8,14857362,1,-16,160,-1352,10990,,,40319,362815,3626190,39832242,476557178,,,12
1400,8,14857623,1,-16,157,-1255,9197,-65842,,40319,362815,3626193,39832508,476571139,6161297477,,13
1401,8,14857632,1,-16,157,-1255,9192,,,40319,362815,3626193,39832508,476571144,,,12
1402,8,14862357,1,-16,159,-1312,10127,,,40319,362815,3626191,39832323,476560993,,,12
1403,8,14862375,1,-16,159,-1296,9352,,,40319,362815,3626191,39832307,476559464,,,12
1404,8,14862537,1,-16,160,-1336,10311,,,40319,362815,3626190,39832226,476555553,,,12
1405,8,14862573,1,-16,160,-1330,10066,,,40319,362815,3626190,39832220,476554934,,,12
1406,8,14862735,1,-16,160,-1345,10738,-86515,,40319,362815,3626190,39832235,476556422,6160680513,,13
1407,8,14862753,1,-16,160,-1341,10531,-80406,,40319,362815,3626190,39832231,476556053,6160660715,,13
1408,8,14863257,1,-16,159,-1300,9530,,,40319,362815,3626191,39832311,476559862,,,12
1409,8,14863275,1,-16,159,-1299,9508,,,40319,362815,3626191,39832310,476559740,,,12
1410,8,14863527,1,-16,160,-1344,10662,,,40319,362815,3626190,39832234,476556354,,,12
1411,8,14863572,1,-16,160,-1348,10806,,,40319,362815,3626190,39832238,476556786,,,12
1412,8,14863725,1,-16,160,-1335,10245,,,40319,362815,3626190,39832225,476555475,,,12
1413,8,14863752,1,-16,160,-1350,10856,,,40319,362815,3626190,39832240,476557024,,,12
1414,8,14865237,1,-16,158,-1272,9205,-62021,,40319,362815,3626192,39832404,476564867,6161008384,,13
1415,8,14865273,1,-16,159,-1302,9651,,,40319,362815,3626191,39832313,476560029,,,12
1416,8,14865327,1,-16,158,-1275,9286,-62536,,40319,362815,3626192,39832407,476565218,6161031714,,13
1417,8,14865372,1,-16,159,-1309,9938,,,40319,362815,3626191,39832320,476560750,,,12
1418,8,14865723,1,-16,157,-1253,9109,,,40319,362815,3626193,39832506,476570939,,,12
1419,8,14865732,1,-16,157,-1253,9107,-63584,,40319,362815,3626193,39832506,476570941,6161286093,,13
1420,8,14867235,1,-16,157,-1246,8813,-56514,,40319,362815,3626193,39832499,476570227,6161243533,,13
1421,8,14867253,1,-16,158,-1276,9321,,,40319,362815,3626192,39832408,476565327,,,12
1422,8,14867325,1,-16,157,-1238,8490,,,40319,362815,3626193,39832491,476569398,,,12
1423,8,14867352,1,-16,158,-1286,9694,,,40319,362815,3626192,39832418,476566394,,,12
1424,8,14867523,1,-16,156,-1222,8573,,,40319,362815,3626194,39832596,476575723,,,12
1425,8,14867532,1,-16,156,-1222,8556,-56205,,40319,362815,3626194,39832596,476575740,6161485401,,13
1426,8,14872356,1,-16,157,-1238,8494,,,40319,362815,3626193,39832491,476569394,,,12
1427,8,14872365,1,-16,157,-1236,8425,,,40319,362815,3626193,39832489,476569175,,,12
1428,8,14872536,1,-16,159,-1306,9828,,,40319,362815,3626191,39832317,476560428,,,12
1429,8,14872563,1,-16,158,-1266,8916,,,40319,362815,3626192,39832398,476564292,,,12
1430,8,14872635,1,-16,159,-1306,9838,-70275,,40319,362815,3626191,39832317,476560418,6160832597,,13
1431,8,14872653,1,-16,158,-1278,9426,-66361,,40319,362815,3626192,39832410,476565510,6161048383,,13
1432,8,14873256,1,-16,157,-1236,8465,,,40319,362815,3626193,39832489,476569135,,,12
1433,8,14873265,1,-16,157,-1236,8394,,,40319,362815,3626193,39832489,476569206,,,12
1434,8,14873526,1,-16,159,-1303,9702,,,40319,362815,3626191,39832314,476560122,,,12
1435,8,14873562,1,-16,158,-1273,9097,,,40319,362815,3626192,39832405,476565119,,,12
1436,8,14873625,1,-16,159,-1309,9929,,,40319,362815,3626191,39832320,476560759,,,12
1437,8,14873652,1,-16,158,-1275,9218,,,40319,362815,3626192,39832407,476565286,,,12
1438,8,14875236,1,-16,158,-1271,9094,,,40319,362815,3626192,39832403,476564834,,,12
1439,8,14875263,1,-16,159,-1312,10067,,,40319,362815,3626191,39832323,476561053,,,12
1440,8,14875326,1,-16,158,-1277,9388,,,40319,362815,3626192,39832409,476565404,,,12
1441,8,14875362,1,-16,159,-1315,10179,,,40319,362815,3626191,39832326,476561373,,,12
1442,8,14875623,1,-16,156,-1220,8467,-53724,,40319,362815,3626194,39832594,476575541,6161473625,,13
1443,8,14875632,1,-16,156,-1220,8467,-53758,,40319,362815,3626194,39832594,476575541,6161473659,,13
1444,8,14876235,1,-16,157,-1247,8856,,,40319,362815,3626193,39832500,476570328,,,12
1445,8,14876253,1,-16,158,-1285,9742,,,40319,362815,3626192,39832417,476566202,,,12
1446,8,14876325,1,-16,157,-1244,8774,,,40319,362815,3626193,39832497,476569978,,,12
1447,8,14876352,1,-16,158,-1289,9836,,,40319,362815,3626192,39832421,476566684,,,12
1448,8,14876523,1,-16,155,-1190,7970,,,40319,362815,3626195,39832685,476580430,,,12
1449,8,14876532,1,-16,155,-1192,8040,,,40319,362815,3626195,39832687,476580648,,,12
1450,8,15342786,1,-16,155,-1193,8052,,,40319,362815,3626195,39832688,476580780,,,12
1451,8,15346782,1,-16,156,-1225,8670,,,40319,362815,3626194,39832599,476576058,,,12
1452,8,15346827,1,-16,158,-1284,9711,,,40319,362815,3626192,39832416,476566089,,,12
1453,8,15346872,1,-16,156,-1220,8484,-54830,,40319,362815,3626194,39832594,476575524,6161471858,,13
1454,8,15347286,1,-16,158,-1276,9310,,,40319,362815,3626192,39832408,476565338,,,12
1455,8,15347682,1,-16,156,-1220,8474,-54263,,40319,362815,3626194,39832594,476575534,6161472981,,13
1456,8,15347826,1,-16,157,-1237,8469,-49821,,40319,362815,3626193,39832490,476569275,6161185464,,13
1457,8,15347862,1,-16,156,-1208,7950,-41099,,40319,362815,3626194,39832582,476574330,6161402357,,13
1458,8,15348267,1,-16,157,-1240,8557,,,40319,362815,3626193,39832493,476569619,,,12
1459,8,15348276,1,-16,157,-1247,8820,,,40319,362815,3626193,39832500,476570364,,,12
1460,8,15348627,1,-16,158,-1272,9174,,,40319,362815,3626192,39832404,476564898,,,12
1461,8,15348672,1,-16,156,-1208,7933,,,40319,362815,3626194,39832582,476574347,,,12
1462,8,15348726,1,-16,157,-1237,8458,,,40319,362815,3626193,39832490,476569286,,,12
1463,8,15348762,1,-16,156,-1221,8546,-57029,,40319,362815,3626194,39832595,476575606,6161475747,,13
1464,8,15362784,1,-16,159,-1308,9876,-69915,,40319,362815,3626191,39832319,476560668,6160850151,,13
1465,8,15362847,1,-16,160,-1341,10454,,,40319,362815,3626190,39832231,476556130,,,12
1466,8,15362874,1,-16,159,-1308,9888,,,40319,362815,3626191,39832319,476560656,,,12
1467,8,15364782,1,-16,157,-1256,9224,,,40319,362815,3626193,39832509,476571256,,,12
1468,8,15364827,1,-16,158,-1280,9473,,,40319,362815,3626192,39832412,476565751,,,12
1469,8,15364872,1,-16,157,-1254,9146,,,40319,362815,3626193,39832507,476571046,,,12
1470,8,15367284,1,-16,159,-1306,9824,,,40319,362815,3626191,39832317,476560432,,,12
1471,8,15367482,1,-16,159,-1320,10390,,,40319,362815,3626191,39832331,476561882,,,12
1472,8,15367824,1,-16,158,-1284,9668,,,40319,362815,3626192,39832416,476566132,,,12
1473,8,15367842,1,-16,158,-1287,9758,,,40319,362815,3626192,39832419,476566474,,,12
1474,8,15368247,1,-16,160,-1341,10540,,,40319,362815,3626190,39832231,476556044,,,12
1475,8,15368274,1,-16,160,-1337,10411,,,40319,362815,3626190,39832227,476555597,,,12
1476,8,15368427,1,-16,160,-1340,10463,,,40319,362815,3626190,39832230,476555977,,,12
1477,8,15368472,1,-16,160,-1355,11099,,,40319,362815,3626190,39832245,476557501,,,12
1478,8,15368724,1,-16,158,-1278,9447,,,40319,362815,3626192,39832410,476565489,,,12
1479,8,15368742,1,-16,158,-1280,9448,,,40319,362815,3626192,39832412,476565776,,,12
1480,2,15372648,1,-16,159,-1313,10002,,,40319,362815,3626191,39832324,476561262,,,12
1481,8,15372684,1,-16,160,-1345,10684,,,40319,362815,3626190,39832235,476556476,,,12
1482,4,15372846,1,-16,160,-1341,10496,,,40319,362815,3626190,39832231,476556088,,,12
1483,8,15372864,1,-16,160,-1345,10715,,,40319,362815,3626190,39832235,476556445,,,12
1484,8,15374286,1,-16,160,-1349,10843,,,40319,362815,3626190,39832239,476556893,,,12
1485,4,15374628,1,-16,159,-1319,10321,,,40319,362815,3626191,39832330,476561807,,,12
1486,8,15374682,1,-16,159,-1323,10535,,,40319,362815,3626191,39832334,476562169,,,12
1487,8,15374826,1,-16,160,-1341,10530,,,40319,362815,3626190,39832231,476556054,,,12
1488,8,15374862,1,-16,159,-1315,10177,,,40319,362815,3626191,39832326,476561375,,,12
1489,8,15376248,1,-16,159,-1315,10159,,,40319,362815,3626191,39832326,476561393,,,12
1490,8,15376284,1,-16,159,-1304,9754,,,40319,362815,3626191,39832315,476560214,,,12
1491,8,15376428,1,-16,158,-1287,9721,,,40319,362815,3626192,39832419,476566511,,,12
1492,8,15376482,1,-16,158,-1284,9614,,,40319,362815,3626192,39832416,476566186,,,12
1493,8,15376824,1,-16,158,-1280,9511,,,40319,362815,3626192,39832412,476565713,,,12
1494,8,15376842,1,-16,158,-1284,9623,,,40319,362815,3626192,39832416,476566177,,,12
1495,8,15378246,1,-16,159,-1306,9812,,,40319,362815,3626191,39832317,476560444,,,12
1496,8,15378264,1,-16,159,-1305,9796,,,40319,362815,3626191,39832316,476560316,,,12
1497,8,15378426,1,-16,159,-1297,9371,,,40319,362815,3626191,39832308,476559589,,,12
1498,8,15378462,1,-16,159,-1315,10172,,,40319,362815,3626191,39832326,476561380,,,12
1499,8,15378624,1,-16,158,-1272,9116,,,40319,362815,3626192,39832404,476564956,,,12
1500,8,15378642,1,-16,158,-1284,9653,-71073,,40319,362815,3626192,39832416,476566147,6161087740,,13
1501,4,15382674,1,-16,159,-1306,9839,,,40319,362815,3626191,39832317,476560417,,,12
1502,4,15382764,1,-16,158,-1282,9566,-68998,,40319,362815,3626192,39832414,476565946,6161076032,,13
1503,8,15384267,1,-16,159,-1308,9876,-70103,,40319,362815,3626191,39832319,476560668,6160850339,,13
1504,8,15384276,1,-16,159,-1311,10007,,,40319,362815,3626191,39832322,476560969,,,12
1505,8,15384627,1,-16,160,-1336,10305,,,40319,362815,3626190,39832226,476555559,,,12
1506,8,15384672,1,-16,159,-1315,10178,,,40319,362815,3626191,39832326,476561374,,,12
1507,8,15384726,1,-16,160,-1342,10585,,,40319,362815,3626190,39832232,476556143,,,12
1508,8,15384762,1,-16,159,-1316,10233,,,40319,362815,3626191,39832327,476561463,,,12
1509,8,15386247,1,-16,160,-1333,10148,,,40319,362815,3626190,39832223,476555284,,,12
1510,8,15386274,1,-16,160,-1334,10224,,,40319,362815,3626190,39832224,476555352,,,12
1511,8,15386427,1,-16,160,-1344,10645,-82810,,40319,362815,3626190,39832234,476556371,6160680357,,13
1512,8,15386472,1,-16,160,-1351,10945,-89884,,40319,362815,3626190,39832241,476557079,6160721907,,13
1513,8,15386724,1,-16,158,-1272,9134,,,40319,362815,3626192,39832404,476564938,,,12
1514,8,15386742,1,-16,158,-1281,9507,,,40319,362815,3626192,39832413,476565861,,,12
1515,8,15387246,1,-16,159,-1303,9697,,,40319,362815,3626191,39832314,476560127,,,12
1516,8,15387264,1,-16,159,-1309,9968,-73390,,40319,362815,3626191,39832320,476560720,6160850246,,13
1517,8,15387426,1,-16,159,-1300,9538,,,40319,362815,3626191,39832311,476559854,,,12
1518,8,15387462,1,-16,159,-1312,10007,,,40319,362815,3626191,39832323,476561113,,,12
1519,8,15387624,1,-16,158,-1285,9722,,,40319,362815,3626192,39832417,476566222,,,12
1520,8,15387642,1,-16,157,-1256,9234,-66984,,40319,362815,3626193,39832509,476571246,6161304534,,13
1521,8,15432786,1,-16,154,-1172,7906,-50904,,40319,362815,3626196,39832788,476586614,6161963102,,13
1522,8,15436782,1,-16,155,-1194,8126,-51490,,40319,362815,3626195,39832689,476580850,6161703428,,13
1523,8,15436827,1,-16,157,-1254,9178,,,40319,362815,3626193,39832507,476571014,,,12
1524,8,15436872,1,-16,155,-1192,8079,-51606,,40319,362815,3626195,39832687,476580609,6161687151,,13
1525,8,15437286,1,-16,158,-1293,10017,,,40319,362815,3626192,39832425,476567079,,,12
1526,8,15437682,1,-16,155,-1193,8095,-51161,,40319,362815,3626195,39832688,476580737,6161696170,,13
1527,8,15437826,1,-16,157,-1250,8992,,,40319,362815,3626193,39832503,476570624,,,12
1528,8,15437862,1,-16,156,-1225,8723,,,40319,362815,3626194,39832599,476576005,,,12
1529,8,15438267,1,-16,157,-1259,9354,,,40319,362815,3626193,39832512,476571558,,,12
1530,8,15438276,1,-16,156,-1227,8740,,,40319,362815,3626194,39832601,476576276,,,12
1531,8,15438627,1,-16,158,-1287,9824,,,40319,362815,3626192,39832419,476566408,,,12
1532,8,15438672,1,-16,156,-1225,8722,,,40319,362815,3626194,39832599,476576006,,,12
1533,8,15438726,1,-16,157,-1253,9118,,,40319,362815,3626193,39832506,476570930,,,12
1534,8,15438762,1,-16,155,-1194,8144,,,40319,362815,3626195,39832689,476580832,,,12
1535,8,15462783,1,-16,157,-1237,8426,,,40319,362815,3626193,39832490,476569318,,,12
1536,8,15462837,1,-16,158,-1270,9027,,,40319,362815,3626192,39832402,476564757,,,12
1537,8,15462873,1,-16,157,-1237,8453,,,40319,362815,3626193,39832490,476569291,,,12
1538,8,15463782,1,-16,157,-1253,9106,,,40319,362815,3626193,39832506,476570942,,,12
1539,8,15463827,1,-16,158,-1286,9778,-75524,,40319,362815,3626192,39832418,476566310,6161095402,,13
1540,8,15463872,1,-16,157,-1253,9134,,,40319,362815,3626193,39832506,476570914,,,12
1541,8,15467283,1,-16,157,-1251,9076,,,40319,362815,3626193,39832504,476570684,,,12
1542,8,15467382,1,-16,157,-1251,9031,,,40319,362815,3626193,39832504,476570729,,,12
1543,8,15467823,1,-16,155,-1192,8050,-49789,,40319,362815,3626195,39832687,476580638,6161690235,,13
1544,8,15467832,1,-16,155,-1192,8050,-49841,,40319,362815,3626195,39832687,476580638,6161690287,,13
1545,8,15468237,1,-16,157,-1238,8509,,,40319,362815,3626193,39832491,476569379,,,12
1546,8,15468273,1,-16,158,-1276,9390,,,40319,362815,3626192,39832408,476565258,,,12
1547,8,15468327,1,-16,157,-1238,8528,,,40319,362815,3626193,39832491,476569360,,,12
1548,8,15468372,1,-16,158,-1278,9384,-63826,,40319,362815,3626192,39832410,476565552,6161052946,,13
1549,8,15468723,1,-16,155,-1185,7767,-43348,,40319,362815,3626195,39832680,476579913,6161646445,,13
1550,8,15468732,1,-16,155,-1185,7767,-43424,,40319,362815,3626195,39832680,476579913,6161646521,,13
1551,8,15472386,1,-16,158,-1270,9052,,,40319,362815,3626192,39832402,476564732,,,12
1552,8,15472683,1,-16,159,-1308,9903,,,40319,362815,3626191,39832319,476560641,,,12
1553,8,15472836,1,-16,159,-1305,9811,,,40319,362815,3626191,39832316,476560301,,,12
1554,8,15472863,1,-16,159,-1301,9633,,,40319,362815,3626191,39832312,476559903,,,12
1555,8,15473286,1,-16,158,-1274,9175,,,40319,362815,3626192,39832406,476565185,,,12
1556,8,15473682,1,-16,158,-1287,9760,,,40319,362815,3626192,39832419,476566472,,,12
1557,8,15473826,1,-16,159,-1309,9942,,,40319,362815,3626191,39832320,476560746,,,12
1558,8,15473862,1,-16,159,-1315,10182,-77108,,40319,362815,3626191,39832326,476561370,6160890806,,13
1559,4,15476238,1,-16,156,-1216,8314,,,40319,362815,3626194,39832590,476575118,,,12
1560,8,15476283,1,-16,157,-1248,8952,,,40319,362815,3626193,39832501,476570376,,,12
1561,4,15476328,1,-16,156,-1216,8274,,,40319,362815,3626194,39832590,476575158,,,12
1562,8,15476382,1,-16,157,-1250,8974,,,40319,362815,3626193,39832503,476570642,,,12
1563,8,15476823,1,-16,155,-1190,7968,-47875,,40319,362815,3626195,39832685,476580432,6161677843,,13
1564,8,15476832,1,-16,155,-1190,7968,-47955,,40319,362815,3626195,39832685,476580432,6161677923,,13
1565,8,15478236,1,-16,157,-1239,8549,,,40319,362815,3626193,39832492,476569483,,,12
1566,8,15478263,1,-16,158,-1269,9036,,,40319,362815,3626192,39832401,476564604,,,12
1567,8,15478326,1,-16,157,-1236,8416,,,40319,362815,3626193,39832489,476569184,,,12
1568,8,15478362,1,-16,158,-1277,9329,,,40319,362815,3626192,39832409,476565463,,,12
1569,8,15478623,1,-16,156,-1218,8390,,,40319,362815,3626194,39832592,476575330,,,12
1570,8,15478632,1,-16,156,-1218,8391,,,40319,362815,3626194,39832592,476575329,,,12
1571,8,15482367,1,-16,157,-1236,8407,-47808,,40319,362815,3626193,39832489,476569193,6161181761,,13
1572,8,15482376,1,-16,157,-1239,8530,,,40319,362815,3626193,39832492,476569502,,,12
1573,8,15482637,1,-16,159,-1295,9303,,,40319,362815,3626191,39832306,476559369,,,12
1574,8,15482673,1,-16,158,-1263,8801,,,40319,362815,3626192,39832395,476563975,,,12
1575,8,15482736,1,-16,159,-1304,9739,,,40319,362815,3626191,39832315,476560229,,,12
1576,8,15482763,1,-16,158,-1274,9243,,,40319,362815,3626192,39832406,476565117,,,12
1577,8,15483267,1,-16,157,-1240,8538,,,40319,362815,3626193,39832493,476569638,,,12
1578,8,15483276,1,-16,157,-1245,8729,,,40319,362815,3626193,39832498,476570167,,,12
1579,8,15483627,1,-16,159,-1311,10063,,,40319,362815,3626191,39832322,476560913,,,12
1580,8,15483672,1,-16,158,-1278,9381,,,40319,362815,3626192,39832410,476565555,,,12
1581,8,15483726,1,-16,158,-1282,9593,,,40319,362815,3626192,39832414,476565919,,,12
1582,8,15483762,1,-16,157,-1246,8813,-56878,,40319,362815,3626193,39832499,476570227,6161243897,,13
1583,8,15486237,1,-16,158,-1271,9155,,,40319,362815,3626192,39832403,476564773,,,12
1584,8,15486273,1,-16,159,-1309,9977,,,40319,362815,3626191,39832320,476560711,,,12
1585,8,15486327,1,-16,158,-1271,9114,,,40319,362815,3626192,39832403,476564814,,,12
1586,8,15486372,1,-16,159,-1311,10001,,,40319,362815,3626191,39832322,476560975,,,12
1587,8,15486723,1,-16,156,-1218,8392,,,40319,362815,3626194,39832592,476575328,,,12
1588,8,15486732,1,-16,156,-1218,8393,,,40319,362815,3626194,39832592,476575327,,,12
1589,8,15487236,1,-16,157,-1238,8500,,,40319,362815,3626193,39832491,476569388,,,12
1590,8,15487263,1,-16,158,-1272,9143,,,40319,362815,3626192,39832404,476564929,,,12
1591,8,15487326,1,-16,157,-1236,8407,-47721,,40319,362815,3626193,39832489,476569193,6161181674,,13
1592,8,15487362,1,-16,158,-1279,9407,,,40319,362815,3626192,39832411,476565673,,,12
1593,8,15487623,1,-16,155,-1187,7861,-46037,,40319,362815,3626195,39832682,476580107,6161657584,,13
1594,8,15487632,1,-16,155,-1187,7855,,,40319,362815,3626195,39832682,476580113,,,12
1595,8,15634782,1,-16,156,-1215,8265,,,40319,362815,3626194,39832589,476575023,,,12
1596,8,15634827,1,-16,157,-1248,8920,,,40319,362815,3626193,39832501,476570408,,,12
1597,8,15634872,1,-16,156,-1215,8285,,,40319,362815,3626194,39832589,476575003,,,12
1598,8,15637284,1,-16,159,-1309,9976,,,40319,362815,3626191,39832320,476560712,,,12
1599,8,15637482,1,-16,158,-1285,9693,,,40319,362815,3626192,39832417,476566251,,,12
1600,8,15637824,1,-16,158,-1271,9092,,,40319,362815,3626192,39832403,476564836,,,12
1601,8,15637842,1,-16,158,-1278,9357,,,40319,362815,3626192,39832410,476565579,,,12
1602,8,15638247,1,-16,159,-1301,9632,,,40319,362815,3626191,39832312,476559904,,,12
1603,8,15638274,1,-16,159,-1305,9832,,,40319,362815,3626191,39832316,476560280,,,12
1604,8,15638427,1,-16,159,-1308,9904,-71390,,40319,362815,3626191,39832319,476560640,6160846894,,13
1605,8,15638472,1,-16,159,-1315,10209,,,40319,362815,3626191,39832326,476561343,,,12
1606,8,15638724,1,-16,158,-1269,9030,,,40319,362815,3626192,39832401,476564610,,,12
1607,8,15638742,1,-16,158,-1277,9323,-61983,,40319,362815,3626192,39832409,476565469,6161049244,,13
1608,8,15642783,1,-16,157,-1237,8470,,,40319,362815,3626193,39832490,476569274,,,12
1609,8,15642837,1,-16,158,-1276,9354,-65612,,40319,362815,3626192,39832408,476565294,6161035466,,13
1610,8,15642873,1,-16,157,-1237,8443,,,40319,362815,3626193,39832490,476569301,,,12
1611,8,15643782,1,-16,156,-1216,8329,,,40319,362815,3626194,39832590,476575103,,,12
1612,8,15643827,1,-16,157,-1251,9056,,,40319,362815,3626193,39832504,476570704,,,12
1613,8,15643872,1,-16,156,-1216,8334,,,40319,362815,3626194,39832590,476575098,,,12
1614,8,15647283,1,-16,158,-1286,9821,,,40319,362815,3626192,39832418,476566267,,,12
1615,8,15647382,1,-16,158,-1290,9936,,,40319,362815,3626192,39832422,476566728,,,12
1616,8,15647823,1,-16,156,-1219,8438,,,40319,362815,3626194,39832593,476575426,,,12
1617,8,15647832,1,-16,156,-1219,8429,,,40319,362815,3626194,39832593,476575435,,,12
1618,8,15648237,1,-16,157,-1237,8493,,,40319,362815,3626193,39832490,476569251,,,12
1619,8,15648273,1,-16,158,-1270,9081,,,40319,362815,3626192,39832402,476564703,,,12
1620,8,15648327,1,-16,157,-1237,8438,,,40319,362815,3626193,39832490,476569306,,,12
1621,8,15648372,1,-16,158,-1282,9602,,,40319,362815,3626192,39832414,476565910,,,12
1622,8,15648723,1,-16,156,-1217,8370,,,40319,362815,3626194,39832591,476575206,,,12
1623,8,15648732,1,-16,156,-1217,8364,,,40319,362815,3626194,39832591,476575212,,,12
1624,2,15672348,1,-16,155,-1192,8077,,,40319,362815,3626195,39832687,476580611,,,12
1625,8,15672384,1,-16,157,-1250,9033,-63467,,40319,362815,3626193,39832503,476570583,6161261978,,13
1626,8,15672438,1,-16,156,-1222,8610,,,40319,362815,3626194,39832596,476575686,,,12
1627,8,15672483,1,-16,158,-1284,9732,,,40319,362815,3626192,39832416,476566068,,,12
1628,8,15672834,1,-16,156,-1221,8546,-56756,,40319,362815,3626194,39832595,476575606,6161475474,,13
1629,8,15672843,1,-16,157,-1254,9202,-67394,,40319,362815,3626193,39832507,476570990,6161286016,,13
1630,8,15673284,1,-16,157,-1247,8906,,,40319,362815,3626193,39832500,476570278,,,12
1631,4,15673428,1,-16,155,-1189,7919,-46882,,40319,362815,3626195,39832684,476580337,6161672963,,13
1632,8,15673482,1,-16,156,-1218,8412,,,40319,362815,3626194,39832592,476575308,,,12
1633,8,15673824,1,-16,158,-1288,9857,,,40319,362815,3626192,39832420,476566519,,,12
1634,8,15673842,1,-16,157,-1258,9329,,,40319,362815,3626193,39832511,476571439,,,12
1635,4,15674238,1,-16,155,-1188,7929,,,40319,362815,3626195,39832683,476580183,,,12
1636,8,15674283,1,-16,157,-1250,9048,,,40319,362815,3626193,39832503,476570568,,,12
1637,4,15674328,1,-16,155,-1192,8035,,,40319,362815,3626195,39832687,476580653,,,12
1638,8,15674382,1,-16,156,-1218,8423,,,40319,362815,3626194,39832592,476575297,,,12
1639,8,15674823,1,-16,156,-1221,8495,,,40319,362815,3626194,39832595,476575657,,,12
1640,8,15674832,1,-16,156,-1222,8527,-54505,,40319,362815,3626194,39832596,476575769,6161488602,,13
1641,8,15678234,1,-16,154,-1166,7705,-47186,,40319,362815,3626196,39832782,476585951,6161920345,,13
1642,8,15678243,1,-16,155,-1197,8264,,,40319,362815,3626195,39832692,476581144,,,12
1643,8,15678324,1,-16,155,-1197,8263,,,40319,362815,3626195,39832692,476581145,,,12
1644,8,15678342,1,-16,154,-1165,7664,,,40319,362815,3626196,39832781,476585848,,,12
1645,8,15678423,1,-16,154,-1164,7622,,,40319,362815,3626196,39832780,476585746,,,12
1646,8,15678432,1,-16,154,-1166,7705,-47287,,40319,362815,3626196,39832782,476585951,6161920446,,13
1647,4,15682374,1,-16,158,-1268,9004,,,40319,362815,3626192,39832400,476564492,,,12
1648,8,15682437,1,-16,157,-1237,8492,,,40319,362815,3626193,39832490,476569252,,,12
1649,8,15682473,1,-16,159,-1301,9614,,,40319,362815,3626191,39832312,476559922,,,12
1650,8,15682734,1,-16,158,-1278,9431,,,40319,362815,3626192,39832410,476565505,,,12
1651,8,15682743,1,-16,158,-1273,9234,,,40319,362815,3626192,39832405,476564982,,,12
1652,8,15683247,1,-16,157,-1237,8469,-49530,,40319,362815,3626193,39832490,476569275,6161185173,,13
1653,8,15683274,1,-16,158,-1266,8934,,,40319,362815,3626192,39832398,476564274,,,12
1654,8,15683427,1,-16,157,-1242,8688,,,40319,362815,3626193,39832495,476569776,,,12
1655,8,15683472,1,-16,158,-1279,9424,,,40319,362815,3626192,39832411,476565656,,,12
1656,8,15683724,1,-16,159,-1312,10110,,,40319,362815,3626191,39832323,476561010,,,12
1657,8,15683742,1,-16,159,-1318,10295,,,40319,362815,3626191,39832329,476561689,,,12
1658,8,15684237,1,-16,157,-1242,8745,,,40319,362815,3626193,39832495,476569719,,,12
1659,8,15684273,1,-16,159,-1306,9842,,,40319,362815,3626191,39832317,476560414,,,12
1660,8,15684327,1,-16,157,-1245,8808,,,40319,362815,3626193,39832498,476570088,,,12
1661,8,15684372,1,-16,158,-1272,9105,,,40319,362815,3626192,39832404,476564967,,,12
1662,8,15684723,1,-16,158,-1292,10020,,,40319,362815,3626192,39832424,476566932,,,12
1663,8,15684732,1,-16,158,-1292,9984,,,40319,362815,3626192,39832424,476566968,,,12
1664,8,15687234,1,-16,155,-1192,8065,,,40319,362815,3626195,39832687,476580623,,,12
1665,8,15687243,1,-16,155,-1184,7766,-44607,,40319,362815,3626195,39832679,476579770,6161635705,,13
1666,8,15687324,1,-16,155,-1184,7766,-44592,,40319,362815,3626195,39832679,476579770,6161635690,,13
1667,8,15687342,1,-16,155,-1191,8022,-49508,,40319,362815,3626195,39832686,476580522,6161682518,,13
1668,8,15687423,1,-16,155,-1191,8029,-49730,,40319,362815,3626195,39832686,476580515,6161681557,,13
1669,8,15687432,1,-16,155,-1192,8060,,,40319,362815,3626195,39832687,476580628,,,12
1670,8,15734286,1,-16,158,-1278,9410,,,40319,362815,3626192,39832410,476565526,,,12
1671,8,15734628,1,-16,158,-1284,9638,,,40319,362815,3626192,39832416,476566162,,,12
1672,8,15734682,1,-16,158,-1283,9621,,,40319,362815,3626192,39832415,476566035,,,12
1673,8,15734826,1,-16,159,-1304,9782,,,40319,362815,3626191,39832315,476560186,,,12
1674,8,15734862,1,-16,159,-1313,10143,,,40319,362815,3626191,39832324,476561121,,,12
1675,4,15736248,1,-16,159,-1317,10225,,,40319,362815,3626191,39832328,476561615,,,12
1676,8,15736284,1,-16,160,-1341,10544,,,40319,362815,3626190,39832231,476556040,,,12
1677,8,15736428,1,-16,159,-1327,10674,,,40319,362815,3626191,39832338,476562606,,,12
1678,8,15736482,1,-16,159,-1319,10361,,,40319,362815,3626191,39832330,476561767,,,12
1679,8,15736824,1,-16,160,-1347,10798,,,40319,362815,3626190,39832237,476556650,,,12
1680,8,15736842,1,-16,160,-1354,11059,,,40319,362815,3626190,39832244,476557397,,,12
1681,8,15738246,1,-16,160,-1345,10747,,,40319,362815,3626190,39832235,476556413,,,12
1682,8,15738264,1,-16,160,-1341,10546,,,40319,362815,3626190,39832231,476556038,,,12
1683,8,15738426,1,-16,160,-1345,10738,-86573,,40319,362815,3626190,39832235,476556422,6160680571,,13
1684,8,15738462,1,-16,159,-1312,10062,,,40319,362815,3626191,39832323,476561058,,,12
1685,8,15738624,1,-16,160,-1339,10426,-77100,,40319,362815,3626190,39832229,476555870,6160650818,,13
1686,8,15738642,1,-16,160,-1351,10930,,,40319,362815,3626190,39832241,476557094,,,12
1687,4,15742638,1,-16,160,-1355,11088,,,40319,362815,3626190,39832245,476557512,,,12
1688,8,15742683,1,-16,160,-1338,10398,,,40319,362815,3626190,39832228,476555754,,,12
1689,4,15742836,1,-16,160,-1337,10416,,,40319,362815,3626190,39832227,476555592,,,12
1690,8,15742863,1,-16,160,-1339,10470,,,40319,362815,3626190,39832229,476555826,,,12
1691,8,15743286,1,-16,158,-1287,9788,,,40319,362815,3626192,39832419,476566444,,,12
1692,8,15743628,1,-16,159,-1320,10368,,,40319,362815,3626191,39832331,476561904,,,12
1693,8,15743682,1,-16,159,-1320,10441,,,40319,362815,3626191,39832331,476561831,,,12
1694,8,15743826,1,-16,159,-1306,9836,,,40319,362815,3626191,39832317,476560420,,,12
1695,8,15743862,1,-16,159,-1310,9981,,,40319,362815,3626191,39832321,476560851,,,12
1696,8,15746238,1,-16,157,-1254,9130,,,40319,362815,3626193,39832507,476571062,,,12
1697,8,15746283,1,-16,158,-1280,9509,,,40319,362815,3626192,39832412,476565715,,,12
1698,8,15746328,1,-16,157,-1260,9374,,,40319,362815,3626193,39832513,476571682,,,12
1699,8,15746382,1,-16,158,-1290,9922,-78008,,40319,362815,3626192,39832422,476566742,6161122222,,13
1700,8,15746823,1,-16,157,-1258,9333,-69561,,40319,362815,3626193,39832511,476571435,6161314716,,13
1701,8,15746832,1,-16,157,-1258,9315,,,40319,362815,3626193,39832511,476571453,,,12
1702,8,15748236,1,-16,159,-1306,9848,-70833,,40319,362815,3626191,39832317,476560408,6160831465,,13
1703,8,15748263,1,-16,160,-1339,10431,,,40319,362815,3626190,39832229,476555865,,,12
1704,8,15748326,1,-16,159,-1308,9904,-71348,,40319,362815,3626191,39832319,476560640,6160846852,,13
1705,8,15748362,1,-16,160,-1351,10945,-89996,,40319,362815,3626190,39832241,476557079,6160722019,,13
1706,8,15748623,1,-16,158,-1290,9905,,,40319,362815,3626192,39832422,476566759,,,12
1707,8,15748632,1,-16,158,-1290,9885,,,40319,362815,3626192,39832422,476566779,,,12
1708,4,15762438,1,-16,156,-1208,7943,,,40319,362815,3626194,39832582,476574337,,,12
1709,8,15762483,1,-16,158,-1272,9205,-62164,,40319,362815,3626192,39832404,476564867,6161008527,,13
1710,8,15762834,1,-16,157,-1247,8896,-59782,,40319,362815,3626193,39832500,476570288,6161244942,,13
1711,8,15762843,1,-16,157,-1240,8617,-53865,,40319,362815,3626193,39832493,476569559,6161201000,,13
1712,4,15763248,1,-16,156,-1208,7965,,,40319,362815,3626194,39832582,476574315,,,12
1713,8,15763284,1,-16,157,-1237,8501,,,40319,362815,3626193,39832490,476569243,,,12
1714,8,15763428,1,-16,156,-1220,8475,,,40319,362815,3626194,39832594,476575533,,,12
1715,8,15763482,1,-16,157,-1249,8976,,,40319,362815,3626193,39832502,476570496,,,12
1716,8,15763824,1,-16,158,-1276,9370,,,40319,362815,3626192,39832408,476565278,,,12
1717,8,15763842,1,-16,158,-1283,9601,,,40319,362815,3626192,39832415,476566055,,,12
1718,8,15764238,1,-16,156,-1220,8497,,,40319,362815,3626194,39832594,476575511,,,12
1719,8,15764283,1,-16,158,-1284,9740,,,40319,362815,3626192,39832416,476566060,,,12
1720,8,15764328,1,-16,156,-1228,8789,-61591,,40319,362815,3626194,39832602,476576371,6161524418,,13
1721,8,15764382,1,-16,157,-1253,9129,,,40319,362815,3626193,39832506,476570919,,,12
1722,8,15764823,1,-16,157,-1256,9270,,,40319,362815,3626193,39832509,476571210,,,12
1723,8,15764832,1,-16,157,-1256,9246,-67484,,40319,362815,3626193,39832509,476571234,6161303006,,13
1724,8,15768234,1,-16,155,-1194,8145,,,40319,362815,3626195,39832689,476580831,,,12
1725,8,15768243,1,-16,155,-1185,7785,-44435,,40319,362815,3626195,39832680,476579895,6161644490,,13
1726,8,15768324,1,-16,155,-1185,7785,-44442,,40319,362815,3626195,39832680,476579895,6161644497,,13
1727,8,15768342,1,-16,155,-1193,8103,-51468,,40319,362815,3626195,39832688,476580729,6161695125,,13
1728,8,15768423,1,-16,155,-1193,8111,,,40319,362815,3626195,39832688,476580721,,,12
1729,8,15768432,1,-16,155,-1194,8136,,,40319,362815,3626195,39832689,476580840,,,12
1730,8,15782463,1,-16,159,-1319,10391,,,40319,362815,3626191,39832330,476561737,,,12
1731,4,15782634,1,-16,158,-1276,9288,-61402,,40319,362815,3626192,39832408,476565360,6161042410,,13
1732,8,15782643,1,-16,158,-1275,9258,,,40319,362815,3626192,39832407,476565246,,,12
1733,8,15783246,1,-16,157,-1250,9032,,,40319,362815,3626193,39832503,476570584,,,12
1734,8,15783264,1,-16,158,-1277,9370,,,40319,362815,3626192,39832409,476565422,,,12
1735,8,15783426,1,-16,157,-1245,8783,,,40319,362815,3626193,39832498,476570113,,,12
1736,8,15783462,1,-16,157,-1252,9043,,,40319,362815,3626193,39832505,476570861,,,12
1737,8,15783624,1,-16,159,-1317,10272,,,40319,362815,3626191,39832328,476561568,,,12
1738,8,15783642,1,-16,159,-1323,10495,,,40319,362815,3626191,39832334,476562209,,,12
1739,8,15784236,1,-16,157,-1243,8713,,,40319,362815,3626193,39832496,476569895,,,12
1740,8,15784263,1,-16,159,-1319,10356,,,40319,362815,3626191,39832330,476561772,,,12
1741,8,15784326,1,-16,157,-1247,8854,-57726,,40319,362815,3626193,39832500,476570330,6161249984,,13
1742,8,15784362,1,-16,158,-1281,9483,,,40319,362815,3626192,39832413,476565885,,,12
1743,8,15784623,1,-16,157,-1259,9325,,,40319,362815,3626193,39832512,476571587,,,12
1744,8,15784632,1,-16,157,-1259,9311,,,40319,362815,3626193,39832512,476571601,,,12
1745,8,15786234,1,-16,156,-1229,8877,,,40319,362815,3626194,39832603,476576427,,,12
1746,8,15786243,1,-16,156,-1220,8521,-56803,,40319,362815,3626194,39832594,476575487,6161467578,,13
1747,8,15786324,1,-16,156,-1220,8521,-56787,,40319,362815,3626194,39832594,476575487,6161467562,,13
1748,8,15786342,1,-16,156,-1228,8827,,,40319,362815,3626194,39832602,476576333,,,12
1749,8,15786423,1,-16,156,-1228,8835,,,40319,362815,3626194,39832602,476576325,,,12
1750,8,15786432,1,-16,156,-1229,8855,,,40319,362815,3626194,39832603,476576449,,,12
1751,8,15834267,1,-16,157,-1237,8445,,,40319,362815,3626193,39832490,476569299,,,12
1752,8,15834276,1,-16,157,-1237,8441,,,40319,362815,3626193,39832490,476569303,,,12
1753,8,15834627,1,-16,159,-1304,9762,,,40319,362815,3626191,39832315,476560206,,,12
1754,8,15834672,1,-16,158,-1277,9323,-61774,,40319,362815,3626192,39832409,476565469,6161049035,,13
1755,8,15834726,1,-16,159,-1302,9662,,,40319,362815,3626191,39832313,476560018,,,12
1756,8,15834762,1,-16,158,-1274,9240,-61254,,40319,362815,3626192,39832406,476565120,6161026038,,13
1757,8,15836247,1,-16,160,-1344,10657,-83445,,40319,362815,3626190,39832234,476556359,6160678964,,13
1758,8,15836274,1,-16,160,-1331,10091,,,40319,362815,3626190,39832221,476555053,,,12
1759,8,15836427,1,-16,160,-1344,10645,-82801,,40319,362815,3626190,39832234,476556371,6160680348,,13
1760,8,15836472,1,-16,160,-1352,10999,,,40319,362815,3626190,39832242,476557169,,,12
1761,8,15836724,1,-16,159,-1299,9470,,,40319,362815,3626191,39832310,476559778,,,12
1762,8,15836742,1,-16,159,-1306,9743,,,40319,362815,3626191,39832317,476560513,,,12
1763,8,15837246,1,-16,160,-1338,10397,,,40319,362815,3626190,39832228,476555755,,,12
1764,8,15837264,1,-16,159,-1311,10078,,,40319,362815,3626191,39832322,476560898,,,12
1765,8,15837426,1,-16,160,-1335,10250,,,40319,362815,3626190,39832225,476555470,,,12
1766,8,15837462,1,-16,160,-1349,10850,,,40319,362815,3626190,39832239,476556886,,,12
1767,8,15837624,1,-16,159,-1309,9969,-73578,,40319,362815,3626191,39832320,476560719,6160850265,,13
1768,8,15837642,1,-16,158,-1280,9445,,,40319,362815,3626192,39832412,476565779,,,12
1769,4,15842673,1,-16,159,-1294,9312,,,40319,362815,3626191,39832305,476559216,,,12
1770,4,15842763,1,-16,159,-1299,9506,-61364,,40319,362815,3626191,39832310,476559742,6160794618,,13
1771,8,15843267,1,-16,157,-1249,8966,,,40319,362815,3626193,39832502,476570506,,,12
1772,8,15843276,1,-16,157,-1250,8976,,,40319,362815,3626193,39832503,476570640,,,12
1773,8,15843627,1,-16,159,-1303,9689,,,40319,362815,3626191,39832314,476560135,,,12
1774,8,15843672,1,-16,158,-1269,8953,,,40319,362815,3626192,39832401,476564687,,,12
1775,8,15843726,1,-16,159,-1307,9851,,,40319,362815,3626191,39832318,476560549,,,12
1776,8,15843762,1,-16,158,-1276,9300,,,40319,362815,3626192,39832408,476565348,,,12
1777,8,15846237,1,-16,159,-1311,10074,-76810,,40319,362815,3626191,39832322,476560902,6160860088,,13
1778,8,15846273,1,-16,160,-1344,10671,,,40319,362815,3626190,39832234,476556345,,,12
1779,8,15846327,1,-16,159,-1313,10122,,,40319,362815,3626191,39832324,476561142,,,12
1780,8,15846372,1,-16,160,-1352,11006,,,40319,362815,3626190,39832242,476557162,,,12
1781,8,15846723,1,-16,158,-1293,10045,,,40319,362815,3626192,39832425,476567051,,,12
1782,8,15846732,1,-16,158,-1293,10034,,,40319,362815,3626192,39832425,476567062,,,12
1783,8,15847236,1,-16,159,-1309,9952,,,40319,362815,3626191,39832320,476560736,,,12
1784,8,15847263,1,-16,160,-1348,10834,,,40319,362815,3626190,39832238,476556758,,,12
1785,8,15847326,1,-16,159,-1311,10008,,,40319,362815,3626191,39832322,476560968,,,12
1786,8,15847362,1,-16,159,-1321,10437,,,40319,362815,3626191,39832332,476561979,,,12
1787,8,15847623,1,-16,157,-1250,8972,,,40319,362815,3626193,39832503,476570644,,,12
1788,8,15847632,1,-16,157,-1250,8950,,,40319,362815,3626193,39832503,476570666,,,12
1789,4,15862473,1,-16,160,-1336,10349,-76975,,40319,362815,3626190,39832226,476555515,6160627202,,13
1790,8,15862743,1,-16,159,-1308,9910,,,40319,362815,3626191,39832319,476560634,,,12
1791,8,15863247,1,-16,158,-1272,9201,,,40319,362815,3626192,39832404,476564871,,,12
1792,8,15863274,1,-16,159,-1304,9777,,,40319,362815,3626191,39832315,476560191,,,12
1793,8,15863427,1,-16,158,-1280,9535,-69908,,40319,362815,3626192,39832412,476565689,6161057845,,13
1794,8,15863472,1,-16,159,-1311,10009,,,40319,362815,3626191,39832322,476560967,,,12
1795,8,15863724,1,-16,160,-1348,10855,,,40319,362815,3626190,39832238,476556737,,,12
1796,8,15863742,1,-16,160,-1359,11276,,,40319,362815,3626190,39832249,476557900,,,12
1797,8,15864237,1,-16,158,-1280,9570,,,40319,362815,3626192,39832412,476565654,,,12
1798,8,15864273,1,-16,160,-1344,10685,,,40319,362815,3626190,39832234,476556331,,,12
1799,8,15864327,1,-16,158,-1288,9867,,,40319,362815,3626192,39832420,476566509,,,12
1800,8,15864372,1,-16,159,-1315,10220,,,40319,362815,3626191,39832326,476561332,,,12
1801,8,15864723,1,-16,159,-1328,10784,-93283,,40319,362815,3626191,39832339,476562640,6160963427,,13
1802,8,15864732,1,-16,159,-1328,10745,,,40319,362815,3626191,39832339,476562679,,,12
1803,8,15867234,1,-16,156,-1229,8876,,,40319,362815,3626194,39832603,476576428,,,12
1804,8,15867243,1,-16,156,-1220,8528,-57205,,40319,362815,3626194,39832594,476575480,6161466797,,13
1805,8,15867324,1,-16,156,-1220,8528,-57206,,40319,362815,3626194,39832594,476575480,6161466798,,13
1806,8,15867342,1,-16,156,-1228,8822,,,40319,362815,3626194,39832602,476576338,,,12
1807,8,15867423,1,-16,156,-1228,8840,-63850,,40319,362815,3626194,39832602,476576320,6161518058,,13
1808,8,15867432,1,-16,156,-1229,8861,,,40319,362815,3626194,39832603,476576443,,,12
1809,4,15872643,1,-16,158,-1278,9443,,,40319,362815,3626192,39832410,476565493,,,12
1810,8,15873246,1,-16,157,-1240,8602,-52991,,40319,362815,3626193,39832493,476569574,6161202661,,13
1811,8,15873264,1,-16,158,-1273,9212,-61036,,40319,362815,3626192,39832405,476565004,6161018384,,13
1812,8,15873426,1,-16,157,-1237,8462,,,40319,362815,3626193,39832490,476569282,,,12
1813,8,15873462,1,-16,158,-1283,9586,,,40319,362815,3626192,39832415,476566070,,,12
1814,8,15873624,1,-16,159,-1318,10374,,,40319,362815,3626191,39832329,476561610,,,12
1815,8,15873642,1,-16,159,-1321,10429,,,40319,362815,3626191,39832332,476561987,,,12
1816,8,15874236,1,-16,157,-1237,8478,,,40319,362815,3626193,39832490,476569266,,,12
1817,8,15874263,1,-16,159,-1308,9842,,,40319,362815,3626191,39832319,476560702,,,12
1818,8,15874326,1,-16,157,-1244,8777,,,40319,362815,3626193,39832497,476569975,,,12
1819,8,15874362,1,-16,158,-1271,9016,,,40319,362815,3626192,39832403,476564912,,,12
1820,8,15874623,1,-16,158,-1296,10171,,,40319,362815,3626192,39832428,476567357,,,12
1821,8,15874632,1,-16,158,-1296,10140,,,40319,362815,3626192,39832428,476567388,,,12
1822,8,15876234,1,-16,155,-1190,7980,-48502,,40319,362815,3626195,39832685,476580420,6161676442,,13
1823,8,15876243,1,-16,155,-1184,7790,,,40319,362815,3626195,39832679,476579746,,,12
1824,8,15876324,1,-16,155,-1184,7786,,,40319,362815,3626195,39832679,476579750,,,12
1825,8,15876342,1,-16,155,-1189,7927,,,40319,362815,3626195,39832684,476580329,,,12
1826,8,15876423,1,-16,155,-1189,7920,-46560,,40319,362815,3626195,39832684,476580336,6161672472,,13
1827,8,15876432,1,-16,155,-1192,8043,,,40319,362815,3626195,39832687,476580645,,,12
1828,8,16345782,1,-16,156,-1217,8342,,,40319,362815,3626194,39832591,476575234,,,12
1829,8,16345827,1,-16,157,-1244,8796,,,40319,362815,3626193,39832497,476569956,,,12
1830,8,16345872,1,-16,156,-1214,8236,,,40319,362815,3626194,39832588,476574908,,,12
1831,8,16347285,1,-16,159,-1298,9506,,,40319,362815,3626191,39832309,476559598,,,12
1832,8,16347582,1,-16,159,-1326,10694,,,40319,362815,3626191,39832337,476562442,,,12
1833,8,16347825,1,-16,158,-1264,8859,,,40319,362815,3626192,39832396,476564061,,,12
1834,8,16347852,1,-16,158,-1268,8890,,,40319,362815,3626192,39832400,476564606,,,12
1835,4,16348275,1,-16,159,-1306,9869,,,40319,362815,3626191,39832317,476560387,,,12
1836,8,16348527,1,-16,159,-1299,9494,,,40319,362815,3626191,39832310,476559754,,,12
1837,8,16348572,1,-16,159,-1315,10203,,,40319,362815,3626191,39832326,476561349,,,12
1838,8,16348725,1,-16,158,-1263,8804,,,40319,362815,3626192,39832395,476563972,,,12
1839,8,16348752,1,-16,158,-1278,9372,,,40319,362815,3626192,39832410,476565564,,,12
1840,8,16354782,1,-16,157,-1252,9089,,,40319,362815,3626193,39832505,476570815,,,12
1841,8,16354827,1,-16,158,-1277,9383,,,40319,362815,3626192,39832409,476565409,,,12
1842,8,16354872,1,-16,157,-1252,9103,-64822,,40319,362815,3626193,39832505,476570801,6161275839,,13
1843,8,16357284,1,-16,160,-1344,10713,,,40319,362815,3626190,39832234,476556303,,,12
1844,8,16357482,1,-16,160,-1356,11195,,,40319,362815,3626190,39832246,476557549,,,12
1845,8,16357824,1,-16,159,-1315,10230,,,40319,362815,3626191,39832326,476561322,,,12
1846,8,16357842,1,-16,159,-1315,10189,,,40319,362815,3626191,39832326,476561363,,,12
1847,8,16358247,1,-16,160,-1339,10451,,,40319,362815,3626190,39832229,476555845,,,12
1848,8,16358274,1,-16,160,-1334,10246,,,40319,362815,3626190,39832224,476555330,,,12
1849,8,16358427,1,-16,160,-1336,10329,,,40319,362815,3626190,39832226,476555535,,,12
1850,8,16358472,1,-16,160,-1351,10960,,,40319,362815,3626190,39832241,476557064,,,12
1851,8,16358724,1,-16,159,-1309,9970,,,40319,362815,3626191,39832320,476560718,,,12
1852,8,16358742,1,-16,159,-1311,10002,,,40319,362815,3626191,39832322,476560974,,,12
1853,8,16374582,1,-16,158,-1278,9375,-63287,,40319,362815,3626192,39832410,476565561,6161053928,,13
1854,8,16374825,1,-16,160,-1337,10353,,,40319,362815,3626190,39832227,476555655,,,12
1855,8,16374852,1,-16,159,-1317,10254,-78579,,40319,362815,3626191,39832328,476561586,6160904445,,13
1856,8,16375284,1,-16,160,-1334,10203,,,40319,362815,3626190,39832224,476555373,,,12
1857,8,16375482,1,-16,159,-1321,10494,,,40319,362815,3626191,39832332,476561922,,,12
1858,8,16375824,1,-16,160,-1348,10861,,,40319,362815,3626190,39832238,476556731,,,12
1859,8,16375842,1,-16,160,-1352,10998,,,40319,362815,3626190,39832242,476557170,,,12
1860,4,16378245,1,-16,158,-1268,8977,,,40319,362815,3626192,39832400,476564519,,,12
1861,8,16378254,1,-16,158,-1266,8904,,,40319,362815,3626192,39832398,476564304,,,12
1862,8,16378425,1,-16,159,-1301,9595,,,40319,362815,3626191,39832312,476559941,,,12
1863,8,16378452,1,-16,158,-1279,9415,,,40319,362815,3626192,39832411,476565665,,,12
1864,8,16378524,1,-16,159,-1306,9822,,,40319,362815,3626191,39832317,476560434,,,12
1865,8,16378542,1,-16,158,-1272,9077,,,40319,362815,3626192,39832404,476564995,,,12
1866,8,16384527,1,-16,159,-1306,9858,,,40319,362815,3626191,39832317,476560398,,,12
1867,8,16384572,1,-16,158,-1273,9164,,,40319,362815,3626192,39832405,476565052,,,12
1868,8,16384725,1,-16,160,-1331,10068,,,40319,362815,3626190,39832221,476555076,,,12
1869,8,16384752,1,-16,160,-1349,10840,,,40319,362815,3626190,39832239,476556896,,,12
1870,4,16385274,1,-16,160,-1327,9788,,,40319,362815,3626190,39832217,476554780,,,12
1871,8,16385427,1,-16,159,-1293,9217,,,40319,362815,3626191,39832304,476559167,,,12
1872,8,16385472,1,-16,159,-1302,9598,,,40319,362815,3626191,39832313,476560082,,,12
1873,8,16385724,1,-16,160,-1345,10700,,,40319,362815,3626190,39832235,476556460,,,12
1874,8,16385742,1,-16,160,-1354,11080,,,40319,362815,3626190,39832244,476557376,,,12
1875,4,16387254,1,-16,158,-1267,8942,,,40319,362815,3626192,39832399,476564410,,,12
1876,8,16387425,1,-16,159,-1304,9758,,,40319,362815,3626191,39832315,476560210,,,12
1877,8,16387452,1,-16,158,-1277,9330,,,40319,362815,3626192,39832409,476565462,,,12
1878,8,16387524,1,-16,159,-1307,9840,,,40319,362815,3626191,39832318,476560560,,,12
1879,8,16387542,1,-16,158,-1278,9363,-62879,,40319,362815,3626192,39832410,476565573,6161055548,,13
1880,8,16435782,1,-16,157,-1254,9151,-64679,,40319,362815,3626193,39832507,476571041,6161291920,,13
1881,8,16435827,1,-16,158,-1278,9440,-67461,,40319,362815,3626192,39832410,476565496,6161047117,,13
1882,8,16435872,1,-16,157,-1252,9098,,,40319,362815,3626193,39832505,476570806,,,12
1883,8,16437285,1,-16,159,-1307,9842,-69244,,40319,362815,3626191,39832318,476560558,6160843058,,13
1884,8,16437582,1,-16,158,-1287,9782,,,40319,362815,3626192,39832419,476566450,,,12
1885,8,16437825,1,-16,158,-1271,9133,,,40319,362815,3626192,39832403,476564795,,,12
1886,8,16437852,1,-16,158,-1278,9395,,,40319,362815,3626192,39832410,476565541,,,12
1887,4,16438275,1,-16,158,-1282,9603,-71056,,40319,362815,3626192,39832414,476565909,6161071837,,13
1888,8,16438527,1,-16,159,-1298,9418,,,40319,362815,3626191,39832309,476559686,,,12
1889,8,16438572,1,-16,159,-1316,10243,,,40319,362815,3626191,39832327,476561453,,,12
1890,8,16438725,1,-16,158,-1274,9252,,,40319,362815,3626192,39832406,476565108,,,12
1891,8,16438752,1,-16,157,-1246,8795,,,40319,362815,3626193,39832499,476570245,,,12
1892,8,16453782,1,-16,156,-1218,8395,,,40319,362815,3626194,39832592,476575325,,,12
1893,8,16453827,1,-16,157,-1253,9121,,,40319,362815,3626193,39832506,476570927,,,12
1894,8,16453872,1,-16,156,-1218,8404,,,40319,362815,3626194,39832592,476575316,,,12
1895,8,16457283,1,-16,158,-1286,9836,,,40319,362815,3626192,39832418,476566252,,,12
1896,8,16457382,1,-16,158,-1288,9863,,,40319,362815,3626192,39832420,476566513,,,12
1897,8,16457823,1,-16,156,-1221,8522,,,40319,362815,3626194,39832595,476575630,,,12
1898,8,16457832,1,-16,156,-1221,8524,,,40319,362815,3626194,39832595,476575628,,,12
1899,8,16458237,1,-16,157,-1239,8563,,,40319,362815,3626193,39832492,476569469,,,12
1900,8,16458273,1,-16,158,-1270,9099,,,40319,362815,3626192,39832402,476564685,,,12
1901,8,16458327,1,-16,157,-1237,8474,,,40319,362815,3626193,39832490,476569270,,,12
1902,8,16458372,1,-16,158,-1279,9461,,,40319,362815,3626192,39832411,476565619,,,12
1903,8,16458723,1,-16,156,-1217,8372,-52402,,40319,362815,3626194,39832591,476575204,6161451854,,13
1904,8,16458732,1,-16,156,-1217,8372,-52513,,40319,362815,3626194,39832591,476575204,6161451965,,13
1905,8,16473285,1,-16,159,-1304,9733,,,40319,362815,3626191,39832315,476560235,,,12
1906,8,16473582,1,-16,159,-1318,10313,,,40319,362815,3626191,39832329,476561671,,,12
1907,8,16473825,1,-16,160,-1344,10684,-84815,,40319,362815,3626190,39832234,476556332,6160675771,,13
1908,8,16473852,1,-16,160,-1347,10759,,,40319,362815,3626190,39832237,476556689,,,12
1909,8,16475283,1,-16,158,-1278,9422,,,40319,362815,3626192,39832410,476565514,,,12
1910,8,16475382,1,-16,158,-1290,9922,-77929,,40319,362815,3626192,39832422,476566742,6161122143,,13
1911,8,16475823,1,-16,157,-1258,9337,,,40319,362815,3626193,39832511,476571431,,,12
1912,8,16475832,1,-16,157,-1258,9325,,,40319,362815,3626193,39832511,476571443,,,12
1913,8,16478235,1,-16,158,-1279,9458,,,40319,362815,3626192,39832411,476565622,,,12
1914,8,16478253,1,-16,159,-1312,10095,-76505,,40319,362815,3626191,39832323,476561025,6160868402,,13
1915,8,16478325,1,-16,158,-1273,9212,-61343,,40319,362815,3626192,39832405,476565004,6161018691,,13
1916,8,16478352,1,-16,159,-1318,10289,,,40319,362815,3626191,39832329,476561695,,,12
1917,8,16478523,1,-16,158,-1292,10004,-79676,,40319,362815,3626192,39832424,476566948,6161134368,,13
1918,8,16478532,1,-16,158,-1293,10035,,,40319,362815,3626192,39832425,476567061,,,12
1919,8,16483257,1,-16,159,-1305,9777,,,40319,362815,3626191,39832316,476560335,,,12
1920,8,16483275,1,-16,159,-1309,9972,,,40319,362815,3626191,39832320,476560716,,,12
1921,8,16483527,1,-16,160,-1342,10586,,,40319,362815,3626190,39832232,476556142,,,12
1922,8,16483572,1,-16,160,-1349,10859,,,40319,362815,3626190,39832239,476556877,,,12
1923,8,16483725,1,-16,159,-1310,10040,,,40319,362815,3626191,39832321,476560792,,,12
1924,8,16483752,1,-16,159,-1311,10020,,,40319,362815,3626191,39832322,476560956,,,12
1925,8,16485237,1,-16,159,-1310,9998,,,40319,362815,3626191,39832321,476560834,,,12
1926,8,16485273,1,-16,160,-1345,10704,,,40319,362815,3626190,39832235,476556456,,,12
1927,8,16485327,1,-16,159,-1314,10160,,,40319,362815,3626191,39832325,476561248,,,12
1928,8,16485372,1,-16,160,-1354,11087,,,40319,362815,3626190,39832244,476557369,,,12
1929,8,16485723,1,-16,158,-1291,9954,,,40319,362815,3626192,39832423,476566854,,,12
1930,8,16485732,1,-16,158,-1291,9942,,,40319,362815,3626192,39832423,476566866,,,12
1931,8,16487235,1,-16,158,-1278,9402,,,40319,362815,3626192,39832410,476565534,,,12
1932,8,16487253,1,-16,159,-1316,10298,,,40319,362815,3626191,39832327,476561398,,,12
1933,8,16487325,1,-16,158,-1273,9194,,,40319,362815,3626192,39832405,476565022,,,12
1934,8,16487352,1,-16,159,-1321,10447,,,40319,362815,3626191,39832332,476561969,,,12
1935,8,16487523,1,-16,157,-1253,9084,,,40319,362815,3626193,39832506,476570964,,,12
1936,8,16487532,1,-16,157,-1255,9160,,,40319,362815,3626193,39832508,476571176,,,12
1937,8,16534782,1,-16,156,-1216,8311,,,40319,362815,3626194,39832590,476575121,,,12
1938,8,16534827,1,-16,157,-1248,8918,,,40319,362815,3626193,39832501,476570410,,,12
1939,8,16534872,1,-16,156,-1216,8325,,,40319,362815,3626194,39832590,476575107,,,12
1940,8,16537482,1,-16,159,-1322,10500,,,40319,362815,3626191,39832333,476562060,,,12
1941,8,16537824,1,-16,158,-1274,9245,,,40319,362815,3626192,39832406,476565115,,,12
1942,8,16537842,1,-16,158,-1274,9138,,,40319,362815,3626192,39832406,476565222,,,12
1943,8,16538427,1,-16,159,-1309,9937,,,40319,362815,3626191,39832320,476560751,,,12
1944,8,16538472,1,-16,159,-1312,10024,,,40319,362815,3626191,39832323,476561096,,,12
1945,8,16538724,1,-16,158,-1274,9206,-59481,,40319,362815,3626192,39832406,476565154,6161030011,,13
1946,8,16538742,1,-16,158,-1281,9471,,,40319,362815,3626192,39832413,476565897,,,12
1947,8,16543782,1,-16,155,-1194,8129,,,40319,362815,3626195,39832689,476580847,,,12
1948,8,16543827,1,-16,156,-1231,8916,,,40319,362815,3626194,39832605,476576676,,,11
1949,8,16543872,1,-16,155,-1194,8126,-51498,,40319,362815,3626195,39832689,476580850,6161703436,,13
1950,8,16547283,1,-16,157,-1247,8866,,,40319,362815,3626193,39832500,476570318,,,12
1951,8,16547382,1,-16,157,-1254,9132,,,40319,362815,3626193,39832507,476571060,,,12
1952,8,16547823,1,-16,155,-1187,7863,,,40319,362815,3626195,39832682,476580105,,,12
1953,8,16547832,1,-16,155,-1187,7853,,,40319,362815,3626195,39832682,476580115,,,12
1954,8,16548237,1,-16,157,-1246,8836,,,40319,362815,3626193,39832499,476570204,,,12
1955,8,16548273,1,-16,158,-1283,9648,,,40319,362815,3626192,39832415,476566008,,,12
1956,8,16548327,1,-16,157,-1253,9124,,,40319,362815,3626193,39832506,476570924,,,12
1957,8,16548372,1,-16,157,-1254,9163,-65639,,40319,362815,3626193,39832507,476571029,6161290852,,13
1958,8,16548723,1,-16,155,-1187,7861,-46077,,40319,362815,3626195,39832682,476580107,6161657624,,13
1959,8,16548732,1,-16,155,-1187,7848,,,40319,362815,3626195,39832682,476580120,,,12
1960,8,16573284,1,-16,157,-1237,8489,,,40319,362815,3626193,39832490,476569255,,,12
1961,8,16573482,1,-16,157,-1249,8968,-61179,,40319,362815,3626193,39832502,476570504,6161258507,,13
1962,8,16573824,1,-16,158,-1276,9348,,,40319,362815,3626192,39832408,476565300,,,12
1963,8,16573842,1,-16,158,-1286,9741,,,40319,362815,3626192,39832418,476566347,,,12
1964,8,16574283,1,-16,158,-1284,9743,-76229,,40319,362815,3626192,39832416,476566057,6161077686,,13
1965,8,16574382,1,-16,157,-1251,9017,,,40319,362815,3626193,39832504,476570743,,,12
1966,8,16574823,1,-16,157,-1256,9253,-67667,,40319,362815,3626193,39832509,476571227,6161302006,,13
1967,8,16574832,1,-16,157,-1258,9318,,,40319,362815,3626193,39832511,476571450,,,12
1968,8,16578234,1,-16,155,-1192,8062,-50343,,40319,362815,3626195,39832687,476580626,6161688761,,13
1969,8,16578243,1,-16,155,-1184,7766,-44650,,40319,362815,3626195,39832679,476579770,6161635748,,13
1970,8,16578324,1,-16,155,-1184,7766,-44748,,40319,362815,3626195,39832679,476579770,6161635846,,13
1971,8,16578342,1,-16,155,-1191,8022,-49571,,40319,362815,3626195,39832686,476580522,6161682581,,13
1972,8,16578423,1,-16,155,-1191,8029,-49868,,40319,362815,3626195,39832686,476580515,6161681695,,13
1973,8,16578432,1,-16,155,-1192,8048,,,40319,362815,3626195,39832687,476580640,,,12
1974,4,16583274,1,-16,158,-1267,8957,,,40319,362815,3626192,39832399,476564395,,,12
1975,8,16583427,1,-16,157,-1240,8602,-53240,,40319,362815,3626193,39832493,476569574,6161202910,,13
1976,8,16583472,1,-16,158,-1277,9351,,,40319,362815,3626192,39832409,476565441,,,12
1977,8,16583724,1,-16,159,-1316,10302,,,40319,362815,3626191,39832327,476561394,,,12
1978,8,16583742,1,-16,159,-1321,10444,,,40319,362815,3626191,39832332,476561972,,,12
1979,8,16584237,1,-16,157,-1240,8590,,,40319,362815,3626193,39832493,476569586,,,12
1980,8,16584273,1,-16,159,-1307,9852,,,40319,362815,3626191,39832318,476560548,,,12
1981,8,16584327,1,-16,157,-1249,8940,-60053,,40319,362815,3626193,39832502,476570532,6161262113,,13
1982,8,16584372,1,-16,158,-1278,9368,,,40319,362815,3626192,39832410,476565568,,,12
1983,8,16584723,1,-16,157,-1253,9092,,,40319,362815,3626193,39832506,476570956,,,12
1984,8,16584732,1,-16,157,-1255,9153,,,40319,362815,3626193,39832508,476571183,,,12
1985,8,16587234,1,-16,155,-1191,8016,,,40319,362815,3626195,39832686,476580528,,,12
1986,8,16587243,1,-16,155,-1184,7773,-45135,,40319,362815,3626195,39832679,476579763,6161635050,,13
1987,8,16587324,1,-16,155,-1184,7773,-45215,,40319,362815,3626195,39832679,476579763,6161635130,,13
1988,8,16587342,1,-16,155,-1190,7976,-48407,,40319,362815,3626195,39832685,476580424,6161677023,,13
1989,8,16587423,1,-16,155,-1190,7982,,,40319,362815,3626195,39832685,476580418,,,12
1990,8,16587432,1,-16,155,-1191,7996,,,40319,362815,3626195,39832686,476580548,,,12
1991,4,16734528,1,-16,155,-1189,7933,,,40319,362815,3626195,39832684,476580323,,,12
1992,8,16734582,1,-16,156,-1218,8424,,,40319,362815,3626194,39832592,476575296,,,12
1993,8,16734825,1,-16,158,-1269,9050,,,40319,362815,3626192,39832401,476564590,,,12
1994,8,16734852,1,-16,158,-1280,9435,,,40319,362815,3626192,39832412,476565789,,,12
1995,8,16735428,1,-16,157,-1256,9239,,,40319,362815,3626193,39832509,476571241,,,12
1996,8,16735482,1,-16,157,-1245,8799,,,40319,362815,3626193,39832498,476570097,,,12
1997,8,16735824,1,-16,159,-1307,9824,,,40319,362815,3626191,39832318,476560576,,,12
1998,8,16735842,1,-16,159,-1311,9979,,,40319,362815,3626191,39832322,476560997,,,12
1999,8,16738425,1,-16,159,-1319,10405,,,40319,362815,3626191,39832330,476561723,,,12
2000,8,16738452,1,-16,157,-1252,9044,,,40319,362815,3626193,39832505,476570860,,,12
2001,8,16738524,1,-16,159,-1319,10363,,,40319,362815,3626191,39832330,476561765,,,12
2002,8,16738542,1,-16,158,-1281,9481,,,40319,362815,3626192,39832413,476565887,,,12
2003,8,16743582,1,-16,157,-1245,8791,,,40319,362815,3626193,39832498,476570105,,,12
2004,8,16743825,1,-16,158,-1273,9236,,,40319,362815,3626192,39832405,476564980,,,12
2005,8,16743852,1,-16,158,-1274,9199,,,40319,362815,3626192,39832406,476565161,,,12
2006,2,16745238,1,-16,155,-1197,8241,-54181,,40319,362815,3626195,39832692,476581167,6161723188,,13
2007,8,16745283,1,-16,157,-1250,8999,,,40319,362815,3626193,39832503,476570617,,,12
2008,4,16745328,1,-16,155,-1193,8065,,,40319,362815,3626195,39832688,476580767,,,12
2009,8,16745382,1,-16,156,-1221,8541,,,40319,362815,3626194,39832595,476575611,,,12
2010,8,16745823,1,-16,156,-1218,8378,,,40319,362815,3626194,39832592,476575342,,,12
2011,8,16745832,1,-16,156,-1218,8374,,,40319,362815,3626194,39832592,476575346,,,12
2012,4,16748235,1,-16,158,-1276,9279,,,40319,362815,3626192,39832408,476565369,,,12
2013,8,16748253,1,-16,159,-1317,10269,,,40319,362815,3626191,39832328,476561571,,,12
2014,8,16748325,1,-16,158,-1276,9288,-61264,,40319,362815,3626192,39832408,476565360,6161042272,,13
2015,8,16748352,1,-16,159,-1323,10512,-84808,,40319,362815,3626191,39832334,476562192,6160940080,,13
2016,8,16748523,1,-16,157,-1259,9323,,,40319,362815,3626193,39832512,476571589,,,12
2017,8,16748532,1,-16,157,-1259,9314,,,40319,362815,3626193,39832512,476571598,,,12
2018,4,16753428,1,-16,155,-1189,7885,,,40319,362815,3626195,39832684,476580371,,,12
2019,8,16753482,1,-16,156,-1216,8347,,,40319,362815,3626194,39832590,476575085,,,12
2020,8,16753824,1,-16,158,-1276,9335,,,40319,362815,3626192,39832408,476565313,,,12
2021,8,16753842,1,-16,158,-1282,9525,,,40319,362815,3626192,39832414,476565987,,,12
2022,2,16754238,1,-16,155,-1188,7893,,,40319,362815,3626195,39832683,476580219,,,12
2023,8,16754283,1,-16,157,-1248,8955,,,40319,362815,3626193,39832501,476570373,,,12
2024,4,16754328,1,-16,155,-1202,8431,,,40319,362815,3626195,39832697,476581697,,,12
2025,8,16754382,1,-16,156,-1223,8618,,,40319,362815,3626194,39832597,476575822,,,12
2026,8,16754823,1,-16,156,-1219,8467,,,40319,362815,3626194,39832593,476575397,,,12
2027,8,16754832,1,-16,156,-1219,8433,-53330,,40319,362815,3626194,39832593,476575431,6161466809,,13
2028,8,16758234,1,-16,156,-1228,8831,,,40319,362815,3626194,39832602,476576329,,,12
2029,8,16758243,1,-16,156,-1220,8528,-57164,,40319,362815,3626194,39832594,476575480,6161466756,,13
2030,8,16758324,1,-16,156,-1220,8524,,,40319,362815,3626194,39832594,476575484,,,12
2031,8,16758342,1,-16,156,-1228,8830,,,40319,362815,3626194,39832602,476576330,,,12
2032,8,16758423,1,-16,156,-1228,8832,-63476,,40319,362815,3626194,39832602,476576328,6161519036,,13
2033,8,16758432,1,-16,156,-1230,8875,,,40319,362815,3626194,39832604,476576573,,,12
2034,8,16783425,1,-16,156,-1228,8840,-63736,,40319,362815,3626194,39832602,476576320,6161517944,,13
2035,8,16783452,1,-16,154,-1165,7659,-45985,,40319,362815,3626196,39832781,476585853,6161914750,,13
2036,8,16783524,1,-16,156,-1230,8916,-65525,,40319,362815,3626194,39832604,476576532,6161531225,,13
2037,8,16783542,1,-16,156,-1232,8995,,,40319,362815,3626194,39832606,476576741,,,12
2038,8,16784253,1,-16,156,-1230,8916,-65527,,40319,362815,3626194,39832604,476576532,6161531227,,13
2039,8,16784325,1,-16,155,-1190,7980,-48545,,40319,362815,3626195,39832685,476580420,6161676485,,13
2040,8,16784352,1,-16,156,-1232,8999,,,40319,362815,3626194,39832606,476576737,,,12
2041,8,16784523,1,-16,154,-1165,7651,-45632,,40319,362815,3626196,39832781,476585861,6161915749,,13
2042,8,16784532,1,-16,154,-1165,7662,,,40319,362815,3626196,39832781,476585850,,,12
2043,4,16785234,1,-16,154,-1164,7639,-46025,,40319,362815,3626196,39832780,476585729,6161906002,,13
2044,8,16785243,1,-16,155,-1196,8244,,,40319,362815,3626195,39832691,476581020,,,12
2045,8,16785324,1,-16,155,-1196,8238,-54836,,40319,362815,3626195,39832691,476581026,6161712182,,13
2046,8,16785342,1,-16,154,-1165,7678,,,40319,362815,3626196,39832781,476585834,,,12
2047,8,16785423,1,-16,154,-1164,7639,-46050,,40319,362815,3626196,39832780,476585729,6161906027,,13
2048,8,16785432,1,-16,154,-1166,7675,,,40319,362815,3626196,39832782,476585981,,,12
2049,8,16834527,1,-16,157,-1251,9094,,,40319,362815,3626193,39832504,476570666,,,12
2050,8,16834572,1,-16,157,-1255,9223,,,40319,362815,3626193,39832508,476571113,,,12
2051,8,16834725,1,-16,159,-1299,9482,,,40319,362815,3626191,39832310,476559766,,,12
2052,8,16834752,1,-16,159,-1315,10166,-76181,,40319,362815,3626191,39832326,476561386,6160892583,,13
2053,8,16835427,1,-16,158,-1276,9360,,,40319,362815,3626192,39832408,476565288,,,12
2054,8,16835472,1,-16,158,-1275,9251,,,40319,362815,3626192,39832407,476565253,,,12
2055,8,16835724,1,-16,160,-1353,11033,,,40319,362815,3626190,39832243,476557279,,,12
2056,8,16835742,1,-16,160,-1355,11098,,,40319,362815,3626190,39832245,476557502,,,12
2057,8,16837425,1,-16,160,-1348,10866,,,40319,362815,3626190,39832238,476556726,,,12
2058,8,16837452,1,-16,159,-1321,10419,,,40319,362815,3626191,39832332,476561997,,,12
2059,8,16837524,1,-16,160,-1350,10893,,,40319,362815,3626190,39832240,476556987,,,12
2060,8,16837542,1,-16,159,-1317,10261,,,40319,362815,3626191,39832328,476561579,,,12
2061,8,16843527,1,-16,158,-1278,9437,,,40319,362815,3626192,39832410,476565499,,,12
2062,8,16843572,1,-16,158,-1278,9400,,,40319,362815,3626192,39832410,476565536,,,12
2063,8,16843725,1,-16,159,-1309,9988,,,40319,362815,3626191,39832320,476560700,,,12
2064,8,16843752,1,-16,159,-1314,10146,,,40319,362815,3626191,39832325,476561262,,,12
2065,4,16845273,1,-16,159,-1314,10159,,,40319,362815,3626191,39832325,476561249,,,12
2066,8,16845327,1,-16,157,-1249,8960,,,40319,362815,3626193,39832502,476570512,,,12
2067,8,16845372,1,-16,158,-1282,9578,,,40319,362815,3626192,39832414,476565934,,,12
2068,8,16845723,1,-16,157,-1256,9198,-64576,,40319,362815,3626193,39832509,476571282,6161308210,,13
2069,8,16845732,1,-16,157,-1256,9199,-64681,,40319,362815,3626193,39832509,476571281,6161308146,,13
2070,4,16847253,1,-16,159,-1320,10420,,,40319,362815,3626191,39832331,476561852,,,12
2071,8,16847325,1,-16,159,-1318,10358,,,40319,362815,3626191,39832329,476561626,,,12
2072,8,16847352,1,-16,159,-1323,10516,,,40319,362815,3626191,39832334,476562188,,,12
2073,8,16847523,1,-16,158,-1294,10050,,,40319,362815,3626192,39832426,476567190,,,12
2074,8,16847532,1,-16,158,-1296,10126,,,40319,362815,3626192,39832428,476567402,,,12
2075,8,16853427,1,-16,157,-1249,8962,-61147,,40319,362815,3626193,39832502,476570510,6161259489,,13
2076,8,16853472,1,-16,158,-1278,9389,,,40319,362815,3626192,39832410,476565547,,,12
2077,8,16853724,1,-16,160,-1350,10883,,,40319,362815,3626190,39832240,476556997,,,12
2078,8,16853742,1,-16,160,-1363,11424,,,40319,362815,3626190,39832253,476558328,,,12
2079,4,16854273,1,-16,159,-1308,9886,,,40319,362815,3626191,39832319,476560658,,,12
2080,8,16854327,1,-16,157,-1262,9487,,,40319,362815,3626193,39832515,476571857,,,12
2081,8,16854372,1,-16,158,-1285,9699,-72274,,40319,362815,3626192,39832417,476566245,6161093335,,13
2082,8,16854723,1,-16,158,-1292,10004,-79776,,40319,362815,3626192,39832424,476566948,6161134468,,13
2083,8,16854732,1,-16,158,-1292,9957,,,40319,362815,3626192,39832424,476566995,,,12
2084,8,16857243,1,-16,156,-1220,8504,-56084,,40319,362815,3626194,39832594,476575504,6161469732,,13
2085,8,16857324,1,-16,156,-1220,8496,,,40319,362815,3626194,39832594,476575512,,,12
2086,8,16857342,1,-16,156,-1230,8888,,,40319,362815,3626194,39832604,476576560,,,12
2087,8,16857423,1,-16,156,-1230,8898,,,40319,362815,3626194,39832604,476576550,,,12
2088,8,16857432,1,-16,156,-1234,9042,,,40319,362815,3626194,39832608,476576982,,,12
2089,8,16873425,1,-16,156,-1220,8551,-58446,,40319,362815,3626194,39832594,476575457,6161464151,,13
2090,8,16873452,1,-16,155,-1196,8238,-54923,,40319,362815,3626195,39832691,476581026,6161712269,,13
2091,8,16873524,1,-16,156,-1220,8508,,,40319,362815,3626194,39832594,476575500,,,12
2092,8,16873542,1,-16,156,-1220,8463,,,40319,362815,3626194,39832594,476575545,,,12
2093,8,16874325,1,-16,155,-1184,7788,,,40319,362815,3626195,39832679,476579748,,,12
2094,8,16874352,1,-16,156,-1220,8480,,,40319,362815,3626194,39832594,476575528,,,12
2095,8,16874523,1,-16,155,-1196,8206,,,40319,362815,3626195,39832691,476581058,,,12
2096,8,16874532,1,-16,155,-1196,8218,,,40319,362815,3626195,39832691,476581046,,,12
2097,4,16875243,1,-16,156,-1232,9089,,,40319,362815,3626194,39832606,476576647,,,12
2098,8,16875324,1,-16,156,-1232,9071,,,40319,362815,3626194,39832606,476576665,,,12
2099,8,16875342,1,-16,155,-1197,8276,,,40319,362815,3626195,39832692,476581132,,,12
2100,8,16875423,1,-16,155,-1196,8236,,,40319,362815,3626195,39832691,476581028,,,12
2101,8,16875432,1,-16,155,-1199,8315,,,40319,362815,3626195,39832694,476581381,,,12
2102,2,17345628,1,-16,155,-1189,7965,,,40319,362815,3626195,39832684,476580291,,,12
2103,8,17345682,1,-16,156,-1224,8677,,,40319,362815,3626194,39832598,476575907,,,12
2104,4,17345826,1,-16,158,-1270,9156,,,40319,362815,3626192,39832402,476564628,,,12
2105,8,17345862,1,-16,158,-1286,9751,,,40319,362815,3626192,39832418,476566337,,,12
2106,4,17346528,1,-16,157,-1250,9007,,,40319,362815,3626193,39832503,476570609,,,12
2107,8,17346582,1,-16,157,-1247,8882,,,40319,362815,3626193,39832500,476570302,,,12
2108,8,17346825,1,-16,159,-1298,9493,,,40319,362815,3626191,39832309,476559611,,,12
2109,8,17346852,1,-16,159,-1312,10073,,,40319,362815,3626191,39832323,476561047,,,12
2110,8,17348562,1,-16,158,-1277,9313,-61170,,40319,362815,3626192,39832409,476565479,6161050121,,13
2111,4,17348625,1,-16,159,-1294,9329,,,40319,362815,3626191,39832305,476559199,,,12
2112,8,17348652,1,-16,158,-1269,8957,,,40319,362815,3626192,39832401,476564683,,,12
2113,2,17354628,1,-16,157,-1253,9140,,,40319,362815,3626193,39832506,476570908,,,12
2114,8,17354682,1,-16,157,-1249,8964,,,40319,362815,3626193,39832502,476570508,,,12
2115,4,17354826,1,-16,158,-1261,8690,,,40319,362815,3626192,39832393,476563798,,,12
2116,8,17354862,1,-16,158,-1278,9394,,,40319,362815,3626192,39832410,476565542,,,12
2117,8,17356428,1,-16,158,-1288,9829,,,40319,362815,3626192,39832420,476566547,,,12
2118,8,17356482,1,-16,158,-1280,9503,,,40319,362815,3626192,39832412,476565721,,,12
2119,8,17356824,1,-16,159,-1309,9969,-73215,,40319,362815,3626191,39832320,476560719,6160849902,,13
2120,8,17356842,1,-16,159,-1309,9917,,,40319,362815,3626191,39832320,476560771,,,12
2121,8,17358426,1,-16,160,-1330,10064,,,40319,362815,3626190,39832220,476554936,,,12
2122,8,17358462,1,-16,160,-1352,10982,,,40319,362815,3626190,39832242,476557186,,,12
2123,8,17358624,1,-16,160,-1344,10657,-83156,,40319,362815,3626190,39832234,476556359,6160678675,,13
2124,8,17358642,1,-16,160,-1352,10991,,,40319,362815,3626190,39832242,476557177,,,12
2125,8,17364582,1,-16,158,-1282,9610,,,40319,362815,3626192,39832414,476565902,,,12
2126,8,17364852,1,-16,160,-1348,10804,,,40319,362815,3626190,39832238,476556788,,,12
2127,4,17365428,1,-16,157,-1251,8949,-57898,,40319,362815,3626193,39832504,476570811,6161282773,,13
2128,8,17365482,1,-16,157,-1248,8909,,,40319,362815,3626193,39832501,476570419,,,12
2129,8,17365824,1,-16,159,-1302,9649,,,40319,362815,3626191,39832313,476560031,,,12
2130,8,17365842,1,-16,159,-1309,9927,,,40319,362815,3626191,39832320,476560761,,,12
2131,4,17368425,1,-16,160,-1336,10351,,,40319,362815,3626190,39832226,476555513,,,12
2132,8,17368452,1,-16,159,-1311,9997,,,40319,362815,3626191,39832322,476560979,,,12
2133,8,17368524,1,-16,160,-1344,10678,,,40319,362815,3626190,39832234,476556338,,,12
2134,8,17368542,1,-16,159,-1315,10186,,,40319,362815,3626191,39832326,476561366,,,12
2135,8,17384562,1,-16,157,-1255,9210,,,40319,362815,3626193,39832508,476571126,,,12
2136,8,17384652,1,-16,158,-1278,9384,-63882,,40319,362815,3626192,39832410,476565552,6161053002,,13
2137,8,17385462,1,-16,158,-1275,9235,,,40319,362815,3626192,39832407,476565269,,,12
2138,4,17385624,1,-16,159,-1314,10141,,,40319,362815,3626191,39832325,476561267,,,12
2139,8,17385642,1,-16,158,-1282,9557,,,40319,362815,3626192,39832414,476565955,,,12
2140,8,17386452,1,-16,158,-1278,9374,,,40319,362815,3626192,39832410,476565562,,,12
2141,4,17386524,1,-16,159,-1308,9895,,,40319,362815,3626191,39832319,476560649,,,12
2142,8,17386542,1,-16,158,-1285,9691,,,40319,362815,3626192,39832417,476566253,,,12
2143,8,17435682,1,-16,157,-1247,8887,,,40319,362815,3626193,39832500,476570297,,,12
2144,4,17435826,1,-16,158,-1261,8721,,,40319,362815,3626192,39832393,476563767,,,12
2145,8,17435862,1,-16,158,-1274,9206,-59026,,40319,362815,3626192,39832406,476565154,6161029556,,13
2146,2,17436528,1,-16,157,-1248,8881,,,40319,362815,3626193,39832501,476570447,,,12
2147,8,17436582,1,-16,157,-1246,8810,,,40319,362815,3626193,39832499,476570230,,,12
2148,8,17436825,1,-16,159,-1298,9497,,,40319,362815,3626191,39832309,476559607,,,12
2149,8,17436852,1,-16,159,-1308,9875,,,40319,362815,3626191,39832319,476560669,,,12
2150,8,17438562,1,-16,158,-1274,9228,,,40319,362815,3626192,39832406,476565132,,,12
2151,4,17438625,1,-16,159,-1299,9535,-62747,,40319,362815,3626191,39832310,476559713,6160791100,,13
2152,8,17438652,1,-16,158,-1276,9304,,,40319,362815,3626192,39832408,476565344,,,12
2153,8,17453682,1,-16,158,-1284,9706,-73710,,40319,362815,3626192,39832416,476566094,6161081420,,13
2154,8,17453826,1,-16,158,-1275,9359,,,40319,362815,3626192,39832407,476565145,,,12
2155,8,17453862,1,-16,158,-1275,9296,,,40319,362815,3626192,39832407,476565208,,,12
2156,4,17456328,1,-16,155,-1189,7941,,,40319,362815,3626195,39832684,476580315,,,12
2157,8,17456382,1,-16,156,-1217,8387,,,40319,362815,3626194,39832591,476575189,,,12
2158,8,17456823,1,-16,156,-1220,8470,-53719,,40319,362815,3626194,39832594,476575538,6161473113,,13
2159,8,17456832,1,-16,156,-1220,8471,,,40319,362815,3626194,39832594,476575537,,,12
2160,8,17458326,1,-16,158,-1266,8929,-54610,,40319,362815,3626192,39832398,476564279,6160974609,,13
2161,8,17458362,1,-16,159,-1306,9766,,,40319,362815,3626191,39832317,476560490,,,12
2162,8,17458623,1,-16,158,-1293,10051,,,40319,362815,3626192,39832425,476567045,,,12
2163,8,17458632,1,-16,158,-1293,10042,,,40319,362815,3626192,39832425,476567054,,,12
2164,4,17463528,1,-16,158,-1300,10294,,,40319,362815,3626192,39832432,476567810,,,12
2165,8,17463582,1,-16,158,-1286,9745,,,40319,362815,3626192,39832418,476566343,,,12
2166,8,17463825,1,-16,160,-1341,10531,-80330,,40319,362815,3626190,39832231,476556053,6160660639,,13
2167,8,17463852,1,-16,160,-1350,10869,,,40319,362815,3626190,39832240,476557011,,,12
2168,8,17465328,1,-16,157,-1259,9318,,,40319,362815,3626193,39832512,476571594,,,12
2169,8,17465382,1,-16,158,-1289,9912,,,40319,362815,3626192,39832421,476566608,,,12
2170,8,17465823,1,-16,157,-1252,9087,,,40319,362815,3626193,39832505,476570817,,,12
2171,8,17465832,1,-16,157,-1252,9081,,,40319,362815,3626193,39832505,476570823,,,12
2172,8,17468325,1,-16,159,-1308,9909,,,40319,362815,3626191,39832319,476560635,,,12
2173,8,17468352,1,-16,160,-1359,11290,,,40319,362815,3626190,39832249,476557886,,,12
2174,8,17468523,1,-16,159,-1328,10784,-93259,,40319,362815,3626191,39832339,476562640,6160963403,,13
2175,8,17468532,1,-16,159,-1328,10761,,,40319,362815,3626191,39832339,476562663,,,12
2176,8,17483526,1,-16,160,-1346,10781,-87582,,40319,362815,3626190,39832236,476556523,6160686481,,13
2177,8,17483562,1,-16,159,-1315,10166,-76237,,40319,362815,3626191,39832326,476561386,6160892639,,13
2178,8,17483625,1,-16,160,-1348,10841,-88262,,40319,362815,3626190,39832238,476556751,6160701357,,13
2179,8,17483652,1,-16,159,-1314,10143,,,40319,362815,3626191,39832325,476561265,,,12
2180,8,17485326,1,-16,159,-1312,10086,,,40319,362815,3626191,39832323,476561034,,,12
2181,8,17485362,1,-16,160,-1355,11106,,,40319,362815,3626190,39832245,476557494,,,12
2182,8,17485623,1,-16,157,-1256,9194,,,40319,362815,3626193,39832509,476571286,,,12
2183,8,17485632,1,-16,157,-1256,9198,-64663,,40319,362815,3626193,39832509,476571282,6161308297,,13
2184,8,17486325,1,-16,159,-1308,9836,,,40319,362815,3626191,39832319,476560708,,,12
2185,8,17486352,1,-16,160,-1363,11432,,,40319,362815,3626190,39832253,476558320,,,12
2186,8,17486523,1,-16,158,-1292,10005,,,40319,362815,3626192,39832424,476566947,,,12
2187,8,17486532,1,-16,158,-1292,9975,,,40319,362815,3626192,39832424,476566977,,,12
2188,8,17534682,1,-16,158,-1286,9773,,,40319,362815,3626192,39832418,476566315,,,12
2189,8,17534862,1,-16,158,-1278,9440,-67194,,40319,362815,3626192,39832410,476565496,6161046850,,13
2190,8,17536482,1,-16,158,-1286,9733,,,40319,362815,3626192,39832418,476566355,,,12
2191,8,17536842,1,-16,160,-1352,10989,,,40319,362815,3626190,39832242,476557179,,,12
2192,8,17538462,1,-16,160,-1349,10847,,,40319,362815,3626190,39832239,476556889,,,12
2193,8,17538642,1,-16,159,-1321,10438,,,40319,362815,3626191,39832332,476561978,,,12
2194,8,17543682,1,-16,157,-1250,8993,,,40319,362815,3626193,39832503,476570623,,,12
2195,4,17543826,1,-16,157,-1249,8980,,,40319,362815,3626193,39832502,476570492,,,12
2196,8,17543862,1,-16,157,-1249,8981,,,40319,362815,3626193,39832502,476570491,,,12
2197,8,17546382,1,-16,158,-1292,10058,,,40319,362815,3626192,39832424,476566894,,,12
2198,8,17546823,1,-16,157,-1254,9177,,,40319,362815,3626193,39832507,476571015,,,12
2199,8,17546832,1,-16,157,-1254,9175,,,40319,362815,3626193,39832507,476571017,,,12
2200,8,17548326,1,-16,158,-1278,9440,-67098,,40319,362815,3626192,39832410,476565496,6161046754,,13
2201,8,17548362,1,-16,158,-1277,9362,-64127,,40319,362815,3626192,39832409,476565430,6161044797,,13
2202,8,17548623,1,-16,157,-1250,8977,,,40319,362815,3626193,39832503,476570639,,,12
2203,8,17548632,1,-16,157,-1250,8957,,,40319,362815,3626193,39832503,476570659,,,12
2204,2,17563428,1,-16,155,-1198,8287,,,40319,362815,3626195,39832693,476581265,,,12
2205,8,17563482,1,-16,156,-1221,8525,,,40319,362815,3626194,39832595,476575627,,,12
2206,8,17563824,1,-16,158,-1276,9336,,,40319,362815,3626192,39832408,476565312,,,12
2207,8,17563842,1,-16,158,-1286,9713,,,40319,362815,3626192,39832418,476566375,,,12
2208,4,17564328,1,-16,155,-1199,8312,,,40319,362815,3626195,39832694,476581384,,,12
2209,8,17564382,1,-16,156,-1222,8578,,,40319,362815,3626194,39832596,476575718,,,12
2210,8,17564823,1,-16,156,-1221,8554,,,40319,362815,3626194,39832595,476575598,,,12
2211,8,17564832,1,-16,156,-1221,8519,,,40319,362815,3626194,39832595,476575633,,,12
2212,8,17568324,1,-16,156,-1220,8551,-58468,,40319,362815,3626194,39832594,476575457,6161464173,,13
2213,8,17568342,1,-16,156,-1228,8833,,,40319,362815,3626194,39832602,476576327,,,12
2214,8,17568423,1,-16,156,-1228,8857,,,40319,362815,3626194,39832602,476576303,,,12
2215,8,17568432,1,-16,156,-1228,8810,,,40319,362815,3626194,39832602,476576350,,,12
2216,8,17583462,1,-16,159,-1321,10426,,,40319,362815,3626191,39832332,476561990,,,12
2217,4,17583624,1,-16,159,-1317,10303,,,40319,362815,3626191,39832328,476561537,,,12
2218,8,17583642,1,-16,159,-1323,10501,,,40319,362815,3626191,39832334,476562203,,,12
2219,8,17584326,1,-16,158,-1287,9815,,,40319,362815,3626192,39832419,476566417,,,12
2220,8,17584362,1,-16,159,-1317,10263,-79127,,40319,362815,3626191,39832328,476561577,6160903472,,13
2221,8,17584623,1,-16,158,-1294,10062,,,40319,362815,3626192,39832426,476567178,,,12
2222,8,17584632,1,-16,158,-1295,10090,,,40319,362815,3626192,39832427,476567294,,,12
2223,8,17586324,1,-16,156,-1220,8504,-56065,,40319,362815,3626194,39832594,476575504,6161469713,,13
2224,8,17586342,1,-16,156,-1230,8894,,,40319,362815,3626194,39832604,476576554,,,12
2225,8,17586423,1,-16,156,-1230,8912,,,40319,362815,3626194,39832604,476576536,,,12
2226,8,17586432,1,-16,156,-1232,8968,,,40319,362815,3626194,39832606,476576768,,,12
2227,8,17634582,1,-16,156,-1218,8430,-54336,,40319,362815,3626194,39832592,476575290,6161456154,,13
2228,8,17634852,1,-16,158,-1273,9109,,,40319,362815,3626192,39832405,476565107,,,12
2229,8,17635482,1,-16,157,-1249,8948,,,40319,362815,3626193,39832502,476570524,,,12
2230,8,17635842,1,-16,159,-1315,10182,-77226,,40319,362815,3626191,39832326,476561370,6160890924,,13
2231,8,17638452,1,-16,158,-1283,9579,,,40319,362815,3626192,39832415,476566077,,,12
2232,8,17638542,1,-16,158,-1271,8999,,,40319,362815,3626192,39832403,476564929,,,12
2233,8,17643582,1,-16,157,-1247,8843,,,40319,362815,3626193,39832500,476570341,,,12
2234,8,17643852,1,-16,158,-1275,9213,,,40319,362815,3626192,39832407,476565291,,,12
2235,2,17645328,1,-16,155,-1195,8142,,,40319,362815,3626195,39832690,476580978,,,12
2236,8,17645382,1,-16,156,-1222,8576,,,40319,362815,3626194,39832596,476575720,,,12
2237,8,17645823,1,-16,156,-1219,8449,,,40319,362815,3626194,39832593,476575415,,,12
2238,8,17645832,1,-16,156,-1219,8443,-53798,,40319,362815,3626194,39832593,476575421,6161465587,,13
2239,4,17648325,1,-16,158,-1278,9421,-66123,,40319,362815,3626192,39832410,476565515,6161048990,,13
2240,8,17648352,1,-16,159,-1321,10436,,,40319,362815,3626191,39832332,476561980,,,12
2241,8,17648523,1,-16,158,-1296,10156,,,40319,362815,3626192,39832428,476567372,,,12
2242,8,17648532,1,-16,158,-1297,10186,,,40319,362815,3626192,39832429,476567486,,,12
2243,8,17653482,1,-16,156,-1223,8602,,,40319,362815,3626194,39832597,476575838,,,12
2244,8,17653842,1,-16,158,-1291,9918,,,40319,362815,3626192,39832423,476566890,,,12
2245,2,17654328,1,-16,153,-1141,7347,,,40319,362815,3626197,39832878,476591421,,,12
2246,8,17654382,1,-16,155,-1200,8362,,,40319,362815,3626195,39832695,476581478,,,12
2247,8,17654823,1,-16,155,-1190,7969,-48031,,40319,362815,3626195,39832685,476580431,6161677830,,13
2248,8,17654832,1,-16,155,-1193,8087,-50729,,40319,362815,3626195,39832688,476580745,6161697090,,13
2249,8,17658324,1,-16,155,-1184,7782,,,40319,362815,3626195,39832679,476579754,,,12
2250,8,17658342,1,-16,155,-1189,7920,-46716,,40319,362815,3626195,39832684,476580336,6161672628,,13
2251,8,17658423,1,-16,155,-1189,7916,,,40319,362815,3626195,39832684,476580340,,,12
2252,8,17658432,1,-16,155,-1193,8069,-49813,,40319,362815,3626195,39832688,476580763,6161699216,,13
2253,8,17683452,1,-16,155,-1196,8238,-54883,,40319,362815,3626195,39832691,476581026,6161712229,,13
2254,8,17683542,1,-16,156,-1220,8468,,,40319,362815,3626194,39832594,476575540,,,12
2255,8,17684352,1,-16,156,-1220,8469,-54109,,40319,362815,3626194,39832594,476575539,6161473672,,13
2256,8,17684523,1,-16,155,-1196,8212,,,40319,362815,3626195,39832691,476581052,,,12
2257,8,17684532,1,-16,155,-1196,8217,,,40319,362815,3626195,39832691,476581047,,,12
2258,4,17685324,1,-16,156,-1232,9065,-71266,,40319,362815,3626194,39832606,476576671,6161536121,,13
2259,8,17685342,1,-16,155,-1197,8262,,,40319,362815,3626195,39832692,476581146,,,12
2260,8,17685423,1,-16,155,-1196,8222,,,40319,362815,3626195,39832691,476581042,,,12
2261,8,17685432,1,-16,155,-1201,8394,,,40319,362815,3626195,39832696,476581590,,,12
2262,8,17834562,1,-16,154,-1165,7668,,,40319,362815,3626196,39832781,476585844,,,12
2263,8,17834652,1,-16,156,-1222,8541,-55102,,40319,362815,3626194,39832596,476575755,6161486833,,13
2264,8,17835462,1,-16,156,-1225,8661,-57820,,40319,362815,3626194,39832599,476576067,6161505775,,13
2265,8,17835642,1,-16,157,-1260,9382,,,40319,362815,3626193,39832513,476571674,,,12
2266,8,17836452,1,-16,157,-1260,9391,,,40319,362815,3626193,39832513,476571665,,,12
2267,8,17836542,1,-16,156,-1218,8343,,,40319,362815,3626194,39832592,476575377,,,12
2268,8,17843562,1,-16,156,-1222,8541,-55055,,40319,362815,3626194,39832596,476575755,6161486786,,13
2269,8,17843652,1,-16,156,-1220,8438,,,40319,362815,3626194,39832594,476575570,,,12
2270,8,17845362,1,-16,157,-1260,9393,,,40319,362815,3626193,39832513,476571663,,,12
2271,4,17845623,1,-16,154,-1165,7650,-45584,,40319,362815,3626196,39832781,476585862,6161915870,,13
2272,8,17845632,1,-16,154,-1165,7659,-46078,,40319,362815,3626196,39832781,476585853,6161914843,,13
2273,8,17846352,1,-16,157,-1264,9532,,,40319,362815,3626193,39832517,476572100,,,12
2274,4,17846523,1,-16,156,-1228,8785,,,40319,362815,3626194,39832602,476576375,,,12
2275,8,17846532,1,-16,156,-1228,8759,,,40319,362815,3626194,39832602,476576401,,,12
2276,8,17853462,1,-16,157,-1260,9394,-70106,,40319,362815,3626193,39832513,476571662,6161329288,,13
2277,8,17853642,1,-16,157,-1264,9522,,,40319,362815,3626193,39832517,476572110,,,12
2278,8,17854362,1,-16,156,-1218,8360,,,40319,362815,3626194,39832592,476575360,,,12
2279,4,17854623,1,-16,156,-1228,8780,-60453,,40319,362815,3626194,39832602,476576380,6161524801,,13
2280,8,17854632,1,-16,156,-1228,8762,,,40319,362815,3626194,39832602,476576398,,,12
2281,8,17856342,1,-16,154,-1170,7852,,,40319,362815,3626196,39832786,476586380,,,12
2282,8,17856423,1,-16,154,-1165,7653,,,40319,362815,3626196,39832781,476585859,,,12
2283,8,17856432,1,-16,154,-1167,7723,,,40319,362815,3626196,39832783,476586077,,,12
2284,8,17863452,1,-16,154,-1165,7681,,,40319,362815,3626196,39832781,476585831,,,12
2285,8,17863542,1,-16,156,-1232,8986,-66945,,40319,362815,3626194,39832606,476576750,6161545151,,13
2286,8,17864352,1,-16,156,-1232,9002,-67873,,40319,362815,3626194,39832606,476576734,6161543375,,13
2287,8,17864532,1,-16,154,-1165,7643,,,40319,362815,3626196,39832781,476585869,,,12
2288,8,17865342,1,-16,154,-1165,7660,,,40319,362815,3626196,39832781,476585852,,,12
2289,4,17865423,1,-16,154,-1164,7604,,,40319,362815,3626196,39832780,476585764,,,12
2290,8,17865432,1,-16,154,-1171,7877,,,40319,362815,3626196,39832787,476586499,,,11
2291,4,18345672,1,-16,154,-1165,7656,,,40319,362815,3626196,39832781,476585856,,,12
2292,4,18345762,1,-16,156,-1226,8754,-61672,,40319,362815,3626194,39832600,476576118,6161506078,,13
2293,4,18346572,1,-16,156,-1223,8599,-56969,,40319,362815,3626194,39832597,476575841,6161491066,,13
2294,8,18346752,1,-16,157,-1252,9042,,,40319,362815,3626193,39832505,476570862,,,12
2295,4,18347652,1,-16,156,-1216,8315,,,40319,362815,3626194,39832590,476575117,,,12
2296,4,18354672,1,-16,156,-1223,8599,-56968,,40319,362815,3626194,39832597,476575841,6161491065,,13
2297,4,18354762,1,-16,156,-1221,8516,-55125,,40319,362815,3626194,39832595,476575636,6161478913,,13
2298,8,18356472,1,-16,158,-1289,9857,,,40319,362815,3626192,39832421,476566663,,,12
2299,8,18356742,1,-16,157,-1256,9216,-65653,,40319,362815,3626193,39832509,476571264,6161306245,,13
2300,8,18357462,1,-16,158,-1290,9873,,,40319,362815,3626192,39832422,476566791,,,12
2301,8,18357642,1,-16,158,-1286,9725,,,40319,362815,3626192,39832418,476566363,,,12
2302,4,18365472,1,-16,156,-1213,8174,,,40319,362815,3626194,39832587,476574826,,,12
2303,8,18365742,1,-16,158,-1284,9636,,,40319,362815,3626192,39832416,476566164,,,12
2304,4,18367452,1,-16,157,-1250,8930,,,40319,362815,3626193,39832503,476570686,,,12
2305,8,18367542,1,-16,157,-1251,9019,,,40319,362815,3626193,39832504,476570741,,,12
2306,4,18375642,1,-16,157,-1253,9102,,,40319,362815,3626193,39832506,476570946,,,12
2307,4,18376542,1,-16,156,-1226,8731,,,40319,362815,3626194,39832600,476576141,,,12
2308,4,18435672,1,-16,156,-1226,8754,-61778,,40319,362815,3626194,39832600,476576118,6161506184,,13
2309,4,18435762,1,-16,156,-1212,8110,,,40319,362815,3626194,39832586,476574746,,,12
2310,4,18436572,1,-16,156,-1221,8516,-55110,,40319,362815,3626194,39832595,476575636,6161478898,,13
2311,8,18436752,1,-16,157,-1246,8791,,,40319,362815,3626193,39832499,476570249,,,12
2312,4,18437652,1,-16,156,-1216,8313,,,40319,362815,3626194,39832590,476575119,,,12
2313,8,18453672,1,-16,157,-1252,9057,-61925,,40319,362815,3626193,39832505,476570847,6161280716,,13
2314,8,18453762,1,-16,157,-1246,8806,,,40319,362815,3626193,39832499,476570234,,,12
2315,8,18456372,1,-16,157,-1256,9227,,,40319,362815,3626193,39832509,476571253,,,12
2316,8,18456732,1,-16,154,-1165,7669,,,40319,362815,3626196,39832781,476585843,,,12
2317,8,18457362,1,-16,159,-1325,10601,,,40319,362815,3626191,39832336,476562391,,,12
2318,8,18457632,1,-16,156,-1222,8538,,,40319,362815,3626194,39832596,476575758,,,12
2319,8,18463572,1,-16,158,-1290,9896,-76360,,40319,362815,3626192,39832422,476566768,6161124968,,13
2320,8,18463752,1,-16,159,-1323,10499,,,40319,362815,3626191,39832334,476562205,,,12
2321,8,18465372,1,-16,158,-1284,9653,-70800,,40319,362815,3626192,39832416,476566147,6161087467,,13
2322,8,18465732,1,-16,156,-1225,8659,,,40319,362815,3626194,39832599,476576069,,,12
2323,8,18467352,1,-16,158,-1294,10025,,,40319,362815,3626192,39832426,476567215,,,12
2324,8,18467532,1,-16,157,-1260,9372,,,40319,362815,3626193,39832513,476571684,,,12
2325,8,18473562,1,-16,159,-1325,10600,,,40319,362815,3626191,39832336,476562392,,,12
2326,8,18473652,1,-16,158,-1282,9488,,,40319,362815,3626192,39832414,476566024,,,12
2327,8,18475362,1,-16,160,-1360,11321,,,40319,362815,3626190,39832250,476557999,,,12
2328,8,18475632,1,-16,157,-1260,9380,,,40319,362815,3626193,39832513,476571676,,,12
2329,8,18476352,1,-16,159,-1328,10713,,,40319,362815,3626191,39832339,476562711,,,12
2330,8,18476532,1,-16,156,-1220,8407,,,40319,362815,3626194,39832594,476575601,,,12
2331,4,18543672,1,-16,156,-1216,8323,,,40319,362815,3626194,39832590,476575109,,,12
2332,4,18543762,1,-16,156,-1216,8321,,,40319,362815,3626194,39832590,476575111,,,12
2333,8,18546372,1,-16,158,-1286,9739,,,40319,362815,3626192,39832418,476566349,,,12
2334,8,18546732,1,-16,156,-1222,8540,,,40319,362815,3626194,39832596,476575756,,,12
2335,8,18547362,1,-16,158,-1282,9506,,,40319,362815,3626192,39832414,476566006,,,12
2336,8,18547632,1,-16,156,-1220,8430,,,40319,362815,3626194,39832594,476575578,,,12
2337,4,18563472,1,-16,157,-1250,8954,,,40319,362815,3626193,39832503,476570662,,,12
2338,8,18563742,1,-16,158,-1294,10032,,,40319,362815,3626192,39832426,476567208,,,12
2339,8,18564372,1,-16,157,-1251,9047,,,40319,362815,3626193,39832504,476570713,,,12
2340,8,18564732,1,-16,157,-1260,9366,,,40319,362815,3626193,39832513,476571690,,,12
2341,8,18567342,1,-16,154,-1166,7698,,,40319,362815,3626196,39832782,476585958,,,12
2342,8,18567432,1,-16,154,-1165,7642,,,40319,362815,3626196,39832781,476585870,,,12
2343,4,18573642,1,-16,159,-1334,10961,,,40319,362815,3626191,39832345,476563327,,,11
2344,8,18574362,1,-16,159,-1328,10712,,,40319,362815,3626191,39832339,476562712,,,12
2345,8,18574632,1,-16,157,-1268,9692,,,40319,362815,3626193,39832521,476572516,,,12
2346,8,18576342,1,-16,156,-1232,8970,,,40319,362815,3626194,39832606,476576766,,,12
2347,8,18576432,1,-16,156,-1234,9043,,,40319,362815,3626194,39832608,476576981,,,12
2348,4,18645372,1,-16,157,-1253,9141,-65666,,40319,362815,3626193,39832506,476570907,6161282429,,13
2349,8,18645732,1,-16,157,-1260,9392,,,40319,362815,3626193,39832513,476571664,,,12
2350,4,18647352,1,-16,159,-1331,10853,,,40319,362815,3626191,39832342,476563003,,,12
2351,8,18647532,1,-16,157,-1266,9605,,,40319,362815,3626193,39832519,476572315,,,12
2352,4,18654372,1,-16,156,-1223,8623,-58738,,40319,362815,3626194,39832597,476575817,6161488779,,13
2353,8,18654732,1,-16,156,-1219,8384,-50851,,40319,362815,3626194,39832593,476575480,6161472611,,13
2354,8,18657342,1,-16,156,-1232,8981,,,40319,362815,3626194,39832606,476576755,,,12
2355,8,18657432,1,-16,156,-1233,8988,,,40319,362815,3626194,39832607,476576892,,,12
2356,8,18674532,1,-16,154,-1168,7766,,,40319,362815,3626196,39832784,476586178,,,12
2357,4,18675342,1,-16,154,-1166,7679,,,40319,362815,3626196,39832782,476585977,,,12
2358,8,18675432,1,-16,154,-1170,7838,,,40319,362815,3626196,39832786,476586394,,,12
2359,4,18745632,1,-16,154,-1165,7661,,,40319,362815,3626196,39832781,476585851,,,12
2360,4,18746532,1,-16,156,-1229,8783,,,40319,362815,3626194,39832603,476576521,,,12
2361,4,18754632,1,-16,156,-1229,8800,,,40319,362815,3626194,39832603,476576504,,,12
2362,8,18756432,1,-16,154,-1168,7762,,,40319,362815,3626196,39832784,476586182,,,12
2363,8,23145786,1,-16,155,-1204,8497,-58424,,40319,362815,3626195,39832699,476581919,6161769343,,13
2364,16,23146785,1,-16,155,-1201,8423,,,40319,362815,3626195,39832696,476581561,,,12
2365,16,23146857,1,-16,156,-1242,9424,,,40319,362815,3626194,39832616,476577752,,,11
2366,16,23146875,1,-16,156,-1240,9333,,,40319,362815,3626194,39832614,476577555,,,12
2367,16,23147685,1,-16,156,-1240,9331,,,40319,362815,3626194,39832614,476577557,,,12
2368,8,23147856,1,-16,155,-1202,8468,,,40319,362815,3626195,39832697,476581660,,,12
2369,16,23147865,1,-16,155,-1203,8516,,,40319,362815,3626195,39832698,476581756,,,11
2370,8,23148675,1,-16,155,-1205,8609,,,40319,362815,3626195,39832700,476581951,,,12
2371,8,23154786,1,-16,155,-1204,8497,-58568,,40319,362815,3626195,39832699,476581919,6161769487,,13
2372,16,23156784,1,-16,154,-1160,7479,,,40319,362815,3626196,39832776,476585313,,,12
2373,16,23156847,1,-16,157,-1264,9606,-76924,,40319,362815,3626193,39832517,476572026,6161348950,,13
2374,16,23156874,1,-16,155,-1191,8024,-49298,,40319,362815,3626195,39832686,476580520,6161681970,,13
2375,16,23157486,1,-16,157,-1262,9458,,,40319,362815,3626193,39832515,476571886,,,12
2376,16,23157684,1,-16,155,-1193,8117,,,40319,362815,3626195,39832688,476580715,,,12
2377,16,23157846,1,-16,156,-1225,8690,-59388,,40319,362815,3626194,39832599,476576038,6161502442,,13
2378,16,23157864,1,-16,156,-1228,8841,,,40319,362815,3626194,39832602,476576319,,,12
2379,16,23158467,1,-16,157,-1264,9550,,,40319,362815,3626193,39832517,476572082,,,12
2380,16,23158476,1,-16,156,-1225,8606,,,40319,362815,3626194,39832599,476576122,,,12
2381,16,23158647,1,-16,158,-1300,10378,,,40319,362815,3626192,39832432,476567726,,,12
2382,16,23158674,1,-16,156,-1228,8839,,,40319,362815,3626194,39832602,476576321,,,12
2383,16,23158746,1,-16,157,-1264,9606,-76640,,40319,362815,3626193,39832517,476572026,6161348666,,13
2384,16,23158764,1,-16,155,-1189,7866,,,40319,362815,3626195,39832684,476580390,,,12
2385,16,23165784,1,-16,155,-1191,8024,-49395,,40319,362815,3626195,39832686,476580520,6161682067,,13
2386,16,23165847,1,-16,156,-1225,8654,,,40319,362815,3626194,39832599,476576074,,,12
2387,16,23165874,1,-16,155,-1190,7976,-48296,,40319,362815,3626195,39832685,476580424,6161676912,,13
2388,16,23167485,1,-16,156,-1225,8734,,,40319,362815,3626194,39832599,476575994,,,12
2389,16,23167584,1,-16,156,-1228,8869,,,40319,362815,3626194,39832602,476576291,,,12
2390,16,23167845,1,-16,154,-1160,7523,-44841,,40319,362815,3626196,39832776,476585269,6161875750,,13
2391,16,23167854,1,-16,154,-1160,7523,-44728,,40319,362815,3626196,39832776,476585269,6161875637,,13
2392,8,23168475,1,-16,157,-1262,9505,,,40319,362815,3626193,39832515,476571839,,,12
2393,16,23168547,1,-16,157,-1264,9594,,,40319,362815,3626193,39832517,476572038,,,12
2394,16,23168574,1,-16,156,-1230,8932,-66553,,40319,362815,3626194,39832604,476576516,6161529549,,13
2395,16,23168745,1,-16,155,-1192,8114,-53234,,40319,362815,3626195,39832687,476580574,6161682864,,13
2396,16,23168754,1,-16,155,-1192,8086,,,40319,362815,3626195,39832687,476580602,,,12
2397,16,23175684,1,-16,156,-1228,8895,,,40319,362815,3626194,39832602,476576265,,,12
2398,8,23175846,1,-16,157,-1262,9502,,,40319,362815,3626193,39832515,476571842,,,12
2399,16,23175864,1,-16,156,-1230,8932,-66393,,40319,362815,3626194,39832604,476576516,6161529389,,13
2400,16,23176584,1,-16,155,-1189,7895,,,40319,362815,3626195,39832684,476580361,,,12
2401,16,23176845,1,-16,155,-1192,8114,-53110,,40319,362815,3626195,39832687,476580574,6161682740,,13
2402,16,23176854,1,-16,155,-1192,8062,-50461,,40319,362815,3626195,39832687,476580626,6161688879,,13
2403,16,23178564,1,-16,154,-1161,7524,,,40319,362815,3626196,39832777,476585412,,,12
2404,8,23178645,1,-16,154,-1160,7547,,,40319,362815,3626196,39832776,476585245,,,12
2405,16,23178654,1,-16,154,-1160,7451,,,40319,362815,3626196,39832776,476585341,,,12
2406,8,23185674,1,-16,154,-1161,7579,,,40319,362815,3626196,39832777,476585357,,,12
2407,8,23185764,1,-16,156,-1232,9012,,,40319,362815,3626194,39832606,476576724,,,12
2408,8,23186574,1,-16,156,-1232,9065,-71161,,40319,362815,3626194,39832606,476576671,6161536016,,13
2409,16,23186754,1,-16,154,-1161,7521,,,40319,362815,3626196,39832777,476585415,,,12
2410,4,23416785,1,-16,154,-1160,7522,,,40319,362815,3626196,39832776,476585270,,,12
2411,8,23416857,1,-16,155,-1196,8266,,,40319,362815,3626195,39832691,476580998,,,12
2412,8,23416875,1,-16,155,-1196,8278,-57127,,40319,362815,3626195,39832691,476580986,6161707713,,13
2413,8,23417586,1,-16,155,-1196,8268,-56631,,40319,362815,3626195,39832691,476580996,6161708907,,13
2414,8,23417685,1,-16,155,-1196,8280,,,40319,362815,3626195,39832691,476580984,,,12
2415,8,23417856,1,-16,154,-1160,7513,,,40319,362815,3626196,39832776,476585279,,,12
2416,8,23417865,1,-16,154,-1160,7506,,,40319,362815,3626196,39832776,476585286,,,12
2417,4,23418567,1,-16,154,-1160,7518,,,40319,362815,3626196,39832776,476585274,,,12
2418,8,23418576,1,-16,155,-1196,8274,,,40319,362815,3626195,39832691,476580990,,,12
2419,8,23418657,1,-16,155,-1196,8278,-56900,,40319,362815,3626195,39832691,476580986,6161707486,,13
2420,8,23418675,1,-16,154,-1161,7547,,,40319,362815,3626196,39832777,476585389,,,12
2421,8,23418756,1,-16,154,-1160,7512,,,40319,362815,3626196,39832776,476585280,,,12
2422,8,23456817,1,-16,156,-1233,9009,,,40319,362815,3626194,39832607,476576871,,,12
2423,8,23457186,1,-16,157,-1261,9463,-72342,,40319,362815,3626193,39832514,476571737,6161332031,,13
2424,8,23457816,1,-16,156,-1222,8556,-55751,,40319,362815,3626194,39832596,476575740,6161484947,,13
2425,8,23458167,1,-16,156,-1219,8439,,,40319,362815,3626194,39832593,476575425,,,12
2426,8,23458176,1,-16,156,-1222,8559,,,40319,362815,3626194,39832596,476575737,,,12
2427,8,23458617,1,-16,157,-1263,9536,,,40319,362815,3626193,39832516,476571952,,,12
2428,8,23458716,1,-16,156,-1220,8469,-53510,,40319,362815,3626194,39832594,476575539,6161473073,,13
2429,8,23461785,1,-16,157,-1253,9141,-65029,,40319,362815,3626193,39832506,476570907,6161281792,,13
2430,8,23461857,1,-16,158,-1290,9940,,,40319,362815,3626192,39832422,476566724,,,12
2431,8,23461875,1,-16,157,-1251,9040,-62585,,40319,362815,3626193,39832504,476570720,6161272081,,13
2432,8,23465817,1,-16,156,-1225,8673,,,40319,362815,3626194,39832599,476576055,,,12
2433,8,23467185,1,-16,157,-1250,9008,,,40319,362815,3626193,39832503,476570608,,,12
2434,8,23467815,1,-16,156,-1222,8613,,,40319,362815,3626194,39832596,476575683,,,12
2435,8,23468157,1,-16,158,-1282,9611,,,40319,362815,3626192,39832414,476565901,,,12
2436,8,23468175,1,-16,158,-1282,9623,,,40319,362815,3626192,39832414,476565889,,,12
2437,8,23468517,1,-16,158,-1289,9895,,,40319,362815,3626192,39832421,476566625,,,12
2438,8,23468715,1,-16,156,-1213,8232,,,40319,362815,3626194,39832587,476574768,,,12
2439,8,23471586,1,-16,158,-1284,9693,-73552,,40319,362815,3626192,39832416,476566107,6161083459,,13
2440,8,23471685,1,-16,158,-1284,9716,,,40319,362815,3626192,39832416,476566084,,,12
2441,8,23471856,1,-16,157,-1249,8989,,,40319,362815,3626193,39832502,476570483,,,12
2442,8,23471865,1,-16,157,-1249,8991,,,40319,362815,3626193,39832502,476570481,,,12
2443,8,23475186,1,-16,158,-1288,9845,,,40319,362815,3626192,39832420,476566531,,,12
2444,8,23475816,1,-16,158,-1289,9883,,,40319,362815,3626192,39832421,476566637,,,12
2445,8,23476185,1,-16,157,-1242,8677,,,40319,362815,3626193,39832495,476569787,,,12
2446,8,23476815,1,-16,156,-1213,8241,,,40319,362815,3626194,39832587,476574759,,,12
2447,8,23478156,1,-16,156,-1211,8168,-48885,,40319,362815,3626194,39832585,476574544,6161409805,,13
2448,8,23478165,1,-16,156,-1211,8168,-48822,,40319,362815,3626194,39832585,476574544,6161409742,,13
2449,8,23478516,1,-16,157,-1246,8843,,,40319,362815,3626193,39832499,476570197,,,12
2450,8,23478615,1,-16,156,-1213,8262,-51345,,40319,362815,3626194,39832587,476574738,6161420715,,13
2451,4,23481567,1,-16,156,-1219,8523,,,40319,362815,3626194,39832593,476575341,,,12
2452,8,23481576,1,-16,156,-1213,8256,,,40319,362815,3626194,39832587,476574744,,,12
2453,8,23481657,1,-16,156,-1213,8255,-51257,,40319,362815,3626194,39832587,476574745,6161421810,,13
2454,8,23481675,1,-16,156,-1216,8393,-54907,,40319,362815,3626194,39832590,476575039,6161438642,,13
2455,8,23481756,1,-16,156,-1216,8393,-54936,,40319,362815,3626194,39832590,476575039,6161438671,,13
2456,8,23481765,1,-16,156,-1222,8574,,,40319,362815,3626194,39832596,476575722,,,12
2457,8,23485167,1,-16,157,-1252,9110,-64666,,40319,362815,3626193,39832505,476570794,6161274500,,13
2458,8,23485176,1,-16,157,-1246,8831,,,40319,362815,3626193,39832499,476570209,,,12
2459,8,23485617,1,-16,157,-1250,8991,,,40319,362815,3626193,39832503,476570625,,,12
2460,8,23485716,1,-16,158,-1286,9778,-74851,,40319,362815,3626192,39832418,476566310,6161094729,,13
2461,8,23486157,1,-16,158,-1279,9505,-68947,,40319,362815,3626192,39832411,476565575,6161049786,,13
2462,8,23486175,1,-16,158,-1282,9635,,,40319,362815,3626192,39832414,476565877,,,12
2463,8,23486517,1,-16,157,-1247,8875,,,40319,362815,3626193,39832500,476570309,,,12
2464,8,23486715,1,-16,156,-1213,8252,,,40319,362815,3626194,39832587,476574748,,,12
2465,8,23487156,1,-16,156,-1211,8186,,,40319,362815,3626194,39832585,476574526,,,12
2466,8,23487165,1,-16,156,-1213,8248,,,40319,362815,3626194,39832587,476574752,,,12
2467,8,23487516,1,-16,157,-1250,9016,-62228,,40319,362815,3626193,39832503,476570600,6161263612,,13
2468,8,23487615,1,-16,156,-1220,8555,,,40319,362815,3626194,39832594,476575453,,,12
2469,8,23516847,1,-16,159,-1317,10292,,,40319,362815,3626191,39832328,476561548,,,12
2470,8,23516874,1,-16,157,-1246,8850,-58498,,40319,362815,3626193,39832499,476570190,6161239264,,13
2471,8,23517486,1,-16,159,-1322,10535,,,40319,362815,3626191,39832333,476562025,,,12
2472,8,23517684,1,-16,157,-1246,8850,-58508,,40319,362815,3626193,39832499,476570190,6161239274,,13
2473,8,23517846,1,-16,158,-1281,9543,,,40319,362815,3626192,39832413,476565825,,,12
2474,8,23517864,1,-16,157,-1246,8875,,,40319,362815,3626193,39832499,476570165,,,12
2475,4,23518467,1,-16,158,-1276,9257,,,40319,362815,3626192,39832408,476565391,,,12
2476,8,23518476,1,-16,158,-1276,9242,,,40319,362815,3626192,39832408,476565406,,,12
2477,8,23518647,1,-16,159,-1314,10188,,,40319,362815,3626191,39832325,476561220,,,12
2478,8,23518674,1,-16,157,-1246,8871,,,40319,362815,3626193,39832499,476570169,,,12
2479,8,23518746,1,-16,158,-1278,9418,,,40319,362815,3626192,39832410,476565518,,,12
2480,8,23518764,1,-16,157,-1251,9024,,,40319,362815,3626193,39832504,476570736,,,12
2481,8,23546817,1,-16,156,-1225,8704,,,40319,362815,3626194,39832599,476576024,,,12
2482,8,23547186,1,-16,157,-1252,9105,,,40319,362815,3626193,39832505,476570799,,,12
2483,8,23547816,1,-16,156,-1216,8353,,,40319,362815,3626194,39832590,476575079,,,12
2484,8,23548167,1,-16,156,-1213,8228,-49566,,40319,362815,3626194,39832587,476574772,6161424682,,13
2485,8,23548176,1,-16,156,-1217,8365,,,40319,362815,3626194,39832591,476575211,,,12
2486,8,23548617,1,-16,157,-1256,9272,-68499,,40319,362815,3626193,39832509,476571208,6161299627,,13
2487,8,23548716,1,-16,156,-1218,8435,,,40319,362815,3626194,39832592,476575285,,,12
2488,4,23561784,1,-16,157,-1244,8735,,,40319,362815,3626193,39832497,476570017,,,12
2489,8,23561847,1,-16,158,-1270,9056,,,40319,362815,3626192,39832402,476564728,,,12
2490,8,23561874,1,-16,157,-1240,8583,,,40319,362815,3626193,39832493,476569593,,,12
2491,8,23564817,1,-16,157,-1248,8894,,,40319,362815,3626193,39832501,476570434,,,12
2492,8,23567184,1,-16,157,-1254,9216,,,40319,362815,3626193,39832507,476570976,,,12
2493,8,23567814,1,-16,156,-1226,8736,,,40319,362815,3626194,39832600,476576136,,,12
2494,8,23568147,1,-16,158,-1268,8991,,,40319,362815,3626192,39832400,476564505,,,12
2495,8,23568174,1,-16,158,-1273,9238,,,40319,362815,3626192,39832405,476564978,,,12
2496,8,23568417,1,-16,158,-1271,9105,,,40319,362815,3626192,39832403,476564823,,,12
2497,8,23568714,1,-16,156,-1213,8201,,,40319,362815,3626194,39832587,476574799,,,12
2498,8,23571486,1,-16,159,-1302,9626,-63559,,40319,362815,3626191,39832313,476560054,6160813037,,13
2499,8,23571684,1,-16,159,-1310,10065,-77101,,40319,362815,3626191,39832321,476560767,6160849732,,13
2500,8,23571846,1,-16,159,-1312,10147,,,40319,362815,3626191,39832323,476560973,,,12
2501,8,23571864,1,-16,159,-1310,10065,-76907,,40319,362815,3626191,39832321,476560767,6160849538,,13
2502,8,23574186,1,-16,159,-1312,10102,,,40319,362815,3626191,39832323,476561018,,,12
2503,8,23574816,1,-16,159,-1311,10053,,,40319,362815,3626191,39832322,476560923,,,12
2504,8,23576184,1,-16,157,-1240,8616,,,40319,362815,3626193,39832493,476569560,,,12
2505,8,23576814,1,-16,156,-1214,8242,,,40319,362815,3626194,39832588,476574902,,,12
2506,8,23578146,1,-16,158,-1279,9502,,,40319,362815,3626192,39832411,476565578,,,12
2507,8,23578164,1,-16,158,-1274,9294,,,40319,362815,3626192,39832406,476565066,,,12
2508,8,23578416,1,-16,158,-1276,9354,-64395,,40319,362815,3626192,39832408,476565294,6161034249,,13
2509,8,23578614,1,-16,157,-1249,9023,,,40319,362815,3626193,39832502,476570449,,,12
2510,4,23581467,1,-16,158,-1266,8876,,,40319,362815,3626192,39832398,476564332,,,12
2511,8,23581476,1,-16,158,-1268,8976,,,40319,362815,3626192,39832400,476564520,,,12
2512,8,23581647,1,-16,159,-1301,9672,,,40319,362815,3626191,39832312,476559864,,,12
2513,8,23581674,1,-16,158,-1269,9103,,,40319,362815,3626192,39832401,476564537,,,12
2514,8,23581746,1,-16,159,-1304,9803,,,40319,362815,3626191,39832315,476560165,,,12
2515,8,23581764,1,-16,158,-1274,9279,,,40319,362815,3626192,39832406,476565081,,,12
2516,8,23584167,1,-16,158,-1270,9073,,,40319,362815,3626192,39832402,476564711,,,12
2517,8,23584176,1,-16,158,-1272,9171,,,40319,362815,3626192,39832404,476564901,,,12
2518,8,23584617,1,-16,159,-1315,10227,-79374,,40319,362815,3626191,39832326,476561325,6160885467,,13
2519,8,23584716,1,-16,159,-1314,10184,,,40319,362815,3626191,39832325,476561224,,,12
2520,8,23586147,1,-16,159,-1301,9652,,,40319,362815,3626191,39832312,476559884,,,12
2521,8,23586174,1,-16,159,-1308,9976,,,40319,362815,3626191,39832319,476560568,,,12
2522,8,23586417,1,-16,159,-1309,9993,,,40319,362815,3626191,39832320,476560695,,,12
2523,8,23586714,1,-16,157,-1249,9013,,,40319,362815,3626193,39832502,476570459,,,12
2524,8,23587146,1,-16,158,-1269,9062,,,40319,362815,3626192,39832401,476564578,,,12
2525,8,23587164,1,-16,158,-1275,9387,,,40319,362815,3626192,39832407,476565117,,,12
2526,8,23587416,1,-16,158,-1266,8886,,,40319,362815,3626192,39832398,476564322,,,12
2527,8,23587614,1,-16,156,-1213,8257,-51361,,40319,362815,3626194,39832587,476574743,6161421576,,13
2528,4,23614785,1,-16,158,-1266,8790,,,40319,362815,3626192,39832398,476564418,,,12
2529,8,23614857,1,-16,159,-1308,9853,,,40319,362815,3626191,39832319,476560691,,,12
2530,8,23614875,1,-16,158,-1274,9130,,,40319,362815,3626192,39832406,476565230,,,12
2531,8,23615784,1,-16,158,-1277,9381,,,40319,362815,3626192,39832409,476565411,,,12
2532,8,23615847,1,-16,159,-1310,9935,,,40319,362815,3626191,39832321,476560897,,,12
2533,8,23615874,1,-16,158,-1273,9203,,,40319,362815,3626192,39832405,476565013,,,12
2534,8,23617485,1,-16,159,-1310,10012,,,40319,362815,3626191,39832321,476560820,,,12
2535,8,23617584,1,-16,159,-1312,10139,,,40319,362815,3626191,39832323,476560981,,,12
2536,8,23617845,1,-16,157,-1243,8741,,,40319,362815,3626193,39832496,476569867,,,12
2537,8,23617854,1,-16,157,-1243,8748,,,40319,362815,3626193,39832496,476569860,,,12
2538,8,23618457,1,-16,158,-1274,9275,-62873,,40319,362815,3626192,39832406,476565085,6161021742,,13
2539,8,23618475,1,-16,159,-1306,9856,-71189,,40319,362815,3626191,39832317,476560400,6160830469,,13
2540,8,23618547,1,-16,158,-1266,8892,,,40319,362815,3626192,39832398,476564316,,,12
2541,8,23618574,1,-16,159,-1314,10218,,,40319,362815,3626191,39832325,476561190,,,12
2542,8,23618745,1,-16,157,-1241,8685,,,40319,362815,3626193,39832494,476569635,,,12
2543,8,23618754,1,-16,157,-1241,8655,,,40319,362815,3626193,39832494,476569665,,,12
2544,8,23641857,1,-16,159,-1316,10278,,,40319,362815,3626191,39832327,476561418,,,12
2545,8,23641875,1,-16,158,-1281,9516,-67426,,40319,362815,3626192,39832413,476565852,6161070742,,13
2546,8,23645817,1,-16,157,-1248,8898,,,40319,362815,3626193,39832501,476570430,,,12
2547,8,23647185,1,-16,159,-1310,10013,,,40319,362815,3626191,39832321,476560819,,,12
2548,8,23647815,1,-16,158,-1277,9390,,,40319,362815,3626192,39832409,476565402,,,12
2549,8,23648157,1,-16,159,-1305,9818,-69986,,40319,362815,3626191,39832316,476560294,6160823520,,13
2550,8,23648175,1,-16,159,-1310,10025,-75070,,40319,362815,3626191,39832321,476560807,6160854461,,13
2551,8,23648517,1,-16,159,-1316,10275,,,40319,362815,3626191,39832327,476561421,,,12
2552,8,23648715,1,-16,158,-1278,9442,,,40319,362815,3626192,39832410,476565494,,,12
2553,4,23651784,1,-16,157,-1238,8558,,,40319,362815,3626193,39832491,476569330,,,12
2554,8,23651847,1,-16,158,-1268,9022,,,40319,362815,3626192,39832400,476564474,,,12
2555,8,23651874,1,-16,157,-1238,8538,,,40319,362815,3626193,39832491,476569350,,,12
2556,8,23654817,1,-16,156,-1224,8680,,,40319,362815,3626194,39832598,476575904,,,12
2557,8,23657184,1,-16,157,-1240,8617,-53079,,40319,362815,3626193,39832493,476569559,6161200214,,13
2558,8,23657814,1,-16,156,-1213,8236,,,40319,362815,3626194,39832587,476574764,,,12
2559,8,23658147,1,-16,158,-1268,9047,,,40319,362815,3626192,39832400,476564449,,,12
2560,8,23658174,1,-16,158,-1273,9289,,,40319,362815,3626192,39832405,476564927,,,12
2561,8,23658417,1,-16,158,-1273,9204,-60284,,40319,362815,3626192,39832405,476565012,6161018984,,13
2562,8,23658714,1,-16,156,-1213,8234,,,40319,362815,3626194,39832587,476574766,,,12
2563,8,23671485,1,-16,158,-1265,8931,,,40319,362815,3626192,39832397,476564133,,,12
2564,8,23671584,1,-16,158,-1266,8977,-56900,,40319,362815,3626192,39832398,476564231,6160968787,,13
2565,8,23671845,1,-16,157,-1239,8566,,,40319,362815,3626193,39832492,476569466,,,12
2566,8,23671854,1,-16,157,-1239,8590,,,40319,362815,3626193,39832492,476569442,,,12
2567,8,23674185,1,-16,158,-1265,8894,,,40319,362815,3626192,39832397,476564170,,,12
2568,8,23674815,1,-16,158,-1267,8964,,,40319,362815,3626192,39832399,476564388,,,12
2569,8,23675184,1,-16,157,-1232,8331,,,40319,362815,3626193,39832485,476568693,,,12
2570,8,23675814,1,-16,157,-1245,8857,-59839,,40319,362815,3626193,39832498,476570039,6161227254,,13
2571,8,23678145,1,-16,156,-1211,8148,,,40319,362815,3626194,39832585,476574564,,,12
2572,8,23678154,1,-16,156,-1211,8165,,,40319,362815,3626194,39832585,476574547,,,12
2573,8,23678415,1,-16,157,-1246,8887,,,40319,362815,3626193,39832499,476570153,,,12
2574,8,23678514,1,-16,156,-1213,8249,-50498,,40319,362815,3626194,39832587,476574751,6161422065,,13
2575,8,23681457,1,-16,158,-1270,9149,,,40319,362815,3626192,39832402,476564635,,,12
2576,8,23681475,1,-16,159,-1303,9772,,,40319,362815,3626191,39832314,476560052,,,12
2577,8,23681547,1,-16,158,-1266,8960,,,40319,362815,3626192,39832398,476564248,,,12
2578,8,23681574,1,-16,159,-1306,9918,-74238,,40319,362815,3626191,39832317,476560338,6160823040,,13
2579,8,23681745,1,-16,158,-1273,9328,,,40319,362815,3626192,39832405,476564888,,,12
2580,8,23681754,1,-16,158,-1273,9300,,,40319,362815,3626192,39832405,476564916,,,12
2581,8,23684157,1,-16,159,-1303,9764,-69626,,40319,362815,3626191,39832314,476560060,6160807950,,13
2582,8,23684175,1,-16,159,-1297,9506,,,40319,362815,3626191,39832308,476559454,,,12
2583,8,23684517,1,-16,158,-1272,9198,,,40319,362815,3626192,39832404,476564874,,,12
2584,8,23684715,1,-16,159,-1306,9838,-69950,,40319,362815,3626191,39832317,476560418,6160832272,,13
2585,8,23685147,1,-16,159,-1301,9679,,,40319,362815,3626191,39832312,476559857,,,12
2586,8,23685174,1,-16,159,-1302,9739,,,40319,362815,3626191,39832313,476559941,,,12
2587,8,23685417,1,-16,158,-1274,9282,,,40319,362815,3626192,39832406,476565078,,,12
2588,8,23685714,1,-16,157,-1245,8865,-60585,,40319,362815,3626193,39832498,476570031,6161226648,,13
2589,8,23687145,1,-16,156,-1206,8010,-46635,,40319,362815,3626194,39832580,476573982,6161373417,,13
2590,8,23687154,1,-16,156,-1206,8006,,,40319,362815,3626194,39832580,476573986,,,12
2591,8,23687415,1,-16,157,-1237,8507,,,40319,362815,3626193,39832490,476569237,,,12
2592,8,23687514,1,-16,157,-1249,9058,,,40319,362815,3626193,39832502,476570414,,,12
2593,8,23714586,1,-16,158,-1273,9229,,,40319,362815,3626192,39832405,476564987,,,12
2594,8,23714685,1,-16,159,-1309,10007,,,40319,362815,3626191,39832320,476560681,,,12
2595,8,23714856,1,-16,158,-1272,9166,,,40319,362815,3626192,39832404,476564906,,,12
2596,8,23714865,1,-16,158,-1271,9135,,,40319,362815,3626192,39832403,476564793,,,12
2597,8,23715486,1,-16,158,-1275,9289,,,40319,362815,3626192,39832407,476565215,,,12
2598,8,23715684,1,-16,158,-1274,9338,,,40319,362815,3626192,39832406,476565022,,,12
2599,8,23715846,1,-16,159,-1310,10046,-76437,,40319,362815,3626191,39832321,476560786,6160852279,,13
2600,8,23715864,1,-16,159,-1314,10208,,,40319,362815,3626191,39832325,476561200,,,12
2601,8,23716485,1,-16,159,-1310,10033,,,40319,362815,3626191,39832321,476560799,,,12
2602,8,23716584,1,-16,158,-1274,9256,,,40319,362815,3626192,39832406,476565104,,,12
2603,8,23716845,1,-16,158,-1280,9604,,,40319,362815,3626192,39832412,476565620,,,12
2604,8,23716854,1,-16,158,-1280,9528,,,40319,362815,3626192,39832412,476565696,,,12
2605,8,23718456,1,-16,157,-1249,9009,-63215,,40319,362815,3626193,39832502,476570463,6161253614,,13
2606,8,23718465,1,-16,157,-1240,8644,-55231,,40319,362815,3626193,39832493,476569532,6161197803,,13
2607,8,23718546,1,-16,157,-1240,8644,-55018,,40319,362815,3626193,39832493,476569532,6161197590,,13
2608,8,23718564,1,-16,157,-1248,8978,,,40319,362815,3626193,39832501,476570350,,,12
2609,8,23718645,1,-16,157,-1248,9023,,,40319,362815,3626193,39832501,476570305,,,12
2610,8,23718654,1,-16,157,-1249,8986,,,40319,362815,3626193,39832502,476570486,,,12
2611,8,23741586,1,-16,159,-1309,9964,,,40319,362815,3626191,39832320,476560724,,,12
2612,8,23741685,1,-16,159,-1305,9837,,,40319,362815,3626191,39832316,476560275,,,12
2613,8,23741856,1,-16,158,-1273,9237,,,40319,362815,3626192,39832405,476564979,,,12
2614,8,23741865,1,-16,158,-1270,9103,,,40319,362815,3626192,39832402,476564681,,,12
2615,8,23745186,1,-16,158,-1271,9122,,,40319,362815,3626192,39832403,476564806,,,12
2616,8,23745816,1,-16,158,-1265,8844,,,40319,362815,3626192,39832397,476564220,,,12
2617,8,23746185,1,-16,159,-1302,9716,,,40319,362815,3626191,39832313,476559964,,,12
2618,8,23746815,1,-16,159,-1308,9984,,,40319,362815,3626191,39832319,476560560,,,12
2619,8,23748156,1,-16,158,-1270,9126,,,40319,362815,3626192,39832402,476564658,,,12
2620,8,23748165,1,-16,158,-1267,8989,,,40319,362815,3626192,39832399,476564363,,,12
2621,8,23748516,1,-16,159,-1314,10212,,,40319,362815,3626191,39832325,476561196,,,12
2622,8,23748615,1,-16,159,-1310,10051,,,40319,362815,3626191,39832321,476560781,,,12
2623,8,23751486,1,-16,159,-1303,9714,,,40319,362815,3626191,39832314,476560110,,,12
2624,8,23751684,1,-16,159,-1302,9768,,,40319,362815,3626191,39832313,476559912,,,12
2625,8,23751846,1,-16,159,-1298,9546,,,40319,362815,3626191,39832309,476559558,,,12
2626,8,23751864,1,-16,159,-1304,9819,,,40319,362815,3626191,39832315,476560149,,,12
2627,8,23754186,1,-16,158,-1275,9311,,,40319,362815,3626192,39832407,476565193,,,12
2628,8,23754816,1,-16,158,-1275,9319,,,40319,362815,3626192,39832407,476565185,,,12
2629,8,23756184,1,-16,157,-1232,8327,,,40319,362815,3626193,39832485,476568697,,,12
2630,8,23756814,1,-16,157,-1245,8877,,,40319,362815,3626193,39832498,476570019,,,12
2631,8,23758146,1,-16,159,-1305,9860,,,40319,362815,3626191,39832316,476560252,,,12
2632,8,23758164,1,-16,159,-1308,10001,,,40319,362815,3626191,39832319,476560543,,,12
2633,8,23758416,1,-16,159,-1305,9835,,,40319,362815,3626191,39832316,476560277,,,12
2634,8,23758614,1,-16,157,-1245,8847,,,40319,362815,3626193,39832498,476570049,,,12
2635,8,23761485,1,-16,158,-1263,8861,,,40319,362815,3626192,39832395,476563915,,,12
2636,8,23761584,1,-16,158,-1270,9188,,,40319,362815,3626192,39832402,476564596,,,12
2637,8,23761845,1,-16,157,-1235,8469,,,40319,362815,3626193,39832488,476568987,,,12
2638,8,23761854,1,-16,157,-1235,8450,,,40319,362815,3626193,39832488,476569006,,,12
2639,8,23764185,1,-16,158,-1267,8983,-55950,,40319,362815,3626192,39832399,476564369,6160978991,,13
2640,8,23764815,1,-16,158,-1271,9160,,,40319,362815,3626192,39832403,476564768,,,12
2641,8,23765184,1,-16,157,-1242,8781,,,40319,362815,3626193,39832495,476569683,,,12
2642,8,23765814,1,-16,156,-1213,8274,,,40319,362815,3626194,39832587,476574726,,,12
2643,8,23768145,1,-16,156,-1206,8009,,,40319,362815,3626194,39832580,476573983,,,12
2644,8,23768154,1,-16,156,-1206,8001,,,40319,362815,3626194,39832580,476573991,,,12
2645,8,23768415,1,-16,157,-1237,8503,,,40319,362815,3626193,39832490,476569241,,,12
2646,8,23768514,1,-16,157,-1249,9044,-64932,,40319,362815,3626193,39832502,476570428,6161249416,,13
2647,8,23781456,1,-16,156,-1211,8185,,,40319,362815,3626194,39832585,476574527,,,12
2648,8,23781465,1,-16,156,-1206,8011,,,40319,362815,3626194,39832580,476573981,,,12
2649,8,23781546,1,-16,156,-1206,8010,-46703,,40319,362815,3626194,39832580,476573982,6161373485,,13
2650,8,23781564,1,-16,156,-1209,8110,,,40319,362815,3626194,39832583,476574314,,,12
2651,8,23781645,1,-16,156,-1209,8149,,,40319,362815,3626194,39832583,476574275,,,12
2652,8,23781654,1,-16,156,-1211,8156,-48105,,40319,362815,3626194,39832585,476574556,6161411053,,13
2653,8,23784156,1,-16,157,-1239,8572,,,40319,362815,3626193,39832492,476569460,,,12
2654,8,23784165,1,-16,157,-1235,8432,,,40319,362815,3626193,39832488,476569024,,,12
2655,8,23784516,1,-16,157,-1240,8634,,,40319,362815,3626193,39832493,476569542,,,12
2656,8,23784615,1,-16,158,-1277,9445,,,40319,362815,3626192,39832409,476565347,,,12
2657,8,23785146,1,-16,158,-1273,9315,,,40319,362815,3626192,39832405,476564901,,,12
2658,8,23785164,1,-16,158,-1276,9427,-68721,,40319,362815,3626192,39832408,476565221,6161026238,,13
2659,8,23785416,1,-16,157,-1238,8561,-52650,,40319,362815,3626193,39832491,476569327,6161184913,,13
2660,8,23785614,1,-16,156,-1213,8246,,,40319,362815,3626194,39832587,476574754,,,12
2661,8,23786145,1,-16,156,-1209,8143,,,40319,362815,3626194,39832583,476574281,,,12
2662,8,23786154,1,-16,156,-1209,8125,,,40319,362815,3626194,39832583,476574299,,,12
2663,8,23786415,1,-16,157,-1245,8856,-59864,,40319,362815,3626193,39832498,476570040,6161227448,,13
2664,8,23786514,1,-16,156,-1213,8261,-51030,,40319,362815,3626194,39832587,476574739,6161420569,,13
2665,8,23814576,1,-16,156,-1213,8238,-49822,,40319,362815,3626194,39832587,476574762,6161423248,,13
2666,8,23814657,1,-16,156,-1214,8268,-50374,,40319,362815,3626194,39832588,476574876,6161430898,,13
2667,8,23814675,1,-16,157,-1249,9009,-62855,,40319,362815,3626193,39832502,476570463,6161253254,,13
2668,8,23814756,1,-16,157,-1249,9009,-62774,,40319,362815,3626193,39832502,476570463,6161253173,,13
2669,8,23814765,1,-16,156,-1213,8210,,,40319,362815,3626194,39832587,476574790,,,12
2670,8,23815476,1,-16,156,-1213,8228,-49670,,40319,362815,3626194,39832587,476574772,6161424786,,13
2671,8,23815647,1,-16,157,-1248,9047,,,40319,362815,3626193,39832501,476570281,,,12
2672,8,23815674,1,-16,156,-1216,8420,,,40319,362815,3626194,39832590,476575012,,,12
2673,8,23815746,1,-16,157,-1248,9002,-64382,,40319,362815,3626193,39832501,476570326,6161243796,,13
2674,8,23815764,1,-16,157,-1248,8990,-63406,485282,40319,362815,3626193,39832501,476570338,6161244848,85460332594,14
2675,8,23816457,1,-16,157,-1248,9015,,,40319,362815,3626193,39832501,476570313,,,12
2676,8,23816475,1,-16,157,-1248,8980,-63171,,40319,362815,3626193,39832501,476570348,6161246303,,13
2677,8,23816547,1,-16,156,-1213,8219,-49230,,40319,362815,3626194,39832587,476574781,6161425867,,13
2678,8,23816574,1,-16,157,-1248,9022,-65238,,40319,362815,3626193,39832501,476570306,6161241272,,13
2679,8,23816745,1,-16,156,-1216,8361,,,40319,362815,3626194,39832590,476575071,,,12
2680,8,23816754,1,-16,156,-1216,8369,,,40319,362815,3626194,39832590,476575063,,,12
2681,8,23817456,1,-16,156,-1216,8392,,,40319,362815,3626194,39832590,476575040,,,12
2682,8,23817465,1,-16,157,-1252,9151,,,40319,362815,3626193,39832505,476570753,,,12
2683,8,23817546,1,-16,157,-1252,9149,-66974,,40319,362815,3626193,39832505,476570755,6161270217,,13
2684,8,23817564,1,-16,156,-1217,8368,,,40319,362815,3626194,39832591,476575208,,,12
2685,8,23817645,1,-16,156,-1216,8336,,,40319,362815,3626194,39832590,476575096,,,12
2686,8,23817654,1,-16,156,-1229,8842,,,40319,362815,3626194,39832603,476576462,,,12
2687,8,23841576,1,-16,157,-1245,8822,,,40319,362815,3626193,39832498,476570074,,,12
2688,8,23841657,1,-16,157,-1245,8827,,,40319,362815,3626193,39832498,476570069,,,12
2689,8,23841675,1,-16,157,-1241,8682,-55579,,40319,362815,3626193,39832494,476569638,6161203897,,13
2690,8,23841756,1,-16,157,-1241,8688,-55993,,40319,362815,3626193,39832494,476569632,6161203297,,13
2691,8,23841765,1,-16,157,-1246,8856,,,40319,362815,3626193,39832499,476570184,,,12
2692,4,23845167,1,-16,157,-1243,8716,,,40319,362815,3626193,39832496,476569892,,,12
2693,8,23845176,1,-16,157,-1240,8619,,,40319,362815,3626193,39832493,476569557,,,12
2694,8,23845617,1,-16,157,-1250,9039,,,40319,362815,3626193,39832503,476570577,,,12
2695,8,23845716,1,-16,158,-1277,9418,,,40319,362815,3626192,39832409,476565374,,,12
2696,8,23846157,1,-16,159,-1310,10053,,,40319,362815,3626191,39832321,476560779,,,12
2697,8,23846175,1,-16,159,-1306,9907,,,40319,362815,3626191,39832317,476560349,,,12
2698,8,23846517,1,-16,157,-1240,8614,,,40319,362815,3626193,39832493,476569562,,,12
2699,8,23846715,1,-16,158,-1274,9298,,,40319,362815,3626192,39832406,476565062,,,12
2700,8,23847156,1,-16,158,-1271,9185,,,40319,362815,3626192,39832403,476564743,,,12
2701,8,23847165,1,-16,158,-1275,9320,,,40319,362815,3626192,39832407,476565184,,,12
2702,8,23847516,1,-16,159,-1314,10224,,,40319,362815,3626191,39832325,476561184,,,12
2703,8,23847615,1,-16,158,-1275,9337,,,40319,362815,3626192,39832407,476565167,,,12
2704,8,23851476,1,-16,158,-1270,9093,,,40319,362815,3626192,39832402,476564691,,,12
2705,8,23851647,1,-16,159,-1304,9808,-70970,,40319,362815,3626191,39832315,476560160,6160814026,,13
2706,8,23851674,1,-16,158,-1271,9210,-63260,,40319,362815,3626192,39832403,476564718,6160996610,,13
2707,8,23851746,1,-16,159,-1302,9669,,,40319,362815,3626191,39832313,476560011,,,12
2708,8,23851764,1,-16,158,-1265,8896,,,40319,362815,3626192,39832397,476564168,,,12
2709,4,23854167,1,-16,157,-1238,8534,,,40319,362815,3626193,39832491,476569354,,,12
2710,8,23854176,1,-16,157,-1238,8542,,,40319,362815,3626193,39832491,476569346,,,12
2711,8,23854617,1,-16,157,-1240,8638,,,40319,362815,3626193,39832493,476569538,,,12
2712,8,23854716,1,-16,158,-1273,9250,,,40319,362815,3626192,39832405,476564966,,,12
2713,8,23856147,1,-16,158,-1266,8975,,,40319,362815,3626192,39832398,476564233,,,12
2714,8,23856174,1,-16,158,-1271,9193,,,40319,362815,3626192,39832403,476564735,,,12
2715,8,23856417,1,-16,157,-1237,8519,-51964,,40319,362815,3626193,39832490,476569225,6161179157,,13
2716,8,23856714,1,-16,156,-1213,8249,-50616,,40319,362815,3626194,39832587,476574751,6161422183,,13
2717,8,23857146,1,-16,159,-1307,9940,-73977,,40319,362815,3626191,39832318,476560460,6160831229,,13
2718,8,23857164,1,-16,159,-1308,10011,,,40319,362815,3626191,39832319,476560533,,,12
2719,8,23857416,1,-16,159,-1313,10189,,,40319,362815,3626191,39832324,476561075,,,12
2720,8,23857614,1,-16,157,-1245,8865,-60524,,40319,362815,3626193,39832498,476570031,6161226587,,13
2721,8,23861457,1,-16,158,-1270,9173,,,40319,362815,3626192,39832402,476564611,,,12
2722,8,23861475,1,-16,159,-1307,9991,,,40319,362815,3626191,39832318,476560409,,,12
2723,8,23861547,1,-16,158,-1271,9208,,,40319,362815,3626192,39832403,476564720,,,12
2724,8,23861574,1,-16,159,-1308,10061,,,40319,362815,3626191,39832319,476560483,,,12
2725,8,23861745,1,-16,158,-1276,9412,-67937,,40319,362815,3626192,39832408,476565236,6161027989,,13
2726,8,23861754,1,-16,158,-1277,9459,,,40319,362815,3626192,39832409,476565333,,,12
2727,8,23864157,1,-16,159,-1307,9936,,,40319,362815,3626191,39832318,476560464,,,12
2728,8,23864175,1,-16,159,-1305,9830,,,40319,362815,3626191,39832316,476560282,,,12
2729,8,23864517,1,-16,157,-1237,8511,,,40319,362815,3626193,39832490,476569233,,,12
2730,8,23864715,1,-16,159,-1310,10048,,,40319,362815,3626191,39832321,476560784,,,12
2731,8,23865147,1,-16,158,-1270,9159,,,40319,362815,3626192,39832402,476564625,,,12
2732,8,23865174,1,-16,158,-1265,8968,,,40319,362815,3626192,39832397,476564096,,,12
2733,8,23865417,1,-16,157,-1247,8925,,,40319,362815,3626193,39832500,476570259,,,12
2734,8,23865714,1,-16,157,-1245,8896,,,40319,362815,3626193,39832498,476570000,,,12
2735,8,23867145,1,-16,156,-1209,8131,-49359,,40319,362815,3626194,39832583,476574293,6161392196,,13
2736,8,23867154,1,-16,156,-1209,8133,-49474,,40319,362815,3626194,39832583,476574291,6161391973,,13
2737,8,23867415,1,-16,157,-1245,8844,-59466,,40319,362815,3626193,39832498,476570052,6161229078,,13
2738,8,23867514,1,-16,156,-1214,8291,,,40319,362815,3626194,39832588,476574853,,,12
2739,8,23871456,1,-16,156,-1211,8194,,,40319,362815,3626194,39832585,476574518,,,12
2740,8,23871465,1,-16,156,-1206,8007,,,40319,362815,3626194,39832580,476573985,,,12
2741,8,23871546,1,-16,156,-1206,8002,-46244,,40319,362815,3626194,39832580,476573990,6161374378,,13
2742,8,23871564,1,-16,156,-1209,8133,-49454,,40319,362815,3626194,39832583,476574291,6161391953,,13
2743,8,23871645,1,-16,156,-1209,8131,-49514,,40319,362815,3626194,39832583,476574293,6161392351,,13
2744,8,23871654,1,-16,156,-1213,8190,,,40319,362815,3626194,39832587,476574810,,,12
2745,8,23874156,1,-16,157,-1239,8556,,,40319,362815,3626193,39832492,476569476,,,12
2746,8,23874165,1,-16,157,-1235,8407,,,40319,362815,3626193,39832488,476569049,,,12
2747,8,23874516,1,-16,157,-1240,8629,,,40319,362815,3626193,39832493,476569547,,,12
2748,8,23874615,1,-16,158,-1277,9415,,,40319,362815,3626192,39832409,476565377,,,12
2749,8,23875146,1,-16,158,-1275,9366,,,40319,362815,3626192,39832407,476565138,,,12
2750,8,23875164,1,-16,158,-1278,9483,-69148,,40319,362815,3626192,39832410,476565453,6161041537,,13
2751,8,23875416,1,-16,157,-1240,8603,,,40319,362815,3626193,39832493,476569573,,,12
2752,8,23875614,1,-16,156,-1213,8247,-50546,,40319,362815,3626194,39832587,476574753,6161422451,,13
2753,8,23876145,1,-16,156,-1211,8184,,,40319,362815,3626194,39832585,476574528,,,12
2754,8,23876154,1,-16,156,-1213,8243,-50338,,40319,362815,3626194,39832587,476574757,6161422919,,13
2755,8,23876415,1,-16,157,-1250,9016,-62211,,40319,362815,3626193,39832503,476570600,6161263595,,13
2756,8,23876514,1,-16,156,-1220,8478,,,40319,362815,3626194,39832594,476575530,,,12
2757,4,24136857,1,-16,156,-1232,8985,,,40319,362815,3626194,39832606,476576751,,,12
2758,8,24136875,1,-16,156,-1232,9004,,,40319,362815,3626194,39832606,476576732,,,12
2759,4,24137586,1,-16,156,-1232,8986,-66930,,40319,362815,3626194,39832606,476576750,6161545136,,13
2760,8,24137685,1,-16,156,-1232,9011,,,40319,362815,3626194,39832606,476576725,,,12
2761,8,24137856,1,-16,155,-1196,8252,,,40319,362815,3626195,39832691,476581012,,,12
2762,8,24137865,1,-16,155,-1196,8243,,,40319,362815,3626195,39832691,476581021,,,12
2763,8,24138576,1,-16,156,-1232,9002,-67781,,40319,362815,3626194,39832606,476576734,6161543283,,13
2764,8,24138657,1,-16,156,-1232,9010,,,40319,362815,3626194,39832606,476576726,,,12
2765,8,24138675,1,-16,155,-1197,8273,,,40319,362815,3626195,39832692,476581135,,,12
2766,8,24138756,1,-16,155,-1196,8246,,,40319,362815,3626195,39832691,476581018,,,12
2767,8,24156837,1,-16,159,-1312,10095,-76694,,40319,362815,3626191,39832323,476561025,6160868591,,13
2768,8,24156873,1,-16,157,-1252,9116,,,40319,362815,3626193,39832505,476570788,,,12
2769,4,24157386,1,-16,160,-1349,10830,,,40319,362815,3626190,39832239,476556906,,,12
2770,8,24157683,1,-16,157,-1253,9142,,,40319,362815,3626193,39832506,476570906,,,12
2771,8,24157836,1,-16,159,-1310,9995,,,40319,362815,3626191,39832321,476560837,,,12
2772,8,24157863,1,-16,158,-1288,9922,,,40319,362815,3626192,39832420,476566454,,,12
2773,8,24158376,1,-16,159,-1315,10135,,,40319,362815,3626191,39832326,476561417,,,12
2774,8,24158637,1,-16,160,-1348,10872,,,40319,362815,3626190,39832238,476556720,,,12
2775,8,24158673,1,-16,158,-1288,9896,,,40319,362815,3626192,39832420,476566480,,,12
2776,8,24158736,1,-16,159,-1310,10045,,,40319,362815,3626191,39832321,476560787,,,12
2777,8,24158763,1,-16,157,-1252,9115,,,40319,362815,3626193,39832505,476570789,,,12
2778,4,24163857,1,-16,159,-1320,10432,-84414,,40319,362815,3626191,39832331,476561840,6160916702,,13
2779,8,24163875,1,-16,159,-1320,10380,,,40319,362815,3626191,39832331,476561892,,,12
2780,8,24165837,1,-16,159,-1314,10174,,,40319,362815,3626191,39832325,476561234,,,12
2781,8,24165873,1,-16,157,-1252,9103,-64542,,40319,362815,3626193,39832505,476570801,6161275559,,13
2782,8,24167385,1,-16,159,-1316,10322,,,40319,362815,3626191,39832327,476561374,,,12
2783,8,24167583,1,-16,158,-1284,9748,,,40319,362815,3626192,39832416,476566052,,,12
2784,8,24167835,1,-16,158,-1288,9890,,,40319,362815,3626192,39832420,476566486,,,12
2785,8,24167853,1,-16,157,-1252,9152,,,40319,362815,3626193,39832505,476570752,,,12
2786,8,24168357,1,-16,160,-1354,11163,,,40319,362815,3626190,39832244,476557293,,,12
2787,8,24168375,1,-16,160,-1345,10734,,,40319,362815,3626190,39832235,476556426,,,12
2788,8,24168537,1,-16,160,-1346,10781,-87520,,40319,362815,3626190,39832236,476556523,6160686419,,13
2789,8,24168573,1,-16,158,-1284,9735,-75473,,40319,362815,3626192,39832416,476566065,6161078282,,13
2790,8,24168735,1,-16,158,-1276,9352,-64372,,40319,362815,3626192,39832408,476565296,6161034564,,13
2791,8,24168753,1,-16,158,-1288,9927,,,40319,362815,3626192,39832420,476566449,,,12
2792,8,24173586,1,-16,160,-1356,11165,,,40319,362815,3626190,39832246,476557579,,,12
2793,8,24173685,1,-16,160,-1354,11121,,,40319,362815,3626190,39832244,476557335,,,12
2794,8,24173856,1,-16,159,-1322,10552,,,40319,362815,3626191,39832333,476562008,,,12
2795,8,24173865,1,-16,159,-1318,10352,,,40319,362815,3626191,39832329,476561632,,,12
2796,8,24175386,1,-16,160,-1350,10891,,,40319,362815,3626190,39832240,476556989,,,12
2797,8,24175683,1,-16,158,-1284,9782,,,40319,362815,3626192,39832416,476566018,,,12
2798,8,24175836,1,-16,160,-1346,10783,,,40319,362815,3626190,39832236,476556521,,,12
2799,8,24175863,1,-16,158,-1284,9747,,,40319,362815,3626192,39832416,476566053,,,12
2800,8,24176385,1,-16,159,-1304,9725,,,40319,362815,3626191,39832315,476560243,,,12
2801,8,24176583,1,-16,157,-1252,9134,,,40319,362815,3626193,39832505,476570770,,,12
2802,8,24176835,1,-16,158,-1276,9380,-66082,,40319,362815,3626192,39832408,476565268,6161031542,,13
2803,8,24176853,1,-16,158,-1288,9931,,,40319,362815,3626192,39832420,476566445,,,12
2804,8,24178356,1,-16,158,-1278,9419,-65489,,40319,362815,3626192,39832410,476565517,6161048694,,13
2805,8,24178365,1,-16,158,-1276,9367,-65537,,40319,362815,3626192,39832408,476565281,6161033194,,13
2806,8,24178536,1,-16,159,-1316,10361,,,40319,362815,3626191,39832327,476561335,,,12
2807,8,24178563,1,-16,157,-1252,9138,,,40319,362815,3626193,39832505,476570766,,,12
2808,8,24178635,1,-16,158,-1284,9786,,,40319,362815,3626192,39832416,476566014,,,12
2809,8,24178653,1,-16,157,-1252,9122,,,40319,362815,3626193,39832505,476570782,,,12
2810,8,24183576,1,-16,158,-1282,9574,,,40319,362815,3626192,39832414,476565938,,,12
2811,8,24183657,1,-16,158,-1282,9566,-68509,,40319,362815,3626192,39832414,476565946,6161075543,,13
2812,8,24183675,1,-16,158,-1282,9609,,,40319,362815,3626192,39832414,476565903,,,12
2813,8,24183756,1,-16,158,-1282,9613,,,40319,362815,3626192,39832414,476565899,,,12
2814,8,24183765,1,-16,158,-1289,9847,,,40319,362815,3626192,39832421,476566673,,,12
2815,8,24185376,1,-16,159,-1311,10042,,,40319,362815,3626191,39832322,476560934,,,12
2816,8,24185637,1,-16,159,-1310,10079,,,40319,362815,3626191,39832321,476560753,,,12
2817,8,24185673,1,-16,157,-1252,9168,,,40319,362815,3626193,39832505,476570736,,,12
2818,8,24185736,1,-16,160,-1350,10972,,,40319,362815,3626190,39832240,476556908,,,12
2819,8,24185763,1,-16,158,-1284,9746,,,40319,362815,3626192,39832416,476566054,,,12
2820,8,24186357,1,-16,160,-1352,11081,,,40319,362815,3626190,39832242,476557087,,,12
2821,8,24186375,1,-16,160,-1353,11111,,,40319,362815,3626190,39832243,476557201,,,12
2822,8,24186537,1,-16,159,-1310,10029,,,40319,362815,3626191,39832321,476560803,,,12
2823,8,24186573,1,-16,158,-1284,9778,,,40319,362815,3626192,39832416,476566022,,,12
2824,8,24186735,1,-16,158,-1284,9735,-75385,,40319,362815,3626192,39832416,476566065,6161078194,,13
2825,8,24186753,1,-16,157,-1253,9157,,,40319,362815,3626193,39832506,476570891,,,12
2826,8,24187356,1,-16,158,-1278,9449,-67191,,40319,362815,3626192,39832410,476565487,6161045326,,13
2827,8,24187365,1,-16,158,-1276,9344,,,40319,362815,3626192,39832408,476565304,,,12
2828,8,24187536,1,-16,159,-1316,10299,,,40319,362815,3626191,39832327,476561397,,,12
2829,8,24187563,1,-16,157,-1252,9143,,,40319,362815,3626193,39832505,476570761,,,12
2830,8,24187635,1,-16,158,-1284,9693,-72962,,40319,362815,3626192,39832416,476566107,6161082869,,13
2831,8,24187653,1,-16,157,-1263,9517,,,40319,362815,3626193,39832516,476571971,,,12
2832,8,24316875,1,-16,156,-1232,9026,,,40319,362815,3626194,39832606,476576710,,,12
2833,4,24317685,1,-16,156,-1232,9030,,,40319,362815,3626194,39832606,476576706,,,12
2834,8,24317856,1,-16,155,-1196,8268,-56537,,40319,362815,3626195,39832691,476580996,6161708813,,13
2835,8,24317865,1,-16,155,-1196,8260,-56043,,40319,362815,3626195,39832691,476581004,6161709671,,13
2836,8,24318576,1,-16,156,-1232,9024,,,40319,362815,3626194,39832606,476576712,,,12
2837,4,24318657,1,-16,156,-1232,9029,,,40319,362815,3626194,39832606,476576707,,,12
2838,8,24318675,1,-16,155,-1197,8295,,,40319,362815,3626195,39832692,476581113,,,12
2839,8,24318756,1,-16,155,-1196,8263,,,40319,362815,3626195,39832691,476581001,,,12
2840,8,24356817,1,-16,156,-1225,8715,,,40319,362815,3626194,39832599,476576013,,,12
2841,8,24357816,1,-16,156,-1217,8384,,,40319,362815,3626194,39832591,476575192,,,12
2842,8,24358176,1,-16,156,-1218,8430,-54551,,40319,362815,3626194,39832592,476575290,6161456369,,13
2843,8,24358617,1,-16,157,-1257,9316,,,40319,362815,3626193,39832510,476571308,,,12
2844,8,24358716,1,-16,156,-1219,8500,,,40319,362815,3626194,39832593,476575364,,,12
2845,8,24361875,1,-16,157,-1244,8738,-55366,,40319,362815,3626193,39832497,476570014,6161230724,,13
2846,8,24365817,1,-16,156,-1227,8780,-61714,,40319,362815,3626194,39832601,476576236,6161513894,,13
2847,8,24367185,1,-16,157,-1245,8846,,,40319,362815,3626193,39832498,476570050,,,12
2848,8,24367815,1,-16,156,-1216,8374,,,40319,362815,3626194,39832590,476575058,,,12
2849,8,24368157,1,-16,158,-1278,9467,-68462,,40319,362815,3626192,39832410,476565469,6161043555,,13
2850,8,24368175,1,-16,158,-1280,9601,,,40319,362815,3626192,39832412,476565623,,,12
2851,8,24368517,1,-16,158,-1286,9776,,,40319,362815,3626192,39832418,476566312,,,12
2852,8,24368715,1,-16,156,-1212,8240,-51561,,40319,362815,3626194,39832586,476574616,6161412481,,13
2853,8,24371586,1,-16,158,-1278,9387,,,40319,362815,3626192,39832410,476565549,,,12
2854,8,24371685,1,-16,158,-1280,9523,,,40319,362815,3626192,39832412,476565701,,,12
2855,8,24371856,1,-16,157,-1245,8840,-59497,,40319,362815,3626193,39832498,476570056,6161229785,,13
2856,8,24371865,1,-16,157,-1245,8833,,,40319,362815,3626193,39832498,476570063,,,12
2857,8,24375186,1,-16,158,-1282,9592,,,40319,362815,3626192,39832414,476565920,,,12
2858,8,24375816,1,-16,158,-1286,9788,,,40319,362815,3626192,39832418,476566300,,,12
2859,8,24376185,1,-16,157,-1241,8666,,,40319,362815,3626193,39832494,476569654,,,12
2860,8,24376815,1,-16,156,-1212,8213,-49913,,40319,362815,3626194,39832586,476574643,6161415396,,13
2861,8,24378156,1,-16,156,-1209,8122,,,40319,362815,3626194,39832583,476574302,,,12
2862,8,24378165,1,-16,156,-1209,8111,,,40319,362815,3626194,39832583,476574313,,,12
2863,8,24378516,1,-16,157,-1245,8857,-60046,,40319,362815,3626193,39832498,476570039,6161227461,,13
2864,8,24378615,1,-16,156,-1212,8249,-52018,,40319,362815,3626194,39832586,476574607,6161411417,,13
2865,8,24381576,1,-16,156,-1208,8023,,,40319,362815,3626194,39832582,476574257,,,12
2866,4,24381657,1,-16,156,-1208,8007,,,40319,362815,3626194,39832582,476574273,,,12
2867,8,24381675,1,-16,156,-1212,8206,,,40319,362815,3626194,39832586,476574650,,,12
2868,8,24381756,1,-16,156,-1212,8191,,,40319,362815,3626194,39832586,476574665,,,12
2869,8,24381765,1,-16,156,-1221,8520,,,40319,362815,3626194,39832595,476575632,,,12
2870,8,24385176,1,-16,157,-1241,8645,,,40319,362815,3626193,39832494,476569675,,,12
2871,8,24385617,1,-16,157,-1246,8864,,,40319,362815,3626193,39832499,476570176,,,12
2872,8,24385716,1,-16,158,-1284,9755,,,40319,362815,3626192,39832416,476566045,,,12
2873,8,24386157,1,-16,158,-1278,9509,,,40319,362815,3626192,39832410,476565427,,,12
2874,8,24386175,1,-16,158,-1282,9703,,,40319,362815,3626192,39832414,476565809,,,12
2875,8,24386517,1,-16,157,-1246,8847,,,40319,362815,3626193,39832499,476570193,,,12
2876,8,24386715,1,-16,156,-1212,8247,-51938,,40319,362815,3626194,39832586,476574609,6161411675,,13
2877,8,24387156,1,-16,156,-1209,8129,,,40319,362815,3626194,39832583,476574295,,,12
2878,8,24387165,1,-16,156,-1211,8156,-48409,,40319,362815,3626194,39832585,476574556,6161411357,,13
2879,8,24387516,1,-16,157,-1249,9015,,,40319,362815,3626193,39832502,476570457,,,12
2880,8,24387615,1,-16,156,-1218,8463,,,40319,362815,3626194,39832592,476575257,,,12
2881,8,24516837,1,-16,159,-1312,10144,,,40319,362815,3626191,39832323,476560976,,,12
2882,8,24516873,1,-16,157,-1245,8824,,,40319,362815,3626193,39832498,476570072,,,12
2883,8,24517836,1,-16,158,-1271,9154,,,40319,362815,3626192,39832403,476564774,,,12
2884,8,24517863,1,-16,157,-1242,8735,,,40319,362815,3626193,39832495,476569729,,,12
2885,8,24518376,1,-16,158,-1274,9240,-61403,,40319,362815,3626192,39832406,476565120,6161026187,,13
2886,8,24518637,1,-16,159,-1309,10043,,,40319,362815,3626191,39832320,476560645,,,12
2887,8,24518673,1,-16,157,-1242,8724,,,40319,362815,3626193,39832495,476569740,,,12
2888,8,24518736,1,-16,158,-1270,9132,,,40319,362815,3626192,39832402,476564652,,,12
2889,8,24518763,1,-16,157,-1246,8849,,,40319,362815,3626193,39832499,476570191,,,12
2890,8,24536817,1,-16,158,-1296,10253,,,40319,362815,3626192,39832428,476567275,,,12
2891,8,24537816,1,-16,157,-1248,9007,-64436,,40319,362815,3626193,39832501,476570321,6161243005,,13
2892,8,24538176,1,-16,157,-1250,9019,,,40319,362815,3626193,39832503,476570597,,,12
2893,8,24538617,1,-16,158,-1284,9733,,,40319,362815,3626192,39832416,476566067,,,12
2894,8,24538716,1,-16,157,-1248,8990,-63477,,40319,362815,3626193,39832501,476570338,6161244919,,13
2895,8,24561837,1,-16,158,-1282,9663,-73679,,40319,362815,3626192,39832414,476565849,6161064320,,13
2896,8,24561873,1,-16,157,-1249,9009,-62949,,40319,362815,3626193,39832502,476570463,6161253348,,13
2897,8,24563817,1,-16,157,-1246,8835,,,40319,362815,3626193,39832499,476570205,,,12
2898,4,24567183,1,-16,156,-1224,8654,-58412,,40319,362815,3626194,39832598,476575930,6161495382,,13
2899,8,24567813,1,-16,155,-1200,8363,,,40319,362815,3626195,39832695,476581477,,,12
2900,8,24568137,1,-16,158,-1280,9558,,,40319,362815,3626192,39832412,476565666,,,12
2901,8,24568173,1,-16,158,-1282,9630,,,40319,362815,3626192,39832414,476565882,,,12
2902,8,24568317,1,-16,158,-1279,9519,,,40319,362815,3626192,39832411,476565561,,,12
2903,8,24568713,1,-16,156,-1227,8780,-61658,,40319,362815,3626194,39832601,476576236,6161513838,,13
2904,8,24571386,1,-16,159,-1307,9912,,,40319,362815,3626191,39832318,476560488,,,12
2905,8,24571683,1,-16,159,-1311,10118,,,40319,362815,3626191,39832322,476560858,,,12
2906,8,24571836,1,-16,159,-1306,9889,,,40319,362815,3626191,39832317,476560367,,,12
2907,8,24571863,1,-16,159,-1306,9903,,,40319,362815,3626191,39832317,476560353,,,12
2908,8,24573186,1,-16,159,-1307,9907,-72227,,40319,362815,3626191,39832318,476560493,6160835056,,13
2909,8,24573816,1,-16,159,-1303,9749,,,40319,362815,3626191,39832314,476560075,,,12
2910,8,24576183,1,-16,157,-1248,8947,,,40319,362815,3626193,39832501,476570381,,,12
2911,8,24576813,1,-16,156,-1226,8739,,,40319,362815,3626194,39832600,476576133,,,12
2912,8,24578136,1,-16,158,-1276,9358,-64482,,40319,362815,3626192,39832408,476565290,6161033660,,13
2913,8,24578163,1,-16,158,-1271,9142,,,40319,362815,3626192,39832403,476564786,,,12
2914,8,24578316,1,-16,158,-1272,9199,,,40319,362815,3626192,39832404,476564873,,,12
2915,8,24578613,1,-16,157,-1255,9201,,,40319,362815,3626193,39832508,476571135,,,12
2916,8,24581376,1,-16,158,-1270,9128,-60226,,40319,362815,3626192,39832402,476564656,6160995266,,13
2917,8,24581637,1,-16,159,-1296,9483,,,40319,362815,3626191,39832307,476559333,,,12
2918,8,24581673,1,-16,158,-1267,9034,,,40319,362815,3626192,39832399,476564318,,,12
2919,8,24581736,1,-16,159,-1299,9636,,,40319,362815,3626191,39832310,476559612,,,12
2920,8,24581763,1,-16,158,-1270,9136,,,40319,362815,3626192,39832402,476564648,,,12
2921,8,24583176,1,-16,158,-1270,9144,,,40319,362815,3626192,39832402,476564640,,,12
2922,8,24583617,1,-16,159,-1297,9437,,,40319,362815,3626191,39832308,476559523,,,12
2923,8,24583716,1,-16,159,-1302,9675,,,40319,362815,3626191,39832313,476560005,,,12
2924,8,24586137,1,-16,159,-1309,10030,-75997,,40319,362815,3626191,39832320,476560658,6160842375,,13
2925,8,24586173,1,-16,159,-1315,10276,,,40319,362815,3626191,39832326,476561276,,,12
2926,8,24586317,1,-16,159,-1309,10012,-75181,,40319,362815,3626191,39832320,476560676,6160844601,,13
2927,8,24586713,1,-16,157,-1257,9281,-67508,,40319,362815,3626193,39832510,476571343,6161309283,,13
2928,8,24587136,1,-16,158,-1270,9137,-60179,,40319,362815,3626192,39832402,476564647,6160993698,,13
2929,8,24587163,1,-16,158,-1272,9221,,,40319,362815,3626192,39832404,476564851,,,12
2930,8,24587316,1,-16,158,-1270,9198,,,40319,362815,3626192,39832402,476564586,,,12
2931,8,24587613,1,-16,156,-1222,8599,,,40319,362815,3626194,39832596,476575697,,,12
2932,8,24613875,1,-16,159,-1312,10063,,,40319,362815,3626191,39832323,476561057,,,12
2933,8,24615837,1,-16,160,-1336,10323,,,40319,362815,3626190,39832226,476555541,,,12
2934,8,24615873,1,-16,159,-1308,9955,,,40319,362815,3626191,39832319,476560589,,,12
2935,4,24617385,1,-16,159,-1309,10052,,,40319,362815,3626191,39832320,476560636,,,12
2936,8,24617583,1,-16,160,-1340,10543,,,40319,362815,3626190,39832230,476555897,,,12
2937,8,24617835,1,-16,159,-1312,10151,,,40319,362815,3626191,39832323,476560969,,,12
2938,8,24617853,1,-16,159,-1308,9981,-74794,,40319,362815,3626191,39832319,476560563,6160837285,,13
2939,4,24618357,1,-16,159,-1308,9981,-74652,,40319,362815,3626191,39832319,476560563,6160837143,,13
2940,8,24618375,1,-16,160,-1338,10455,,,40319,362815,3626190,39832228,476555697,,,12
2941,8,24618537,1,-16,160,-1330,10103,,,40319,362815,3626190,39832220,476554897,,,12
2942,8,24618573,1,-16,160,-1340,10551,-82071,,40319,362815,3626190,39832230,476555889,6160646832,,13
2943,8,24618735,1,-16,159,-1308,9986,,,40319,362815,3626191,39832319,476560558,,,12
2944,8,24618753,1,-16,159,-1308,9968,,,40319,362815,3626191,39832319,476560576,,,12
2945,8,24631875,1,-16,159,-1314,10183,,,40319,362815,3626191,39832325,476561225,,,12
2946,8,24635817,1,-16,158,-1286,9763,,,40319,362815,3626192,39832418,476566325,,,12
2947,8,24637815,1,-16,159,-1308,9995,-75856,,40319,362815,3626191,39832319,476560549,6160835981,,13
2948,8,24638157,1,-16,160,-1340,10593,,,40319,362815,3626190,39832230,476555847,,,12
2949,8,24638175,1,-16,160,-1342,10674,,,40319,362815,3626190,39832232,476556054,,,12
2950,8,24638517,1,-16,160,-1350,10979,,,40319,362815,3626190,39832240,476556901,,,12
2951,8,24638715,1,-16,159,-1308,10023,,,40319,362815,3626191,39832319,476560521,,,12
2952,8,24651837,1,-16,158,-1268,9030,,,40319,362815,3626192,39832400,476564466,,,12
2953,8,24651873,1,-16,157,-1242,8725,,,40319,362815,3626193,39832495,476569739,,,12
2954,8,24653817,1,-16,158,-1286,9789,,,40319,362815,3626192,39832418,476566299,,,12
2955,4,24657183,1,-16,157,-1253,9172,,,40319,362815,3626193,39832506,476570876,,,12
2956,8,24657813,1,-16,156,-1226,8745,,,40319,362815,3626194,39832600,476576127,,,12
2957,8,24658137,1,-16,158,-1272,9226,-62770,,40319,362815,3626192,39832404,476564846,6161005584,,13
2958,8,24658173,1,-16,158,-1278,9486,,,40319,362815,3626192,39832410,476565450,,,12
2959,8,24658317,1,-16,158,-1272,9227,,,40319,362815,3626192,39832404,476564845,,,12
2960,8,24658713,1,-16,156,-1225,8702,,,40319,362815,3626194,39832599,476576026,,,12
2961,8,24671385,1,-16,159,-1309,10033,,,40319,362815,3626191,39832320,476560655,,,12
2962,8,24671583,1,-16,159,-1299,9567,,,40319,362815,3626191,39832310,476559681,,,12
2963,8,24671835,1,-16,158,-1280,9566,-70630,,40319,362815,3626192,39832412,476565658,6161053328,,13
2964,8,24671853,1,-16,159,-1309,10012,-74967,,40319,362815,3626191,39832320,476560676,6160844387,,13
2965,8,24673185,1,-16,159,-1306,9900,,,40319,362815,3626191,39832317,476560356,,,12
2966,8,24673815,1,-16,159,-1305,9841,,,40319,362815,3626191,39832316,476560271,,,12
2967,8,24675183,1,-16,158,-1278,9492,,,40319,362815,3626192,39832410,476565444,,,12
2968,8,24675813,1,-16,158,-1296,10212,,,40319,362815,3626192,39832428,476567316,,,12
2969,8,24678135,1,-16,157,-1256,9290,,,40319,362815,3626193,39832509,476571190,,,12
2970,8,24678153,1,-16,158,-1284,9708,-73451,,40319,362815,3626192,39832416,476566092,6161080823,,13
2971,8,24678315,1,-16,158,-1287,9852,,,40319,362815,3626192,39832419,476566380,,,12
2972,8,24678513,1,-16,157,-1255,9191,,,40319,362815,3626193,39832508,476571145,,,12
2973,4,24681357,1,-16,159,-1316,10340,,,40319,362815,3626191,39832327,476561356,,,12
2974,8,24681375,1,-16,160,-1338,10483,-81003,,40319,362815,3626190,39832228,476555669,6160632920,,13
2975,8,24681537,1,-16,160,-1336,10414,,,40319,362815,3626190,39832226,476555450,,,12
2976,8,24681573,1,-16,160,-1336,10407,-79481,,40319,362815,3626190,39832226,476555457,6160619906,,13
2977,8,24681735,1,-16,160,-1345,10823,,,40319,362815,3626190,39832235,476556337,,,12
2978,8,24681753,1,-16,160,-1344,10784,,,40319,362815,3626190,39832234,476556232,,,12
2979,8,24683157,1,-16,160,-1344,10761,,,40319,362815,3626190,39832234,476556255,,,12
2980,8,24683175,1,-16,160,-1336,10449,,,40319,362815,3626190,39832226,476555415,,,12
2981,8,24683517,1,-16,160,-1344,10715,,,40319,362815,3626190,39832234,476556301,,,12
2982,8,24683715,1,-16,160,-1334,10301,-76592,,40319,362815,3626190,39832224,476555275,6160610595,,13
2983,8,24685137,1,-16,160,-1342,10682,-86759,,40319,362815,3626190,39832232,476556046,6160653717,,13
2984,8,24685173,1,-16,160,-1348,10940,,,40319,362815,3626190,39832238,476556652,,,12
2985,8,24685317,1,-16,160,-1346,10836,,,40319,362815,3626190,39832236,476556468,,,12
2986,8,24685713,1,-16,158,-1294,10128,,,40319,362815,3626192,39832426,476567112,,,12
2987,8,24687135,1,-16,158,-1286,9823,,,40319,362815,3626192,39832418,476566265,,,12
2988,8,24687153,1,-16,158,-1274,9306,-64477,,40319,362815,3626192,39832406,476565054,6161018107,,13
2989,8,24687315,1,-16,158,-1274,9300,,,40319,362815,3626192,39832406,476565060,,,12
2990,8,24687513,1,-16,158,-1290,9952,,,40319,362815,3626192,39832422,476566712,,,12
2991,8,24713586,1,-16,160,-1345,10743,,,40319,362815,3626190,39832235,476556417,,,12
2992,8,24713685,1,-16,160,-1341,10583,,,40319,362815,3626190,39832231,476556001,,,12
2993,8,24713856,1,-16,159,-1303,9715,,,40319,362815,3626191,39832314,476560109,,,12
2994,8,24713865,1,-16,159,-1303,9732,-68021,,40319,362815,3626191,39832314,476560092,6160811753,,13
2995,8,24715386,1,-16,160,-1331,10094,,,40319,362815,3626190,39832221,476555050,,,12
2996,8,24715683,1,-16,159,-1297,9535,,,40319,362815,3626191,39832308,476559425,,,12
2997,8,24715836,1,-16,160,-1321,9648,,,40319,362815,3626190,39832211,476554056,,,12
2998,8,24715863,1,-16,160,-1334,10300,,,40319,362815,3626190,39832224,476555276,,,12
2999,8,24716385,1,-16,160,-1327,9965,,,40319,362815,3626190,39832217,476554603,,,12
3000,8,24716583,1,-16,159,-1303,9776,,,40319,362815,3626191,39832314,476560048,,,12
3001,8,24716835,1,-16,160,-1336,10429,,,40319,362815,3626190,39832226,476555435,,,12
3002,8,24716853,1,-16,160,-1340,10591,-84606,,40319,362815,3626190,39832230,476555849,6160642607,,13
3003,8,24718356,1,-16,159,-1306,9871,,,40319,362815,3626191,39832317,476560385,,,12
3004,8,24718365,1,-16,159,-1303,9764,-69428,,40319,362815,3626191,39832314,476560060,6160807752,,13
3005,8,24718536,1,-16,160,-1333,10298,,,40319,362815,3626190,39832223,476555134,,,12
3006,8,24718563,1,-16,159,-1305,9884,,,40319,362815,3626191,39832316,476560228,,,12
3007,8,24718635,1,-16,160,-1341,10685,,,40319,362815,3626190,39832231,476555899,,,12
3008,8,24718653,1,-16,159,-1305,9853,,,40319,362815,3626191,39832316,476560259,,,12
3009,8,24731586,1,-16,160,-1342,10647,,,40319,362815,3626190,39832232,476556081,,,12
3010,8,24731685,1,-16,160,-1340,10591,-84813,,40319,362815,3626190,39832230,476555849,6160642814,,13
3011,8,24731856,1,-16,159,-1305,9858,,,40319,362815,3626191,39832316,476560254,,,12
3012,8,24731865,1,-16,159,-1305,9856,,,40319,362815,3626191,39832316,476560256,,,12
3013,8,24735186,1,-16,160,-1344,10687,,,40319,362815,3626190,39832234,476556329,,,12
3014,8,24735816,1,-16,160,-1338,10409,,,40319,362815,3626190,39832228,476555743,,,12
3015,8,24736185,1,-16,160,-1334,10297,,,40319,362815,3626190,39832224,476555279,,,12
3016,8,24736815,1,-16,160,-1342,10663,,,40319,362815,3626190,39832232,476556065,,,12
3017,8,24738156,1,-16,159,-1301,9715,,,40319,362815,3626191,39832312,476559821,,,12
3018,8,24738165,1,-16,159,-1301,9702,,,40319,362815,3626191,39832312,476559834,,,12
3019,8,24738516,1,-16,160,-1336,10363,,,40319,362815,3626190,39832226,476555501,,,12
3020,8,24738615,1,-16,160,-1342,10691,,,40319,362815,3626190,39832232,476556037,,,12
3021,8,24751386,1,-16,160,-1342,10655,-85717,,40319,362815,3626190,39832232,476556073,6160657238,,13
3022,8,24751683,1,-16,160,-1340,10621,,,40319,362815,3626190,39832230,476555819,,,12
3023,8,24751836,1,-16,160,-1332,10247,,,40319,362815,3626190,39832222,476555041,,,12
3024,8,24751863,1,-16,160,-1340,10587,-84147,,40319,362815,3626190,39832230,476555853,6160642824,,13
3025,8,24753186,1,-16,160,-1346,10793,,,40319,362815,3626190,39832236,476556511,,,12
3026,8,24753816,1,-16,160,-1338,10449,,,40319,362815,3626190,39832228,476555703,,,12
3027,8,24756183,1,-16,158,-1277,9448,,,40319,362815,3626192,39832409,476565344,,,12
3028,8,24756813,1,-16,158,-1293,10092,,,40319,362815,3626192,39832425,476567004,,,12
3029,8,24758136,1,-16,160,-1345,10804,,,40319,362815,3626190,39832235,476556356,,,12
3030,8,24758163,1,-16,160,-1344,10731,,,40319,362815,3626190,39832234,476556285,,,12
3031,8,24758316,1,-16,160,-1342,10684,,,40319,362815,3626190,39832232,476556044,,,12
3032,8,24758613,1,-16,158,-1294,10111,,,40319,362815,3626192,39832426,476567129,,,12
3033,8,24761385,1,-16,159,-1298,9574,,,40319,362815,3626191,39832309,476559530,,,12
3034,8,24761583,1,-16,159,-1303,9824,,,40319,362815,3626191,39832314,476560000,,,12
3035,8,24761835,1,-16,159,-1306,9924,,,40319,362815,3626191,39832317,476560332,,,12
3036,8,24761853,1,-16,159,-1301,9711,,,40319,362815,3626191,39832312,476559825,,,12
3037,8,24763185,1,-16,159,-1299,9619,,,40319,362815,3626191,39832310,476559629,,,12
3038,8,24763815,1,-16,159,-1298,9585,,,40319,362815,3626191,39832309,476559519,,,12
3039,8,24765183,1,-16,157,-1244,8813,,,40319,362815,3626193,39832497,476569939,,,12
3040,8,24765813,1,-16,156,-1221,8550,,,40319,362815,3626194,39832595,476575602,,,12
3041,8,24768135,1,-16,158,-1283,9695,,,40319,362815,3626192,39832415,476565961,,,12
3042,8,24768153,1,-16,158,-1274,9313,-64860,,40319,362815,3626192,39832406,476565047,6161017307,,13
3043,8,24768315,1,-16,158,-1274,9330,,,40319,362815,3626192,39832406,476565030,,,12
3044,8,24768513,1,-16,158,-1290,9951,,,40319,362815,3626192,39832422,476566713,,,12
3045,8,24781356,1,-16,158,-1275,9332,-64579,,40319,362815,3626192,39832407,476565172,6161025983,,13
3046,8,24781365,1,-16,158,-1273,9279,,,40319,362815,3626192,39832405,476564937,,,12
3047,8,24781536,1,-16,159,-1304,9848,,,40319,362815,3626191,39832315,476560120,,,12
3048,8,24781563,1,-16,158,-1269,9132,,,40319,362815,3626192,39832401,476564508,,,12
3049,8,24781635,1,-16,159,-1306,9945,,,40319,362815,3626191,39832317,476560311,,,12
3050,8,24781653,1,-16,158,-1271,9198,,,40319,362815,3626192,39832403,476564730,,,12
3051,8,24783156,1,-16,158,-1268,9051,,,40319,362815,3626192,39832400,476564445,,,12
3052,8,24783165,1,-16,158,-1268,9061,,,40319,362815,3626192,39832400,476564435,,,12
3053,8,24783516,1,-16,159,-1301,9662,,,40319,362815,3626191,39832312,476559874,,,12
3054,8,24783615,1,-16,159,-1301,9665,,,40319,362815,3626191,39832312,476559871,,,12
3055,8,24785136,1,-16,159,-1301,9671,,,40319,362815,3626191,39832312,476559865,,,12
3056,8,24785163,1,-16,159,-1303,9727,,,40319,362815,3626191,39832314,476560097,,,12
3057,8,24785316,1,-16,159,-1303,9765,,,40319,362815,3626191,39832314,476560059,,,12
3058,8,24785613,1,-16,157,-1252,9079,,,40319,362815,3626193,39832505,476570825,,,12
3059,8,24786135,1,-16,158,-1276,9382,,,40319,362815,3626192,39832408,476565266,,,12
3060,8,24786153,1,-16,158,-1274,9326,,,40319,362815,3626192,39832406,476565034,,,12
3061,8,24786315,1,-16,158,-1270,9161,-61882,,40319,362815,3626192,39832402,476564623,6160991345,,13
3062,8,24786513,1,-16,157,-1253,9152,,,40319,362815,3626193,39832506,476570896,,,12
3063,8,24813576,1,-16,158,-1278,9467,-68341,,40319,362815,3626192,39832410,476565469,6161043434,,13
3064,8,24813675,1,-16,158,-1274,9299,,,40319,362815,3626192,39832406,476565061,,,12
3065,8,24813756,1,-16,158,-1274,9293,,,40319,362815,3626192,39832406,476565067,,,12
3066,8,24813765,1,-16,158,-1282,9605,-70771,,40319,362815,3626192,39832414,476565907,6161071214,,13
3067,8,24815376,1,-16,159,-1304,9798,,,40319,362815,3626191,39832315,476560170,,,12
3068,8,24815637,1,-16,159,-1296,9518,,,40319,362815,3626191,39832307,476559298,,,12
3069,8,24815673,1,-16,158,-1273,9326,,,40319,362815,3626192,39832405,476564890,,,12
3070,8,24815736,1,-16,160,-1335,10388,,,40319,362815,3626190,39832225,476555332,,,12
3071,8,24815763,1,-16,158,-1264,8921,,,40319,362815,3626192,39832396,476563999,,,12
3072,8,24816375,1,-16,160,-1337,10440,,,40319,362815,3626190,39832227,476555568,,,12
3073,8,24816537,1,-16,159,-1300,9661,,,40319,362815,3626191,39832311,476559731,,,12
3074,8,24816573,1,-16,158,-1264,8929,-56677,,40319,362815,3626192,39832396,476563991,6160952340,,13
3075,8,24816735,1,-16,159,-1305,9883,-73435,,40319,362815,3626191,39832316,476560229,6160815984,,13
3076,8,24816753,1,-16,158,-1272,9244,,,40319,362815,3626192,39832404,476564828,,,12
3077,8,24817356,1,-16,159,-1304,9839,,,40319,362815,3626191,39832315,476560129,,,12
3078,8,24817365,1,-16,159,-1302,9693,,,40319,362815,3626191,39832313,476559987,,,12
3079,8,24817536,1,-16,160,-1340,10609,,,40319,362815,3626190,39832230,476555831,,,12
3080,8,24817563,1,-16,158,-1272,9243,,,40319,362815,3626192,39832404,476564829,,,12
3081,8,24817635,1,-16,159,-1304,9806,,,40319,362815,3626191,39832315,476560162,,,12
3082,8,24817653,1,-16,158,-1283,9649,,,40319,362815,3626192,39832415,476566007,,,12
3083,8,24831576,1,-16,158,-1278,9523,,,40319,362815,3626192,39832410,476565413,,,12
3084,8,24831675,1,-16,158,-1276,9453,,,40319,362815,3626192,39832408,476565195,,,12
3085,8,24831756,1,-16,158,-1276,9445,,,40319,362815,3626192,39832408,476565203,,,12
3086,8,24831765,1,-16,158,-1281,9575,,,40319,362815,3626192,39832413,476565793,,,12
3087,8,24835176,1,-16,159,-1310,10106,,,40319,362815,3626191,39832321,476560726,,,12
3088,8,24835617,1,-16,159,-1310,10049,,,40319,362815,3626191,39832321,476560783,,,12
3089,8,24835716,1,-16,160,-1344,10750,,,40319,362815,3626190,39832234,476556266,,,12
3090,4,24836157,1,-16,160,-1340,10569,-83490,,40319,362815,3626190,39832230,476555871,6160645209,,13
3091,8,24836175,1,-16,160,-1338,10530,-83957,,40319,362815,3626190,39832228,476555622,6160627931,,13
3092,8,24836517,1,-16,159,-1310,10070,,,40319,362815,3626191,39832321,476560762,,,12
3093,8,24836715,1,-16,159,-1304,9824,,,40319,362815,3626191,39832315,476560144,,,12
3094,8,24837156,1,-16,159,-1305,9874,-73025,,40319,362815,3626191,39832316,476560238,6160817095,,13
3095,8,24837165,1,-16,159,-1314,10229,,,40319,362815,3626191,39832325,476561179,,,12
3096,8,24837516,1,-16,160,-1346,10861,,,40319,362815,3626190,39832236,476556443,,,12
3097,8,24837615,1,-16,159,-1310,10071,,,40319,362815,3626191,39832321,476560761,,,12
3098,8,24851376,1,-16,159,-1303,9790,,,40319,362815,3626191,39832314,476560034,,,12
3099,8,24851637,1,-16,160,-1336,10440,,,40319,362815,3626190,39832226,476555424,,,12
3100,8,24851673,1,-16,159,-1301,9703,-68574,,40319,362815,3626191,39832312,476559833,6160792871,,13
3101,8,24851736,1,-16,160,-1326,9959,,,40319,362815,3626190,39832216,476554465,,,12
3102,8,24851763,1,-16,159,-1298,9578,,,40319,362815,3626191,39832309,476559526,,,12
3103,8,24853176,1,-16,159,-1307,9956,,,40319,362815,3626191,39832318,476560444,,,12
3104,8,24853617,1,-16,160,-1340,10564,-82992,,40319,362815,3626190,39832230,476555876,6160645556,,13
3105,8,24853716,1,-16,160,-1334,10301,-76419,,40319,362815,3626190,39832224,476555275,6160610422,,13
3106,8,24856137,1,-16,159,-1304,9836,,,40319,362815,3626191,39832315,476560132,,,12
3107,8,24856173,1,-16,159,-1307,9929,,,40319,362815,3626191,39832318,476560471,,,12
3108,8,24856317,1,-16,159,-1306,9917,,,40319,362815,3626191,39832317,476560339,,,12
3109,8,24856713,1,-16,157,-1254,9151,-64288,,40319,362815,3626193,39832507,476571041,6161291529,,13
3110,8,24857136,1,-16,160,-1339,10544,,,40319,362815,3626190,39832229,476555752,,,12
3111,8,24857163,1,-16,160,-1342,10676,,,40319,362815,3626190,39832232,476556052,,,12
3112,8,24857316,1,-16,160,-1338,10510,,,40319,362815,3626190,39832228,476555642,,,12
3113,8,24857613,1,-16,158,-1290,9961,,,40319,362815,3626192,39832422,476566703,,,12
3114,8,24861375,1,-16,160,-1330,10129,,,40319,362815,3626190,39832220,476554871,,,12
3115,8,24861537,1,-16,160,-1330,10164,,,40319,362815,3626190,39832220,476554836,,,12
3116,8,24861573,1,-16,160,-1334,10389,,,40319,362815,3626190,39832224,476555187,,,12
3117,8,24861735,1,-16,160,-1340,10569,-83003,,40319,362815,3626190,39832230,476555871,6160644722,,13
3118,8,24861753,1,-16,160,-1342,10698,,,40319,362815,3626190,39832232,476556030,,,12
3119,4,24863157,1,-16,160,-1332,10205,-73395,,40319,362815,3626190,39832222,476555083,6160599286,,13
3120,8,24863175,1,-16,160,-1331,10201,,,40319,362815,3626190,39832221,476554943,,,12
3121,8,24863517,1,-16,160,-1340,10562,,,40319,362815,3626190,39832230,476555878,,,12
3122,8,24863715,1,-16,160,-1329,10074,,,40319,362815,3626190,39832219,476554782,,,12
3123,8,24865137,1,-16,159,-1304,9851,,,40319,362815,3626191,39832315,476560117,,,12
3124,8,24865173,1,-16,159,-1302,9737,,,40319,362815,3626191,39832313,476559943,,,12
3125,8,24865317,1,-16,159,-1307,9928,,,40319,362815,3626191,39832318,476560472,,,12
3126,8,24865713,1,-16,158,-1288,9880,,,40319,362815,3626192,39832420,476566496,,,12
3127,8,24867135,1,-16,158,-1278,9461,,,40319,362815,3626192,39832410,476565475,,,12
3128,8,24867153,1,-16,158,-1274,9323,,,40319,362815,3626192,39832406,476565037,,,12
3129,8,24867315,1,-16,158,-1270,9137,-60558,,40319,362815,3626192,39832402,476564647,6160994077,,13
3130,8,24867513,1,-16,157,-1255,9240,,,40319,362815,3626193,39832508,476571096,,,12
3131,8,24871356,1,-16,158,-1271,9192,-62064,,40319,362815,3626192,39832403,476564736,6160998456,,13
3132,8,24871365,1,-16,158,-1270,9169,-62216,,40319,362815,3626192,39832402,476564615,6160990327,,13
3133,8,24871536,1,-16,159,-1302,9777,,,40319,362815,3626191,39832313,476559903,,,12
3134,8,24871563,1,-16,158,-1269,9164,,,40319,362815,3626192,39832401,476564476,,,12
3135,8,24871635,1,-16,159,-1305,9903,,,40319,362815,3626191,39832316,476560209,,,12
3136,8,24871653,1,-16,158,-1273,9243,-62161,,40319,362815,3626192,39832405,476564973,6161014270,,13
3137,8,24873156,1,-16,158,-1268,9119,,,40319,362815,3626192,39832400,476564377,,,12
3138,8,24873165,1,-16,158,-1268,9109,,,40319,362815,3626192,39832400,476564387,,,12
3139,8,24873516,1,-16,159,-1299,9594,,,40319,362815,3626191,39832310,476559654,,,12
3140,8,24873615,1,-16,159,-1299,9557,,,40319,362815,3626191,39832310,476559691,,,12
3141,8,24875136,1,-16,159,-1303,9757,,,40319,362815,3626191,39832314,476560067,,,12
3142,8,24875163,1,-16,159,-1307,9922,,,40319,362815,3626191,39832318,476560478,,,12
3143,8,24875316,1,-16,159,-1307,9940,-74001,,40319,362815,3626191,39832318,476560460,6160831253,,13
3144,8,24875613,1,-16,157,-1253,9145,,,40319,362815,3626193,39832506,476570903,,,12
3145,8,24876135,1,-16,158,-1279,9505,-68898,,40319,362815,3626192,39832411,476565575,6161049737,,13
3146,8,24876153,1,-16,158,-1281,9614,,,40319,362815,3626192,39832413,476565754,,,12
3147,8,24876315,1,-16,158,-1275,9373,,,40319,362815,3626192,39832407,476565131,,,12
3148,8,24876513,1,-16,156,-1223,8623,-58383,,40319,362815,3626194,39832597,476575817,6161488424,,13
3149,4,25136847,1,-16,160,-1349,10772,,,40319,362815,3626190,39832239,476556964,,,12
3150,8,25136874,1,-16,158,-1278,9413,,,40319,362815,3626192,39832410,476565523,,,12
3151,8,25137846,1,-16,159,-1315,10206,-78825,,40319,362815,3626191,39832326,476561346,6160888467,,13
3152,8,25137864,1,-16,158,-1282,9575,,,40319,362815,3626192,39832414,476565937,,,12
3153,8,25138476,1,-16,159,-1314,10110,,,40319,362815,3626191,39832325,476561298,,,12
3154,8,25138647,1,-16,160,-1350,10890,,,40319,362815,3626190,39832240,476556990,,,12
3155,8,25138674,1,-16,158,-1282,9603,-71170,,40319,362815,3626192,39832414,476565909,6161071951,,13
3156,8,25138746,1,-16,159,-1315,10227,-80176,,40319,362815,3626191,39832326,476561325,6160886269,,13
3157,8,25138764,1,-16,158,-1295,10110,,,40319,362815,3626192,39832427,476567274,,,12
3158,8,25146837,1,-16,160,-1346,10751,,,40319,362815,3626190,39832236,476556553,,,12
3159,8,25146873,1,-16,158,-1282,9614,,,40319,362815,3626192,39832414,476565898,,,12
3160,8,25147836,1,-16,159,-1306,9821,,,40319,362815,3626191,39832317,476560435,,,12
3161,8,25147863,1,-16,158,-1274,9276,-63410,,40319,362815,3626192,39832406,476565084,6161022110,,13
3162,8,25148376,1,-16,159,-1321,10423,,,40319,362815,3626191,39832332,476561993,,,12
3163,8,25148637,1,-16,160,-1338,10418,,,40319,362815,3626190,39832228,476555734,,,12
3164,8,25148673,1,-16,158,-1274,9272,,,40319,362815,3626192,39832406,476565088,,,12
3165,8,25148736,1,-16,159,-1303,9661,,,40319,362815,3626191,39832314,476560163,,,12
3166,8,25148763,1,-16,158,-1283,9643,,,40319,362815,3626192,39832415,476566013,,,12
3167,4,25163847,1,-16,160,-1336,10243,,,40319,362815,3626190,39832226,476555621,,,12
3168,8,25163874,1,-16,159,-1303,9680,,,40319,362815,3626191,39832314,476560144,,,12
3169,8,25164837,1,-16,160,-1344,10684,-85115,,40319,362815,3626190,39832234,476556332,6160676071,,13
3170,8,25164873,1,-16,159,-1311,10074,-76483,,40319,362815,3626191,39832322,476560902,6160859761,,13
3171,8,25167834,1,-16,157,-1248,8941,,,40319,362815,3626193,39832501,476570387,,,12
3172,8,25167843,1,-16,157,-1248,8951,,,40319,362815,3626193,39832501,476570377,,,12
3173,8,25168347,1,-16,159,-1300,9617,,,40319,362815,3626191,39832311,476559775,,,12
3174,8,25168374,1,-16,160,-1338,10493,,,40319,362815,3626190,39832228,476555659,,,12
3175,8,25168437,1,-16,159,-1298,9543,,,40319,362815,3626191,39832309,476559561,,,12
3176,8,25168473,1,-16,160,-1342,10653,,,40319,362815,3626190,39832232,476556075,,,12
3177,8,25168734,1,-16,157,-1241,8688,-56205,,40319,362815,3626193,39832494,476569632,6161203509,,13
3178,8,25168743,1,-16,157,-1241,8683,-55789,,40319,362815,3626193,39832494,476569637,6161203938,,13
3179,4,25173486,1,-16,159,-1295,9237,,,40319,362815,3626191,39832306,476559435,,,12
3180,8,25173684,1,-16,160,-1331,10111,,,40319,362815,3626190,39832221,476555033,,,12
3181,8,25173846,1,-16,160,-1345,10780,-88406,,40319,362815,3626190,39832235,476556380,6160675306,,13
3182,8,25173864,1,-16,160,-1336,10355,,,40319,362815,3626190,39832226,476555509,,,12
3183,4,25174386,1,-16,159,-1299,9476,,,40319,362815,3626191,39832310,476559772,,,12
3184,8,25174683,1,-16,160,-1345,10754,,,40319,362815,3626190,39832235,476556406,,,12
3185,8,25174836,1,-16,160,-1332,10172,,,40319,362815,3626190,39832222,476555116,,,12
3186,8,25174863,1,-16,160,-1342,10601,,,40319,362815,3626190,39832232,476556127,,,12
3187,8,25176384,1,-16,159,-1300,9614,-65565,,40319,362815,3626191,39832311,476559778,6160792735,,13
3188,8,25176483,1,-16,159,-1306,9880,-72347,,40319,362815,3626191,39832317,476560376,6160827571,,13
3189,8,25176834,1,-16,157,-1241,8692,,,40319,362815,3626193,39832494,476569628,,,12
3190,8,25176843,1,-16,157,-1241,8683,-56003,,40319,362815,3626193,39832494,476569637,6161204152,,13
3191,8,25178346,1,-16,158,-1272,9181,-60107,,40319,362815,3626192,39832404,476564891,6161010526,,13
3192,8,25178364,1,-16,159,-1304,9849,,,40319,362815,3626191,39832315,476560119,,,12
3193,8,25178436,1,-16,158,-1266,8973,-56883,,40319,362815,3626192,39832398,476564235,6160969446,,13
3194,8,25178463,1,-16,159,-1310,10042,,,40319,362815,3626191,39832321,476560790,,,12
3195,8,25178634,1,-16,157,-1241,8704,,,40319,362815,3626193,39832494,476569616,,,12
3196,8,25178643,1,-16,157,-1241,8682,-55813,,40319,362815,3626193,39832494,476569638,6161204131,,13
3197,8,25183476,1,-16,158,-1266,8890,,,40319,362815,3626192,39832398,476564318,,,12
3198,8,25183647,1,-16,160,-1340,10551,-82945,,40319,362815,3626190,39832230,476555889,6160647706,,13
3199,8,25183674,1,-16,159,-1298,9545,,,40319,362815,3626191,39832309,476559559,,,12
3200,8,25183746,1,-16,160,-1336,10369,,,40319,362815,3626190,39832226,476555495,,,12
3201,8,25183764,1,-16,159,-1305,9791,,,40319,362815,3626191,39832316,476560321,,,12
3202,8,25184376,1,-16,158,-1270,9091,,,40319,362815,3626192,39832402,476564693,,,12
3203,8,25184637,1,-16,160,-1334,10298,,,40319,362815,3626190,39832224,476555278,,,12
3204,8,25184673,1,-16,159,-1303,9721,,,40319,362815,3626191,39832314,476560103,,,12
3205,8,25184736,1,-16,160,-1340,10532,-81624,,40319,362815,3626190,39832230,476555908,6160649596,,13
3206,8,25184763,1,-16,159,-1300,9566,-62968,,40319,362815,3626191,39832311,476559826,6160798250,,13
3207,8,25186347,1,-16,159,-1298,9534,-63577,,40319,362815,3626191,39832309,476559570,6160779931,,13
3208,8,25186374,1,-16,160,-1338,10484,,,40319,362815,3626190,39832228,476555668,,,12
3209,8,25186437,1,-16,159,-1302,9731,,,40319,362815,3626191,39832313,476559949,,,12
3210,8,25186473,1,-16,160,-1340,10590,,,40319,362815,3626190,39832230,476555850,,,12
3211,8,25186734,1,-16,157,-1241,8675,,,40319,362815,3626193,39832494,476569645,,,12
3212,8,25186743,1,-16,157,-1241,8683,-55737,,40319,362815,3626193,39832494,476569637,6161203886,,13
3213,8,25187346,1,-16,158,-1270,9127,-59845,,40319,362815,3626192,39832402,476564657,6160995054,,13
3214,8,25187364,1,-16,159,-1304,9840,-72936,,40319,362815,3626191,39832315,476560128,6160810584,,13
3215,8,25187436,1,-16,158,-1266,8990,,,40319,362815,3626192,39832398,476564218,,,12
3216,8,25187463,1,-16,159,-1308,9957,,,40319,362815,3626191,39832319,476560587,,,12
3217,8,25187634,1,-16,157,-1245,8836,,,40319,362815,3626193,39832498,476570060,,,12
3218,8,25187643,1,-16,157,-1247,8880,,,40319,362815,3626193,39832500,476570304,,,12
3219,8,25316874,1,-16,158,-1280,9554,,,40319,362815,3626192,39832412,476565670,,,12
3220,8,25317846,1,-16,159,-1316,10307,,,40319,362815,3626191,39832327,476561389,,,12
3221,8,25317864,1,-16,158,-1284,9708,-73802,,40319,362815,3626192,39832416,476566092,6161081174,,13
3222,8,25318476,1,-16,159,-1312,10069,-75258,,40319,362815,3626191,39832323,476561051,6160871549,,13
3223,4,25318647,1,-16,160,-1353,11088,,,40319,362815,3626190,39832243,476557224,,,12
3224,8,25318674,1,-16,158,-1284,9736,-75506,,40319,362815,3626192,39832416,476566064,6161078146,,13
3225,8,25318746,1,-16,159,-1316,10310,-82897,,40319,362815,3626191,39832327,476561386,6160887131,,13
3226,8,25318764,1,-16,158,-1294,10083,,,40319,362815,3626192,39832426,476567157,,,12
3227,8,25346817,1,-16,158,-1296,10278,,,40319,362815,3626192,39832428,476567250,,,12
3228,8,25347816,1,-16,157,-1248,9029,,,40319,362815,3626193,39832501,476570299,,,12
3229,8,25348176,1,-16,157,-1248,8950,-61528,,40319,362815,3626193,39832501,476570378,6161249730,,13
3230,8,25348617,1,-16,158,-1284,9753,-76010,,40319,362815,3626192,39832416,476566047,6161075777,,13
3231,8,25348716,1,-16,157,-1248,9007,-64277,,40319,362815,3626193,39832501,476570321,6161242846,,13
3232,8,25361874,1,-16,159,-1310,10088,,,40319,362815,3626191,39832321,476560744,,,12
3233,8,25364817,1,-16,158,-1286,9764,,,40319,362815,3626192,39832418,476566324,,,12
3234,8,25367814,1,-16,158,-1283,9664,,,40319,362815,3626192,39832415,476565992,,,12
3235,8,25368147,1,-16,160,-1338,10491,,,40319,362815,3626190,39832228,476555661,,,12
3236,8,25368174,1,-16,160,-1344,10820,,,40319,362815,3626190,39832234,476556196,,,12
3237,8,25368417,1,-16,160,-1342,10616,,,40319,362815,3626190,39832232,476556112,,,12
3238,8,25368714,1,-16,158,-1280,9587,,,40319,362815,3626192,39832412,476565637,,,12
3239,4,25371684,1,-16,160,-1337,10393,,,40319,362815,3626190,39832227,476555615,,,12
3240,8,25371846,1,-16,160,-1336,10361,,,40319,362815,3626190,39832226,476555503,,,12
3241,8,25371864,1,-16,160,-1342,10679,,,40319,362815,3626190,39832232,476556049,,,12
3242,8,25374816,1,-16,160,-1345,10780,-88409,,40319,362815,3626190,39832235,476556380,6160675309,,13
3243,8,25376184,1,-16,159,-1310,10102,,,40319,362815,3626191,39832321,476560730,,,12
3244,8,25376814,1,-16,158,-1282,9652,,,40319,362815,3626192,39832414,476565860,,,12
3245,8,25378146,1,-16,159,-1303,9792,,,40319,362815,3626191,39832314,476560032,,,12
3246,8,25378164,1,-16,159,-1306,9928,,,40319,362815,3626191,39832317,476560328,,,12
3247,8,25378416,1,-16,159,-1297,9466,,,40319,362815,3626191,39832308,476559494,,,12
3248,8,25378614,1,-16,158,-1272,9210,,,40319,362815,3626192,39832404,476564862,,,12
3249,8,25381476,1,-16,159,-1300,9620,,,40319,362815,3626191,39832311,476559772,,,12
3250,4,25381647,1,-16,160,-1337,10421,,,40319,362815,3626190,39832227,476555587,,,12
3251,8,25381674,1,-16,159,-1304,9855,-73386,,40319,362815,3626191,39832315,476560113,6160808499,,13
3252,8,25381746,1,-16,160,-1340,10603,-85501,,40319,362815,3626190,39832230,476555837,6160641474,,13
3253,8,25381764,1,-16,159,-1315,10246,,,40319,362815,3626191,39832326,476561306,,,12
3254,8,25384176,1,-16,159,-1304,9785,,,40319,362815,3626191,39832315,476560183,,,12
3255,8,25384617,1,-16,160,-1342,10650,,,40319,362815,3626190,39832232,476556078,,,12
3256,8,25384716,1,-16,160,-1342,10659,,,40319,362815,3626190,39832232,476556069,,,12
3257,8,25386147,1,-16,160,-1331,10177,,,40319,362815,3626190,39832221,476554967,,,12
3258,8,25386174,1,-16,160,-1337,10475,,,40319,362815,3626190,39832227,476555533,,,12
3259,8,25386417,1,-16,160,-1342,10612,,,40319,362815,3626190,39832232,476556116,,,12
3260,8,25386714,1,-16,158,-1272,9223,,,40319,362815,3626192,39832404,476564849,,,12
3261,8,25387146,1,-16,159,-1302,9785,,,40319,362815,3626191,39832313,476559895,,,12
3262,8,25387164,1,-16,159,-1308,9990,,,40319,362815,3626191,39832319,476560554,,,12
3263,8,25387416,1,-16,159,-1299,9582,-65014,,40319,362815,3626191,39832310,476559666,6160785424,,13
3264,8,25387614,1,-16,158,-1282,9626,,,40319,362815,3626192,39832414,476565886,,,12
3265,8,25416837,1,-16,159,-1305,9859,,,40319,362815,3626191,39832316,476560253,,,12
3266,8,25416873,1,-16,157,-1241,8697,,,40319,362815,3626193,39832494,476569623,,,12
3267,8,25417836,1,-16,158,-1266,8973,-56762,,40319,362815,3626192,39832398,476564235,6160969325,,13
3268,8,25417863,1,-16,157,-1238,8554,,,40319,362815,3626193,39832491,476569334,,,12
3269,8,25418376,1,-16,158,-1268,8942,,,40319,362815,3626192,39832400,476564554,,,12
3270,8,25418637,1,-16,159,-1302,9730,-69047,,40319,362815,3626191,39832313,476559950,6160800949,,13
3271,8,25418673,1,-16,157,-1238,8562,,,40319,362815,3626193,39832491,476569326,,,12
3272,8,25418736,1,-16,158,-1267,9008,,,40319,362815,3626192,39832399,476564344,,,12
3273,8,25418763,1,-16,157,-1243,8709,-54559,,40319,362815,3626193,39832496,476569899,6161222650,,13
3274,8,25436817,1,-16,156,-1225,8744,,,40319,362815,3626194,39832599,476575984,,,12
3275,8,25437816,1,-16,156,-1216,8363,,,40319,362815,3626194,39832590,476575069,,,12
3276,8,25438176,1,-16,156,-1220,8490,,,40319,362815,3626194,39832594,476575518,,,12
3277,8,25438617,1,-16,157,-1256,9306,,,40319,362815,3626193,39832509,476571174,,,12
3278,8,25438716,1,-16,156,-1218,8431,,,40319,362815,3626194,39832592,476575289,,,12
3279,8,25461837,1,-16,158,-1268,9060,,,40319,362815,3626192,39832400,476564436,,,12
3280,8,25461873,1,-16,157,-1240,8652,,,40319,362815,3626193,39832493,476569524,,,12
3281,8,25463817,1,-16,158,-1284,9701,,,40319,362815,3626192,39832416,476566099,,,12
3282,8,25467813,1,-16,156,-1224,8651,,,40319,362815,3626194,39832598,476575933,,,12
3283,8,25468137,1,-16,158,-1272,9268,,,40319,362815,3626192,39832404,476564804,,,12
3284,8,25468173,1,-16,158,-1276,9435,,,40319,362815,3626192,39832408,476565213,,,12
3285,8,25468317,1,-16,158,-1272,9252,-64284,,40319,362815,3626192,39832404,476564820,6161002704,,13
3286,8,25468713,1,-16,156,-1220,8522,,,40319,362815,3626194,39832594,476575486,,,12
3287,8,25471836,1,-16,159,-1300,9659,,,40319,362815,3626191,39832311,476559733,,,12
3288,8,25471863,1,-16,159,-1305,9918,,,40319,362815,3626191,39832316,476560194,,,12
3289,8,25473816,1,-16,159,-1302,9688,,,40319,362815,3626191,39832313,476559992,,,12
3290,4,25476183,1,-16,157,-1248,8972,,,40319,362815,3626193,39832501,476570356,,,12
3291,8,25476813,1,-16,156,-1225,8714,-60666,,40319,362815,3626194,39832599,476576014,6161499664,,13
3292,8,25478136,1,-16,158,-1271,9197,,,40319,362815,3626192,39832403,476564731,,,12
3293,8,25478163,1,-16,158,-1269,9116,-60412,,40319,362815,3626192,39832401,476564524,6160985312,,13
3294,8,25478316,1,-16,158,-1269,9116,-60544,,40319,362815,3626192,39832401,476564524,6160985444,,13
3295,8,25478613,1,-16,157,-1252,9110,-64603,,40319,362815,3626193,39832505,476570794,6161274437,,13
3296,8,25481376,1,-16,158,-1268,9026,,,40319,362815,3626192,39832400,476564470,,,12
3297,8,25481637,1,-16,159,-1293,9392,,,40319,362815,3626191,39832304,476558992,,,12
3298,8,25481673,1,-16,158,-1266,9034,-59666,,40319,362815,3626192,39832398,476564174,6160961920,,13
3299,8,25481736,1,-16,159,-1298,9583,,,40319,362815,3626191,39832309,476559521,,,12
3300,8,25481763,1,-16,158,-1271,9192,-62136,,40319,362815,3626192,39832403,476564736,6160998528,,13
3301,8,25483176,1,-16,158,-1273,9259,,,40319,362815,3626192,39832405,476564957,,,12
3302,8,25483617,1,-16,159,-1307,9915,,,40319,362815,3626191,39832318,476560485,,,12
3303,8,25483716,1,-16,159,-1313,10171,,,40319,362815,3626191,39832324,476561093,,,12
3304,8,25486137,1,-16,159,-1304,9860,-73438,,40319,362815,3626191,39832315,476560108,6160807706,,13
3305,8,25486173,1,-16,159,-1308,10004,,,40319,362815,3626191,39832319,476560540,,,12
3306,8,25486317,1,-16,159,-1305,9864,-72565,,40319,362815,3626191,39832316,476560248,6160818325,,13
3307,8,25486713,1,-16,157,-1252,9113,,,40319,362815,3626193,39832505,476570791,,,12
3308,8,25487136,1,-16,158,-1271,9205,-62727,,40319,362815,3626192,39832403,476564723,6160996922,,13
3309,8,25487163,1,-16,158,-1271,9179,,,40319,362815,3626192,39832403,476564749,,,12
3310,8,25487316,1,-16,158,-1269,9114,,,40319,362815,3626192,39832401,476564526,,,12
3311,8,25487613,1,-16,156,-1220,8516,,,40319,362815,3626194,39832594,476575492,,,12
3312,8,25613874,1,-16,158,-1265,8902,,,40319,362815,3626192,39832397,476564162,,,12
3313,8,25614837,1,-16,159,-1300,9614,-65686,,40319,362815,3626191,39832311,476559778,6160792856,,13
3314,8,25614873,1,-16,158,-1265,8937,,,40319,362815,3626192,39832397,476564127,,,12
3315,8,25617834,1,-16,157,-1237,8454,,,40319,362815,3626193,39832490,476569290,,,12
3316,8,25617843,1,-16,157,-1237,8475,,,40319,362815,3626193,39832490,476569269,,,12
3317,4,25618347,1,-16,158,-1260,8672,,,40319,362815,3626192,39832392,476563672,,,12
3318,8,25618374,1,-16,159,-1294,9420,,,40319,362815,3626191,39832305,476559108,,,12
3319,8,25618437,1,-16,158,-1260,8756,,,40319,362815,3626192,39832392,476563588,,,12
3320,8,25618473,1,-16,159,-1294,9374,,,40319,362815,3626191,39832305,476559154,,,12
3321,8,25618734,1,-16,157,-1235,8437,-49792,,40319,362815,3626193,39832488,476569019,6161166507,,13
3322,8,25618743,1,-16,157,-1235,8443,,,40319,362815,3626193,39832488,476569013,,,12
3323,8,25631874,1,-16,158,-1267,8996,,,40319,362815,3626192,39832399,476564356,,,12
3324,8,25634817,1,-16,157,-1246,8857,,,40319,362815,3626193,39832499,476570183,,,12
3325,8,25637814,1,-16,158,-1266,8940,,,40319,362815,3626192,39832398,476564268,,,12
3326,8,25638147,1,-16,159,-1290,9219,,,40319,362815,3626191,39832301,476558733,,,12
3327,8,25638174,1,-16,159,-1295,9445,,,40319,362815,3626191,39832306,476559227,,,12
3328,8,25638417,1,-16,159,-1299,9562,,,40319,362815,3626191,39832310,476559686,,,12
3329,8,25638714,1,-16,158,-1265,8927,,,40319,362815,3626192,39832397,476564137,,,12
3330,8,25641837,1,-16,158,-1264,8928,,,40319,362815,3626192,39832396,476563992,,,12
3331,8,25641873,1,-16,157,-1232,8330,,,40319,362815,3626193,39832485,476568694,,,12
3332,8,25643817,1,-16,157,-1247,8896,-59476,,40319,362815,3626193,39832500,476570288,6161244636,,13
3333,8,25647813,1,-16,157,-1249,8968,-60899,,40319,362815,3626193,39832502,476570504,6161258227,,13
3334,8,25648137,1,-16,158,-1264,8914,,,40319,362815,3626192,39832396,476564006,,,12
3335,8,25648173,1,-16,158,-1264,8903,,,40319,362815,3626192,39832396,476564017,,,12
3336,8,25648317,1,-16,158,-1268,9077,,,40319,362815,3626192,39832400,476564419,,,12
3337,8,25648713,1,-16,157,-1248,8960,-61677,,40319,362815,3626193,39832501,476570368,6161248189,,13
3338,4,25671384,1,-16,158,-1275,9379,,,40319,362815,3626192,39832407,476565125,,,12
3339,8,25671483,1,-16,158,-1273,9298,,,40319,362815,3626192,39832405,476564918,,,12
3340,8,25671834,1,-16,157,-1250,9046,,,40319,362815,3626193,39832503,476570570,,,12
3341,8,25671843,1,-16,157,-1247,8918,,,40319,362815,3626193,39832500,476570266,,,12
3342,8,25673814,1,-16,158,-1273,9245,,,40319,362815,3626192,39832405,476564971,,,12
3343,4,25674183,1,-16,157,-1237,8521,,,40319,362815,3626193,39832490,476569223,,,12
3344,8,25674813,1,-16,157,-1247,8860,,,40319,362815,3626193,39832500,476570324,,,12
3345,8,25678134,1,-16,156,-1225,8685,-58993,,40319,362815,3626194,39832599,476576043,6161502892,,13
3346,8,25678143,1,-16,156,-1222,8555,-55664,,40319,362815,3626194,39832596,476575741,6161485029,,13
3347,8,25678314,1,-16,157,-1259,9373,-69959,,40319,362815,3626193,39832512,476571539,6161320522,,13
3348,8,25678413,1,-16,156,-1226,8729,,,40319,362815,3626194,39832600,476576143,,,12
3349,4,25681347,1,-16,158,-1266,8956,,,40319,362815,3626192,39832398,476564252,,,12
3350,8,25681374,1,-16,159,-1297,9585,,,40319,362815,3626191,39832308,476559375,,,12
3351,8,25681437,1,-16,158,-1266,9023,,,40319,362815,3626192,39832398,476564185,,,12
3352,8,25681473,1,-16,159,-1293,9361,,,40319,362815,3626191,39832304,476559023,,,12
3353,8,25681734,1,-16,158,-1270,9172,,,40319,362815,3626192,39832402,476564612,,,12
3354,8,25681743,1,-16,158,-1270,9186,,,40319,362815,3626192,39832402,476564598,,,12
3355,8,25683147,1,-16,159,-1301,9716,,,40319,362815,3626191,39832312,476559820,,,12
3356,8,25683174,1,-16,159,-1293,9412,,,40319,362815,3626191,39832304,476558972,,,12
3357,8,25683417,1,-16,158,-1271,9207,-63139,,40319,362815,3626192,39832403,476564721,6160996996,,13
3358,8,25683714,1,-16,159,-1297,9494,,,40319,362815,3626191,39832308,476559466,,,12
3359,8,25684137,1,-16,159,-1306,9980,,,40319,362815,3626191,39832317,476560276,,,12
3360,8,25684173,1,-16,159,-1294,9408,,,40319,362815,3626191,39832305,476559120,,,12
3361,8,25684317,1,-16,158,-1271,9213,-63170,,40319,362815,3626192,39832403,476564715,6160996013,,13
3362,8,25684713,1,-16,159,-1320,10508,,,40319,362815,3626191,39832331,476561764,,,12
3363,8,25687134,1,-16,156,-1213,8238,-50010,,40319,362815,3626194,39832587,476574762,6161423436,,13
3364,8,25687143,1,-16,156,-1213,8257,-50861,,40319,362815,3626194,39832587,476574743,6161421076,,13
3365,8,25687314,1,-16,157,-1248,8981,,,40319,362815,3626193,39832501,476570347,,,12
3366,8,25687413,1,-16,157,-1255,9244,,,40319,362815,3626193,39832508,476571092,,,12
3367,8,25713486,1,-16,159,-1299,9529,,,40319,362815,3626191,39832310,476559719,,,12
3368,8,25713684,1,-16,160,-1329,10092,,,40319,362815,3626190,39832219,476554764,,,12
3369,8,25713846,1,-16,160,-1334,10326,,,40319,362815,3626190,39832224,476555250,,,12
3370,8,25713864,1,-16,160,-1331,10193,-74552,,40319,362815,3626190,39832221,476554951,6160590303,,13
3371,8,25714386,1,-16,159,-1301,9659,,,40319,362815,3626191,39832312,476559877,,,12
3372,8,25714683,1,-16,160,-1335,10344,,,40319,362815,3626190,39832225,476555376,,,12
3373,8,25714836,1,-16,160,-1325,9911,,,40319,362815,3626190,39832215,476554369,,,12
3374,8,25714863,1,-16,160,-1325,9897,,,40319,362815,3626190,39832215,476554383,,,12
3375,8,25716384,1,-16,160,-1330,10161,,,40319,362815,3626190,39832220,476554839,,,12
3376,8,25716483,1,-16,160,-1334,10351,-79120,,40319,362815,3626190,39832224,476555225,6160604673,,13
3377,8,25716834,1,-16,159,-1307,9975,,,40319,362815,3626191,39832318,476560425,,,12
3378,8,25716843,1,-16,159,-1307,9981,,,40319,362815,3626191,39832318,476560419,,,12
3379,8,25718346,1,-16,159,-1309,10030,-75953,,40319,362815,3626191,39832320,476560658,6160842331,,13
3380,8,25718364,1,-16,160,-1335,10387,,,40319,362815,3626190,39832225,476555333,,,12
3381,8,25718436,1,-16,159,-1300,9669,,,40319,362815,3626191,39832311,476559723,,,12
3382,8,25718463,1,-16,160,-1341,10632,,,40319,362815,3626190,39832231,476555952,,,12
3383,8,25718634,1,-16,159,-1305,9893,,,40319,362815,3626191,39832316,476560219,,,12
3384,8,25718643,1,-16,159,-1305,9874,-72975,,40319,362815,3626191,39832316,476560238,6160817045,,13
3385,8,25731486,1,-16,160,-1334,10272,-74973,,40319,362815,3626190,39832224,476555304,6160613877,,13
3386,8,25731684,1,-16,160,-1326,10002,-70833,,40319,362815,3626190,39832216,476554422,6160558023,,13
3387,8,25731846,1,-16,160,-1331,10197,,,40319,362815,3626190,39832221,476554947,,,12
3388,8,25731864,1,-16,160,-1332,10255,-76574,,40319,362815,3626190,39832222,476555033,6160594015,,13
3389,8,25734186,1,-16,159,-1305,9840,,,40319,362815,3626191,39832316,476560272,,,12
3390,8,25734816,1,-16,159,-1298,9548,,,40319,362815,3626191,39832309,476559556,,,12
3391,8,25736184,1,-16,160,-1332,10222,,,40319,362815,3626190,39832222,476555066,,,12
3392,8,25736814,1,-16,160,-1340,10532,-81448,,40319,362815,3626190,39832230,476555908,6160649420,,13
3393,8,25738146,1,-16,160,-1330,10154,-73421,,40319,362815,3626190,39832220,476554846,6160583595,,13
3394,8,25738164,1,-16,160,-1328,10062,,,40319,362815,3626190,39832218,476554650,,,12
3395,8,25738416,1,-16,160,-1334,10305,,,40319,362815,3626190,39832224,476555271,,,12
3396,8,25738614,1,-16,160,-1332,10183,,,40319,362815,3626190,39832222,476555105,,,12
3397,8,25741386,1,-16,160,-1340,10575,,,40319,362815,3626190,39832230,476555865,,,12
3398,8,25741683,1,-16,160,-1334,10357,,,40319,362815,3626190,39832224,476555219,,,12
3399,8,25741836,1,-16,160,-1325,9967,,,40319,362815,3626190,39832215,476554313,,,12
3400,8,25741863,1,-16,160,-1332,10259,,,40319,362815,3626190,39832222,476555029,,,12
3401,8,25743186,1,-16,159,-1309,10029,,,40319,362815,3626191,39832320,476560659,,,12
3402,8,25743816,1,-16,159,-1302,9735,,,40319,362815,3626191,39832313,476559945,,,12
3403,8,25746183,1,-16,158,-1274,9335,,,40319,362815,3626192,39832406,476565025,,,12
3404,8,25746813,1,-16,158,-1288,9878,,,40319,362815,3626192,39832420,476566498,,,12
3405,8,25748136,1,-16,160,-1334,10341,,,40319,362815,3626190,39832224,476555235,,,12
3406,8,25748163,1,-16,160,-1332,10231,,,40319,362815,3626190,39832222,476555057,,,12
3407,8,25748316,1,-16,160,-1338,10516,-83010,,40319,362815,3626190,39832228,476555636,6160629350,,13
3408,8,25748613,1,-16,159,-1320,10470,,,40319,362815,3626191,39832331,476561802,,,12
3409,8,25761384,1,-16,158,-1268,9162,,,40319,362815,3626192,39832400,476564334,,,12
3410,8,25761483,1,-16,158,-1264,8929,-56660,,40319,362815,3626192,39832396,476563991,6160952323,,13
3411,8,25761834,1,-16,157,-1237,8517,-51592,,40319,362815,3626193,39832490,476569227,6161179123,,13
3412,8,25761843,1,-16,157,-1237,8540,,,40319,362815,3626193,39832490,476569204,,,12
3413,8,25763184,1,-16,158,-1264,8933,-56889,,40319,362815,3626192,39832396,476563987,6160951876,,13
3414,8,25763814,1,-16,158,-1264,8892,,,40319,362815,3626192,39832396,476564028,,,12
3415,8,25764183,1,-16,158,-1272,9270,,,40319,362815,3626192,39832404,476564802,,,12
3416,8,25764813,1,-16,158,-1284,9724,-74289,,40319,362815,3626192,39832416,476566076,6161078957,,13
3417,8,25768134,1,-16,156,-1214,8254,,,40319,362815,3626194,39832588,476574890,,,12
3418,8,25768143,1,-16,156,-1214,8280,,,40319,362815,3626194,39832588,476574864,,,12
3419,8,25768314,1,-16,157,-1249,9002,,,40319,362815,3626193,39832502,476570470,,,12
3420,8,25768413,1,-16,157,-1257,9328,,,40319,362815,3626193,39832510,476571296,,,12
3421,8,25781346,1,-16,158,-1279,9500,,,40319,362815,3626192,39832411,476565580,,,12
3422,8,25781364,1,-16,159,-1307,9966,,,40319,362815,3626191,39832318,476560434,,,12
3423,8,25781436,1,-16,158,-1272,9213,,,40319,362815,3626192,39832404,476564859,,,12
3424,8,25781463,1,-16,159,-1307,9930,,,40319,362815,3626191,39832318,476560470,,,12
3425,8,25781634,1,-16,158,-1269,9090,,,40319,362815,3626192,39832401,476564550,,,12
3426,8,25781643,1,-16,158,-1269,9078,,,40319,362815,3626192,39832401,476564562,,,12
3427,8,25783146,1,-16,159,-1312,10172,,,40319,362815,3626191,39832323,476560948,,,12
3428,8,25783164,1,-16,159,-1301,9703,-68772,,40319,362815,3626191,39832312,476559833,6160793069,,13
3429,8,25783416,1,-16,158,-1272,9211,,,40319,362815,3626192,39832404,476564861,,,12
3430,8,25783614,1,-16,159,-1297,9395,,,40319,362815,3626191,39832308,476559565,,,12
3431,8,25784136,1,-16,159,-1307,9962,-75089,,40319,362815,3626191,39832318,476560438,6160828623,,13
3432,8,25784163,1,-16,159,-1301,9626,,,40319,362815,3626191,39832312,476559910,,,12
3433,8,25784316,1,-16,158,-1270,9114,,,40319,362815,3626192,39832402,476564670,,,12
3434,8,25784613,1,-16,158,-1283,9610,,,40319,362815,3626192,39832415,476566046,,,12
3435,8,25786134,1,-16,157,-1249,9010,,,40319,362815,3626193,39832502,476570462,,,12
3436,8,25786143,1,-16,157,-1249,9032,,,40319,362815,3626193,39832502,476570440,,,12
3437,8,25786314,1,-16,158,-1284,9745,,,40319,362815,3626192,39832416,476566055,,,12
3438,8,25786413,1,-16,158,-1292,10059,,,40319,362815,3626192,39832424,476566893,,,12
3439,8,25813476,1,-16,158,-1266,8935,,,40319,362815,3626192,39832398,476564273,,,12
3440,8,25813674,1,-16,159,-1295,9440,-62092,,40319,362815,3626191,39832306,476559232,6160757828,,13
3441,8,25813746,1,-16,160,-1332,10246,,,40319,362815,3626190,39832222,476555042,,,12
3442,8,25813764,1,-16,159,-1302,9717,,,40319,362815,3626191,39832313,476559963,,,12
3443,8,25814376,1,-16,158,-1270,9112,,,40319,362815,3626192,39832402,476564672,,,12
3444,8,25814637,1,-16,160,-1328,10063,,,40319,362815,3626190,39832218,476554649,,,12
3445,8,25814673,1,-16,159,-1294,9376,,,40319,362815,3626191,39832305,476559152,,,12
3446,8,25814736,1,-16,160,-1332,10191,,,40319,362815,3626190,39832222,476555097,,,12
3447,8,25814763,1,-16,159,-1293,9314,,,40319,362815,3626191,39832304,476559070,,,12
3448,8,25816374,1,-16,160,-1326,9968,,,40319,362815,3626190,39832216,476554456,,,12
3449,8,25816437,1,-16,159,-1294,9403,,,40319,362815,3626191,39832305,476559125,,,12
3450,8,25816473,1,-16,160,-1328,10089,,,40319,362815,3626190,39832218,476554623,,,12
3451,8,25816734,1,-16,158,-1266,8976,,,40319,362815,3626192,39832398,476564232,,,12
3452,8,25816743,1,-16,158,-1266,8996,-57625,,40319,362815,3626192,39832398,476564212,6160966301,,13
3453,8,25817346,1,-16,159,-1298,9576,,,40319,362815,3626191,39832309,476559528,,,12
3454,8,25817364,1,-16,160,-1332,10241,,,40319,362815,3626190,39832222,476555047,,,12
3455,8,25817436,1,-16,159,-1294,9424,,,40319,362815,3626191,39832305,476559104,,,12
3456,8,25817463,1,-16,160,-1336,10397,,,40319,362815,3626190,39832226,476555467,,,12
3457,8,25817634,1,-16,158,-1270,9169,-62081,,40319,362815,3626192,39832402,476564615,6160990192,,13
3458,8,25817643,1,-16,158,-1271,9164,,,40319,362815,3626192,39832403,476564764,,,12
3459,8,25831476,1,-16,159,-1301,9683,,,40319,362815,3626191,39832312,476559853,,,12
3460,8,25831674,1,-16,159,-1293,9430,,,40319,362815,3626191,39832304,476558954,,,12
3461,8,25831746,1,-16,160,-1328,10112,,,40319,362815,3626190,39832218,476554600,,,12
3462,8,25831764,1,-16,159,-1296,9445,,,40319,362815,3626191,39832307,476559371,,,12
3463,8,25834176,1,-16,158,-1266,8988,,,40319,362815,3626192,39832398,476564220,,,12
3464,8,25834617,1,-16,159,-1299,9573,,,40319,362815,3626191,39832310,476559675,,,12
3465,8,25834716,1,-16,159,-1296,9456,,,40319,362815,3626191,39832307,476559360,,,12
3466,4,25836147,1,-16,160,-1317,9397,,,40319,362815,3626190,39832207,476553731,,,12
3467,8,25836174,1,-16,160,-1319,9645,,,40319,362815,3626190,39832209,476553771,,,11
3468,8,25836417,1,-16,160,-1334,10271,,,40319,362815,3626190,39832224,476555305,,,12
3469,8,25836714,1,-16,159,-1290,9139,,,40319,362815,3626191,39832301,476558813,,,12
3470,8,25837146,1,-16,160,-1322,9774,,,40319,362815,3626190,39832212,476554074,,,12
3471,8,25837164,1,-16,160,-1338,10483,-81151,,40319,362815,3626190,39832228,476555669,6160633068,,13
3472,8,25837416,1,-16,160,-1324,9846,,,40319,362815,3626190,39832214,476554290,,,12
3473,8,25837614,1,-16,159,-1299,9540,,,40319,362815,3626191,39832310,476559708,,,12
3474,8,25841376,1,-16,159,-1301,9654,,,40319,362815,3626191,39832312,476559882,,,12
3475,8,25841637,1,-16,160,-1322,9808,,,40319,362815,3626190,39832212,476554040,,,12
3476,8,25841673,1,-16,159,-1289,9212,,,40319,362815,3626191,39832300,476558596,,,12
3477,8,25841736,1,-16,160,-1325,9940,,,40319,362815,3626190,39832215,476554340,,,12
3478,8,25841763,1,-16,159,-1292,9337,,,40319,362815,3626191,39832303,476558903,,,12
3479,8,25843176,1,-16,158,-1270,9128,-60027,,40319,362815,3626192,39832402,476564656,6160995067,,13
3480,8,25843617,1,-16,159,-1303,9786,-71005,,40319,362815,3626191,39832314,476560038,6160805611,,13
3481,8,25843716,1,-16,159,-1298,9500,-61522,,40319,362815,3626191,39832309,476559604,6160783622,,13
3482,8,25846137,1,-16,160,-1335,10380,,,40319,362815,3626190,39832225,476555340,,,12
3483,8,25846173,1,-16,160,-1335,10358,,,40319,362815,3626190,39832225,476555362,,,12
3484,8,25846317,1,-16,160,-1342,10655,-85381,,40319,362815,3626190,39832232,476556073,6160656902,,13
3485,8,25846713,1,-16,159,-1321,10513,,,40319,362815,3626191,39832332,476561903,,,12
3486,8,25847136,1,-16,160,-1334,10303,,,40319,362815,3626190,39832224,476555273,,,12
3487,8,25847163,1,-16,160,-1335,10345,,,40319,362815,3626190,39832225,476555375,,,12
3488,8,25847316,1,-16,160,-1338,10464,,,40319,362815,3626190,39832228,476555688,,,12
3489,8,25847613,1,-16,158,-1281,9580,,,40319,362815,3626192,39832413,476565788,,,12
3490,8,25861374,1,-16,160,-1332,10314,,,40319,362815,3626190,39832222,476554974,,,12
3491,8,25861437,1,-16,159,-1301,9750,,,40319,362815,3626191,39832312,476559786,,,12
3492,8,25861473,1,-16,160,-1328,10098,-72765,,40319,362815,3626190,39832218,476554614,6160568067,,13
3493,8,25861734,1,-16,159,-1305,9855,,,40319,362815,3626191,39832316,476560257,,,12
3494,8,25861743,1,-16,159,-1305,9895,,,40319,362815,3626191,39832316,476560217,,,12
3495,4,25863147,1,-16,160,-1336,10452,,,40319,362815,3626190,39832226,476555412,,,12
3496,8,25863174,1,-16,160,-1329,10146,,,40319,362815,3626190,39832219,476554710,,,12
3497,8,25863417,1,-16,159,-1309,10079,,,40319,362815,3626191,39832320,476560609,,,12
3498,8,25863714,1,-16,160,-1333,10264,,,40319,362815,3626190,39832223,476555168,,,12
3499,8,25864137,1,-16,160,-1344,10826,,,40319,362815,3626190,39832234,476556190,,,12
3500,8,25864173,1,-16,160,-1332,10279,,,40319,362815,3626190,39832222,476555009,,,12
3501,8,25864317,1,-16,159,-1309,10028,,,40319,362815,3626191,39832320,476560660,,,12
3502,8,25864713,1,-16,160,-1356,11283,,,40319,362815,3626190,39832246,476557461,,,12
3503,8,25867134,1,-16,157,-1249,9012,,,40319,362815,3626193,39832502,476570460,,,12
3504,8,25867143,1,-16,157,-1249,9038,,,40319,362815,3626193,39832502,476570434,,,12
3505,8,25867314,1,-16,158,-1284,9751,,,40319,362815,3626192,39832416,476566049,,,12
3506,8,25867413,1,-16,158,-1292,10063,,,40319,362815,3626192,39832424,476566889,,,12
3507,8,25871346,1,-16,158,-1269,9074,,,40319,362815,3626192,39832401,476564566,,,12
3508,8,25871364,1,-16,159,-1304,9883,,,40319,362815,3626191,39832315,476560085,,,12
3509,8,25871436,1,-16,158,-1269,9161,,,40319,362815,3626192,39832401,476564479,,,12
3510,8,25871463,1,-16,159,-1300,9657,,,40319,362815,3626191,39832311,476559735,,,12
3511,8,25871634,1,-16,158,-1271,9236,,,40319,362815,3626192,39832403,476564692,,,12
3512,8,25871643,1,-16,158,-1271,9205,-62818,,40319,362815,3626192,39832403,476564723,6160997013,,13
3513,8,25873146,1,-16,159,-1304,9860,-73377,,40319,362815,3626191,39832315,476560108,6160807645,,13
3514,8,25873164,1,-16,159,-1297,9560,,,40319,362815,3626191,39832308,476559400,,,12
3515,8,25873416,1,-16,158,-1266,9011,,,40319,362815,3626192,39832398,476564197,,,12
3516,8,25873614,1,-16,159,-1296,9363,,,40319,362815,3626191,39832307,476559453,,,12
3517,8,25874136,1,-16,159,-1301,9714,,,40319,362815,3626191,39832312,476559822,,,12
3518,8,25874163,1,-16,159,-1291,9177,,,40319,362815,3626191,39832302,476558919,,,12
3519,8,25874316,1,-16,158,-1266,8989,,,40319,362815,3626192,39832398,476564219,,,12
3520,8,25874613,1,-16,159,-1321,10515,,,40319,362815,3626191,39832332,476561901,,,12
3521,8,25876134,1,-16,156,-1213,8272,,,40319,362815,3626194,39832587,476574728,,,12
3522,8,25876143,1,-16,156,-1213,8278,,,40319,362815,3626194,39832587,476574722,,,12
3523,8,25876314,1,-16,157,-1248,8990,-63406,486330,40319,362815,3626193,39832501,476570338,6161244848,85460331546,14
3524,8,25876413,1,-16,157,-1253,9126,-64121,,40319,362815,3626193,39832506,476570922,6161283419,,13
3525,8,26134875,1,-16,158,-1277,9349,,,40319,362815,3626192,39832409,476565443,,,12
3526,8,26135874,1,-16,159,-1305,9779,,,40319,362815,3626191,39832316,476560333,,,12
3527,8,26137845,1,-16,158,-1273,9243,-63058,,40319,362815,3626192,39832405,476564973,6161015167,,13
3528,8,26137854,1,-16,158,-1273,9290,,,40319,362815,3626192,39832405,476564926,,,12
3529,8,26138475,1,-16,160,-1344,10752,,,40319,362815,3626190,39832234,476556264,,,12
3530,8,26138574,1,-16,160,-1346,10835,,,40319,362815,3626190,39832236,476556469,,,12
3531,8,26138745,1,-16,158,-1273,9248,,,40319,362815,3626192,39832405,476564968,,,12
3532,8,26138754,1,-16,158,-1275,9299,-63345,,40319,362815,3626192,39832407,476565205,6161030326,,13
3533,8,26143875,1,-16,158,-1282,9534,,,40319,362815,3626192,39832414,476565978,,,12
3534,4,26145837,1,-16,159,-1300,9566,-63259,,40319,362815,3626191,39832311,476559826,6160798541,,13
3535,8,26145873,1,-16,158,-1269,9080,,,40319,362815,3626192,39832401,476564560,,,12
3536,8,26147835,1,-16,159,-1297,9456,,,40319,362815,3626191,39832308,476559504,,,12
3537,8,26147853,1,-16,159,-1299,9501,,,40319,362815,3626191,39832310,476559747,,,12
3538,8,26148375,1,-16,160,-1341,10543,,,40319,362815,3626190,39832231,476556041,,,12
3539,8,26148537,1,-16,160,-1330,10081,,,40319,362815,3626190,39832220,476554919,,,12
3540,8,26148573,1,-16,160,-1336,10349,-76763,,40319,362815,3626190,39832226,476555515,6160626990,,13
3541,8,26148735,1,-16,159,-1295,9343,,,40319,362815,3626191,39832306,476559329,,,12
3542,8,26148753,1,-16,159,-1311,10051,,,40319,362815,3626191,39832322,476560925,,,12
3543,8,26153874,1,-16,159,-1305,9781,,,40319,362815,3626191,39832316,476560331,,,12
3544,4,26154837,1,-16,159,-1313,10130,,,40319,362815,3626191,39832324,476561134,,,12
3545,8,26154873,1,-16,158,-1275,9313,,,40319,362815,3626192,39832407,476565191,,,12
3546,8,26157834,1,-16,158,-1278,9471,,,40319,362815,3626192,39832410,476565465,,,12
3547,8,26157843,1,-16,158,-1278,9441,,,40319,362815,3626192,39832410,476565495,,,12
3548,8,26158374,1,-16,160,-1332,10163,,,40319,362815,3626190,39832222,476555125,,,12
3549,8,26158437,1,-16,159,-1302,9659,,,40319,362815,3626191,39832313,476560021,,,12
3550,8,26158473,1,-16,160,-1346,10782,,,40319,362815,3626190,39832236,476556522,,,12
3551,8,26158734,1,-16,158,-1274,9313,-65237,,40319,362815,3626192,39832406,476565047,6161017684,,13
3552,8,26158743,1,-16,158,-1274,9275,-63209,,40319,362815,3626192,39832406,476565085,6161022078,,13
3553,8,26173845,1,-16,159,-1314,10226,,,40319,362815,3626191,39832325,476561182,,,12
3554,8,26173854,1,-16,159,-1302,9660,,,40319,362815,3626191,39832313,476560020,,,12
3555,8,26174835,1,-16,160,-1340,10563,,,40319,362815,3626190,39832230,476555877,,,12
3556,8,26174853,1,-16,160,-1346,10796,,,40319,362815,3626190,39832236,476556508,,,12
3557,8,26175834,1,-16,159,-1312,10170,,,40319,362815,3626191,39832323,476560950,,,12
3558,8,26175843,1,-16,159,-1314,10222,,,40319,362815,3626191,39832325,476561186,,,12
3559,8,26178345,1,-16,157,-1248,8950,-61334,,40319,362815,3626193,39832501,476570378,6161249536,,13
3560,8,26178354,1,-16,157,-1241,8718,,,40319,362815,3626193,39832494,476569602,,,12
3561,8,26178435,1,-16,157,-1241,8717,,,40319,362815,3626193,39832494,476569603,,,12
3562,8,26178453,1,-16,157,-1246,8893,,,40319,362815,3626193,39832499,476570147,,,12
3563,8,26178534,1,-16,157,-1246,8915,,,40319,362815,3626193,39832499,476570125,,,12
3564,8,26178543,1,-16,157,-1248,8960,-61793,,40319,362815,3626193,39832501,476570368,6161248305,,13
3565,8,26183475,1,-16,159,-1301,9709,,,40319,362815,3626191,39832312,476559827,,,12
3566,8,26183574,1,-16,160,-1336,10353,,,40319,362815,3626190,39832226,476555511,,,12
3567,8,26183745,1,-16,159,-1300,9608,,,40319,362815,3626191,39832311,476559784,,,12
3568,8,26183754,1,-16,159,-1302,9736,,,40319,362815,3626191,39832313,476559944,,,12
3569,8,26184375,1,-16,159,-1301,9684,,,40319,362815,3626191,39832312,476559852,,,12
3570,8,26184537,1,-16,158,-1264,8911,,,40319,362815,3626192,39832396,476564009,,,12
3571,8,26184573,1,-16,159,-1307,9945,-74333,,40319,362815,3626191,39832318,476560455,6160830740,,13
3572,8,26184735,1,-16,160,-1341,10624,,,40319,362815,3626190,39832231,476555960,,,12
3573,8,26184753,1,-16,160,-1344,10722,,,40319,362815,3626190,39832234,476556294,,,12
3574,8,26185374,1,-16,160,-1334,10272,-75007,,40319,362815,3626190,39832224,476555304,6160613911,,13
3575,8,26185437,1,-16,158,-1272,9249,,,40319,362815,3626192,39832404,476564823,,,12
3576,8,26185473,1,-16,159,-1297,9474,,,40319,362815,3626191,39832308,476559486,,,12
3577,8,26185734,1,-16,159,-1314,10238,,,40319,362815,3626191,39832325,476561170,,,12
3578,8,26185743,1,-16,159,-1316,10289,,,40319,362815,3626191,39832327,476561407,,,12
3579,8,26187345,1,-16,157,-1245,8844,-59280,,40319,362815,3626193,39832498,476570052,6161228892,,13
3580,8,26187354,1,-16,157,-1240,8699,,,40319,362815,3626193,39832493,476569477,,,12
3581,8,26187435,1,-16,157,-1240,8698,,,40319,362815,3626193,39832493,476569478,,,12
3582,8,26187453,1,-16,157,-1244,8825,-59683,,40319,362815,3626193,39832497,476569927,6161220338,,13
3583,8,26187534,1,-16,157,-1244,8825,-59660,,40319,362815,3626193,39832497,476569927,6161220315,,13
3584,8,26187543,1,-16,157,-1247,8901,,,40319,362815,3626193,39832500,476570283,,,12
3585,8,26314875,1,-16,159,-1313,10131,,,40319,362815,3626191,39832324,476561133,,,12
3586,8,26315874,1,-16,159,-1301,9644,,,40319,362815,3626191,39832312,476559892,,,12
3587,8,26317845,1,-16,158,-1273,9278,,,40319,362815,3626192,39832405,476564938,,,12
3588,8,26317854,1,-16,158,-1273,9323,,,40319,362815,3626192,39832405,476564893,,,12
3589,8,26318475,1,-16,160,-1340,10587,-84542,,40319,362815,3626190,39832230,476555853,6160643219,,13
3590,8,26318574,1,-16,160,-1344,10769,,,40319,362815,3626190,39832234,476556247,,,12
3591,8,26318745,1,-16,158,-1273,9273,,,40319,362815,3626192,39832405,476564943,,,12
3592,8,26318754,1,-16,158,-1273,9230,,,40319,362815,3626192,39832405,476564986,,,12
3593,8,26341875,1,-16,158,-1274,9230,,,40319,362815,3626192,39832406,476565130,,,12
3594,8,26345817,1,-16,157,-1245,8834,,,40319,362815,3626193,39832498,476570062,,,12
3595,8,26347815,1,-16,158,-1265,8965,,,40319,362815,3626192,39832397,476564099,,,12
3596,8,26348175,1,-16,159,-1300,9652,,,40319,362815,3626191,39832311,476559740,,,12
3597,8,26348517,1,-16,159,-1298,9496,,,40319,362815,3626191,39832309,476559608,,,12
3598,8,26348715,1,-16,158,-1265,8962,,,40319,362815,3626192,39832397,476564102,,,12
3599,8,26351874,1,-16,159,-1302,9749,-70346,,40319,362815,3626191,39832313,476559931,6160799037,,13
3600,8,26354817,1,-16,158,-1284,9736,-75154,,40319,362815,3626192,39832416,476566064,6161077794,,13
3601,8,26357814,1,-16,159,-1308,9982,,,40319,362815,3626191,39832319,476560562,,,12
3602,8,26358174,1,-16,160,-1332,10296,,,40319,362815,3626190,39832222,476554992,,,12
3603,8,26358417,1,-16,160,-1336,10402,,,40319,362815,3626190,39832226,476555462,,,12
3604,8,26358714,1,-16,159,-1308,10034,,,40319,362815,3626191,39832319,476560510,,,12
3605,8,26371845,1,-16,159,-1299,9599,,,40319,362815,3626191,39832310,476559649,,,12
3606,8,26371854,1,-16,159,-1299,9647,-68590,,40319,362815,3626191,39832310,476559601,6160778015,,13
3607,8,26374815,1,-16,160,-1339,10526,,,40319,362815,3626190,39832229,476555770,,,12
3608,8,26375814,1,-16,160,-1342,10645,,,40319,362815,3626190,39832232,476556083,,,12
3609,8,26378145,1,-16,158,-1266,9000,,,40319,362815,3626192,39832398,476564208,,,12
3610,8,26378154,1,-16,158,-1266,9036,,,40319,362815,3626192,39832398,476564172,,,12
3611,8,26378415,1,-16,159,-1297,9489,,,40319,362815,3626191,39832308,476559471,,,12
3612,8,26378514,1,-16,159,-1302,9756,-70779,,40319,362815,3626191,39832313,476559924,6160798287,,13
3613,8,26381475,1,-16,160,-1328,10098,-73099,,40319,362815,3626190,39832218,476554614,6160568401,,13
3614,8,26381574,1,-16,160,-1328,10098,-73212,,40319,362815,3626190,39832218,476554614,6160568514,,13
3615,8,26381745,1,-16,159,-1297,9532,,,40319,362815,3626191,39832308,476559428,,,12
3616,8,26381754,1,-16,159,-1297,9488,,,40319,362815,3626191,39832308,476559472,,,12
3617,8,26384175,1,-16,160,-1326,9979,,,40319,362815,3626190,39832216,476554445,,,12
3618,8,26384517,1,-16,159,-1304,9826,,,40319,362815,3626191,39832315,476560142,,,12
3619,8,26384715,1,-16,160,-1328,10052,,,40319,362815,3626190,39832218,476554660,,,12
3620,8,26385174,1,-16,160,-1318,9561,,,40319,362815,3626190,39832208,476553711,,,12
3621,8,26385417,1,-16,159,-1293,9320,,,40319,362815,3626191,39832304,476559064,,,12
3622,8,26385714,1,-16,160,-1338,10500,,,40319,362815,3626190,39832228,476555652,,,12
3623,8,26387145,1,-16,158,-1265,8985,,,40319,362815,3626192,39832397,476564079,,,12
3624,8,26387154,1,-16,158,-1265,8975,,,40319,362815,3626192,39832397,476564089,,,12
3625,8,26387415,1,-16,159,-1299,9596,,,40319,362815,3626191,39832310,476559652,,,12
3626,8,26387514,1,-16,159,-1302,9730,-69261,,40319,362815,3626191,39832313,476559950,6160801163,,13
3627,8,26413875,1,-16,159,-1316,10231,,,40319,362815,3626191,39832327,476561465,,,12
3628,8,26415873,1,-16,159,-1300,9658,,,40319,362815,3626191,39832311,476559734,,,12
3629,8,26417835,1,-16,159,-1296,9496,,,40319,362815,3626191,39832307,476559320,,,12
3630,8,26417853,1,-16,159,-1298,9558,,,40319,362815,3626191,39832309,476559546,,,12
3631,8,26418375,1,-16,160,-1328,10006,,,40319,362815,3626190,39832218,476554706,,,12
3632,4,26418537,1,-16,160,-1325,9894,,,40319,362815,3626190,39832215,476554386,,,12
3633,8,26418573,1,-16,160,-1332,10239,,,40319,362815,3626190,39832222,476555049,,,12
3634,8,26418735,1,-16,159,-1297,9529,,,40319,362815,3626191,39832308,476559431,,,12
3635,8,26418753,1,-16,159,-1305,9818,-69902,,40319,362815,3626191,39832316,476560294,6160823436,,13
3636,8,26431875,1,-16,158,-1281,9516,-67183,,40319,362815,3626192,39832413,476565852,6161070499,,13
3637,8,26435817,1,-16,158,-1284,9743,-75535,,40319,362815,3626192,39832416,476566057,6161076992,,13
3638,8,26437815,1,-16,158,-1271,9187,-61789,,40319,362815,3626192,39832403,476564741,6160999026,,13
3639,8,26438175,1,-16,159,-1311,10099,,,40319,362815,3626191,39832322,476560877,,,12
3640,8,26438517,1,-16,159,-1300,9587,,,40319,362815,3626191,39832311,476559805,,,12
3641,8,26438715,1,-16,158,-1273,9253,,,40319,362815,3626192,39832405,476564963,,,12
3642,8,26451873,1,-16,157,-1232,8335,,,40319,362815,3626193,39832485,476568689,,,12
3643,8,26453817,1,-16,157,-1249,8963,,,40319,362815,3626193,39832502,476570509,,,12
3644,8,26457813,1,-16,157,-1249,8961,,,40319,362815,3626193,39832502,476570511,,,12
3645,8,26458137,1,-16,158,-1264,8908,,,40319,362815,3626192,39832396,476564012,,,12
3646,8,26458173,1,-16,158,-1264,8902,,,40319,362815,3626192,39832396,476564018,,,12
3647,8,26458317,1,-16,158,-1268,9086,,,40319,362815,3626192,39832400,476564410,,,12
3648,8,26458713,1,-16,157,-1248,8960,-61652,,40319,362815,3626193,39832501,476570368,6161248164,,13
3649,8,26471835,1,-16,160,-1340,10623,,,40319,362815,3626190,39832230,476555817,,,12
3650,8,26471853,1,-16,160,-1334,10339,-78357,,40319,362815,3626190,39832224,476555237,6160605938,,13
3651,8,26473815,1,-16,160,-1334,10336,,,40319,362815,3626190,39832224,476555240,,,12
3652,8,26475813,1,-16,158,-1290,9963,,,40319,362815,3626192,39832422,476566701,,,12
3653,8,26478135,1,-16,159,-1309,10037,,,40319,362815,3626191,39832320,476560651,,,12
3654,8,26478153,1,-16,159,-1302,9708,,,40319,362815,3626191,39832313,476559972,,,12
3655,8,26478315,1,-16,159,-1301,9689,,,40319,362815,3626191,39832312,476559847,,,12
3656,8,26478513,1,-16,159,-1320,10456,,,40319,362815,3626191,39832331,476561816,,,12
3657,8,26481375,1,-16,160,-1330,10153,,,40319,362815,3626190,39832220,476554847,,,12
3658,4,26481537,1,-16,160,-1325,9920,,,40319,362815,3626190,39832215,476554360,,,12
3659,8,26481573,1,-16,160,-1326,10006,-70545,,40319,362815,3626190,39832216,476554418,6160557059,,13
3660,8,26481735,1,-16,160,-1329,10083,,,40319,362815,3626190,39832219,476554773,,,12
3661,8,26481753,1,-16,160,-1339,10561,,,40319,362815,3626190,39832229,476555735,,,12
3662,8,26483175,1,-16,160,-1332,10267,,,40319,362815,3626190,39832222,476555021,,,12
3663,8,26483517,1,-16,160,-1332,10190,,,40319,362815,3626190,39832222,476555098,,,12
3664,8,26483715,1,-16,160,-1337,10439,,,40319,362815,3626190,39832227,476555569,,,12
3665,8,26485137,1,-16,160,-1334,10304,,,40319,362815,3626190,39832224,476555272,,,12
3666,8,26485173,1,-16,160,-1336,10417,,,40319,362815,3626190,39832226,476555447,,,12
3667,8,26485317,1,-16,160,-1344,10758,,,40319,362815,3626190,39832234,476556258,,,12
3668,8,26485713,1,-16,159,-1319,10417,,,40319,362815,3626191,39832330,476561711,,,12
3669,8,26487135,1,-16,159,-1308,9992,-75541,,40319,362815,3626191,39832319,476560552,6160836173,,13
3670,8,26487153,1,-16,159,-1304,9792,,,40319,362815,3626191,39832315,476560176,,,12
3671,8,26487315,1,-16,159,-1301,9687,,,40319,362815,3626191,39832312,476559849,,,12
3672,8,26487513,1,-16,158,-1281,9527,,,40319,362815,3626192,39832413,476565841,,,12
3673,8,26513874,1,-16,158,-1263,8802,,,40319,362815,3626192,39832395,476563974,,,12
3674,8,26514873,1,-16,158,-1267,9000,,,40319,362815,3626192,39832399,476564352,,,12
3675,8,26517834,1,-16,157,-1235,8479,,,40319,362815,3626193,39832488,476568977,,,12
3676,8,26517843,1,-16,157,-1235,8478,,,40319,362815,3626193,39832488,476568978,,,12
3677,8,26518374,1,-16,159,-1294,9467,,,40319,362815,3626191,39832305,476559061,,,12
3678,4,26518437,1,-16,158,-1260,8771,,,40319,362815,3626192,39832392,476563573,,,12
3679,8,26518473,1,-16,159,-1296,9492,,,40319,362815,3626191,39832307,476559324,,,12
3680,8,26518734,1,-16,157,-1235,8455,,,40319,362815,3626193,39832488,476569001,,,12
3681,8,26518743,1,-16,157,-1235,8460,,,40319,362815,3626193,39832488,476568996,,,12
3682,8,26531874,1,-16,158,-1270,9117,,,40319,362815,3626192,39832402,476564667,,,12
3683,8,26534817,1,-16,157,-1247,8915,,,40319,362815,3626193,39832500,476570269,,,12
3684,8,26537814,1,-16,158,-1271,9207,-63153,,40319,362815,3626192,39832403,476564721,6160997010,,13
3685,8,26538174,1,-16,159,-1298,9534,-63319,,40319,362815,3626191,39832309,476559570,6160779673,,13
3686,8,26538417,1,-16,159,-1301,9669,,,40319,362815,3626191,39832312,476559867,,,12
3687,8,26538714,1,-16,158,-1271,9187,-62307,,40319,362815,3626192,39832403,476564741,6160999544,,13
3688,8,26541873,1,-16,157,-1242,8760,,,40319,362815,3626193,39832495,476569704,,,12
3689,8,26543817,1,-16,156,-1227,8785,,,40319,362815,3626194,39832601,476576231,,,12
3690,8,26547813,1,-16,156,-1220,8548,,,40319,362815,3626194,39832594,476575460,,,12
3691,8,26548137,1,-16,158,-1275,9378,,,40319,362815,3626192,39832407,476565126,,,12
3692,8,26548173,1,-16,158,-1277,9477,,,40319,362815,3626192,39832409,476565315,,,12
3693,8,26548317,1,-16,158,-1280,9553,,,40319,362815,3626192,39832412,476565671,,,12
3694,8,26548713,1,-16,156,-1220,8541,,,40319,362815,3626194,39832594,476575467,,,12
3695,8,26571834,1,-16,157,-1237,8509,,,40319,362815,3626193,39832490,476569235,,,12
3696,8,26571843,1,-16,157,-1237,8545,,,40319,362815,3626193,39832490,476569199,,,12
3697,8,26573814,1,-16,158,-1264,8897,,,40319,362815,3626192,39832396,476564023,,,12
3698,8,26574813,1,-16,158,-1284,9724,-74329,,40319,362815,3626192,39832416,476566076,6161078997,,13
3699,8,26578134,1,-16,156,-1213,8251,-50698,,40319,362815,3626194,39832587,476574749,6161421927,,13
3700,8,26578143,1,-16,156,-1213,8273,,,40319,362815,3626194,39832587,476574727,,,12
3701,8,26578314,1,-16,157,-1248,8988,,,40319,362815,3626193,39832501,476570340,,,12
3702,8,26578413,1,-16,157,-1255,9251,,,40319,362815,3626193,39832508,476571085,,,12
3703,8,26581374,1,-16,159,-1297,9613,,,40319,362815,3626191,39832308,476559347,,,12
3704,4,26581437,1,-16,158,-1266,9034,-60008,,40319,362815,3626192,39832398,476564174,6160962262,,13
3705,8,26581473,1,-16,159,-1295,9467,,,40319,362815,3626191,39832306,476559205,,,12
3706,8,26581734,1,-16,158,-1270,9182,,,40319,362815,3626192,39832402,476564602,,,12
3707,8,26581743,1,-16,158,-1270,9191,,,40319,362815,3626192,39832402,476564593,,,12
3708,8,26583174,1,-16,159,-1293,9427,,,40319,362815,3626191,39832304,476558957,,,12
3709,8,26583417,1,-16,158,-1269,9136,,,40319,362815,3626192,39832401,476564504,,,12
3710,8,26583714,1,-16,159,-1298,9513,,,40319,362815,3626191,39832309,476559591,,,12
3711,8,26584137,1,-16,159,-1304,9840,-72274,,40319,362815,3626191,39832315,476560128,6160809922,,13
3712,8,26584173,1,-16,159,-1294,9390,,,40319,362815,3626191,39832305,476559138,,,12
3713,8,26584317,1,-16,158,-1271,9165,,,40319,362815,3626192,39832403,476564763,,,12
3714,8,26584713,1,-16,158,-1281,9578,-70264,,40319,362815,3626192,39832413,476565790,6161063102,,13
3715,8,26587134,1,-16,156,-1213,8247,-50439,,40319,362815,3626194,39832587,476574753,6161422344,,13
3716,8,26587143,1,-16,156,-1213,8266,,,40319,362815,3626194,39832587,476574734,,,12
3717,8,26587314,1,-16,157,-1248,8989,,,40319,362815,3626193,39832501,476570339,,,12
3718,8,26587413,1,-16,157,-1254,9198,,,40319,362815,3626193,39832507,476570994,,,12
3719,4,26713485,1,-16,158,-1266,8977,-56973,,40319,362815,3626192,39832398,476564231,6160968860,,13
3720,8,26713584,1,-16,159,-1302,9780,,,40319,362815,3626191,39832313,476559900,,,12
3721,8,26713845,1,-16,158,-1268,9079,,,40319,362815,3626192,39832400,476564417,,,12
3722,8,26713854,1,-16,158,-1266,9032,,,40319,362815,3626192,39832398,476564176,,,12
3723,4,26714385,1,-16,158,-1266,9017,-59203,,40319,362815,3626192,39832398,476564191,6160964330,,13
3724,8,26714583,1,-16,158,-1266,9002,-58165,,40319,362815,3626192,39832398,476564206,6160965827,,13
3725,8,26714835,1,-16,159,-1297,9543,,,40319,362815,3626191,39832308,476559417,,,12
3726,8,26714853,1,-16,159,-1300,9670,,,40319,362815,3626191,39832311,476559722,,,12
3727,8,26715384,1,-16,159,-1301,9761,-72185,,40319,362815,3626191,39832312,476559775,6160786680,,13
3728,8,26715483,1,-16,158,-1266,9014,,,40319,362815,3626192,39832398,476564194,,,12
3729,8,26715834,1,-16,158,-1266,8994,,,40319,362815,3626192,39832398,476564214,,,12
3730,8,26715843,1,-16,158,-1267,9001,,,40319,362815,3626192,39832399,476564351,,,12
3731,8,26718345,1,-16,157,-1246,8855,,,40319,362815,3626193,39832499,476570185,,,12
3732,8,26718354,1,-16,157,-1237,8496,,,40319,362815,3626193,39832490,476569248,,,12
3733,8,26718435,1,-16,157,-1237,8517,-51703,,40319,362815,3626193,39832490,476569227,6161179234,,13
3734,8,26718453,1,-16,157,-1242,8732,,,40319,362815,3626193,39832495,476569732,,,12
3735,8,26718534,1,-16,157,-1242,8753,,,40319,362815,3626193,39832495,476569711,,,12
3736,8,26718543,1,-16,157,-1243,8749,,,40319,362815,3626193,39832496,476569859,,,12
3737,4,26731584,1,-16,159,-1294,9442,,,40319,362815,3626191,39832305,476559086,,,12
3738,8,26731845,1,-16,158,-1265,8961,,,40319,362815,3626192,39832397,476564103,,,12
3739,8,26731854,1,-16,158,-1263,8897,,,40319,362815,3626192,39832395,476563879,,,12
3740,8,26734815,1,-16,158,-1262,8842,-54886,,40319,362815,3626192,39832394,476563790,6160940916,,13
3741,8,26735184,1,-16,159,-1297,9592,,,40319,362815,3626191,39832308,476559368,,,12
3742,8,26735814,1,-16,159,-1298,9572,,,40319,362815,3626191,39832309,476559532,,,12
3743,8,26738145,1,-16,158,-1264,8905,,,40319,362815,3626192,39832396,476564015,,,12
3744,8,26738154,1,-16,158,-1262,8837,,,40319,362815,3626192,39832394,476563795,,,12
3745,8,26738415,1,-16,159,-1305,9852,,,40319,362815,3626191,39832316,476560260,,,12
3746,8,26738514,1,-16,159,-1302,9730,-69408,,40319,362815,3626191,39832313,476559950,6160801310,,13
3747,8,26741835,1,-16,159,-1292,9354,,,40319,362815,3626191,39832303,476558886,,,12
3748,8,26741853,1,-16,159,-1295,9466,,,40319,362815,3626191,39832306,476559206,,,12
3749,8,26743815,1,-16,158,-1262,8842,-54759,,40319,362815,3626192,39832394,476563790,6160940789,,13
3750,4,26745183,1,-16,157,-1236,8513,,,40319,362815,3626193,39832489,476569087,,,12
3751,8,26745813,1,-16,157,-1246,8879,,,40319,362815,3626193,39832499,476570161,,,12
3752,8,26748135,1,-16,159,-1300,9634,,,40319,362815,3626191,39832311,476559758,,,12
3753,8,26748153,1,-16,159,-1298,9525,,,40319,362815,3626191,39832309,476559579,,,12
3754,8,26748315,1,-16,159,-1301,9705,,,40319,362815,3626191,39832312,476559831,,,12
3755,8,26748513,1,-16,158,-1281,9544,,,40319,362815,3626192,39832413,476565824,,,12
3756,4,26751384,1,-16,158,-1268,9195,,,40319,362815,3626192,39832400,476564301,,,12
3757,8,26751483,1,-16,158,-1268,9149,,,40319,362815,3626192,39832400,476564347,,,12
3758,8,26751834,1,-16,157,-1232,8366,,,40319,362815,3626193,39832485,476568658,,,12
3759,8,26751843,1,-16,157,-1232,8369,,,40319,362815,3626193,39832485,476568655,,,12
3760,8,26753814,1,-16,158,-1264,8899,,,40319,362815,3626192,39832396,476564021,,,12
3761,4,26754183,1,-16,157,-1236,8528,,,40319,362815,3626193,39832489,476569072,,,12
3762,8,26754813,1,-16,157,-1247,8941,,,40319,362815,3626193,39832500,476570243,,,12
3763,8,26758134,1,-16,157,-1248,9008,-64244,,40319,362815,3626193,39832501,476570320,6161242644,,13
3764,8,26758143,1,-16,157,-1248,9022,-65040,,40319,362815,3626193,39832501,476570306,6161241074,,13
3765,8,26758314,1,-16,158,-1284,9775,,,40319,362815,3626192,39832416,476566025,,,12
3766,8,26758413,1,-16,158,-1292,10079,,,40319,362815,3626192,39832424,476566873,,,12
3767,8,26781345,1,-16,156,-1221,8569,,,40319,362815,3626194,39832595,476575583,,,12
3768,8,26781354,1,-16,156,-1213,8243,-50351,,40319,362815,3626194,39832587,476574757,6161422932,,13
3769,8,26781435,1,-16,156,-1213,8242,,,40319,362815,3626194,39832587,476574758,,,12
3770,8,26781453,1,-16,156,-1213,8243,-50494,,40319,362815,3626194,39832587,476574757,6161423075,,13
3771,8,26781534,1,-16,156,-1213,8255,-51081,,40319,362815,3626194,39832587,476574745,6161421634,,13
3772,8,26781543,1,-16,156,-1218,8462,,,40319,362815,3626194,39832592,476575258,,,12
3773,8,26783145,1,-16,157,-1250,9033,-63112,,40319,362815,3626193,39832503,476570583,6161261623,,13
3774,8,26783154,1,-16,157,-1246,8872,-59312,,40319,362815,3626193,39832499,476570168,6161236360,,13
3775,8,26783415,1,-16,157,-1247,8898,,,40319,362815,3626193,39832500,476570286,,,12
3776,8,26783514,1,-16,158,-1287,9839,,,40319,362815,3626192,39832419,476566393,,,12
3777,8,26784135,1,-16,158,-1284,9723,,,40319,362815,3626192,39832416,476566077,,,12
3778,8,26784153,1,-16,158,-1286,9795,,,40319,362815,3626192,39832418,476566293,,,12
3779,8,26784315,1,-16,157,-1247,8916,,,40319,362815,3626193,39832500,476570268,,,12
3780,8,26784513,1,-16,156,-1224,8671,,,40319,362815,3626194,39832598,476575913,,,12
3781,8,26785134,1,-16,156,-1218,8442,,,40319,362815,3626194,39832592,476575278,,,12
3782,8,26785143,1,-16,156,-1216,8358,,,40319,362815,3626194,39832590,476575074,,,12
3783,8,26785314,1,-16,157,-1256,9297,,,40319,362815,3626193,39832509,476571183,,,12
3784,8,26785413,1,-16,156,-1224,8695,,,40319,362815,3626194,39832598,476575889,,,12
3785,8,26813475,1,-16,159,-1304,9860,-73332,,40319,362815,3626191,39832315,476560108,6160807600,,13
3786,8,26813574,1,-16,160,-1340,10603,-85079,,40319,362815,3626190,39832230,476555837,6160641052,,13
3787,8,26813745,1,-16,159,-1300,9666,,,40319,362815,3626191,39832311,476559726,,,12
3788,8,26813754,1,-16,159,-1302,9771,-71274,,40319,362815,3626191,39832313,476559909,6160796247,,13
3789,8,26814375,1,-16,159,-1304,9846,,,40319,362815,3626191,39832315,476560122,,,12
3790,8,26814573,1,-16,159,-1302,9764,-70649,,40319,362815,3626191,39832313,476559916,6160796805,,13
3791,8,26814735,1,-16,160,-1337,10469,,,40319,362815,3626190,39832227,476555539,,,12
3792,8,26814753,1,-16,160,-1340,10586,-84091,,40319,362815,3626190,39832230,476555854,6160642937,,13
3793,8,26815374,1,-16,160,-1334,10325,,,40319,362815,3626190,39832224,476555251,,,12
3794,8,26815473,1,-16,159,-1296,9486,,,40319,362815,3626191,39832307,476559330,,,12
3795,8,26815734,1,-16,159,-1306,9915,,,40319,362815,3626191,39832317,476560341,,,12
3796,8,26815743,1,-16,159,-1308,9967,,,40319,362815,3626191,39832319,476560577,,,12
3797,8,26817345,1,-16,158,-1277,9457,,,40319,362815,3626192,39832409,476565335,,,12
3798,8,26817354,1,-16,158,-1272,9299,,,40319,362815,3626192,39832404,476564773,,,12
3799,8,26817435,1,-16,158,-1272,9302,,,40319,362815,3626192,39832404,476564770,,,12
3800,8,26817453,1,-16,158,-1276,9448,,,40319,362815,3626192,39832408,476565200,,,12
3801,8,26817534,1,-16,158,-1276,9459,,,40319,362815,3626192,39832408,476565189,,,12
3802,8,26817543,1,-16,158,-1278,9475,,,40319,362815,3626192,39832410,476565461,,,12
3803,8,26831475,1,-16,160,-1340,10673,,,40319,362815,3626190,39832230,476555767,,,12
3804,8,26831574,1,-16,160,-1332,10302,,,40319,362815,3626190,39832222,476554986,,,12
3805,8,26831745,1,-16,159,-1296,9551,,,40319,362815,3626191,39832307,476559265,,,12
3806,8,26831754,1,-16,159,-1297,9589,,,40319,362815,3626191,39832308,476559371,,,12
3807,8,26834175,1,-16,159,-1298,9664,,,40319,362815,3626191,39832309,476559440,,,12
3808,8,26834517,1,-16,158,-1279,9560,,,40319,362815,3626192,39832411,476565520,,,12
3809,8,26834715,1,-16,159,-1291,9271,,,40319,362815,3626191,39832302,476558825,,,12
3810,8,26835174,1,-16,160,-1321,9754,,,40319,362815,3626190,39832211,476553950,,,12
3811,8,26835417,1,-16,158,-1264,8898,,,40319,362815,3626192,39832396,476564022,,,12
3812,8,26835714,1,-16,160,-1334,10289,,,40319,362815,3626190,39832224,476555287,,,12
3813,8,26837145,1,-16,159,-1296,9474,,,40319,362815,3626191,39832307,476559342,,,12
3814,8,26837154,1,-16,159,-1296,9454,,,40319,362815,3626191,39832307,476559362,,,12
3815,8,26837415,1,-16,160,-1334,10317,,,40319,362815,3626190,39832224,476555259,,,12
3816,8,26837514,1,-16,160,-1334,10310,,,40319,362815,3626190,39832224,476555266,,,12
3817,8,26841375,1,-16,160,-1334,10380,,,40319,362815,3626190,39832224,476555196,,,12
3818,8,26841573,1,-16,160,-1330,10214,,,40319,362815,3626190,39832220,476554786,,,12
3819,8,26841735,1,-16,160,-1322,9814,,,40319,362815,3626190,39832212,476554034,,,12
3820,8,26841753,1,-16,160,-1328,10069,-71573,,40319,362815,3626190,39832218,476554643,6160571776,,13
3821,8,26843175,1,-16,159,-1298,9604,,,40319,362815,3626191,39832309,476559500,,,12
3822,8,26843517,1,-16,158,-1264,8878,,,40319,362815,3626192,39832396,476564042,,,12
3823,8,26843715,1,-16,159,-1289,9118,,,40319,362815,3626191,39832300,476558690,,,12
3824,4,26845137,1,-16,159,-1308,10029,,,40319,362815,3626191,39832319,476560515,,,12
3825,8,26845173,1,-16,159,-1298,9595,,,40319,362815,3626191,39832309,476559509,,,12
3826,8,26845317,1,-16,158,-1276,9429,,,40319,362815,3626192,39832408,476565219,,,12
3827,8,26845713,1,-16,158,-1281,9578,-70356,,40319,362815,3626192,39832413,476565790,6161063194,,13
3828,8,26847135,1,-16,160,-1340,10586,-84403,,40319,362815,3626190,39832230,476555854,6160643249,,13
3829,8,26847153,1,-16,160,-1342,10649,,,40319,362815,3626190,39832232,476556079,,,12
3830,8,26847315,1,-16,160,-1340,10586,-84225,,40319,362815,3626190,39832230,476555854,6160643071,,13
3831,8,26847513,1,-16,159,-1318,10364,,,40319,362815,3626191,39832329,476561620,,,12
3832,8,26851374,1,-16,160,-1332,10330,,,40319,362815,3626190,39832222,476554958,,,12
3833,8,26851473,1,-16,160,-1332,10303,,,40319,362815,3626190,39832222,476554985,,,12
3834,8,26851734,1,-16,159,-1302,9756,-70685,,40319,362815,3626191,39832313,476559924,6160798193,,13
3835,8,26851743,1,-16,159,-1302,9760,,,40319,362815,3626191,39832313,476559920,,,12
3836,8,26853174,1,-16,160,-1332,10310,,,40319,362815,3626190,39832222,476554978,,,12
3837,8,26853417,1,-16,158,-1276,9457,,,40319,362815,3626192,39832408,476565191,,,12
3838,8,26853714,1,-16,160,-1334,10283,,,40319,362815,3626190,39832224,476555293,,,12
3839,4,26854137,1,-16,159,-1308,10009,-76103,,40319,362815,3626191,39832319,476560535,6160833862,,13
3840,8,26854173,1,-16,159,-1296,9526,-65563,,40319,362815,3626191,39832307,476559290,6160758933,,13
3841,8,26854317,1,-16,158,-1281,9599,,,40319,362815,3626192,39832413,476565769,,,12
3842,8,26854713,1,-16,159,-1320,10529,,,40319,362815,3626191,39832331,476561743,,,12
3843,8,26857134,1,-16,157,-1248,9002,-64162,,40319,362815,3626193,39832501,476570326,6161243576,,13
3844,8,26857143,1,-16,157,-1248,9012,,,40319,362815,3626193,39832501,476570316,,,12
3845,8,26857314,1,-16,158,-1284,9749,-75956,,40319,362815,3626192,39832416,476566051,6161076399,,13
3846,8,26857413,1,-16,158,-1294,10143,,,40319,362815,3626192,39832426,476567097,,,12
3847,8,26871345,1,-16,156,-1213,8258,,,40319,362815,3626194,39832587,476574742,,,12
3848,8,26871354,1,-16,156,-1212,8311,,,40319,362815,3626194,39832586,476574545,,,12
3849,8,26871435,1,-16,156,-1212,8310,,,40319,362815,3626194,39832586,476574546,,,12
3850,8,26871453,1,-16,156,-1208,8071,,,40319,362815,3626194,39832582,476574209,,,12
3851,8,26871534,1,-16,156,-1208,8079,-47543,,40319,362815,3626194,39832582,476574201,6161387000,,13
3852,8,26871543,1,-16,156,-1213,8279,,,40319,362815,3626194,39832587,476574721,,,12
3853,8,26873145,1,-16,157,-1244,8834,-59933,,40319,362815,3626193,39832497,476569918,6161219067,,13
3854,8,26873154,1,-16,157,-1244,8890,-63055,,40319,362815,3626193,39832497,476569862,6161212725,,13
3855,8,26873415,1,-16,157,-1240,8646,-54794,,40319,362815,3626193,39832493,476569530,6161197028,,13
3856,8,26873514,1,-16,158,-1278,9468,,,40319,362815,3626192,39832410,476565468,,,12
3857,8,26874135,1,-16,158,-1280,9636,,,40319,362815,3626192,39832412,476565588,,,12
3858,8,26874153,1,-16,158,-1278,9483,-69132,,40319,362815,3626192,39832410,476565453,6161041521,,13
3859,8,26874315,1,-16,157,-1242,8754,,,40319,362815,3626193,39832495,476569710,,,12
3860,8,26874513,1,-16,157,-1256,9274,,,40319,362815,3626193,39832509,476571206,,,12
3861,8,26875134,1,-16,157,-1254,9263,,,40319,362815,3626193,39832507,476570929,,,12
3862,8,26875143,1,-16,157,-1252,9165,,,40319,362815,3626193,39832505,476570739,,,12
3863,8,26875314,1,-16,158,-1292,10106,,,40319,362815,3626192,39832424,476566846,,,12
3864,8,26875413,1,-16,157,-1256,9272,-68085,,40319,362815,3626193,39832509,476571208,6161299213,,13
3865,4,27134586,1,-16,158,-1284,9706,-73707,,40319,362815,3626192,39832416,476566094,6161081417,,13
3866,8,27134685,1,-16,159,-1316,10310,-82580,,40319,362815,3626191,39832327,476561386,6160886814,,13
3867,8,27134856,1,-16,158,-1276,9367,-65447,,40319,362815,3626192,39832408,476565281,6161033104,,13
3868,8,27134865,1,-16,158,-1278,9497,,,40319,362815,3626192,39832410,476565439,,,12
3869,8,27135486,1,-16,158,-1284,9739,,,40319,362815,3626192,39832416,476566061,,,12
3870,8,27135684,1,-16,159,-1310,10069,,,40319,362815,3626191,39832321,476560763,,,12
3871,8,27135846,1,-16,160,-1350,11005,,,40319,362815,3626190,39832240,476556875,,,12
3872,8,27135864,1,-16,160,-1348,10928,,,40319,362815,3626190,39832238,476556664,,,12
3873,8,27136485,1,-16,160,-1350,11010,,,40319,362815,3626190,39832240,476556870,,,12
3874,8,27136584,1,-16,159,-1310,10083,,,40319,362815,3626191,39832321,476560749,,,12
3875,8,27136845,1,-16,159,-1309,10038,,,40319,362815,3626191,39832320,476560650,,,12
3876,8,27136854,1,-16,159,-1313,10202,,,40319,362815,3626191,39832324,476561062,,,12
3877,8,27138456,1,-16,158,-1283,9673,,,40319,362815,3626192,39832415,476565983,,,12
3878,8,27138465,1,-16,158,-1276,9431,,,40319,362815,3626192,39832408,476565217,,,12
3879,8,27138546,1,-16,158,-1276,9427,-68932,,40319,362815,3626192,39832408,476565221,6161026449,,13
3880,8,27138564,1,-16,158,-1276,9408,,,40319,362815,3626192,39832408,476565240,,,12
3881,8,27138645,1,-16,158,-1276,9419,,,40319,362815,3626192,39832408,476565229,,,12
3882,8,27138654,1,-16,158,-1282,9651,,,40319,362815,3626192,39832414,476565861,,,12
3883,8,27143685,1,-16,159,-1316,10319,,,40319,362815,3626191,39832327,476561377,,,12
3884,8,27143856,1,-16,158,-1276,9377,,,40319,362815,3626192,39832408,476565271,,,12
3885,8,27143865,1,-16,158,-1278,9452,-67775,,40319,362815,3626192,39832410,476565484,6161045403,,13
3886,4,27145386,1,-16,158,-1268,8999,,,40319,362815,3626192,39832400,476564497,,,12
3887,8,27145683,1,-16,158,-1278,9515,,,40319,362815,3626192,39832410,476565421,,,12
3888,8,27145836,1,-16,159,-1293,9315,,,40319,362815,3626191,39832304,476559069,,,12
3889,8,27145863,1,-16,159,-1305,9857,,,40319,362815,3626191,39832316,476560255,,,12
3890,8,27146385,1,-16,160,-1339,10481,,,40319,362815,3626190,39832229,476555815,,,12
3891,8,27146583,1,-16,158,-1268,9078,,,40319,362815,3626192,39832400,476564418,,,12
3892,8,27146835,1,-16,160,-1338,10458,,,40319,362815,3626190,39832228,476555694,,,12
3893,8,27146853,1,-16,160,-1340,10564,-83160,,40319,362815,3626190,39832230,476555876,6160645724,,13
3894,8,27148356,1,-16,159,-1302,9674,,,40319,362815,3626191,39832313,476560006,,,12
3895,8,27148365,1,-16,159,-1305,9809,,,40319,362815,3626191,39832316,476560303,,,12
3896,8,27148536,1,-16,160,-1336,10412,-80222,,40319,362815,3626190,39832226,476555452,6160619802,,13
3897,8,27148563,1,-16,159,-1304,9771,,,40319,362815,3626191,39832315,476560197,,,12
3898,8,27148635,1,-16,160,-1338,10462,,,40319,362815,3626190,39832228,476555690,,,12
3899,8,27148653,1,-16,159,-1302,9679,,,40319,362815,3626191,39832313,476560001,,,12
3900,4,27153486,1,-16,158,-1268,8954,,,40319,362815,3626192,39832400,476564542,,,12
3901,8,27153684,1,-16,160,-1338,10424,,,40319,362815,3626190,39832228,476555728,,,12
3902,8,27153846,1,-16,160,-1336,10332,,,40319,362815,3626190,39832226,476555532,,,12
3903,8,27153864,1,-16,160,-1344,10673,,,40319,362815,3626190,39832234,476556343,,,12
3904,4,27154386,1,-16,158,-1289,9907,,,40319,362815,3626192,39832421,476566613,,,12
3905,8,27154683,1,-16,158,-1268,9059,,,40319,362815,3626192,39832400,476564437,,,12
3906,8,27154836,1,-16,159,-1304,9788,,,40319,362815,3626191,39832315,476560180,,,12
3907,8,27154863,1,-16,159,-1303,9732,-67902,,40319,362815,3626191,39832314,476560092,6160811634,,13
3908,8,27156384,1,-16,159,-1306,9913,-74232,,40319,362815,3626191,39832317,476560343,6160823879,,13
3909,8,27156483,1,-16,158,-1272,9237,,,40319,362815,3626192,39832404,476564835,,,12
3910,8,27156834,1,-16,158,-1274,9302,,,40319,362815,3626192,39832406,476565058,,,12
3911,8,27156843,1,-16,158,-1274,9296,-63984,,40319,362815,3626192,39832406,476565064,6161019304,,13
3912,8,27158346,1,-16,159,-1299,9543,,,40319,362815,3626191,39832310,476559705,,,12
3913,8,27158364,1,-16,160,-1346,10805,,,40319,362815,3626190,39832236,476556499,,,12
3914,8,27158436,1,-16,159,-1299,9525,,,40319,362815,3626191,39832310,476559723,,,12
3915,8,27158463,1,-16,160,-1348,10905,,,40319,362815,3626190,39832238,476556687,,,12
3916,8,27158634,1,-16,159,-1314,10213,-79977,,40319,362815,3626191,39832325,476561195,6160876268,,13
3917,8,27158643,1,-16,159,-1317,10337,,,40319,362815,3626191,39832328,476561503,,,12
3918,8,27163485,1,-16,159,-1304,9808,-71216,,40319,362815,3626191,39832315,476560160,6160814272,,13
3919,8,27163584,1,-16,160,-1342,10644,,,40319,362815,3626190,39832232,476556084,,,12
3920,8,27163845,1,-16,159,-1307,9907,-72336,,40319,362815,3626191,39832318,476560493,6160835165,,13
3921,8,27163854,1,-16,159,-1299,9535,-62460,,40319,362815,3626191,39832310,476559713,6160790813,,13
3922,8,27164385,1,-16,159,-1306,9840,,,40319,362815,3626191,39832317,476560416,,,12
3923,8,27164583,1,-16,158,-1272,9216,-62274,,40319,362815,3626192,39832404,476564856,6161006778,,13
3924,8,27164835,1,-16,160,-1340,10544,,,40319,362815,3626190,39832230,476555896,,,12
3925,8,27164853,1,-16,160,-1348,10874,,,40319,362815,3626190,39832238,476556718,,,12
3926,8,27165384,1,-16,159,-1309,9997,,,40319,362815,3626191,39832320,476560691,,,12
3927,8,27165483,1,-16,158,-1285,9759,,,40319,362815,3626192,39832417,476566185,,,12
3928,8,27165834,1,-16,158,-1275,9332,-64532,,40319,362815,3626192,39832407,476565172,6161025936,,13
3929,8,27165843,1,-16,158,-1278,9419,-65583,,40319,362815,3626192,39832410,476565517,6161048788,,13
3930,8,27168345,1,-16,158,-1285,9786,,,40319,362815,3626192,39832417,476566158,,,12
3931,8,27168354,1,-16,158,-1276,9403,,,40319,362815,3626192,39832408,476565245,,,12
3932,8,27168435,1,-16,158,-1276,9394,,,40319,362815,3626192,39832408,476565254,,,12
3933,8,27168453,1,-16,158,-1284,9713,,,40319,362815,3626192,39832416,476566087,,,12
3934,8,27168534,1,-16,158,-1284,9724,-74432,,40319,362815,3626192,39832416,476566076,6161079100,,13
3935,8,27168543,1,-16,158,-1291,9989,,,40319,362815,3626192,39832423,476566819,,,12
3936,8,27183456,1,-16,157,-1259,9387,,,40319,362815,3626193,39832512,476571525,,,12
3937,8,27183465,1,-16,157,-1246,8883,,,40319,362815,3626193,39832499,476570157,,,12
3938,8,27183546,1,-16,157,-1247,8893,,,40319,362815,3626193,39832500,476570291,,,12
3939,8,27183564,1,-16,158,-1282,9639,,,40319,362815,3626192,39832414,476565873,,,12
3940,8,27183645,1,-16,158,-1282,9660,,,40319,362815,3626192,39832414,476565852,,,12
3941,8,27183654,1,-16,157,-1246,8896,,,40319,362815,3626193,39832499,476570144,,,12
3942,8,27184356,1,-16,157,-1246,8880,-60120,,40319,362815,3626193,39832499,476570160,6161235816,,13
3943,8,27184365,1,-16,157,-1246,8880,-60147,,40319,362815,3626193,39832499,476570160,6161235843,,13
3944,8,27184536,1,-16,158,-1280,9611,,,40319,362815,3626192,39832412,476565613,,,12
3945,8,27184563,1,-16,157,-1252,9137,,,40319,362815,3626193,39832505,476570767,,,12
3946,8,27184635,1,-16,158,-1280,9563,,,40319,362815,3626192,39832412,476565661,,,12
3947,8,27184653,1,-16,158,-1280,9559,,,40319,362815,3626192,39832412,476565665,,,12
3948,8,27185346,1,-16,158,-1280,9600,,,40319,362815,3626192,39832412,476565624,,,12
3949,8,27185364,1,-16,158,-1280,9566,-71298,,40319,362815,3626192,39832412,476565658,6161053996,,13
3950,8,27185436,1,-16,157,-1246,8913,,,40319,362815,3626193,39832499,476570127,,,12
3951,8,27185463,1,-16,158,-1280,9576,,,40319,362815,3626192,39832412,476565648,,,12
3952,8,27185634,1,-16,157,-1254,9199,,,40319,362815,3626193,39832507,476570993,,,12
3953,8,27185643,1,-16,157,-1253,9160,,,40319,362815,3626193,39832506,476570888,,,12
3954,8,27186345,1,-16,157,-1252,9147,,,40319,362815,3626193,39832505,476570757,,,12
3955,8,27186354,1,-16,158,-1288,9960,,,40319,362815,3626192,39832420,476566416,,,12
3956,8,27186435,1,-16,158,-1288,9950,,,40319,362815,3626192,39832420,476566426,,,12
3957,8,27186453,1,-16,157,-1253,9171,,,40319,362815,3626193,39832506,476570877,,,12
3958,8,27186534,1,-16,157,-1252,9149,-66785,,40319,362815,3626193,39832505,476570755,6161270028,,13
3959,8,27186543,1,-16,157,-1258,9319,,,40319,362815,3626193,39832511,476571449,,,12
3960,4,27314685,1,-16,160,-1352,11135,,,40319,362815,3626190,39832242,476557033,,,12
3961,8,27314856,1,-16,159,-1312,10148,,,40319,362815,3626191,39832323,476560972,,,12
3962,8,27314865,1,-16,159,-1314,10300,,,40319,362815,3626191,39832325,476561108,,,12
3963,8,27315684,1,-16,159,-1306,9964,,,40319,362815,3626191,39832317,476560292,,,12
3964,8,27315846,1,-16,160,-1342,10682,-87073,,40319,362815,3626190,39832232,476556046,6160654031,,13
3965,8,27315864,1,-16,160,-1344,10808,,,40319,362815,3626190,39832234,476556208,,,12
3966,8,27316485,1,-16,160,-1342,10673,,,40319,362815,3626190,39832232,476556055,,,12
3967,8,27316584,1,-16,159,-1304,9852,,,40319,362815,3626191,39832315,476560116,,,12
3968,8,27316845,1,-16,159,-1308,10070,,,40319,362815,3626191,39832319,476560474,,,12
3969,8,27316854,1,-16,159,-1308,10016,,,40319,362815,3626191,39832319,476560528,,,12
3970,8,27318456,1,-16,158,-1280,9582,,,40319,362815,3626192,39832412,476565642,,,12
3971,8,27318465,1,-16,158,-1272,9254,,,40319,362815,3626192,39832404,476564818,,,12
3972,8,27318546,1,-16,158,-1272,9256,,,40319,362815,3626192,39832404,476564816,,,12
3973,8,27318564,1,-16,158,-1276,9471,,,40319,362815,3626192,39832408,476565177,,,12
3974,8,27318645,1,-16,158,-1276,9490,,,40319,362815,3626192,39832408,476565158,,,12
3975,8,27318654,1,-16,158,-1277,9446,,,40319,362815,3626192,39832409,476565346,,,12
3976,8,27341856,1,-16,158,-1271,9230,,,40319,362815,3626192,39832403,476564698,,,12
3977,8,27341865,1,-16,158,-1271,9249,,,40319,362815,3626192,39832403,476564679,,,12
3978,8,27345816,1,-16,158,-1269,9157,,,40319,362815,3626192,39832401,476564483,,,12
3979,8,27346185,1,-16,159,-1297,9552,,,40319,362815,3626191,39832308,476559408,,,12
3980,8,27346815,1,-16,159,-1301,9753,,,40319,362815,3626191,39832312,476559783,,,12
3981,8,27348156,1,-16,158,-1262,8874,,,40319,362815,3626192,39832394,476563758,,,12
3982,8,27348165,1,-16,158,-1262,8904,,,40319,362815,3626192,39832394,476563728,,,12
3983,8,27348516,1,-16,159,-1297,9512,,,40319,362815,3626191,39832308,476559448,,,12
3984,8,27348615,1,-16,159,-1297,9580,,,40319,362815,3626191,39832308,476559380,,,12
3985,4,27351684,1,-16,160,-1328,10135,,,40319,362815,3626190,39832218,476554577,,,12
3986,8,27351846,1,-16,160,-1326,9995,,,40319,362815,3626190,39832216,476554429,,,12
3987,8,27351864,1,-16,160,-1330,10170,,,40319,362815,3626190,39832220,476554830,,,12
3988,8,27354816,1,-16,158,-1264,8933,-57189,,40319,362815,3626192,39832396,476563987,6160952176,,13
3989,8,27356184,1,-16,159,-1298,9635,,,40319,362815,3626191,39832309,476559469,,,12
3990,8,27356814,1,-16,159,-1302,9765,,,40319,362815,3626191,39832313,476559915,,,12
3991,8,27358146,1,-16,160,-1326,10007,,,40319,362815,3626190,39832216,476554417,,,12
3992,8,27358164,1,-16,160,-1326,10002,-70258,,40319,362815,3626190,39832216,476554422,6160557448,,13
3993,8,27358416,1,-16,160,-1328,10088,,,40319,362815,3626190,39832218,476554624,,,12
3994,8,27358614,1,-16,160,-1338,10522,,,40319,362815,3626190,39832228,476555630,,,12
3995,8,27361485,1,-16,160,-1326,9983,,,40319,362815,3626190,39832216,476554441,,,12
3996,8,27361584,1,-16,160,-1330,10157,,,40319,362815,3626190,39832220,476554843,,,12
3997,8,27361845,1,-16,159,-1295,9516,,,40319,362815,3626191,39832306,476559156,,,12
3998,8,27361854,1,-16,159,-1295,9480,,,40319,362815,3626191,39832306,476559192,,,12
3999,8,27364185,1,-16,160,-1334,10361,,,40319,362815,3626190,39832224,476555215,,,12
4000,8,27364815,1,-16,160,-1334,10373,,,40319,362815,3626190,39832224,476555203,,,12
4001,8,27365184,1,-16,159,-1297,9616,,,40319,362815,3626191,39832308,476559344,,,12
4002,8,27365814,1,-16,159,-1302,9771,-70994,,40319,362815,3626191,39832313,476559909,6160795967,,13
4003,8,27368145,1,-16,159,-1301,9783,,,40319,362815,3626191,39832312,476559753,,,12
4004,8,27368154,1,-16,159,-1301,9746,,,40319,362815,3626191,39832312,476559790,,,12
4005,8,27368415,1,-16,160,-1332,10255,-76344,,40319,362815,3626190,39832222,476555033,6160593785,,13
4006,8,27368514,1,-16,160,-1340,10627,,,40319,362815,3626190,39832230,476555813,,,12
4007,8,27381456,1,-16,158,-1274,9321,-65165,,40319,362815,3626192,39832406,476565039,6161016260,,13
4008,8,27381465,1,-16,158,-1270,9210,,,40319,362815,3626192,39832402,476564574,,,12
4009,8,27381546,1,-16,158,-1270,9214,,,40319,362815,3626192,39832402,476564570,,,12
4010,8,27381564,1,-16,158,-1270,9244,,,40319,362815,3626192,39832402,476564540,,,12
4011,8,27381645,1,-16,158,-1270,9259,,,40319,362815,3626192,39832402,476564525,,,12
4012,8,27381654,1,-16,158,-1271,9176,,,40319,362815,3626192,39832403,476564752,,,12
4013,8,27384156,1,-16,159,-1309,10039,,,40319,362815,3626191,39832320,476560649,,,12
4014,8,27384165,1,-16,159,-1303,9800,,,40319,362815,3626191,39832314,476560024,,,12
4015,8,27384516,1,-16,159,-1308,9994,,,40319,362815,3626191,39832319,476560550,,,12
4016,8,27384615,1,-16,160,-1342,10704,,,40319,362815,3626190,39832232,476556024,,,12
4017,8,27385146,1,-16,160,-1334,10348,,,40319,362815,3626190,39832224,476555228,,,12
4018,8,27385164,1,-16,160,-1334,10339,-78663,,40319,362815,3626190,39832224,476555237,6160606244,,13
4019,8,27385416,1,-16,159,-1300,9665,,,40319,362815,3626191,39832311,476559727,,,12
4020,8,27385614,1,-16,159,-1306,9913,-74050,,40319,362815,3626191,39832317,476560343,6160823697,,13
4021,8,27386145,1,-16,159,-1304,9913,,,40319,362815,3626191,39832315,476560055,,,12
4022,8,27386154,1,-16,159,-1304,9859,,,40319,362815,3626191,39832315,476560109,,,12
4023,8,27386415,1,-16,160,-1340,10602,,,40319,362815,3626190,39832230,476555838,,,12
4024,8,27386514,1,-16,159,-1304,9844,-72768,,40319,362815,3626191,39832315,476560124,6160809740,,13
4025,8,27413856,1,-16,159,-1307,9962,-75424,,40319,362815,3626191,39832318,476560438,6160828958,,13
4026,8,27413865,1,-16,159,-1307,9944,,,40319,362815,3626191,39832318,476560456,,,12
4027,8,27415836,1,-16,160,-1318,9607,,,40319,362815,3626190,39832208,476553665,,,12
4028,8,27415863,1,-16,160,-1328,10069,-71477,,40319,362815,3626190,39832218,476554643,6160571680,,13
4029,4,27416385,1,-16,160,-1320,9492,,,40319,362815,3626190,39832210,476554068,,,12
4030,8,27416583,1,-16,159,-1293,9384,,,40319,362815,3626191,39832304,476559000,,,12
4031,8,27416835,1,-16,160,-1321,9735,,,40319,362815,3626190,39832211,476553969,,,12
4032,8,27416853,1,-16,160,-1328,10090,,,40319,362815,3626190,39832218,476554622,,,12
4033,8,27418356,1,-16,159,-1292,9275,,,40319,362815,3626191,39832303,476558965,,,12
4034,8,27418365,1,-16,159,-1291,9247,,,40319,362815,3626191,39832302,476558849,,,12
4035,8,27418536,1,-16,160,-1326,9982,,,40319,362815,3626190,39832216,476554442,,,12
4036,8,27418563,1,-16,159,-1295,9440,-62043,,40319,362815,3626191,39832306,476559232,6160757779,,13
4037,8,27418635,1,-16,160,-1331,10222,,,40319,362815,3626190,39832221,476554922,,,12
4038,8,27418653,1,-16,159,-1293,9329,,,40319,362815,3626191,39832304,476559055,,,12
4039,8,27431856,1,-16,158,-1269,9111,,,40319,362815,3626192,39832401,476564529,,,12
4040,8,27431865,1,-16,158,-1269,9092,,,40319,362815,3626192,39832401,476564548,,,12
4041,8,27435816,1,-16,158,-1264,8953,,,40319,362815,3626192,39832396,476563967,,,12
4042,8,27436815,1,-16,159,-1297,9556,,,40319,362815,3626191,39832308,476559404,,,12
4043,8,27438156,1,-16,158,-1262,8846,,,40319,362815,3626192,39832394,476563786,,,12
4044,8,27438165,1,-16,158,-1262,8828,,,40319,362815,3626192,39832394,476563804,,,12
4045,8,27438516,1,-16,159,-1299,9635,,,40319,362815,3626191,39832310,476559613,,,12
4046,8,27438615,1,-16,159,-1299,9647,-68318,,40319,362815,3626191,39832310,476559601,6160777743,,13
4047,8,27451836,1,-16,159,-1289,9240,,,40319,362815,3626191,39832300,476558568,,,12
4048,8,27451863,1,-16,159,-1293,9388,,,40319,362815,3626191,39832304,476558996,,,12
4049,8,27453816,1,-16,158,-1264,8890,,,40319,362815,3626192,39832396,476564030,,,12
4050,4,27456183,1,-16,157,-1237,8527,,,40319,362815,3626193,39832490,476569217,,,12
4051,8,27456813,1,-16,157,-1246,8848,,,40319,362815,3626193,39832499,476570192,,,12
4052,8,27458136,1,-16,159,-1294,9419,,,40319,362815,3626191,39832305,476559109,,,12
4053,8,27458163,1,-16,159,-1290,9203,,,40319,362815,3626191,39832301,476558749,,,12
4054,8,27458316,1,-16,159,-1297,9601,,,40319,362815,3626191,39832308,476559359,,,12
4055,8,27458613,1,-16,159,-1320,10487,-87151,,40319,362815,3626191,39832331,476561785,6160910144,,13
4056,8,27461385,1,-16,160,-1330,10148,,,40319,362815,3626190,39832220,476554852,,,12
4057,8,27461583,1,-16,160,-1332,10288,,,40319,362815,3626190,39832222,476555000,,,12
4058,8,27461835,1,-16,160,-1330,10154,-73222,,40319,362815,3626190,39832220,476554846,6160583396,,13
4059,8,27461853,1,-16,160,-1328,10118,-74071,,40319,362815,3626190,39832218,476554594,6160565993,,13
4060,8,27463185,1,-16,160,-1338,10533,,,40319,362815,3626190,39832228,476555619,,,12
4061,8,27463815,1,-16,160,-1336,10444,,,40319,362815,3626190,39832226,476555420,,,12
4062,8,27465183,1,-16,158,-1272,9315,,,40319,362815,3626192,39832404,476564757,,,12
4063,8,27465813,1,-16,158,-1284,9756,,,40319,362815,3626192,39832416,476566044,,,12
4064,8,27468135,1,-16,160,-1342,10662,,,40319,362815,3626190,39832232,476556066,,,12
4065,8,27468153,1,-16,160,-1336,10441,,,40319,362815,3626190,39832226,476555423,,,12
4066,8,27468315,1,-16,160,-1336,10431,,,40319,362815,3626190,39832226,476555433,,,12
4067,8,27468513,1,-16,160,-1356,11270,,,40319,362815,3626190,39832246,476557474,,,12
4068,8,27481356,1,-16,159,-1301,9706,,,40319,362815,3626191,39832312,476559830,,,12
4069,8,27481365,1,-16,159,-1299,9627,,,40319,362815,3626191,39832310,476559621,,,12
4070,8,27481536,1,-16,160,-1330,10165,,,40319,362815,3626190,39832220,476554835,,,12
4071,8,27481563,1,-16,159,-1295,9464,,,40319,362815,3626191,39832306,476559208,,,12
4072,8,27481635,1,-16,160,-1331,10214,,,40319,362815,3626190,39832221,476554930,,,12
4073,8,27481653,1,-16,159,-1293,9324,,,40319,362815,3626191,39832304,476559060,,,12
4074,8,27483156,1,-16,159,-1299,9648,,,40319,362815,3626191,39832310,476559600,,,12
4075,8,27483165,1,-16,159,-1299,9651,,,40319,362815,3626191,39832310,476559597,,,12
4076,8,27483516,1,-16,160,-1336,10424,,,40319,362815,3626190,39832226,476555440,,,12
4077,8,27483615,1,-16,160,-1330,10093,,,40319,362815,3626190,39832220,476554907,,,12
4078,8,27485136,1,-16,160,-1332,10205,-73620,,40319,362815,3626190,39832222,476555083,6160599511,,13
4079,8,27485163,1,-16,160,-1338,10446,,,40319,362815,3626190,39832228,476555706,,,12
4080,8,27485316,1,-16,160,-1338,10504,,,40319,362815,3626190,39832228,476555648,,,12
4081,8,27485613,1,-16,158,-1283,9636,,,40319,362815,3626192,39832415,476566020,,,12
4082,8,27486135,1,-16,160,-1344,10726,,,40319,362815,3626190,39832234,476556290,,,12
4083,8,27486153,1,-16,160,-1338,10481,,,40319,362815,3626190,39832228,476555671,,,12
4084,8,27486315,1,-16,160,-1334,10241,,,40319,362815,3626190,39832224,476555335,,,12
4085,8,27486513,1,-16,159,-1320,10487,-87181,,40319,362815,3626191,39832331,476561785,6160910174,,13
4086,8,27513846,1,-16,160,-1330,10187,,,40319,362815,3626190,39832220,476554813,,,12
4087,8,27513864,1,-16,160,-1334,10307,,,40319,362815,3626190,39832224,476555269,,,12
4088,8,27514836,1,-16,160,-1330,10176,,,40319,362815,3626190,39832220,476554824,,,12
4089,8,27514863,1,-16,160,-1330,10183,,,40319,362815,3626190,39832220,476554817,,,12
4090,8,27516834,1,-16,159,-1302,9802,,,40319,362815,3626191,39832313,476559878,,,12
4091,8,27516843,1,-16,159,-1302,9796,,,40319,362815,3626191,39832313,476559884,,,12
4092,8,27518346,1,-16,159,-1295,9459,,,40319,362815,3626191,39832306,476559213,,,12
4093,8,27518364,1,-16,160,-1330,10204,,,40319,362815,3626190,39832220,476554796,,,12
4094,8,27518436,1,-16,159,-1293,9408,,,40319,362815,3626191,39832304,476558976,,,12
4095,8,27518463,1,-16,160,-1332,10264,,,40319,362815,3626190,39832222,476555024,,,12
4096,8,27518634,1,-16,159,-1302,9761,,,40319,362815,3626191,39832313,476559919,,,12
4097,8,27518643,1,-16,159,-1303,9786,-70794,,40319,362815,3626191,39832314,476560038,6160805400,,13
4098,8,27531846,1,-16,160,-1332,10256,,,40319,362815,3626190,39832222,476555032,,,12
4099,8,27531864,1,-16,160,-1344,10756,,,40319,362815,3626190,39832234,476556260,,,12
4100,8,27534816,1,-16,158,-1264,8888,,,40319,362815,3626192,39832396,476564032,,,12
4101,8,27536814,1,-16,160,-1336,10412,-79851,,40319,362815,3626190,39832226,476555452,6160619431,,13
4102,8,27538146,1,-16,160,-1328,10082,,,40319,362815,3626190,39832218,476554630,,,12
4103,8,27538164,1,-16,160,-1338,10495,,,40319,362815,3626190,39832228,476555657,,,12
4104,8,27538416,1,-16,160,-1328,10051,,,40319,362815,3626190,39832218,476554661,,,12
4105,8,27538614,1,-16,160,-1336,10358,,,40319,362815,3626190,39832226,476555506,,,12
4106,8,27541836,1,-16,159,-1291,9307,,,40319,362815,3626191,39832302,476558789,,,12
4107,8,27541863,1,-16,159,-1297,9576,-66976,,40319,362815,3626191,39832308,476559384,6160764064,,13
4108,8,27543816,1,-16,158,-1282,9663,-73523,,40319,362815,3626192,39832414,476565849,6161064164,,13
4109,8,27546813,1,-16,158,-1284,9761,,,40319,362815,3626192,39832416,476566039,,,12
4110,8,27548136,1,-16,159,-1300,9687,,,40319,362815,3626191,39832311,476559705,,,12
4111,8,27548163,1,-16,159,-1298,9589,,,40319,362815,3626191,39832309,476559515,,,12
4112,8,27548316,1,-16,159,-1303,9806,,,40319,362815,3626191,39832314,476560018,,,12
4113,8,27548613,1,-16,158,-1281,9613,,,40319,362815,3626192,39832413,476565755,,,12
4114,4,27561384,1,-16,158,-1268,9179,,,40319,362815,3626192,39832400,476564317,,,12
4115,8,27561483,1,-16,158,-1268,9144,,,40319,362815,3626192,39832400,476564352,,,12
4116,8,27561834,1,-16,157,-1232,8355,,,40319,362815,3626193,39832485,476568669,,,12
4117,8,27561843,1,-16,157,-1232,8374,,,40319,362815,3626193,39832485,476568650,,,12
4118,8,27563814,1,-16,158,-1264,8901,,,40319,362815,3626192,39832396,476564019,,,12
4119,4,27564183,1,-16,157,-1237,8550,,,40319,362815,3626193,39832490,476569194,,,12
4120,8,27564813,1,-16,157,-1249,9025,,,40319,362815,3626193,39832502,476570447,,,12
4121,8,27568134,1,-16,157,-1248,9024,,,40319,362815,3626193,39832501,476570304,,,12
4122,8,27568143,1,-16,157,-1248,9045,,,40319,362815,3626193,39832501,476570283,,,12
4123,8,27568314,1,-16,158,-1284,9802,,,40319,362815,3626192,39832416,476565998,,,12
4124,8,27568413,1,-16,158,-1292,10108,,,40319,362815,3626192,39832424,476566844,,,12
4125,8,27581346,1,-16,159,-1305,9877,-72982,,40319,362815,3626191,39832316,476560235,6160816545,,13
4126,8,27581364,1,-16,160,-1342,10748,,,40319,362815,3626190,39832232,476555980,,,12
4127,8,27581436,1,-16,159,-1304,9879,,,40319,362815,3626191,39832315,476560089,,,12
4128,8,27581463,1,-16,160,-1338,10530,-83557,,40319,362815,3626190,39832228,476555622,6160627531,,13
4129,8,27581634,1,-16,159,-1306,9938,,,40319,362815,3626191,39832317,476560318,,,12
4130,8,27581643,1,-16,159,-1307,9961,,,40319,362815,3626191,39832318,476560439,,,12
4131,8,27583146,1,-16,160,-1340,10643,,,40319,362815,3626190,39832230,476555797,,,12
4132,8,27583164,1,-16,160,-1334,10333,,,40319,362815,3626190,39832224,476555243,,,12
4133,8,27583416,1,-16,159,-1304,9887,,,40319,362815,3626191,39832315,476560081,,,12
4134,8,27583614,1,-16,160,-1344,10742,,,40319,362815,3626190,39832234,476556274,,,12
4135,8,27584136,1,-16,160,-1340,10613,,,40319,362815,3626190,39832230,476555827,,,12
4136,8,27584163,1,-16,160,-1330,10116,,,40319,362815,3626190,39832220,476554884,,,12
4137,8,27584316,1,-16,159,-1306,9922,,,40319,362815,3626191,39832317,476560334,,,12
4138,8,27584613,1,-16,159,-1318,10372,,,40319,362815,3626191,39832329,476561612,,,12
4139,8,27586134,1,-16,157,-1248,8986,-63321,,40319,362815,3626193,39832501,476570342,6161245439,,13
4140,8,27586143,1,-16,157,-1248,9008,-64530,,40319,362815,3626193,39832501,476570320,6161242930,,13
4141,8,27586314,1,-16,158,-1284,9749,-76068,,40319,362815,3626192,39832416,476566051,6161076511,,13
4142,8,27586413,1,-16,158,-1294,10159,,,40319,362815,3626192,39832426,476567081,,,12
4143,4,27613485,1,-16,158,-1266,9026,,,40319,362815,3626192,39832398,476564182,,,12
4144,8,27613584,1,-16,159,-1302,9792,,,40319,362815,3626191,39832313,476559888,,,12
4145,8,27613845,1,-16,158,-1266,9034,-59929,,40319,362815,3626192,39832398,476564174,6160962183,,13
4146,8,27613854,1,-16,158,-1266,9070,,,40319,362815,3626192,39832398,476564138,,,12
4147,4,27614385,1,-16,158,-1266,9002,-58465,,40319,362815,3626192,39832398,476564206,6160966127,,13
4148,8,27614583,1,-16,158,-1266,9042,,,40319,362815,3626192,39832398,476564166,,,12
4149,8,27614835,1,-16,159,-1297,9573,,,40319,362815,3626191,39832308,476559387,,,12
4150,8,27614853,1,-16,159,-1298,9588,,,40319,362815,3626191,39832309,476559516,,,12
4151,8,27615384,1,-16,159,-1301,9712,,,40319,362815,3626191,39832312,476559824,,,12
4152,8,27615483,1,-16,158,-1268,9032,,,40319,362815,3626192,39832400,476564464,,,12
4153,8,27615834,1,-16,158,-1270,9209,,,40319,362815,3626192,39832402,476564575,,,12
4154,8,27615843,1,-16,158,-1270,9127,-59664,,40319,362815,3626192,39832402,476564657,6160994873,,13
4155,8,27618345,1,-16,157,-1239,8588,,,40319,362815,3626193,39832492,476569444,,,12
4156,8,27618354,1,-16,157,-1237,8617,,,40319,362815,3626193,39832490,476569127,,,12
4157,8,27618435,1,-16,157,-1237,8612,,,40319,362815,3626193,39832490,476569132,,,12
4158,8,27618453,1,-16,157,-1238,8600,,,40319,362815,3626193,39832491,476569288,,,12
4159,8,27618534,1,-16,157,-1238,8601,,,40319,362815,3626193,39832491,476569287,,,12
4160,8,27618543,1,-16,157,-1240,8632,,,40319,362815,3626193,39832493,476569544,,,12
4161,4,27631584,1,-16,159,-1294,9421,,,40319,362815,3626191,39832305,476559107,,,12
4162,8,27631845,1,-16,158,-1263,8886,,,40319,362815,3626192,39832395,476563890,,,12
4163,8,27631854,1,-16,158,-1263,8917,,,40319,362815,3626192,39832395,476563859,,,12
4164,8,27634815,1,-16,158,-1262,8886,,,40319,362815,3626192,39832394,476563746,,,12
4165,8,27635184,1,-16,159,-1297,9549,,,40319,362815,3626191,39832308,476559411,,,12
4166,8,27635814,1,-16,159,-1302,9751,,,40319,362815,3626191,39832313,476559929,,,12
4167,8,27638145,1,-16,158,-1262,8844,,,40319,362815,3626192,39832394,476563788,,,12
4168,8,27638154,1,-16,158,-1262,8878,,,40319,362815,3626192,39832394,476563754,,,12
4169,8,27638415,1,-16,159,-1297,9523,,,40319,362815,3626191,39832308,476559437,,,12
4170,8,27638514,1,-16,159,-1294,9347,,,40319,362815,3626191,39832305,476559181,,,12
4171,8,27641835,1,-16,159,-1295,9496,,,40319,362815,3626191,39832306,476559176,,,12
4172,8,27641853,1,-16,159,-1295,9448,,,40319,362815,3626191,39832306,476559224,,,12
4173,8,27643815,1,-16,158,-1266,8943,,,40319,362815,3626192,39832398,476564265,,,12
4174,4,27645183,1,-16,157,-1236,8511,,,40319,362815,3626193,39832489,476569089,,,12
4175,8,27645813,1,-16,157,-1247,8934,,,40319,362815,3626193,39832500,476570250,,,12
4176,8,27648135,1,-16,159,-1304,9844,-72745,,40319,362815,3626191,39832315,476560124,6160809717,,13
4177,8,27648153,1,-16,159,-1300,9619,,,40319,362815,3626191,39832311,476559773,,,12
4178,8,27648315,1,-16,159,-1302,9746,,,40319,362815,3626191,39832313,476559934,,,12
4179,8,27648513,1,-16,159,-1320,10466,,,40319,362815,3626191,39832331,476561806,,,12
4180,4,27651384,1,-16,158,-1270,9200,,,40319,362815,3626192,39832402,476564584,,,12
4181,8,27651483,1,-16,158,-1274,9332,,,40319,362815,3626192,39832406,476565028,,,12
4182,8,27651834,1,-16,157,-1239,8676,,,40319,362815,3626193,39832492,476569356,,,12
4183,8,27651843,1,-16,157,-1239,8664,,,40319,362815,3626193,39832492,476569368,,,12
4184,8,27653814,1,-16,158,-1275,9348,,,40319,362815,3626192,39832407,476565156,,,12
4185,4,27654183,1,-16,157,-1246,8872,-59044,,40319,362815,3626193,39832499,476570168,6161236092,,13
4186,8,27654813,1,-16,156,-1220,8518,,,40319,362815,3626194,39832594,476575490,,,12
4187,8,27658134,1,-16,156,-1213,8288,,,40319,362815,3626194,39832587,476574712,,,12
4188,8,27658143,1,-16,156,-1213,8285,,,40319,362815,3626194,39832587,476574715,,,12
4189,8,27658314,1,-16,157,-1248,8998,,,40319,362815,3626193,39832501,476570330,,,12
4190,8,27658413,1,-16,157,-1253,9126,-64031,,40319,362815,3626193,39832506,476570922,6161283329,,13
4191,8,27681345,1,-16,156,-1213,8259,,,40319,362815,3626194,39832587,476574741,,,12
4192,8,27681354,1,-16,156,-1212,8314,,,40319,362815,3626194,39832586,476574542,,,12
4193,8,27681435,1,-16,156,-1212,8307,,,40319,362815,3626194,39832586,476574549,,,12
4194,8,27681453,1,-16,156,-1208,8077,,,40319,362815,3626194,39832582,476574203,,,12
4195,8,27681534,1,-16,156,-1208,8079,-47551,,40319,362815,3626194,39832582,476574201,6161387008,,13
4196,8,27681543,1,-16,156,-1213,8267,-51497,,40319,362815,3626194,39832587,476574733,6161420022,,13
4197,8,27683145,1,-16,157,-1244,8834,-59932,,40319,362815,3626193,39832497,476569918,6161219066,,13
4198,8,27683154,1,-16,157,-1244,8890,-63053,,40319,362815,3626193,39832497,476569862,6161212723,,13
4199,8,27683415,1,-16,157,-1240,8646,-54724,,40319,362815,3626193,39832493,476569530,6161196958,,13
4200,8,27683514,1,-16,158,-1278,9464,-67905,,40319,362815,3626192,39832410,476565472,6161043505,,13
4201,8,27684135,1,-16,158,-1280,9632,,,40319,362815,3626192,39832412,476565592,,,12
4202,8,27684153,1,-16,158,-1278,9477,,,40319,362815,3626192,39832410,476565459,,,12
4203,8,27684315,1,-16,157,-1242,8748,,,40319,362815,3626193,39832495,476569716,,,12
4204,8,27684513,1,-16,157,-1256,9277,,,40319,362815,3626193,39832509,476571203,,,12
4205,8,27685134,1,-16,157,-1254,9257,,,40319,362815,3626193,39832507,476570935,,,12
4206,8,27685143,1,-16,157,-1252,9135,,,40319,362815,3626193,39832505,476570769,,,12
4207,8,27685314,1,-16,158,-1292,10100,,,40319,362815,3626192,39832424,476566852,,,12
4208,8,27685413,1,-16,157,-1256,9254,,,40319,362815,3626193,39832509,476571226,,,12
4209,8,27813456,1,-16,156,-1221,8521,,,40319,362815,3626194,39832595,476575631,,,12
4210,8,27813465,1,-16,156,-1213,8254,-50823,,40319,362815,3626194,39832587,476574746,6161421545,,13
4211,8,27813546,1,-16,156,-1214,8282,,,40319,362815,3626194,39832588,476574862,,,12
4212,8,27813564,1,-16,157,-1249,9030,,,40319,362815,3626193,39832502,476570442,,,12
4213,8,27813645,1,-16,157,-1249,9055,,,40319,362815,3626193,39832502,476570417,,,12
4214,8,27813654,1,-16,156,-1213,8262,-51377,,40319,362815,3626194,39832587,476574738,6161420747,,13
4215,8,27814356,1,-16,156,-1213,8240,,,40319,362815,3626194,39832587,476574760,,,12
4216,8,27814365,1,-16,156,-1213,8238,-50150,,40319,362815,3626194,39832587,476574762,6161423576,,13
4217,8,27814536,1,-16,157,-1245,8887,,,40319,362815,3626193,39832498,476570009,,,12
4218,8,27814563,1,-16,156,-1213,8254,-50860,,40319,362815,3626194,39832587,476574746,6161421582,,13
4219,8,27814635,1,-16,157,-1245,8863,,,40319,362815,3626193,39832498,476570033,,,12
4220,8,27814653,1,-16,157,-1245,8861,,,40319,362815,3626193,39832498,476570035,,,12
4221,8,27815346,1,-16,157,-1245,8870,,,40319,362815,3626193,39832498,476570026,,,12
4222,8,27815364,1,-16,157,-1245,8855,,,40319,362815,3626193,39832498,476570041,,,12
4223,8,27815436,1,-16,156,-1213,8267,-51653,,40319,362815,3626194,39832587,476574733,6161420178,,13
4224,8,27815463,1,-16,157,-1245,8886,,,40319,362815,3626193,39832498,476570010,,,12
4225,8,27815634,1,-16,156,-1215,8320,,,40319,362815,3626194,39832589,476574968,,,12
4226,8,27815643,1,-16,156,-1214,8281,,,40319,362815,3626194,39832588,476574863,,,12
4227,8,27816345,1,-16,156,-1213,8261,-51386,,40319,362815,3626194,39832587,476574739,6161420925,,13
4228,8,27816354,1,-16,157,-1249,9044,-64931,,40319,362815,3626193,39832502,476570428,6161249415,,13
4229,8,27816435,1,-16,157,-1249,9042,,,40319,362815,3626193,39832502,476570430,,,12
4230,8,27816453,1,-16,156,-1214,8272,,,40319,362815,3626194,39832588,476574872,,,12
4231,8,27816534,1,-16,156,-1213,8251,-50535,,40319,362815,3626194,39832587,476574749,6161421764,,13
4232,8,27816543,1,-16,156,-1221,8523,,,40319,362815,3626194,39832595,476575629,,,12
4233,8,27831456,1,-16,157,-1250,9012,,,40319,362815,3626193,39832503,476570604,,,12
4234,8,27831465,1,-16,157,-1245,8856,-59812,,40319,362815,3626193,39832498,476570040,6161227396,,13
4235,8,27831546,1,-16,157,-1245,8840,-59063,,40319,362815,3626193,39832498,476570056,6161229351,,13
4236,8,27831564,1,-16,157,-1237,8497,,,40319,362815,3626193,39832490,476569247,,,12
4237,8,27831645,1,-16,157,-1237,8506,,,40319,362815,3626193,39832490,476569238,,,12
4238,8,27831654,1,-16,157,-1246,8903,,,40319,362815,3626193,39832499,476570137,,,12
4239,8,27834156,1,-16,157,-1240,8599,,,40319,362815,3626193,39832493,476569577,,,12
4240,8,27834165,1,-16,157,-1238,8561,-52596,,40319,362815,3626193,39832491,476569327,6161184859,,13
4241,8,27834516,1,-16,157,-1247,8922,,,40319,362815,3626193,39832500,476570262,,,12
4242,8,27834615,1,-16,158,-1274,9287,,,40319,362815,3626192,39832406,476565073,,,12
4243,8,27835146,1,-16,159,-1313,10198,,,40319,362815,3626191,39832324,476561066,,,12
4244,8,27835164,1,-16,159,-1305,9846,,,40319,362815,3626191,39832316,476560266,,,12
4245,8,27835416,1,-16,157,-1237,8524,,,40319,362815,3626193,39832490,476569220,,,12
4246,8,27835614,1,-16,158,-1273,9191,,,40319,362815,3626192,39832405,476565025,,,12
4247,8,27836145,1,-16,158,-1266,8914,,,40319,362815,3626192,39832398,476564294,,,12
4248,8,27836154,1,-16,158,-1274,9286,,,40319,362815,3626192,39832406,476565074,,,12
4249,8,27836415,1,-16,159,-1309,10019,,,40319,362815,3626191,39832320,476560669,,,12
4250,8,27836514,1,-16,158,-1271,9147,,,40319,362815,3626192,39832403,476564781,,,12
4251,8,27841356,1,-16,158,-1277,9420,,,40319,362815,3626192,39832409,476565372,,,12
4252,8,27841365,1,-16,158,-1277,9454,,,40319,362815,3626192,39832409,476565338,,,12
4253,8,27841536,1,-16,159,-1310,10059,,,40319,362815,3626191,39832321,476560773,,,12
4254,8,27841563,1,-16,158,-1271,9166,,,40319,362815,3626192,39832403,476564762,,,12
4255,8,27841635,1,-16,159,-1306,9856,-70817,,40319,362815,3626191,39832317,476560400,6160830097,,13
4256,8,27841653,1,-16,158,-1267,8997,,,40319,362815,3626192,39832399,476564355,,,12
4257,8,27843156,1,-16,157,-1240,8639,,,40319,362815,3626193,39832493,476569537,,,12
4258,8,27843165,1,-16,157,-1240,8646,-54772,,40319,362815,3626193,39832493,476569530,6161197006,,13
4259,8,27843516,1,-16,157,-1237,8519,-51803,,40319,362815,3626193,39832490,476569225,6161178996,,13
4260,8,27843615,1,-16,158,-1272,9216,-62129,,40319,362815,3626192,39832404,476564856,6161006633,,13
4261,8,27845136,1,-16,158,-1273,9257,,,40319,362815,3626192,39832405,476564959,,,12
4262,8,27845163,1,-16,158,-1275,9316,,,40319,362815,3626192,39832407,476565188,,,12
4263,8,27845316,1,-16,157,-1240,8647,,,40319,362815,3626193,39832493,476569529,,,12
4264,8,27845613,1,-16,156,-1224,8670,,,40319,362815,3626194,39832598,476575914,,,12
4265,8,27846135,1,-16,159,-1314,10189,,,40319,362815,3626191,39832325,476561219,,,12
4266,8,27846153,1,-16,159,-1310,10030,,,40319,362815,3626191,39832321,476560802,,,12
4267,8,27846315,1,-16,159,-1314,10198,,,40319,362815,3626191,39832325,476561210,,,12
4268,8,27846513,1,-16,157,-1248,8928,,,40319,362815,3626193,39832501,476570400,,,12
4269,8,27851346,1,-16,158,-1274,9306,-64410,,40319,362815,3626192,39832406,476565054,6161018040,,13
4270,8,27851364,1,-16,159,-1310,10104,,,40319,362815,3626191,39832321,476560728,,,12
4271,8,27851436,1,-16,158,-1274,9331,-65904,,40319,362815,3626192,39832406,476565029,6161015309,,13
4272,8,27851463,1,-16,159,-1308,10019,,,40319,362815,3626191,39832319,476560525,,,12
4273,8,27851634,1,-16,158,-1278,9449,-67278,,40319,362815,3626192,39832410,476565487,6161045413,,13
4274,8,27851643,1,-16,158,-1276,9368,,,40319,362815,3626192,39832408,476565280,,,12
4275,8,27853146,1,-16,159,-1312,10171,,,40319,362815,3626191,39832323,476560949,,,12
4276,8,27853164,1,-16,159,-1310,10066,,,40319,362815,3626191,39832321,476560766,,,12
4277,8,27853416,1,-16,157,-1240,8661,,,40319,362815,3626193,39832493,476569515,,,12
4278,8,27853614,1,-16,159,-1314,10213,-80052,,40319,362815,3626191,39832325,476561195,6160876343,,13
4279,8,27854136,1,-16,158,-1277,9465,,,40319,362815,3626192,39832409,476565327,,,12
4280,8,27854163,1,-16,158,-1265,8890,,,40319,362815,3626192,39832397,476564174,,,12
4281,8,27854316,1,-16,157,-1247,8926,,,40319,362815,3626193,39832500,476570258,,,12
4282,8,27854613,1,-16,157,-1248,8932,-60255,,40319,362815,3626193,39832501,476570396,6161251499,,13
4283,8,27856134,1,-16,156,-1218,8425,,,40319,362815,3626194,39832592,476575295,,,12
4284,8,27856143,1,-16,156,-1216,8350,,,40319,362815,3626194,39832590,476575082,,,12
4285,8,27856314,1,-16,157,-1256,9262,-67853,,40319,362815,3626193,39832509,476571218,6161300671,,13
4286,8,27856413,1,-16,156,-1225,8714,-60713,,40319,362815,3626194,39832599,476576014,6161499711,,13
4287,8,27861345,1,-16,156,-1218,8471,,,40319,362815,3626194,39832592,476575249,,,12
4288,8,27861354,1,-16,156,-1212,8249,-51801,,40319,362815,3626194,39832586,476574607,6161411200,,13
4289,8,27861435,1,-16,156,-1212,8247,-51885,,40319,362815,3626194,39832586,476574609,6161411622,,13
4290,8,27861453,1,-16,156,-1212,8240,-51520,,40319,362815,3626194,39832586,476574616,6161412440,,13
4291,8,27861534,1,-16,156,-1212,8247,-51924,,40319,362815,3626194,39832586,476574609,6161411661,,13
4292,8,27861543,1,-16,156,-1216,8351,,,40319,362815,3626194,39832590,476575081,,,12
4293,8,27863145,1,-16,157,-1249,9020,,,40319,362815,3626193,39832502,476570452,,,12
4294,8,27863154,1,-16,157,-1245,8858,,,40319,362815,3626193,39832498,476570038,,,12
4295,8,27863415,1,-16,157,-1246,8877,,,40319,362815,3626193,39832499,476570163,,,12
4296,8,27863514,1,-16,158,-1286,9796,,,40319,362815,3626192,39832418,476566292,,,12
4297,8,27864135,1,-16,158,-1284,9753,-76100,,40319,362815,3626192,39832416,476566047,6161075867,,13
4298,8,27864153,1,-16,158,-1286,9807,,,40319,362815,3626192,39832418,476566281,,,12
4299,8,27864315,1,-16,157,-1246,8859,,,40319,362815,3626193,39832499,476570181,,,12
4300,8,27864513,1,-16,156,-1224,8691,,,40319,362815,3626194,39832598,476575893,,,12
4301,8,27865134,1,-16,156,-1218,8457,,,40319,362815,3626194,39832592,476575263,,,12
4302,8,27865143,1,-16,156,-1216,8349,,,40319,362815,3626194,39832590,476575083,,,12
4303,8,27865314,1,-16,157,-1256,9278,,,40319,362815,3626193,39832509,476571202,,,12
4304,8,27865413,1,-16,156,-1224,8655,,,40319,362815,3626194,39832598,476575929,,,12
4305,4,28345617,1,-16,157,-1257,9307,,,40319,362815,3626193,39832510,476571317,,,12
4306,8,28346517,1,-16,157,-1244,8815,,,40319,362815,3626193,39832497,476569937,,,12
4307,4,28354617,1,-16,157,-1245,8841,,,40319,362815,3626193,39832498,476570055,,,12
4308,8,28356417,1,-16,158,-1276,9449,,,40319,362815,3626192,39832408,476565199,,,12
4309,8,28364517,1,-16,158,-1276,9425,,,40319,362815,3626192,39832408,476565223,,,12
4310,8,28365417,1,-16,157,-1244,8842,,,40319,362815,3626193,39832497,476569910,,,12
4311,4,28436517,1,-16,157,-1244,8804,,,40319,362815,3626193,39832497,476569948,,,12
4312,2,28463517,1,-16,158,-1272,9218,,,40319,362815,3626192,39832404,476564854,,,12
4313,2,28536417,1,-16,158,-1272,9238,,,40319,362815,3626192,39832404,476564834,,,12
4314,4,32416875,1,-16,156,-1232,9017,,,40319,362815,3626194,39832606,476576719,,,12
4315,8,32417856,1,-16,155,-1196,8261,,,40319,362815,3626195,39832691,476581003,,,12
4316,8,32417865,1,-16,155,-1196,8254,-55831,,40319,362815,3626195,39832691,476581010,6161710473,,13
4317,4,32418576,1,-16,156,-1232,9013,,,40319,362815,3626194,39832606,476576723,,,12
4318,8,32418675,1,-16,155,-1197,8285,,,40319,362815,3626195,39832692,476581123,,,12
4319,8,32418756,1,-16,155,-1196,8260,-56263,,40319,362815,3626195,39832691,476581004,6161709891,,13
4320,8,32458176,1,-16,156,-1217,8400,,,40319,362815,3626194,39832591,476575176,,,12
4321,8,32461875,1,-16,157,-1244,8738,-55297,,40319,362815,3626193,39832497,476570014,6161230655,,13
4322,8,32468175,1,-16,158,-1280,9598,,,40319,362815,3626192,39832412,476565626,,,12
4323,8,32471856,1,-16,157,-1245,8844,-59727,,40319,362815,3626193,39832498,476570052,6161229339,,13
4324,8,32471865,1,-16,157,-1245,8838,,,40319,362815,3626193,39832498,476570058,,,12
4325,8,32478156,1,-16,156,-1209,8127,,,40319,362815,3626194,39832583,476574297,,,12
4326,8,32478165,1,-16,156,-1209,8118,-48766,,40319,362815,3626194,39832583,476574306,6161393800,,13
4327,4,32481576,1,-16,156,-1208,8026,,,40319,362815,3626194,39832582,476574254,,,12
4328,8,32481675,1,-16,156,-1212,8213,-50227,,40319,362815,3626194,39832586,476574643,6161415710,,13
4329,8,32481756,1,-16,156,-1212,8211,,,40319,362815,3626194,39832586,476574645,,,12
4330,8,32481765,1,-16,156,-1219,8433,-53270,,40319,362815,3626194,39832593,476575431,6161466749,,13
4331,8,32485176,1,-16,157,-1241,8647,-53748,,40319,362815,3626193,39832494,476569673,6161207981,,13
4332,8,32486175,1,-16,158,-1282,9711,,,40319,362815,3626192,39832414,476565801,,,12
4333,8,32487156,1,-16,156,-1209,8130,,,40319,362815,3626194,39832583,476574294,,,12
4334,8,32487165,1,-16,156,-1211,8169,,,40319,362815,3626194,39832585,476574543,,,12
4335,8,32517846,1,-16,158,-1278,9386,,,40319,362815,3626192,39832410,476565550,,,12
4336,8,32517864,1,-16,157,-1244,8754,,,40319,362815,3626193,39832497,476569998,,,12
4337,4,32518476,1,-16,158,-1277,9261,,,40319,362815,3626192,39832409,476565531,,,12
4338,8,32518674,1,-16,157,-1244,8755,,,40319,362815,3626193,39832497,476569997,,,12
4339,8,32518746,1,-16,158,-1276,9308,,,40319,362815,3626192,39832408,476565340,,,12
4340,8,32518764,1,-16,157,-1252,9054,,,40319,362815,3626193,39832505,476570850,,,12
4341,8,32548176,1,-16,156,-1217,8363,,,40319,362815,3626194,39832591,476575213,,,12
4342,4,32561874,1,-16,157,-1238,8539,,,40319,362815,3626193,39832491,476569349,,,12
4343,8,32568174,1,-16,158,-1273,9301,,,40319,362815,3626192,39832405,476564915,,,12
4344,8,32571846,1,-16,159,-1309,10020,,,40319,362815,3626191,39832320,476560668,,,12
4345,8,32571864,1,-16,159,-1308,9995,-75890,,40319,362815,3626191,39832319,476560549,6160836015,,13
4346,8,32578146,1,-16,158,-1276,9380,-65860,,40319,362815,3626192,39832408,476565268,6161031320,,13
4347,8,32578164,1,-16,158,-1272,9226,-62613,,40319,362815,3626192,39832404,476564846,6161005427,,13
4348,4,32581476,1,-16,158,-1271,9107,,,40319,362815,3626192,39832403,476564821,,,12
4349,8,32581674,1,-16,158,-1269,9110,,,40319,362815,3626192,39832401,476564530,,,12
4350,8,32581746,1,-16,159,-1304,9804,,,40319,362815,3626191,39832315,476560164,,,12
4351,8,32581764,1,-16,158,-1275,9329,,,40319,362815,3626192,39832407,476565175,,,12
4352,8,32584176,1,-16,158,-1272,9179,,,40319,362815,3626192,39832404,476564893,,,12
4353,8,32586174,1,-16,159,-1308,10012,,,40319,362815,3626191,39832319,476560532,,,12
4354,8,32587146,1,-16,158,-1269,9089,,,40319,362815,3626192,39832401,476564551,,,12
4355,8,32587164,1,-16,158,-1274,9343,,,40319,362815,3626192,39832406,476565017,,,12
4356,4,32614875,1,-16,158,-1286,9684,,,40319,362815,3626192,39832418,476566404,,,12
4357,8,32615874,1,-16,158,-1277,9315,,,40319,362815,3626192,39832409,476565477,,,12
4358,8,32617845,1,-16,157,-1244,8767,,,40319,362815,3626193,39832497,476569985,,,12
4359,8,32617854,1,-16,157,-1244,8770,-56836,,40319,362815,3626193,39832497,476569982,6161226786,,13
4360,8,32618475,1,-16,159,-1308,9904,-71394,,40319,362815,3626191,39832319,476560640,6160846898,,13
4361,8,32618574,1,-16,159,-1316,10267,,,40319,362815,3626191,39832327,476561429,,,12
4362,8,32618745,1,-16,157,-1241,8648,-54150,,40319,362815,3626193,39832494,476569672,6161208214,,13
4363,8,32618754,1,-16,157,-1243,8709,-54961,,40319,362815,3626193,39832496,476569899,6161223052,,13
4364,8,32648175,1,-16,159,-1310,10046,-76317,,40319,362815,3626191,39832321,476560786,6160852159,,13
4365,4,32651874,1,-16,157,-1239,8573,,,40319,362815,3626193,39832492,476569459,,,12
4366,8,32658174,1,-16,158,-1274,9320,,,40319,362815,3626192,39832406,476565040,,,12
4367,8,32671845,1,-16,157,-1239,8577,,,40319,362815,3626193,39832492,476569455,,,12
4368,8,32671854,1,-16,157,-1239,8589,,,40319,362815,3626193,39832492,476569443,,,12
4369,8,32678145,1,-16,156,-1211,8166,,,40319,362815,3626194,39832585,476574546,,,12
4370,8,32678154,1,-16,156,-1211,8177,-49289,,40319,362815,3626194,39832585,476574535,6161408688,,13
4371,8,32681475,1,-16,159,-1305,9845,,,40319,362815,3626191,39832316,476560267,,,12
4372,8,32681574,1,-16,159,-1308,9980,,,40319,362815,3626191,39832319,476560564,,,12
4373,8,32681745,1,-16,158,-1273,9297,,,40319,362815,3626192,39832405,476564919,,,12
4374,8,32681754,1,-16,158,-1274,9321,-65369,,40319,362815,3626192,39832406,476565039,6161016464,,13
4375,8,32684175,1,-16,159,-1297,9527,,,40319,362815,3626191,39832308,476559433,,,12
4376,8,32685174,1,-16,159,-1302,9734,,,40319,362815,3626191,39832313,476559946,,,12
4377,8,32687145,1,-16,156,-1206,8002,-46084,,40319,362815,3626194,39832580,476573990,6161374218,,13
4378,8,32687154,1,-16,156,-1206,7991,,,40319,362815,3626194,39832580,476574001,,,12
4379,8,32714856,1,-16,158,-1275,9245,,,40319,362815,3626192,39832407,476565259,,,12
4380,8,32714865,1,-16,158,-1275,9256,,,40319,362815,3626192,39832407,476565248,,,12
4381,8,32715846,1,-16,159,-1315,10199,,,40319,362815,3626191,39832326,476561353,,,12
4382,8,32715864,1,-16,159,-1320,10432,-84506,,40319,362815,3626191,39832331,476561840,6160916794,,13
4383,8,32716845,1,-16,158,-1281,9537,,,40319,362815,3626192,39832413,476565831,,,12
4384,8,32716854,1,-16,158,-1287,9791,,,40319,362815,3626192,39832419,476566441,,,12
4385,8,32718456,1,-16,157,-1251,9060,,,40319,362815,3626193,39832504,476570700,,,12
4386,8,32718465,1,-16,157,-1242,8674,,,40319,362815,3626193,39832495,476569790,,,12
4387,8,32718546,1,-16,157,-1242,8673,,,40319,362815,3626193,39832495,476569791,,,12
4388,8,32718564,1,-16,157,-1250,9014,-62345,433097,40319,362815,3626193,39832503,476570602,6161264067,85461369287,14
4389,8,32718645,1,-16,157,-1248,8942,,,40319,362815,3626193,39832501,476570386,,,12
4390,8,32718654,1,-16,157,-1254,9182,,,40319,362815,3626193,39832507,476571010,,,12
4391,8,32741856,1,-16,158,-1268,9009,,,40319,362815,3626192,39832400,476564487,,,12
4392,8,32741865,1,-16,158,-1266,8923,,,40319,362815,3626192,39832398,476564285,,,12
4393,8,32748156,1,-16,158,-1267,9019,,,40319,362815,3626192,39832399,476564333,,,12
4394,8,32748165,1,-16,158,-1265,8930,,,40319,362815,3626192,39832397,476564134,,,12
4395,8,32751846,1,-16,159,-1299,9582,-65128,,40319,362815,3626191,39832310,476559666,6160785538,,13
4396,8,32751864,1,-16,159,-1304,9802,,,40319,362815,3626191,39832315,476560166,,,12
4397,8,32758146,1,-16,159,-1305,9864,-72517,,40319,362815,3626191,39832316,476560248,6160818277,,13
4398,8,32758164,1,-16,159,-1308,9998,,,40319,362815,3626191,39832319,476560546,,,12
4399,8,32761845,1,-16,157,-1235,8437,-49902,,40319,362815,3626193,39832488,476569019,6161166617,,13
4400,8,32761854,1,-16,157,-1236,8459,,,40319,362815,3626193,39832489,476569141,,,12
4401,8,32768145,1,-16,156,-1206,7997,,,40319,362815,3626194,39832580,476573995,,,12
4402,8,32768154,1,-16,156,-1206,7973,,,40319,362815,3626194,39832580,476574019,,,12
4403,8,32781456,1,-16,156,-1211,8156,-48286,,40319,362815,3626194,39832585,476574556,6161411234,,13
4404,8,32781465,1,-16,156,-1206,7968,,,40319,362815,3626194,39832580,476574024,,,12
4405,8,32781546,1,-16,156,-1206,7969,,,40319,362815,3626194,39832580,476574023,,,12
4406,8,32781564,1,-16,156,-1211,8177,-49371,,40319,362815,3626194,39832585,476574535,6161408770,,13
4407,8,32781645,1,-16,156,-1209,8101,,,40319,362815,3626194,39832583,476574323,,,12
4408,8,32781654,1,-16,156,-1214,8270,,,40319,362815,3626194,39832588,476574874,,,12
4409,8,32784156,1,-16,157,-1239,8600,,,40319,362815,3626193,39832492,476569432,,,12
4410,8,32784165,1,-16,157,-1235,8446,,,40319,362815,3626193,39832488,476569010,,,12
4411,8,32785146,1,-16,158,-1273,9304,,,40319,362815,3626192,39832405,476564912,,,12
4412,8,32785164,1,-16,158,-1276,9412,-67860,,40319,362815,3626192,39832408,476565236,6161027912,,13
4413,8,32786145,1,-16,156,-1209,8140,,,40319,362815,3626194,39832583,476574284,,,12
4414,8,32786154,1,-16,156,-1209,8098,,,40319,362815,3626194,39832583,476574326,,,12
4415,8,32814675,1,-16,157,-1253,9169,,,40319,362815,3626193,39832506,476570879,,,12
4416,8,32814756,1,-16,157,-1253,9162,,,40319,362815,3626193,39832506,476570886,,,12
4417,8,32814765,1,-16,156,-1219,8457,,,40319,362815,3626194,39832593,476575407,,,12
4418,8,32815674,1,-16,156,-1216,8359,,,40319,362815,3626194,39832590,476575073,,,12
4419,8,32815746,1,-16,157,-1250,9017,,,40319,362815,3626193,39832503,476570599,,,12
4420,8,32815764,1,-16,157,-1250,9020,,,40319,362815,3626193,39832503,476570596,,,12
4421,8,32816475,1,-16,157,-1252,9090,,,40319,362815,3626193,39832505,476570814,,,12
4422,8,32816574,1,-16,157,-1249,8972,,,40319,362815,3626193,39832502,476570500,,,12
4423,8,32816745,1,-16,156,-1220,8495,,,40319,362815,3626194,39832594,476575513,,,12
4424,8,32816754,1,-16,156,-1220,8491,,,40319,362815,3626194,39832594,476575517,,,12
4425,8,32817456,1,-16,156,-1219,8444,,,40319,362815,3626194,39832593,476575420,,,12
4426,8,32817465,1,-16,157,-1258,9359,-70711,,40319,362815,3626193,39832511,476571409,6161311472,,13
4427,8,32817546,1,-16,157,-1258,9359,-70742,,40319,362815,3626193,39832511,476571409,6161311503,,13
4428,8,32817564,1,-16,156,-1225,8698,,,40319,362815,3626194,39832599,476576030,,,12
4429,8,32817645,1,-16,156,-1223,8615,,,40319,362815,3626194,39832597,476575825,,,12
4430,8,32817654,1,-16,155,-1196,8194,,,40319,362815,3626195,39832691,476581070,,,12
4431,8,32841675,1,-16,157,-1237,8490,,,40319,362815,3626193,39832490,476569254,,,12
4432,8,32841756,1,-16,157,-1237,8485,,,40319,362815,3626193,39832490,476569259,,,12
4433,8,32841765,1,-16,157,-1244,8759,,,40319,362815,3626193,39832497,476569993,,,12
4434,4,32845176,1,-16,157,-1238,8564,,,40319,362815,3626193,39832491,476569324,,,12
4435,8,32846175,1,-16,159,-1306,9951,,,40319,362815,3626191,39832317,476560305,,,12
4436,8,32847156,1,-16,158,-1269,9126,,,40319,362815,3626192,39832401,476564514,,,12
4437,8,32847165,1,-16,158,-1273,9231,,,40319,362815,3626192,39832405,476564985,,,12
4438,8,32851674,1,-16,158,-1271,9206,,,40319,362815,3626192,39832403,476564722,,,12
4439,8,32851746,1,-16,159,-1304,9759,,,40319,362815,3626191,39832315,476560209,,,12
4440,8,32851764,1,-16,158,-1267,8983,-56228,,40319,362815,3626192,39832399,476564369,6160979269,,13
4441,4,32854176,1,-16,157,-1238,8544,,,40319,362815,3626193,39832491,476569344,,,12
4442,8,32856174,1,-16,158,-1271,9203,,,40319,362815,3626192,39832403,476564725,,,12
4443,8,32857146,1,-16,159,-1307,9945,-74332,,40319,362815,3626191,39832318,476560455,6160830739,,13
4444,8,32857164,1,-16,159,-1308,10009,-76678,,40319,362815,3626191,39832319,476560535,6160834437,,13
4445,8,32861475,1,-16,159,-1307,9940,-74362,,40319,362815,3626191,39832318,476560460,6160831614,,13
4446,8,32861574,1,-16,159,-1308,10009,-76583,,40319,362815,3626191,39832319,476560535,6160834342,,13
4447,8,32861745,1,-16,158,-1278,9474,,,40319,362815,3626192,39832410,476565462,,,12
4448,8,32861754,1,-16,158,-1279,9515,,,40319,362815,3626192,39832411,476565565,,,12
4449,8,32864175,1,-16,159,-1305,9836,,,40319,362815,3626191,39832316,476560276,,,12
4450,8,32865174,1,-16,158,-1265,8943,,,40319,362815,3626192,39832397,476564121,,,12
4451,8,32867145,1,-16,156,-1209,8119,,,40319,362815,3626194,39832583,476574305,,,12
4452,8,32867154,1,-16,156,-1209,8114,,,40319,362815,3626194,39832583,476574310,,,12
4453,8,32871456,1,-16,156,-1211,8178,,,40319,362815,3626194,39832585,476574534,,,12
4454,8,32871465,1,-16,156,-1206,7970,,,40319,362815,3626194,39832580,476574022,,,12
4455,8,32871546,1,-16,156,-1206,7951,,,40319,362815,3626194,39832580,476574041,,,12
4456,8,32871564,1,-16,156,-1209,8087,,,40319,362815,3626194,39832583,476574337,,,12
4457,8,32871645,1,-16,156,-1209,8073,,,40319,362815,3626194,39832583,476574351,,,12
4458,8,32871654,1,-16,156,-1218,8408,,,40319,362815,3626194,39832592,476575312,,,12
4459,8,32874156,1,-16,157,-1239,8587,,,40319,362815,3626193,39832492,476569445,,,12
4460,8,32874165,1,-16,157,-1235,8416,,,40319,362815,3626193,39832488,476569040,,,12
4461,8,32875146,1,-16,158,-1275,9355,,,40319,362815,3626192,39832407,476565149,,,12
4462,8,32875164,1,-16,158,-1278,9464,-68098,,40319,362815,3626192,39832410,476565472,6161043698,,13
4463,8,32876145,1,-16,156,-1211,8175,,,40319,362815,3626194,39832585,476574537,,,12
4464,8,32876154,1,-16,156,-1214,8268,-50551,,40319,362815,3626194,39832588,476574876,6161431075,,13
4465,2,34127856,1,-16,154,-1160,7502,,,40319,362815,3626196,39832776,476585290,,,12
4466,8,34127865,1,-16,154,-1160,7499,,,40319,362815,3626196,39832776,476585293,,,12
4467,4,34128675,1,-16,154,-1161,7532,,,40319,362815,3626196,39832777,476585404,,,12
4468,4,34157826,1,-16,158,-1272,9208,,,40319,362815,3626192,39832404,476564864,,,12
4469,8,34158726,1,-16,158,-1274,9331,-65994,,40319,362815,3626192,39832406,476565029,6161015399,,13
4470,8,34167825,1,-16,157,-1242,8715,,,40319,362815,3626193,39832495,476569749,,,12
4471,8,34168275,1,-16,159,-1304,9834,,,40319,362815,3626191,39832315,476560134,,,12
4472,8,34168725,1,-16,157,-1237,8567,,,40319,362815,3626193,39832490,476569177,,,12
4473,4,34172856,1,-16,158,-1280,9507,-67527,,40319,362815,3626192,39832412,476565717,6161060196,,13
4474,8,34172865,1,-16,158,-1280,9535,-69336,,40319,362815,3626192,39832412,476565689,6161057273,,13
4475,8,34175826,1,-16,159,-1306,9918,-74209,,40319,362815,3626191,39832317,476560338,6160823011,,13
4476,8,34176825,1,-16,157,-1237,8571,,,40319,362815,3626193,39832490,476569173,,,12
4477,8,34178256,1,-16,157,-1238,8567,,,40319,362815,3626193,39832491,476569321,,,12
4478,8,34178265,1,-16,157,-1238,8575,,,40319,362815,3626193,39832491,476569313,,,12
4479,8,34178526,1,-16,158,-1273,9319,,,40319,362815,3626192,39832405,476564897,,,12
4480,8,34178625,1,-16,157,-1241,8752,,,40319,362815,3626193,39832494,476569568,,,12
4481,8,34182675,1,-16,157,-1248,8986,-63369,,40319,362815,3626193,39832501,476570342,6161245487,,13
4482,8,34182756,1,-16,157,-1248,8984,,,40319,362815,3626193,39832501,476570344,,,12
4483,8,34182765,1,-16,157,-1253,9108,,,40319,362815,3626193,39832506,476570940,,,12
4484,8,34185726,1,-16,159,-1308,10018,,,40319,362815,3626191,39832319,476560526,,,12
4485,8,34186275,1,-16,159,-1308,9996,,,40319,362815,3626191,39832319,476560548,,,12
4486,8,34186725,1,-16,157,-1241,8735,,,40319,362815,3626193,39832494,476569585,,,12
4487,8,34187256,1,-16,157,-1238,8585,,,40319,362815,3626193,39832491,476569303,,,12
4488,8,34187265,1,-16,157,-1238,8547,,,40319,362815,3626193,39832491,476569341,,,12
4489,8,34187526,1,-16,158,-1273,9270,,,40319,362815,3626192,39832405,476564946,,,12
4490,8,34187625,1,-16,157,-1242,8730,,,40319,362815,3626193,39832495,476569734,,,12
4491,4,34217865,1,-16,154,-1160,7498,,,40319,362815,3626196,39832776,476585294,,,12
4492,8,34218675,1,-16,154,-1161,7528,,,40319,362815,3626196,39832777,476585408,,,12
4493,4,34218756,1,-16,154,-1160,7489,,,40319,362815,3626196,39832776,476585303,,,12
4494,8,34268175,1,-16,158,-1276,9418,,,40319,362815,3626192,39832408,476565230,,,12
4495,8,34271865,1,-16,157,-1248,8977,,,40319,362815,3626193,39832501,476570351,,,12
4496,8,34278156,1,-16,156,-1209,8118,-48617,,40319,362815,3626194,39832583,476574306,6161393651,,13
4497,8,34278165,1,-16,156,-1209,8109,,,40319,362815,3626194,39832583,476574315,,,12
4498,8,34281675,1,-16,156,-1216,8378,,,40319,362815,3626194,39832590,476575054,,,12
4499,4,34281756,1,-16,156,-1216,8348,,,40319,362815,3626194,39832590,476575084,,,12
4500,8,34281765,1,-16,156,-1226,8746,-61306,,40319,362815,3626194,39832600,476576126,6161507064,,13
4501,8,34286175,1,-16,158,-1280,9607,,,40319,362815,3626192,39832412,476565617,,,12
4502,8,34287156,1,-16,156,-1209,8151,,,40319,362815,3626194,39832583,476574273,,,12
4503,8,34287165,1,-16,156,-1209,8052,,,40319,362815,3626194,39832583,476574372,,,12
4504,8,34518726,1,-16,157,-1242,8729,,,40319,362815,3626193,39832495,476569735,,,12
4505,8,34571826,1,-16,158,-1281,9594,,,40319,362815,3626192,39832413,476565774,,,12
4506,8,34581726,1,-16,158,-1277,9461,,,40319,362815,3626192,39832409,476565331,,,12
4507,4,34617825,1,-16,158,-1267,8979,,,40319,362815,3626192,39832399,476564373,,,12
4508,8,34618275,1,-16,159,-1304,9801,,,40319,362815,3626191,39832315,476560167,,,12
4509,8,34618725,1,-16,158,-1266,8986,,,40319,362815,3626192,39832398,476564222,,,12
4510,8,34628175,1,-16,159,-1309,10026,,,40319,362815,3626191,39832320,476560662,,,12
4511,8,34671825,1,-16,158,-1280,9532,,,40319,362815,3626192,39832412,476565692,,,12
4512,8,34681275,1,-16,158,-1271,9209,,,40319,362815,3626192,39832403,476564719,,,12
4513,8,34681725,1,-16,159,-1305,9879,,,40319,362815,3626191,39832316,476560233,,,12
4514,8,34682175,1,-16,158,-1271,9233,,,40319,362815,3626192,39832403,476564695,,,12
4515,8,34712865,1,-16,157,-1238,8566,,,40319,362815,3626193,39832491,476569322,,,12
4516,8,34715826,1,-16,159,-1288,9120,,,40319,362815,3626191,39832299,476558544,,,11
4517,8,34716825,1,-16,159,-1297,9567,,,40319,362815,3626191,39832308,476559393,,,12
4518,4,34718256,1,-16,158,-1270,9134,,,40319,362815,3626192,39832402,476564650,,,12
4519,8,34718265,1,-16,158,-1270,9153,,,40319,362815,3626192,39832402,476564631,,,12
4520,8,34718526,1,-16,159,-1294,9436,,,40319,362815,3626191,39832305,476559092,,,12
4521,8,34718625,1,-16,159,-1301,9776,,,40319,362815,3626191,39832312,476559760,,,12
4522,8,34721865,1,-16,157,-1238,8569,,,40319,362815,3626193,39832491,476569319,,,12
4523,8,34728156,1,-16,158,-1271,9244,,,40319,362815,3626192,39832403,476564684,,,12
4524,8,34728165,1,-16,158,-1271,9213,-63324,,40319,362815,3626192,39832403,476564715,6160996167,,13
4525,8,34751826,1,-16,159,-1303,9783,,,40319,362815,3626191,39832314,476560041,,,12
4526,8,34761825,1,-16,158,-1269,9121,-60562,,40319,362815,3626192,39832401,476564519,6160984617,,13
4527,4,34781256,1,-16,156,-1204,7876,,,40319,362815,3626194,39832578,476573828,,,12
4528,8,34781265,1,-16,156,-1204,7898,,,40319,362815,3626194,39832578,476573806,,,12
4529,8,34781526,1,-16,158,-1267,9053,,,40319,362815,3626192,39832399,476564299,,,12
4530,8,34781625,1,-16,158,-1269,9150,-62344,,40319,362815,3626192,39832401,476564490,6160981498,,13
4531,8,34782156,1,-16,156,-1204,7924,,,40319,362815,3626194,39832578,476573780,,,12
4532,8,34782165,1,-16,156,-1204,7915,,,40319,362815,3626194,39832578,476573789,,,12
4533,8,34812675,1,-16,156,-1209,8126,,,40319,362815,3626194,39832583,476574298,,,12
4534,8,34812765,1,-16,156,-1213,8219,-49090,,40319,362815,3626194,39832587,476574781,6161425727,,13
4535,8,34815726,1,-16,159,-1297,9576,-67001,,40319,362815,3626191,39832308,476559384,6160764089,,13
4536,8,34816275,1,-16,159,-1302,9764,-70866,,40319,362815,3626191,39832313,476559916,6160797022,,13
4537,8,34816725,1,-16,158,-1266,9035,,,40319,362815,3626192,39832398,476564173,,,12
4538,8,34817265,1,-16,158,-1273,9274,,,40319,362815,3626192,39832405,476564942,,,12
4539,8,34817526,1,-16,159,-1301,9733,,,40319,362815,3626191,39832312,476559803,,,12
4540,8,34817625,1,-16,158,-1266,8996,-57697,,40319,362815,3626192,39832398,476564212,6160966373,,13
4541,8,34821675,1,-16,156,-1209,8150,,,40319,362815,3626194,39832583,476574274,,,12
4542,8,34821765,1,-16,156,-1211,8122,,,40319,362815,3626194,39832585,476574590,,,12
4543,8,34826175,1,-16,159,-1306,9949,,,40319,362815,3626191,39832317,476560307,,,12
4544,4,34827156,1,-16,158,-1272,9225,,,40319,362815,3626192,39832404,476564847,,,12
4545,8,34827165,1,-16,158,-1282,9634,,,40319,362815,3626192,39832414,476565878,,,12
4546,8,34851726,1,-16,159,-1299,9605,,,40319,362815,3626191,39832310,476559643,,,12
4547,8,34861275,1,-16,158,-1267,9066,,,40319,362815,3626192,39832399,476564286,,,12
4548,8,34861725,1,-16,159,-1303,9784,,,40319,362815,3626191,39832314,476560040,,,12
4549,8,34862175,1,-16,158,-1267,9062,,,40319,362815,3626192,39832399,476564290,,,12
4550,2,34872156,1,-16,156,-1204,7931,,,40319,362815,3626194,39832578,476573773,,,12
4551,8,35148726,1,-16,159,-1306,9913,-74041,,40319,362815,3626191,39832317,476560343,6160823688,,13
4552,8,35168274,1,-16,160,-1335,10410,,,40319,362815,3626190,39832225,476555310,,,12
4553,8,35168724,1,-16,158,-1274,9328,-65543,,40319,362815,3626192,39832406,476565032,6161015455,,13
4554,2,35172846,1,-16,159,-1308,9992,-75160,,40319,362815,3626191,39832319,476560552,6160835792,,13
4555,8,35172864,1,-16,160,-1340,10571,,,40319,362815,3626190,39832230,476555869,,,12
4556,4,35174826,1,-16,160,-1323,9812,,,40319,362815,3626190,39832213,476554180,,,12
4557,8,35176824,1,-16,158,-1274,9328,-65559,,40319,362815,3626192,39832406,476565032,6161015471,,13
4558,8,35178246,1,-16,159,-1309,10021,,,40319,362815,3626191,39832320,476560667,,,12
4559,8,35178264,1,-16,159,-1299,9615,,,40319,362815,3626191,39832310,476559633,,,12
4560,8,35178426,1,-16,159,-1296,9507,,,40319,362815,3626191,39832307,476559309,,,12
4561,8,35178624,1,-16,158,-1272,9252,-63912,,40319,362815,3626192,39832404,476564820,6161002332,,13
4562,4,35182674,1,-16,159,-1300,9673,,,40319,362815,3626191,39832311,476559719,,,12
4563,4,35182764,1,-16,159,-1305,9800,,,40319,362815,3626191,39832316,476560312,,,12
4564,8,35184726,1,-16,160,-1328,10059,,,40319,362815,3626190,39832218,476554653,,,12
4565,8,35186274,1,-16,160,-1333,10283,,,40319,362815,3626190,39832223,476555149,,,12
4566,8,35186724,1,-16,158,-1272,9241,,,40319,362815,3626192,39832404,476564831,,,12
4567,8,35187246,1,-16,159,-1305,9861,,,40319,362815,3626191,39832316,476560251,,,12
4568,8,35187264,1,-16,159,-1299,9607,,,40319,362815,3626191,39832310,476559641,,,12
4569,8,35187426,1,-16,159,-1296,9525,,,40319,362815,3626191,39832307,476559291,,,12
4570,8,35187624,1,-16,158,-1277,9447,,,40319,362815,3626192,39832409,476565345,,,12
4571,8,35218674,1,-16,157,-1248,8980,-62915,,40319,362815,3626193,39832501,476570348,6161246047,,13
4572,4,35218746,1,-16,158,-1280,9544,,,40319,362815,3626192,39832412,476565680,,,12
4573,8,35218764,1,-16,157,-1254,9152,,,40319,362815,3626193,39832507,476571040,,,12
4574,8,35268174,1,-16,160,-1340,10653,,,40319,362815,3626190,39832230,476555787,,,12
4575,4,35271864,1,-16,160,-1344,10796,,,40319,362815,3626190,39832234,476556220,,,12
4576,8,35278146,1,-16,159,-1302,9753,,,40319,362815,3626191,39832313,476559927,,,12
4577,8,35278164,1,-16,159,-1305,9912,-74921,,40319,362815,3626191,39832316,476560200,6160812569,,13
4578,8,35281674,1,-16,159,-1308,10047,,,40319,362815,3626191,39832319,476560497,,,12
4579,4,35281746,1,-16,160,-1344,10771,,,40319,362815,3626190,39832234,476556245,,,12
4580,8,35281764,1,-16,159,-1317,10353,,,40319,362815,3626191,39832328,476561487,,,12
4581,8,35286174,1,-16,160,-1336,10470,-82939,,40319,362815,3626190,39832226,476555394,6160612717,,13
4582,8,35287146,1,-16,159,-1301,9761,-72056,,40319,362815,3626191,39832312,476559775,6160786551,,13
4583,8,35287164,1,-16,159,-1305,9877,-72922,,40319,362815,3626191,39832316,476560235,6160816485,,13
4584,8,35418726,1,-16,157,-1237,8543,,,40319,362815,3626193,39832490,476569201,,,12
4585,8,35481726,1,-16,158,-1274,9359,,,40319,362815,3626192,39832406,476565001,,,12
4586,8,35618274,1,-16,159,-1303,9756,,,40319,362815,3626191,39832314,476560068,,,12
4587,8,35618724,1,-16,158,-1275,9340,,,40319,362815,3626192,39832407,476565164,,,12
4588,8,35628174,1,-16,159,-1304,9833,,,40319,362815,3626191,39832315,476560135,,,12
4589,4,35671824,1,-16,157,-1257,9312,,,40319,362815,3626193,39832510,476571312,,,12
4590,8,35681274,1,-16,158,-1267,9006,,,40319,362815,3626192,39832399,476564346,,,12
4591,8,35681724,1,-16,159,-1314,10228,,,40319,362815,3626191,39832325,476561180,,,12
4592,8,35712864,1,-16,159,-1305,9872,,,40319,362815,3626191,39832316,476560240,,,12
4593,8,35714826,1,-16,160,-1326,10006,-70854,,40319,362815,3626190,39832216,476554418,6160557368,,13
4594,8,35716824,1,-16,160,-1345,10812,,,40319,362815,3626190,39832235,476556348,,,12
4595,4,35718246,1,-16,159,-1318,10429,,,40319,362815,3626191,39832329,476561555,,,12
4596,8,35718264,1,-16,160,-1342,10657,,,40319,362815,3626190,39832232,476556071,,,12
4597,8,35718426,1,-16,160,-1334,10351,-78852,,40319,362815,3626190,39832224,476555225,6160604405,,13
4598,8,35718624,1,-16,160,-1340,10587,-83836,,40319,362815,3626190,39832230,476555853,6160642513,,13
4599,8,35721864,1,-16,159,-1305,9883,-73309,,40319,362815,3626191,39832316,476560229,6160815858,,13
4600,8,35728146,1,-16,160,-1340,10594,,,40319,362815,3626190,39832230,476555846,,,12
4601,8,35728164,1,-16,160,-1338,10516,-82894,,40319,362815,3626190,39832228,476555636,6160629234,,13
4602,8,35741826,1,-16,160,-1336,10475,,,40319,362815,3626190,39832226,476555389,,,12
4603,8,35761824,1,-16,158,-1283,9684,,,40319,362815,3626192,39832415,476565972,,,12
4604,4,35781246,1,-16,157,-1252,9109,-64553,,40319,362815,3626193,39832505,476570795,6161274556,,13
4605,8,35781264,1,-16,158,-1275,9342,,,40319,362815,3626192,39832407,476565162,,,12
4606,8,35781426,1,-16,159,-1312,10153,,,40319,362815,3626191,39832323,476560967,,,12
4607,8,35781624,1,-16,159,-1310,10046,-75842,,40319,362815,3626191,39832321,476560786,6160851684,,13
4608,8,35812674,1,-16,158,-1266,9039,,,40319,362815,3626192,39832398,476564169,,,12
4609,8,35812764,1,-16,158,-1269,9102,,,40319,362815,3626192,39832401,476564538,,,12
4610,8,35814726,1,-16,160,-1325,9936,,,40319,362815,3626190,39832215,476554344,,,12
4611,8,35816274,1,-16,160,-1331,10213,,,40319,362815,3626190,39832221,476554931,,,12
4612,8,35816724,1,-16,159,-1301,9699,,,40319,362815,3626191,39832312,476559837,,,12
4613,8,35817426,1,-16,160,-1326,10026,,,40319,362815,3626190,39832216,476554398,,,12
4614,8,35821674,1,-16,158,-1266,9059,,,40319,362815,3626192,39832398,476564149,,,12
4615,8,35821764,1,-16,158,-1268,9058,,,40319,362815,3626192,39832400,476564438,,,12
4616,2,35827146,1,-16,160,-1328,10074,,,40319,362815,3626190,39832218,476554638,,,12
4617,8,35841726,1,-16,160,-1333,10327,,,40319,362815,3626190,39832223,476555105,,,12
4618,8,35861274,1,-16,159,-1301,9708,,,40319,362815,3626191,39832312,476559828,,,12
4619,8,35861724,1,-16,160,-1352,11088,,,40319,362815,3626190,39832242,476557080,,,12
4620,4,36148275,1,-16,160,-1327,9893,,,40319,362815,3626190,39832217,476554675,,,12
4621,8,36148725,1,-16,159,-1286,9013,,,40319,362815,3626191,39832297,476558363,,,11
4622,8,36158274,1,-16,160,-1324,9892,,,40319,362815,3626190,39832214,476554244,,,12
4623,8,36158724,1,-16,159,-1302,9781,,,40319,362815,3626191,39832313,476559899,,,12
4624,4,36178245,1,-16,158,-1266,8929,-54029,,40319,362815,3626192,39832398,476564279,6160974028,,13
4625,8,36178254,1,-16,158,-1266,8983,,,40319,362815,3626192,39832398,476564225,,,12
4626,8,36178425,1,-16,159,-1301,9735,-70477,,40319,362815,3626191,39832312,476559801,6160789366,,13
4627,8,36178524,1,-16,159,-1306,9961,,,40319,362815,3626191,39832317,476560295,,,12
4628,8,36184725,1,-16,160,-1322,9763,,,40319,362815,3626190,39832212,476554085,,,12
4629,4,36185274,1,-16,160,-1317,9538,,,40319,362815,3626190,39832207,476553590,,,12
4630,8,36185724,1,-16,160,-1335,10382,,,40319,362815,3626190,39832225,476555338,,,12
4631,4,36187254,1,-16,158,-1266,9017,-58988,,40319,362815,3626192,39832398,476564191,6160964115,,13
4632,8,36187425,1,-16,159,-1300,9703,,,40319,362815,3626191,39832311,476559689,,,12
4633,8,36187524,1,-16,159,-1304,9855,-72891,,40319,362815,3626191,39832315,476560113,6160808004,,13
4634,8,36218475,1,-16,159,-1304,9843,,,40319,362815,3626191,39832315,476560125,,,12
4635,8,36218574,1,-16,159,-1308,9992,-75841,,40319,362815,3626191,39832319,476560552,6160836473,,13
4636,8,36218745,1,-16,157,-1238,8570,,,40319,362815,3626193,39832491,476569318,,,12
4637,8,36218754,1,-16,157,-1239,8574,,,40319,362815,3626193,39832492,476569458,,,12
4638,8,36248175,1,-16,160,-1341,10615,,,40319,362815,3626190,39832231,476555969,,,12
4639,8,36258174,1,-16,160,-1331,10193,-74274,,40319,362815,3626190,39832221,476554951,6160590025,,13
4640,8,36278145,1,-16,158,-1266,9006,-58369,,40319,362815,3626192,39832398,476564202,6160965355,,13
4641,8,36278154,1,-16,158,-1266,9006,-58358,,40319,362815,3626192,39832398,476564202,6160965344,,13
4642,8,36281475,1,-16,160,-1332,10294,,,40319,362815,3626190,39832222,476554994,,,12
4643,8,36281574,1,-16,160,-1334,10370,,,40319,362815,3626190,39832224,476555206,,,12
4644,8,36281745,1,-16,159,-1303,9808,,,40319,362815,3626191,39832314,476560016,,,12
4645,8,36281754,1,-16,159,-1305,9865,,,40319,362815,3626191,39832316,476560247,,,12
4646,8,36284175,1,-16,160,-1324,9885,,,40319,362815,3626190,39832214,476554251,,,12
4647,8,36285174,1,-16,160,-1323,9810,,,40319,362815,3626190,39832213,476554182,,,12
4648,8,36287145,1,-16,158,-1266,9050,,,40319,362815,3626192,39832398,476564158,,,12
4649,8,36287154,1,-16,158,-1266,9016,,,40319,362815,3626192,39832398,476564192,,,12
4650,8,36418275,1,-16,160,-1338,10501,,,40319,362815,3626190,39832228,476555651,,,12
4651,8,36418725,1,-16,159,-1298,9597,,,40319,362815,3626191,39832309,476559507,,,12
4652,8,36481275,1,-16,159,-1303,9795,,,40319,362815,3626191,39832314,476560029,,,12
4653,8,36481725,1,-16,160,-1335,10377,,,40319,362815,3626190,39832225,476555343,,,12
4654,8,36518274,1,-16,159,-1299,9654,,,40319,362815,3626191,39832310,476559594,,,12
4655,8,36518724,1,-16,158,-1271,9210,-62839,,40319,362815,3626192,39832403,476564718,6160996189,,13
4656,8,36581274,1,-16,158,-1266,9028,,,40319,362815,3626192,39832398,476564180,,,12
4657,8,36581724,1,-16,159,-1310,10077,,,40319,362815,3626191,39832321,476560755,,,12
4658,4,36712845,1,-16,157,-1233,8338,,,40319,362815,3626193,39832486,476568830,,,12
4659,8,36712854,1,-16,157,-1232,8319,,,40319,362815,3626193,39832485,476568705,,,12
4660,4,36714825,1,-16,159,-1287,9105,,,40319,362815,3626191,39832298,476558415,,,11
4661,8,36715824,1,-16,159,-1294,9418,,,40319,362815,3626191,39832305,476559110,,,12
4662,8,36718245,1,-16,158,-1279,9503,,,40319,362815,3626192,39832411,476565577,,,12
4663,8,36718254,1,-16,158,-1276,9388,,,40319,362815,3626192,39832408,476565260,,,12
4664,8,36718425,1,-16,159,-1304,9830,,,40319,362815,3626191,39832315,476560138,,,12
4665,8,36718524,1,-16,159,-1306,9932,,,40319,362815,3626191,39832317,476560324,,,12
4666,4,36721854,1,-16,157,-1233,8365,,,40319,362815,3626193,39832486,476568803,,,12
4667,4,36751824,1,-16,158,-1269,9121,-60770,,40319,362815,3626192,39832401,476564519,6160984825,,13
4668,8,36781245,1,-16,156,-1218,8413,,,40319,362815,3626194,39832592,476575307,,,12
4669,8,36781254,1,-16,156,-1214,8263,,,40319,362815,3626194,39832588,476574881,,,12
4670,8,36781425,1,-16,158,-1285,9744,,,40319,362815,3626192,39832417,476566200,,,12
4671,8,36781524,1,-16,158,-1282,9621,,,40319,362815,3626192,39832414,476565891,,,12
4672,8,36812475,1,-16,159,-1307,9985,,,40319,362815,3626191,39832318,476560415,,,12
4673,8,36812574,1,-16,159,-1304,9847,,,40319,362815,3626191,39832315,476560121,,,12
4674,8,36814275,1,-16,160,-1335,10398,,,40319,362815,3626190,39832225,476555322,,,12
4675,8,36815274,1,-16,160,-1326,9975,,,40319,362815,3626190,39832216,476554449,,,12
4676,8,36821475,1,-16,159,-1304,9881,,,40319,362815,3626191,39832315,476560087,,,12
4677,8,36821574,1,-16,159,-1301,9735,-70357,,40319,362815,3626191,39832312,476559801,6160789246,,13
4678,8,36841275,1,-16,159,-1298,9621,,,40319,362815,3626191,39832309,476559483,,,12
4679,8,36851274,1,-16,159,-1296,9528,,,40319,362815,3626191,39832307,476559288,,,12
4680,2,37145826,1,-16,159,-1284,9066,,,40319,362815,3626191,39832295,476558022,,,12
4681,8,37146825,1,-16,160,-1320,9778,,,40319,362815,3626190,39832210,476553782,,,12
4682,4,37148625,1,-16,160,-1320,9794,,,40319,362815,3626190,39832210,476553766,,,12
4683,2,37154826,1,-16,159,-1285,9012,,,40319,362815,3626191,39832296,476558220,,,11
4684,8,37156824,1,-16,159,-1296,9526,-65459,,40319,362815,3626191,39832307,476559290,6160758829,,13
4685,8,37158426,1,-16,160,-1321,9779,,,40319,362815,3626190,39832211,476553925,,,12
4686,8,37158624,1,-16,160,-1334,10340,,,40319,362815,3626190,39832224,476555236,,,12
4687,8,37165824,1,-16,159,-1300,9710,,,40319,362815,3626191,39832311,476559682,,,12
4688,4,37168425,1,-16,160,-1336,10470,-82816,,40319,362815,3626190,39832226,476555394,6160612594,,13
4689,8,37168524,1,-16,160,-1344,10829,,,40319,362815,3626190,39832234,476556187,,,12
4690,4,37185624,1,-16,159,-1309,10065,,,40319,362815,3626191,39832320,476560623,,,12
4691,4,37186524,1,-16,159,-1308,10045,,,40319,362815,3626191,39832319,476560499,,,12
4692,4,37214865,1,-16,158,-1276,9432,,,40319,362815,3626192,39832408,476565216,,,12
4693,8,37215864,1,-16,159,-1308,10015,,,40319,362815,3626191,39832319,476560529,,,12
4694,8,37216845,1,-16,158,-1273,9325,,,40319,362815,3626192,39832405,476564891,,,12
4695,8,37216854,1,-16,158,-1273,9255,,,40319,362815,3626192,39832405,476564961,,,12
4696,8,37218465,1,-16,157,-1237,8557,,,40319,362815,3626193,39832490,476569187,,,12
4697,8,37218564,1,-16,157,-1241,8729,,,40319,362815,3626193,39832494,476569591,,,12
4698,8,37218645,1,-16,157,-1241,8737,,,40319,362815,3626193,39832494,476569583,,,12
4699,8,37218654,1,-16,157,-1243,8750,,,40319,362815,3626193,39832496,476569858,,,12
4700,4,37251864,1,-16,160,-1336,10435,,,40319,362815,3626190,39832226,476555429,,,12
4701,8,37261845,1,-16,159,-1299,9649,,,40319,362815,3626191,39832310,476559599,,,12
4702,8,37261854,1,-16,159,-1302,9758,,,40319,362815,3626191,39832313,476559922,,,12
4703,8,37281465,1,-16,158,-1274,9376,,,40319,362815,3626192,39832406,476564984,,,12
4704,8,37281564,1,-16,158,-1274,9369,,,40319,362815,3626192,39832406,476564991,,,12
4705,8,37281645,1,-16,158,-1274,9363,,,40319,362815,3626192,39832406,476564997,,,12
4706,8,37281654,1,-16,158,-1279,9513,,,40319,362815,3626192,39832411,476565567,,,12
4707,4,37416825,1,-16,160,-1320,9812,,,40319,362815,3626190,39832210,476553748,,,12
4708,8,37418265,1,-16,159,-1294,9441,,,40319,362815,3626191,39832305,476559087,,,12
4709,4,37418526,1,-16,160,-1323,9870,,,40319,362815,3626190,39832213,476554122,,,12
4710,8,37418625,1,-16,160,-1324,9972,,,40319,362815,3626190,39832214,476554164,,,12
4711,8,37461825,1,-16,160,-1332,10295,,,40319,362815,3626190,39832222,476554993,,,12
4712,8,37481265,1,-16,158,-1267,9076,,,40319,362815,3626192,39832399,476564276,,,12
4713,4,37481526,1,-16,160,-1331,10210,,,40319,362815,3626190,39832221,476554934,,,12
4714,8,37481625,1,-16,160,-1328,10118,-74402,,40319,362815,3626190,39832218,476554594,6160566324,,13
4715,8,37518264,1,-16,160,-1328,10114,,,40319,362815,3626190,39832218,476554598,,,12
4716,4,37518426,1,-16,160,-1322,9864,,,40319,362815,3626190,39832212,476553984,,,12
4717,8,37518624,1,-16,160,-1332,10248,,,40319,362815,3626190,39832222,476555040,,,12
4718,4,37561824,1,-16,158,-1269,9095,,,40319,362815,3626192,39832401,476564545,,,12
4719,8,37581264,1,-16,159,-1302,9755,,,40319,362815,3626191,39832313,476559925,,,12
4720,4,37581426,1,-16,160,-1336,10448,,,40319,362815,3626190,39832226,476555416,,,12
4721,8,37581624,1,-16,160,-1340,10569,-83442,,40319,362815,3626190,39832230,476555871,6160645161,,13
4722,4,37612845,1,-16,157,-1232,8379,,,40319,362815,3626193,39832485,476568645,,,12
4723,8,37612854,1,-16,157,-1232,8391,,,40319,362815,3626193,39832485,476568633,,,12
4724,4,37614825,1,-16,159,-1284,9025,,,40319,362815,3626191,39832295,476558063,,,12
4725,8,37615824,1,-16,159,-1297,9594,,,40319,362815,3626191,39832308,476559366,,,12
4726,8,37618245,1,-16,158,-1269,9118,,,40319,362815,3626192,39832401,476564522,,,12
4727,8,37618254,1,-16,158,-1269,9163,,,40319,362815,3626192,39832401,476564477,,,12
4728,8,37618425,1,-16,159,-1300,9740,,,40319,362815,3626191,39832311,476559652,,,12
4729,8,37618524,1,-16,159,-1301,9751,,,40319,362815,3626191,39832312,476559785,,,12
4730,4,37621854,1,-16,157,-1232,8376,,,40319,362815,3626193,39832485,476568648,,,12
4731,4,37651824,1,-16,158,-1276,9447,,,40319,362815,3626192,39832408,476565201,,,12
4732,8,37681245,1,-16,156,-1209,8070,,,40319,362815,3626194,39832583,476574354,,,12
4733,8,37681254,1,-16,156,-1209,8121,,,40319,362815,3626194,39832583,476574303,,,12
4734,8,37681425,1,-16,158,-1280,9619,,,40319,362815,3626192,39832412,476565605,,,12
4735,8,37681524,1,-16,158,-1276,9423,,,40319,362815,3626192,39832408,476565225,,,12
4736,2,42318675,1,-16,154,-1162,7556,,,40319,362815,3626196,39832778,476585524,,,12
4737,4,42381675,1,-16,156,-1216,8387,,,40319,362815,3626194,39832590,476575045,,,12
4738,8,42381765,1,-16,156,-1223,8605,,,40319,362815,3626194,39832597,476575835,,,12
4739,2,42618375,1,-16,160,-1329,10090,,,40319,362815,3626190,39832219,476554766,,,12
4740,8,42618735,1,-16,159,-1302,9749,-70303,,40319,362815,3626191,39832313,476559931,6160798994,,13
4741,4,42681375,1,-16,160,-1329,10157,,,40319,362815,3626190,39832219,476554699,,,12
4742,8,42681735,1,-16,160,-1334,10366,,,40319,362815,3626190,39832224,476555210,,,12
4743,4,42718635,1,-16,160,-1344,10811,,,40319,362815,3626190,39832234,476556205,,,12
4744,8,42781365,1,-16,158,-1269,9150,-62378,,40319,362815,3626192,39832401,476564490,6160981532,,13
4745,8,42781635,1,-16,159,-1305,9912,-74955,,40319,362815,3626191,39832316,476560200,6160812603,,13
4746,4,43281765,1,-16,155,-1196,8219,,,40319,362815,3626195,39832691,476581045,,,12
4747,4,43618725,1,-16,158,-1266,9020,,,40319,362815,3626192,39832398,476564188,,,12
4748,4,43718265,1,-16,158,-1270,9161,-61603,,40319,362815,3626192,39832402,476564623,6160991066,,13
4749,8,43718625,1,-16,159,-1301,9765,,,40319,362815,3626191,39832312,476559771,,,12
4750,2,43781265,1,-16,156,-1204,7909,,,40319,362815,3626194,39832578,476573795,,,12
4751,2,46281735,1,-16,160,-1336,10407,-79370,,40319,362815,3626190,39832226,476555457,6160619795,,13
4752,2,46718235,1,-16,157,-1252,9066,,,40319,362815,3626193,39832505,476570838,,,12
4753,4,46718325,1,-16,158,-1278,9426,-65435,,40319,362815,3626192,39832410,476565510,6161047457,,13
4754,2,47318625,1,-16,160,-1329,10202,,,40319,362815,3626190,39832219,476554654,,,12
4755,2,47618325,1,-16,158,-1272,9275,,,40319,362815,3626192,39832404,476564797,,,12
