representative,n,g,avoidance,certificate_avoidance,status,seconds,stdout
12345678,11,83923,39832877,39832877,PASS,0.076148,tau=12345678 n=11 g_3=83923 Av_11=39832877
12345678,12,2410291,476591309,476591309,PASS,0.180196,tau=12345678 n=12 g_4=2410291 Av_12=476591309
12345768,11,83922,39832878,39832878,PASS,0.095566,tau=12345768 n=11 g_3=83922 Av_11=39832878
12345768,12,2410189,476591411,476591411,PASS,0.217814,tau=12345768 n=12 g_4=2410189 Av_12=476591411
12345786,11,84012,39832788,39832788,PASS,0.024566,tau=12345786 n=11 g_3=84012 Av_11=39832788
12345786,12,2414998,476586602,476586602,PASS,0.150567,tau=12345786 n=12 g_4=2414998 Av_12=476586602
12346578,11,83922,39832878,39832878,PASS,0.009781,tau=12346578 n=11 g_3=83922 Av_11=39832878
12346578,12,2410185,476591415,476591415,PASS,0.204824,tau=12346578 n=12 g_4=2410185 Av_12=476591415
12346758,11,84097,39832703,39832703,PASS,0.007811,tau=12346758 n=11 g_3=84097 Av_11=39832703
12346758,12,2419280,476582320,476582320,PASS,0.188940,tau=12346758 n=12 g_4=2419280 Av_12=476582320
12346785,11,84019,39832781,39832781,PASS,0.007555,tau=12346785 n=11 g_3=84019 Av_11=39832781
12346785,12,2415712,476585888,476585888,PASS,0.145287,tau=12346785 n=12 g_4=2415712 Av_12=476585888
12346857,11,84099,39832701,39832701,PASS,0.007930,tau=12346857 n=11 g_3=84099 Av_11=39832701
12346857,12,2419494,476582106,476582106,PASS,0.156381,tau=12346857 n=12 g_4=2419494 Av_12=476582106
12346875,11,84101,39832699,39832699,PASS,0.007117,tau=12346875 n=11 g_3=84101 Av_11=39832699
12346875,12,2419696,476581904,476581904,PASS,0.162728,tau=12346875 n=12 g_4=2419696 Av_12=476581904
12347658,11,83922,39832878,39832878,PASS,0.007634,tau=12347658 n=11 g_3=83922 Av_11=39832878
12347658,12,2410175,476591425,476591425,PASS,0.172384,tau=12347658 n=12 g_4=2410175 Av_12=476591425
12347685,11,84101,39832699,39832699,PASS,0.006818,tau=12347685 n=11 g_3=84101 Av_11=39832699
12347685,12,2419701,476581899,476581899,PASS,0.197740,tau=12347685 n=12 g_4=2419701 Av_12=476581899
12347856,11,84018,39832782,39832782,PASS,0.007387,tau=12347856 n=11 g_3=84018 Av_11=39832782
12347856,12,2415604,476585996,476585996,PASS,0.162282,tau=12347856 n=12 g_4=2415604 Av_12=476585996
12347865,11,84017,39832783,39832783,PASS,0.007966,tau=12347865 n=11 g_3=84017 Av_11=39832783
12347865,12,2415507,476586093,476586093,PASS,0.158275,tau=12347865 n=12 g_4=2415507 Av_12=476586093
12348675,11,84015,39832785,39832785,PASS,0.007118,tau=12348675 n=11 g_3=84015 Av_11=39832785
12348675,12,2415301,476586299,476586299,PASS,0.180554,tau=12348675 n=12 g_4=2415301 Av_12=476586299
12354678,11,83922,39832878,39832878,PASS,0.009792,tau=12354678 n=11 g_3=83922 Av_11=39832878
12354678,12,2410185,476591415,476591415,PASS,0.163606,tau=12354678 n=12 g_4=2410185 Av_12=476591415
12354768,11,83921,39832879,39832879,PASS,0.007264,tau=12354768 n=11 g_3=83921 Av_11=39832879
12354768,12,2410082,476591518,476591518,PASS,0.156137,tau=12354768 n=12 g_4=2410082 Av_12=476591518
12354786,11,84012,39832788,39832788,PASS,0.008266,tau=12354786 n=11 g_3=84012 Av_11=39832788
12354786,12,2414986,476586614,476586614,PASS,0.152457,tau=12354786 n=12 g_4=2414986 Av_12=476586614
12356478,11,84101,39832699,39832699,PASS,0.007305,tau=12356478 n=11 g_3=84101 Av_11=39832699
12356478,12,2419660,476581940,476581940,PASS,0.147132,tau=12356478 n=12 g_4=2419660 Av_12=476581940
12356748,11,84111,39832689,39832689,PASS,0.010790,tau=12356748 n=11 g_3=84111 Av_11=39832689
12356748,12,2420687,476580913,476580913,PASS,0.158269,tau=12356748 n=12 g_4=2420687 Av_12=476580913
12356784,11,84019,39832781,39832781,PASS,0.006775,tau=12356784 n=11 g_3=84019 Av_11=39832781
12356784,12,2415764,476585836,476585836,PASS,0.144499,tau=12356784 n=12 g_4=2415764 Av_12=476585836
12356847,11,84279,39832521,39832521,PASS,0.007342,tau=12356847 n=11 g_3=84279 Av_11=39832521
12356847,12,2429085,476572515,476572515,PASS,0.152352,tau=12356847 n=12 g_4=2429085 Av_12=476572515
12356874,11,84110,39832690,39832690,PASS,0.007676,tau=12356874 n=11 g_3=84110 Av_11=39832690
12356874,12,2420640,476580960,476580960,PASS,0.155305,tau=12356874 n=12 g_4=2420640 Av_12=476580960
12357468,11,84186,39832614,39832614,PASS,0.007481,tau=12357468 n=11 g_3=84186 Av_11=39832614
12357468,12,2423968,476577632,476577632,PASS,0.188286,tau=12357468 n=12 g_4=2423968 Av_12=476577632
12357486,11,84277,39832523,39832523,PASS,0.006679,tau=12357486 n=11 g_3=84277 Av_11=39832523
12357486,12,2428876,476572724,476572724,PASS,0.146219,tau=12357486 n=12 g_4=2428876 Av_12=476572724
12357648,11,84190,39832610,39832610,PASS,0.007983,tau=12357648 n=11 g_3=84190 Av_11=39832610
12357648,12,2424367,476577233,476577233,PASS,0.187937,tau=12357648 n=12 g_4=2424367 Av_12=476577233
12357684,11,84108,39832692,39832692,PASS,0.007643,tau=12357684 n=11 g_3=84108 Av_11=39832692
12357684,12,2420440,476581160,476581160,PASS,0.151640,tau=12357684 n=12 g_4=2420440 Av_12=476581160
12357846,11,84197,39832603,39832603,PASS,0.007070,tau=12357846 n=11 g_3=84197 Av_11=39832603
12357846,12,2425098,476576502,476576502,PASS,0.151313,tau=12357846 n=12 g_4=2425098 Av_12=476576502
12357864,11,84194,39832606,39832606,PASS,0.007148,tau=12357864 n=11 g_3=84194 Av_11=39832606
12357864,12,2424827,476576773,476576773,PASS,0.158382,tau=12357864 n=12 g_4=2424827 Av_12=476576773
12358467,11,84275,39832525,39832525,PASS,0.007753,tau=12358467 n=11 g_3=84275 Av_11=39832525
12358467,12,2428683,476572917,476572917,PASS,0.159318,tau=12358467 n=12 g_4=2428683 Av_12=476572917
12358476,11,84191,39832609,39832609,PASS,0.010488,tau=12358476 n=11 g_3=84191 Av_11=39832609
12358476,12,2424461,476577139,476577139,PASS,0.152583,tau=12358476 n=12 g_4=2424461 Av_12=476577139
12358647,11,84364,39832436,39832436,PASS,0.006792,tau=12358647 n=11 g_3=84364 Av_11=39832436
12358647,12,2433390,476568210,476568210,PASS,0.147851,tau=12358647 n=12 g_4=2433390 Av_12=476568210
12358674,11,84194,39832606,39832606,PASS,0.007177,tau=12358674 n=11 g_3=84194 Av_11=39832606
12358674,12,2424826,476576774,476576774,PASS,0.169440,tau=12358674 n=12 g_4=2424826 Av_12=476576774
12358746,11,84279,39832521,39832521,PASS,0.007561,tau=12358746 n=11 g_3=84279 Av_11=39832521
12358746,12,2429100,476572500,476572500,PASS,0.158969,tau=12358746 n=12 g_4=2429100 Av_12=476572500
12358764,11,84108,39832692,39832692,PASS,0.010328,tau=12358764 n=11 g_3=84108 Av_11=39832692
12358764,12,2420391,476581209,476581209,PASS,0.148564,tau=12358764 n=12 g_4=2420391 Av_12=476581209
12365478,11,83922,39832878,39832878,PASS,0.007210,tau=12365478 n=11 g_3=83922 Av_11=39832878
12365478,12,2410171,476591429,476591429,PASS,0.209141,tau=12365478 n=12 g_4=2410171 Av_12=476591429
12365748,11,84190,39832610,39832610,PASS,0.007703,tau=12365748 n=11 g_3=84190 Av_11=39832610
12365748,12,2424374,476577226,476577226,PASS,0.191908,tau=12365748 n=12 g_4=2424374 Av_12=476577226
12365784,11,84110,39832690,39832690,PASS,0.007797,tau=12365784 n=11 g_3=84110 Av_11=39832690
12365784,12,2420628,476580972,476580972,PASS,0.160091,tau=12365784 n=12 g_4=2420628 Av_12=476580972
12365847,11,84194,39832606,39832606,PASS,0.007374,tau=12365847 n=11 g_3=84194 Av_11=39832606
12365847,12,2424766,476576834,476576834,PASS,0.152097,tau=12365847 n=12 g_4=2424766 Av_12=476576834
12365874,11,84111,39832689,39832689,PASS,0.007945,tau=12365874 n=11 g_3=84111 Av_11=39832689
12365874,12,2420712,476580888,476580888,PASS,0.152731,tau=12365874 n=12 g_4=2420712 Av_12=476580888
12367458,11,84109,39832691,39832691,PASS,0.007655,tau=12367458 n=11 g_3=84109 Av_11=39832691
12367458,12,2420464,476581136,476581136,PASS,0.145707,tau=12367458 n=12 g_4=2420464 Av_12=476581136
12367485,11,84200,39832600,39832600,PASS,0.007421,tau=12367485 n=11 g_3=84200 Av_11=39832600
12367485,12,2425399,476576201,476576201,PASS,0.150589,tau=12367485 n=12 g_4=2425399 Av_12=476576201
12367548,11,84107,39832693,39832693,PASS,0.007867,tau=12367548 n=11 g_3=84107 Av_11=39832693
12367548,12,2420279,476581321,476581321,PASS,0.153153,tau=12367548 n=12 g_4=2420279 Av_12=476581321
12367584,11,84196,39832604,39832604,PASS,0.007116,tau=12367584 n=11 g_3=84196 Av_11=39832604
12367584,12,2425024,476576576,476576576,PASS,0.149756,tau=12367584 n=12 g_4=2425024 Av_12=476576576
12367845,11,84022,39832778,39832778,PASS,0.007089,tau=12367845 n=11 g_3=84022 Av_11=39832778
12367845,12,2416063,476585537,476585537,PASS,0.150395,tau=12367845 n=12 g_4=2416063 Av_12=476585537
12367854,11,84022,39832778,39832778,PASS,0.006748,tau=12367854 n=11 g_3=84022 Av_11=39832778
12367854,12,2416064,476585536,476585536,PASS,0.149525,tau=12367854 n=12 g_4=2416064 Av_12=476585536
12368475,11,84281,39832519,39832519,PASS,0.007179,tau=12368475 n=11 g_3=84281 Av_11=39832519
12368475,12,2429279,476572321,476572321,PASS,0.156547,tau=12368475 n=12 g_4=2429279 Av_12=476572321
12368547,11,84278,39832522,39832522,PASS,0.007800,tau=12368547 n=11 g_3=84278 Av_11=39832522
12368547,12,2428987,476572613,476572613,PASS,0.155827,tau=12368547 n=12 g_4=2428987 Av_12=476572613
12368574,11,84192,39832608,39832608,PASS,0.007569,tau=12368574 n=11 g_3=84192 Av_11=39832608
12368574,12,2424605,476576995,476576995,PASS,0.162920,tau=12368574 n=12 g_4=2424605 Av_12=476576995
12368745,11,84112,39832688,39832688,PASS,0.010228,tau=12368745 n=11 g_3=84112 Av_11=39832688
12368745,12,2420836,476580764,476580764,PASS,0.153199,tau=12368745 n=12 g_4=2420836 Av_12=476580764
12368754,11,84110,39832690,39832690,PASS,0.007649,tau=12368754 n=11 g_3=84110 Av_11=39832690
12368754,12,2420620,476580980,476580980,PASS,0.151823,tau=12368754 n=12 g_4=2420620 Av_12=476580980
12375648,11,84104,39832696,39832696,PASS,0.007470,tau=12375648 n=11 g_3=84104 Av_11=39832696
12375648,12,2419967,476581633,476581633,PASS,0.152672,tau=12375648 n=12 g_4=2419967 Av_12=476581633
12375684,11,84198,39832602,39832602,PASS,0.007954,tau=12375684 n=11 g_3=84198 Av_11=39832602
12375684,12,2425220,476576380,476576380,PASS,0.162667,tau=12375684 n=12 g_4=2425220 Av_12=476576380
12375846,11,84280,39832520,39832520,PASS,0.007414,tau=12375846 n=11 g_3=84280 Av_11=39832520
12375846,12,2429186,476572414,476572414,PASS,0.150361,tau=12375846 n=12 g_4=2429186 Av_12=476572414
12375864,11,84192,39832608,39832608,PASS,0.009294,tau=12375864 n=11 g_3=84192 Av_11=39832608
12375864,12,2424615,476576985,476576985,PASS,0.174960,tau=12375864 n=12 g_4=2424615 Av_12=476576985
12376548,11,83922,39832878,39832878,PASS,0.007651,tau=12376548 n=11 g_3=83922 Av_11=39832878
12376548,12,2410175,476591425,476591425,PASS,0.151525,tau=12376548 n=12 g_4=2410175 Av_12=476591425
12376584,11,84109,39832691,39832691,PASS,0.008022,tau=12376584 n=11 g_3=84109 Av_11=39832691
12376584,12,2420500,476581100,476581100,PASS,0.204233,tau=12376584 n=12 g_4=2420500 Av_12=476581100
12376845,11,84112,39832688,39832688,PASS,0.007033,tau=12376845 n=11 g_3=84112 Av_11=39832688
12376845,12,2420838,476580762,476580762,PASS,0.148398,tau=12376845 n=12 g_4=2420838 Av_12=476580762
12376854,11,84108,39832692,39832692,PASS,0.007472,tau=12376854 n=11 g_3=84108 Av_11=39832692
12376854,12,2420416,476581184,476581184,PASS,0.206837,tau=12376854 n=12 g_4=2420416 Av_12=476581184
12378564,11,84019,39832781,39832781,PASS,0.007233,tau=12378564 n=11 g_3=84019 Av_11=39832781
12378564,12,2415738,476585862,476585862,PASS,0.211663,tau=12378564 n=12 g_4=2415738 Av_12=476585862
12378645,11,84024,39832776,39832776,PASS,0.009043,tau=12378645 n=11 g_3=84024 Av_11=39832776
12378645,12,2416253,476585347,476585347,PASS,0.203880,tau=12378645 n=12 g_4=2416253 Av_12=476585347
12378654,11,84017,39832783,39832783,PASS,0.007330,tau=12378654 n=11 g_3=84017 Av_11=39832783
12378654,12,2415537,476586063,476586063,PASS,0.195404,tau=12378654 n=12 g_4=2415537 Av_12=476586063
12385674,11,84023,39832777,39832777,PASS,0.007399,tau=12385674 n=11 g_3=84023 Av_11=39832777
12385674,12,2416159,476585441,476585441,PASS,0.148415,tau=12385674 n=12 g_4=2416159 Av_12=476585441
12385764,11,84190,39832610,39832610,PASS,0.010596,tau=12385764 n=11 g_3=84190 Av_11=39832610
12385764,12,2424420,476577180,476577180,PASS,0.170417,tau=12385764 n=12 g_4=2424420 Av_12=476577180
12386574,11,84193,39832607,39832607,PASS,0.010350,tau=12386574 n=11 g_3=84193 Av_11=39832607
12386574,12,2424726,476576874,476576874,PASS,0.150487,tau=12386574 n=12 g_4=2424726 Av_12=476576874
12386754,11,84018,39832782,39832782,PASS,0.007197,tau=12386754 n=11 g_3=84018 Av_11=39832782
12386754,12,2415634,476585966,476585966,PASS,0.156731,tau=12386754 n=12 g_4=2415634 Av_12=476585966
12435768,11,83921,39832879,39832879,PASS,0.009955,tau=12435768 n=11 g_3=83921 Av_11=39832879
12435768,12,2410083,476591517,476591517,PASS,0.145339,tau=12435768 n=12 g_4=2410083 Av_12=476591517
12435786,11,84011,39832789,39832789,PASS,0.010395,tau=12435786 n=11 g_3=84011 Av_11=39832789
12435786,12,2414896,476586704,476586704,PASS,0.166737,tau=12435786 n=12 g_4=2414896 Av_12=476586704
12436578,11,83921,39832879,39832879,PASS,0.006949,tau=12436578 n=11 g_3=83921 Av_11=39832879
12436578,12,2410078,476591522,476591522,PASS,0.157896,tau=12436578 n=12 g_4=2410078 Av_12=476591522
12436758,11,84097,39832703,39832703,PASS,0.007055,tau=12436758 n=11 g_3=84097 Av_11=39832703
12436758,12,2419268,476582332,476582332,PASS,0.186010,tau=12436758 n=12 g_4=2419268 Av_12=476582332
12436785,11,84019,39832781,39832781,PASS,0.007073,tau=12436785 n=11 g_3=84019 Av_11=39832781
12436785,12,2415707,476585893,476585893,PASS,0.189147,tau=12436785 n=12 g_4=2415707 Av_12=476585893
12436857,11,84099,39832701,39832701,PASS,0.010447,tau=12436857 n=11 g_3=84099 Av_11=39832701
12436857,12,2419484,476582116,476582116,PASS,0.175847,tau=12436857 n=12 g_4=2419484 Av_12=476582116
12436875,11,84101,39832699,39832699,PASS,0.010430,tau=12436875 n=11 g_3=84101 Av_11=39832699
12436875,12,2419688,476581912,476581912,PASS,0.151794,tau=12436875 n=12 g_4=2419688 Av_12=476581912
12437658,11,83921,39832879,39832879,PASS,0.007250,tau=12437658 n=11 g_3=83921 Av_11=39832879
12437658,12,2410068,476591532,476591532,PASS,0.154264,tau=12437658 n=12 g_4=2410068 Av_12=476591532
12437685,11,84101,39832699,39832699,PASS,0.006852,tau=12437685 n=11 g_3=84101 Av_11=39832699
12437685,12,2419693,476581907,476581907,PASS,0.150045,tau=12437685 n=12 g_4=2419693 Av_12=476581907
12437856,11,84018,39832782,39832782,PASS,0.010942,tau=12437856 n=11 g_3=84018 Av_11=39832782
12437856,12,2415598,476586002,476586002,PASS,0.186127,tau=12437856 n=12 g_4=2415598 Av_12=476586002
12437865,11,84017,39832783,39832783,PASS,0.009814,tau=12437865 n=11 g_3=84017 Av_11=39832783
12437865,12,2415500,476586100,476586100,PASS,0.180149,tau=12437865 n=12 g_4=2415500 Av_12=476586100
12438675,11,84015,39832785,39832785,PASS,0.007254,tau=12438675 n=11 g_3=84015 Av_11=39832785
12438675,12,2415293,476586307,476586307,PASS,0.154251,tau=12438675 n=12 g_4=2415293 Av_12=476586307
12453768,11,84101,39832699,39832699,PASS,0.006635,tau=12453768 n=11 g_3=84101 Av_11=39832699
12453768,12,2419648,476581952,476581952,PASS,0.161383,tau=12453768 n=12 g_4=2419648 Av_12=476581952
12453786,11,84113,39832687,39832687,PASS,0.006965,tau=12453786 n=11 g_3=84113 Av_11=39832687
12453786,12,2420861,476580739,476580739,PASS,0.192500,tau=12453786 n=12 g_4=2420861 Av_12=476580739
12456378,11,84115,39832685,39832685,PASS,0.007019,tau=12456378 n=11 g_3=84115 Av_11=39832685
12456378,12,2421083,476580517,476580517,PASS,0.198507,tau=12456378 n=12 g_4=2421083 Av_12=476580517
12456738,11,84111,39832689,39832689,PASS,0.007159,tau=12456738 n=11 g_3=84111 Av_11=39832689
12456738,12,2420766,476580834,476580834,PASS,0.154299,tau=12456738 n=12 g_4=2420766 Av_12=476580834
12456783,11,84019,39832781,39832781,PASS,0.006856,tau=12456783 n=11 g_3=84019 Av_11=39832781
12456783,12,2415739,476585861,476585861,PASS,0.186097,tau=12456783 n=12 g_4=2415739 Av_12=476585861
12456837,11,84290,39832510,39832510,PASS,0.007557,tau=12456837 n=11 g_3=84290 Av_11=39832510
12456837,12,2430227,476571373,476571373,PASS,0.173010,tau=12456837 n=12 g_4=2430227 Av_12=476571373
12456873,11,84110,39832690,39832690,PASS,0.007032,tau=12456873 n=11 g_3=84110 Av_11=39832690
12456873,12,2420660,476580940,476580940,PASS,0.159101,tau=12456873 n=12 g_4=2420660 Av_12=476580940
12457368,11,84368,39832432,39832432,PASS,0.006879,tau=12457368 n=11 g_3=84368 Av_11=39832432
12457368,12,2433751,476567849,476567849,PASS,0.173010,tau=12457368 n=12 g_4=2433751 Av_12=476567849
12457386,11,84379,39832421,39832421,PASS,0.007103,tau=12457386 n=11 g_3=84379 Av_11=39832421
12457386,12,2434880,476566720,476566720,PASS,0.152805,tau=12457386 n=12 g_4=2434880 Av_12=476566720
12457638,11,84203,39832597,39832597,PASS,0.007418,tau=12457638 n=11 g_3=84203 Av_11=39832597
12457638,12,2425723,476575877,476575877,PASS,0.187277,tau=12457638 n=12 g_4=2425723 Av_12=476575877
12457683,11,84111,39832689,39832689,PASS,0.006728,tau=12457683 n=11 g_3=84111 Av_11=39832689
12457683,12,2420749,476580851,476580851,PASS,0.148062,tau=12457683 n=12 g_4=2420749 Av_12=476580851
12457836,11,84297,39832503,39832503,PASS,0.006681,tau=12457836 n=11 g_3=84297 Av_11=39832503
12457836,12,2430906,476570694,476570694,PASS,0.180087,tau=12457836 n=12 g_4=2430906 Av_12=476570694
12457863,11,84203,39832597,39832597,PASS,0.006643,tau=12457863 n=11 g_3=84203 Av_11=39832597
12457863,12,2425728,476575872,476575872,PASS,0.156635,tau=12457863 n=12 g_4=2425728 Av_12=476575872
12458367,11,84304,39832496,39832496,PASS,0.007503,tau=12458367 n=11 g_3=84304 Av_11=39832496
12458367,12,2431526,476570074,476570074,PASS,0.154204,tau=12458367 n=12 g_4=2431526 Av_12=476570074
12458376,11,84294,39832506,39832506,PASS,0.011439,tau=12458376 n=11 g_3=84294 Av_11=39832506
12458376,12,2430553,476571047,476571047,PASS,0.159127,tau=12458376 n=12 g_4=2430553 Av_12=476571047
12458637,11,84381,39832419,39832419,PASS,0.006522,tau=12458637 n=11 g_3=84381 Av_11=39832419
12458637,12,2435106,476566494,476566494,PASS,0.161186,tau=12458637 n=12 g_4=2435106 Av_12=476566494
12458673,11,84201,39832599,39832599,PASS,0.007072,tau=12458673 n=11 g_3=84201 Av_11=39832599
12458673,12,2425530,476576070,476576070,PASS,0.149844,tau=12458673 n=12 g_4=2425530 Av_12=476576070
12458736,11,84303,39832497,39832497,PASS,0.008234,tau=12458736 n=11 g_3=84303 Av_11=39832497
12458736,12,2431468,476570132,476570132,PASS,0.157358,tau=12458736 n=12 g_4=2431468 Av_12=476570132
12458763,11,84115,39832685,39832685,PASS,0.007662,tau=12458763 n=11 g_3=84115 Av_11=39832685
12458763,12,2421151,476580449,476580449,PASS,0.156155,tau=12458763 n=12 g_4=2421151 Av_12=476580449
12463578,11,84190,39832610,39832610,PASS,0.007981,tau=12463578 n=11 g_3=84190 Av_11=39832610
12463578,12,2424338,476577262,476577262,PASS,0.155485,tau=12463578 n=12 g_4=2424338 Av_12=476577262
12463758,11,84366,39832434,39832434,PASS,0.006988,tau=12463758 n=11 g_3=84366 Av_11=39832434
12463758,12,2433539,476568061,476568061,PASS,0.148706,tau=12463758 n=12 g_4=2433539 Av_12=476568061
12463785,11,84375,39832425,39832425,PASS,0.007765,tau=12463785 n=11 g_3=84375 Av_11=39832425
12463785,12,2434464,476567136,476567136,PASS,0.181412,tau=12463785 n=12 g_4=2434464 Av_12=476567136
12463857,11,84375,39832425,39832425,PASS,0.007502,tau=12463857 n=11 g_3=84375 Av_11=39832425
12463857,12,2434457,476567143,476567143,PASS,0.162255,tau=12463857 n=12 g_4=2434457 Av_12=476567143
12463875,11,84373,39832427,39832427,PASS,0.007325,tau=12463875 n=11 g_3=84373 Av_11=39832427
12463875,12,2434234,476567366,476567366,PASS,0.178048,tau=12463875 n=12 g_4=2434234 Av_12=476567366
12465378,11,84194,39832606,39832606,PASS,0.007076,tau=12465378 n=11 g_3=84194 Av_11=39832606
12465378,12,2424749,476576851,476576851,PASS,0.155573,tau=12465378 n=12 g_4=2424749 Av_12=476576851
12465738,11,84201,39832599,39832599,PASS,0.007594,tau=12465738 n=11 g_3=84201 Av_11=39832599
12465738,12,2425530,476576070,476576070,PASS,0.153928,tau=12465738 n=12 g_4=2425530 Av_12=476576070
12465783,11,84111,39832689,39832689,PASS,0.007222,tau=12465783 n=11 g_3=84111 Av_11=39832689
12465783,12,2420749,476580851,476580851,PASS,0.164793,tau=12465783 n=12 g_4=2420749 Av_12=476580851
12465837,11,84293,39832507,39832507,PASS,0.006957,tau=12465837 n=11 g_3=84293 Av_11=39832507
12465837,12,2430500,476571100,476571100,PASS,0.154578,tau=12465837 n=12 g_4=2430500 Av_12=476571100
12465873,11,84112,39832688,39832688,PASS,0.006977,tau=12465873 n=11 g_3=84112 Av_11=39832688
12465873,12,2420855,476580745,476580745,PASS,0.155112,tau=12465873 n=12 g_4=2420855 Av_12=476580745
12467358,11,84293,39832507,39832507,PASS,0.010439,tau=12467358 n=11 g_3=84293 Av_11=39832507
12467358,12,2430455,476571145,476571145,PASS,0.183393,tau=12467358 n=12 g_4=2430455 Av_12=476571145
12467385,11,84299,39832501,39832501,PASS,0.009978,tau=12467385 n=11 g_3=84299 Av_11=39832501
12467385,12,2431115,476570485,476570485,PASS,0.177801,tau=12467385 n=12 g_4=2431115 Av_12=476570485
12467538,11,84289,39832511,39832511,PASS,0.006698,tau=12467538 n=11 g_3=84289 Av_11=39832511
12467538,12,2430096,476571504,476571504,PASS,0.156988,tau=12467538 n=12 g_4=2430096 Av_12=476571504
12467583,11,84283,39832517,39832517,PASS,0.006552,tau=12467583 n=11 g_3=84283 Av_11=39832517
12467583,12,2429551,476572049,476572049,PASS,0.158222,tau=12467583 n=12 g_4=2429551 Av_12=476572049
12467835,11,84202,39832598,39832598,PASS,0.008733,tau=12467835 n=11 g_3=84202 Av_11=39832598
12467835,12,2425660,476575940,476575940,PASS,0.143601,tau=12467835 n=12 g_4=2425660 Av_12=476575940
12467853,11,84201,39832599,39832599,PASS,0.006537,tau=12467853 n=11 g_3=84201 Av_11=39832599
12467853,12,2425533,476576067,476576067,PASS,0.148631,tau=12467853 n=12 g_4=2425533 Av_12=476576067
12468357,11,84379,39832421,39832421,PASS,0.007365,tau=12468357 n=11 g_3=84379 Av_11=39832421
12468357,12,2434900,476566700,476566700,PASS,0.147171,tau=12468357 n=12 g_4=2434900 Av_12=476566700
12468375,11,84466,39832334,39832334,PASS,0.006951,tau=12468375 n=11 g_3=84466 Av_11=39832334
12468375,12,2439384,476562216,476562216,PASS,0.152021,tau=12468375 n=12 g_4=2439384 Av_12=476562216
12468537,11,84465,39832335,39832335,PASS,0.006987,tau=12468537 n=11 g_3=84465 Av_11=39832335
12468537,12,2439292,476562308,476562308,PASS,0.146259,tau=12468537 n=12 g_4=2439292 Av_12=476562308
12468573,11,84285,39832515,39832515,PASS,0.006508,tau=12468573 n=11 g_3=84285 Av_11=39832515
12468573,12,2429731,476571869,476571869,PASS,0.153484,tau=12468573 n=12 g_4=2429731 Av_12=476571869
12468735,11,84293,39832507,39832507,PASS,0.006709,tau=12468735 n=11 g_3=84293 Av_11=39832507
12468735,12,2430549,476571051,476571051,PASS,0.149705,tau=12468735 n=12 g_4=2430549 Av_12=476571051
12468753,11,84287,39832513,39832513,PASS,0.007357,tau=12468753 n=11 g_3=84287 Av_11=39832513
12468753,12,2429931,476571669,476571669,PASS,0.163369,tau=12468753 n=12 g_4=2429931 Av_12=476571669
12473568,11,84368,39832432,39832432,PASS,0.007023,tau=12473568 n=11 g_3=84368 Av_11=39832432
12473568,12,2433731,476567869,476567869,PASS,0.144724,tau=12473568 n=12 g_4=2433731 Av_12=476567869
12473586,11,84454,39832346,39832346,PASS,0.006988,tau=12473586 n=11 g_3=84454 Av_11=39832346
12473586,12,2438117,476563483,476563483,PASS,0.148646,tau=12473586 n=12 g_4=2438117 Av_12=476563483
12473658,11,84281,39832519,39832519,PASS,0.007047,tau=12473658 n=11 g_3=84281 Av_11=39832519
12473658,12,2429209,476572391,476572391,PASS,0.162423,tau=12473658 n=12 g_4=2429209 Av_12=476572391
12473685,11,84458,39832342,39832342,PASS,0.009969,tau=12473685 n=11 g_3=84458 Av_11=39832342
12473685,12,2438542,476563058,476563058,PASS,0.156547,tau=12473685 n=12 g_4=2438542 Av_12=476563058
12473856,11,84375,39832425,39832425,PASS,0.006981,tau=12473856 n=11 g_3=84375 Av_11=39832425
12473856,12,2434469,476567131,476567131,PASS,0.170070,tau=12473856 n=12 g_4=2434469 Av_12=476567131
12473865,11,84378,39832422,39832422,PASS,0.006893,tau=12473865 n=11 g_3=84378 Av_11=39832422
12473865,12,2434738,476566862,476566862,PASS,0.149769,tau=12473865 n=12 g_4=2434738 Av_12=476566862
12475368,11,84457,39832343,39832343,PASS,0.006917,tau=12475368 n=11 g_3=84457 Av_11=39832343
12475368,12,2438444,476563156,476563156,PASS,0.195025,tau=12475368 n=12 g_4=2438444 Av_12=476563156
12475386,11,84462,39832338,39832338,PASS,0.007089,tau=12475386 n=11 g_3=84462 Av_11=39832338
12475386,12,2438951,476562649,476562649,PASS,0.146276,tau=12475386 n=12 g_4=2438951 Av_12=476562649
12475638,11,84291,39832509,39832509,PASS,0.010454,tau=12475638 n=11 g_3=84291 Av_11=39832509
12475638,12,2430283,476571317,476571317,PASS,0.152088,tau=12475638 n=12 g_4=2430283 Av_12=476571317
12475683,11,84286,39832514,39832514,PASS,0.009922,tau=12475683 n=11 g_3=84286 Av_11=39832514
12475683,12,2429846,476571754,476571754,PASS,0.165526,tau=12475683 n=12 g_4=2429846 Av_12=476571754
12475836,11,84463,39832337,39832337,PASS,0.007185,tau=12475836 n=11 g_3=84463 Av_11=39832337
12475836,12,2439089,476562511,476562511,PASS,0.145470,tau=12475836 n=12 g_4=2439089 Av_12=476562511
12475863,11,84285,39832515,39832515,PASS,0.006857,tau=12475863 n=11 g_3=84285 Av_11=39832515
12475863,12,2429723,476571877,476571877,PASS,0.145161,tau=12475863 n=12 g_4=2429723 Av_12=476571877
12476358,11,84371,39832429,39832429,PASS,0.007612,tau=12476358 n=11 g_3=84371 Av_11=39832429
12476358,12,2434054,476567546,476567546,PASS,0.150899,tau=12476358 n=12 g_4=2434054 Av_12=476567546
12476385,11,84390,39832410,39832410,PASS,0.007178,tau=12476385 n=11 g_3=84390 Av_11=39832410
12476385,12,2435954,476565646,476565646,PASS,0.186113,tau=12476385 n=12 g_4=2435954 Av_12=476565646
12476538,11,84198,39832602,39832602,PASS,0.007852,tau=12476538 n=11 g_3=84198 Av_11=39832602
12476538,12,2425157,476576443,476576443,PASS,0.196457,tau=12476538 n=12 g_4=2425157 Av_12=476576443
12476583,11,84116,39832684,39832684,PASS,0.007241,tau=12476583 n=11 g_3=84116 Av_11=39832684
12476583,12,2421243,476580357,476580357,PASS,0.152235,tau=12476583 n=12 g_4=2421243 Av_12=476580357
12476835,11,84296,39832504,39832504,PASS,0.007278,tau=12476835 n=11 g_3=84296 Av_11=39832504
12476835,12,2430829,476570771,476570771,PASS,0.147782,tau=12476835 n=12 g_4=2430829 Av_12=476570771
12476853,11,84287,39832513,39832513,PASS,0.007778,tau=12476853 n=11 g_3=84287 Av_11=39832513
12476853,12,2429932,476571668,476571668,PASS,0.167881,tau=12476853 n=12 g_4=2429932 Av_12=476571668
12478356,11,84296,39832504,39832504,PASS,0.007194,tau=12478356 n=11 g_3=84296 Av_11=39832504
12478356,12,2430789,476570811,476570811,PASS,0.166521,tau=12478356 n=12 g_4=2430789 Av_12=476570811
12478365,11,84298,39832502,39832502,PASS,0.006588,tau=12478365 n=11 g_3=84298 Av_11=39832502
12478365,12,2430995,476570605,476570605,PASS,0.162092,tau=12478365 n=12 g_4=2430995 Av_12=476570605
12478536,11,84385,39832415,39832415,PASS,0.007125,tau=12478536 n=11 g_3=84385 Av_11=39832415
12478536,12,2435488,476566112,476566112,PASS,0.151519,tau=12478536 n=12 g_4=2435488 Av_12=476566112
12478563,11,84204,39832596,39832596,PASS,0.010468,tau=12478563 n=11 g_3=84204 Av_11=39832596
12478563,12,2425818,476575782,476575782,PASS,0.208032,tau=12478563 n=12 g_4=2425818 Av_12=476575782
12478635,11,84297,39832503,39832503,PASS,0.007523,tau=12478635 n=11 g_3=84297 Av_11=39832503
12478635,12,2430908,476570692,476570692,PASS,0.187313,tau=12478635 n=12 g_4=2430908 Av_12=476570692
12478653,11,84203,39832597,39832597,PASS,0.009623,tau=12478653 n=11 g_3=84203 Av_11=39832597
12478653,12,2425737,476575863,476575863,PASS,0.164011,tau=12478653 n=12 g_4=2425737 Av_12=476575863
12483567,11,84286,39832514,39832514,PASS,0.007200,tau=12483567 n=11 g_3=84286 Av_11=39832514
12483567,12,2429777,476571823,476571823,PASS,0.148776,tau=12483567 n=12 g_4=2429777 Av_12=476571823
12483576,11,84293,39832507,39832507,PASS,0.006908,tau=12483576 n=11 g_3=84293 Av_11=39832507
12483576,12,2430446,476571154,476571154,PASS,0.148544,tau=12483576 n=12 g_4=2430446 Av_12=476571154
12483657,11,84289,39832511,39832511,PASS,0.009807,tau=12483657 n=11 g_3=84289 Av_11=39832511
12483657,12,2430060,476571540,476571540,PASS,0.168966,tau=12483657 n=12 g_4=2430060 Av_12=476571540
12483675,11,84292,39832508,39832508,PASS,0.009567,tau=12483675 n=11 g_3=84292 Av_11=39832508
12483675,12,2430371,476571229,476571229,PASS,0.163215,tau=12483675 n=12 g_4=2430371 Av_12=476571229
12483756,11,84289,39832511,39832511,PASS,0.007373,tau=12483756 n=11 g_3=84289 Av_11=39832511
12483756,12,2430085,476571515,476571515,PASS,0.151290,tau=12483756 n=12 g_4=2430085 Av_12=476571515
12483765,11,84196,39832604,39832604,PASS,0.008478,tau=12483765 n=11 g_3=84196 Av_11=39832604
12483765,12,2424981,476576619,476576619,PASS,0.167450,tau=12483765 n=12 g_4=2424981 Av_12=476576619
12485367,11,84381,39832419,39832419,PASS,0.009359,tau=12485367 n=11 g_3=84381 Av_11=39832419
12485367,12,2435082,476566518,476566518,PASS,0.151583,tau=12485367 n=12 g_4=2435082 Av_12=476566518
12485376,11,84385,39832415,39832415,PASS,0.007393,tau=12485376 n=11 g_3=84385 Av_11=39832415
12485376,12,2435447,476566153,476566153,PASS,0.181684,tau=12485376 n=12 g_4=2435447 Av_12=476566153
12485637,11,84387,39832413,39832413,PASS,0.007561,tau=12485637 n=11 g_3=84387 Av_11=39832413
12485637,12,2435701,476565899,476565899,PASS,0.158232,tau=12485637 n=12 g_4=2435701 Av_12=476565899
12485673,11,84202,39832598,39832598,PASS,0.007144,tau=12485673 n=11 g_3=84202 Av_11=39832598
12485673,12,2425637,476575963,476575963,PASS,0.149654,tau=12485673 n=12 g_4=2425637 Av_12=476575963
12485736,11,84465,39832335,39832335,PASS,0.007572,tau=12485736 n=11 g_3=84465 Av_11=39832335
12485736,12,2439287,476562313,476562313,PASS,0.189867,tau=12485736 n=12 g_4=2439287 Av_12=476562313
12485763,11,84289,39832511,39832511,PASS,0.010859,tau=12485763 n=11 g_3=84289 Av_11=39832511
12485763,12,2430133,476571467,476571467,PASS,0.158209,tau=12485763 n=12 g_4=2430133 Av_12=476571467
12486357,11,84465,39832335,39832335,PASS,0.009752,tau=12486357 n=11 g_3=84465 Av_11=39832335
12486357,12,2439290,476562310,476562310,PASS,0.187204,tau=12486357 n=12 g_4=2439290 Av_12=476562310
12486375,11,84463,39832337,39832337,PASS,0.012793,tau=12486375 n=11 g_3=84463 Av_11=39832337
12486375,12,2439077,476562523,476562523,PASS,0.151294,tau=12486375 n=12 g_4=2439077 Av_12=476562523
12486537,11,84387,39832413,39832413,PASS,0.008095,tau=12486537 n=11 g_3=84387 Av_11=39832413
12486537,12,2435673,476565927,476565927,PASS,0.151344,tau=12486537 n=12 g_4=2435673 Av_12=476565927
12486573,11,84291,39832509,39832509,PASS,0.006507,tau=12486573 n=11 g_3=84291 Av_11=39832509
12486573,12,2430334,476571266,476571266,PASS,0.152042,tau=12486573 n=12 g_4=2430334 Av_12=476571266
12486735,11,84293,39832507,39832507,PASS,0.007712,tau=12486735 n=11 g_3=84293 Av_11=39832507
12486735,12,2430511,476571089,476571089,PASS,0.159074,tau=12486735 n=12 g_4=2430511 Av_12=476571089
12486753,11,84201,39832599,39832599,PASS,0.007968,tau=12486753 n=11 g_3=84201 Av_11=39832599
12486753,12,2425533,476576067,476576067,PASS,0.142476,tau=12486753 n=12 g_4=2425533 Av_12=476576067
12487356,11,84303,39832497,39832497,PASS,0.007067,tau=12487356 n=11 g_3=84303 Av_11=39832497
12487356,12,2431452,476570148,476570148,PASS,0.152596,tau=12487356 n=12 g_4=2431452 Av_12=476570148
12487365,11,84297,39832503,39832503,PASS,0.006528,tau=12487365 n=11 g_3=84297 Av_11=39832503
12487365,12,2430879,476570721,476570721,PASS,0.184003,tau=12487365 n=12 g_4=2430879 Av_12=476570721
12487536,11,84381,39832419,39832419,PASS,0.007358,tau=12487536 n=11 g_3=84381 Av_11=39832419
12487536,12,2435093,476566507,476566507,PASS,0.200823,tau=12487536 n=12 g_4=2435093 Av_12=476566507
12487563,11,84203,39832597,39832597,PASS,0.008374,tau=12487563 n=11 g_3=84203 Av_11=39832597
12487563,12,2425739,476575861,476575861,PASS,0.181775,tau=12487563 n=12 g_4=2425739 Av_12=476575861
12487635,11,84290,39832510,39832510,PASS,0.009368,tau=12487635 n=11 g_3=84290 Av_11=39832510
12487635,12,2430210,476571390,476571390,PASS,0.177475,tau=12487635 n=12 g_4=2430210 Av_12=476571390
12487653,11,84108,39832692,39832692,PASS,0.007279,tau=12487653 n=11 g_3=84108 Av_11=39832692
12487653,12,2420418,476581182,476581182,PASS,0.192380,tau=12487653 n=12 g_4=2420418 Av_12=476581182
12543768,11,83921,39832879,39832879,PASS,0.008136,tau=12543768 n=11 g_3=83921 Av_11=39832879
12543768,12,2410068,476591532,476591532,PASS,0.173307,tau=12543768 n=12 g_4=2410068 Av_12=476591532
12543786,11,84012,39832788,39832788,PASS,0.008876,tau=12543786 n=11 g_3=84012 Av_11=39832788
12543786,12,2414986,476586614,476586614,PASS,0.154713,tau=12543786 n=12 g_4=2414986 Av_12=476586614
12546738,11,84203,39832597,39832597,PASS,0.007445,tau=12546738 n=11 g_3=84203 Av_11=39832597
12546738,12,2425723,476575877,476575877,PASS,0.163210,tau=12546738 n=12 g_4=2425723 Av_12=476575877
12546783,11,84110,39832690,39832690,PASS,0.006949,tau=12546783 n=11 g_3=84110 Av_11=39832690
12546783,12,2420647,476580953,476580953,PASS,0.161007,tau=12546783 n=12 g_4=2420647 Av_12=476580953
12546837,11,84297,39832503,39832503,PASS,0.008185,tau=12546837 n=11 g_3=84297 Av_11=39832503
12546837,12,2430881,476570719,476570719,PASS,0.157577,tau=12546837 n=12 g_4=2430881 Av_12=476570719
12546873,11,84117,39832683,39832683,PASS,0.010091,tau=12546873 n=11 g_3=84117 Av_11=39832683
12546873,12,2421345,476580255,476580255,PASS,0.166547,tau=12546873 n=12 g_4=2421345 Av_12=476580255
12547368,11,84281,39832519,39832519,PASS,0.010368,tau=12547368 n=11 g_3=84281 Av_11=39832519
12547368,12,2429227,476572373,476572373,PASS,0.147265,tau=12547368 n=12 g_4=2429227 Av_12=476572373
12547386,11,84375,39832425,39832425,PASS,0.008056,tau=12547386 n=11 g_3=84375 Av_11=39832425
12547386,12,2434440,476567160,476567160,PASS,0.163309,tau=12547386 n=12 g_4=2434440 Av_12=476567160
12547638,11,84204,39832596,39832596,PASS,0.007249,tau=12547638 n=11 g_3=84204 Av_11=39832596
12547638,12,2425783,476575817,476575817,PASS,0.183718,tau=12547638 n=12 g_4=2425783 Av_12=476575817
12547683,11,84112,39832688,39832688,PASS,0.010255,tau=12547683 n=11 g_3=84112 Av_11=39832688
12547683,12,2420851,476580749,476580749,PASS,0.157060,tau=12547683 n=12 g_4=2420851 Av_12=476580749
12547836,11,84298,39832502,39832502,PASS,0.010264,tau=12547836 n=11 g_3=84298 Av_11=39832502
12547836,12,2430997,476570603,476570603,PASS,0.175902,tau=12547836 n=12 g_4=2430997 Av_12=476570603
12547863,11,84205,39832595,39832595,PASS,0.007575,tau=12547863 n=11 g_3=84205 Av_11=39832595
12547863,12,2425934,476575666,476575666,PASS,0.155601,tau=12547863 n=12 g_4=2425934 Av_12=476575666
12548367,11,84292,39832508,39832508,PASS,0.007154,tau=12548367 n=11 g_3=84292 Av_11=39832508
12548367,12,2430356,476571244,476571244,PASS,0.154931,tau=12548367 n=12 g_4=2430356 Av_12=476571244
12548376,11,84202,39832598,39832598,PASS,0.007678,tau=12548376 n=11 g_3=84202 Av_11=39832598
12548376,12,2425569,476576031,476576031,PASS,0.154961,tau=12548376 n=12 g_4=2425569 Av_12=476576031
12548637,11,84385,39832415,39832415,PASS,0.010363,tau=12548637 n=11 g_3=84385 Av_11=39832415
12548637,12,2435463,476566137,476566137,PASS,0.151842,tau=12548637 n=12 g_4=2435463 Av_12=476566137
12548673,11,84205,39832595,39832595,PASS,0.007852,tau=12548673 n=11 g_3=84205 Av_11=39832595
12548673,12,2425936,476575664,476575664,PASS,0.152346,tau=12548673 n=12 g_4=2425936 Av_12=476575664
12548736,11,84296,39832504,39832504,PASS,0.007950,tau=12548736 n=11 g_3=84296 Av_11=39832504
12548736,12,2430794,476570806,476570806,PASS,0.153355,tau=12548736 n=12 g_4=2430794 Av_12=476570806
12548763,11,84115,39832685,39832685,PASS,0.006873,tau=12548763 n=11 g_3=84115 Av_11=39832685
12548763,12,2421139,476580461,476580461,PASS,0.149665,tau=12548763 n=12 g_4=2421139 Av_12=476580461
12563478,11,84113,39832687,39832687,PASS,0.006934,tau=12563478 n=11 g_3=84113 Av_11=39832687
12563478,12,2420851,476580749,476580749,PASS,0.152835,tau=12563478 n=12 g_4=2420851 Av_12=476580749
12563748,11,84293,39832507,39832507,PASS,0.007547,tau=12563748 n=11 g_3=84293 Av_11=39832507
12563748,12,2430471,476571129,476571129,PASS,0.163510,tau=12563748 n=12 g_4=2430471 Av_12=476571129
12563784,11,84300,39832500,39832500,PASS,0.007791,tau=12563784 n=11 g_3=84300 Av_11=39832500
12563784,12,2431196,476570404,476570404,PASS,0.151357,tau=12563784 n=12 g_4=2431196 Av_12=476570404
12563847,11,84382,39832418,39832418,PASS,0.006826,tau=12563847 n=11 g_3=84382 Av_11=39832418
12563847,12,2435190,476566410,476566410,PASS,0.186611,tau=12563847 n=12 g_4=2435190 Av_12=476566410
12563874,11,84301,39832499,39832499,PASS,0.007401,tau=12563874 n=11 g_3=84301 Av_11=39832499
12563874,12,2431289,476570311,476570311,PASS,0.167048,tau=12563874 n=12 g_4=2431289 Av_12=476570311
12564378,11,84111,39832689,39832689,PASS,0.010241,tau=12564378 n=11 g_3=84111 Av_11=39832689
12564378,12,2420665,476580935,476580935,PASS,0.176734,tau=12564378 n=12 g_4=2420665 Av_12=476580935
12564738,11,84289,39832511,39832511,PASS,0.007473,tau=12564738 n=11 g_3=84289 Av_11=39832511
12564738,12,2430106,476571494,476571494,PASS,0.173433,tau=12564738 n=12 g_4=2430106 Av_12=476571494
12564783,11,84207,39832593,39832593,PASS,0.007071,tau=12564783 n=11 g_3=84207 Av_11=39832593
12564783,12,2426133,476575467,476575467,PASS,0.161528,tau=12564783 n=12 g_4=2426133 Av_12=476575467
12564837,11,84297,39832503,39832503,PASS,0.006865,tau=12564837 n=11 g_3=84297 Av_11=39832503
12564837,12,2430912,476570688,476570688,PASS,0.170620,tau=12564837 n=12 g_4=2430912 Av_12=476570688
12564873,11,84209,39832591,39832591,PASS,0.007807,tau=12564873 n=11 g_3=84209 Av_11=39832591
12564873,12,2426348,476575252,476575252,PASS,0.169325,tau=12564873 n=12 g_4=2426348 Av_12=476575252
12567348,11,84117,39832683,39832683,PASS,0.008470,tau=12567348 n=11 g_3=84117 Av_11=39832683
12567348,12,2421348,476580252,476580252,PASS,0.166655,tau=12567348 n=12 g_4=2421348 Av_12=476580252
12567384,11,84205,39832595,39832595,PASS,0.013512,tau=12567384 n=11 g_3=84205 Av_11=39832595
12567384,12,2425993,476575607,476575607,PASS,0.170409,tau=12567384 n=12 g_4=2425993 Av_12=476575607
12567438,11,84117,39832683,39832683,PASS,0.010197,tau=12567438 n=11 g_3=84117 Av_11=39832683
12567438,12,2421350,476580250,476580250,PASS,0.167850,tau=12567438 n=12 g_4=2421350 Av_12=476580250
12567483,11,84204,39832596,39832596,PASS,0.007463,tau=12567483 n=11 g_3=84204 Av_11=39832596
12567483,12,2425856,476575744,476575744,PASS,0.153596,tau=12567483 n=12 g_4=2425856 Av_12=476575744
12567834,11,84022,39832778,39832778,PASS,0.006984,tau=12567834 n=11 g_3=84022 Av_11=39832778
12567834,12,2416069,476585531,476585531,PASS,0.190152,tau=12567834 n=12 g_4=2416069 Av_12=476585531
12567843,11,84022,39832778,39832778,PASS,0.007352,tau=12567843 n=11 g_3=84022 Av_11=39832778
12567843,12,2416069,476585531,476585531,PASS,0.152926,tau=12567843 n=12 g_4=2416069 Av_12=476585531
12568347,11,84299,39832501,39832501,PASS,0.010208,tau=12568347 n=11 g_3=84299 Av_11=39832501
12568347,12,2431116,476570484,476570484,PASS,0.173587,tau=12568347 n=12 g_4=2431116 Av_12=476570484
12568374,11,84386,39832414,39832414,PASS,0.007460,tau=12568374 n=11 g_3=84386 Av_11=39832414
12568374,12,2435617,476565983,476565983,PASS,0.178612,tau=12568374 n=12 g_4=2435617 Av_12=476565983
12568437,11,84306,39832494,39832494,PASS,0.008240,tau=12568437 n=11 g_3=84306 Av_11=39832494
12568437,12,2431777,476569823,476569823,PASS,0.158692,tau=12568437 n=12 g_4=2431777 Av_12=476569823
12568473,11,84376,39832424,39832424,PASS,0.006767,tau=12568473 n=11 g_3=84376 Av_11=39832424
12568473,12,2434636,476566964,476566964,PASS,0.206257,tau=12568473 n=12 g_4=2434636 Av_12=476566964
12568734,11,84117,39832683,39832683,PASS,0.007155,tau=12568734 n=11 g_3=84117 Av_11=39832683
12568734,12,2421376,476580224,476580224,PASS,0.158257,tau=12568734 n=12 g_4=2421376 Av_12=476580224
12568743,11,84117,39832683,39832683,PASS,0.010164,tau=12568743 n=11 g_3=84117 Av_11=39832683
12568743,12,2421371,476580229,476580229,PASS,0.180388,tau=12568743 n=12 g_4=2421371 Av_12=476580229
12573648,11,84373,39832427,39832427,PASS,0.007168,tau=12573648 n=11 g_3=84373 Av_11=39832427
12573648,12,2434232,476567368,476567368,PASS,0.158943,tau=12573648 n=12 g_4=2434232 Av_12=476567368
12573684,11,84467,39832333,39832333,PASS,0.007190,tau=12573684 n=11 g_3=84467 Av_11=39832333
12573684,12,2439469,476562131,476562131,PASS,0.150099,tau=12573684 n=12 g_4=2439469 Av_12=476562131
12573846,11,84385,39832415,39832415,PASS,0.007278,tau=12573846 n=11 g_3=84385 Av_11=39832415
12573846,12,2435522,476566078,476566078,PASS,0.185592,tau=12573846 n=12 g_4=2435522 Av_12=476566078
12573864,11,84470,39832330,39832330,PASS,0.012139,tau=12573864 n=11 g_3=84470 Av_11=39832330
12573864,12,2439782,476561818,476561818,PASS,0.147225,tau=12573864 n=12 g_4=2439782 Av_12=476561818
12574368,11,84371,39832429,39832429,PASS,0.007564,tau=12574368 n=11 g_3=84371 Av_11=39832429
12574368,12,2434050,476567550,476567550,PASS,0.195914,tau=12574368 n=12 g_4=2434050 Av_12=476567550
12574386,11,84381,39832419,39832419,PASS,0.007012,tau=12574386 n=11 g_3=84381 Av_11=39832419
12574386,12,2435046,476566554,476566554,PASS,0.158826,tau=12574386 n=12 g_4=2435046 Av_12=476566554
12574638,11,84285,39832515,39832515,PASS,0.010203,tau=12574638 n=11 g_3=84285 Av_11=39832515
12574638,12,2429664,476571936,476571936,PASS,0.171809,tau=12574638 n=12 g_4=2429664 Av_12=476571936
12574683,11,84289,39832511,39832511,PASS,0.007274,tau=12574683 n=11 g_3=84289 Av_11=39832511
12574683,12,2430133,476571467,476571467,PASS,0.149058,tau=12574683 n=12 g_4=2430133 Av_12=476571467
12574836,11,84468,39832332,39832332,PASS,0.014492,tau=12574836 n=11 g_3=84468 Av_11=39832332
12574836,12,2439577,476562023,476562023,PASS,0.163342,tau=12574836 n=12 g_4=2439577 Av_12=476562023
12574863,11,84378,39832422,39832422,PASS,0.006873,tau=12574863 n=11 g_3=84378 Av_11=39832422
12574863,12,2434808,476566792,476566792,PASS,0.171861,tau=12574863 n=12 g_4=2434808 Av_12=476566792
12576348,11,84208,39832592,39832592,PASS,0.010339,tau=12576348 n=11 g_3=84208 Av_11=39832592
12576348,12,2426211,476575389,476575389,PASS,0.168787,tau=12576348 n=12 g_4=2426211 Av_12=476575389
12576384,11,84300,39832500,39832500,PASS,0.010291,tau=12576384 n=11 g_3=84300 Av_11=39832500
12576384,12,2431240,476570360,476570360,PASS,0.185609,tau=12576384 n=12 g_4=2431240 Av_12=476570360
12576438,11,84202,39832598,39832598,PASS,0.007554,tau=12576438 n=11 g_3=84202 Av_11=39832598
12576438,12,2425588,476576012,476576012,PASS,0.182035,tau=12576438 n=12 g_4=2425588 Av_12=476576012
12576483,11,84291,39832509,39832509,PASS,0.006994,tau=12576483 n=11 g_3=84291 Av_11=39832509
12576483,12,2430354,476571246,476571246,PASS,0.170797,tau=12576483 n=12 g_4=2430354 Av_12=476571246
12576834,11,84115,39832685,39832685,PASS,0.006950,tau=12576834 n=11 g_3=84115 Av_11=39832685
12576834,12,2421168,476580432,476580432,PASS,0.147111,tau=12576834 n=12 g_4=2421168 Av_12=476580432
12576843,11,84115,39832685,39832685,PASS,0.007764,tau=12576843 n=11 g_3=84115 Av_11=39832685
12576843,12,2421159,476580441,476580441,PASS,0.176856,tau=12576843 n=12 g_4=2421159 Av_12=476580441
12578346,11,84208,39832592,39832592,PASS,0.010004,tau=12578346 n=11 g_3=84208 Av_11=39832592
12578346,12,2426262,476575338,476575338,PASS,0.158232,tau=12578346 n=12 g_4=2426262 Av_12=476575338
12578364,11,84381,39832419,39832419,PASS,0.006572,tau=12578364 n=11 g_3=84381 Av_11=39832419
12578364,12,2435114,476566486,476566486,PASS,0.161318,tau=12578364 n=12 g_4=2435114 Av_12=476566486
12578436,11,84297,39832503,39832503,PASS,0.010042,tau=12578436 n=11 g_3=84297 Av_11=39832503
12578436,12,2430923,476570677,476570677,PASS,0.205426,tau=12578436 n=12 g_4=2430923 Av_12=476570677
12578463,11,84288,39832512,39832512,PASS,0.007557,tau=12578463 n=11 g_3=84288 Av_11=39832512
12578463,12,2430016,476571584,476571584,PASS,0.190287,tau=12578463 n=12 g_4=2430016 Av_12=476571584
12578634,11,84201,39832599,39832599,PASS,0.010405,tau=12578634 n=11 g_3=84201 Av_11=39832599
12578634,12,2425572,476576028,476576028,PASS,0.156515,tau=12578634 n=12 g_4=2425572 Av_12=476576028
12578643,11,84201,39832599,39832599,PASS,0.006816,tau=12578643 n=11 g_3=84201 Av_11=39832599
12578643,12,2425550,476576050,476576050,PASS,0.165188,tau=12578643 n=12 g_4=2425550 Av_12=476576050
12583674,11,84394,39832406,39832406,PASS,0.011017,tau=12583674 n=11 g_3=84394 Av_11=39832406
12583674,12,2436362,476565238,476565238,PASS,0.155915,tau=12583674 n=12 g_4=2436362 Av_12=476565238
12583764,11,84299,39832501,39832501,PASS,0.007228,tau=12583764 n=11 g_3=84299 Av_11=39832501
12583764,12,2431066,476570534,476570534,PASS,0.154224,tau=12583764 n=12 g_4=2431066 Av_12=476570534
12584367,11,84302,39832498,39832498,PASS,0.007735,tau=12584367 n=11 g_3=84302 Av_11=39832498
12584367,12,2431330,476570270,476570270,PASS,0.151814,tau=12584367 n=12 g_4=2431330 Av_12=476570270
12584376,11,84295,39832505,39832505,PASS,0.007614,tau=12584376 n=11 g_3=84295 Av_11=39832505
12584376,12,2430657,476570943,476570943,PASS,0.167636,tau=12584376 n=12 g_4=2430657 Av_12=476570943
12584637,11,84469,39832331,39832331,PASS,0.007035,tau=12584637 n=11 g_3=84469 Av_11=39832331
12584637,12,2439679,476561921,476561921,PASS,0.198888,tau=12584637 n=12 g_4=2439679 Av_12=476561921
12584673,11,84375,39832425,39832425,PASS,0.007290,tau=12584673 n=11 g_3=84375 Av_11=39832425
12584673,12,2434529,476567071,476567071,PASS,0.164060,tau=12584673 n=12 g_4=2434529 Av_12=476567071
12584736,11,84379,39832421,39832421,PASS,0.007571,tau=12584736 n=11 g_3=84379 Av_11=39832421
12584736,12,2434880,476566720,476566720,PASS,0.228330,tau=12584736 n=12 g_4=2434880 Av_12=476566720
12584763,11,84297,39832503,39832503,PASS,0.008568,tau=12584763 n=11 g_3=84297 Av_11=39832503
12584763,12,2430888,476570712,476570712,PASS,0.180207,tau=12584763 n=12 g_4=2430888 Av_12=476570712
12586347,11,84388,39832412,39832412,PASS,0.008220,tau=12586347 n=11 g_3=84388 Av_11=39832412
12586347,12,2435792,476565808,476565808,PASS,0.181635,tau=12586347 n=12 g_4=2435792 Av_12=476565808
12586374,11,84466,39832334,39832334,PASS,0.010073,tau=12586374 n=11 g_3=84466 Av_11=39832334
12586374,12,2439408,476562192,476562192,PASS,0.179244,tau=12586374 n=12 g_4=2439408 Av_12=476562192
12586437,11,84384,39832416,39832416,PASS,0.007220,tau=12586437 n=11 g_3=84384 Av_11=39832416
12586437,12,2435411,476566189,476566189,PASS,0.174822,tau=12586437 n=12 g_4=2435411 Av_12=476566189
12586473,11,84461,39832339,39832339,PASS,0.009863,tau=12586473 n=11 g_3=84461 Av_11=39832339
12586473,12,2438925,476562675,476562675,PASS,0.188048,tau=12586473 n=12 g_4=2438925 Av_12=476562675
12586734,11,84201,39832599,39832599,PASS,0.011578,tau=12586734 n=11 g_3=84201 Av_11=39832599
12586734,12,2425556,476576044,476576044,PASS,0.194096,tau=12586734 n=12 g_4=2425556 Av_12=476576044
12586743,11,84201,39832599,39832599,PASS,0.008055,tau=12586743 n=11 g_3=84201 Av_11=39832599
12586743,12,2425556,476576044,476576044,PASS,0.219739,tau=12586743 n=12 g_4=2425556 Av_12=476576044
12587346,11,84297,39832503,39832503,PASS,0.008209,tau=12587346 n=11 g_3=84297 Av_11=39832503
12587346,12,2430943,476570657,476570657,PASS,0.150920,tau=12587346 n=12 g_4=2430943 Av_12=476570657
12587364,11,84383,39832417,39832417,PASS,0.010683,tau=12587364 n=11 g_3=84383 Av_11=39832417
12587364,12,2435324,476566276,476566276,PASS,0.229706,tau=12587364 n=12 g_4=2435324 Av_12=476566276
12587436,11,84307,39832493,39832493,PASS,0.007321,tau=12587436 n=11 g_3=84307 Av_11=39832493
12587436,12,2431866,476569734,476569734,PASS,0.159277,tau=12587436 n=12 g_4=2431866 Av_12=476569734
12587463,11,84372,39832428,39832428,PASS,0.012343,tau=12587463 n=11 g_3=84372 Av_11=39832428
12587463,12,2434221,476567379,476567379,PASS,0.162958,tau=12587463 n=12 g_4=2434221 Av_12=476567379
12587634,11,84119,39832681,39832681,PASS,0.010256,tau=12587634 n=11 g_3=84119 Av_11=39832681
12587634,12,2421559,476580041,476580041,PASS,0.226740,tau=12587634 n=12 g_4=2421559 Av_12=476580041
12587643,11,84117,39832683,39832683,PASS,0.010537,tau=12587643 n=11 g_3=84117 Av_11=39832683
12587643,12,2421331,476580269,476580269,PASS,0.222395,tau=12587643 n=12 g_4=2421331 Av_12=476580269
12645378,11,84108,39832692,39832692,PASS,0.010353,tau=12645378 n=11 g_3=84108 Av_11=39832692
12645378,12,2420342,476581258,476581258,PASS,0.146937,tau=12645378 n=12 g_4=2420342 Av_12=476581258
12645738,11,84291,39832509,39832509,PASS,0.007501,tau=12645738 n=11 g_3=84291 Av_11=39832509
12645738,12,2430303,476571297,476571297,PASS,0.149774,tau=12645738 n=12 g_4=2430303 Av_12=476571297
12645783,11,84205,39832595,39832595,PASS,0.010494,tau=12645783 n=11 g_3=84205 Av_11=39832595
12645783,12,2425945,476575655,476575655,PASS,0.175410,tau=12645783 n=12 g_4=2425945 Av_12=476575655
12645837,11,84300,39832500,39832500,PASS,0.007682,tau=12645837 n=11 g_3=84300 Av_11=39832500
12645837,12,2431195,476570405,476570405,PASS,0.149319,tau=12645837 n=12 g_4=2431195 Av_12=476570405
12645873,11,84209,39832591,39832591,PASS,0.007040,tau=12645873 n=11 g_3=84209 Av_11=39832591
12645873,12,2426356,476575244,476575244,PASS,0.161437,tau=12645873 n=12 g_4=2426356 Av_12=476575244
12647358,11,84373,39832427,39832427,PASS,0.007100,tau=12647358 n=11 g_3=84373 Av_11=39832427
12647358,12,2434233,476567367,476567367,PASS,0.187352,tau=12647358 n=12 g_4=2434233 Av_12=476567367
12647385,11,84468,39832332,39832332,PASS,0.007041,tau=12647385 n=11 g_3=84468 Av_11=39832332
12647385,12,2439574,476562026,476562026,PASS,0.188711,tau=12647385 n=12 g_4=2439574 Av_12=476562026
12647538,11,84285,39832515,39832515,PASS,0.008291,tau=12647538 n=11 g_3=84285 Av_11=39832515
12647538,12,2429664,476571936,476571936,PASS,0.168533,tau=12647538 n=12 g_4=2429664 Av_12=476571936
12647583,11,84289,39832511,39832511,PASS,0.010225,tau=12647583 n=11 g_3=84289 Av_11=39832511
12647583,12,2430129,476571471,476571471,PASS,0.161275,tau=12647583 n=12 g_4=2430129 Av_12=476571471
12647835,11,84384,39832416,39832416,PASS,0.010356,tau=12647835 n=11 g_3=84384 Av_11=39832416
12647835,12,2435379,476566221,476566221,PASS,0.202086,tau=12647835 n=12 g_4=2435379 Av_12=476566221
12647853,11,84374,39832426,39832426,PASS,0.007472,tau=12647853 n=11 g_3=84374 Av_11=39832426
12647853,12,2434412,476567188,476567188,PASS,0.193399,tau=12647853 n=12 g_4=2434412 Av_12=476567188
12648375,11,84384,39832416,39832416,PASS,0.007780,tau=12648375 n=11 g_3=84384 Av_11=39832416
12648375,12,2435390,476566210,476566210,PASS,0.171384,tau=12648375 n=12 g_4=2435390 Av_12=476566210
12648537,11,84465,39832335,39832335,PASS,0.008124,tau=12648537 n=11 g_3=84465 Av_11=39832335
12648537,12,2439274,476562326,476562326,PASS,0.169496,tau=12648537 n=12 g_4=2439274 Av_12=476562326
12648573,11,84377,39832423,39832423,PASS,0.007827,tau=12648573 n=11 g_3=84377 Av_11=39832423
12648573,12,2434711,476566889,476566889,PASS,0.158215,tau=12648573 n=12 g_4=2434711 Av_12=476566889
12648735,11,84381,39832419,39832419,PASS,0.007330,tau=12648735 n=11 g_3=84381 Av_11=39832419
12648735,12,2435110,476566490,476566490,PASS,0.155040,tau=12648735 n=12 g_4=2435110 Av_12=476566490
12648753,11,84290,39832510,39832510,PASS,0.010094,tau=12648753 n=11 g_3=84290 Av_11=39832510
12648753,12,2430192,476571408,476571408,PASS,0.162992,tau=12648753 n=12 g_4=2430192 Av_12=476571408
12654378,11,83922,39832878,39832878,PASS,0.007001,tau=12654378 n=11 g_3=83922 Av_11=39832878
12654378,12,2410171,476591429,476591429,PASS,0.178553,tau=12654378 n=12 g_4=2410171 Av_12=476591429
12654738,11,84198,39832602,39832602,PASS,0.009738,tau=12654738 n=11 g_3=84198 Av_11=39832602
12654738,12,2425170,476576430,476576430,PASS,0.156108,tau=12654738 n=12 g_4=2425170 Av_12=476576430
12654783,11,84115,39832685,39832685,PASS,0.007291,tau=12654783 n=11 g_3=84115 Av_11=39832685
12654783,12,2421148,476580452,476580452,PASS,0.204271,tau=12654783 n=12 g_4=2421148 Av_12=476580452
12654837,11,84199,39832601,39832601,PASS,0.010368,tau=12654837 n=11 g_3=84199 Av_11=39832601
12654837,12,2425311,476576289,476576289,PASS,0.210028,tau=12654837 n=12 g_4=2425311 Av_12=476576289
12654873,11,84115,39832685,39832685,PASS,0.007395,tau=12654873 n=11 g_3=84115 Av_11=39832685
12654873,12,2421142,476580458,476580458,PASS,0.155926,tau=12654873 n=12 g_4=2421142 Av_12=476580458
12657348,11,84208,39832592,39832592,PASS,0.006988,tau=12657348 n=11 g_3=84208 Av_11=39832592
12657348,12,2426211,476575389,476575389,PASS,0.151462,tau=12657348 n=12 g_4=2426211 Av_12=476575389
12657384,11,84297,39832503,39832503,PASS,0.007352,tau=12657384 n=11 g_3=84297 Av_11=39832503
12657384,12,2430952,476570648,476570648,PASS,0.153534,tau=12657384 n=12 g_4=2430952 Av_12=476570648
12657438,11,84202,39832598,39832598,PASS,0.006624,tau=12657438 n=11 g_3=84202 Av_11=39832598
12657438,12,2425580,476576020,476576020,PASS,0.155495,tau=12657438 n=12 g_4=2425580 Av_12=476576020
12657483,11,84289,39832511,39832511,PASS,0.007032,tau=12657483 n=11 g_3=84289 Av_11=39832511
12657483,12,2430138,476571462,476571462,PASS,0.146092,tau=12657483 n=12 g_4=2430138 Av_12=476571462
12657834,11,84117,39832683,39832683,PASS,0.007068,tau=12657834 n=11 g_3=84117 Av_11=39832683
12657834,12,2421373,476580227,476580227,PASS,0.150237,tau=12657834 n=12 g_4=2421373 Av_12=476580227
12657843,11,84117,39832683,39832683,PASS,0.007262,tau=12657843 n=11 g_3=84117 Av_11=39832683
12657843,12,2421359,476580241,476580241,PASS,0.161047,tau=12657843 n=12 g_4=2421359 Av_12=476580241
12658347,11,84301,39832499,39832499,PASS,0.007437,tau=12658347 n=11 g_3=84301 Av_11=39832499
12658347,12,2431328,476570272,476570272,PASS,0.150407,tau=12658347 n=12 g_4=2431328 Av_12=476570272
12658374,11,84383,39832417,39832417,PASS,0.008455,tau=12658374 n=11 g_3=84383 Av_11=39832417
12658374,12,2435330,476566270,476566270,PASS,0.168318,tau=12658374 n=12 g_4=2435330 Av_12=476566270
12658437,11,84298,39832502,39832502,PASS,0.007011,tau=12658437 n=11 g_3=84298 Av_11=39832502
12658437,12,2430973,476570627,476570627,PASS,0.182810,tau=12658437 n=12 g_4=2430973 Av_12=476570627
12658473,11,84292,39832508,39832508,PASS,0.010457,tau=12658473 n=11 g_3=84292 Av_11=39832508
12658473,12,2430410,476571190,476571190,PASS,0.181926,tau=12658473 n=12 g_4=2430410 Av_12=476571190
12658734,11,84118,39832682,39832682,PASS,0.012559,tau=12658734 n=11 g_3=84118 Av_11=39832682
12658734,12,2421471,476580129,476580129,PASS,0.156191,tau=12658734 n=12 g_4=2421471 Av_12=476580129
12658743,11,84118,39832682,39832682,PASS,0.010067,tau=12658743 n=11 g_3=84118 Av_11=39832682
12658743,12,2421451,476580149,476580149,PASS,0.172431,tau=12658743 n=12 g_4=2421451 Av_12=476580149
12674538,11,84112,39832688,39832688,PASS,0.010203,tau=12674538 n=11 g_3=84112 Av_11=39832688
12674538,12,2420805,476580795,476580795,PASS,0.189052,tau=12674538 n=12 g_4=2420805 Av_12=476580795
12674583,11,84208,39832592,39832592,PASS,0.010467,tau=12674583 n=11 g_3=84208 Av_11=39832592
12674583,12,2426235,476575365,476575365,PASS,0.152257,tau=12674583 n=12 g_4=2426235 Av_12=476575365
12674835,11,84380,39832420,39832420,PASS,0.010334,tau=12674835 n=11 g_3=84380 Av_11=39832420
12674835,12,2435016,476566584,476566584,PASS,0.178758,tau=12674835 n=12 g_4=2435016 Av_12=476566584
12674853,11,84288,39832512,39832512,PASS,0.007322,tau=12674853 n=11 g_3=84288 Av_11=39832512
12674853,12,2430025,476571575,476571575,PASS,0.153137,tau=12674853 n=12 g_4=2430025 Av_12=476571575
12675348,11,84121,39832679,39832679,PASS,0.007661,tau=12675348 n=11 g_3=84121 Av_11=39832679
12675348,12,2421720,476579880,476579880,PASS,0.184874,tau=12675348 n=12 g_4=2421720 Av_12=476579880
12675384,11,84301,39832499,39832499,PASS,0.007007,tau=12675384 n=11 g_3=84301 Av_11=39832499
12675384,12,2431310,476570290,476570290,PASS,0.181828,tau=12675384 n=12 g_4=2431310 Av_12=476570290
12675438,11,84107,39832693,39832693,PASS,0.007601,tau=12675438 n=11 g_3=84107 Av_11=39832693
12675438,12,2420314,476581286,476581286,PASS,0.151786,tau=12675438 n=12 g_4=2420314 Av_12=476581286
12675483,11,84207,39832593,39832593,PASS,0.007482,tau=12675483 n=11 g_3=84207 Av_11=39832593
12675483,12,2426168,476575432,476575432,PASS,0.155900,tau=12675483 n=12 g_4=2426168 Av_12=476575432
12675834,11,84202,39832598,39832598,PASS,0.007669,tau=12675834 n=11 g_3=84202 Av_11=39832598
12675834,12,2425677,476575923,476575923,PASS,0.195021,tau=12675834 n=12 g_4=2425677 Av_12=476575923
12675843,11,84200,39832600,39832600,PASS,0.009489,tau=12675843 n=11 g_3=84200 Av_11=39832600
12675843,12,2425437,476576163,476576163,PASS,0.146186,tau=12675843 n=12 g_4=2425437 Av_12=476576163
12678345,11,84022,39832778,39832778,PASS,0.009750,tau=12678345 n=11 g_3=84022 Av_11=39832778
12678345,12,2416077,476585523,476585523,PASS,0.153030,tau=12678345 n=12 g_4=2416077 Av_12=476585523
12678354,11,84112,39832688,39832688,PASS,0.007387,tau=12678354 n=11 g_3=84112 Av_11=39832688
12678354,12,2420897,476580703,476580703,PASS,0.218131,tau=12678354 n=12 g_4=2420897 Av_12=476580703
12678435,11,84112,39832688,39832688,PASS,0.008892,tau=12678435 n=11 g_3=84112 Av_11=39832688
12678435,12,2420896,476580704,476580704,PASS,0.146482,tau=12678435 n=12 g_4=2420896 Av_12=476580704
12678453,11,84023,39832777,39832777,PASS,0.010478,tau=12678453 n=11 g_3=84023 Av_11=39832777
12678453,12,2416171,476585429,476585429,PASS,0.166751,tau=12678453 n=12 g_4=2416171 Av_12=476585429
12678534,11,84024,39832776,39832776,PASS,0.009872,tau=12678534 n=11 g_3=84024 Av_11=39832776
12678534,12,2416299,476585301,476585301,PASS,0.172526,tau=12678534 n=12 g_4=2416299 Av_12=476585301
12678543,11,84022,39832778,39832778,PASS,0.007545,tau=12678543 n=11 g_3=84022 Av_11=39832778
12678543,12,2416056,476585544,476585544,PASS,0.191513,tau=12678543 n=12 g_4=2416056 Av_12=476585544
12684537,11,84297,39832503,39832503,PASS,0.007605,tau=12684537 n=11 g_3=84297 Av_11=39832503
12684537,12,2430922,476570678,476570678,PASS,0.184088,tau=12684537 n=12 g_4=2430922 Av_12=476570678
12684573,11,84291,39832509,39832509,PASS,0.020363,tau=12684573 n=11 g_3=84291 Av_11=39832509
12684573,12,2430336,476571264,476571264,PASS,0.192162,tau=12684573 n=12 g_4=2430336 Av_12=476571264
12684735,11,84381,39832419,39832419,PASS,0.013554,tau=12684735 n=11 g_3=84381 Av_11=39832419
12684735,12,2435102,476566498,476566498,PASS,0.211935,tau=12684735 n=12 g_4=2435102 Av_12=476566498
12684753,11,84370,39832430,39832430,PASS,0.007570,tau=12684753 n=11 g_3=84370 Av_11=39832430
12684753,12,2433993,476567607,476567607,PASS,0.172479,tau=12684753 n=12 g_4=2433993 Av_12=476567607
12685374,11,84462,39832338,39832338,PASS,0.010350,tau=12685374 n=11 g_3=84462 Av_11=39832338
12685374,12,2438995,476562605,476562605,PASS,0.207975,tau=12685374 n=12 g_4=2438995 Av_12=476562605
12685437,11,84289,39832511,39832511,PASS,0.007265,tau=12685437 n=11 g_3=84289 Av_11=39832511
12685437,12,2430103,476571497,476571497,PASS,0.176335,tau=12685437 n=12 g_4=2430103 Av_12=476571497
12685473,11,84376,39832424,39832424,PASS,0.009932,tau=12685473 n=11 g_3=84376 Av_11=39832424
12685473,12,2434610,476566990,476566990,PASS,0.199878,tau=12685473 n=12 g_4=2434610 Av_12=476566990
12685734,11,84200,39832600,39832600,PASS,0.008097,tau=12685734 n=11 g_3=84200 Av_11=39832600
12685734,12,2425448,476576152,476576152,PASS,0.227447,tau=12685734 n=12 g_4=2425448 Av_12=476576152
12685743,11,84196,39832604,39832604,PASS,0.009013,tau=12685743 n=11 g_3=84196 Av_11=39832604
12685743,12,2425018,476576582,476576582,PASS,0.232744,tau=12685743 n=12 g_4=2425018 Av_12=476576582
12687354,11,84125,39832675,39832675,PASS,0.010710,tau=12687354 n=11 g_3=84125 Av_11=39832675
12687354,12,2422171,476579429,476579429,PASS,0.243770,tau=12687354 n=12 g_4=2422171 Av_12=476579429
12687435,11,84125,39832675,39832675,PASS,0.010629,tau=12687435 n=11 g_3=84125 Av_11=39832675
12687435,12,2422176,476579424,476579424,PASS,0.206965,tau=12687435 n=12 g_4=2422176 Av_12=476579424
12687453,11,84113,39832687,39832687,PASS,0.010347,tau=12687453 n=11 g_3=84113 Av_11=39832687
12687453,12,2420971,476580629,476580629,PASS,0.222075,tau=12687453 n=12 g_4=2420971 Av_12=476580629
12687534,11,84113,39832687,39832687,PASS,0.010493,tau=12687534 n=11 g_3=84113 Av_11=39832687
12687534,12,2420995,476580605,476580605,PASS,0.168935,tau=12687534 n=12 g_4=2420995 Av_12=476580605
12687543,11,84110,39832690,39832690,PASS,0.010318,tau=12687543 n=11 g_3=84110 Av_11=39832690
12687543,12,2420650,476580950,476580950,PASS,0.198423,tau=12687543 n=12 g_4=2420650 Av_12=476580950
12745638,11,84120,39832680,39832680,PASS,0.007057,tau=12745638 n=11 g_3=84120 Av_11=39832680
12745638,12,2421644,476579956,476579956,PASS,0.155869,tau=12745638 n=12 g_4=2421644 Av_12=476579956
12745683,11,84206,39832594,39832594,PASS,0.010276,tau=12745683 n=11 g_3=84206 Av_11=39832594
12745683,12,2426078,476575522,476575522,PASS,0.192936,tau=12745683 n=12 g_4=2426078 Av_12=476575522
12745836,11,84394,39832406,39832406,PASS,0.007043,tau=12745836 n=11 g_3=84394 Av_11=39832406
12745836,12,2436381,476565219,476565219,PASS,0.178304,tau=12745836 n=12 g_4=2436381 Av_12=476565219
12745863,11,84375,39832425,39832425,PASS,0.007165,tau=12745863 n=11 g_3=84375 Av_11=39832425
12745863,12,2434540,476567060,476567060,PASS,0.170640,tau=12745863 n=12 g_4=2434540 Av_12=476567060
12746538,11,84286,39832514,39832514,PASS,0.010050,tau=12746538 n=11 g_3=84286 Av_11=39832514
12746538,12,2429776,476571824,476571824,PASS,0.177771,tau=12746538 n=12 g_4=2429776 Av_12=476571824
12746583,11,84295,39832505,39832505,PASS,0.010432,tau=12746583 n=11 g_3=84295 Av_11=39832505
12746583,12,2430743,476570857,476570857,PASS,0.210914,tau=12746583 n=12 g_4=2430743 Av_12=476570857
12746835,11,84466,39832334,39832334,PASS,0.006654,tau=12746835 n=11 g_3=84466 Av_11=39832334
12746835,12,2439414,476562186,476562186,PASS,0.183713,tau=12746835 n=12 g_4=2439414 Av_12=476562186
12746853,11,84461,39832339,39832339,PASS,0.007789,tau=12746853 n=11 g_3=84461 Av_11=39832339
12746853,12,2438922,476562678,476562678,PASS,0.202468,tau=12746853 n=12 g_4=2438922 Av_12=476562678
12748563,11,84291,39832509,39832509,PASS,0.007153,tau=12748563 n=11 g_3=84291 Av_11=39832509
12748563,12,2430319,476571281,476571281,PASS,0.186976,tau=12748563 n=12 g_4=2430319 Av_12=476571281
12748635,11,84462,39832338,39832338,PASS,0.010035,tau=12748635 n=11 g_3=84462 Av_11=39832338
12748635,12,2439000,476562600,476562600,PASS,0.219357,tau=12748635 n=12 g_4=2439000 Av_12=476562600
12748653,11,84376,39832424,39832424,PASS,0.007188,tau=12748653 n=11 g_3=84376 Av_11=39832424
12748653,12,2434610,476566990,476566990,PASS,0.210845,tau=12748653 n=12 g_4=2434610 Av_12=476566990
12754638,11,84286,39832514,39832514,PASS,0.010414,tau=12754638 n=11 g_3=84286 Av_11=39832514
12754638,12,2429797,476571803,476571803,PASS,0.226053,tau=12754638 n=12 g_4=2429797 Av_12=476571803
12754683,11,84293,39832507,39832507,PASS,0.010619,tau=12754683 n=11 g_3=84293 Av_11=39832507
12754683,12,2430562,476571038,476571038,PASS,0.189553,tau=12754683 n=12 g_4=2430562 Av_12=476571038
12754836,11,84302,39832498,39832498,PASS,0.011710,tau=12754836 n=11 g_3=84302 Av_11=39832498
12754836,12,2431410,476570190,476570190,PASS,0.197632,tau=12754836 n=12 g_4=2431410 Av_12=476570190
12754863,11,84297,39832503,39832503,PASS,0.007309,tau=12754863 n=11 g_3=84297 Av_11=39832503
12754863,12,2430902,476570698,476570698,PASS,0.155873,tau=12754863 n=12 g_4=2430902 Av_12=476570698
12756438,11,84110,39832690,39832690,PASS,0.011268,tau=12756438 n=11 g_3=84110 Av_11=39832690
12756438,12,2420601,476580999,476580999,PASS,0.160446,tau=12756438 n=12 g_4=2420601 Av_12=476580999
12756483,11,84205,39832595,39832595,PASS,0.010572,tau=12756483 n=11 g_3=84205 Av_11=39832595
12756483,12,2425957,476575643,476575643,PASS,0.209297,tau=12756483 n=12 g_4=2425957 Av_12=476575643
12756834,11,84202,39832598,39832598,PASS,0.007726,tau=12756834 n=11 g_3=84202 Av_11=39832598
12756834,12,2425684,476575916,476575916,PASS,0.184796,tau=12756834 n=12 g_4=2425684 Av_12=476575916
12756843,11,84202,39832598,39832598,PASS,0.007134,tau=12756843 n=11 g_3=84202 Av_11=39832598
12756843,12,2425670,476575930,476575930,PASS,0.177585,tau=12756843 n=12 g_4=2425670 Av_12=476575930
12758436,11,84381,39832419,39832419,PASS,0.006845,tau=12758436 n=11 g_3=84381 Av_11=39832419
12758436,12,2435104,476566496,476566496,PASS,0.178788,tau=12758436 n=12 g_4=2435104 Av_12=476566496
12758463,11,84373,39832427,39832427,PASS,0.010271,tau=12758463 n=11 g_3=84373 Av_11=39832427
12758463,12,2434311,476567289,476567289,PASS,0.197415,tau=12758463 n=12 g_4=2434311 Av_12=476567289
12758634,11,84200,39832600,39832600,PASS,0.010470,tau=12758634 n=11 g_3=84200 Av_11=39832600
12758634,12,2425448,476576152,476576152,PASS,0.157146,tau=12758634 n=12 g_4=2425448 Av_12=476576152
12758643,11,84198,39832602,39832602,PASS,0.010465,tau=12758643 n=11 g_3=84198 Av_11=39832602
12758643,12,2425234,476576366,476576366,PASS,0.147924,tau=12758643 n=12 g_4=2425234 Av_12=476576366
12764583,11,84207,39832593,39832593,PASS,0.009992,tau=12764583 n=11 g_3=84207 Av_11=39832593
12764583,12,2426163,476575437,476575437,PASS,0.176608,tau=12764583 n=12 g_4=2426163 Av_12=476575437
12764853,11,84370,39832430,39832430,PASS,0.007145,tau=12764853 n=11 g_3=84370 Av_11=39832430
12764853,12,2434010,476567590,476567590,PASS,0.149316,tau=12764853 n=12 g_4=2434010 Av_12=476567590
12765438,11,83922,39832878,39832878,PASS,0.006963,tau=12765438 n=11 g_3=83922 Av_11=39832878
12765438,12,2410175,476591425,476591425,PASS,0.162925,tau=12765438 n=12 g_4=2410175 Av_12=476591425
12765483,11,84109,39832691,39832691,PASS,0.006460,tau=12765483 n=11 g_3=84109 Av_11=39832691
12765483,12,2420535,476581065,476581065,PASS,0.164822,tau=12765483 n=12 g_4=2420535 Av_12=476581065
12765834,11,84119,39832681,39832681,PASS,0.007114,tau=12765834 n=11 g_3=84119 Av_11=39832681
12765834,12,2421558,476580042,476580042,PASS,0.152584,tau=12765834 n=12 g_4=2421558 Av_12=476580042
12765843,11,84116,39832684,39832684,PASS,0.007173,tau=12765843 n=11 g_3=84116 Av_11=39832684
12765843,12,2421224,476580376,476580376,PASS,0.170705,tau=12765843 n=12 g_4=2421224 Av_12=476580376
12768435,11,84125,39832675,39832675,PASS,0.007080,tau=12768435 n=11 g_3=84125 Av_11=39832675
12768435,12,2422159,476579441,476579441,PASS,0.149720,tau=12768435 n=12 g_4=2422159 Av_12=476579441
12768453,11,84113,39832687,39832687,PASS,0.008157,tau=12768453 n=11 g_3=84113 Av_11=39832687
12768453,12,2420971,476580629,476580629,PASS,0.165320,tau=12768453 n=12 g_4=2420971 Av_12=476580629
12768534,11,84113,39832687,39832687,PASS,0.006977,tau=12768534 n=11 g_3=84113 Av_11=39832687
12768534,12,2420981,476580619,476580619,PASS,0.154003,tau=12768534 n=12 g_4=2420981 Av_12=476580619
12768543,11,84108,39832692,39832692,PASS,0.007146,tau=12768543 n=11 g_3=84108 Av_11=39832692
12768543,12,2420433,476581167,476581167,PASS,0.155345,tau=12768543 n=12 g_4=2420433 Av_12=476581167
12784563,11,84023,39832777,39832777,PASS,0.007539,tau=12784563 n=11 g_3=84023 Av_11=39832777
12784563,12,2416171,476585429,476585429,PASS,0.155026,tau=12784563 n=12 g_4=2416171 Av_12=476585429
12784653,11,84198,39832602,39832602,PASS,0.008860,tau=12784653 n=11 g_3=84198 Av_11=39832602
12784653,12,2425243,476576357,476576357,PASS,0.167758,tau=12784653 n=12 g_4=2425243 Av_12=476576357
12785463,11,84198,39832602,39832602,PASS,0.007350,tau=12785463 n=11 g_3=84198 Av_11=39832602
12785463,12,2425261,476576339,476576339,PASS,0.149108,tau=12785463 n=12 g_4=2425261 Av_12=476576339
12785634,11,84019,39832781,39832781,PASS,0.007116,tau=12785634 n=11 g_3=84019 Av_11=39832781
12785634,12,2415737,476585863,476585863,PASS,0.150297,tau=12785634 n=12 g_4=2415737 Av_12=476585863
12785643,11,84021,39832779,39832779,PASS,0.007752,tau=12785643 n=11 g_3=84021 Av_11=39832779
12785643,12,2415946,476585654,476585654,PASS,0.152527,tau=12785643 n=12 g_4=2415946 Av_12=476585654
12786453,11,84023,39832777,39832777,PASS,0.007676,tau=12786453 n=11 g_3=84023 Av_11=39832777
12786453,12,2416154,476585446,476585446,PASS,0.145421,tau=12786453 n=12 g_4=2416154 Av_12=476585446
12786534,11,84024,39832776,39832776,PASS,0.006537,tau=12786534 n=11 g_3=84024 Av_11=39832776
12786534,12,2416281,476585319,476585319,PASS,0.154363,tau=12786534 n=12 g_4=2416281 Av_12=476585319
12786543,11,84017,39832783,39832783,PASS,0.007413,tau=12786543 n=11 g_3=84017 Av_11=39832783
12786543,12,2415512,476586088,476586088,PASS,0.150586,tau=12786543 n=12 g_4=2415512 Av_12=476586088
12845673,11,84023,39832777,39832777,PASS,0.007264,tau=12845673 n=11 g_3=84023 Av_11=39832777
12845673,12,2416189,476585411,476585411,PASS,0.147349,tau=12845673 n=12 g_4=2416189 Av_12=476585411
12845763,11,84204,39832596,39832596,PASS,0.006877,tau=12845763 n=11 g_3=84204 Av_11=39832596
12845763,12,2425858,476575742,476575742,PASS,0.146824,tau=12845763 n=12 g_4=2425858 Av_12=476575742
12846573,11,84201,39832599,39832599,PASS,0.006868,tau=12846573 n=11 g_3=84201 Av_11=39832599
12846573,12,2425562,476576038,476576038,PASS,0.159877,tau=12846573 n=12 g_4=2425562 Av_12=476576038
12846753,11,84287,39832513,39832513,PASS,0.007158,tau=12846753 n=11 g_3=84287 Av_11=39832513
12846753,12,2429930,476571670,476571670,PASS,0.147675,tau=12846753 n=12 g_4=2429930 Av_12=476571670
12847653,11,84204,39832596,39832596,PASS,0.007117,tau=12847653 n=11 g_3=84204 Av_11=39832596
12847653,12,2425775,476575825,476575825,PASS,0.146531,tau=12847653 n=12 g_4=2425775 Av_12=476575825
12854673,11,84204,39832596,39832596,PASS,0.006978,tau=12854673 n=11 g_3=84204 Av_11=39832596
12854673,12,2425866,476575734,476575734,PASS,0.145895,tau=12854673 n=12 g_4=2425866 Av_12=476575734
12854763,11,84206,39832594,39832594,PASS,0.006953,tau=12854763 n=11 g_3=84206 Av_11=39832594
12854763,12,2426035,476575565,476575565,PASS,0.150567,tau=12854763 n=12 g_4=2426035 Av_12=476575565
12856473,11,84287,39832513,39832513,PASS,0.007223,tau=12856473 n=11 g_3=84287 Av_11=39832513
12856473,12,2429955,476571645,476571645,PASS,0.147760,tau=12856473 n=12 g_4=2429955 Av_12=476571645
12856743,11,84023,39832777,39832777,PASS,0.006944,tau=12856743 n=11 g_3=84023 Av_11=39832777
12856743,12,2416175,476585425,476585425,PASS,0.146745,tau=12856743 n=12 g_4=2416175 Av_12=476585425
12857463,11,84279,39832521,39832521,PASS,0.007341,tau=12857463 n=11 g_3=84279 Av_11=39832521
12857463,12,2429098,476572502,476572502,PASS,0.145267,tau=12857463 n=12 g_4=2429098 Av_12=476572502
12857643,11,84196,39832604,39832604,PASS,0.006874,tau=12857643 n=11 g_3=84196 Av_11=39832604
12857643,12,2425015,476576585,476576585,PASS,0.151678,tau=12857643 n=12 g_4=2425015 Av_12=476576585
12865473,11,84207,39832593,39832593,PASS,0.007536,tau=12865473 n=11 g_3=84207 Av_11=39832593
12865473,12,2426120,476575480,476575480,PASS,0.175928,tau=12865473 n=12 g_4=2426120 Av_12=476575480
12865743,11,84197,39832603,39832603,PASS,0.006905,tau=12865743 n=11 g_3=84197 Av_11=39832603
12865743,12,2425124,476576476,476576476,PASS,0.148457,tau=12865743 n=12 g_4=2425124 Av_12=476576476
12867453,11,84018,39832782,39832782,PASS,0.006959,tau=12867453 n=11 g_3=84018 Av_11=39832782
12867453,12,2415635,476585965,476585965,PASS,0.176851,tau=12867453 n=12 g_4=2415635 Av_12=476585965
12867543,11,84018,39832782,39832782,PASS,0.006906,tau=12867543 n=11 g_3=84018 Av_11=39832782
12867543,12,2415627,476585973,476585973,PASS,0.168941,tau=12867543 n=12 g_4=2415627 Av_12=476585973
12875643,11,84020,39832780,39832780,PASS,0.007004,tau=12875643 n=11 g_3=84020 Av_11=39832780
12875643,12,2415838,476585762,476585762,PASS,0.204191,tau=12875643 n=12 g_4=2415838 Av_12=476585762
13245768,11,83921,39832879,39832879,PASS,0.007477,tau=13245768 n=11 g_3=83921 Av_11=39832879
13245768,12,2410087,476591513,476591513,PASS,0.154247,tau=13245768 n=12 g_4=2410087 Av_12=476591513
13245786,11,84011,39832789,39832789,PASS,0.007641,tau=13245786 n=11 g_3=84011 Av_11=39832789
13245786,12,2414896,476586704,476586704,PASS,0.156206,tau=13245786 n=12 g_4=2414896 Av_12=476586704
13246758,11,84096,39832704,39832704,PASS,0.009993,tau=13246758 n=11 g_3=84096 Av_11=39832704
13246758,12,2419182,476582418,476582418,PASS,0.187938,tau=13246758 n=12 g_4=2419182 Av_12=476582418
13246785,11,84018,39832782,39832782,PASS,0.006903,tau=13246785 n=11 g_3=84018 Av_11=39832782
13246785,12,2415614,476585986,476585986,PASS,0.179820,tau=13246785 n=12 g_4=2415614 Av_12=476585986
13246857,11,84098,39832702,39832702,PASS,0.007074,tau=13246857 n=11 g_3=84098 Av_11=39832702
13246857,12,2419396,476582204,476582204,PASS,0.145369,tau=13246857 n=12 g_4=2419396 Av_12=476582204
13246875,11,84100,39832700,39832700,PASS,0.007208,tau=13246875 n=11 g_3=84100 Av_11=39832700
13246875,12,2419598,476582002,476582002,PASS,0.198136,tau=13246875 n=12 g_4=2419598 Av_12=476582002
13247658,11,83921,39832879,39832879,PASS,0.007388,tau=13247658 n=11 g_3=83921 Av_11=39832879
13247658,12,2410073,476591527,476591527,PASS,0.153610,tau=13247658 n=12 g_4=2410073 Av_12=476591527
13247685,11,84100,39832700,39832700,PASS,0.010083,tau=13247685 n=11 g_3=84100 Av_11=39832700
13247685,12,2419603,476581997,476581997,PASS,0.184474,tau=13247685 n=12 g_4=2419603 Av_12=476581997
13247856,11,84017,39832783,39832783,PASS,0.009896,tau=13247856 n=11 g_3=84017 Av_11=39832783
13247856,12,2415506,476586094,476586094,PASS,0.206612,tau=13247856 n=12 g_4=2415506 Av_12=476586094
13247865,11,84016,39832784,39832784,PASS,0.006961,tau=13247865 n=11 g_3=84016 Av_11=39832784
13247865,12,2415409,476586191,476586191,PASS,0.149151,tau=13247865 n=12 g_4=2415409 Av_12=476586191
13248675,11,84014,39832786,39832786,PASS,0.008907,tau=13248675 n=11 g_3=84014 Av_11=39832786
13248675,12,2415203,476586397,476586397,PASS,0.149581,tau=13248675 n=12 g_4=2415203 Av_12=476586397
13254768,11,83920,39832880,39832880,PASS,0.010308,tau=13254768 n=11 g_3=83920 Av_11=39832880
13254768,12,2409979,476591621,476591621,PASS,0.154102,tau=13254768 n=12 g_4=2409979 Av_12=476591621
13254786,11,84011,39832789,39832789,PASS,0.007126,tau=13254786 n=11 g_3=84011 Av_11=39832789
13254786,12,2414884,476586716,476586716,PASS,0.220471,tau=13254786 n=12 g_4=2414884 Av_12=476586716
13256748,11,84111,39832689,39832689,PASS,0.007245,tau=13256748 n=11 g_3=84111 Av_11=39832689
13256748,12,2420682,476580918,476580918,PASS,0.233172,tau=13256748 n=12 g_4=2420682 Av_12=476580918
13256784,11,84019,39832781,39832781,PASS,0.007154,tau=13256784 n=11 g_3=84019 Av_11=39832781
13256784,12,2415759,476585841,476585841,PASS,0.160777,tau=13256784 n=12 g_4=2415759 Av_12=476585841
13256847,11,84279,39832521,39832521,PASS,0.007965,tau=13256847 n=11 g_3=84279 Av_11=39832521
13256847,12,2429081,476572519,476572519,PASS,0.155423,tau=13256847 n=12 g_4=2429081 Av_12=476572519
13256874,11,84110,39832690,39832690,PASS,0.007838,tau=13256874 n=11 g_3=84110 Av_11=39832690
13256874,12,2420636,476580964,476580964,PASS,0.153811,tau=13256874 n=12 g_4=2420636 Av_12=476580964
13257468,11,84186,39832614,39832614,PASS,0.010243,tau=13257468 n=11 g_3=84186 Av_11=39832614
13257468,12,2423958,476577642,476577642,PASS,0.179774,tau=13257468 n=12 g_4=2423958 Av_12=476577642
13257486,11,84277,39832523,39832523,PASS,0.010056,tau=13257486 n=11 g_3=84277 Av_11=39832523
13257486,12,2428868,476572732,476572732,PASS,0.162691,tau=13257486 n=12 g_4=2428868 Av_12=476572732
13257648,11,84190,39832610,39832610,PASS,0.010163,tau=13257648 n=11 g_3=84190 Av_11=39832610
13257648,12,2424359,476577241,476577241,PASS,0.160895,tau=13257648 n=12 g_4=2424359 Av_12=476577241
13257684,11,84108,39832692,39832692,PASS,0.010391,tau=13257684 n=11 g_3=84108 Av_11=39832692
13257684,12,2420436,476581164,476581164,PASS,0.158129,tau=13257684 n=12 g_4=2420436 Av_12=476581164
13257846,11,84197,39832603,39832603,PASS,0.007485,tau=13257846 n=11 g_3=84197 Av_11=39832603
13257846,12,2425094,476576506,476576506,PASS,0.202718,tau=13257846 n=12 g_4=2425094 Av_12=476576506
13257864,11,84194,39832606,39832606,PASS,0.006322,tau=13257864 n=11 g_3=84194 Av_11=39832606
13257864,12,2424823,476576777,476576777,PASS,0.200941,tau=13257864 n=12 g_4=2424823 Av_12=476576777
13258467,11,84275,39832525,39832525,PASS,0.007229,tau=13258467 n=11 g_3=84275 Av_11=39832525
13258467,12,2428675,476572925,476572925,PASS,0.160454,tau=13258467 n=12 g_4=2428675 Av_12=476572925
13258476,11,84191,39832609,39832609,PASS,0.009106,tau=13258476 n=11 g_3=84191 Av_11=39832609
13258476,12,2424451,476577149,476577149,PASS,0.157010,tau=13258476 n=12 g_4=2424451 Av_12=476577149
13258647,11,84364,39832436,39832436,PASS,0.008046,tau=13258647 n=11 g_3=84364 Av_11=39832436
13258647,12,2433386,476568214,476568214,PASS,0.189734,tau=13258647 n=12 g_4=2433386 Av_12=476568214
13258674,11,84194,39832606,39832606,PASS,0.006869,tau=13258674 n=11 g_3=84194 Av_11=39832606
13258674,12,2424822,476576778,476576778,PASS,0.226854,tau=13258674 n=12 g_4=2424822 Av_12=476576778
13258746,11,84279,39832521,39832521,PASS,0.006679,tau=13258746 n=11 g_3=84279 Av_11=39832521
13258746,12,2429096,476572504,476572504,PASS,0.230309,tau=13258746 n=12 g_4=2429096 Av_12=476572504
13258764,11,84108,39832692,39832692,PASS,0.007569,tau=13258764 n=11 g_3=84108 Av_11=39832692
13258764,12,2420383,476581217,476581217,PASS,0.225962,tau=13258764 n=12 g_4=2420383 Av_12=476581217
13265748,11,84190,39832610,39832610,PASS,0.009029,tau=13265748 n=11 g_3=84190 Av_11=39832610
13265748,12,2424366,476577234,476577234,PASS,0.218903,tau=13265748 n=12 g_4=2424366 Av_12=476577234
13265784,11,84110,39832690,39832690,PASS,0.007364,tau=13265784 n=11 g_3=84110 Av_11=39832690
13265784,12,2420624,476580976,476580976,PASS,0.181032,tau=13265784 n=12 g_4=2420624 Av_12=476580976
13265847,11,84194,39832606,39832606,PASS,0.007234,tau=13265847 n=11 g_3=84194 Av_11=39832606
13265847,12,2424759,476576841,476576841,PASS,0.183082,tau=13265847 n=12 g_4=2424759 Av_12=476576841
13265874,11,84111,39832689,39832689,PASS,0.007870,tau=13265874 n=11 g_3=84111 Av_11=39832689
13265874,12,2420708,476580892,476580892,PASS,0.183370,tau=13265874 n=12 g_4=2420708 Av_12=476580892
13267458,11,84109,39832691,39832691,PASS,0.007535,tau=13267458 n=11 g_3=84109 Av_11=39832691
13267458,12,2420458,476581142,476581142,PASS,0.148229,tau=13267458 n=12 g_4=2420458 Av_12=476581142
13267485,11,84200,39832600,39832600,PASS,0.007425,tau=13267485 n=11 g_3=84200 Av_11=39832600
13267485,12,2425398,476576202,476576202,PASS,0.150376,tau=13267485 n=12 g_4=2425398 Av_12=476576202
13267548,11,84107,39832693,39832693,PASS,0.007711,tau=13267548 n=11 g_3=84107 Av_11=39832693
13267548,12,2420272,476581328,476581328,PASS,0.160093,tau=13267548 n=12 g_4=2420272 Av_12=476581328
13267584,11,84196,39832604,39832604,PASS,0.007191,tau=13267584 n=11 g_3=84196 Av_11=39832604
13267584,12,2425022,476576578,476576578,PASS,0.154773,tau=13267584 n=12 g_4=2425022 Av_12=476576578
13267845,11,84022,39832778,39832778,PASS,0.007811,tau=13267845 n=11 g_3=84022 Av_11=39832778
13267845,12,2416061,476585539,476585539,PASS,0.155290,tau=13267845 n=12 g_4=2416061 Av_12=476585539
13267854,11,84022,39832778,39832778,PASS,0.007187,tau=13267854 n=11 g_3=84022 Av_11=39832778
13267854,12,2416062,476585538,476585538,PASS,0.158561,tau=13267854 n=12 g_4=2416062 Av_12=476585538
13268475,11,84281,39832519,39832519,PASS,0.006892,tau=13268475 n=11 g_3=84281 Av_11=39832519
13268475,12,2429275,476572325,476572325,PASS,0.160467,tau=13268475 n=12 g_4=2429275 Av_12=476572325
13268547,11,84278,39832522,39832522,PASS,0.007295,tau=13268547 n=11 g_3=84278 Av_11=39832522
13268547,12,2428982,476572618,476572618,PASS,0.173730,tau=13268547 n=12 g_4=2428982 Av_12=476572618
13268574,11,84192,39832608,39832608,PASS,0.011211,tau=13268574 n=11 g_3=84192 Av_11=39832608
13268574,12,2424601,476576999,476576999,PASS,0.152882,tau=13268574 n=12 g_4=2424601 Av_12=476576999
13268745,11,84112,39832688,39832688,PASS,0.010096,tau=13268745 n=11 g_3=84112 Av_11=39832688
13268745,12,2420835,476580765,476580765,PASS,0.154597,tau=13268745 n=12 g_4=2420835 Av_12=476580765
13268754,11,84110,39832690,39832690,PASS,0.010110,tau=13268754 n=11 g_3=84110 Av_11=39832690
13268754,12,2420617,476580983,476580983,PASS,0.164896,tau=13268754 n=12 g_4=2420617 Av_12=476580983
13275648,11,84104,39832696,39832696,PASS,0.007345,tau=13275648 n=11 g_3=84104 Av_11=39832696
13275648,12,2419959,476581641,476581641,PASS,0.151259,tau=13275648 n=12 g_4=2419959 Av_12=476581641
13275684,11,84198,39832602,39832602,PASS,0.010484,tau=13275684 n=11 g_3=84198 Av_11=39832602
13275684,12,2425220,476576380,476576380,PASS,0.155159,tau=13275684 n=12 g_4=2425220 Av_12=476576380
13275846,11,84280,39832520,39832520,PASS,0.011394,tau=13275846 n=11 g_3=84280 Av_11=39832520
13275846,12,2429181,476572419,476572419,PASS,0.157493,tau=13275846 n=12 g_4=2429181 Av_12=476572419
13275864,11,84192,39832608,39832608,PASS,0.007330,tau=13275864 n=11 g_3=84192 Av_11=39832608
13275864,12,2424611,476576989,476576989,PASS,0.161197,tau=13275864 n=12 g_4=2424611 Av_12=476576989
13276548,11,83921,39832879,39832879,PASS,0.007909,tau=13276548 n=11 g_3=83921 Av_11=39832879
13276548,12,2410072,476591528,476591528,PASS,0.149612,tau=13276548 n=12 g_4=2410072 Av_12=476591528
13276584,11,84109,39832691,39832691,PASS,0.007368,tau=13276584 n=11 g_3=84109 Av_11=39832691
13276584,12,2420493,476581107,476581107,PASS,0.155328,tau=13276584 n=12 g_4=2420493 Av_12=476581107
13276845,11,84112,39832688,39832688,PASS,0.007538,tau=13276845 n=11 g_3=84112 Av_11=39832688
13276845,12,2420837,476580763,476580763,PASS,0.218261,tau=13276845 n=12 g_4=2420837 Av_12=476580763
13276854,11,84108,39832692,39832692,PASS,0.007409,tau=13276854 n=11 g_3=84108 Av_11=39832692
13276854,12,2420411,476581189,476581189,PASS,0.188549,tau=13276854 n=12 g_4=2420411 Av_12=476581189
13278564,11,84019,39832781,39832781,PASS,0.008061,tau=13278564 n=11 g_3=84019 Av_11=39832781
13278564,12,2415734,476585866,476585866,PASS,0.150152,tau=13278564 n=12 g_4=2415734 Av_12=476585866
13278645,11,84024,39832776,39832776,PASS,0.008097,tau=13278645 n=11 g_3=84024 Av_11=39832776
13278645,12,2416253,476585347,476585347,PASS,0.178061,tau=13278645 n=12 g_4=2416253 Av_12=476585347
13278654,11,84017,39832783,39832783,PASS,0.008176,tau=13278654 n=11 g_3=84017 Av_11=39832783
13278654,12,2415530,476586070,476586070,PASS,0.153321,tau=13278654 n=12 g_4=2415530 Av_12=476586070
13285674,11,84023,39832777,39832777,PASS,0.006736,tau=13285674 n=11 g_3=84023 Av_11=39832777
13285674,12,2416159,476585441,476585441,PASS,0.149112,tau=13285674 n=12 g_4=2416159 Av_12=476585441
13285764,11,84190,39832610,39832610,PASS,0.006944,tau=13285764 n=11 g_3=84190 Av_11=39832610
13285764,12,2424416,476577184,476577184,PASS,0.159309,tau=13285764 n=12 g_4=2424416 Av_12=476577184
13286574,11,84193,39832607,39832607,PASS,0.007168,tau=13286574 n=11 g_3=84193 Av_11=39832607
13286574,12,2424725,476576875,476576875,PASS,0.174135,tau=13286574 n=12 g_4=2424725 Av_12=476576875
13286754,11,84018,39832782,39832782,PASS,0.011338,tau=13286754 n=11 g_3=84018 Av_11=39832782
13286754,12,2415629,476585971,476585971,PASS,0.150712,tau=13286754 n=12 g_4=2415629 Av_12=476585971
13425786,11,84182,39832618,39832618,PASS,0.009963,tau=13425786 n=11 g_3=84182 Av_11=39832618
13425786,12,2423649,476577951,476577951,PASS,0.163885,tau=13425786 n=12 g_4=2423649 Av_12=476577951
13426758,11,84194,39832606,39832606,PASS,0.007098,tau=13426758 n=11 g_3=84194 Av_11=39832606
13426758,12,2424785,476576815,476576815,PASS,0.146775,tau=13426758 n=12 g_4=2424785 Av_12=476576815
13426785,11,84109,39832691,39832691,PASS,0.007192,tau=13426785 n=11 g_3=84109 Av_11=39832691
13426785,12,2420590,476581010,476581010,PASS,0.153987,tau=13426785 n=12 g_4=2420590 Av_12=476581010
13426857,11,84194,39832606,39832606,PASS,0.007110,tau=13426857 n=11 g_3=84194 Av_11=39832606
13426857,12,2424822,476576778,476576778,PASS,0.148633,tau=13426857 n=12 g_4=2424822 Av_12=476576778
13426875,11,84194,39832606,39832606,PASS,0.009128,tau=13426875 n=11 g_3=84194 Av_11=39832606
13426875,12,2424841,476576759,476576759,PASS,0.156810,tau=13426875 n=12 g_4=2424841 Av_12=476576759
13427568,11,84194,39832606,39832606,PASS,0.008863,tau=13427568 n=11 g_3=84194 Av_11=39832606
13427568,12,2424785,476576815,476576815,PASS,0.157492,tau=13427568 n=12 g_4=2424785 Av_12=476576815
13427586,11,84194,39832606,39832606,PASS,0.007402,tau=13427586 n=11 g_3=84194 Av_11=39832606
13427586,12,2424822,476576778,476576778,PASS,0.190293,tau=13427586 n=12 g_4=2424822 Av_12=476576778
13427658,11,84097,39832703,39832703,PASS,0.006968,tau=13427658 n=11 g_3=84097 Av_11=39832703
13427658,12,2419268,476582332,476582332,PASS,0.145796,tau=13427658 n=12 g_4=2419268 Av_12=476582332
13427685,11,84194,39832606,39832606,PASS,0.007563,tau=13427685 n=11 g_3=84194 Av_11=39832606
13427685,12,2424854,476576746,476576746,PASS,0.152285,tau=13427685 n=12 g_4=2424854 Av_12=476576746
13427856,11,84109,39832691,39832691,PASS,0.007137,tau=13427856 n=11 g_3=84109 Av_11=39832691
13427856,12,2420569,476581031,476581031,PASS,0.191537,tau=13427856 n=12 g_4=2420569 Av_12=476581031
13427865,11,84109,39832691,39832691,PASS,0.007276,tau=13427865 n=11 g_3=84109 Av_11=39832691
13427865,12,2420562,476581038,476581038,PASS,0.146488,tau=13427865 n=12 g_4=2420562 Av_12=476581038
13428567,11,84109,39832691,39832691,PASS,0.009658,tau=13428567 n=11 g_3=84109 Av_11=39832691
13428567,12,2420590,476581010,476581010,PASS,0.150647,tau=13428567 n=12 g_4=2420590 Av_12=476581010
13428576,11,84194,39832606,39832606,PASS,0.006855,tau=13428576 n=11 g_3=84194 Av_11=39832606
13428576,12,2424841,476576759,476576759,PASS,0.175527,tau=13428576 n=12 g_4=2424841 Av_12=476576759
13428657,11,84194,39832606,39832606,PASS,0.007523,tau=13428657 n=11 g_3=84194 Av_11=39832606
13428657,12,2424854,476576746,476576746,PASS,0.147483,tau=13428657 n=12 g_4=2424854 Av_12=476576746
13428675,11,84108,39832692,39832692,PASS,0.006981,tau=13428675 n=11 g_3=84108 Av_11=39832692
13428675,12,2420439,476581161,476581161,PASS,0.155555,tau=13428675 n=12 g_4=2420439 Av_12=476581161
13428756,11,84109,39832691,39832691,PASS,0.007836,tau=13428756 n=11 g_3=84109 Av_11=39832691
13428756,12,2420562,476581038,476581038,PASS,0.175510,tau=13428756 n=12 g_4=2420562 Av_12=476581038
13452786,11,84116,39832684,39832684,PASS,0.007086,tau=13452786 n=11 g_3=84116 Av_11=39832684
13452786,12,2421263,476580337,476580337,PASS,0.185421,tau=13452786 n=12 g_4=2421263 Av_12=476580337
13456728,11,84107,39832693,39832693,PASS,0.007062,tau=13456728 n=11 g_3=84107 Av_11=39832693
13456728,12,2420345,476581255,476581255,PASS,0.157526,tau=13456728 n=12 g_4=2420345 Av_12=476581255
13456782,11,84015,39832785,39832785,PASS,0.007752,tau=13456782 n=11 g_3=84015 Av_11=39832785
13456782,12,2415318,476586282,476586282,PASS,0.157258,tau=13456782 n=12 g_4=2415318 Av_12=476586282
13456827,11,84286,39832514,39832514,PASS,0.007400,tau=13456827 n=11 g_3=84286 Av_11=39832514
13456827,12,2429863,476571737,476571737,PASS,0.181175,tau=13456827 n=12 g_4=2429863 Av_12=476571737
13456872,11,84106,39832694,39832694,PASS,0.007188,tau=13456872 n=11 g_3=84106 Av_11=39832694
13456872,12,2420235,476581365,476581365,PASS,0.152348,tau=13456872 n=12 g_4=2420235 Av_12=476581365
13457268,11,84375,39832425,39832425,PASS,0.007034,tau=13457268 n=11 g_3=84375 Av_11=39832425
13457268,12,2434507,476567093,476567093,PASS,0.156145,tau=13457268 n=12 g_4=2434507 Av_12=476567093
13457286,11,84379,39832421,39832421,PASS,0.009343,tau=13457286 n=11 g_3=84379 Av_11=39832421
13457286,12,2434983,476566617,476566617,PASS,0.151306,tau=13457286 n=12 g_4=2434983 Av_12=476566617
13457628,11,84199,39832601,39832601,PASS,0.008276,tau=13457628 n=11 g_3=84199 Av_11=39832601
13457628,12,2425357,476576243,476576243,PASS,0.149844,tau=13457628 n=12 g_4=2425357 Av_12=476576243
13457682,11,84107,39832693,39832693,PASS,0.007008,tau=13457682 n=11 g_3=84107 Av_11=39832693
13457682,12,2420342,476581258,476581258,PASS,0.162322,tau=13457682 n=12 g_4=2420342 Av_12=476581258
13457826,11,84297,39832503,39832503,PASS,0.006417,tau=13457826 n=11 g_3=84297 Av_11=39832503
13457826,12,2430982,476570618,476570618,PASS,0.143179,tau=13457826 n=12 g_4=2430982 Av_12=476570618
13457862,11,84199,39832601,39832601,PASS,0.007123,tau=13457862 n=11 g_3=84199 Av_11=39832601
13457862,12,2425358,476576242,476576242,PASS,0.173949,tau=13457862 n=12 g_4=2425358 Av_12=476576242
13458267,11,84300,39832500,39832500,PASS,0.007196,tau=13458267 n=11 g_3=84300 Av_11=39832500
13458267,12,2431312,476570288,476570288,PASS,0.154231,tau=13458267 n=12 g_4=2431312 Av_12=476570288
13458276,11,84297,39832503,39832503,PASS,0.007241,tau=13458276 n=11 g_3=84297 Av_11=39832503
13458276,12,2430955,476570645,476570645,PASS,0.157036,tau=13458276 n=12 g_4=2430955 Av_12=476570645
13458627,11,84377,39832423,39832423,PASS,0.006563,tau=13458627 n=11 g_3=84377 Av_11=39832423
13458627,12,2434785,476566815,476566815,PASS,0.179701,tau=13458627 n=12 g_4=2434785 Av_12=476566815
13458672,11,84197,39832603,39832603,PASS,0.007527,tau=13458672 n=11 g_3=84197 Av_11=39832603
13458672,12,2425147,476576453,476576453,PASS,0.159506,tau=13458672 n=12 g_4=2425147 Av_12=476576453
13458726,11,84299,39832501,39832501,PASS,0.007086,tau=13458726 n=11 g_3=84299 Av_11=39832501
13458726,12,2431202,476570398,476570398,PASS,0.151836,tau=13458726 n=12 g_4=2431202 Av_12=476570398
13458762,11,84111,39832689,39832689,PASS,0.007087,tau=13458762 n=11 g_3=84111 Av_11=39832689
13458762,12,2420758,476580842,476580842,PASS,0.147725,tau=13458762 n=12 g_4=2420758 Av_12=476580842
13462758,11,84464,39832336,39832336,PASS,0.006856,tau=13462758 n=11 g_3=84464 Av_11=39832336
13462758,12,2439162,476562438,476562438,PASS,0.152580,tau=13462758 n=12 g_4=2439162 Av_12=476562438
13462785,11,84386,39832414,39832414,PASS,0.007160,tau=13462785 n=11 g_3=84386 Av_11=39832414
13462785,12,2435642,476565958,476565958,PASS,0.152292,tau=13462785 n=12 g_4=2435642 Av_12=476565958
13462857,11,84467,39832333,39832333,PASS,0.007062,tau=13462857 n=11 g_3=84467 Av_11=39832333
13462857,12,2439531,476562069,476562069,PASS,0.154407,tau=13462857 n=12 g_4=2439531 Av_12=476562069
13462875,11,84389,39832411,39832411,PASS,0.006537,tau=13462875 n=11 g_3=84389 Av_11=39832411
13462875,12,2435878,476565722,476565722,PASS,0.147023,tau=13462875 n=12 g_4=2435878 Av_12=476565722
13465728,11,84200,39832600,39832600,PASS,0.007302,tau=13465728 n=11 g_3=84200 Av_11=39832600
13465728,12,2425461,476576139,476576139,PASS,0.149346,tau=13465728 n=12 g_4=2425461 Av_12=476576139
13465782,11,84109,39832691,39832691,PASS,0.008016,tau=13465782 n=11 g_3=84109 Av_11=39832691
13465782,12,2420543,476581057,476581057,PASS,0.154358,tau=13465782 n=12 g_4=2420543 Av_12=476581057
13465827,11,84294,39832506,39832506,PASS,0.007210,tau=13465827 n=11 g_3=84294 Av_11=39832506
13465827,12,2430667,476570933,476570933,PASS,0.210396,tau=13465827 n=12 g_4=2430667 Av_12=476570933
13465872,11,84110,39832690,39832690,PASS,0.006466,tau=13465872 n=11 g_3=84110 Av_11=39832690
13465872,12,2420650,476580950,476580950,PASS,0.207963,tau=13465872 n=12 g_4=2420650 Av_12=476580950
13467258,11,84389,39832411,39832411,PASS,0.007229,tau=13467258 n=11 g_3=84389 Av_11=39832411
13467258,12,2435890,476565710,476565710,PASS,0.148279,tau=13467258 n=12 g_4=2435890 Av_12=476565710
13467285,11,84386,39832414,39832414,PASS,0.007288,tau=13467285 n=11 g_3=84386 Av_11=39832414
13467285,12,2435694,476565906,476565906,PASS,0.169127,tau=13467285 n=12 g_4=2435694 Av_12=476565906
13467528,11,84296,39832504,39832504,PASS,0.006950,tau=13467528 n=11 g_3=84296 Av_11=39832504
13467528,12,2430828,476570772,476570772,PASS,0.150684,tau=13467528 n=12 g_4=2430828 Av_12=476570772
13467582,11,84285,39832515,39832515,PASS,0.007986,tau=13467582 n=11 g_3=84285 Av_11=39832515
13467582,12,2429721,476571879,476571879,PASS,0.194922,tau=13467582 n=12 g_4=2429721 Av_12=476571879
13467825,11,84293,39832507,39832507,PASS,0.006902,tau=13467825 n=11 g_3=84293 Av_11=39832507
13467825,12,2430598,476571002,476571002,PASS,0.153889,tau=13467825 n=12 g_4=2430598 Av_12=476571002
13467852,11,84206,39832594,39832594,PASS,0.010695,tau=13467852 n=11 g_3=84206 Av_11=39832594
13467852,12,2426039,476575561,476575561,PASS,0.184278,tau=13467852 n=12 g_4=2426039 Av_12=476575561
13468257,11,84476,39832324,39832324,PASS,0.007493,tau=13468257 n=11 g_3=84476 Av_11=39832324
13468257,12,2440438,476561162,476561162,PASS,0.149791,tau=13468257 n=12 g_4=2440438 Av_12=476561162
13468275,11,84479,39832321,39832321,PASS,0.007104,tau=13468275 n=11 g_3=84479 Av_11=39832321
13468275,12,2440755,476560845,476560845,PASS,0.149250,tau=13468275 n=12 g_4=2440755 Av_12=476560845
13468527,11,84472,39832328,39832328,PASS,0.007549,tau=13468527 n=11 g_3=84472 Av_11=39832328
13468527,12,2440058,476561542,476561542,PASS,0.151820,tau=13468527 n=12 g_4=2440058 Av_12=476561542
13468572,11,84287,39832513,39832513,PASS,0.007282,tau=13468572 n=11 g_3=84287 Av_11=39832513
13468572,12,2429938,476571662,476571662,PASS,0.174077,tau=13468572 n=12 g_4=2429938 Av_12=476571662
13468725,11,84306,39832494,39832494,PASS,0.006942,tau=13468725 n=11 g_3=84306 Av_11=39832494
13468725,12,2431884,476569716,476569716,PASS,0.155848,tau=13468725 n=12 g_4=2431884 Av_12=476569716
13468752,11,84290,39832510,39832510,PASS,0.007341,tau=13468752 n=11 g_3=84290 Av_11=39832510
13468752,12,2430251,476571349,476571349,PASS,0.154413,tau=13468752 n=12 g_4=2430251 Av_12=476571349
13472568,11,84393,39832407,39832407,PASS,0.008002,tau=13472568 n=11 g_3=84393 Av_11=39832407
13472568,12,2436207,476565393,476565393,PASS,0.174016,tau=13472568 n=12 g_4=2436207 Av_12=476565393
13472586,11,84477,39832323,39832323,PASS,0.007993,tau=13472586 n=11 g_3=84477 Av_11=39832323
13472586,12,2440428,476561172,476561172,PASS,0.156407,tau=13472586 n=12 g_4=2440428 Av_12=476561172
13472658,11,84381,39832419,39832419,PASS,0.006544,tau=13472658 n=11 g_3=84381 Av_11=39832419
13472658,12,2435021,476566579,476566579,PASS,0.151427,tau=13472658 n=12 g_4=2435021 Av_12=476566579
13472685,11,84477,39832323,39832323,PASS,0.007573,tau=13472685 n=11 g_3=84477 Av_11=39832323
13472685,12,2440495,476561105,476561105,PASS,0.153024,tau=13472685 n=12 g_4=2440495 Av_12=476561105
13472856,11,84391,39832409,39832409,PASS,0.007387,tau=13472856 n=11 g_3=84391 Av_11=39832409
13472856,12,2436121,476565479,476565479,PASS,0.151960,tau=13472856 n=12 g_4=2436121 Av_12=476565479
13472865,11,84391,39832409,39832409,PASS,0.007721,tau=13472865 n=11 g_3=84391 Av_11=39832409
13472865,12,2436143,476565457,476565457,PASS,0.146655,tau=13472865 n=12 g_4=2436143 Av_12=476565457
13475268,11,84470,39832330,39832330,PASS,0.007139,tau=13475268 n=11 g_3=84470 Av_11=39832330
13475268,12,2439795,476561805,476561805,PASS,0.168454,tau=13475268 n=12 g_4=2439795 Av_12=476561805
13475286,11,84473,39832327,39832327,PASS,0.007160,tau=13475286 n=11 g_3=84473 Av_11=39832327
13475286,12,2440127,476561473,476561473,PASS,0.147948,tau=13475286 n=12 g_4=2440127 Av_12=476561473
13475628,11,84294,39832506,39832506,PASS,0.007220,tau=13475628 n=11 g_3=84294 Av_11=39832506
13475628,12,2430638,476570962,476570962,PASS,0.156871,tau=13475628 n=12 g_4=2430638 Av_12=476570962
13475682,11,84286,39832514,39832514,PASS,0.007823,tau=13475682 n=11 g_3=84286 Av_11=39832514
13475682,12,2429825,476571775,476571775,PASS,0.147962,tau=13475682 n=12 g_4=2429825 Av_12=476571775
13475826,11,84472,39832328,39832328,PASS,0.007671,tau=13475826 n=11 g_3=84472 Av_11=39832328
13475826,12,2440038,476561562,476561562,PASS,0.152475,tau=13475826 n=12 g_4=2440038 Av_12=476561562
13475862,11,84285,39832515,39832515,PASS,0.007463,tau=13475862 n=11 g_3=84285 Av_11=39832515
13475862,12,2429732,476571868,476571868,PASS,0.154155,tau=13475862 n=12 g_4=2429732 Av_12=476571868
13476258,11,84391,39832409,39832409,PASS,0.007905,tau=13476258 n=11 g_3=84391 Av_11=39832409
13476258,12,2436051,476565549,476565549,PASS,0.156154,tau=13476258 n=12 g_4=2436051 Av_12=476565549
13476285,11,84398,39832402,39832402,PASS,0.007569,tau=13476285 n=11 g_3=84398 Av_11=39832402
13476285,12,2436881,476564719,476564719,PASS,0.176854,tau=13476285 n=12 g_4=2436881 Av_12=476564719
13476528,11,84204,39832596,39832596,PASS,0.007083,tau=13476528 n=11 g_3=84204 Av_11=39832596
13476528,12,2425848,476575752,476575752,PASS,0.175747,tau=13476528 n=12 g_4=2425848 Av_12=476575752
13476582,11,84112,39832688,39832688,PASS,0.007176,tau=13476582 n=11 g_3=84112 Av_11=39832688
13476582,12,2420871,476580729,476580729,PASS,0.154935,tau=13476582 n=12 g_4=2420871 Av_12=476580729
13476825,11,84306,39832494,39832494,PASS,0.007944,tau=13476825 n=11 g_3=84306 Av_11=39832494
13476825,12,2431902,476569698,476569698,PASS,0.178712,tau=13476825 n=12 g_4=2431902 Av_12=476569698
13476852,11,84290,39832510,39832510,PASS,0.011147,tau=13476852 n=11 g_3=84290 Av_11=39832510
13476852,12,2430257,476571343,476571343,PASS,0.173055,tau=13476852 n=12 g_4=2430257 Av_12=476571343
13478256,11,84308,39832492,39832492,PASS,0.007475,tau=13478256 n=11 g_3=84308 Av_11=39832492
13478256,12,2432096,476569504,476569504,PASS,0.162571,tau=13478256 n=12 g_4=2432096 Av_12=476569504
13478265,11,84308,39832492,39832492,PASS,0.011707,tau=13478265 n=11 g_3=84308 Av_11=39832492
13478265,12,2432105,476569495,476569495,PASS,0.146870,tau=13478265 n=12 g_4=2432105 Av_12=476569495
13478526,11,84394,39832406,39832406,PASS,0.007146,tau=13478526 n=11 g_3=84394 Av_11=39832406
13478526,12,2436477,476565123,476565123,PASS,0.169479,tau=13478526 n=12 g_4=2436477 Av_12=476565123
13478562,11,84207,39832593,39832593,PASS,0.010721,tau=13478562 n=11 g_3=84207 Av_11=39832593
13478562,12,2426151,476575449,476575449,PASS,0.148956,tau=13478562 n=12 g_4=2426151 Av_12=476575449
13478625,11,84306,39832494,39832494,PASS,0.010282,tau=13478625 n=11 g_3=84306 Av_11=39832494
13478625,12,2431929,476569671,476569671,PASS,0.160941,tau=13478625 n=12 g_4=2431929 Av_12=476569671
13478652,11,84206,39832594,39832594,PASS,0.006979,tau=13478652 n=11 g_3=84206 Av_11=39832594
13478652,12,2426071,476575529,476575529,PASS,0.163113,tau=13478652 n=12 g_4=2426071 Av_12=476575529
13482567,11,84300,39832500,39832500,PASS,0.008763,tau=13482567 n=11 g_3=84300 Av_11=39832500
13482567,12,2431280,476570320,476570320,PASS,0.152751,tau=13482567 n=12 g_4=2431280 Av_12=476570320
13482576,11,84306,39832494,39832494,PASS,0.007935,tau=13482576 n=11 g_3=84306 Av_11=39832494
13482576,12,2431867,476569733,476569733,PASS,0.152462,tau=13482576 n=12 g_4=2431867 Av_12=476569733
13482657,11,84306,39832494,39832494,PASS,0.007148,tau=13482657 n=11 g_3=84306 Av_11=39832494
13482657,12,2431847,476569753,476569753,PASS,0.151998,tau=13482657 n=12 g_4=2431847 Av_12=476569753
13482675,11,84303,39832497,39832497,PASS,0.006800,tau=13482675 n=11 g_3=84303 Av_11=39832497
13482675,12,2431574,476570026,476570026,PASS,0.148426,tau=13482675 n=12 g_4=2431574 Av_12=476570026
13482756,11,84303,39832497,39832497,PASS,0.007726,tau=13482756 n=11 g_3=84303 Av_11=39832497
13482756,12,2431559,476570041,476570041,PASS,0.152632,tau=13482756 n=12 g_4=2431559 Av_12=476570041
13482765,11,84290,39832510,39832510,PASS,0.007924,tau=13482765 n=11 g_3=84290 Av_11=39832510
13482765,12,2430219,476571381,476571381,PASS,0.148121,tau=13482765 n=12 g_4=2430219 Av_12=476571381
13485267,11,84388,39832412,39832412,PASS,0.011605,tau=13485267 n=11 g_3=84388 Av_11=39832412
13485267,12,2435883,476565717,476565717,PASS,0.163303,tau=13485267 n=12 g_4=2435883 Av_12=476565717
13485276,11,84394,39832406,39832406,PASS,0.006704,tau=13485276 n=11 g_3=84394 Av_11=39832406
13485276,12,2436447,476565153,476565153,PASS,0.153951,tau=13485276 n=12 g_4=2436447 Av_12=476565153
13485627,11,84390,39832410,39832410,PASS,0.007581,tau=13485627 n=11 g_3=84390 Av_11=39832410
13485627,12,2436073,476565527,476565527,PASS,0.163042,tau=13485627 n=12 g_4=2436073 Av_12=476565527
13485672,11,84205,39832595,39832595,PASS,0.007415,tau=13485672 n=11 g_3=84205 Av_11=39832595
13485672,12,2425933,476575667,476575667,PASS,0.150593,tau=13485672 n=12 g_4=2425933 Av_12=476575667
13485726,11,84475,39832325,39832325,PASS,0.007516,tau=13485726 n=11 g_3=84475 Av_11=39832325
13485726,12,2440357,476561243,476561243,PASS,0.150901,tau=13485726 n=12 g_4=2440357 Av_12=476561243
13485762,11,84289,39832511,39832511,PASS,0.007184,tau=13485762 n=11 g_3=84289 Av_11=39832511
13485762,12,2430143,476571457,476571457,PASS,0.153047,tau=13485762 n=12 g_4=2430143 Av_12=476571457
13486257,11,84482,39832318,39832318,PASS,0.007758,tau=13486257 n=11 g_3=84482 Av_11=39832318
13486257,12,2441055,476560545,476560545,PASS,0.159296,tau=13486257 n=12 g_4=2441055 Av_12=476560545
13486275,11,84479,39832321,39832321,PASS,0.007047,tau=13486275 n=11 g_3=84479 Av_11=39832321
13486275,12,2440754,476560846,476560846,PASS,0.152673,tau=13486275 n=12 g_4=2440754 Av_12=476560846
13486527,11,84393,39832407,39832407,PASS,0.006989,tau=13486527 n=11 g_3=84393 Av_11=39832407
13486527,12,2436382,476565218,476565218,PASS,0.156426,tau=13486527 n=12 g_4=2436382 Av_12=476565218
13486572,11,84291,39832509,39832509,PASS,0.013784,tau=13486572 n=11 g_3=84291 Av_11=39832509
13486572,12,2430368,476571232,476571232,PASS,0.155928,tau=13486572 n=12 g_4=2430368 Av_12=476571232
13486725,11,84306,39832494,39832494,PASS,0.006944,tau=13486725 n=11 g_3=84306 Av_11=39832494
13486725,12,2431898,476569702,476569702,PASS,0.148106,tau=13486725 n=12 g_4=2431898 Av_12=476569702
13486752,11,84204,39832596,39832596,PASS,0.007383,tau=13486752 n=11 g_3=84204 Av_11=39832596
13486752,12,2425859,476575741,476575741,PASS,0.153448,tau=13486752 n=12 g_4=2425859 Av_12=476575741
13487256,11,84308,39832492,39832492,PASS,0.007103,tau=13487256 n=11 g_3=84308 Av_11=39832492
13487256,12,2432167,476569433,476569433,PASS,0.164357,tau=13487256 n=12 g_4=2432167 Av_12=476569433
13487265,11,84306,39832494,39832494,PASS,0.010115,tau=13487265 n=11 g_3=84306 Av_11=39832494
13487265,12,2431889,476569711,476569711,PASS,0.148866,tau=13487265 n=12 g_4=2431889 Av_12=476569711
13487526,11,84390,39832410,39832410,PASS,0.007297,tau=13487526 n=11 g_3=84390 Av_11=39832410
13487526,12,2436071,476565529,476565529,PASS,0.152800,tau=13487526 n=12 g_4=2436071 Av_12=476565529
13487562,11,84206,39832594,39832594,PASS,0.010632,tau=13487562 n=11 g_3=84206 Av_11=39832594
13487562,12,2426059,476575541,476575541,PASS,0.184916,tau=13487562 n=12 g_4=2426059 Av_12=476575541
13487625,11,84299,39832501,39832501,PASS,0.010038,tau=13487625 n=11 g_3=84299 Av_11=39832501
13487625,12,2431211,476570389,476570389,PASS,0.181351,tau=13487625 n=12 g_4=2431211 Av_12=476570389
13487652,11,84111,39832689,39832689,PASS,0.007184,tau=13487652 n=11 g_3=84111 Av_11=39832689
13487652,12,2420756,476580844,476580844,PASS,0.153801,tau=13487652 n=12 g_4=2420756 Av_12=476580844
13524786,11,84196,39832604,39832604,PASS,0.007297,tau=13524786 n=11 g_3=84196 Av_11=39832604
13524786,12,2425000,476576600,476576600,PASS,0.153676,tau=13524786 n=12 g_4=2425000 Av_12=476576600
13526784,11,84375,39832425,39832425,PASS,0.007254,tau=13526784 n=11 g_3=84375 Av_11=39832425
13526784,12,2434554,476567046,476567046,PASS,0.152368,tau=13526784 n=12 g_4=2434554 Av_12=476567046
13526847,11,84552,39832248,39832248,PASS,0.008115,tau=13526847 n=11 g_3=84552 Av_11=39832248
13526847,12,2443746,476557854,476557854,PASS,0.169668,tau=13526847 n=12 g_4=2443746 Av_12=476557854
13526874,11,84384,39832416,39832416,PASS,0.007488,tau=13526874 n=11 g_3=84384 Av_11=39832416
13526874,12,2435424,476566176,476566176,PASS,0.153039,tau=13526874 n=12 g_4=2435424 Av_12=476566176
13527468,11,84460,39832340,39832340,PASS,0.007688,tau=13527468 n=11 g_3=84460 Av_11=39832340
13527468,12,2438759,476562841,476562841,PASS,0.151201,tau=13527468 n=12 g_4=2438759 Av_12=476562841
13527486,11,84465,39832335,39832335,PASS,0.010379,tau=13527486 n=11 g_3=84465 Av_11=39832335
13527486,12,2439314,476562286,476562286,PASS,0.172263,tau=13527486 n=12 g_4=2439314 Av_12=476562286
13527648,11,84460,39832340,39832340,PASS,0.007127,tau=13527648 n=11 g_3=84460 Av_11=39832340
13527648,12,2438718,476562882,476562882,PASS,0.166302,tau=13527648 n=12 g_4=2438718 Av_12=476562882
13527684,11,84384,39832416,39832416,PASS,0.007283,tau=13527684 n=11 g_3=84384 Av_11=39832416
13527684,12,2435417,476566183,476566183,PASS,0.165457,tau=13527684 n=12 g_4=2435417 Av_12=476566183
13527846,11,84465,39832335,39832335,PASS,0.008339,tau=13527846 n=11 g_3=84465 Av_11=39832335
13527846,12,2439354,476562246,476562246,PASS,0.148731,tau=13527846 n=12 g_4=2439354 Av_12=476562246
13527864,11,84384,39832416,39832416,PASS,0.007819,tau=13527864 n=11 g_3=84384 Av_11=39832416
13527864,12,2435452,476566148,476566148,PASS,0.150681,tau=13527864 n=12 g_4=2435452 Av_12=476566148
13528467,11,84463,39832337,39832337,PASS,0.007151,tau=13528467 n=11 g_3=84463 Av_11=39832337
13528467,12,2439138,476562462,476562462,PASS,0.144122,tau=13528467 n=12 g_4=2439138 Av_12=476562462
13528476,11,84464,39832336,39832336,PASS,0.006913,tau=13528476 n=11 g_3=84464 Av_11=39832336
13528476,12,2439168,476562432,476562432,PASS,0.149377,tau=13528476 n=12 g_4=2439168 Av_12=476562432
13528647,11,84554,39832246,39832246,PASS,0.007358,tau=13528647 n=11 g_3=84554 Av_11=39832246
13528647,12,2444007,476557593,476557593,PASS,0.163970,tau=13528647 n=12 g_4=2444007 Av_12=476557593
13528674,11,84384,39832416,39832416,PASS,0.007417,tau=13528674 n=11 g_3=84384 Av_11=39832416
13528674,12,2435458,476566142,476566142,PASS,0.150882,tau=13528674 n=12 g_4=2435458 Av_12=476566142
13528746,11,84469,39832331,39832331,PASS,0.006641,tau=13528746 n=11 g_3=84469 Av_11=39832331
13528746,12,2439727,476561873,476561873,PASS,0.146350,tau=13528746 n=12 g_4=2439727 Av_12=476561873
13528764,11,84373,39832427,39832427,PASS,0.008337,tau=13528764 n=11 g_3=84373 Av_11=39832427
13528764,12,2434308,476567292,476567292,PASS,0.153561,tau=13528764 n=12 g_4=2434308 Av_12=476567292
13542786,11,84198,39832602,39832602,PASS,0.007674,tau=13542786 n=11 g_3=84198 Av_11=39832602
13542786,12,2425229,476576371,476576371,PASS,0.169929,tau=13542786 n=12 g_4=2425229 Av_12=476576371
13546782,11,84107,39832693,39832693,PASS,0.007559,tau=13546782 n=11 g_3=84107 Av_11=39832693
13546782,12,2420342,476581258,476581258,PASS,0.149931,tau=13546782 n=12 g_4=2420342 Av_12=476581258
13546827,11,84294,39832506,39832506,PASS,0.006329,tau=13546827 n=11 g_3=84294 Av_11=39832506
13546827,12,2430678,476570922,476570922,PASS,0.188616,tau=13546827 n=12 g_4=2430678 Av_12=476570922
13546872,11,84112,39832688,39832688,PASS,0.008444,tau=13546872 n=11 g_3=84112 Av_11=39832688
13546872,12,2420850,476580750,476580750,PASS,0.153354,tau=13546872 n=12 g_4=2420850 Av_12=476580750
13547268,11,84378,39832422,39832422,PASS,0.010536,tau=13547268 n=11 g_3=84378 Av_11=39832422
13547268,12,2434783,476566817,476566817,PASS,0.182020,tau=13547268 n=12 g_4=2434783 Av_12=476566817
13547286,11,84388,39832412,39832412,PASS,0.007479,tau=13547286 n=11 g_3=84388 Av_11=39832412
13547286,12,2435843,476565757,476565757,PASS,0.148905,tau=13547286 n=12 g_4=2435843 Av_12=476565757
13547628,11,84201,39832599,39832599,PASS,0.007436,tau=13547628 n=11 g_3=84201 Av_11=39832599
13547628,12,2425564,476576036,476576036,PASS,0.196640,tau=13547628 n=12 g_4=2425564 Av_12=476576036
13547682,11,84107,39832693,39832693,PASS,0.006491,tau=13547682 n=11 g_3=84107 Av_11=39832693
13547682,12,2420352,476581248,476581248,PASS,0.171757,tau=13547682 n=12 g_4=2420352 Av_12=476581248
13547826,11,84303,39832497,39832497,PASS,0.010362,tau=13547826 n=11 g_3=84303 Av_11=39832497
13547826,12,2431604,476569996,476569996,PASS,0.185891,tau=13547826 n=12 g_4=2431604 Av_12=476569996
13547862,11,84202,39832598,39832598,PASS,0.006756,tau=13547862 n=11 g_3=84202 Av_11=39832598
13547862,12,2425668,476575932,476575932,PASS,0.169543,tau=13547862 n=12 g_4=2425668 Av_12=476575932
13548267,11,84306,39832494,39832494,PASS,0.007601,tau=13548267 n=11 g_3=84306 Av_11=39832494
13548267,12,2431874,476569726,476569726,PASS,0.173910,tau=13548267 n=12 g_4=2431874 Av_12=476569726
13548276,11,84298,39832502,39832502,PASS,0.008387,tau=13548276 n=11 g_3=84298 Av_11=39832502
13548276,12,2431039,476570561,476570561,PASS,0.166583,tau=13548276 n=12 g_4=2431039 Av_12=476570561
13548627,11,84384,39832416,39832416,PASS,0.010310,tau=13548627 n=11 g_3=84384 Av_11=39832416
13548627,12,2435486,476566114,476566114,PASS,0.193859,tau=13548627 n=12 g_4=2435486 Av_12=476566114
13548672,11,84202,39832598,39832598,PASS,0.009776,tau=13548672 n=11 g_3=84202 Av_11=39832598
13548672,12,2425668,476575932,476575932,PASS,0.150637,tau=13548672 n=12 g_4=2425668 Av_12=476575932
13548726,11,84301,39832499,39832499,PASS,0.009757,tau=13548726 n=11 g_3=84301 Av_11=39832499
13548726,12,2431400,476570200,476570200,PASS,0.151651,tau=13548726 n=12 g_4=2431400 Av_12=476570200
13548762,11,84112,39832688,39832688,PASS,0.009580,tau=13548762 n=11 g_3=84112 Av_11=39832688
13548762,12,2420867,476580733,476580733,PASS,0.213410,tau=13548762 n=12 g_4=2420867 Av_12=476580733
13562748,11,84388,39832412,39832412,PASS,0.007476,tau=13562748 n=11 g_3=84388 Av_11=39832412
13562748,12,2435826,476565774,476565774,PASS,0.160060,tau=13562748 n=12 g_4=2435826 Av_12=476565774
13562784,11,84386,39832414,39832414,PASS,0.007851,tau=13562784 n=11 g_3=84386 Av_11=39832414
13562784,12,2435693,476565907,476565907,PASS,0.197832,tau=13562784 n=12 g_4=2435693 Av_12=476565907
13562847,11,84476,39832324,39832324,PASS,0.007170,tau=13562847 n=11 g_3=84476 Av_11=39832324
13562847,12,2440463,476561137,476561137,PASS,0.153895,tau=13562847 n=12 g_4=2440463 Av_12=476561137
13562874,11,84391,39832409,39832409,PASS,0.010231,tau=13562874 n=11 g_3=84391 Av_11=39832409
13562874,12,2436174,476565426,476565426,PASS,0.172332,tau=13562874 n=12 g_4=2436174 Av_12=476565426
13564728,11,84372,39832428,39832428,PASS,0.007052,tau=13564728 n=11 g_3=84372 Av_11=39832428
13564728,12,2434278,476567322,476567322,PASS,0.150805,tau=13564728 n=12 g_4=2434278 Av_12=476567322
13564782,11,84285,39832515,39832515,PASS,0.008771,tau=13564782 n=11 g_3=84285 Av_11=39832515
13564782,12,2429742,476571858,476571858,PASS,0.151077,tau=13564782 n=12 g_4=2429742 Av_12=476571858
13564827,11,84386,39832414,39832414,PASS,0.006467,tau=13564827 n=11 g_3=84386 Av_11=39832414
13564827,12,2435677,476565923,476565923,PASS,0.167070,tau=13564827 n=12 g_4=2435677 Av_12=476565923
13564872,11,84287,39832513,39832513,PASS,0.006983,tau=13564872 n=11 g_3=84287 Av_11=39832513
13564872,12,2429961,476571639,476571639,PASS,0.187035,tau=13564872 n=12 g_4=2429961 Av_12=476571639
13567248,11,84294,39832506,39832506,PASS,0.006732,tau=13567248 n=11 g_3=84294 Av_11=39832506
13567248,12,2430691,476570909,476570909,PASS,0.189661,tau=13567248 n=12 g_4=2430691 Av_12=476570909
13567284,11,84295,39832505,39832505,PASS,0.010367,tau=13567284 n=11 g_3=84295 Av_11=39832505
13567284,12,2430823,476570777,476570777,PASS,0.177072,tau=13567284 n=12 g_4=2430823 Av_12=476570777
13567428,11,84293,39832507,39832507,PASS,0.010156,tau=13567428 n=11 g_3=84293 Av_11=39832507
13567428,12,2430558,476571042,476571042,PASS,0.172667,tau=13567428 n=12 g_4=2430558 Av_12=476571042
13567482,11,84293,39832507,39832507,PASS,0.006883,tau=13567482 n=11 g_3=84293 Av_11=39832507
13567482,12,2430512,476571088,476571088,PASS,0.144131,tau=13567482 n=12 g_4=2430512 Av_12=476571088
13567824,11,84198,39832602,39832602,PASS,0.007092,tau=13567824 n=11 g_3=84198 Av_11=39832602
13567824,12,2425261,476576339,476576339,PASS,0.157612,tau=13567824 n=12 g_4=2425261 Av_12=476576339
13567842,11,84197,39832603,39832603,PASS,0.007667,tau=13567842 n=11 g_3=84197 Av_11=39832603
13567842,12,2425160,476576440,476576440,PASS,0.161303,tau=13567842 n=12 g_4=2425160 Av_12=476576440
13568247,11,84478,39832322,39832322,PASS,0.006980,tau=13568247 n=11 g_3=84478 Av_11=39832322
13568247,12,2440668,476560932,476560932,PASS,0.150175,tau=13568247 n=12 g_4=2440668 Av_12=476560932
13568274,11,84479,39832321,39832321,PASS,0.006920,tau=13568274 n=11 g_3=84479 Av_11=39832321
13568274,12,2440794,476560806,476560806,PASS,0.178483,tau=13568274 n=12 g_4=2440794 Av_12=476560806
13568427,11,84482,39832318,39832318,PASS,0.007929,tau=13568427 n=11 g_3=84482 Av_11=39832318
13568427,12,2441056,476560544,476560544,PASS,0.160264,tau=13568427 n=12 g_4=2441056 Av_12=476560544
13568472,11,84465,39832335,39832335,PASS,0.007869,tau=13568472 n=11 g_3=84465 Av_11=39832335
13568472,12,2439330,476562270,476562270,PASS,0.164630,tau=13568472 n=12 g_4=2439330 Av_12=476562270
13568724,11,84292,39832508,39832508,PASS,0.009541,tau=13568724 n=11 g_3=84292 Av_11=39832508
13568724,12,2430499,476571101,476571101,PASS,0.148413,tau=13568724 n=12 g_4=2430499 Av_12=476571101
13568742,11,84292,39832508,39832508,PASS,0.007703,tau=13568742 n=11 g_3=84292 Av_11=39832508
13568742,12,2430461,476571139,476571139,PASS,0.172272,tau=13568742 n=12 g_4=2430461 Av_12=476571139
13572468,11,84468,39832332,39832332,PASS,0.007317,tau=13572468 n=11 g_3=84468 Av_11=39832332
13572468,12,2439601,476561999,476561999,PASS,0.166187,tau=13572468 n=12 g_4=2439601 Av_12=476561999
13572486,11,84558,39832242,39832242,PASS,0.011011,tau=13572486 n=11 g_3=84558 Av_11=39832242
13572486,12,2444428,476557172,476557172,PASS,0.145455,tau=13572486 n=12 g_4=2444428 Av_12=476557172
13572648,11,84557,39832243,39832243,PASS,0.006775,tau=13572648 n=11 g_3=84557 Av_11=39832243
13572648,12,2444264,476557336,476557336,PASS,0.150908,tau=13572648 n=12 g_4=2444264 Av_12=476557336
13572684,11,84565,39832235,39832235,PASS,0.007541,tau=13572684 n=11 g_3=84565 Av_11=39832235
13572684,12,2445133,476556467,476556467,PASS,0.143742,tau=13572684 n=12 g_4=2445133 Av_12=476556467
13572846,11,84476,39832324,39832324,PASS,0.006964,tau=13572846 n=11 g_3=84476 Av_11=39832324
13572846,12,2440506,476561094,476561094,PASS,0.153318,tau=13572846 n=12 g_4=2440506 Av_12=476561094
13572864,11,84564,39832236,39832236,PASS,0.007024,tau=13572864 n=11 g_3=84564 Av_11=39832236
13572864,12,2445068,476556532,476556532,PASS,0.146571,tau=13572864 n=12 g_4=2445068 Av_12=476556532
13574268,11,84554,39832246,39832246,PASS,0.010119,tau=13574268 n=11 g_3=84554 Av_11=39832246
13574268,12,2443995,476557605,476557605,PASS,0.159907,tau=13574268 n=12 g_4=2443995 Av_12=476557605
13574286,11,84560,39832240,39832240,PASS,0.006904,tau=13574286 n=11 g_3=84560 Av_11=39832240
13574286,12,2444637,476556963,476556963,PASS,0.146412,tau=13574286 n=12 g_4=2444637 Av_12=476556963
13574628,11,84378,39832422,39832422,PASS,0.008934,tau=13574628 n=11 g_3=84378 Av_11=39832422
13574628,12,2434826,476566774,476566774,PASS,0.149956,tau=13574628 n=12 g_4=2434826 Av_12=476566774
13574682,11,84368,39832432,39832432,PASS,0.007090,tau=13574682 n=11 g_3=84368 Av_11=39832432
13574682,12,2433835,476567765,476567765,PASS,0.173054,tau=13574682 n=12 g_4=2433835 Av_12=476567765
13574826,11,84564,39832236,39832236,PASS,0.007381,tau=13574826 n=11 g_3=84564 Av_11=39832236
13574826,12,2445049,476556551,476556551,PASS,0.192587,tau=13574826 n=12 g_4=2445049 Av_12=476556551
13574862,11,84459,39832341,39832341,PASS,0.006911,tau=13574862 n=11 g_3=84459 Av_11=39832341
13574862,12,2438736,476562864,476562864,PASS,0.143719,tau=13574862 n=12 g_4=2438736 Av_12=476562864
13576248,11,84386,39832414,39832414,PASS,0.007150,tau=13576248 n=11 g_3=84386 Av_11=39832414
13576248,12,2435657,476565943,476565943,PASS,0.144982,tau=13576248 n=12 g_4=2435657 Av_12=476565943
13576284,11,84389,39832411,39832411,PASS,0.008213,tau=13576284 n=11 g_3=84389 Av_11=39832411
13576284,12,2436036,476565564,476565564,PASS,0.174134,tau=13576284 n=12 g_4=2436036 Av_12=476565564
13576428,11,84378,39832422,39832422,PASS,0.010247,tau=13576428 n=11 g_3=84378 Av_11=39832422
13576428,12,2434833,476566767,476566767,PASS,0.159189,tau=13576428 n=12 g_4=2434833 Av_12=476566767
13576482,11,84376,39832424,39832424,PASS,0.006918,tau=13576482 n=11 g_3=84376 Av_11=39832424
13576482,12,2434649,476566951,476566951,PASS,0.144992,tau=13576482 n=12 g_4=2434649 Av_12=476566951
13576824,11,84290,39832510,39832510,PASS,0.006825,tau=13576824 n=11 g_3=84290 Av_11=39832510
13576824,12,2430294,476571306,476571306,PASS,0.148167,tau=13576824 n=12 g_4=2430294 Av_12=476571306
13576842,11,84290,39832510,39832510,PASS,0.007054,tau=13576842 n=11 g_3=84290 Av_11=39832510
13576842,12,2430257,476571343,476571343,PASS,0.163060,tau=13576842 n=12 g_4=2430257 Av_12=476571343
13578246,11,84384,39832416,39832416,PASS,0.007554,tau=13578246 n=11 g_3=84384 Av_11=39832416
13578246,12,2435502,476566098,476566098,PASS,0.173928,tau=13578246 n=12 g_4=2435502 Av_12=476566098
13578264,11,84477,39832323,39832323,PASS,0.006972,tau=13578264 n=11 g_3=84477 Av_11=39832323
13578264,12,2440583,476561017,476561017,PASS,0.147350,tau=13578264 n=12 g_4=2440583 Av_12=476561017
13578426,11,84474,39832326,39832326,PASS,0.007014,tau=13578426 n=11 g_3=84474 Av_11=39832326
13578426,12,2440295,476561305,476561305,PASS,0.156233,tau=13578426 n=12 g_4=2440295 Av_12=476561305
13578462,11,84379,39832421,39832421,PASS,0.007104,tau=13578462 n=11 g_3=84379 Av_11=39832421
13578462,12,2434929,476566671,476566671,PASS,0.170558,tau=13578462 n=12 g_4=2434929 Av_12=476566671
13578624,11,84378,39832422,39832422,PASS,0.007574,tau=13578624 n=11 g_3=84378 Av_11=39832422
13578624,12,2434910,476566690,476566690,PASS,0.147275,tau=13578624 n=12 g_4=2434910 Av_12=476566690
13578642,11,84376,39832424,39832424,PASS,0.007229,tau=13578642 n=11 g_3=84376 Av_11=39832424
13578642,12,2434656,476566944,476566944,PASS,0.157492,tau=13578642 n=12 g_4=2434656 Av_12=476566944
13582467,11,84476,39832324,39832324,PASS,0.007990,tau=13582467 n=11 g_3=84476 Av_11=39832324
13582467,12,2440433,476561167,476561167,PASS,0.204126,tau=13582467 n=12 g_4=2440433 Av_12=476561167
13582476,11,84476,39832324,39832324,PASS,0.010335,tau=13582476 n=11 g_3=84476 Av_11=39832324
13582476,12,2440426,476561174,476561174,PASS,0.193756,tau=13582476 n=12 g_4=2440426 Av_12=476561174
13582647,11,84571,39832229,39832229,PASS,0.006852,tau=13582647 n=11 g_3=84571 Av_11=39832229
13582647,12,2445725,476555875,476555875,PASS,0.146126,tau=13582647 n=12 g_4=2445725 Av_12=476555875
13582674,11,84487,39832313,39832313,PASS,0.007341,tau=13582674 n=11 g_3=84487 Av_11=39832313
13582674,12,2441585,476560015,476560015,PASS,0.154801,tau=13582674 n=12 g_4=2441585 Av_12=476560015
13582746,11,84568,39832232,39832232,PASS,0.007365,tau=13582746 n=11 g_3=84568 Av_11=39832232
13582746,12,2445448,476556152,476556152,PASS,0.147048,tau=13582746 n=12 g_4=2445448 Av_12=476556152
13582764,11,84478,39832322,39832322,PASS,0.007200,tau=13582764 n=11 g_3=84478 Av_11=39832322
13582764,12,2440634,476560966,476560966,PASS,0.146435,tau=13582764 n=12 g_4=2440634 Av_12=476560966
13584267,11,84482,39832318,39832318,PASS,0.007148,tau=13584267 n=11 g_3=84482 Av_11=39832318
13584267,12,2441042,476560558,476560558,PASS,0.169859,tau=13584267 n=12 g_4=2441042 Av_12=476560558
13584276,11,84480,39832320,39832320,PASS,0.006642,tau=13584276 n=11 g_3=84480 Av_11=39832320
13584276,12,2440832,476560768,476560768,PASS,0.150369,tau=13584276 n=12 g_4=2440832 Av_12=476560768
13584627,11,84562,39832238,39832238,PASS,0.007139,tau=13584627 n=11 g_3=84562 Av_11=39832238
13584627,12,2444855,476556745,476556745,PASS,0.164826,tau=13584627 n=12 g_4=2444855 Av_12=476556745
13584672,11,84459,39832341,39832341,PASS,0.012536,tau=13584672 n=11 g_3=84459 Av_11=39832341
13584672,12,2438739,476562861,476562861,PASS,0.149456,tau=13584672 n=12 g_4=2438739 Av_12=476562861
13584726,11,84559,39832241,39832241,PASS,0.008691,tau=13584726 n=11 g_3=84559 Av_11=39832241
13584726,12,2444549,476557051,476557051,PASS,0.174846,tau=13584726 n=12 g_4=2444549 Av_12=476557051
13584762,11,84377,39832423,39832423,PASS,0.006913,tau=13584762 n=11 g_3=84377 Av_11=39832423
13584762,12,2434744,476566856,476566856,PASS,0.200515,tau=13584762 n=12 g_4=2434744 Av_12=476566856
13586247,11,84566,39832234,39832234,PASS,0.007845,tau=13586247 n=11 g_3=84566 Av_11=39832234
13586247,12,2445283,476556317,476556317,PASS,0.178370,tau=13586247 n=12 g_4=2445283 Av_12=476556317
13586274,11,84562,39832238,39832238,PASS,0.006937,tau=13586274 n=11 g_3=84562 Av_11=39832238
13586274,12,2444897,476556703,476556703,PASS,0.145113,tau=13586274 n=12 g_4=2444897 Av_12=476556703
13586427,11,84564,39832236,39832236,PASS,0.007065,tau=13586427 n=11 g_3=84564 Av_11=39832236
13586427,12,2445067,476556533,476556533,PASS,0.143185,tau=13586427 n=12 g_4=2445067 Av_12=476556533
13586472,11,84550,39832250,39832250,PASS,0.007181,tau=13586472 n=11 g_3=84550 Av_11=39832250
13586472,12,2443643,476557957,476557957,PASS,0.168647,tau=13586472 n=12 g_4=2443643 Av_12=476557957
13586724,11,84378,39832422,39832422,PASS,0.007211,tau=13586724 n=11 g_3=84378 Av_11=39832422
13586724,12,2434905,476566695,476566695,PASS,0.195325,tau=13586724 n=12 g_4=2434905 Av_12=476566695
13586742,11,84376,39832424,39832424,PASS,0.006455,tau=13586742 n=11 g_3=84376 Av_11=39832424
13586742,12,2434657,476566943,476566943,PASS,0.173207,tau=13586742 n=12 g_4=2434657 Av_12=476566943
13587246,11,84475,39832325,39832325,PASS,0.007099,tau=13587246 n=11 g_3=84475 Av_11=39832325
13587246,12,2440398,476561202,476561202,PASS,0.176697,tau=13587246 n=12 g_4=2440398 Av_12=476561202
13587264,11,84480,39832320,39832320,PASS,0.010255,tau=13587264 n=11 g_3=84480 Av_11=39832320
13587264,12,2440885,476560715,476560715,PASS,0.173850,tau=13587264 n=12 g_4=2440885 Av_12=476560715
13587426,11,84486,39832314,39832314,PASS,0.007180,tau=13587426 n=11 g_3=84486 Av_11=39832314
13587426,12,2441442,476560158,476560158,PASS,0.148059,tau=13587426 n=12 g_4=2441442 Av_12=476560158
13587462,11,84463,39832337,39832337,PASS,0.007936,tau=13587462 n=11 g_3=84463 Av_11=39832337
13587462,12,2439141,476562459,476562459,PASS,0.155298,tau=13587462 n=12 g_4=2439141 Av_12=476562459
13587624,11,84296,39832504,39832504,PASS,0.007111,tau=13587624 n=11 g_3=84296 Av_11=39832504
13587624,12,2430880,476570720,476570720,PASS,0.149210,tau=13587624 n=12 g_4=2430880 Av_12=476570720
13587642,11,84290,39832510,39832510,PASS,0.007156,tau=13587642 n=11 g_3=84290 Av_11=39832510
13587642,12,2430237,476571363,476571363,PASS,0.147680,tau=13587642 n=12 g_4=2430237 Av_12=476571363
13624758,11,84539,39832261,39832261,PASS,0.008132,tau=13624758 n=11 g_3=84539 Av_11=39832261
13624758,12,2442407,476559193,476559193,PASS,0.151397,tau=13624758 n=12 g_4=2442407 Av_12=476559193
13624785,11,84473,39832327,39832327,PASS,0.007706,tau=13624785 n=11 g_3=84473 Av_11=39832327
13624785,12,2440030,476561570,476561570,PASS,0.155876,tau=13624785 n=12 g_4=2440030 Av_12=476561570
13624857,11,84552,39832248,39832248,PASS,0.007188,tau=13624857 n=11 g_3=84552 Av_11=39832248
13624857,12,2443741,476557859,476557859,PASS,0.182532,tau=13624857 n=12 g_4=2443741 Av_12=476557859
13624875,11,84462,39832338,39832338,PASS,0.007096,tau=13624875 n=11 g_3=84462 Av_11=39832338
13624875,12,2438942,476562658,476562658,PASS,0.145600,tau=13624875 n=12 g_4=2438942 Av_12=476562658
13625748,11,84547,39832253,39832253,PASS,0.010918,tau=13625748 n=11 g_3=84547 Av_11=39832253
13625748,12,2443230,476558370,476558370,PASS,0.199983,tau=13625748 n=12 g_4=2443230 Av_12=476558370
13625784,11,84469,39832331,39832331,PASS,0.013828,tau=13625784 n=11 g_3=84469 Av_11=39832331
13625784,12,2439703,476561897,476561897,PASS,0.173092,tau=13625784 n=12 g_4=2439703 Av_12=476561897
13625847,11,84549,39832251,39832251,PASS,0.007508,tau=13625847 n=11 g_3=84549 Av_11=39832251
13625847,12,2443458,476558142,476558142,PASS,0.187254,tau=13625847 n=12 g_4=2443458 Av_12=476558142
13625874,11,84474,39832326,39832326,PASS,0.007146,tau=13625874 n=11 g_3=84474 Av_11=39832326
13625874,12,2440161,476561439,476561439,PASS,0.149155,tau=13625874 n=12 g_4=2440161 Av_12=476561439
13627458,11,84467,39832333,39832333,PASS,0.007348,tau=13627458 n=11 g_3=84467 Av_11=39832333
13627458,12,2439460,476562140,476562140,PASS,0.199074,tau=13627458 n=12 g_4=2439460 Av_12=476562140
13627485,11,84554,39832246,39832246,PASS,0.007393,tau=13627485 n=11 g_3=84554 Av_11=39832246
13627485,12,2444013,476557587,476557587,PASS,0.177313,tau=13627485 n=12 g_4=2444013 Av_12=476557587
13627548,11,84466,39832334,39832334,PASS,0.007263,tau=13627548 n=11 g_3=84466 Av_11=39832334
13627548,12,2439336,476562264,476562264,PASS,0.143605,tau=13627548 n=12 g_4=2439336 Av_12=476562264
13627584,11,84556,39832244,39832244,PASS,0.010083,tau=13627584 n=11 g_3=84556 Av_11=39832244
13627584,12,2444226,476557374,476557374,PASS,0.183212,tau=13627584 n=12 g_4=2444226 Av_12=476557374
13627845,11,84388,39832412,39832412,PASS,0.007469,tau=13627845 n=11 g_3=84388 Av_11=39832412
13627845,12,2435819,476565781,476565781,PASS,0.155431,tau=13627845 n=12 g_4=2435819 Av_12=476565781
13627854,11,84388,39832412,39832412,PASS,0.006453,tau=13627854 n=11 g_3=84388 Av_11=39832412
13627854,12,2435855,476565745,476565745,PASS,0.151278,tau=13627854 n=12 g_4=2435855 Av_12=476565745
13628457,11,84472,39832328,39832328,PASS,0.006877,tau=13628457 n=11 g_3=84472 Av_11=39832328
13628457,12,2440049,476561551,476561551,PASS,0.143573,tau=13628457 n=12 g_4=2440049 Av_12=476561551
13628475,11,84563,39832237,39832237,PASS,0.006971,tau=13628475 n=11 g_3=84563 Av_11=39832237
13628475,12,2444881,476556719,476556719,PASS,0.149750,tau=13628475 n=12 g_4=2444881 Av_12=476556719
13628547,11,84482,39832318,39832318,PASS,0.007481,tau=13628547 n=11 g_3=84482 Av_11=39832318
13628547,12,2440977,476560623,476560623,PASS,0.151473,tau=13628547 n=12 g_4=2440977 Av_12=476560623
13628574,11,84555,39832245,39832245,PASS,0.007052,tau=13628574 n=11 g_3=84555 Av_11=39832245
13628574,12,2444110,476557490,476557490,PASS,0.168212,tau=13628574 n=12 g_4=2444110 Av_12=476557490
13628745,11,84391,39832409,39832409,PASS,0.008367,tau=13628745 n=11 g_3=84391 Av_11=39832409
13628745,12,2436147,476565453,476565453,PASS,0.155803,tau=13628745 n=12 g_4=2436147 Av_12=476565453
13628754,11,84389,39832411,39832411,PASS,0.008344,tau=13628754 n=11 g_3=84389 Av_11=39832411
13628754,12,2435923,476565677,476565677,PASS,0.148811,tau=13628754 n=12 g_4=2435923 Av_12=476565677
13642785,11,84477,39832323,39832323,PASS,0.007349,tau=13642785 n=11 g_3=84477 Av_11=39832323
13642785,12,2440491,476561109,476561109,PASS,0.155331,tau=13642785 n=12 g_4=2440491 Av_12=476561109
13642857,11,84558,39832242,39832242,PASS,0.008504,tau=13642857 n=11 g_3=84558 Av_11=39832242
13642857,12,2444396,476557204,476557204,PASS,0.160037,tau=13642857 n=12 g_4=2444396 Av_12=476557204
13642875,11,84466,39832334,39832334,PASS,0.006588,tau=13642875 n=11 g_3=84466 Av_11=39832334
13642875,12,2439389,476562211,476562211,PASS,0.143672,tau=13642875 n=12 g_4=2439389 Av_12=476562211
13645728,11,84375,39832425,39832425,PASS,0.007111,tau=13645728 n=11 g_3=84375 Av_11=39832425
13645728,12,2434583,476567017,476567017,PASS,0.156086,tau=13645728 n=12 g_4=2434583 Av_12=476567017
13645782,11,84286,39832514,39832514,PASS,0.007268,tau=13645782 n=11 g_3=84286 Av_11=39832514
13645782,12,2429844,476571756,476571756,PASS,0.158224,tau=13645782 n=12 g_4=2429844 Av_12=476571756
13645827,11,84388,39832412,39832412,PASS,0.007329,tau=13645827 n=11 g_3=84388 Av_11=39832412
13645827,12,2435900,476565700,476565700,PASS,0.145770,tau=13645827 n=12 g_4=2435900 Av_12=476565700
13645872,11,84287,39832513,39832513,PASS,0.006452,tau=13645872 n=11 g_3=84287 Av_11=39832513
13645872,12,2429979,476571621,476571621,PASS,0.142614,tau=13645872 n=12 g_4=2429979 Av_12=476571621
13647258,11,84556,39832244,39832244,PASS,0.007559,tau=13647258 n=11 g_3=84556 Av_11=39832244
13647258,12,2444156,476557444,476557444,PASS,0.188696,tau=13647258 n=12 g_4=2444156 Av_12=476557444
13647285,11,84565,39832235,39832235,PASS,0.010211,tau=13647285 n=11 g_3=84565 Av_11=39832235
13647285,12,2445137,476556463,476556463,PASS,0.149844,tau=13647285 n=12 g_4=2445137 Av_12=476556463
13647528,11,84378,39832422,39832422,PASS,0.006907,tau=13647528 n=11 g_3=84378 Av_11=39832422
13647528,12,2434832,476566768,476566768,PASS,0.181793,tau=13647528 n=12 g_4=2434832 Av_12=476566768
13647582,11,84368,39832432,39832432,PASS,0.006430,tau=13647582 n=11 g_3=84368 Av_11=39832432
13647582,12,2433829,476567771,476567771,PASS,0.143634,tau=13647582 n=12 g_4=2433829 Av_12=476567771
13647825,11,84478,39832322,39832322,PASS,0.007513,tau=13647825 n=11 g_3=84478 Av_11=39832322
13647825,12,2440665,476560935,476560935,PASS,0.177567,tau=13647825 n=12 g_4=2440665 Av_12=476560935
13647852,11,84461,39832339,39832339,PASS,0.008360,tau=13647852 n=11 g_3=84461 Av_11=39832339
13647852,12,2438935,476562665,476562665,PASS,0.161818,tau=13647852 n=12 g_4=2438935 Av_12=476562665
13648257,11,84571,39832229,39832229,PASS,0.006664,tau=13648257 n=11 g_3=84571 Av_11=39832229
13648257,12,2445730,476555870,476555870,PASS,0.146363,tau=13648257 n=12 g_4=2445730 Av_12=476555870
13648275,11,84561,39832239,39832239,PASS,0.011226,tau=13648275 n=11 g_3=84561 Av_11=39832239
13648275,12,2444762,476556838,476556838,PASS,0.173634,tau=13648275 n=12 g_4=2444762 Av_12=476556838
13648527,11,84562,39832238,39832238,PASS,0.007578,tau=13648527 n=11 g_3=84562 Av_11=39832238
13648527,12,2444846,476556754,476556754,PASS,0.153072,tau=13648527 n=12 g_4=2444846 Av_12=476556754
13648572,11,84462,39832338,39832338,PASS,0.007021,tau=13648572 n=11 g_3=84462 Av_11=39832338
13648572,12,2439033,476562567,476562567,PASS,0.156811,tau=13648572 n=12 g_4=2439033 Av_12=476562567
13648725,11,84477,39832323,39832323,PASS,0.006297,tau=13648725 n=11 g_3=84477 Av_11=39832323
13648725,12,2440560,476561040,476561040,PASS,0.145197,tau=13648725 n=12 g_4=2440560 Av_12=476561040
13648752,11,84377,39832423,39832423,PASS,0.007504,tau=13648752 n=11 g_3=84377 Av_11=39832423
13648752,12,2434723,476566877,476566877,PASS,0.147379,tau=13648752 n=12 g_4=2434723 Av_12=476566877
13652748,11,84479,39832321,39832321,PASS,0.007036,tau=13652748 n=11 g_3=84479 Av_11=39832321
13652748,12,2440653,476560947,476560947,PASS,0.156617,tau=13652748 n=12 g_4=2440653 Av_12=476560947
13652784,11,84398,39832402,39832402,PASS,0.007078,tau=13652784 n=11 g_3=84398 Av_11=39832402
13652784,12,2436864,476564736,476564736,PASS,0.167222,tau=13652784 n=12 g_4=2436864 Av_12=476564736
13652847,11,84486,39832314,39832314,PASS,0.006617,tau=13652847 n=11 g_3=84486 Av_11=39832314
13652847,12,2441379,476560221,476560221,PASS,0.146921,tau=13652847 n=12 g_4=2441379 Av_12=476560221
13652874,11,84395,39832405,39832405,PASS,0.006936,tau=13652874 n=11 g_3=84395 Av_11=39832405
13652874,12,2436563,476565037,476565037,PASS,0.150307,tau=13652874 n=12 g_4=2436563 Av_12=476565037
13654728,11,84205,39832595,39832595,PASS,0.011004,tau=13654728 n=11 g_3=84205 Av_11=39832595
13654728,12,2425948,476575652,476575652,PASS,0.191506,tau=13654728 n=12 g_4=2425948 Av_12=476575652
13654782,11,84112,39832688,39832688,PASS,0.007127,tau=13654782 n=11 g_3=84112 Av_11=39832688
13654782,12,2420871,476580729,476580729,PASS,0.190410,tau=13654782 n=12 g_4=2420871 Av_12=476580729
13654827,11,84292,39832508,39832508,PASS,0.006559,tau=13654827 n=11 g_3=84292 Av_11=39832508
13654827,12,2430475,476571125,476571125,PASS,0.148663,tau=13654827 n=12 g_4=2430475 Av_12=476571125
13654872,11,84112,39832688,39832688,PASS,0.007113,tau=13654872 n=11 g_3=84112 Av_11=39832688
13654872,12,2420867,476580733,476580733,PASS,0.155488,tau=13654872 n=12 g_4=2420867 Av_12=476580733
13657248,11,84389,39832411,39832411,PASS,0.006979,tau=13657248 n=11 g_3=84389 Av_11=39832411
13657248,12,2435945,476565655,476565655,PASS,0.145217,tau=13657248 n=12 g_4=2435945 Av_12=476565655
13657284,11,84389,39832411,39832411,PASS,0.007306,tau=13657284 n=11 g_3=84389 Av_11=39832411
13657284,12,2436036,476565564,476565564,PASS,0.149760,tau=13657284 n=12 g_4=2436036 Av_12=476565564
13657428,11,84380,39832420,39832420,PASS,0.007059,tau=13657428 n=11 g_3=84380 Av_11=39832420
13657428,12,2435041,476566559,476566559,PASS,0.153658,tau=13657428 n=12 g_4=2435041 Av_12=476566559
13657482,11,84376,39832424,39832424,PASS,0.007023,tau=13657482 n=11 g_3=84376 Av_11=39832424
13657482,12,2434639,476566961,476566961,PASS,0.153116,tau=13657482 n=12 g_4=2434639 Av_12=476566961
13657824,11,84295,39832505,39832505,PASS,0.007082,tau=13657824 n=11 g_3=84295 Av_11=39832505
13657824,12,2430798,476570802,476570802,PASS,0.145605,tau=13657824 n=12 g_4=2430798 Av_12=476570802
13657842,11,84292,39832508,39832508,PASS,0.007395,tau=13657842 n=11 g_3=84292 Av_11=39832508
13657842,12,2430463,476571137,476571137,PASS,0.170362,tau=13657842 n=12 g_4=2430463 Av_12=476571137
13658247,11,84483,39832317,39832317,PASS,0.009566,tau=13658247 n=11 g_3=84483 Av_11=39832317
13658247,12,2441161,476560439,476560439,PASS,0.164796,tau=13658247 n=12 g_4=2441161 Av_12=476560439
13658274,11,84481,39832319,39832319,PASS,0.008450,tau=13658274 n=11 g_3=84481 Av_11=39832319
13658274,12,2441003,476560597,476560597,PASS,0.180541,tau=13658274 n=12 g_4=2441003 Av_12=476560597
13658427,11,84481,39832319,39832319,PASS,0.007093,tau=13658427 n=11 g_3=84481 Av_11=39832319
13658427,12,2440945,476560655,476560655,PASS,0.153365,tau=13658427 n=12 g_4=2440945 Av_12=476560655
13658472,11,84380,39832420,39832420,PASS,0.010499,tau=13658472 n=11 g_3=84380 Av_11=39832420
13658472,12,2435030,476566570,476566570,PASS,0.206407,tau=13658472 n=12 g_4=2435030 Av_12=476566570
13658724,11,84295,39832505,39832505,PASS,0.009319,tau=13658724 n=11 g_3=84295 Av_11=39832505
13658724,12,2430805,476570795,476570795,PASS,0.154728,tau=13658724 n=12 g_4=2430805 Av_12=476570795
13658742,11,84293,39832507,39832507,PASS,0.010220,tau=13658742 n=11 g_3=84293 Av_11=39832507
13658742,12,2430542,476571058,476571058,PASS,0.162661,tau=13658742 n=12 g_4=2430542 Av_12=476571058
13672458,11,84388,39832412,39832412,PASS,0.010371,tau=13672458 n=11 g_3=84388 Av_11=39832412
13672458,12,2435795,476565805,476565805,PASS,0.177979,tau=13672458 n=12 g_4=2435795 Av_12=476565805
13672485,11,84486,39832314,39832314,PASS,0.007368,tau=13672485 n=11 g_3=84486 Av_11=39832314
13672485,12,2441439,476560161,476560161,PASS,0.150653,tau=13672485 n=12 g_4=2441439 Av_12=476560161
13672548,11,84390,39832410,39832410,PASS,0.010881,tau=13672548 n=11 g_3=84390 Av_11=39832410
13672548,12,2436010,476565590,476565590,PASS,0.158605,tau=13672548 n=12 g_4=2436010 Av_12=476565590
13672584,11,84487,39832313,39832313,PASS,0.007311,tau=13672584 n=11 g_3=84487 Av_11=39832313
13672584,12,2441554,476560046,476560046,PASS,0.149992,tau=13672584 n=12 g_4=2441554 Av_12=476560046
13672845,11,84390,39832410,39832410,PASS,0.007170,tau=13672845 n=11 g_3=84390 Av_11=39832410
13672845,12,2436079,476565521,476565521,PASS,0.149283,tau=13672845 n=12 g_4=2436079 Av_12=476565521
13672854,11,84393,39832407,39832407,PASS,0.007002,tau=13672854 n=11 g_3=84393 Av_11=39832407
13672854,12,2436391,476565209,476565209,PASS,0.151603,tau=13672854 n=12 g_4=2436391 Av_12=476565209
13674258,11,84477,39832323,39832323,PASS,0.007318,tau=13674258 n=11 g_3=84477 Av_11=39832323
13674258,12,2440502,476561098,476561098,PASS,0.163360,tau=13674258 n=12 g_4=2440502 Av_12=476561098
13674285,11,84487,39832313,39832313,PASS,0.006773,tau=13674285 n=11 g_3=84487 Av_11=39832313
13674285,12,2441573,476560027,476560027,PASS,0.148535,tau=13674285 n=12 g_4=2441573 Av_12=476560027
13674528,11,84297,39832503,39832503,PASS,0.007356,tau=13674528 n=11 g_3=84297 Av_11=39832503
13674528,12,2430922,476570678,476570678,PASS,0.193854,tau=13674528 n=12 g_4=2430922 Av_12=476570678
13674582,11,84295,39832505,39832505,PASS,0.009498,tau=13674582 n=11 g_3=84295 Av_11=39832505
13674582,12,2430753,476570847,476570847,PASS,0.147147,tau=13674582 n=12 g_4=2430753 Av_12=476570847
13674825,11,84487,39832313,39832313,PASS,0.006928,tau=13674825 n=11 g_3=84487 Av_11=39832313
13674825,12,2441525,476560075,476560075,PASS,0.151662,tau=13674825 n=12 g_4=2441525 Av_12=476560075
13674852,11,84386,39832414,39832414,PASS,0.007645,tau=13674852 n=11 g_3=84386 Av_11=39832414
13674852,12,2435607,476565993,476565993,PASS,0.204752,tau=13674852 n=12 g_4=2435607 Av_12=476565993
13675248,11,84390,39832410,39832410,PASS,0.006807,tau=13675248 n=11 g_3=84390 Av_11=39832410
13675248,12,2436019,476565581,476565581,PASS,0.161518,tau=13675248 n=12 g_4=2436019 Av_12=476565581
13675284,11,84403,39832397,39832397,PASS,0.006344,tau=13675284 n=11 g_3=84403 Av_11=39832397
13675284,12,2437418,476564182,476564182,PASS,0.153966,tau=13675284 n=12 g_4=2437418 Av_12=476564182
13675428,11,84296,39832504,39832504,PASS,0.007556,tau=13675428 n=11 g_3=84296 Av_11=39832504
13675428,12,2430846,476570754,476570754,PASS,0.162141,tau=13675428 n=12 g_4=2430846 Av_12=476570754
13675482,11,84293,39832507,39832507,PASS,0.007679,tau=13675482 n=11 g_3=84293 Av_11=39832507
13675482,12,2430576,476571024,476571024,PASS,0.151534,tau=13675482 n=12 g_4=2430576 Av_12=476571024
13675824,11,84386,39832414,39832414,PASS,0.007002,tau=13675824 n=11 g_3=84386 Av_11=39832414
13675824,12,2435703,476565897,476565897,PASS,0.184751,tau=13675824 n=12 g_4=2435703 Av_12=476565897
13675842,11,84378,39832422,39832422,PASS,0.006385,tau=13675842 n=11 g_3=84378 Av_11=39832422
13675842,12,2434856,476566744,476566744,PASS,0.153080,tau=13675842 n=12 g_4=2434856 Av_12=476566744
13678245,11,84294,39832506,39832506,PASS,0.008436,tau=13678245 n=11 g_3=84294 Av_11=39832506
13678245,12,2430689,476570911,476570911,PASS,0.177017,tau=13678245 n=12 g_4=2430689 Av_12=476570911
13678254,11,84297,39832503,39832503,PASS,0.007441,tau=13678254 n=11 g_3=84297 Av_11=39832503
13678254,12,2430998,476570602,476570602,PASS,0.154051,tau=13678254 n=12 g_4=2430998 Av_12=476570602
13678425,11,84381,39832419,39832419,PASS,0.006968,tau=13678425 n=11 g_3=84381 Av_11=39832419
13678425,12,2435211,476566389,476566389,PASS,0.149953,tau=13678425 n=12 g_4=2435211 Av_12=476566389
13678452,11,84204,39832596,39832596,PASS,0.007139,tau=13678452 n=11 g_3=84204 Av_11=39832596
13678452,12,2425870,476575730,476575730,PASS,0.161361,tau=13678452 n=12 g_4=2425870 Av_12=476575730
13678524,11,84293,39832507,39832507,PASS,0.007065,tau=13678524 n=11 g_3=84293 Av_11=39832507
13678524,12,2430610,476570990,476570990,PASS,0.153441,tau=13678524 n=12 g_4=2430610 Av_12=476570990
13678542,11,84204,39832596,39832596,PASS,0.007492,tau=13678542 n=11 g_3=84204 Av_11=39832596
13678542,12,2425874,476575726,476575726,PASS,0.156087,tau=13678542 n=12 g_4=2425874 Av_12=476575726
13682457,11,84478,39832322,39832322,PASS,0.007900,tau=13682457 n=11 g_3=84478 Av_11=39832322
13682457,12,2440658,476560942,476560942,PASS,0.153566,tau=13682457 n=12 g_4=2440658 Av_12=476560942
13682475,11,84567,39832233,39832233,PASS,0.009677,tau=13682475 n=11 g_3=84567 Av_11=39832233
13682475,12,2445358,476556242,476556242,PASS,0.157485,tau=13682475 n=12 g_4=2445358 Av_12=476556242
13682547,11,84483,39832317,39832317,PASS,0.010365,tau=13682547 n=11 g_3=84483 Av_11=39832317
13682547,12,2441151,476560449,476560449,PASS,0.146390,tau=13682547 n=12 g_4=2441151 Av_12=476560449
13682574,11,84567,39832233,39832233,PASS,0.006974,tau=13682574 n=11 g_3=84567 Av_11=39832233
13682574,12,2445344,476556256,476556256,PASS,0.167714,tau=13682574 n=12 g_4=2445344 Av_12=476556256
13682745,11,84484,39832316,39832316,PASS,0.010185,tau=13682745 n=11 g_3=84484 Av_11=39832316
13682745,12,2441277,476560323,476560323,PASS,0.172497,tau=13682745 n=12 g_4=2441277 Av_12=476560323
13682754,11,84483,39832317,39832317,PASS,0.007386,tau=13682754 n=11 g_3=84483 Av_11=39832317
13682754,12,2441164,476560436,476560436,PASS,0.159721,tau=13682754 n=12 g_4=2441164 Av_12=476560436
13684257,11,84566,39832234,39832234,PASS,0.006937,tau=13684257 n=11 g_3=84566 Av_11=39832234
13684257,12,2445287,476556313,476556313,PASS,0.150083,tau=13684257 n=12 g_4=2445287 Av_12=476556313
13684275,11,84575,39832225,39832225,PASS,0.007439,tau=13684275 n=11 g_3=84575 Av_11=39832225
13684275,12,2446140,476555460,476555460,PASS,0.153786,tau=13684275 n=12 g_4=2446140 Av_12=476555460
13684527,11,84482,39832318,39832318,PASS,0.007251,tau=13684527 n=11 g_3=84482 Av_11=39832318
13684527,12,2441077,476560523,476560523,PASS,0.161442,tau=13684527 n=12 g_4=2441077 Av_12=476560523
13684572,11,84386,39832414,39832414,PASS,0.007136,tau=13684572 n=11 g_3=84386 Av_11=39832414
13684572,12,2435621,476565979,476565979,PASS,0.144245,tau=13684572 n=12 g_4=2435621 Av_12=476565979
13684725,11,84562,39832238,39832238,PASS,0.007035,tau=13684725 n=11 g_3=84562 Av_11=39832238
13684725,12,2444837,476556763,476556763,PASS,0.146515,tau=13684725 n=12 g_4=2444837 Av_12=476556763
13684752,11,84467,39832333,39832333,PASS,0.007264,tau=13684752 n=11 g_3=84467 Av_11=39832333
13684752,12,2439513,476562087,476562087,PASS,0.149219,tau=13684752 n=12 g_4=2439513 Av_12=476562087
13685247,11,84568,39832232,39832232,PASS,0.007845,tau=13685247 n=11 g_3=84568 Av_11=39832232
13685247,12,2445470,476556130,476556130,PASS,0.143119,tau=13685247 n=12 g_4=2445470 Av_12=476556130
13685274,11,84572,39832228,39832228,PASS,0.007220,tau=13685274 n=11 g_3=84572 Av_11=39832228
13685274,12,2445838,476555762,476555762,PASS,0.156838,tau=13685274 n=12 g_4=2445838 Av_12=476555762
13685427,11,84480,39832320,39832320,PASS,0.006615,tau=13685427 n=11 g_3=84480 Av_11=39832320
13685427,12,2440860,476560740,476560740,PASS,0.144279,tau=13685427 n=12 g_4=2440860 Av_12=476560740
13685472,11,84464,39832336,39832336,PASS,0.007378,tau=13685472 n=11 g_3=84464 Av_11=39832336
13685472,12,2439260,476562340,476562340,PASS,0.148558,tau=13685472 n=12 g_4=2439260 Av_12=476562340
13685724,11,84386,39832414,39832414,PASS,0.007108,tau=13685724 n=11 g_3=84386 Av_11=39832414
13685724,12,2435674,476565926,476565926,PASS,0.143947,tau=13685724 n=12 g_4=2435674 Av_12=476565926
13685742,11,84374,39832426,39832426,PASS,0.008292,tau=13685742 n=11 g_3=84374 Av_11=39832426
13685742,12,2434436,476567164,476567164,PASS,0.189282,tau=13685742 n=12 g_4=2434436 Av_12=476567164
13687245,11,84306,39832494,39832494,PASS,0.008891,tau=13687245 n=11 g_3=84306 Av_11=39832494
13687245,12,2431904,476569696,476569696,PASS,0.184506,tau=13687245 n=12 g_4=2431904 Av_12=476569696
13687254,11,84306,39832494,39832494,PASS,0.007253,tau=13687254 n=11 g_3=84306 Av_11=39832494
13687254,12,2431934,476569666,476569666,PASS,0.148378,tau=13687254 n=12 g_4=2431934 Av_12=476569666
13687425,11,84392,39832408,39832408,PASS,0.006942,tau=13687425 n=11 g_3=84392 Av_11=39832408
13687425,12,2436315,476565285,476565285,PASS,0.143816,tau=13687425 n=12 g_4=2436315 Av_12=476565285
13687452,11,84294,39832506,39832506,PASS,0.007748,tau=13687452 n=11 g_3=84294 Av_11=39832506
13687452,12,2430666,476570934,476570934,PASS,0.144542,tau=13687452 n=12 g_4=2430666 Av_12=476570934
13687524,11,84380,39832420,39832420,PASS,0.006810,tau=13687524 n=11 g_3=84380 Av_11=39832420
13687524,12,2435136,476566464,476566464,PASS,0.148394,tau=13687524 n=12 g_4=2435136 Av_12=476566464
13687542,11,84292,39832508,39832508,PASS,0.007140,tau=13687542 n=11 g_3=84292 Av_11=39832508
13687542,12,2430446,476571154,476571154,PASS,0.148854,tau=13687542 n=12 g_4=2430446 Av_12=476571154
13724586,11,84473,39832327,39832327,PASS,0.007050,tau=13724586 n=11 g_3=84473 Av_11=39832327
13724586,12,2440086,476561514,476561514,PASS,0.150331,tau=13724586 n=12 g_4=2440086 Av_12=476561514
13724658,11,84382,39832418,39832418,PASS,0.007061,tau=13724658 n=11 g_3=84382 Av_11=39832418
13724658,12,2435168,476566432,476566432,PASS,0.149587,tau=13724658 n=12 g_4=2435168 Av_12=476566432
13724685,11,84558,39832242,39832242,PASS,0.006909,tau=13724685 n=11 g_3=84558 Av_11=39832242
13724685,12,2444396,476557204,476557204,PASS,0.150754,tau=13724685 n=12 g_4=2444396 Av_12=476557204
13724856,11,84474,39832326,39832326,PASS,0.006960,tau=13724856 n=11 g_3=84474 Av_11=39832326
13724856,12,2440194,476561406,476561406,PASS,0.147236,tau=13724856 n=12 g_4=2440194 Av_12=476561406
13724865,11,84475,39832325,39832325,PASS,0.007333,tau=13724865 n=11 g_3=84475 Av_11=39832325
13724865,12,2440314,476561286,476561286,PASS,0.148950,tau=13724865 n=12 g_4=2440314 Av_12=476561286
13725486,11,84467,39832333,39832333,PASS,0.007066,tau=13725486 n=11 g_3=84467 Av_11=39832333
13725486,12,2439469,476562131,476562131,PASS,0.141909,tau=13725486 n=12 g_4=2439469 Av_12=476562131
13725648,11,84385,39832415,39832415,PASS,0.006818,tau=13725648 n=11 g_3=84385 Av_11=39832415
13725648,12,2435462,476566138,476566138,PASS,0.146857,tau=13725648 n=12 g_4=2435462 Av_12=476566138
13725684,11,84479,39832321,39832321,PASS,0.007092,tau=13725684 n=11 g_3=84479 Av_11=39832321
13725684,12,2440722,476560878,476560878,PASS,0.148649,tau=13725684 n=12 g_4=2440722 Av_12=476560878
13725846,11,84557,39832243,39832243,PASS,0.007436,tau=13725846 n=11 g_3=84557 Av_11=39832243
13725846,12,2444290,476557310,476557310,PASS,0.151271,tau=13725846 n=12 g_4=2444290 Av_12=476557310
13725864,11,84554,39832246,39832246,PASS,0.007089,tau=13725864 n=11 g_3=84554 Av_11=39832246
13725864,12,2444005,476557595,476557595,PASS,0.146724,tau=13725864 n=12 g_4=2444005 Av_12=476557595
13726458,11,84382,39832418,39832418,PASS,0.007017,tau=13726458 n=11 g_3=84382 Av_11=39832418
13726458,12,2435173,476566427,476566427,PASS,0.147385,tau=13726458 n=12 g_4=2435173 Av_12=476566427
13726485,11,84558,39832242,39832242,PASS,0.007319,tau=13726485 n=11 g_3=84558 Av_11=39832242
13726485,12,2444374,476557226,476557226,PASS,0.146606,tau=13726485 n=12 g_4=2444374 Av_12=476557226
13726548,11,84282,39832518,39832518,PASS,0.007356,tau=13726548 n=11 g_3=84282 Av_11=39832518
13726548,12,2429384,476572216,476572216,PASS,0.149417,tau=13726548 n=12 g_4=2429384 Av_12=476572216
13726584,11,84472,39832328,39832328,PASS,0.008048,tau=13726584 n=11 g_3=84472 Av_11=39832328
13726584,12,2440014,476561586,476561586,PASS,0.141219,tau=13726584 n=12 g_4=2440014 Av_12=476561586
13726845,11,84472,39832328,39832328,PASS,0.007026,tau=13726845 n=11 g_3=84472 Av_11=39832328
13726845,12,2440035,476561565,476561565,PASS,0.151490,tau=13726845 n=12 g_4=2440035 Av_12=476561565
13726854,11,84466,39832334,39832334,PASS,0.007176,tau=13726854 n=11 g_3=84466 Av_11=39832334
13726854,12,2439423,476562177,476562177,PASS,0.144605,tau=13726854 n=12 g_4=2439423 Av_12=476562177
13728456,11,84377,39832423,39832423,PASS,0.008396,tau=13728456 n=11 g_3=84377 Av_11=39832423
13728456,12,2434758,476566842,476566842,PASS,0.149930,tau=13728456 n=12 g_4=2434758 Av_12=476566842
13728465,11,84390,39832410,39832410,PASS,0.007174,tau=13728465 n=11 g_3=84390 Av_11=39832410
13728465,12,2436022,476565578,476565578,PASS,0.152820,tau=13728465 n=12 g_4=2436022 Av_12=476565578
13728546,11,84390,39832410,39832410,PASS,0.007289,tau=13728546 n=11 g_3=84390 Av_11=39832410
13728546,12,2436040,476565560,476565560,PASS,0.144311,tau=13728546 n=12 g_4=2436040 Av_12=476565560
13728564,11,84382,39832418,39832418,PASS,0.006897,tau=13728564 n=11 g_3=84382 Av_11=39832418
13728564,12,2435260,476566340,476566340,PASS,0.143337,tau=13728564 n=12 g_4=2435260 Av_12=476566340
13728645,11,84384,39832416,39832416,PASS,0.007454,tau=13728645 n=11 g_3=84384 Av_11=39832416
13728645,12,2435488,476566112,476566112,PASS,0.149003,tau=13728645 n=12 g_4=2435488 Av_12=476566112
13728654,11,84378,39832422,39832422,PASS,0.007146,tau=13728654 n=11 g_3=84378 Av_11=39832422
13728654,12,2434846,476566754,476566754,PASS,0.146260,tau=13728654 n=12 g_4=2434846 Av_12=476566754
13742586,11,84562,39832238,39832238,PASS,0.006858,tau=13742586 n=11 g_3=84562 Av_11=39832238
13742586,12,2444798,476556802,476556802,PASS,0.148466,tau=13742586 n=12 g_4=2444798 Av_12=476556802
13742658,11,84474,39832326,39832326,PASS,0.006723,tau=13742658 n=11 g_3=84474 Av_11=39832326
13742658,12,2440148,476561452,476561452,PASS,0.145382,tau=13742658 n=12 g_4=2440148 Av_12=476561452
13742685,11,84570,39832230,39832230,PASS,0.007377,tau=13742685 n=11 g_3=84570 Av_11=39832230
13742685,12,2445627,476555973,476555973,PASS,0.152815,tau=13742685 n=12 g_4=2445627 Av_12=476555973
13742856,11,84481,39832319,39832319,PASS,0.007219,tau=13742856 n=11 g_3=84481 Av_11=39832319
13742856,12,2440948,476560652,476560652,PASS,0.149078,tau=13742856 n=12 g_4=2440948 Av_12=476560652
13742865,11,84484,39832316,39832316,PASS,0.007346,tau=13742865 n=11 g_3=84484 Av_11=39832316
13742865,12,2441217,476560383,476560383,PASS,0.145054,tau=13742865 n=12 g_4=2441217 Av_12=476560383
13745268,11,84476,39832324,39832324,PASS,0.006705,tau=13745268 n=11 g_3=84476 Av_11=39832324
13745268,12,2440429,476561171,476561171,PASS,0.145157,tau=13745268 n=12 g_4=2440429 Av_12=476561171
13745286,11,84483,39832317,39832317,PASS,0.007591,tau=13745286 n=11 g_3=84483 Av_11=39832317
13745286,12,2441150,476560450,476560450,PASS,0.149745,tau=13745286 n=12 g_4=2441150 Av_12=476560450
13745628,11,84295,39832505,39832505,PASS,0.007099,tau=13745628 n=11 g_3=84295 Av_11=39832505
13745628,12,2430784,476570816,476570816,PASS,0.143592,tau=13745628 n=12 g_4=2430784 Av_12=476570816
13745682,11,84296,39832504,39832504,PASS,0.006797,tau=13745682 n=11 g_3=84296 Av_11=39832504
13745682,12,2430840,476570760,476570760,PASS,0.145541,tau=13745682 n=12 g_4=2430840 Av_12=476570760
13745826,11,84492,39832308,39832308,PASS,0.007210,tau=13745826 n=11 g_3=84492 Av_11=39832308
13745826,12,2442044,476559556,476559556,PASS,0.144227,tau=13745826 n=12 g_4=2442044 Av_12=476559556
13745862,11,84465,39832335,39832335,PASS,0.007958,tau=13745862 n=11 g_3=84465 Av_11=39832335
13745862,12,2439330,476562270,476562270,PASS,0.150832,tau=13745862 n=12 g_4=2439330 Av_12=476562270
13746258,11,84558,39832242,39832242,PASS,0.007088,tau=13746258 n=11 g_3=84558 Av_11=39832242
13746258,12,2444359,476557241,476557241,PASS,0.145307,tau=13746258 n=12 g_4=2444359 Av_12=476557241
13746285,11,84576,39832224,39832224,PASS,0.006771,tau=13746285 n=11 g_3=84576 Av_11=39832224
13746285,12,2446239,476555361,476555361,PASS,0.148264,tau=13746285 n=12 g_4=2446239 Av_12=476555361
13746528,11,84382,39832418,39832418,PASS,0.006433,tau=13746528 n=11 g_3=84382 Av_11=39832418
13746528,12,2435262,476566338,476566338,PASS,0.147646,tau=13746528 n=12 g_4=2435262 Av_12=476566338
13746582,11,84376,39832424,39832424,PASS,0.007454,tau=13746582 n=11 g_3=84376 Av_11=39832424
13746582,12,2434674,476566926,476566926,PASS,0.154127,tau=13746582 n=12 g_4=2434674 Av_12=476566926
13746825,11,84570,39832230,39832230,PASS,0.006954,tau=13746825 n=11 g_3=84570 Av_11=39832230
13746825,12,2445678,476555922,476555922,PASS,0.147887,tau=13746825 n=12 g_4=2445678 Av_12=476555922
13746852,11,84550,39832250,39832250,PASS,0.006946,tau=13746852 n=11 g_3=84550 Av_11=39832250
13746852,12,2443646,476557954,476557954,PASS,0.157019,tau=13746852 n=12 g_4=2443646 Av_12=476557954
13748256,11,84487,39832313,39832313,PASS,0.006575,tau=13748256 n=11 g_3=84487 Av_11=39832313
13748256,12,2441558,476560042,476560042,PASS,0.147064,tau=13748256 n=12 g_4=2441558 Av_12=476560042
13748265,11,84490,39832310,39832310,PASS,0.007482,tau=13748265 n=11 g_3=84490 Av_11=39832310
13748265,12,2441819,476559781,476559781,PASS,0.168338,tau=13748265 n=12 g_4=2441819 Av_12=476559781
13748526,11,84564,39832236,39832236,PASS,0.007041,tau=13748526 n=11 g_3=84564 Av_11=39832236
13748526,12,2445060,476556540,476556540,PASS,0.143523,tau=13748526 n=12 g_4=2445060 Av_12=476556540
13748562,11,84381,39832419,39832419,PASS,0.008101,tau=13748562 n=11 g_3=84381 Av_11=39832419
13748562,12,2435133,476566467,476566467,PASS,0.168926,tau=13748562 n=12 g_4=2435133 Av_12=476566467
13748625,11,84568,39832232,39832232,PASS,0.006667,tau=13748625 n=11 g_3=84568 Av_11=39832232
13748625,12,2445450,476556150,476556150,PASS,0.144189,tau=13748625 n=12 g_4=2445450 Av_12=476556150
13748652,11,84465,39832335,39832335,PASS,0.009925,tau=13748652 n=11 g_3=84465 Av_11=39832335
13748652,12,2439356,476562244,476562244,PASS,0.158695,tau=13748652 n=12 g_4=2439356 Av_12=476562244
13752486,11,84562,39832238,39832238,PASS,0.006923,tau=13752486 n=11 g_3=84562 Av_11=39832238
13752486,12,2444796,476556804,476556804,PASS,0.146994,tau=13752486 n=12 g_4=2444796 Av_12=476556804
13752648,11,84554,39832246,39832246,PASS,0.007490,tau=13752648 n=11 g_3=84554 Av_11=39832246
13752648,12,2443959,476557641,476557641,PASS,0.146270,tau=13752648 n=12 g_4=2443959 Av_12=476557641
13752684,11,84576,39832224,39832224,PASS,0.006866,tau=13752684 n=11 g_3=84576 Av_11=39832224
13752684,12,2446235,476555365,476555365,PASS,0.167223,tau=13752684 n=12 g_4=2446235 Av_12=476555365
13752846,11,84575,39832225,39832225,PASS,0.007553,tau=13752846 n=11 g_3=84575 Av_11=39832225
13752846,12,2446112,476555488,476555488,PASS,0.148504,tau=13752846 n=12 g_4=2446112 Av_12=476555488
13752864,11,84569,39832231,39832231,PASS,0.006904,tau=13752864 n=11 g_3=84569 Av_11=39832231
13752864,12,2445525,476556075,476556075,PASS,0.151297,tau=13752864 n=12 g_4=2445525 Av_12=476556075
13754268,11,84476,39832324,39832324,PASS,0.007086,tau=13754268 n=11 g_3=84476 Av_11=39832324
13754268,12,2440373,476561227,476561227,PASS,0.149739,tau=13754268 n=12 g_4=2440373 Av_12=476561227
13754286,11,84476,39832324,39832324,PASS,0.006882,tau=13754286 n=11 g_3=84476 Av_11=39832324
13754286,12,2440428,476561172,476561172,PASS,0.147856,tau=13754286 n=12 g_4=2440428 Av_12=476561172
13754628,11,84384,39832416,39832416,PASS,0.007253,tau=13754628 n=11 g_3=84384 Av_11=39832416
13754628,12,2435458,476566142,476566142,PASS,0.152819,tau=13754628 n=12 g_4=2435458 Av_12=476566142
13754682,11,84376,39832424,39832424,PASS,0.007148,tau=13754682 n=11 g_3=84376 Av_11=39832424
13754682,12,2434674,476566926,476566926,PASS,0.149779,tau=13754682 n=12 g_4=2434674 Av_12=476566926
13754826,11,84479,39832321,39832321,PASS,0.006773,tau=13754826 n=11 g_3=84479 Av_11=39832321
13754826,12,2440791,476560809,476560809,PASS,0.148501,tau=13754826 n=12 g_4=2440791 Av_12=476560809
13754862,11,84380,39832420,39832420,PASS,0.006927,tau=13754862 n=11 g_3=84380 Av_11=39832420
13754862,12,2435055,476566545,476566545,PASS,0.149408,tau=13754862 n=12 g_4=2435055 Av_12=476566545
13756248,11,84386,39832414,39832414,PASS,0.008177,tau=13756248 n=11 g_3=84386 Av_11=39832414
13756248,12,2435616,476565984,476565984,PASS,0.146881,tau=13756248 n=12 g_4=2435616 Av_12=476565984
13756284,11,84403,39832397,39832397,PASS,0.007300,tau=13756284 n=11 g_3=84403 Av_11=39832397
13756284,12,2437390,476564210,476564210,PASS,0.152330,tau=13756284 n=12 g_4=2437390 Av_12=476564210
13756428,11,84294,39832506,39832506,PASS,0.006882,tau=13756428 n=11 g_3=84294 Av_11=39832506
13756428,12,2430631,476570969,476570969,PASS,0.149427,tau=13756428 n=12 g_4=2430631 Av_12=476570969
13756482,11,84290,39832510,39832510,PASS,0.006831,tau=13756482 n=11 g_3=84290 Av_11=39832510
13756482,12,2430280,476571320,476571320,PASS,0.151667,tau=13756482 n=12 g_4=2430280 Av_12=476571320
13756824,11,84387,39832413,39832413,PASS,0.007801,tau=13756824 n=11 g_3=84387 Av_11=39832413
13756824,12,2435800,476565800,476565800,PASS,0.154935,tau=13756824 n=12 g_4=2435800 Av_12=476565800
13756842,11,84380,39832420,39832420,PASS,0.007151,tau=13756842 n=11 g_3=84380 Av_11=39832420
13756842,12,2435067,476566533,476566533,PASS,0.161360,tau=13756842 n=12 g_4=2435067 Av_12=476566533
13758246,11,84564,39832236,39832236,PASS,0.008120,tau=13758246 n=11 g_3=84564 Av_11=39832236
13758246,12,2445074,476556526,476556526,PASS,0.165495,tau=13758246 n=12 g_4=2445074 Av_12=476556526
13758264,11,84565,39832235,39832235,PASS,0.007147,tau=13758264 n=11 g_3=84565 Av_11=39832235
13758264,12,2445158,476556442,476556442,PASS,0.154987,tau=13758264 n=12 g_4=2445158 Av_12=476556442
13758426,11,84570,39832230,39832230,PASS,0.007435,tau=13758426 n=11 g_3=84570 Av_11=39832230
13758426,12,2445641,476555959,476555959,PASS,0.142982,tau=13758426 n=12 g_4=2445641 Av_12=476555959
13758462,11,84466,39832334,39832334,PASS,0.007818,tau=13758462 n=11 g_3=84466 Av_11=39832334
13758462,12,2439427,476562173,476562173,PASS,0.174753,tau=13758462 n=12 g_4=2439427 Av_12=476562173
13758624,11,84384,39832416,39832416,PASS,0.006849,tau=13758624 n=11 g_3=84384 Av_11=39832416
13758624,12,2435471,476566129,476566129,PASS,0.182213,tau=13758624 n=12 g_4=2435471 Av_12=476566129
13758642,11,84374,39832426,39832426,PASS,0.006803,tau=13758642 n=11 g_3=84374 Av_11=39832426
13758642,12,2434448,476567152,476567152,PASS,0.145783,tau=13758642 n=12 g_4=2434448 Av_12=476567152
13762458,11,84395,39832405,39832405,PASS,0.006923,tau=13762458 n=11 g_3=84395 Av_11=39832405
13762458,12,2436462,476565138,476565138,PASS,0.179960,tau=13762458 n=12 g_4=2436462 Av_12=476565138
13762485,11,84491,39832309,39832309,PASS,0.006993,tau=13762485 n=11 g_3=84491 Av_11=39832309
13762485,12,2441952,476559648,476559648,PASS,0.143177,tau=13762485 n=12 g_4=2441952 Av_12=476559648
13762548,11,84387,39832413,39832413,PASS,0.006858,tau=13762548 n=11 g_3=84387 Av_11=39832413
13762548,12,2435648,476565952,476565952,PASS,0.143941,tau=13762548 n=12 g_4=2435648 Av_12=476565952
13762584,11,84487,39832313,39832313,PASS,0.006937,tau=13762584 n=11 g_3=84487 Av_11=39832313
13762584,12,2441546,476560054,476560054,PASS,0.196231,tau=13762584 n=12 g_4=2441546 Av_12=476560054
13762845,11,84401,39832399,39832399,PASS,0.010312,tau=13762845 n=11 g_3=84401 Av_11=39832399
13762845,12,2437198,476564402,476564402,PASS,0.159528,tau=13762845 n=12 g_4=2437198 Av_12=476564402
13762854,11,84400,39832400,39832400,PASS,0.006775,tau=13762854 n=11 g_3=84400 Av_11=39832400
13762854,12,2437109,476564491,476564491,PASS,0.142557,tau=13762854 n=12 g_4=2437109 Av_12=476564491
13764258,11,84473,39832327,39832327,PASS,0.007103,tau=13764258 n=11 g_3=84473 Av_11=39832327
13764258,12,2440095,476561505,476561505,PASS,0.150507,tau=13764258 n=12 g_4=2440095 Av_12=476561505
13764285,11,84487,39832313,39832313,PASS,0.007155,tau=13764285 n=11 g_3=84487 Av_11=39832313
13764285,12,2441546,476560054,476560054,PASS,0.153738,tau=13764285 n=12 g_4=2441546 Av_12=476560054
13764528,11,84296,39832504,39832504,PASS,0.006919,tau=13764528 n=11 g_3=84296 Av_11=39832504
13764528,12,2430855,476570745,476570745,PASS,0.147770,tau=13764528 n=12 g_4=2430855 Av_12=476570745
13764582,11,84293,39832507,39832507,PASS,0.006330,tau=13764582 n=11 g_3=84293 Av_11=39832507
13764582,12,2430584,476571016,476571016,PASS,0.144384,tau=13764582 n=12 g_4=2430584 Av_12=476571016
13764825,11,84486,39832314,39832314,PASS,0.006918,tau=13764825 n=11 g_3=84486 Av_11=39832314
13764825,12,2441436,476560164,476560164,PASS,0.146572,tau=13764825 n=12 g_4=2441436 Av_12=476560164
13764852,11,84464,39832336,39832336,PASS,0.007632,tau=13764852 n=11 g_3=84464 Av_11=39832336
13764852,12,2439243,476562357,476562357,PASS,0.155328,tau=13764852 n=12 g_4=2439243 Av_12=476562357
13765248,11,84378,39832422,39832422,PASS,0.007111,tau=13765248 n=11 g_3=84378 Av_11=39832422
13765248,12,2434800,476566800,476566800,PASS,0.142555,tau=13765248 n=12 g_4=2434800 Av_12=476566800
13765284,11,84394,39832406,39832406,PASS,0.006431,tau=13765284 n=11 g_3=84394 Av_11=39832406
13765284,12,2436536,476565064,476565064,PASS,0.141970,tau=13765284 n=12 g_4=2436536 Av_12=476565064
13765428,11,84194,39832606,39832606,PASS,0.006864,tau=13765428 n=11 g_3=84194 Av_11=39832606
13765428,12,2424817,476576783,476576783,PASS,0.146408,tau=13765428 n=12 g_4=2424817 Av_12=476576783
13765482,11,84112,39832688,39832688,PASS,0.007087,tau=13765482 n=11 g_3=84112 Av_11=39832688
13765482,12,2420873,476580727,476580727,PASS,0.182962,tau=13765482 n=12 g_4=2420873 Av_12=476580727
13765824,11,84299,39832501,39832501,PASS,0.006898,tau=13765824 n=11 g_3=84299 Av_11=39832501
13765824,12,2431217,476570383,476570383,PASS,0.180064,tau=13765824 n=12 g_4=2431217 Av_12=476570383
13765842,11,84291,39832509,39832509,PASS,0.006859,tau=13765842 n=11 g_3=84291 Av_11=39832509
13765842,12,2430349,476571251,476571251,PASS,0.145825,tau=13765842 n=12 g_4=2430349 Av_12=476571251
13768245,11,84306,39832494,39832494,PASS,0.007059,tau=13768245 n=11 g_3=84306 Av_11=39832494
13768245,12,2431927,476569673,476569673,PASS,0.145557,tau=13768245 n=12 g_4=2431927 Av_12=476569673
13768254,11,84306,39832494,39832494,PASS,0.010367,tau=13768254 n=11 g_3=84306 Av_11=39832494
13768254,12,2431942,476569658,476569658,PASS,0.156514,tau=13768254 n=12 g_4=2431942 Av_12=476569658
13768425,11,84392,39832408,39832408,PASS,0.007173,tau=13768425 n=11 g_3=84392 Av_11=39832408
13768425,12,2436315,476565285,476565285,PASS,0.143408,tau=13768425 n=12 g_4=2436315 Av_12=476565285
13768452,11,84294,39832506,39832506,PASS,0.007934,tau=13768452 n=11 g_3=84294 Av_11=39832506
13768452,12,2430668,476570932,476570932,PASS,0.144904,tau=13768452 n=12 g_4=2430668 Av_12=476570932
13768524,11,84380,39832420,39832420,PASS,0.006471,tau=13768524 n=11 g_3=84380 Av_11=39832420
13768524,12,2435123,476566477,476566477,PASS,0.143811,tau=13768524 n=12 g_4=2435123 Av_12=476566477
13768542,11,84290,39832510,39832510,PASS,0.007291,tau=13768542 n=11 g_3=84290 Av_11=39832510
13768542,12,2430240,476571360,476571360,PASS,0.147346,tau=13768542 n=12 g_4=2430240 Av_12=476571360
13782456,11,84298,39832502,39832502,PASS,0.007208,tau=13782456 n=11 g_3=84298 Av_11=39832502
13782456,12,2431063,476570537,476570537,PASS,0.156529,tau=13782456 n=12 g_4=2431063 Av_12=476570537
13782465,11,84306,39832494,39832494,PASS,0.006593,tau=13782465 n=11 g_3=84306 Av_11=39832494
13782465,12,2431891,476569709,476569709,PASS,0.143507,tau=13782465 n=12 g_4=2431891 Av_12=476569709
13782546,11,84306,39832494,39832494,PASS,0.006768,tau=13782546 n=11 g_3=84306 Av_11=39832494
13782546,12,2431883,476569717,476569717,PASS,0.150772,tau=13782546 n=12 g_4=2431883 Av_12=476569717
13782564,11,84304,39832496,39832496,PASS,0.010470,tau=13782564 n=11 g_3=84304 Av_11=39832496
13782564,12,2431692,476569908,476569908,PASS,0.160966,tau=13782564 n=12 g_4=2431692 Av_12=476569908
13782645,11,84306,39832494,39832494,PASS,0.007777,tau=13782645 n=11 g_3=84306 Av_11=39832494
13782645,12,2431902,476569698,476569698,PASS,0.147519,tau=13782645 n=12 g_4=2431902 Av_12=476569698
13782654,11,84298,39832502,39832502,PASS,0.006643,tau=13782654 n=11 g_3=84298 Av_11=39832502
13782654,12,2431078,476570522,476570522,PASS,0.143411,tau=13782654 n=12 g_4=2431078 Av_12=476570522
13784256,11,84390,39832410,39832410,PASS,0.007040,tau=13784256 n=11 g_3=84390 Av_11=39832410
13784256,12,2436090,476565510,476565510,PASS,0.177867,tau=13784256 n=12 g_4=2436090 Av_12=476565510
13784265,11,84394,39832406,39832406,PASS,0.008356,tau=13784265 n=11 g_3=84394 Av_11=39832406
13784265,12,2436516,476565084,476565084,PASS,0.197935,tau=13784265 n=12 g_4=2436516 Av_12=476565084
13784526,11,84393,39832407,39832407,PASS,0.006678,tau=13784526 n=11 g_3=84393 Av_11=39832407
13784526,12,2436395,476565205,476565205,PASS,0.145662,tau=13784526 n=12 g_4=2436395 Av_12=476565205
13784562,11,84204,39832596,39832596,PASS,0.006920,tau=13784562 n=11 g_3=84204 Av_11=39832596
13784562,12,2425873,476575727,476575727,PASS,0.145355,tau=13784562 n=12 g_4=2425873 Av_12=476575727
13784625,11,84474,39832326,39832326,PASS,0.010676,tau=13784625 n=11 g_3=84474 Av_11=39832326
13784625,12,2440270,476561330,476561330,PASS,0.167901,tau=13784625 n=12 g_4=2440270 Av_12=476561330
13784652,11,84298,39832502,39832502,PASS,0.007380,tau=13784652 n=11 g_3=84298 Av_11=39832502
13784652,12,2431066,476570534,476570534,PASS,0.142507,tau=13784652 n=12 g_4=2431066 Av_12=476570534
13785246,11,84477,39832323,39832323,PASS,0.006829,tau=13785246 n=11 g_3=84477 Av_11=39832323
13785246,12,2440585,476561015,476561015,PASS,0.144686,tau=13785246 n=12 g_4=2440585 Av_12=476561015
13785264,11,84475,39832325,39832325,PASS,0.007255,tau=13785264 n=11 g_3=84475 Av_11=39832325
13785264,12,2440359,476561241,476561241,PASS,0.151976,tau=13785264 n=12 g_4=2440359 Av_12=476561241
13785426,11,84393,39832407,39832407,PASS,0.006830,tau=13785426 n=11 g_3=84393 Av_11=39832407
13785426,12,2436421,476565179,476565179,PASS,0.145577,tau=13785426 n=12 g_4=2436421 Av_12=476565179
13785462,11,84298,39832502,39832502,PASS,0.006962,tau=13785462 n=11 g_3=84298 Av_11=39832502
13785462,12,2431074,476570526,476570526,PASS,0.146491,tau=13785462 n=12 g_4=2431074 Av_12=476570526
13785624,11,84293,39832507,39832507,PASS,0.007115,tau=13785624 n=11 g_3=84293 Av_11=39832507
13785624,12,2430568,476571032,476571032,PASS,0.150121,tau=13785624 n=12 g_4=2430568 Av_12=476571032
13785642,11,84201,39832599,39832599,PASS,0.007176,tau=13785642 n=11 g_3=84201 Av_11=39832599
13785642,12,2425566,476576034,476576034,PASS,0.171758,tau=13785642 n=12 g_4=2425566 Av_12=476576034
13786245,11,84301,39832499,39832499,PASS,0.007602,tau=13786245 n=11 g_3=84301 Av_11=39832499
13786245,12,2431457,476570143,476570143,PASS,0.152371,tau=13786245 n=12 g_4=2431457 Av_12=476570143
13786254,11,84303,39832497,39832497,PASS,0.007203,tau=13786254 n=11 g_3=84303 Av_11=39832497
13786254,12,2431612,476569988,476569988,PASS,0.148996,tau=13786254 n=12 g_4=2431612 Av_12=476569988
13786425,11,84384,39832416,39832416,PASS,0.007067,tau=13786425 n=11 g_3=84384 Av_11=39832416
13786425,12,2435519,476566081,476566081,PASS,0.145287,tau=13786425 n=12 g_4=2435519 Av_12=476566081
13786452,11,84206,39832594,39832594,PASS,0.007632,tau=13786452 n=11 g_3=84206 Av_11=39832594
13786452,12,2426076,476575524,476575524,PASS,0.147764,tau=13786452 n=12 g_4=2426076 Av_12=476575524
13786524,11,84295,39832505,39832505,PASS,0.007830,tau=13786524 n=11 g_3=84295 Av_11=39832505
13786524,12,2430819,476570781,476570781,PASS,0.151329,tau=13786524 n=12 g_4=2430819 Av_12=476570781
13786542,11,84199,39832601,39832601,PASS,0.006938,tau=13786542 n=11 g_3=84199 Av_11=39832601
13786542,12,2425357,476576243,476576243,PASS,0.145951,tau=13786542 n=12 g_4=2425357 Av_12=476576243
13824567,11,84282,39832518,39832518,PASS,0.006919,tau=13824567 n=11 g_3=84282 Av_11=39832518
13824567,12,2429433,476572167,476572167,PASS,0.145174,tau=13824567 n=12 g_4=2429433 Av_12=476572167
13824576,11,84291,39832509,39832509,PASS,0.007679,tau=13824576 n=11 g_3=84291 Av_11=39832509
13824576,12,2430381,476571219,476571219,PASS,0.155020,tau=13824576 n=12 g_4=2430381 Av_12=476571219
13824657,11,84290,39832510,39832510,PASS,0.007316,tau=13824657 n=11 g_3=84290 Av_11=39832510
13824657,12,2430250,476571350,476571350,PASS,0.156230,tau=13824657 n=12 g_4=2430250 Av_12=476571350
13824675,11,84376,39832424,39832424,PASS,0.007179,tau=13824675 n=11 g_3=84376 Av_11=39832424
13824675,12,2434685,476566915,476566915,PASS,0.146215,tau=13824675 n=12 g_4=2434685 Av_12=476566915
13824756,11,84376,39832424,39832424,PASS,0.006859,tau=13824756 n=11 g_3=84376 Av_11=39832424
13824756,12,2434698,476566902,476566902,PASS,0.144740,tau=13824756 n=12 g_4=2434698 Av_12=476566902
13824765,11,84289,39832511,39832511,PASS,0.007777,tau=13824765 n=11 g_3=84289 Av_11=39832511
13824765,12,2430168,476571432,476571432,PASS,0.156548,tau=13824765 n=12 g_4=2430168 Av_12=476571432
13825467,11,84290,39832510,39832510,PASS,0.006896,tau=13825467 n=11 g_3=84290 Av_11=39832510
13825467,12,2430240,476571360,476571360,PASS,0.166607,tau=13825467 n=12 g_4=2430240 Av_12=476571360
13825476,11,84289,39832511,39832511,PASS,0.006951,tau=13825476 n=11 g_3=84289 Av_11=39832511
13825476,12,2430145,476571455,476571455,PASS,0.164380,tau=13825476 n=12 g_4=2430145 Av_12=476571455
13825647,11,84384,39832416,39832416,PASS,0.006868,tau=13825647 n=11 g_3=84384 Av_11=39832416
13825647,12,2435466,476566134,476566134,PASS,0.172296,tau=13825647 n=12 g_4=2435466 Av_12=476566134
13825674,11,84295,39832505,39832505,PASS,0.007368,tau=13825674 n=11 g_3=84295 Av_11=39832505
13825674,12,2430793,476570807,476570807,PASS,0.210558,tau=13825674 n=12 g_4=2430793 Av_12=476570807
13825746,11,84382,39832418,39832418,PASS,0.010209,tau=13825746 n=11 g_3=84382 Av_11=39832418
13825746,12,2435242,476566358,476566358,PASS,0.202350,tau=13825746 n=12 g_4=2435242 Av_12=476566358
13825764,11,84382,39832418,39832418,PASS,0.010363,tau=13825764 n=11 g_3=84382 Av_11=39832418
13825764,12,2435271,476566329,476566329,PASS,0.230836,tau=13825764 n=12 g_4=2435271 Av_12=476566329
13826457,11,84382,39832418,39832418,PASS,0.010009,tau=13826457 n=11 g_3=84382 Av_11=39832418
13826457,12,2435239,476566361,476566361,PASS,0.239781,tau=13826457 n=12 g_4=2435239 Av_12=476566361
13826475,11,84380,39832420,39832420,PASS,0.007124,tau=13826475 n=11 g_3=84380 Av_11=39832420
13826475,12,2435035,476566565,476566565,PASS,0.186848,tau=13826475 n=12 g_4=2435035 Av_12=476566565
13826547,11,84288,39832512,39832512,PASS,0.008333,tau=13826547 n=11 g_3=84288 Av_11=39832512
13826547,12,2430055,476571545,476571545,PASS,0.182837,tau=13826547 n=12 g_4=2430055 Av_12=476571545
13826574,11,84383,39832417,39832417,PASS,0.010246,tau=13826574 n=11 g_3=84383 Av_11=39832417
13826574,12,2435370,476566230,476566230,PASS,0.192172,tau=13826574 n=12 g_4=2435370 Av_12=476566230
13826745,11,84291,39832509,39832509,PASS,0.007052,tau=13826745 n=11 g_3=84291 Av_11=39832509
13826745,12,2430373,476571227,476571227,PASS,0.156693,tau=13826745 n=12 g_4=2430373 Av_12=476571227
13826754,11,84291,39832509,39832509,PASS,0.008268,tau=13826754 n=11 g_3=84291 Av_11=39832509
13826754,12,2430366,476571234,476571234,PASS,0.164547,tau=13826754 n=12 g_4=2430366 Av_12=476571234
13827456,11,84292,39832508,39832508,PASS,0.009021,tau=13827456 n=11 g_3=84292 Av_11=39832508
13827456,12,2430450,476571150,476571150,PASS,0.224955,tau=13827456 n=12 g_4=2430450 Av_12=476571150
13827465,11,84374,39832426,39832426,PASS,0.007319,tau=13827465 n=11 g_3=84374 Av_11=39832426
13827465,12,2434474,476567126,476567126,PASS,0.203694,tau=13827465 n=12 g_4=2434474 Av_12=476567126
13827546,11,84374,39832426,39832426,PASS,0.007161,tau=13827546 n=11 g_3=84374 Av_11=39832426
13827546,12,2434469,476567131,476567131,PASS,0.155408,tau=13827546 n=12 g_4=2434469 Av_12=476567131
13827564,11,84286,39832514,39832514,PASS,0.007228,tau=13827564 n=11 g_3=84286 Av_11=39832514
13827564,12,2429854,476571746,476571746,PASS,0.158019,tau=13827564 n=12 g_4=2429854 Av_12=476571746
13827645,11,84288,39832512,39832512,PASS,0.010432,tau=13827645 n=11 g_3=84288 Av_11=39832512
13827645,12,2430061,476571539,476571539,PASS,0.166188,tau=13827645 n=12 g_4=2430061 Av_12=476571539
13827654,11,84192,39832608,39832608,PASS,0.007653,tau=13827654 n=11 g_3=84192 Av_11=39832608
13827654,12,2424612,476576988,476576988,PASS,0.173988,tau=13827654 n=12 g_4=2424612 Av_12=476576988
13842567,11,84377,39832423,39832423,PASS,0.007624,tau=13842567 n=11 g_3=84377 Av_11=39832423
13842567,12,2434761,476566839,476566839,PASS,0.155085,tau=13842567 n=12 g_4=2434761 Av_12=476566839
13842576,11,84384,39832416,39832416,PASS,0.007514,tau=13842576 n=11 g_3=84384 Av_11=39832416
13842576,12,2435483,476566117,476566117,PASS,0.155692,tau=13842576 n=12 g_4=2435483 Av_12=476566117
13842657,11,84384,39832416,39832416,PASS,0.007077,tau=13842657 n=11 g_3=84384 Av_11=39832416
13842657,12,2435460,476566140,476566140,PASS,0.158732,tau=13842657 n=12 g_4=2435460 Av_12=476566140
13842675,11,84392,39832408,39832408,PASS,0.007147,tau=13842675 n=11 g_3=84392 Av_11=39832408
13842675,12,2436283,476565317,476565317,PASS,0.159363,tau=13842675 n=12 g_4=2436283 Av_12=476565317
13842756,11,84392,39832408,39832408,PASS,0.007339,tau=13842756 n=11 g_3=84392 Av_11=39832408
13842756,12,2436283,476565317,476565317,PASS,0.152586,tau=13842756 n=12 g_4=2436283 Av_12=476565317
13842765,11,84381,39832419,39832419,PASS,0.007012,tau=13842765 n=11 g_3=84381 Av_11=39832419
13842765,12,2435170,476566430,476566430,PASS,0.159825,tau=13842765 n=12 g_4=2435170 Av_12=476566430
13845267,11,84390,39832410,39832410,PASS,0.007873,tau=13845267 n=11 g_3=84390 Av_11=39832410
13845267,12,2436085,476565515,476565515,PASS,0.167418,tau=13845267 n=12 g_4=2436085 Av_12=476565515
13845276,11,84393,39832407,39832407,PASS,0.008177,tau=13845276 n=11 g_3=84393 Av_11=39832407
13845276,12,2436423,476565177,476565177,PASS,0.194226,tau=13845276 n=12 g_4=2436423 Av_12=476565177
13845627,11,84383,39832417,39832417,PASS,0.008318,tau=13845627 n=11 g_3=84383 Av_11=39832417
13845627,12,2435435,476566165,476566165,PASS,0.195840,tau=13845627 n=12 g_4=2435435 Av_12=476566165
13845672,11,84198,39832602,39832602,PASS,0.008203,tau=13845672 n=11 g_3=84198 Av_11=39832602
13845672,12,2425272,476576328,476576328,PASS,0.163045,tau=13845672 n=12 g_4=2425272 Av_12=476576328
13845726,11,84480,39832320,39832320,PASS,0.007500,tau=13845726 n=11 g_3=84480 Av_11=39832320
13845726,12,2440890,476560710,476560710,PASS,0.166838,tau=13845726 n=12 g_4=2440890 Av_12=476560710
13845762,11,84296,39832504,39832504,PASS,0.008470,tau=13845762 n=11 g_3=84296 Av_11=39832504
13845762,12,2430886,476570714,476570714,PASS,0.150993,tau=13845762 n=12 g_4=2430886 Av_12=476570714
13846257,11,84562,39832238,39832238,PASS,0.007126,tau=13846257 n=11 g_3=84562 Av_11=39832238
13846257,12,2444849,476556751,476556751,PASS,0.184827,tau=13846257 n=12 g_4=2444849 Av_12=476556751
13846275,11,84570,39832230,39832230,PASS,0.006519,tau=13846275 n=11 g_3=84570 Av_11=39832230
13846275,12,2445654,476555946,476555946,PASS,0.149061,tau=13846275 n=12 g_4=2445654 Av_12=476555946
13846527,11,84396,39832404,39832404,PASS,0.012563,tau=13846527 n=11 g_3=84396 Av_11=39832404
13846527,12,2436723,476564877,476564877,PASS,0.175865,tau=13846527 n=12 g_4=2436723 Av_12=476564877
13846572,11,84294,39832506,39832506,PASS,0.007147,tau=13846572 n=11 g_3=84294 Av_11=39832506
13846572,12,2430675,476570925,476570925,PASS,0.185397,tau=13846572 n=12 g_4=2430675 Av_12=476570925
13846725,11,84481,39832319,39832319,PASS,0.008876,tau=13846725 n=11 g_3=84481 Av_11=39832319
13846725,12,2440964,476560636,476560636,PASS,0.154566,tau=13846725 n=12 g_4=2440964 Av_12=476560636
13846752,11,84380,39832420,39832420,PASS,0.010285,tau=13846752 n=11 g_3=84380 Av_11=39832420
13846752,12,2435073,476566527,476566527,PASS,0.174888,tau=13846752 n=12 g_4=2435073 Av_12=476566527
13847256,11,84486,39832314,39832314,PASS,0.007942,tau=13847256 n=11 g_3=84486 Av_11=39832314
13847256,12,2441442,476560158,476560158,PASS,0.151987,tau=13847256 n=12 g_4=2441442 Av_12=476560158
13847265,11,84474,39832326,39832326,PASS,0.007679,tau=13847265 n=11 g_3=84474 Av_11=39832326
13847265,12,2440273,476561327,476561327,PASS,0.151762,tau=13847265 n=12 g_4=2440273 Av_12=476561327
13847526,11,84564,39832236,39832236,PASS,0.007560,tau=13847526 n=11 g_3=84564 Av_11=39832236
13847526,12,2445077,476556523,476556523,PASS,0.183967,tau=13847526 n=12 g_4=2445077 Av_12=476556523
13847562,11,84378,39832422,39832422,PASS,0.007971,tau=13847562 n=11 g_3=84378 Av_11=39832422
13847562,12,2434863,476566737,476566737,PASS,0.159600,tau=13847562 n=12 g_4=2434863 Av_12=476566737
13847625,11,84482,39832318,39832318,PASS,0.007118,tau=13847625 n=11 g_3=84482 Av_11=39832318
13847625,12,2441068,476560532,476560532,PASS,0.162747,tau=13847625 n=12 g_4=2441068 Av_12=476560532
13847652,11,84293,39832507,39832507,PASS,0.008980,tau=13847652 n=11 g_3=84293 Av_11=39832507
13847652,12,2430561,476571039,476571039,PASS,0.163384,tau=13847652 n=12 g_4=2430561 Av_12=476571039
13852467,11,84472,39832328,39832328,PASS,0.018450,tau=13852467 n=11 g_3=84472 Av_11=39832328
13852467,12,2440053,476561547,476561547,PASS,0.147345,tau=13852467 n=12 g_4=2440053 Av_12=476561547
13852476,11,84474,39832326,39832326,PASS,0.009799,tau=13852476 n=11 g_3=84474 Av_11=39832326
13852476,12,2440249,476561351,476561351,PASS,0.150216,tau=13852476 n=12 g_4=2440249 Av_12=476561351
13852647,11,84562,39832238,39832238,PASS,0.008213,tau=13852647 n=11 g_3=84562 Av_11=39832238
13852647,12,2444837,476556763,476556763,PASS,0.203486,tau=13852647 n=12 g_4=2444837 Av_12=476556763
13852674,11,84486,39832314,39832314,PASS,0.007882,tau=13852674 n=11 g_3=84486 Av_11=39832314
13852674,12,2441427,476560173,476560173,PASS,0.203463,tau=13852674 n=12 g_4=2441427 Av_12=476560173
13852746,11,84562,39832238,39832238,PASS,0.006760,tau=13852746 n=11 g_3=84562 Av_11=39832238
13852746,12,2444836,476556764,476556764,PASS,0.163598,tau=13852746 n=12 g_4=2444836 Av_12=476556764
13852764,11,84487,39832313,39832313,PASS,0.006830,tau=13852764 n=11 g_3=84487 Av_11=39832313
13852764,12,2441505,476560095,476560095,PASS,0.151232,tau=13852764 n=12 g_4=2441505 Av_12=476560095
13854267,11,84393,39832407,39832407,PASS,0.007310,tau=13854267 n=11 g_3=84393 Av_11=39832407
13854267,12,2436375,476565225,476565225,PASS,0.148681,tau=13854267 n=12 g_4=2436375 Av_12=476565225
13854276,11,84393,39832407,39832407,PASS,0.008123,tau=13854276 n=11 g_3=84393 Av_11=39832407
13854276,12,2436373,476565227,476565227,PASS,0.151110,tau=13854276 n=12 g_4=2436373 Av_12=476565227
13854627,11,84396,39832404,39832404,PASS,0.007313,tau=13854627 n=11 g_3=84396 Av_11=39832404
13854627,12,2436723,476564877,476564877,PASS,0.181953,tau=13854627 n=12 g_4=2436723 Av_12=476564877
13854672,11,84296,39832504,39832504,PASS,0.007489,tau=13854672 n=11 g_3=84296 Av_11=39832504
13854672,12,2430881,476570719,476570719,PASS,0.180840,tau=13854672 n=12 g_4=2430881 Av_12=476570719
13854726,11,84482,39832318,39832318,PASS,0.009223,tau=13854726 n=11 g_3=84482 Av_11=39832318
13854726,12,2441081,476560519,476560519,PASS,0.148572,tau=13854726 n=12 g_4=2441081 Av_12=476560519
13854762,11,84297,39832503,39832503,PASS,0.007222,tau=13854762 n=11 g_3=84297 Av_11=39832503
13854762,12,2430953,476570647,476570647,PASS,0.172414,tau=13854762 n=12 g_4=2430953 Av_12=476570647
13856247,11,84482,39832318,39832318,PASS,0.006891,tau=13856247 n=11 g_3=84482 Av_11=39832318
13856247,12,2441073,476560527,476560527,PASS,0.160650,tau=13856247 n=12 g_4=2441073 Av_12=476560527
13856274,11,84479,39832321,39832321,PASS,0.006653,tau=13856274 n=11 g_3=84479 Av_11=39832321
13856274,12,2440793,476560807,476560807,PASS,0.187228,tau=13856274 n=12 g_4=2440793 Av_12=476560807
13856427,11,84396,39832404,39832404,PASS,0.007748,tau=13856427 n=11 g_3=84396 Av_11=39832404
13856427,12,2436717,476564883,476564883,PASS,0.150065,tau=13856427 n=12 g_4=2436717 Av_12=476564883
13856472,11,84384,39832416,39832416,PASS,0.011308,tau=13856472 n=11 g_3=84384 Av_11=39832416
13856472,12,2435462,476566138,476566138,PASS,0.177914,tau=13856472 n=12 g_4=2435462 Av_12=476566138
13856724,11,84292,39832508,39832508,PASS,0.009838,tau=13856724 n=11 g_3=84292 Av_11=39832508
13856724,12,2430499,476571101,476571101,PASS,0.151806,tau=13856724 n=12 g_4=2430499 Av_12=476571101
13856742,11,84205,39832595,39832595,PASS,0.010151,tau=13856742 n=11 g_3=84205 Av_11=39832595
13856742,12,2425974,476575626,476575626,PASS,0.159549,tau=13856742 n=12 g_4=2425974 Av_12=476575626
13857246,11,84559,39832241,39832241,PASS,0.007270,tau=13857246 n=11 g_3=84559 Av_11=39832241
13857246,12,2444561,476557039,476557039,PASS,0.149652,tau=13857246 n=12 g_4=2444561 Av_12=476557039
13857264,11,84564,39832236,39832236,PASS,0.007911,tau=13857264 n=11 g_3=84564 Av_11=39832236
13857264,12,2445042,476556558,476556558,PASS,0.148873,tau=13857264 n=12 g_4=2445042 Av_12=476556558
13857426,11,84562,39832238,39832238,PASS,0.007125,tau=13857426 n=11 g_3=84562 Av_11=39832238
13857426,12,2444840,476556760,476556760,PASS,0.146872,tau=13857426 n=12 g_4=2444840 Av_12=476556760
13857462,11,84378,39832422,39832422,PASS,0.007288,tau=13857462 n=11 g_3=84378 Av_11=39832422
13857462,12,2434828,476566772,476566772,PASS,0.155427,tau=13857462 n=12 g_4=2434828 Av_12=476566772
13857624,11,84386,39832414,39832414,PASS,0.007177,tau=13857624 n=11 g_3=84386 Av_11=39832414
13857624,12,2435671,476565929,476565929,PASS,0.153297,tau=13857624 n=12 g_4=2435671 Av_12=476565929
13857642,11,84372,39832428,39832428,PASS,0.007605,tau=13857642 n=11 g_3=84372 Av_11=39832428
13857642,12,2434264,476567336,476567336,PASS,0.154767,tau=13857642 n=12 g_4=2434264 Av_12=476567336
13862457,11,84482,39832318,39832318,PASS,0.006697,tau=13862457 n=11 g_3=84482 Av_11=39832318
13862457,12,2441046,476560554,476560554,PASS,0.159403,tau=13862457 n=12 g_4=2441046 Av_12=476560554
13862475,11,84568,39832232,39832232,PASS,0.007126,tau=13862475 n=11 g_3=84568 Av_11=39832232
13862475,12,2445432,476556168,476556168,PASS,0.161204,tau=13862475 n=12 g_4=2445432 Av_12=476556168
13862547,11,84481,39832319,39832319,PASS,0.007274,tau=13862547 n=11 g_3=84481 Av_11=39832319
13862547,12,2440943,476560657,476560657,PASS,0.183545,tau=13862547 n=12 g_4=2440943 Av_12=476560657
13862574,11,84570,39832230,39832230,PASS,0.010522,tau=13862574 n=11 g_3=84570 Av_11=39832230
13862574,12,2445666,476555934,476555934,PASS,0.159826,tau=13862574 n=12 g_4=2445666 Av_12=476555934
13862745,11,84477,39832323,39832323,PASS,0.006862,tau=13862745 n=11 g_3=84477 Av_11=39832323
13862745,12,2440540,476561060,476561060,PASS,0.154702,tau=13862745 n=12 g_4=2440540 Av_12=476561060
13862754,11,84478,39832322,39832322,PASS,0.007826,tau=13862754 n=11 g_3=84478 Av_11=39832322
13862754,12,2440649,476560951,476560951,PASS,0.187062,tau=13862754 n=12 g_4=2440649 Av_12=476560951
13864257,11,84564,39832236,39832236,PASS,0.007586,tau=13864257 n=11 g_3=84564 Av_11=39832236
13864257,12,2445061,476556539,476556539,PASS,0.175486,tau=13864257 n=12 g_4=2445061 Av_12=476556539
13864275,11,84564,39832236,39832236,PASS,0.007159,tau=13864275 n=11 g_3=84564 Av_11=39832236
13864275,12,2445042,476556558,476556558,PASS,0.169407,tau=13864275 n=12 g_4=2445042 Av_12=476556558
13864527,11,84396,39832404,39832404,PASS,0.007227,tau=13864527 n=11 g_3=84396 Av_11=39832404
13864527,12,2436717,476564883,476564883,PASS,0.175537,tau=13864527 n=12 g_4=2436717 Av_12=476564883
13864572,11,84382,39832418,39832418,PASS,0.007236,tau=13864572 n=11 g_3=84382 Av_11=39832418
13864572,12,2435281,476566319,476566319,PASS,0.156029,tau=13864572 n=12 g_4=2435281 Av_12=476566319
13864725,11,84562,39832238,39832238,PASS,0.008566,tau=13864725 n=11 g_3=84562 Av_11=39832238
13864725,12,2444844,476556756,476556756,PASS,0.173420,tau=13864725 n=12 g_4=2444844 Av_12=476556756
13864752,11,84378,39832422,39832422,PASS,0.007568,tau=13864752 n=11 g_3=84378 Av_11=39832422
13864752,12,2434840,476566760,476566760,PASS,0.154251,tau=13864752 n=12 g_4=2434840 Av_12=476566760
13865247,11,84480,39832320,39832320,PASS,0.006874,tau=13865247 n=11 g_3=84480 Av_11=39832320
13865247,12,2440880,476560720,476560720,PASS,0.214519,tau=13865247 n=12 g_4=2440880 Av_12=476560720
13865274,11,84492,39832308,39832308,PASS,0.010227,tau=13865274 n=11 g_3=84492 Av_11=39832308
13865274,12,2442044,476559556,476559556,PASS,0.183854,tau=13865274 n=12 g_4=2442044 Av_12=476559556
13865427,11,84383,39832417,39832417,PASS,0.008100,tau=13865427 n=11 g_3=84383 Av_11=39832417
13865427,12,2435407,476566193,476566193,PASS,0.180265,tau=13865427 n=12 g_4=2435407 Av_12=476566193
13865472,11,84295,39832505,39832505,PASS,0.007116,tau=13865472 n=11 g_3=84295 Av_11=39832505
13865472,12,2430792,476570808,476570808,PASS,0.155741,tau=13865472 n=12 g_4=2430792 Av_12=476570808
13865724,11,84388,39832412,39832412,PASS,0.007942,tau=13865724 n=11 g_3=84388 Av_11=39832412
13865724,12,2435894,476565706,476565706,PASS,0.152597,tau=13865724 n=12 g_4=2435894 Av_12=476565706
13865742,11,84375,39832425,39832425,PASS,0.008458,tau=13865742 n=11 g_3=84375 Av_11=39832425
13865742,12,2434575,476567025,476567025,PASS,0.151755,tau=13865742 n=12 g_4=2434575 Av_12=476567025
13867245,11,84301,39832499,39832499,PASS,0.009823,tau=13867245 n=11 g_3=84301 Av_11=39832499
13867245,12,2431412,476570188,476570188,PASS,0.158818,tau=13867245 n=12 g_4=2431412 Av_12=476570188
13867254,11,84303,39832497,39832497,PASS,0.006882,tau=13867254 n=11 g_3=84303 Av_11=39832497
13867254,12,2431618,476569982,476569982,PASS,0.156769,tau=13867254 n=12 g_4=2431618 Av_12=476569982
13867425,11,84384,39832416,39832416,PASS,0.007078,tau=13867425 n=11 g_3=84384 Av_11=39832416
13867425,12,2435496,476566104,476566104,PASS,0.172769,tau=13867425 n=12 g_4=2435496 Av_12=476566104
13867452,11,84201,39832599,39832599,PASS,0.007034,tau=13867452 n=11 g_3=84201 Av_11=39832599
13867452,12,2425557,476576043,476576043,PASS,0.176876,tau=13867452 n=12 g_4=2425557 Av_12=476576043
13867524,11,84294,39832506,39832506,PASS,0.012932,tau=13867524 n=11 g_3=84294 Av_11=39832506
13867524,12,2430688,476570912,476570912,PASS,0.160296,tau=13867524 n=12 g_4=2430688 Av_12=476570912
13867542,11,84200,39832600,39832600,PASS,0.007127,tau=13867542 n=11 g_3=84200 Av_11=39832600
13867542,12,2425456,476576144,476576144,PASS,0.186162,tau=13867542 n=12 g_4=2425456 Av_12=476576144
13872456,11,84299,39832501,39832501,PASS,0.007340,tau=13872456 n=11 g_3=84299 Av_11=39832501
13872456,12,2431195,476570405,476570405,PASS,0.188560,tau=13872456 n=12 g_4=2431195 Av_12=476570405
13872465,11,84306,39832494,39832494,PASS,0.010542,tau=13872465 n=11 g_3=84306 Av_11=39832494
13872465,12,2431918,476569682,476569682,PASS,0.203510,tau=13872465 n=12 g_4=2431918 Av_12=476569682
13872546,11,84306,39832494,39832494,PASS,0.007232,tau=13872546 n=11 g_3=84306 Av_11=39832494
13872546,12,2431887,476569713,476569713,PASS,0.206285,tau=13872546 n=12 g_4=2431887 Av_12=476569713
13872564,11,84306,39832494,39832494,PASS,0.011359,tau=13872564 n=11 g_3=84306 Av_11=39832494
13872564,12,2431897,476569703,476569703,PASS,0.219872,tau=13872564 n=12 g_4=2431897 Av_12=476569703
13872645,11,84306,39832494,39832494,PASS,0.010308,tau=13872645 n=11 g_3=84306 Av_11=39832494
13872645,12,2431879,476569721,476569721,PASS,0.189688,tau=13872645 n=12 g_4=2431879 Av_12=476569721
13872654,11,84293,39832507,39832507,PASS,0.008303,tau=13872654 n=11 g_3=84293 Av_11=39832507
13872654,12,2430571,476571029,476571029,PASS,0.184956,tau=13872654 n=12 g_4=2430571 Av_12=476571029
13874256,11,84390,39832410,39832410,PASS,0.007103,tau=13874256 n=11 g_3=84390 Av_11=39832410
13874256,12,2436078,476565522,476565522,PASS,0.173356,tau=13874256 n=12 g_4=2436078 Av_12=476565522
13874265,11,84394,39832406,39832406,PASS,0.010606,tau=13874265 n=11 g_3=84394 Av_11=39832406
13874265,12,2436484,476565116,476565116,PASS,0.163035,tau=13874265 n=12 g_4=2436484 Av_12=476565116
13874526,11,84393,39832407,39832407,PASS,0.007486,tau=13874526 n=11 g_3=84393 Av_11=39832407
13874526,12,2436397,476565203,476565203,PASS,0.158044,tau=13874526 n=12 g_4=2436397 Av_12=476565203
13874562,11,84204,39832596,39832596,PASS,0.010767,tau=13874562 n=11 g_3=84204 Av_11=39832596
13874562,12,2425879,476575721,476575721,PASS,0.177250,tau=13874562 n=12 g_4=2425879 Av_12=476575721
13874625,11,84472,39832328,39832328,PASS,0.007194,tau=13874625 n=11 g_3=84472 Av_11=39832328
13874625,12,2440062,476561538,476561538,PASS,0.158250,tau=13874625 n=12 g_4=2440062 Av_12=476561538
13874652,11,84296,39832504,39832504,PASS,0.007428,tau=13874652 n=11 g_3=84296 Av_11=39832504
13874652,12,2430845,476570755,476570755,PASS,0.150921,tau=13874652 n=12 g_4=2430845 Av_12=476570755
13875246,11,84475,39832325,39832325,PASS,0.007666,tau=13875246 n=11 g_3=84475 Av_11=39832325
13875246,12,2440359,476561241,476561241,PASS,0.163786,tau=13875246 n=12 g_4=2440359 Av_12=476561241
13875264,11,84472,39832328,39832328,PASS,0.011380,tau=13875264 n=11 g_3=84472 Av_11=39832328
13875264,12,2440042,476561558,476561558,PASS,0.154662,tau=13875264 n=12 g_4=2440042 Av_12=476561558
13875426,11,84390,39832410,39832410,PASS,0.010118,tau=13875426 n=11 g_3=84390 Av_11=39832410
13875426,12,2436073,476565527,476565527,PASS,0.156492,tau=13875426 n=12 g_4=2436073 Av_12=476565527
13875462,11,84294,39832506,39832506,PASS,0.007101,tau=13875462 n=11 g_3=84294 Av_11=39832506
13875462,12,2430659,476570941,476570941,PASS,0.160043,tau=13875462 n=12 g_4=2430659 Av_12=476570941
13875624,11,84294,39832506,39832506,PASS,0.007637,tau=13875624 n=11 g_3=84294 Av_11=39832506
13875624,12,2430672,476570928,476570928,PASS,0.165267,tau=13875624 n=12 g_4=2430672 Av_12=476570928
13875642,11,84200,39832600,39832600,PASS,0.007145,tau=13875642 n=11 g_3=84200 Av_11=39832600
13875642,12,2425460,476576140,476576140,PASS,0.154233,tau=13875642 n=12 g_4=2425460 Av_12=476576140
13876245,11,84299,39832501,39832501,PASS,0.007119,tau=13876245 n=11 g_3=84299 Av_11=39832501
13876245,12,2431204,476570396,476570396,PASS,0.166523,tau=13876245 n=12 g_4=2431204 Av_12=476570396
13876254,11,84297,39832503,39832503,PASS,0.007408,tau=13876254 n=11 g_3=84297 Av_11=39832503
13876254,12,2430982,476570618,476570618,PASS,0.165737,tau=13876254 n=12 g_4=2430982 Av_12=476570618
13876425,11,84377,39832423,39832423,PASS,0.007107,tau=13876425 n=11 g_3=84377 Av_11=39832423
13876425,12,2434772,476566828,476566828,PASS,0.191374,tau=13876425 n=12 g_4=2434772 Av_12=476566828
13876452,11,84199,39832601,39832601,PASS,0.007337,tau=13876452 n=11 g_3=84199 Av_11=39832601
13876452,12,2425358,476576242,476576242,PASS,0.198158,tau=13876452 n=12 g_4=2425358 Av_12=476576242
13876524,11,84286,39832514,39832514,PASS,0.007766,tau=13876524 n=11 g_3=84286 Av_11=39832514
13876524,12,2429846,476571754,476571754,PASS,0.211280,tau=13876524 n=12 g_4=2429846 Av_12=476571754
13876542,11,84104,39832696,39832696,PASS,0.007559,tau=13876542 n=11 g_3=84104 Av_11=39832696
13876542,12,2420018,476581582,476581582,PASS,0.177064,tau=13876542 n=12 g_4=2420018 Av_12=476581582
14325786,11,84011,39832789,39832789,PASS,0.007255,tau=14325786 n=11 g_3=84011 Av_11=39832789
14325786,12,2414886,476586714,476586714,PASS,0.185266,tau=14325786 n=12 g_4=2414886 Av_12=476586714
14326785,11,84019,39832781,39832781,PASS,0.008316,tau=14326785 n=11 g_3=84019 Av_11=39832781
14326785,12,2415707,476585893,476585893,PASS,0.152017,tau=14326785 n=12 g_4=2415707 Av_12=476585893
14326857,11,84099,39832701,39832701,PASS,0.007855,tau=14326857 n=11 g_3=84099 Av_11=39832701
14326857,12,2419484,476582116,476582116,PASS,0.192613,tau=14326857 n=12 g_4=2419484 Av_12=476582116
14326875,11,84101,39832699,39832699,PASS,0.006571,tau=14326875 n=11 g_3=84101 Av_11=39832699
14326875,12,2419688,476581912,476581912,PASS,0.149192,tau=14326875 n=12 g_4=2419688 Av_12=476581912
14327658,11,83921,39832879,39832879,PASS,0.009824,tau=14327658 n=11 g_3=83921 Av_11=39832879
14327658,12,2410058,476591542,476591542,PASS,0.190893,tau=14327658 n=12 g_4=2410058 Av_12=476591542
14327685,11,84101,39832699,39832699,PASS,0.009106,tau=14327685 n=11 g_3=84101 Av_11=39832699
14327685,12,2419693,476581907,476581907,PASS,0.146345,tau=14327685 n=12 g_4=2419693 Av_12=476581907
14327856,11,84018,39832782,39832782,PASS,0.007049,tau=14327856 n=11 g_3=84018 Av_11=39832782
14327856,12,2415598,476586002,476586002,PASS,0.148190,tau=14327856 n=12 g_4=2415598 Av_12=476586002
14327865,11,84017,39832783,39832783,PASS,0.010171,tau=14327865 n=11 g_3=84017 Av_11=39832783
14327865,12,2415500,476586100,476586100,PASS,0.150500,tau=14327865 n=12 g_4=2415500 Av_12=476586100
14328675,11,84015,39832785,39832785,PASS,0.010689,tau=14328675 n=11 g_3=84015 Av_11=39832785
14328675,12,2415293,476586307,476586307,PASS,0.171514,tau=14328675 n=12 g_4=2415293 Av_12=476586307
14352786,11,84198,39832602,39832602,PASS,0.006992,tau=14352786 n=11 g_3=84198 Av_11=39832602
14352786,12,2425214,476576386,476576386,PASS,0.152208,tau=14352786 n=12 g_4=2425214 Av_12=476576386
14356782,11,84106,39832694,39832694,PASS,0.006889,tau=14356782 n=11 g_3=84106 Av_11=39832694
14356782,12,2420222,476581378,476581378,PASS,0.200951,tau=14356782 n=12 g_4=2420222 Av_12=476581378
14356827,11,84295,39832505,39832505,PASS,0.006920,tau=14356827 n=11 g_3=84295 Av_11=39832505
14356827,12,2430805,476570795,476570795,PASS,0.146193,tau=14356827 n=12 g_4=2430805 Av_12=476570795
14356872,11,84113,39832687,39832687,PASS,0.007674,tau=14356872 n=11 g_3=84113 Av_11=39832687
14356872,12,2420973,476580627,476580627,PASS,0.166471,tau=14356872 n=12 g_4=2420973 Av_12=476580627
14357286,11,84388,39832412,39832412,PASS,0.007717,tau=14357286 n=11 g_3=84388 Av_11=39832412
14357286,12,2435846,476565754,476565754,PASS,0.154497,tau=14357286 n=12 g_4=2435846 Av_12=476565754
14357628,11,84206,39832594,39832594,PASS,0.009159,tau=14357628 n=11 g_3=84206 Av_11=39832594
14357628,12,2426058,476575542,476575542,PASS,0.164497,tau=14357628 n=12 g_4=2426058 Av_12=476575542
14357682,11,84112,39832688,39832688,PASS,0.009889,tau=14357682 n=11 g_3=84112 Av_11=39832688
14357682,12,2420846,476580754,476580754,PASS,0.160409,tau=14357682 n=12 g_4=2420846 Av_12=476580754
14357826,11,84303,39832497,39832497,PASS,0.008403,tau=14357826 n=11 g_3=84303 Av_11=39832497
14357826,12,2431594,476570006,476570006,PASS,0.156523,tau=14357826 n=12 g_4=2431594 Av_12=476570006
14357862,11,84202,39832598,39832598,PASS,0.006616,tau=14357862 n=11 g_3=84202 Av_11=39832598
14357862,12,2425688,476575912,476575912,PASS,0.177288,tau=14357862 n=12 g_4=2425688 Av_12=476575912
14358267,11,84306,39832494,39832494,PASS,0.007350,tau=14358267 n=11 g_3=84306 Av_11=39832494
14358267,12,2431888,476569712,476569712,PASS,0.194718,tau=14358267 n=12 g_4=2431888 Av_12=476569712
14358276,11,84300,39832500,39832500,PASS,0.006824,tau=14358276 n=11 g_3=84300 Av_11=39832500
14358276,12,2431254,476570346,476570346,PASS,0.236359,tau=14358276 n=12 g_4=2431254 Av_12=476570346
14358627,11,84384,39832416,39832416,PASS,0.007349,tau=14358627 n=11 g_3=84384 Av_11=39832416
14358627,12,2435505,476566095,476566095,PASS,0.152162,tau=14358627 n=12 g_4=2435505 Av_12=476566095
14358672,11,84202,39832598,39832598,PASS,0.010503,tau=14358672 n=11 g_3=84202 Av_11=39832598
14358672,12,2425674,476575926,476575926,PASS,0.197148,tau=14358672 n=12 g_4=2425674 Av_12=476575926
14358726,11,84301,39832499,39832499,PASS,0.008522,tau=14358726 n=11 g_3=84301 Av_11=39832499
14358726,12,2431441,476570159,476570159,PASS,0.190462,tau=14358726 n=12 g_4=2431441 Av_12=476570159
14358762,11,84113,39832687,39832687,PASS,0.009403,tau=14358762 n=11 g_3=84113 Av_11=39832687
14358762,12,2420991,476580609,476580609,PASS,0.196554,tau=14358762 n=12 g_4=2420991 Av_12=476580609
14362785,11,84387,39832413,39832413,PASS,0.007137,tau=14362785 n=11 g_3=84387 Av_11=39832413
14362785,12,2435670,476565930,476565930,PASS,0.217122,tau=14362785 n=12 g_4=2435670 Av_12=476565930
14362857,11,84466,39832334,39832334,PASS,0.007386,tau=14362857 n=11 g_3=84466 Av_11=39832334
14362857,12,2439355,476562245,476562245,PASS,0.201511,tau=14362857 n=12 g_4=2439355 Av_12=476562245
14362875,11,84386,39832414,39832414,PASS,0.007019,tau=14362875 n=11 g_3=84386 Av_11=39832414
14362875,12,2435557,476566043,476566043,PASS,0.166094,tau=14362875 n=12 g_4=2435557 Av_12=476566043
14365782,11,84110,39832690,39832690,PASS,0.007745,tau=14365782 n=11 g_3=84110 Av_11=39832690
14365782,12,2420646,476580954,476580954,PASS,0.152115,tau=14365782 n=12 g_4=2420646 Av_12=476580954
14365827,11,84293,39832507,39832507,PASS,0.007004,tau=14365827 n=11 g_3=84293 Av_11=39832507
14365827,12,2430567,476571033,476571033,PASS,0.194161,tau=14365827 n=12 g_4=2430567 Av_12=476571033
14365872,11,84108,39832692,39832692,PASS,0.010058,tau=14365872 n=11 g_3=84108 Av_11=39832692
14365872,12,2420450,476581150,476581150,PASS,0.196838,tau=14365872 n=12 g_4=2420450 Av_12=476581150
14367258,11,84390,39832410,39832410,PASS,0.007183,tau=14367258 n=11 g_3=84390 Av_11=39832410
14367258,12,2435973,476565627,476565627,PASS,0.209043,tau=14367258 n=12 g_4=2435973 Av_12=476565627
14367285,11,84391,39832409,39832409,PASS,0.006911,tau=14367285 n=11 g_3=84391 Av_11=39832409
14367285,12,2436170,476565430,476565430,PASS,0.226331,tau=14367285 n=12 g_4=2436170 Av_12=476565430
14367528,11,84298,39832502,39832502,PASS,0.007524,tau=14367528 n=11 g_3=84298 Av_11=39832502
14367528,12,2431043,476570557,476570557,PASS,0.204661,tau=14367528 n=12 g_4=2431043 Av_12=476570557
14367582,11,84287,39832513,39832513,PASS,0.007360,tau=14367582 n=11 g_3=84287 Av_11=39832513
14367582,12,2429941,476571659,476571659,PASS,0.197244,tau=14367582 n=12 g_4=2429941 Av_12=476571659
14367825,11,84298,39832502,39832502,PASS,0.007437,tau=14367825 n=11 g_3=84298 Av_11=39832502
14367825,12,2431090,476570510,476570510,PASS,0.220363,tau=14367825 n=12 g_4=2431090 Av_12=476570510
14367852,11,84208,39832592,39832592,PASS,0.007394,tau=14367852 n=11 g_3=84208 Av_11=39832592
14367852,12,2426257,476575343,476575343,PASS,0.194403,tau=14367852 n=12 g_4=2426257 Av_12=476575343
14368257,11,84476,39832324,39832324,PASS,0.007694,tau=14368257 n=11 g_3=84476 Av_11=39832324
14368257,12,2440430,476561170,476561170,PASS,0.178391,tau=14368257 n=12 g_4=2440430 Av_12=476561170
14368275,11,84479,39832321,39832321,PASS,0.010324,tau=14368275 n=11 g_3=84479 Av_11=39832321
14368275,12,2440759,476560841,476560841,PASS,0.172896,tau=14368275 n=12 g_4=2440759 Av_12=476560841
14368527,11,84474,39832326,39832326,PASS,0.010450,tau=14368527 n=11 g_3=84474 Av_11=39832326
14368527,12,2440254,476561346,476561346,PASS,0.236952,tau=14368527 n=12 g_4=2440254 Av_12=476561346
14368572,11,84289,39832511,39832511,PASS,0.010362,tau=14368572 n=11 g_3=84289 Av_11=39832511
14368572,12,2430146,476571454,476571454,PASS,0.238082,tau=14368572 n=12 g_4=2430146 Av_12=476571454
14368725,11,84306,39832494,39832494,PASS,0.007124,tau=14368725 n=11 g_3=84306 Av_11=39832494
14368725,12,2431905,476569695,476569695,PASS,0.160839,tau=14368725 n=12 g_4=2431905 Av_12=476569695
14368752,11,84290,39832510,39832510,PASS,0.008353,tau=14368752 n=11 g_3=84290 Av_11=39832510
14368752,12,2430271,476571329,476571329,PASS,0.170749,tau=14368752 n=12 g_4=2430271 Av_12=476571329
14372586,11,84464,39832336,39832336,PASS,0.007510,tau=14372586 n=11 g_3=84464 Av_11=39832336
14372586,12,2439138,476562462,476562462,PASS,0.188409,tau=14372586 n=12 g_4=2439138 Av_12=476562462
14372658,11,84288,39832512,39832512,PASS,0.007573,tau=14372658 n=11 g_3=84288 Av_11=39832512
14372658,12,2429938,476571662,476571662,PASS,0.208251,tau=14372658 n=12 g_4=2429938 Av_12=476571662
14372685,11,84464,39832336,39832336,PASS,0.007625,tau=14372685 n=11 g_3=84464 Av_11=39832336
14372685,12,2439191,476562409,476562409,PASS,0.200203,tau=14372685 n=12 g_4=2439191 Av_12=476562409
14372856,11,84385,39832415,39832415,PASS,0.007515,tau=14372856 n=11 g_3=84385 Av_11=39832415
14372856,12,2435497,476566103,476566103,PASS,0.210514,tau=14372856 n=12 g_4=2435497 Av_12=476566103
14372865,11,84384,39832416,39832416,PASS,0.009389,tau=14372865 n=11 g_3=84384 Av_11=39832416
14372865,12,2435412,476566188,476566188,PASS,0.187568,tau=14372865 n=12 g_4=2435412 Av_12=476566188
14375286,11,84478,39832322,39832322,PASS,0.007807,tau=14375286 n=11 g_3=84478 Av_11=39832322
14375286,12,2440575,476561025,476561025,PASS,0.153210,tau=14375286 n=12 g_4=2440575 Av_12=476561025
14375628,11,84298,39832502,39832502,PASS,0.007354,tau=14375628 n=11 g_3=84298 Av_11=39832502
14375628,12,2431051,476570549,476570549,PASS,0.151319,tau=14375628 n=12 g_4=2431051 Av_12=476570549
14375682,11,84287,39832513,39832513,PASS,0.010095,tau=14375682 n=11 g_3=84287 Av_11=39832513
14375682,12,2429959,476571641,476571641,PASS,0.160108,tau=14375682 n=12 g_4=2429959 Av_12=476571641
14375826,11,84475,39832325,39832325,PASS,0.007603,tau=14375826 n=11 g_3=84475 Av_11=39832325
14375826,12,2440346,476561254,476561254,PASS,0.194602,tau=14375826 n=12 g_4=2440346 Av_12=476561254
14375862,11,84289,39832511,39832511,PASS,0.009481,tau=14375862 n=11 g_3=84289 Av_11=39832511
14375862,12,2430146,476571454,476571454,PASS,0.157116,tau=14375862 n=12 g_4=2430146 Av_12=476571454
14376258,11,84384,39832416,39832416,PASS,0.009267,tau=14376258 n=11 g_3=84384 Av_11=39832416
14376258,12,2435361,476566239,476566239,PASS,0.148429,tau=14376258 n=12 g_4=2435361 Av_12=476566239
14376285,11,84395,39832405,39832405,PASS,0.006927,tau=14376285 n=11 g_3=84395 Av_11=39832405
14376285,12,2436571,476565029,476565029,PASS,0.190837,tau=14376285 n=12 g_4=2436571 Av_12=476565029
14376528,11,84204,39832596,39832596,PASS,0.007237,tau=14376528 n=11 g_3=84204 Av_11=39832596
14376528,12,2425831,476575769,476575769,PASS,0.182622,tau=14376528 n=12 g_4=2425831 Av_12=476575769
14376582,11,84112,39832688,39832688,PASS,0.007178,tau=14376582 n=11 g_3=84112 Av_11=39832688
14376582,12,2420863,476580737,476580737,PASS,0.177675,tau=14376582 n=12 g_4=2420863 Av_12=476580737
14376825,11,84304,39832496,39832496,PASS,0.006770,tau=14376825 n=11 g_3=84304 Av_11=39832496
14376825,12,2431701,476569899,476569899,PASS,0.147903,tau=14376825 n=12 g_4=2431701 Av_12=476569899
14376852,11,84290,39832510,39832510,PASS,0.007197,tau=14376852 n=11 g_3=84290 Av_11=39832510
14376852,12,2430255,476571345,476571345,PASS,0.148787,tau=14376852 n=12 g_4=2430255 Av_12=476571345
14378256,11,84306,39832494,39832494,PASS,0.009374,tau=14378256 n=11 g_3=84306 Av_11=39832494
14378256,12,2431881,476569719,476569719,PASS,0.197546,tau=14378256 n=12 g_4=2431881 Av_12=476569719
14378265,11,84305,39832495,39832495,PASS,0.007791,tau=14378265 n=11 g_3=84305 Av_11=39832495
14378265,12,2431786,476569814,476569814,PASS,0.147877,tau=14378265 n=12 g_4=2431786 Av_12=476569814
14378526,11,84394,39832406,39832406,PASS,0.006737,tau=14378526 n=11 g_3=84394 Av_11=39832406
14378526,12,2436507,476565093,476565093,PASS,0.181226,tau=14378526 n=12 g_4=2436507 Av_12=476565093
14378562,11,84207,39832593,39832593,PASS,0.007197,tau=14378562 n=11 g_3=84207 Av_11=39832593
14378562,12,2426169,476575431,476575431,PASS,0.153152,tau=14378562 n=12 g_4=2426169 Av_12=476575431
14378625,11,84306,39832494,39832494,PASS,0.007752,tau=14378625 n=11 g_3=84306 Av_11=39832494
14378625,12,2431900,476569700,476569700,PASS,0.146804,tau=14378625 n=12 g_4=2431900 Av_12=476569700
14378652,11,84206,39832594,39832594,PASS,0.007430,tau=14378652 n=11 g_3=84206 Av_11=39832594
14378652,12,2426074,476575526,476575526,PASS,0.144997,tau=14378652 n=12 g_4=2426074 Av_12=476575526
14382567,11,84295,39832505,39832505,PASS,0.011166,tau=14382567 n=11 g_3=84295 Av_11=39832505
14382567,12,2430716,476570884,476570884,PASS,0.163723,tau=14382567 n=12 g_4=2430716 Av_12=476570884
14382576,11,84298,39832502,39832502,PASS,0.006965,tau=14382576 n=11 g_3=84298 Av_11=39832502
14382576,12,2431026,476570574,476570574,PASS,0.155877,tau=14382576 n=12 g_4=2431026 Av_12=476570574
14382657,11,84296,39832504,39832504,PASS,0.009089,tau=14382657 n=11 g_3=84296 Av_11=39832504
14382657,12,2430808,476570792,476570792,PASS,0.164267,tau=14382657 n=12 g_4=2430808 Av_12=476570792
14382675,11,84294,39832506,39832506,PASS,0.007343,tau=14382675 n=11 g_3=84294 Av_11=39832506
14382675,12,2430638,476570962,476570962,PASS,0.170021,tau=14382675 n=12 g_4=2430638 Av_12=476570962
14382756,11,84291,39832509,39832509,PASS,0.009116,tau=14382756 n=11 g_3=84291 Av_11=39832509
14382756,12,2430341,476571259,476571259,PASS,0.158006,tau=14382756 n=12 g_4=2430341 Av_12=476571259
14382765,11,84199,39832601,39832601,PASS,0.006768,tau=14382765 n=11 g_3=84199 Av_11=39832601
14382765,12,2425306,476576294,476576294,PASS,0.178992,tau=14382765 n=12 g_4=2425306 Av_12=476576294
14385267,11,84394,39832406,39832406,PASS,0.007104,tau=14385267 n=11 g_3=84394 Av_11=39832406
14385267,12,2436436,476565164,476565164,PASS,0.145164,tau=14385267 n=12 g_4=2436436 Av_12=476565164
14385276,11,84396,39832404,39832404,PASS,0.010339,tau=14385276 n=11 g_3=84396 Av_11=39832404
14385276,12,2436642,476564958,476564958,PASS,0.167637,tau=14385276 n=12 g_4=2436642 Av_12=476564958
14385627,11,84393,39832407,39832407,PASS,0.007916,tau=14385627 n=11 g_3=84393 Av_11=39832407
14385627,12,2436410,476565190,476565190,PASS,0.150319,tau=14385627 n=12 g_4=2436410 Av_12=476565190
14385672,11,84208,39832592,39832592,PASS,0.007743,tau=14385672 n=11 g_3=84208 Av_11=39832592
14385672,12,2426256,476575344,476575344,PASS,0.175547,tau=14385672 n=12 g_4=2426256 Av_12=476575344
14385726,11,84477,39832323,39832323,PASS,0.007703,tau=14385726 n=11 g_3=84477 Av_11=39832323
14385726,12,2440575,476561025,476561025,PASS,0.159039,tau=14385726 n=12 g_4=2440575 Av_12=476561025
14385762,11,84291,39832509,39832509,PASS,0.008346,tau=14385762 n=11 g_3=84291 Av_11=39832509
14385762,12,2430375,476571225,476571225,PASS,0.189938,tau=14385762 n=12 g_4=2430375 Av_12=476571225
14386257,11,84480,39832320,39832320,PASS,0.010275,tau=14386257 n=11 g_3=84480 Av_11=39832320
14386257,12,2440837,476560763,476560763,PASS,0.161630,tau=14386257 n=12 g_4=2440837 Av_12=476560763
14386275,11,84476,39832324,39832324,PASS,0.010508,tau=14386275 n=11 g_3=84476 Av_11=39832324
14386275,12,2440451,476561149,476561149,PASS,0.178022,tau=14386275 n=12 g_4=2440451 Av_12=476561149
14386527,11,84393,39832407,39832407,PASS,0.007557,tau=14386527 n=11 g_3=84393 Av_11=39832407
14386527,12,2436378,476565222,476565222,PASS,0.152811,tau=14386527 n=12 g_4=2436378 Av_12=476565222
14386572,11,84291,39832509,39832509,PASS,0.007391,tau=14386572 n=11 g_3=84291 Av_11=39832509
14386572,12,2430382,476571218,476571218,PASS,0.153008,tau=14386572 n=12 g_4=2430382 Av_12=476571218
14386725,11,84306,39832494,39832494,PASS,0.006573,tau=14386725 n=11 g_3=84306 Av_11=39832494
14386725,12,2431892,476569708,476569708,PASS,0.151417,tau=14386725 n=12 g_4=2431892 Av_12=476569708
14386752,11,84204,39832596,39832596,PASS,0.007175,tau=14386752 n=11 g_3=84204 Av_11=39832596
14386752,12,2425866,476575734,476575734,PASS,0.149561,tau=14386752 n=12 g_4=2425866 Av_12=476575734
14387256,11,84308,39832492,39832492,PASS,0.007208,tau=14387256 n=11 g_3=84308 Av_11=39832492
14387256,12,2432084,476569516,476569516,PASS,0.148973,tau=14387256 n=12 g_4=2432084 Av_12=476569516
14387265,11,84301,39832499,39832499,PASS,0.007173,tau=14387265 n=11 g_3=84301 Av_11=39832499
14387265,12,2431357,476570243,476570243,PASS,0.163587,tau=14387265 n=12 g_4=2431357 Av_12=476570243
14387526,11,84390,39832410,39832410,PASS,0.006519,tau=14387526 n=11 g_3=84390 Av_11=39832410
14387526,12,2436081,476565519,476565519,PASS,0.148315,tau=14387526 n=12 g_4=2436081 Av_12=476565519
14387562,11,84206,39832594,39832594,PASS,0.007416,tau=14387562 n=11 g_3=84206 Av_11=39832594
14387562,12,2426071,476575529,476575529,PASS,0.154101,tau=14387562 n=12 g_4=2426071 Av_12=476575529
14387625,11,84298,39832502,39832502,PASS,0.007141,tau=14387625 n=11 g_3=84298 Av_11=39832502
14387625,12,2431072,476570528,476570528,PASS,0.144092,tau=14387625 n=12 g_4=2431072 Av_12=476570528
14387652,11,84111,39832689,39832689,PASS,0.007654,tau=14387652 n=11 g_3=84111 Av_11=39832689
14387652,12,2420745,476580855,476580855,PASS,0.162424,tau=14387652 n=12 g_4=2420745 Av_12=476580855
14523786,11,84115,39832685,39832685,PASS,0.006648,tau=14523786 n=11 g_3=84115 Av_11=39832685
14523786,12,2421143,476580457,476580457,PASS,0.184757,tau=14523786 n=12 g_4=2421143 Av_12=476580457
14526783,11,84300,39832500,39832500,PASS,0.007479,tau=14526783 n=11 g_3=84300 Av_11=39832500
14526783,12,2431253,476570347,476570347,PASS,0.163340,tau=14526783 n=12 g_4=2431253 Av_12=476570347
14526837,11,84481,39832319,39832319,PASS,0.007106,tau=14526837 n=11 g_3=84481 Av_11=39832319
14526837,12,2440895,476560705,476560705,PASS,0.179262,tau=14526837 n=12 g_4=2440895 Av_12=476560705
14526873,11,84306,39832494,39832494,PASS,0.007456,tau=14526873 n=11 g_3=84306 Av_11=39832494
14526873,12,2431868,476569732,476569732,PASS,0.160062,tau=14526873 n=12 g_4=2431868 Av_12=476569732
14527386,11,84472,39832328,39832328,PASS,0.007020,tau=14527386 n=11 g_3=84472 Av_11=39832328
14527386,12,2440046,476561554,476561554,PASS,0.164505,tau=14527386 n=12 g_4=2440046 Av_12=476561554
14527683,11,84306,39832494,39832494,PASS,0.010213,tau=14527683 n=11 g_3=84306 Av_11=39832494
14527683,12,2431874,476569726,476569726,PASS,0.152865,tau=14527683 n=12 g_4=2431874 Av_12=476569726
14527836,11,84400,39832400,39832400,PASS,0.007453,tau=14527836 n=11 g_3=84400 Av_11=39832400
14527836,12,2437044,476564556,476564556,PASS,0.155873,tau=14527836 n=12 g_4=2437044 Av_12=476564556
14527863,11,84309,39832491,39832491,PASS,0.007519,tau=14527863 n=11 g_3=84309 Av_11=39832491
14527863,12,2432191,476569409,476569409,PASS,0.185264,tau=14527863 n=12 g_4=2432191 Av_12=476569409
14528367,11,84394,39832406,39832406,PASS,0.011508,tau=14528367 n=11 g_3=84394 Av_11=39832406
14528367,12,2436416,476565184,476565184,PASS,0.219416,tau=14528367 n=12 g_4=2436416 Av_12=476565184
14528376,11,84390,39832410,39832410,PASS,0.009935,tau=14528376 n=11 g_3=84390 Av_11=39832410
14528376,12,2435992,476565608,476565608,PASS,0.171784,tau=14528376 n=12 g_4=2435992 Av_12=476565608
14528637,11,84484,39832316,39832316,PASS,0.010428,tau=14528637 n=11 g_3=84484 Av_11=39832316
14528637,12,2441244,476560356,476560356,PASS,0.210450,tau=14528637 n=12 g_4=2441244 Av_12=476560356
14528673,11,84309,39832491,39832491,PASS,0.007388,tau=14528673 n=11 g_3=84309 Av_11=39832491
14528673,12,2432199,476569401,476569401,PASS,0.167358,tau=14528673 n=12 g_4=2432199 Av_12=476569401
14528736,11,84401,39832399,39832399,PASS,0.007377,tau=14528736 n=11 g_3=84401 Av_11=39832399
14528736,12,2437155,476564445,476564445,PASS,0.161745,tau=14528736 n=12 g_4=2437155 Av_12=476564445
14528763,11,84300,39832500,39832500,PASS,0.007749,tau=14528763 n=11 g_3=84300 Av_11=39832500
14528763,12,2431249,476570351,476570351,PASS,0.152633,tau=14528763 n=12 g_4=2431249 Av_12=476570351
14532786,11,84114,39832686,39832686,PASS,0.007305,tau=14532786 n=11 g_3=84114 Av_11=39832686
14532786,12,2421040,476580560,476580560,PASS,0.152473,tau=14532786 n=12 g_4=2421040 Av_12=476580560
14536782,11,84203,39832597,39832597,PASS,0.011136,tau=14536782 n=11 g_3=84203 Av_11=39832597
14536782,12,2425750,476575850,476575850,PASS,0.179600,tau=14536782 n=12 g_4=2425750 Av_12=476575850
14536827,11,84384,39832416,39832416,PASS,0.008599,tau=14536827 n=11 g_3=84384 Av_11=39832416
14536827,12,2435518,476566082,476566082,PASS,0.158086,tau=14536827 n=12 g_4=2435518 Av_12=476566082
14536872,11,84206,39832594,39832594,PASS,0.010115,tau=14536872 n=11 g_3=84206 Av_11=39832594
14536872,12,2426090,476575510,476575510,PASS,0.155659,tau=14536872 n=12 g_4=2426090 Av_12=476575510
14537286,11,84392,39832408,39832408,PASS,0.010267,tau=14537286 n=11 g_3=84392 Av_11=39832408
14537286,12,2436246,476565354,476565354,PASS,0.170540,tau=14537286 n=12 g_4=2436246 Av_12=476565354
14537682,11,84206,39832594,39832594,PASS,0.007386,tau=14537682 n=11 g_3=84206 Av_11=39832594
14537682,12,2426066,476575534,476575534,PASS,0.173630,tau=14537682 n=12 g_4=2426066 Av_12=476575534
14537826,11,84310,39832490,39832490,PASS,0.006795,tau=14537826 n=11 g_3=84310 Av_11=39832490
14537826,12,2432317,476569283,476569283,PASS,0.151552,tau=14537826 n=12 g_4=2432317 Av_12=476569283
14537862,11,84218,39832582,39832582,PASS,0.010715,tau=14537862 n=11 g_3=84218 Av_11=39832582
14537862,12,2427265,476574335,476574335,PASS,0.168696,tau=14537862 n=12 g_4=2427265 Av_12=476574335
14538267,11,84307,39832493,39832493,PASS,0.007775,tau=14538267 n=11 g_3=84307 Av_11=39832493
14538267,12,2431964,476569636,476569636,PASS,0.154470,tau=14538267 n=12 g_4=2431964 Av_12=476569636
14538276,11,84297,39832503,39832503,PASS,0.008180,tau=14538276 n=11 g_3=84297 Av_11=39832503
14538276,12,2430944,476570656,476570656,PASS,0.182736,tau=14538276 n=12 g_4=2430944 Av_12=476570656
14538627,11,84396,39832404,39832404,PASS,0.007281,tau=14538627 n=11 g_3=84396 Av_11=39832404
14538627,12,2436696,476564904,476564904,PASS,0.162897,tau=14538627 n=12 g_4=2436696 Av_12=476564904
14538672,11,84218,39832582,39832582,PASS,0.008622,tau=14538672 n=11 g_3=84218 Av_11=39832582
14538672,12,2427270,476574330,476574330,PASS,0.161797,tau=14538672 n=12 g_4=2427270 Av_12=476574330
14538726,11,84310,39832490,39832490,PASS,0.007394,tau=14538726 n=11 g_3=84310 Av_11=39832490
14538726,12,2432291,476569309,476569309,PASS,0.185828,tau=14538726 n=12 g_4=2432291 Av_12=476569309
14538762,11,84205,39832595,39832595,PASS,0.007095,tau=14538762 n=11 g_3=84205 Av_11=39832595
14538762,12,2425995,476575605,476575605,PASS,0.193239,tau=14538762 n=12 g_4=2425995 Av_12=476575605
14562783,11,84296,39832504,39832504,PASS,0.006741,tau=14562783 n=11 g_3=84296 Av_11=39832504
14562783,12,2430923,476570677,476570677,PASS,0.196470,tau=14562783 n=12 g_4=2430923 Av_12=476570677
14562837,11,84384,39832416,39832416,PASS,0.010481,tau=14562837 n=11 g_3=84384 Av_11=39832416
14562837,12,2435505,476566095,476566095,PASS,0.184711,tau=14562837 n=12 g_4=2435505 Av_12=476566095
14562873,11,84301,39832499,39832499,PASS,0.007376,tau=14562873 n=11 g_3=84301 Av_11=39832499
14562873,12,2431418,476570182,476570182,PASS,0.212010,tau=14562873 n=12 g_4=2431418 Av_12=476570182
14563782,11,84210,39832590,39832590,PASS,0.007059,tau=14563782 n=11 g_3=84210 Av_11=39832590
14563782,12,2426461,476575139,476575139,PASS,0.157670,tau=14563782 n=12 g_4=2426461 Av_12=476575139
14563827,11,84300,39832500,39832500,PASS,0.007767,tau=14563827 n=11 g_3=84300 Av_11=39832500
14563827,12,2431293,476570307,476570307,PASS,0.182760,tau=14563827 n=12 g_4=2431293 Av_12=476570307
14563872,11,84212,39832588,39832588,PASS,0.007589,tau=14563872 n=11 g_3=84212 Av_11=39832588
14563872,12,2426686,476574914,476574914,PASS,0.149403,tau=14563872 n=12 g_4=2426686 Av_12=476574914
14567238,11,84113,39832687,39832687,PASS,0.007172,tau=14567238 n=11 g_3=84113 Av_11=39832687
14567238,12,2420973,476580627,476580627,PASS,0.158401,tau=14567238 n=12 g_4=2420973 Av_12=476580627
14567283,11,84201,39832599,39832599,PASS,0.007111,tau=14567283 n=11 g_3=84201 Av_11=39832599
14567283,12,2425578,476576022,476576022,PASS,0.148851,tau=14567283 n=12 g_4=2425578 Av_12=476576022
14567328,11,84113,39832687,39832687,PASS,0.006733,tau=14567328 n=11 g_3=84113 Av_11=39832687
14567328,12,2420973,476580627,476580627,PASS,0.145967,tau=14567328 n=12 g_4=2420973 Av_12=476580627
14567382,11,84200,39832600,39832600,PASS,0.007073,tau=14567382 n=11 g_3=84200 Av_11=39832600
14567382,12,2425474,476576126,476576126,PASS,0.176079,tau=14567382 n=12 g_4=2425474 Av_12=476576126
14567823,11,84018,39832782,39832782,PASS,0.007272,tau=14567823 n=11 g_3=84018 Av_11=39832782
14567823,12,2415632,476585968,476585968,PASS,0.185829,tau=14567823 n=12 g_4=2415632 Av_12=476585968
14567832,11,84018,39832782,39832782,PASS,0.007435,tau=14567832 n=11 g_3=84018 Av_11=39832782
14567832,12,2415632,476585968,476585968,PASS,0.151425,tau=14567832 n=12 g_4=2415632 Av_12=476585968
14568237,11,84301,39832499,39832499,PASS,0.006996,tau=14568237 n=11 g_3=84301 Av_11=39832499
14568237,12,2431393,476570207,476570207,PASS,0.145073,tau=14568237 n=12 g_4=2431393 Av_12=476570207
14568273,11,84386,39832414,39832414,PASS,0.007235,tau=14568273 n=11 g_3=84386 Av_11=39832414
14568273,12,2435703,476565897,476565897,PASS,0.167891,tau=14568273 n=12 g_4=2435703 Av_12=476565897
14568327,11,84302,39832498,39832498,PASS,0.009156,tau=14568327 n=11 g_3=84302 Av_11=39832498
14568327,12,2431524,476570076,476570076,PASS,0.216013,tau=14568327 n=12 g_4=2431524 Av_12=476570076
14568372,11,84383,39832417,39832417,PASS,0.009208,tau=14568372 n=11 g_3=84383 Av_11=39832417
14568372,12,2435355,476566245,476566245,PASS,0.222684,tau=14568372 n=12 g_4=2435355 Av_12=476566245
14568723,11,84113,39832687,39832687,PASS,0.006695,tau=14568723 n=11 g_3=84113 Av_11=39832687
14568723,12,2420965,476580635,476580635,PASS,0.208779,tau=14568723 n=12 g_4=2420965 Av_12=476580635
14568732,11,84113,39832687,39832687,PASS,0.010958,tau=14568732 n=11 g_3=84113 Av_11=39832687
14568732,12,2420965,476580635,476580635,PASS,0.227021,tau=14568732 n=12 g_4=2420965 Av_12=476580635
14572386,11,84395,39832405,39832405,PASS,0.008922,tau=14572386 n=11 g_3=84395 Av_11=39832405
14572386,12,2436543,476565057,476565057,PASS,0.225181,tau=14572386 n=12 g_4=2436543 Av_12=476565057
14572638,11,84477,39832323,39832323,PASS,0.009562,tau=14572638 n=11 g_3=84477 Av_11=39832323
14572638,12,2440494,476561106,476561106,PASS,0.204750,tau=14572638 n=12 g_4=2440494 Av_12=476561106
14572683,11,84482,39832318,39832318,PASS,0.009805,tau=14572683 n=11 g_3=84482 Av_11=39832318
14572683,12,2441078,476560522,476560522,PASS,0.174015,tau=14572683 n=12 g_4=2441078 Av_12=476560522
14572836,11,84480,39832320,39832320,PASS,0.007016,tau=14572836 n=11 g_3=84480 Av_11=39832320
14572836,12,2440910,476560690,476560690,PASS,0.186246,tau=14572836 n=12 g_4=2440910 Av_12=476560690
14572863,11,84487,39832313,39832313,PASS,0.007404,tau=14572863 n=11 g_3=84487 Av_11=39832313
14572863,12,2441590,476560010,476560010,PASS,0.157367,tau=14572863 n=12 g_4=2441590 Av_12=476560010
14573286,11,84395,39832405,39832405,PASS,0.008349,tau=14573286 n=11 g_3=84395 Av_11=39832405
14573286,12,2436571,476565029,476565029,PASS,0.208002,tau=14573286 n=12 g_4=2436571 Av_12=476565029
14573628,11,84467,39832333,39832333,PASS,0.007081,tau=14573628 n=11 g_3=84467 Av_11=39832333
14573628,12,2439519,476562081,476562081,PASS,0.173101,tau=14573628 n=12 g_4=2439519 Av_12=476562081
14573682,11,84465,39832335,39832335,PASS,0.007397,tau=14573682 n=11 g_3=84465 Av_11=39832335
14573682,12,2439348,476562252,476562252,PASS,0.185895,tau=14573682 n=12 g_4=2439348 Av_12=476562252
14573826,11,84484,39832316,39832316,PASS,0.010199,tau=14573826 n=11 g_3=84484 Av_11=39832316
14573826,12,2441281,476560319,476560319,PASS,0.177998,tau=14573826 n=12 g_4=2441281 Av_12=476560319
14573862,11,84476,39832324,39832324,PASS,0.007081,tau=14573862 n=11 g_3=84476 Av_11=39832324
14573862,12,2440456,476561144,476561144,PASS,0.155728,tau=14573862 n=12 g_4=2440456 Av_12=476561144
14576238,11,84209,39832591,39832591,PASS,0.010004,tau=14576238 n=11 g_3=84209 Av_11=39832591
14576238,12,2426386,476575214,476575214,PASS,0.171899,tau=14576238 n=12 g_4=2426386 Av_12=476575214
14576283,11,84299,39832501,39832501,PASS,0.007162,tau=14576283 n=11 g_3=84299 Av_11=39832501
14576283,12,2431217,476570383,476570383,PASS,0.176166,tau=14576283 n=12 g_4=2431217 Av_12=476570383
14576328,11,84209,39832591,39832591,PASS,0.007276,tau=14576328 n=11 g_3=84209 Av_11=39832591
14576328,12,2426367,476575233,476575233,PASS,0.153438,tau=14576328 n=12 g_4=2426367 Av_12=476575233
14576382,11,84296,39832504,39832504,PASS,0.006733,tau=14576382 n=11 g_3=84296 Av_11=39832504
14576382,12,2430885,476570715,476570715,PASS,0.153384,tau=14576382 n=12 g_4=2430885 Av_12=476570715
14576823,11,84114,39832686,39832686,PASS,0.007168,tau=14576823 n=11 g_3=84114 Av_11=39832686
14576823,12,2421064,476580536,476580536,PASS,0.200104,tau=14576823 n=12 g_4=2421064 Av_12=476580536
14576832,11,84114,39832686,39832686,PASS,0.010421,tau=14576832 n=11 g_3=84114 Av_11=39832686
14576832,12,2421064,476580536,476580536,PASS,0.166204,tau=14576832 n=12 g_4=2421064 Av_12=476580536
14578236,11,84304,39832496,39832496,PASS,0.010278,tau=14578236 n=11 g_3=84304 Av_11=39832496
14578236,12,2431690,476569910,476569910,PASS,0.207623,tau=14578236 n=12 g_4=2431690 Av_12=476569910
14578263,11,84397,39832403,39832403,PASS,0.006809,tau=14578263 n=11 g_3=84397 Av_11=39832403
14578263,12,2436773,476564827,476564827,PASS,0.158465,tau=14578263 n=12 g_4=2436773 Av_12=476564827
14578326,11,84309,39832491,39832491,PASS,0.007449,tau=14578326 n=11 g_3=84309 Av_11=39832491
14578326,12,2432205,476569395,476569395,PASS,0.179557,tau=14578326 n=12 g_4=2432205 Av_12=476569395
14578362,11,84390,39832410,39832410,PASS,0.007214,tau=14578362 n=11 g_3=84390 Av_11=39832410
14578362,12,2436027,476565573,476565573,PASS,0.168642,tau=14578362 n=12 g_4=2436027 Av_12=476565573
14578623,11,84206,39832594,39832594,PASS,0.007327,tau=14578623 n=11 g_3=84206 Av_11=39832594
14578623,12,2426053,476575547,476575547,PASS,0.169866,tau=14578623 n=12 g_4=2426053 Av_12=476575547
14578632,11,84206,39832594,39832594,PASS,0.007126,tau=14578632 n=11 g_3=84206 Av_11=39832594
14578632,12,2426053,476575547,476575547,PASS,0.151466,tau=14578632 n=12 g_4=2426053 Av_12=476575547
14582367,11,84311,39832489,39832489,PASS,0.007153,tau=14582367 n=11 g_3=84311 Av_11=39832489
14582367,12,2432400,476569200,476569200,PASS,0.181337,tau=14582367 n=12 g_4=2432400 Av_12=476569200
14582376,11,84309,39832491,39832491,PASS,0.010052,tau=14582376 n=11 g_3=84309 Av_11=39832491
14582376,12,2432185,476569415,476569415,PASS,0.188561,tau=14582376 n=12 g_4=2432185 Av_12=476569415
14582637,11,84491,39832309,39832309,PASS,0.007460,tau=14582637 n=11 g_3=84491 Av_11=39832309
14582637,12,2441981,476559619,476559619,PASS,0.201049,tau=14582637 n=12 g_4=2441981 Av_12=476559619
14582673,11,84404,39832396,39832396,PASS,0.007519,tau=14582673 n=11 g_3=84404 Av_11=39832396
14582673,12,2437546,476564054,476564054,PASS,0.199627,tau=14582673 n=12 g_4=2437546 Av_12=476564054
14582736,11,84488,39832312,39832312,PASS,0.009394,tau=14582736 n=11 g_3=84488 Av_11=39832312
14582736,12,2441703,476559897,476559897,PASS,0.152790,tau=14582736 n=12 g_4=2441703 Av_12=476559897
14582763,11,84397,39832403,39832403,PASS,0.006950,tau=14582763 n=11 g_3=84397 Av_11=39832403
14582763,12,2436808,476564792,476564792,PASS,0.155592,tau=14582763 n=12 g_4=2436808 Av_12=476564792
14583267,11,84311,39832489,39832489,PASS,0.006987,tau=14583267 n=11 g_3=84311 Av_11=39832489
14583267,12,2432463,476569137,476569137,PASS,0.195072,tau=14583267 n=12 g_4=2432463 Av_12=476569137
14583276,11,84311,39832489,39832489,PASS,0.009853,tau=14583276 n=11 g_3=84311 Av_11=39832489
14583276,12,2432390,476569210,476569210,PASS,0.180980,tau=14583276 n=12 g_4=2432390 Av_12=476569210
14583627,11,84490,39832310,39832310,PASS,0.006992,tau=14583627 n=11 g_3=84490 Av_11=39832310
14583627,12,2441858,476559742,476559742,PASS,0.170675,tau=14583627 n=12 g_4=2441858 Av_12=476559742
14583672,11,84400,39832400,39832400,PASS,0.007215,tau=14583672 n=11 g_3=84400 Av_11=39832400
14583672,12,2436999,476564601,476564601,PASS,0.160813,tau=14583672 n=12 g_4=2436999 Av_12=476564601
14583726,11,84479,39832321,39832321,PASS,0.007016,tau=14583726 n=11 g_3=84479 Av_11=39832321
14583726,12,2440796,476560804,476560804,PASS,0.146789,tau=14583726 n=12 g_4=2440796 Av_12=476560804
14583762,11,84390,39832410,39832410,PASS,0.006790,tau=14583762 n=11 g_3=84390 Av_11=39832410
14583762,12,2436079,476565521,476565521,PASS,0.169687,tau=14583762 n=12 g_4=2436079 Av_12=476565521
14586237,11,84393,39832407,39832407,PASS,0.007036,tau=14586237 n=11 g_3=84393 Av_11=39832407
14586237,12,2436398,476565202,476565202,PASS,0.177847,tau=14586237 n=12 g_4=2436398 Av_12=476565202
14586273,11,84474,39832326,39832326,PASS,0.006796,tau=14586273 n=11 g_3=84474 Av_11=39832326
14586273,12,2440284,476561316,476561316,PASS,0.148903,tau=14586273 n=12 g_4=2440284 Av_12=476561316
14586327,11,84393,39832407,39832407,PASS,0.007104,tau=14586327 n=11 g_3=84393 Av_11=39832407
14586327,12,2436386,476565214,476565214,PASS,0.148088,tau=14586327 n=12 g_4=2436386 Av_12=476565214
14586372,11,84474,39832326,39832326,PASS,0.007126,tau=14586372 n=11 g_3=84474 Av_11=39832326
14586372,12,2440238,476561362,476561362,PASS,0.149889,tau=14586372 n=12 g_4=2440238 Av_12=476561362
14586723,11,84204,39832596,39832596,PASS,0.007293,tau=14586723 n=11 g_3=84204 Av_11=39832596
14586723,12,2425847,476575753,476575753,PASS,0.150630,tau=14586723 n=12 g_4=2425847 Av_12=476575753
14586732,11,84204,39832596,39832596,PASS,0.006640,tau=14586732 n=11 g_3=84204 Av_11=39832596
14586732,12,2425847,476575753,476575753,PASS,0.151315,tau=14586732 n=12 g_4=2425847 Av_12=476575753
14587236,11,84311,39832489,39832489,PASS,0.006949,tau=14587236 n=11 g_3=84311 Av_11=39832489
14587236,12,2432413,476569187,476569187,PASS,0.149383,tau=14587236 n=12 g_4=2432413 Av_12=476569187
14587263,11,84396,39832404,39832404,PASS,0.011189,tau=14587263 n=11 g_3=84396 Av_11=39832404
14587263,12,2436709,476564891,476564891,PASS,0.154046,tau=14587263 n=12 g_4=2436709 Av_12=476564891
14587326,11,84311,39832489,39832489,PASS,0.007272,tau=14587326 n=11 g_3=84311 Av_11=39832489
14587326,12,2432486,476569114,476569114,PASS,0.156661,tau=14587326 n=12 g_4=2432486 Av_12=476569114
14587362,11,84396,39832404,39832404,PASS,0.007592,tau=14587362 n=11 g_3=84396 Av_11=39832404
14587362,12,2436601,476564999,476564999,PASS,0.170795,tau=14587362 n=12 g_4=2436601 Av_12=476564999
14587623,11,84118,39832682,39832682,PASS,0.007302,tau=14587623 n=11 g_3=84118 Av_11=39832682
14587623,12,2421497,476580103,476580103,PASS,0.171420,tau=14587623 n=12 g_4=2421497 Av_12=476580103
14587632,11,84118,39832682,39832682,PASS,0.007093,tau=14587632 n=11 g_3=84118 Av_11=39832682
14587632,12,2421492,476580108,476580108,PASS,0.161859,tau=14587632 n=12 g_4=2421492 Av_12=476580108
14625783,11,84476,39832324,39832324,PASS,0.020937,tau=14625783 n=11 g_3=84476 Av_11=39832324
14625783,12,2440411,476561189,476561189,PASS,0.163516,tau=14625783 n=12 g_4=2440411 Av_12=476561189
14625837,11,84565,39832235,39832235,PASS,0.010177,tau=14625837 n=11 g_3=84565 Av_11=39832235
14625837,12,2445064,476556536,476556536,PASS,0.153327,tau=14625837 n=12 g_4=2445064 Av_12=476556536
14625873,11,84479,39832321,39832321,PASS,0.010462,tau=14625873 n=11 g_3=84479 Av_11=39832321
14625873,12,2440716,476560884,476560884,PASS,0.157861,tau=14625873 n=12 g_4=2440716 Av_12=476560884
14627358,11,84478,39832322,39832322,PASS,0.007603,tau=14627358 n=11 g_3=84478 Av_11=39832322
14627358,12,2440595,476561005,476561005,PASS,0.171157,tau=14627358 n=12 g_4=2440595 Av_12=476561005
14627385,11,84480,39832320,39832320,PASS,0.006874,tau=14627385 n=11 g_3=84480 Av_11=39832320
14627385,12,2440885,476560715,476560715,PASS,0.172988,tau=14627385 n=12 g_4=2440885 Av_12=476560715
14627538,11,84561,39832239,39832239,PASS,0.006531,tau=14627538 n=11 g_3=84561 Av_11=39832239
14627538,12,2444645,476556955,476556955,PASS,0.151035,tau=14627538 n=12 g_4=2444645 Av_12=476556955
14627583,11,84568,39832232,39832232,PASS,0.008433,tau=14627583 n=11 g_3=84568 Av_11=39832232
14627583,12,2445425,476556175,476556175,PASS,0.147007,tau=14627583 n=12 g_4=2445425 Av_12=476556175
14627835,11,84480,39832320,39832320,PASS,0.010697,tau=14627835 n=11 g_3=84480 Av_11=39832320
14627835,12,2440869,476560731,476560731,PASS,0.155616,tau=14627835 n=12 g_4=2440869 Av_12=476560731
14627853,11,84484,39832316,39832316,PASS,0.007320,tau=14627853 n=11 g_3=84484 Av_11=39832316
14627853,12,2441249,476560351,476560351,PASS,0.186385,tau=14627853 n=12 g_4=2441249 Av_12=476560351
14628375,11,84569,39832231,39832231,PASS,0.009692,tau=14628375 n=11 g_3=84569 Av_11=39832231
14628375,12,2445528,476556072,476556072,PASS,0.185264,tau=14628375 n=12 g_4=2445528 Av_12=476556072
14628537,11,84579,39832221,39832221,PASS,0.007346,tau=14628537 n=11 g_3=84579 Av_11=39832221
14628537,12,2446493,476555107,476555107,PASS,0.146902,tau=14628537 n=12 g_4=2446493 Av_12=476555107
14628573,11,84569,39832231,39832231,PASS,0.007333,tau=14628573 n=11 g_3=84569 Av_11=39832231
14628573,12,2445533,476556067,476556067,PASS,0.149109,tau=14628573 n=12 g_4=2445533 Av_12=476556067
14628735,11,84484,39832316,39832316,PASS,0.008130,tau=14628735 n=11 g_3=84484 Av_11=39832316
14628735,12,2441272,476560328,476560328,PASS,0.149961,tau=14628735 n=12 g_4=2441272 Av_12=476560328
14628753,11,84481,39832319,39832319,PASS,0.007212,tau=14628753 n=11 g_3=84481 Av_11=39832319
14628753,12,2440936,476560664,476560664,PASS,0.153911,tau=14628753 n=12 g_4=2440936 Av_12=476560664
14632785,11,84390,39832410,39832410,PASS,0.006992,tau=14632785 n=11 g_3=84390 Av_11=39832410
14632785,12,2436042,476565558,476565558,PASS,0.183211,tau=14632785 n=12 g_4=2436042 Av_12=476565558
14632857,11,84472,39832328,39832328,PASS,0.006929,tau=14632857 n=11 g_3=84472 Av_11=39832328
14632857,12,2440023,476561577,476561577,PASS,0.190455,tau=14632857 n=12 g_4=2440023 Av_12=476561577
14632875,11,84385,39832415,39832415,PASS,0.007234,tau=14632875 n=11 g_3=84385 Av_11=39832415
14632875,12,2435515,476566085,476566085,PASS,0.152349,tau=14632875 n=12 g_4=2435515 Av_12=476566085
14635782,11,84289,39832511,39832511,PASS,0.007107,tau=14635782 n=11 g_3=84289 Av_11=39832511
14635782,12,2430144,476571456,476571456,PASS,0.156770,tau=14635782 n=12 g_4=2430144 Av_12=476571456
14635827,11,84390,39832410,39832410,PASS,0.007434,tau=14635827 n=11 g_3=84390 Av_11=39832410
14635827,12,2436055,476565545,476565545,PASS,0.152556,tau=14635827 n=12 g_4=2436055 Av_12=476565545
14635872,11,84293,39832507,39832507,PASS,0.007085,tau=14635872 n=11 g_3=84293 Av_11=39832507
14635872,12,2430556,476571044,476571044,PASS,0.149809,tau=14635872 n=12 g_4=2430556 Av_12=476571044
14637285,11,84566,39832234,39832234,PASS,0.007032,tau=14637285 n=11 g_3=84566 Av_11=39832234
14637285,12,2445240,476556360,476556360,PASS,0.179880,tau=14637285 n=12 g_4=2445240 Av_12=476556360
14637528,11,84471,39832329,39832329,PASS,0.007504,tau=14637528 n=11 g_3=84471 Av_11=39832329
14637528,12,2439893,476561707,476561707,PASS,0.172890,tau=14637528 n=12 g_4=2439893 Av_12=476561707
14637582,11,84463,39832337,39832337,PASS,0.007487,tau=14637582 n=11 g_3=84463 Av_11=39832337
14637582,12,2439134,476562466,476562466,PASS,0.151422,tau=14637582 n=12 g_4=2439134 Av_12=476562466
14637825,11,84487,39832313,39832313,PASS,0.007286,tau=14637825 n=11 g_3=84487 Av_11=39832313
14637825,12,2441564,476560036,476560036,PASS,0.178833,tau=14637825 n=12 g_4=2441564 Av_12=476560036
14637852,11,84476,39832324,39832324,PASS,0.007495,tau=14637852 n=11 g_3=84476 Av_11=39832324
14637852,12,2440435,476561165,476561165,PASS,0.169381,tau=14637852 n=12 g_4=2440435 Av_12=476561165
14638257,11,84572,39832228,39832228,PASS,0.007493,tau=14638257 n=11 g_3=84572 Av_11=39832228
14638257,12,2445825,476555775,476555775,PASS,0.162456,tau=14638257 n=12 g_4=2445825 Av_12=476555775
14638275,11,84565,39832235,39832235,PASS,0.007279,tau=14638275 n=11 g_3=84565 Av_11=39832235
14638275,12,2445156,476556444,476556444,PASS,0.150895,tau=14638275 n=12 g_4=2445156 Av_12=476556444
14638527,11,84566,39832234,39832234,PASS,0.007273,tau=14638527 n=11 g_3=84566 Av_11=39832234
14638527,12,2445237,476556363,476556363,PASS,0.152597,tau=14638527 n=12 g_4=2445237 Av_12=476556363
14638572,11,84474,39832326,39832326,PASS,0.007723,tau=14638572 n=11 g_3=84474 Av_11=39832326
14638572,12,2440228,476561372,476561372,PASS,0.164165,tau=14638572 n=12 g_4=2440228 Av_12=476561372
14638725,11,84488,39832312,39832312,PASS,0.006998,tau=14638725 n=11 g_3=84488 Av_11=39832312
14638725,12,2441680,476559920,476559920,PASS,0.150310,tau=14638725 n=12 g_4=2441680 Av_12=476559920
14638752,11,84474,39832326,39832326,PASS,0.006903,tau=14638752 n=11 g_3=84474 Av_11=39832326
14638752,12,2440216,476561384,476561384,PASS,0.151156,tau=14638752 n=12 g_4=2440216 Av_12=476561384
14652783,11,84310,39832490,39832490,PASS,0.007197,tau=14652783 n=11 g_3=84310 Av_11=39832490
14652783,12,2432308,476569292,476569292,PASS,0.155441,tau=14652783 n=12 g_4=2432308 Av_12=476569292
14652837,11,84398,39832402,39832402,PASS,0.010309,tau=14652837 n=11 g_3=84398 Av_11=39832402
14652837,12,2436865,476564735,476564735,PASS,0.155404,tau=14652837 n=12 g_4=2436865 Av_12=476564735
14652873,11,84308,39832492,39832492,PASS,0.008519,tau=14652873 n=11 g_3=84308 Av_11=39832492
14652873,12,2432109,476569491,476569491,PASS,0.145863,tau=14652873 n=12 g_4=2432109 Av_12=476569491
14653782,11,84294,39832506,39832506,PASS,0.007586,tau=14653782 n=11 g_3=84294 Av_11=39832506
14653782,12,2430672,476570928,476570928,PASS,0.161991,tau=14653782 n=12 g_4=2430672 Av_12=476570928
14653827,11,84382,39832418,39832418,PASS,0.007492,tau=14653827 n=11 g_3=84382 Av_11=39832418
14653827,12,2435304,476566296,476566296,PASS,0.168149,tau=14653827 n=12 g_4=2435304 Av_12=476566296
14653872,11,84294,39832506,39832506,PASS,0.008173,tau=14653872 n=11 g_3=84294 Av_11=39832506
14653872,12,2430669,476570931,476570931,PASS,0.150959,tau=14653872 n=12 g_4=2430669 Av_12=476570931
14657238,11,84207,39832593,39832593,PASS,0.006948,tau=14657238 n=11 g_3=84207 Av_11=39832593
14657238,12,2426179,476575421,476575421,PASS,0.144395,tau=14657238 n=12 g_4=2426179 Av_12=476575421
14657283,11,84294,39832506,39832506,PASS,0.007343,tau=14657283 n=11 g_3=84294 Av_11=39832506
14657283,12,2430711,476570889,476570889,PASS,0.150600,tau=14657283 n=12 g_4=2430711 Av_12=476570889
14657328,11,84207,39832593,39832593,PASS,0.007813,tau=14657328 n=11 g_3=84207 Av_11=39832593
14657328,12,2426161,476575439,476575439,PASS,0.158325,tau=14657328 n=12 g_4=2426161 Av_12=476575439
14657382,11,84294,39832506,39832506,PASS,0.007530,tau=14657382 n=11 g_3=84294 Av_11=39832506
14657382,12,2430669,476570931,476570931,PASS,0.186727,tau=14657382 n=12 g_4=2430669 Av_12=476570931
14657823,11,84114,39832686,39832686,PASS,0.006881,tau=14657823 n=11 g_3=84114 Av_11=39832686
14657823,12,2421064,476580536,476580536,PASS,0.153867,tau=14657823 n=12 g_4=2421064 Av_12=476580536
14657832,11,84114,39832686,39832686,PASS,0.007548,tau=14657832 n=11 g_3=84114 Av_11=39832686
14657832,12,2421064,476580536,476580536,PASS,0.187359,tau=14657832 n=12 g_4=2421064 Av_12=476580536
14658237,11,84309,39832491,39832491,PASS,0.007536,tau=14658237 n=11 g_3=84309 Av_11=39832491
14658237,12,2432214,476569386,476569386,PASS,0.167011,tau=14658237 n=12 g_4=2432214 Av_12=476569386
14658273,11,84390,39832410,39832410,PASS,0.007269,tau=14658273 n=11 g_3=84390 Av_11=39832410
14658273,12,2436116,476565484,476565484,PASS,0.154316,tau=14658273 n=12 g_4=2436116 Av_12=476565484
14658327,11,84309,39832491,39832491,PASS,0.007642,tau=14658327 n=11 g_3=84309 Av_11=39832491
14658327,12,2432214,476569386,476569386,PASS,0.171427,tau=14658327 n=12 g_4=2432214 Av_12=476569386
14658372,11,84386,39832414,39832414,PASS,0.007397,tau=14658372 n=11 g_3=84386 Av_11=39832414
14658372,12,2435655,476565945,476565945,PASS,0.175238,tau=14658372 n=12 g_4=2435655 Av_12=476565945
14658723,11,84115,39832685,39832685,PASS,0.007235,tau=14658723 n=11 g_3=84115 Av_11=39832685
14658723,12,2421169,476580431,476580431,PASS,0.154191,tau=14658723 n=12 g_4=2421169 Av_12=476580431
14658732,11,84115,39832685,39832685,PASS,0.010012,tau=14658732 n=11 g_3=84115 Av_11=39832685
14658732,12,2421169,476580431,476580431,PASS,0.152402,tau=14658732 n=12 g_4=2421169 Av_12=476580431
14672358,11,84300,39832500,39832500,PASS,0.007436,tau=14672358 n=11 g_3=84300 Av_11=39832500
14672358,12,2431270,476570330,476570330,PASS,0.175406,tau=14672358 n=12 g_4=2431270 Av_12=476570330
14672385,11,84393,39832407,39832407,PASS,0.012526,tau=14672385 n=11 g_3=84393 Av_11=39832407
14672385,12,2436403,476565197,476565197,PASS,0.156121,tau=14672385 n=12 g_4=2436403 Av_12=476565197
14672538,11,84473,39832327,39832327,PASS,0.007529,tau=14672538 n=11 g_3=84473 Av_11=39832327
14672538,12,2440110,476561490,476561490,PASS,0.150226,tau=14672538 n=12 g_4=2440110 Av_12=476561490
14672583,11,84491,39832309,39832309,PASS,0.008235,tau=14672583 n=11 g_3=84491 Av_11=39832309
14672583,12,2441928,476559672,476559672,PASS,0.156777,tau=14672583 n=12 g_4=2441928 Av_12=476559672
14672835,11,84387,39832413,39832413,PASS,0.007113,tau=14672835 n=11 g_3=84387 Av_11=39832413
14672835,12,2435818,476565782,476565782,PASS,0.189709,tau=14672835 n=12 g_4=2435818 Av_12=476565782
14672853,11,84482,39832318,39832318,PASS,0.008145,tau=14672853 n=11 g_3=84482 Av_11=39832318
14672853,12,2441077,476560523,476560523,PASS,0.161147,tau=14672853 n=12 g_4=2441077 Av_12=476560523
14673258,11,84389,39832411,39832411,PASS,0.007361,tau=14673258 n=11 g_3=84389 Av_11=39832411
14673258,12,2435938,476565662,476565662,PASS,0.179882,tau=14673258 n=12 g_4=2435938 Av_12=476565662
14673285,11,84396,39832404,39832404,PASS,0.007604,tau=14673285 n=11 g_3=84396 Av_11=39832404
14673285,12,2436693,476564907,476564907,PASS,0.155838,tau=14673285 n=12 g_4=2436693 Av_12=476564907
14673528,11,84381,39832419,39832419,PASS,0.007929,tau=14673528 n=11 g_3=84381 Av_11=39832419
14673528,12,2435111,476566489,476566489,PASS,0.160304,tau=14673528 n=12 g_4=2435111 Av_12=476566489
14673582,11,84390,39832410,39832410,PASS,0.007491,tau=14673582 n=11 g_3=84390 Av_11=39832410
14673582,12,2436014,476565586,476565586,PASS,0.154349,tau=14673582 n=12 g_4=2436014 Av_12=476565586
14673825,11,84482,39832318,39832318,PASS,0.008274,tau=14673825 n=11 g_3=84482 Av_11=39832318
14673825,12,2441063,476560537,476560537,PASS,0.175441,tau=14673825 n=12 g_4=2441063 Av_12=476560537
14673852,11,84392,39832408,39832408,PASS,0.007363,tau=14673852 n=11 g_3=84392 Av_11=39832408
14673852,12,2436221,476565379,476565379,PASS,0.176798,tau=14673852 n=12 g_4=2436221 Av_12=476565379
14675238,11,84294,39832506,39832506,PASS,0.007559,tau=14675238 n=11 g_3=84294 Av_11=39832506
14675238,12,2430693,476570907,476570907,PASS,0.177285,tau=14675238 n=12 g_4=2430693 Av_12=476570907
14675283,11,84390,39832410,39832410,PASS,0.007137,tau=14675283 n=11 g_3=84390 Av_11=39832410
14675283,12,2436118,476565482,476565482,PASS,0.187188,tau=14675283 n=12 g_4=2436118 Av_12=476565482
14675328,11,84292,39832508,39832508,PASS,0.007570,tau=14675328 n=11 g_3=84292 Av_11=39832508
14675328,12,2430441,476571159,476571159,PASS,0.190900,tau=14675328 n=12 g_4=2430441 Av_12=476571159
14675382,11,84382,39832418,39832418,PASS,0.007233,tau=14675382 n=11 g_3=84382 Av_11=39832418
14675382,12,2435283,476566317,476566317,PASS,0.184337,tau=14675382 n=12 g_4=2435283 Av_12=476566317
14675823,11,84286,39832514,39832514,PASS,0.008153,tau=14675823 n=11 g_3=84286 Av_11=39832514
14675823,12,2429859,476571741,476571741,PASS,0.154842,tau=14675823 n=12 g_4=2429859 Av_12=476571741
14675832,11,84286,39832514,39832514,PASS,0.006957,tau=14675832 n=11 g_3=84286 Av_11=39832514
14675832,12,2429854,476571746,476571746,PASS,0.158242,tau=14675832 n=12 g_4=2429854 Av_12=476571746
14678235,11,84205,39832595,39832595,PASS,0.007807,tau=14678235 n=11 g_3=84205 Av_11=39832595
14678235,12,2425977,476575623,476575623,PASS,0.154669,tau=14678235 n=12 g_4=2425977 Av_12=476575623
14678253,11,84381,39832419,39832419,PASS,0.006407,tau=14678253 n=11 g_3=84381 Av_11=39832419
14678253,12,2435172,476566428,476566428,PASS,0.151963,tau=14678253 n=12 g_4=2435172 Av_12=476566428
14678325,11,84293,39832507,39832507,PASS,0.008578,tau=14678325 n=11 g_3=84293 Av_11=39832507
14678325,12,2430591,476571009,476571009,PASS,0.149959,tau=14678325 n=12 g_4=2430591 Av_12=476571009
14678352,11,84289,39832511,39832511,PASS,0.008162,tau=14678352 n=11 g_3=84289 Av_11=39832511
14678352,12,2430149,476571451,476571451,PASS,0.163646,tau=14678352 n=12 g_4=2430149 Av_12=476571451
14678523,11,84204,39832596,39832596,PASS,0.008058,tau=14678523 n=11 g_3=84204 Av_11=39832596
14678523,12,2425826,476575774,476575774,PASS,0.162431,tau=14678523 n=12 g_4=2425826 Av_12=476575774
14678532,11,84204,39832596,39832596,PASS,0.006946,tau=14678532 n=11 g_3=84204 Av_11=39832596
14678532,12,2425822,476575778,476575778,PASS,0.150448,tau=14678532 n=12 g_4=2425822 Av_12=476575778
14682357,11,84387,39832413,39832413,PASS,0.007085,tau=14682357 n=11 g_3=84387 Av_11=39832413
14682357,12,2435814,476565786,476565786,PASS,0.145956,tau=14682357 n=12 g_4=2435814 Av_12=476565786
14682375,11,84484,39832316,39832316,PASS,0.010674,tau=14682375 n=11 g_3=84484 Av_11=39832316
14682375,12,2441275,476560325,476560325,PASS,0.174203,tau=14682375 n=12 g_4=2441275 Av_12=476560325
14682537,11,84568,39832232,39832232,PASS,0.009523,tau=14682537 n=11 g_3=84568 Av_11=39832232
14682537,12,2445478,476556122,476556122,PASS,0.172906,tau=14682537 n=12 g_4=2445478 Av_12=476556122
14682573,11,84573,39832227,39832227,PASS,0.006924,tau=14682573 n=11 g_3=84573 Av_11=39832227
14682573,12,2445953,476555647,476555647,PASS,0.164993,tau=14682573 n=12 g_4=2445953 Av_12=476555647
14682735,11,84565,39832235,39832235,PASS,0.007092,tau=14682735 n=11 g_3=84565 Av_11=39832235
14682735,12,2445209,476556391,476556391,PASS,0.147702,tau=14682735 n=12 g_4=2445209 Av_12=476556391
14682753,11,84568,39832232,39832232,PASS,0.007171,tau=14682753 n=11 g_3=84568 Av_11=39832232
14682753,12,2445482,476556118,476556118,PASS,0.171670,tau=14682753 n=12 g_4=2445482 Av_12=476556118
14683257,11,84478,39832322,39832322,PASS,0.007219,tau=14683257 n=11 g_3=84478 Av_11=39832322
14683257,12,2440697,476560903,476560903,PASS,0.207084,tau=14683257 n=12 g_4=2440697 Av_12=476560903
14683275,11,84487,39832313,39832313,PASS,0.006622,tau=14683275 n=11 g_3=84487 Av_11=39832313
14683275,12,2441585,476560015,476560015,PASS,0.193147,tau=14683275 n=12 g_4=2441585 Av_12=476560015
14683527,11,84563,39832237,39832237,PASS,0.007336,tau=14683527 n=11 g_3=84563 Av_11=39832237
14683527,12,2444959,476556641,476556641,PASS,0.164654,tau=14683527 n=12 g_4=2444959 Av_12=476556641
14683572,11,84472,39832328,39832328,PASS,0.008089,tau=14683572 n=11 g_3=84472 Av_11=39832328
14683572,12,2440020,476561580,476561580,PASS,0.211154,tau=14683572 n=12 g_4=2440020 Av_12=476561580
14683725,11,84572,39832228,39832228,PASS,0.007153,tau=14683725 n=11 g_3=84572 Av_11=39832228
14683725,12,2445847,476555753,476555753,PASS,0.192411,tau=14683725 n=12 g_4=2445847 Av_12=476555753
14683752,11,84563,39832237,39832237,PASS,0.011229,tau=14683752 n=11 g_3=84563 Av_11=39832237
14683752,12,2444898,476556702,476556702,PASS,0.154474,tau=14683752 n=12 g_4=2444898 Av_12=476556702
14685237,11,84480,39832320,39832320,PASS,0.006677,tau=14685237 n=11 g_3=84480 Av_11=39832320
14685237,12,2440895,476560705,476560705,PASS,0.150615,tau=14685237 n=12 g_4=2440895 Av_12=476560705
14685273,11,84562,39832238,39832238,PASS,0.007232,tau=14685273 n=11 g_3=84562 Av_11=39832238
14685273,12,2444866,476556734,476556734,PASS,0.159621,tau=14685273 n=12 g_4=2444866 Av_12=476556734
14685327,11,84478,39832322,39832322,PASS,0.007194,tau=14685327 n=11 g_3=84478 Av_11=39832322
14685327,12,2440667,476560933,476560933,PASS,0.190989,tau=14685327 n=12 g_4=2440667 Av_12=476560933
14685372,11,84558,39832242,39832242,PASS,0.009731,tau=14685372 n=11 g_3=84558 Av_11=39832242
14685372,12,2444437,476557163,476557163,PASS,0.182978,tau=14685372 n=12 g_4=2444437 Av_12=476557163
14685723,11,84288,39832512,39832512,PASS,0.008964,tau=14685723 n=11 g_3=84288 Av_11=39832512
14685723,12,2430054,476571546,476571546,PASS,0.151098,tau=14685723 n=12 g_4=2430054 Av_12=476571546
14685732,11,84288,39832512,39832512,PASS,0.007769,tau=14685732 n=11 g_3=84288 Av_11=39832512
14685732,12,2430044,476571556,476571556,PASS,0.160124,tau=14685732 n=12 g_4=2430044 Av_12=476571556
14687235,11,84296,39832504,39832504,PASS,0.007488,tau=14687235 n=11 g_3=84296 Av_11=39832504
14687235,12,2430905,476570695,476570695,PASS,0.167347,tau=14687235 n=12 g_4=2430905 Av_12=476570695
14687253,11,84392,39832408,39832408,PASS,0.007737,tau=14687253 n=11 g_3=84392 Av_11=39832408
14687253,12,2436304,476565296,476565296,PASS,0.152098,tau=14687253 n=12 g_4=2436304 Av_12=476565296
14687325,11,84306,39832494,39832494,PASS,0.008362,tau=14687325 n=11 g_3=84306 Av_11=39832494
14687325,12,2431913,476569687,476569687,PASS,0.157966,tau=14687325 n=12 g_4=2431913 Av_12=476569687
14687352,11,84382,39832418,39832418,PASS,0.007536,tau=14687352 n=11 g_3=84382 Av_11=39832418
14687352,12,2435246,476566354,476566354,PASS,0.186060,tau=14687352 n=12 g_4=2435246 Av_12=476566354
14687523,11,84290,39832510,39832510,PASS,0.008110,tau=14687523 n=11 g_3=84290 Av_11=39832510
14687523,12,2430265,476571335,476571335,PASS,0.147383,tau=14687523 n=12 g_4=2430265 Av_12=476571335
14687532,11,84290,39832510,39832510,PASS,0.009649,tau=14687532 n=11 g_3=84290 Av_11=39832510
14687532,12,2430253,476571347,476571347,PASS,0.161573,tau=14687532 n=12 g_4=2430253 Av_12=476571347
14725638,11,84487,39832313,39832313,PASS,0.009615,tau=14725638 n=11 g_3=84487 Av_11=39832313
14725638,12,2441448,476560152,476560152,PASS,0.191076,tau=14725638 n=12 g_4=2441448 Av_12=476560152
14725683,11,84496,39832304,39832304,PASS,0.007560,tau=14725683 n=11 g_3=84496 Av_11=39832304
14725683,12,2442418,476559182,476559182,PASS,0.154651,tau=14725683 n=12 g_4=2442418 Av_12=476559182
14725836,11,84583,39832217,39832217,PASS,0.007644,tau=14725836 n=11 g_3=84583 Av_11=39832217
14725836,12,2446792,476554808,476554808,PASS,0.147531,tau=14725836 n=12 g_4=2446792 Av_12=476554808
14725863,11,84576,39832224,39832224,PASS,0.007250,tau=14725863 n=11 g_3=84576 Av_11=39832224
14725863,12,2446200,476555400,476555400,PASS,0.165910,tau=14725863 n=12 g_4=2446200 Av_12=476555400
14726538,11,84391,39832409,39832409,PASS,0.008955,tau=14726538 n=11 g_3=84391 Av_11=39832409
14726538,12,2436057,476565543,476565543,PASS,0.151309,tau=14726538 n=12 g_4=2436057 Av_12=476565543
14726583,11,84483,39832317,39832317,PASS,0.008007,tau=14726583 n=11 g_3=84483 Av_11=39832317
14726583,12,2441141,476560459,476560459,PASS,0.188047,tau=14726583 n=12 g_4=2441141 Av_12=476560459
14726835,11,84576,39832224,39832224,PASS,0.007206,tau=14726835 n=11 g_3=84576 Av_11=39832224
14726835,12,2446241,476555359,476555359,PASS,0.153196,tau=14726835 n=12 g_4=2446241 Av_12=476555359
14726853,11,84566,39832234,39832234,PASS,0.010282,tau=14726853 n=11 g_3=84566 Av_11=39832234
14726853,12,2445243,476556357,476556357,PASS,0.155676,tau=14726853 n=12 g_4=2445243 Av_12=476556357
14728563,11,84485,39832315,39832315,PASS,0.007214,tau=14728563 n=11 g_3=84485 Av_11=39832315
14728563,12,2441373,476560227,476560227,PASS,0.150786,tau=14728563 n=12 g_4=2441373 Av_12=476560227
14728635,11,84573,39832227,39832227,PASS,0.007449,tau=14728635 n=11 g_3=84573 Av_11=39832227
14728635,12,2445994,476555606,476555606,PASS,0.145188,tau=14728635 n=12 g_4=2445994 Av_12=476555606
14728653,11,84483,39832317,39832317,PASS,0.007404,tau=14728653 n=11 g_3=84483 Av_11=39832317
14728653,12,2441148,476560452,476560452,PASS,0.153423,tau=14728653 n=12 g_4=2441148 Av_12=476560452
14732586,11,84478,39832322,39832322,PASS,0.006858,tau=14732586 n=11 g_3=84478 Av_11=39832322
14732586,12,2440610,476560990,476560990,PASS,0.152898,tau=14732586 n=12 g_4=2440610 Av_12=476560990
14732685,11,84483,39832317,39832317,PASS,0.006992,tau=14732685 n=11 g_3=84483 Av_11=39832317
14732685,12,2441112,476560488,476560488,PASS,0.160366,tau=14732685 n=12 g_4=2441112 Av_12=476560488
14732856,11,84397,39832403,39832403,PASS,0.007977,tau=14732856 n=11 g_3=84397 Av_11=39832403
14732856,12,2436755,476564845,476564845,PASS,0.167638,tau=14732856 n=12 g_4=2436755 Av_12=476564845
14732865,11,84395,39832405,39832405,PASS,0.007396,tau=14732865 n=11 g_3=84395 Av_11=39832405
14732865,12,2436545,476565055,476565055,PASS,0.156430,tau=14732865 n=12 g_4=2436545 Av_12=476565055
14735286,11,84562,39832238,39832238,PASS,0.008045,tau=14735286 n=11 g_3=84562 Av_11=39832238
14735286,12,2444793,476556807,476556807,PASS,0.147403,tau=14735286 n=12 g_4=2444793 Av_12=476556807
14735628,11,84468,39832332,39832332,PASS,0.008738,tau=14735628 n=11 g_3=84468 Av_11=39832332
14735628,12,2439639,476561961,476561961,PASS,0.154777,tau=14735628 n=12 g_4=2439639 Av_12=476561961
14735682,11,84469,39832331,39832331,PASS,0.007371,tau=14735682 n=11 g_3=84469 Av_11=39832331
14735682,12,2439728,476561872,476561872,PASS,0.150922,tau=14735682 n=12 g_4=2439728 Av_12=476561872
14735826,11,84576,39832224,39832224,PASS,0.007139,tau=14735826 n=11 g_3=84576 Av_11=39832224
14735826,12,2446220,476555380,476555380,PASS,0.153103,tau=14735826 n=12 g_4=2446220 Av_12=476555380
14735862,11,84555,39832245,39832245,PASS,0.006951,tau=14735862 n=11 g_3=84555 Av_11=39832245
14735862,12,2444114,476557486,476557486,PASS,0.188203,tau=14735862 n=12 g_4=2444114 Av_12=476557486
14736258,11,84468,39832332,39832332,PASS,0.010370,tau=14736258 n=11 g_3=84468 Av_11=39832332
14736258,12,2439553,476562047,476562047,PASS,0.180431,tau=14736258 n=12 g_4=2439553 Av_12=476562047
14736285,11,84571,39832229,39832229,PASS,0.007169,tau=14736285 n=11 g_3=84571 Av_11=39832229
14736285,12,2445703,476555897,476555897,PASS,0.151113,tau=14736285 n=12 g_4=2445703 Av_12=476555897
14736528,11,84390,39832410,39832410,PASS,0.007760,tau=14736528 n=11 g_3=84390 Av_11=39832410
14736528,12,2435968,476565632,476565632,PASS,0.151954,tau=14736528 n=12 g_4=2435968 Av_12=476565632
14736582,11,84384,39832416,39832416,PASS,0.007302,tau=14736582 n=11 g_3=84384 Av_11=39832416
14736582,12,2435445,476566155,476566155,PASS,0.149599,tau=14736582 n=12 g_4=2435445 Av_12=476566155
14736825,11,84571,39832229,39832229,PASS,0.006886,tau=14736825 n=11 g_3=84571 Av_11=39832229
14736825,12,2445746,476555854,476555854,PASS,0.150957,tau=14736825 n=12 g_4=2445746 Av_12=476555854
14736852,11,84559,39832241,39832241,PASS,0.007486,tau=14736852 n=11 g_3=84559 Av_11=39832241
14736852,12,2444526,476557074,476557074,PASS,0.150760,tau=14736852 n=12 g_4=2444526 Av_12=476557074
14738256,11,84486,39832314,39832314,PASS,0.006918,tau=14738256 n=11 g_3=84486 Av_11=39832314
14738256,12,2441453,476560147,476560147,PASS,0.149825,tau=14738256 n=12 g_4=2441453 Av_12=476560147
14738265,11,84483,39832317,39832317,PASS,0.007740,tau=14738265 n=11 g_3=84483 Av_11=39832317
14738265,12,2441133,476560467,476560467,PASS,0.146829,tau=14738265 n=12 g_4=2441133 Av_12=476560467
14738526,11,84579,39832221,39832221,PASS,0.007070,tau=14738526 n=11 g_3=84579 Av_11=39832221
14738526,12,2446529,476555071,476555071,PASS,0.155384,tau=14738526 n=12 g_4=2446529 Av_12=476555071
14738562,11,84476,39832324,39832324,PASS,0.007188,tau=14738562 n=11 g_3=84476 Av_11=39832324
14738562,12,2440447,476561153,476561153,PASS,0.177796,tau=14738562 n=12 g_4=2440447 Av_12=476561153
14738625,11,84571,39832229,39832229,PASS,0.006786,tau=14738625 n=11 g_3=84571 Av_11=39832229
14738625,12,2445766,476555834,476555834,PASS,0.179525,tau=14738625 n=12 g_4=2445766 Av_12=476555834
14738652,11,84479,39832321,39832321,PASS,0.007774,tau=14738652 n=11 g_3=84479 Av_11=39832321
14738652,12,2440734,476560866,476560866,PASS,0.148509,tau=14738652 n=12 g_4=2440734 Av_12=476560866
14752386,11,84479,39832321,39832321,PASS,0.007637,tau=14752386 n=11 g_3=84479 Av_11=39832321
14752386,12,2440759,476560841,476560841,PASS,0.155588,tau=14752386 n=12 g_4=2440759 Av_12=476560841
14752638,11,84559,39832241,39832241,PASS,0.006902,tau=14752638 n=11 g_3=84559 Av_11=39832241
14752638,12,2444499,476557101,476557101,PASS,0.162753,tau=14752638 n=12 g_4=2444499 Av_12=476557101
14752683,11,84574,39832226,39832226,PASS,0.006985,tau=14752683 n=11 g_3=84574 Av_11=39832226
14752683,12,2446079,476555521,476555521,PASS,0.153320,tau=14752683 n=12 g_4=2446079 Av_12=476555521
14752836,11,84576,39832224,39832224,PASS,0.006482,tau=14752836 n=11 g_3=84576 Av_11=39832224
14752836,12,2446262,476555338,476555338,PASS,0.147390,tau=14752836 n=12 g_4=2446262 Av_12=476555338
14752863,11,84571,39832229,39832229,PASS,0.007160,tau=14752863 n=11 g_3=84571 Av_11=39832229
14752863,12,2445753,476555847,476555847,PASS,0.154293,tau=14752863 n=12 g_4=2445753 Av_12=476555847
14753286,11,84473,39832327,39832327,PASS,0.007326,tau=14753286 n=11 g_3=84473 Av_11=39832327
14753286,12,2440141,476561459,476561459,PASS,0.151229,tau=14753286 n=12 g_4=2440141 Av_12=476561459
14753628,11,84554,39832246,39832246,PASS,0.007166,tau=14753628 n=11 g_3=84554 Av_11=39832246
14753628,12,2444018,476557582,476557582,PASS,0.149432,tau=14753628 n=12 g_4=2444018 Av_12=476557582
14753682,11,84554,39832246,39832246,PASS,0.006638,tau=14753682 n=11 g_3=84554 Av_11=39832246
14753682,12,2444060,476557540,476557540,PASS,0.149555,tau=14753682 n=12 g_4=2444060 Av_12=476557540
14753826,11,84566,39832234,39832234,PASS,0.007038,tau=14753826 n=11 g_3=84566 Av_11=39832234
14753826,12,2445294,476556306,476556306,PASS,0.148298,tau=14753826 n=12 g_4=2445294 Av_12=476556306
14753862,11,84559,39832241,39832241,PASS,0.007907,tau=14753862 n=11 g_3=84559 Av_11=39832241
14753862,12,2444537,476557063,476557063,PASS,0.153480,tau=14753862 n=12 g_4=2444537 Av_12=476557063
14756238,11,84294,39832506,39832506,PASS,0.007762,tau=14756238 n=11 g_3=84294 Av_11=39832506
14756238,12,2430679,476570921,476570921,PASS,0.166114,tau=14756238 n=12 g_4=2430679 Av_12=476570921
14756283,11,84391,39832409,39832409,PASS,0.006838,tau=14756283 n=11 g_3=84391 Av_11=39832409
14756283,12,2436209,476565391,476565391,PASS,0.157354,tau=14756283 n=12 g_4=2436209 Av_12=476565391
14756328,11,84294,39832506,39832506,PASS,0.007023,tau=14756328 n=11 g_3=84294 Av_11=39832506
14756328,12,2430665,476570935,476570935,PASS,0.149417,tau=14756328 n=12 g_4=2430665 Av_12=476570935
14756382,11,84384,39832416,39832416,PASS,0.007339,tau=14756382 n=11 g_3=84384 Av_11=39832416
14756382,12,2435483,476566117,476566117,PASS,0.146016,tau=14756382 n=12 g_4=2435483 Av_12=476566117
14756823,11,84289,39832511,39832511,PASS,0.007514,tau=14756823 n=11 g_3=84289 Av_11=39832511
14756823,12,2430165,476571435,476571435,PASS,0.164075,tau=14756823 n=12 g_4=2430165 Av_12=476571435
14756832,11,84289,39832511,39832511,PASS,0.006876,tau=14756832 n=11 g_3=84289 Av_11=39832511
14756832,12,2430165,476571435,476571435,PASS,0.148988,tau=14756832 n=12 g_4=2430165 Av_12=476571435
14758236,11,84479,39832321,39832321,PASS,0.007605,tau=14758236 n=11 g_3=84479 Av_11=39832321
14758236,12,2440777,476560823,476560823,PASS,0.154916,tau=14758236 n=12 g_4=2440777 Av_12=476560823
14758263,11,84563,39832237,39832237,PASS,0.007569,tau=14758263 n=11 g_3=84563 Av_11=39832237
14758263,12,2444951,476556649,476556649,PASS,0.148560,tau=14758263 n=12 g_4=2444951 Av_12=476556649
14758326,11,84482,39832318,39832318,PASS,0.006924,tau=14758326 n=11 g_3=84482 Av_11=39832318
14758326,12,2441068,476560532,476560532,PASS,0.156486,tau=14758326 n=12 g_4=2441068 Av_12=476560532
14758362,11,84556,39832244,39832244,PASS,0.006454,tau=14758362 n=11 g_3=84556 Av_11=39832244
14758362,12,2444220,476557380,476557380,PASS,0.148259,tau=14758362 n=12 g_4=2444220 Av_12=476557380
14758623,11,84288,39832512,39832512,PASS,0.007524,tau=14758623 n=11 g_3=84288 Av_11=39832512
14758623,12,2430038,476571562,476571562,PASS,0.155052,tau=14758623 n=12 g_4=2430038 Av_12=476571562
14758632,11,84288,39832512,39832512,PASS,0.007359,tau=14758632 n=11 g_3=84288 Av_11=39832512
14758632,12,2430034,476571566,476571566,PASS,0.169814,tau=14758632 n=12 g_4=2430034 Av_12=476571566
14762385,11,84404,39832396,39832396,PASS,0.008090,tau=14762385 n=11 g_3=84404 Av_11=39832396
14762385,12,2437523,476564077,476564077,PASS,0.181172,tau=14762385 n=12 g_4=2437523 Av_12=476564077
14762538,11,84474,39832326,39832326,PASS,0.006999,tau=14762538 n=11 g_3=84474 Av_11=39832326
14762538,12,2440196,476561404,476561404,PASS,0.176194,tau=14762538 n=12 g_4=2440196 Av_12=476561404
14762583,11,84490,39832310,39832310,PASS,0.007220,tau=14762583 n=11 g_3=84490 Av_11=39832310
14762583,12,2441849,476559751,476559751,PASS,0.181245,tau=14762583 n=12 g_4=2441849 Av_12=476559751
14762835,11,84483,39832317,39832317,PASS,0.010436,tau=14762835 n=11 g_3=84483 Av_11=39832317
14762835,12,2441224,476560376,476560376,PASS,0.164152,tau=14762835 n=12 g_4=2441224 Av_12=476560376
14762853,11,84491,39832309,39832309,PASS,0.007001,tau=14762853 n=11 g_3=84491 Av_11=39832309
14762853,12,2442004,476559596,476559596,PASS,0.146995,tau=14762853 n=12 g_4=2442004 Av_12=476559596
14763258,11,84399,39832401,39832401,PASS,0.006548,tau=14763258 n=11 g_3=84399 Av_11=39832401
14763258,12,2436855,476564745,476564745,PASS,0.158471,tau=14763258 n=12 g_4=2436855 Av_12=476564745
14763285,11,84403,39832397,39832397,PASS,0.007295,tau=14763285 n=11 g_3=84403 Av_11=39832397
14763285,12,2437413,476564187,476564187,PASS,0.151899,tau=14763285 n=12 g_4=2437413 Av_12=476564187
14763528,11,84463,39832337,39832337,PASS,0.007673,tau=14763528 n=11 g_3=84463 Av_11=39832337
14763528,12,2439099,476562501,476562501,PASS,0.150287,tau=14763528 n=12 g_4=2439099 Av_12=476562501
14763582,11,84468,39832332,39832332,PASS,0.007161,tau=14763582 n=11 g_3=84468 Av_11=39832332
14763582,12,2439663,476561937,476561937,PASS,0.151762,tau=14763582 n=12 g_4=2439663 Av_12=476561937
14763825,11,84491,39832309,39832309,PASS,0.008421,tau=14763825 n=11 g_3=84491 Av_11=39832309
14763825,12,2441996,476559604,476559604,PASS,0.166467,tau=14763825 n=12 g_4=2441996 Av_12=476559604
14763852,11,84487,39832313,39832313,PASS,0.007438,tau=14763852 n=11 g_3=84487 Av_11=39832313
14763852,12,2441483,476560117,476560117,PASS,0.188480,tau=14763852 n=12 g_4=2441483 Av_12=476560117
14765238,11,84211,39832589,39832589,PASS,0.008539,tau=14765238 n=11 g_3=84211 Av_11=39832589
14765238,12,2426549,476575051,476575051,PASS,0.150722,tau=14765238 n=12 g_4=2426549 Av_12=476575051
14765283,11,84303,39832497,39832497,PASS,0.010250,tau=14765283 n=11 g_3=84303 Av_11=39832497
14765283,12,2431624,476569976,476569976,PASS,0.178127,tau=14765283 n=12 g_4=2431624 Av_12=476569976
14765328,11,84206,39832594,39832594,PASS,0.007549,tau=14765328 n=11 g_3=84206 Av_11=39832594
14765328,12,2426006,476575594,476575594,PASS,0.163320,tau=14765328 n=12 g_4=2426006 Av_12=476575594
14765382,11,84295,39832505,39832505,PASS,0.007597,tau=14765382 n=11 g_3=84295 Av_11=39832505
14765382,12,2430760,476570840,476570840,PASS,0.167151,tau=14765382 n=12 g_4=2430760 Av_12=476570840
14765823,11,84119,39832681,39832681,PASS,0.007341,tau=14765823 n=11 g_3=84119 Av_11=39832681
14765823,12,2421594,476580006,476580006,PASS,0.149744,tau=14765823 n=12 g_4=2421594 Av_12=476580006
14765832,11,84119,39832681,39832681,PASS,0.007183,tau=14765832 n=11 g_3=84119 Av_11=39832681
14765832,12,2421588,476580012,476580012,PASS,0.208527,tau=14765832 n=12 g_4=2421588 Av_12=476580012
14768235,11,84299,39832501,39832501,PASS,0.007297,tau=14768235 n=11 g_3=84299 Av_11=39832501
14768235,12,2431199,476570401,476570401,PASS,0.166740,tau=14768235 n=12 g_4=2431199 Av_12=476570401
14768253,11,84392,39832408,39832408,PASS,0.010396,tau=14768253 n=11 g_3=84392 Av_11=39832408
14768253,12,2436310,476565290,476565290,PASS,0.189532,tau=14768253 n=12 g_4=2436310 Av_12=476565290
14768325,11,84306,39832494,39832494,PASS,0.007998,tau=14768325 n=11 g_3=84306 Av_11=39832494
14768325,12,2431928,476569672,476569672,PASS,0.147651,tau=14768325 n=12 g_4=2431928 Av_12=476569672
14768352,11,84385,39832415,39832415,PASS,0.008641,tau=14768352 n=11 g_3=84385 Av_11=39832415
14768352,12,2435532,476566068,476566068,PASS,0.167584,tau=14768352 n=12 g_4=2435532 Av_12=476566068
14768523,11,84290,39832510,39832510,PASS,0.008088,tau=14768523 n=11 g_3=84290 Av_11=39832510
14768523,12,2430264,476571336,476571336,PASS,0.156164,tau=14768523 n=12 g_4=2430264 Av_12=476571336
14768532,11,84290,39832510,39832510,PASS,0.007187,tau=14768532 n=11 g_3=84290 Av_11=39832510
14768532,12,2430253,476571347,476571347,PASS,0.183161,tau=14768532 n=12 g_4=2430253 Av_12=476571347
14782356,11,84304,39832496,39832496,PASS,0.006878,tau=14782356 n=11 g_3=84304 Av_11=39832496
14782356,12,2431691,476569909,476569909,PASS,0.150049,tau=14782356 n=12 g_4=2431691 Av_12=476569909
14782365,11,84308,39832492,39832492,PASS,0.007201,tau=14782365 n=11 g_3=84308 Av_11=39832492
14782365,12,2432119,476569481,476569481,PASS,0.161740,tau=14782365 n=12 g_4=2432119 Av_12=476569481
14782536,11,84480,39832320,39832320,PASS,0.009692,tau=14782536 n=11 g_3=84480 Av_11=39832320
14782536,12,2440878,476560722,476560722,PASS,0.178668,tau=14782536 n=12 g_4=2440878 Av_12=476560722
14782563,11,84399,39832401,39832401,PASS,0.007151,tau=14782563 n=11 g_3=84399 Av_11=39832401
14782563,12,2436995,476564605,476564605,PASS,0.147832,tau=14782563 n=12 g_4=2436995 Av_12=476564605
14782635,11,84483,39832317,39832317,PASS,0.010437,tau=14782635 n=11 g_3=84483 Av_11=39832317
14782635,12,2441192,476560408,476560408,PASS,0.155951,tau=14782635 n=12 g_4=2441192 Av_12=476560408
14782653,11,84395,39832405,39832405,PASS,0.007565,tau=14782653 n=11 g_3=84395 Av_11=39832405
14782653,12,2436588,476565012,476565012,PASS,0.185520,tau=14782653 n=12 g_4=2436588 Av_12=476565012
14783256,11,84311,39832489,39832489,PASS,0.007260,tau=14783256 n=11 g_3=84311 Av_11=39832489
14783256,12,2432392,476569208,476569208,PASS,0.146261,tau=14783256 n=12 g_4=2432392 Av_12=476569208
14783265,11,84309,39832491,39832491,PASS,0.007149,tau=14783265 n=11 g_3=84309 Av_11=39832491
14783265,12,2432191,476569409,476569409,PASS,0.205118,tau=14783265 n=12 g_4=2432191 Av_12=476569409
14783526,11,84484,39832316,39832316,PASS,0.007377,tau=14783526 n=11 g_3=84484 Av_11=39832316
14783526,12,2441268,476560332,476560332,PASS,0.149820,tau=14783526 n=12 g_4=2441268 Av_12=476560332
14783562,11,84388,39832412,39832412,PASS,0.010376,tau=14783562 n=11 g_3=84388 Av_11=39832412
14783562,12,2435799,476565801,476565801,PASS,0.158100,tau=14783562 n=12 g_4=2435799 Av_12=476565801
14783625,11,84480,39832320,39832320,PASS,0.009794,tau=14783625 n=11 g_3=84480 Av_11=39832320
14783625,12,2440852,476560748,476560748,PASS,0.158324,tau=14783625 n=12 g_4=2440852 Av_12=476560748
14783652,11,84394,39832406,39832406,PASS,0.007693,tau=14783652 n=11 g_3=84394 Av_11=39832406
14783652,12,2436422,476565178,476565178,PASS,0.161070,tau=14783652 n=12 g_4=2436422 Av_12=476565178
14785236,11,84399,39832401,39832401,PASS,0.006925,tau=14785236 n=11 g_3=84399 Av_11=39832401
14785236,12,2436978,476564622,476564622,PASS,0.171306,tau=14785236 n=12 g_4=2436978 Av_12=476564622
14785263,11,84482,39832318,39832318,PASS,0.007232,tau=14785263 n=11 g_3=84482 Av_11=39832318
14785263,12,2441017,476560583,476560583,PASS,0.152709,tau=14785263 n=12 g_4=2441017 Av_12=476560583
14785326,11,84397,39832403,39832403,PASS,0.006896,tau=14785326 n=11 g_3=84397 Av_11=39832403
14785326,12,2436770,476564830,476564830,PASS,0.148145,tau=14785326 n=12 g_4=2436770 Av_12=476564830
14785362,11,84478,39832322,39832322,PASS,0.010338,tau=14785362 n=11 g_3=84478 Av_11=39832322
14785362,12,2440596,476561004,476561004,PASS,0.179353,tau=14785362 n=12 g_4=2440596 Av_12=476561004
14785623,11,84207,39832593,39832593,PASS,0.010182,tau=14785623 n=11 g_3=84207 Av_11=39832593
14785623,12,2426134,476575466,476575466,PASS,0.168264,tau=14785623 n=12 g_4=2426134 Av_12=476575466
14785632,11,84207,39832593,39832593,PASS,0.006947,tau=14785632 n=11 g_3=84207 Av_11=39832593
14785632,12,2426141,476575459,476575459,PASS,0.151909,tau=14785632 n=12 g_4=2426141 Av_12=476575459
14786235,11,84303,39832497,39832497,PASS,0.007005,tau=14786235 n=11 g_3=84303 Av_11=39832497
14786235,12,2431589,476570011,476570011,PASS,0.149210,tau=14786235 n=12 g_4=2431589 Av_12=476570011
14786253,11,84392,39832408,39832408,PASS,0.007229,tau=14786253 n=11 g_3=84392 Av_11=39832408
14786253,12,2436280,476565320,476565320,PASS,0.147343,tau=14786253 n=12 g_4=2436280 Av_12=476565320
14786325,11,84309,39832491,39832491,PASS,0.006754,tau=14786325 n=11 g_3=84309 Av_11=39832491
14786325,12,2432222,476569378,476569378,PASS,0.148503,tau=14786325 n=12 g_4=2432222 Av_12=476569378
14786352,11,84386,39832414,39832414,PASS,0.007008,tau=14786352 n=11 g_3=84386 Av_11=39832414
14786352,12,2435607,476565993,476565993,PASS,0.147284,tau=14786352 n=12 g_4=2435607 Av_12=476565993
14786523,11,84206,39832594,39832594,PASS,0.006702,tau=14786523 n=11 g_3=84206 Av_11=39832594
14786523,12,2426077,476575523,476575523,PASS,0.149138,tau=14786523 n=12 g_4=2426077 Av_12=476575523
14786532,11,84206,39832594,39832594,PASS,0.007822,tau=14786532 n=11 g_3=84206 Av_11=39832594
14786532,12,2426062,476575538,476575538,PASS,0.154527,tau=14786532 n=12 g_4=2426062 Av_12=476575538
14825673,11,84398,39832402,39832402,PASS,0.006966,tau=14825673 n=11 g_3=84398 Av_11=39832402
14825673,12,2436927,476564673,476564673,PASS,0.146818,tau=14825673 n=12 g_4=2436927 Av_12=476564673
14825763,11,84407,39832393,39832393,PASS,0.007197,tau=14825763 n=11 g_3=84407 Av_11=39832393
14825763,12,2437791,476563809,476563809,PASS,0.151885,tau=14825763 n=12 g_4=2437791 Av_12=476563809
14826573,11,84407,39832393,39832393,PASS,0.009095,tau=14826573 n=11 g_3=84407 Av_11=39832393
14826573,12,2437763,476563837,476563837,PASS,0.149646,tau=14826573 n=12 g_4=2437763 Av_12=476563837
14826753,11,84393,39832407,39832407,PASS,0.007386,tau=14826753 n=11 g_3=84393 Av_11=39832407
14826753,12,2436386,476565214,476565214,PASS,0.148450,tau=14826753 n=12 g_4=2436386 Av_12=476565214
14827653,11,84295,39832505,39832505,PASS,0.006878,tau=14827653 n=11 g_3=84295 Av_11=39832505
14827653,12,2430761,476570839,476570839,PASS,0.147903,tau=14827653 n=12 g_4=2430761 Av_12=476570839
14832567,11,84298,39832502,39832502,PASS,0.006933,tau=14832567 n=11 g_3=84298 Av_11=39832502
14832567,12,2431068,476570532,476570532,PASS,0.146929,tau=14832567 n=12 g_4=2431068 Av_12=476570532
14832576,11,84300,39832500,39832500,PASS,0.007082,tau=14832576 n=11 g_3=84300 Av_11=39832500
14832576,12,2431313,476570287,476570287,PASS,0.147377,tau=14832576 n=12 g_4=2431313 Av_12=476570287
14832657,11,84300,39832500,39832500,PASS,0.006953,tau=14832657 n=11 g_3=84300 Av_11=39832500
14832657,12,2431268,476570332,476570332,PASS,0.147672,tau=14832657 n=12 g_4=2431268 Av_12=476570332
14832675,11,84305,39832495,39832495,PASS,0.006799,tau=14832675 n=11 g_3=84305 Av_11=39832495
14832675,12,2431790,476569810,476569810,PASS,0.153074,tau=14832675 n=12 g_4=2431790 Av_12=476569810
14832756,11,84305,39832495,39832495,PASS,0.007302,tau=14832756 n=11 g_3=84305 Av_11=39832495
14832756,12,2431767,476569833,476569833,PASS,0.158487,tau=14832756 n=12 g_4=2431767 Av_12=476569833
14832765,11,84293,39832507,39832507,PASS,0.006810,tau=14832765 n=11 g_3=84293 Av_11=39832507
14832765,12,2430537,476571063,476571063,PASS,0.155948,tau=14832765 n=12 g_4=2430537 Av_12=476571063
14835267,11,84479,39832321,39832321,PASS,0.009560,tau=14835267 n=11 g_3=84479 Av_11=39832321
14835267,12,2440734,476560866,476560866,PASS,0.174735,tau=14835267 n=12 g_4=2440734 Av_12=476560866
14835276,11,84481,39832319,39832319,PASS,0.010885,tau=14835276 n=11 g_3=84481 Av_11=39832319
14835276,12,2440955,476560645,476560645,PASS,0.185365,tau=14835276 n=12 g_4=2440955 Av_12=476560645
14835627,11,84484,39832316,39832316,PASS,0.007642,tau=14835627 n=11 g_3=84484 Av_11=39832316
14835627,12,2441282,476560318,476560318,PASS,0.169788,tau=14835627 n=12 g_4=2441282 Av_12=476560318
14835672,11,84382,39832418,39832418,PASS,0.007962,tau=14835672 n=11 g_3=84382 Av_11=39832418
14835672,12,2435238,476566362,476566362,PASS,0.150867,tau=14835672 n=12 g_4=2435238 Av_12=476566362
14835726,11,84572,39832228,39832228,PASS,0.009095,tau=14835726 n=11 g_3=84572 Av_11=39832228
14835726,12,2445865,476555735,476555735,PASS,0.167891,tau=14835726 n=12 g_4=2445865 Av_12=476555735
14835762,11,84394,39832406,39832406,PASS,0.009399,tau=14835762 n=11 g_3=84394 Av_11=39832406
14835762,12,2436427,476565173,476565173,PASS,0.160357,tau=14835762 n=12 g_4=2436427 Av_12=476565173
14836257,11,84563,39832237,39832237,PASS,0.006993,tau=14836257 n=11 g_3=84563 Av_11=39832237
14836257,12,2444919,476556681,476556681,PASS,0.150434,tau=14836257 n=12 g_4=2444919 Av_12=476556681
14836275,11,84568,39832232,39832232,PASS,0.006751,tau=14836275 n=11 g_3=84568 Av_11=39832232
14836275,12,2445441,476556159,476556159,PASS,0.150597,tau=14836275 n=12 g_4=2445441 Av_12=476556159
14836527,11,84486,39832314,39832314,PASS,0.007510,tau=14836527 n=11 g_3=84486 Av_11=39832314
14836527,12,2441477,476560123,476560123,PASS,0.155621,tau=14836527 n=12 g_4=2441477 Av_12=476560123
14836572,11,84390,39832410,39832410,PASS,0.006832,tau=14836572 n=11 g_3=84390 Av_11=39832410
14836572,12,2436039,476565561,476565561,PASS,0.148279,tau=14836572 n=12 g_4=2436039 Av_12=476565561
14836725,11,84487,39832313,39832313,PASS,0.007087,tau=14836725 n=11 g_3=84487 Av_11=39832313
14836725,12,2441557,476560043,476560043,PASS,0.149067,tau=14836725 n=12 g_4=2441557 Av_12=476560043
14836752,11,84393,39832407,39832407,PASS,0.007668,tau=14836752 n=11 g_3=84393 Av_11=39832407
14836752,12,2436356,476565244,476565244,PASS,0.147281,tau=14836752 n=12 g_4=2436356 Av_12=476565244
14837256,11,84477,39832323,39832323,PASS,0.007328,tau=14837256 n=11 g_3=84477 Av_11=39832323
14837256,12,2440557,476561043,476561043,PASS,0.158877,tau=14837256 n=12 g_4=2440557 Av_12=476561043
14837265,11,84384,39832416,39832416,PASS,0.006543,tau=14837265 n=11 g_3=84384 Av_11=39832416
14837265,12,2435461,476566139,476566139,PASS,0.149617,tau=14837265 n=12 g_4=2435461 Av_12=476566139
14837526,11,84570,39832230,39832230,PASS,0.006822,tau=14837526 n=11 g_3=84570 Av_11=39832230
14837526,12,2445682,476555918,476555918,PASS,0.153126,tau=14837526 n=12 g_4=2445682 Av_12=476555918
14837562,11,84390,39832410,39832410,PASS,0.007152,tau=14837562 n=11 g_3=84390 Av_11=39832410
14837562,12,2436068,476565532,476565532,PASS,0.149563,tau=14837562 n=12 g_4=2436068 Av_12=476565532
14837625,11,84482,39832318,39832318,PASS,0.007804,tau=14837625 n=11 g_3=84482 Av_11=39832318
14837625,12,2441055,476560545,476560545,PASS,0.152080,tau=14837625 n=12 g_4=2441055 Av_12=476560545
14837652,11,84298,39832502,39832502,PASS,0.007027,tau=14837652 n=11 g_3=84298 Av_11=39832502
14837652,12,2431074,476570526,476570526,PASS,0.156230,tau=14837652 n=12 g_4=2431074 Av_12=476570526
14852367,11,84397,39832403,39832403,PASS,0.006833,tau=14852367 n=11 g_3=84397 Av_11=39832403
14852367,12,2436778,476564822,476564822,PASS,0.152300,tau=14852367 n=12 g_4=2436778 Av_12=476564822
14852376,11,84397,39832403,39832403,PASS,0.008067,tau=14852376 n=11 g_3=84397 Av_11=39832403
14852376,12,2436810,476564790,476564790,PASS,0.148441,tau=14852376 n=12 g_4=2436810 Av_12=476564790
14852637,11,84568,39832232,39832232,PASS,0.007221,tau=14852637 n=11 g_3=84568 Av_11=39832232
14852637,12,2445466,476556134,476556134,PASS,0.149898,tau=14852637 n=12 g_4=2445466 Av_12=476556134
14852673,11,84491,39832309,39832309,PASS,0.006717,tau=14852673 n=11 g_3=84491 Av_11=39832309
14852673,12,2441973,476559627,476559627,PASS,0.160961,tau=14852673 n=12 g_4=2441973 Av_12=476559627
14852736,11,84579,39832221,39832221,PASS,0.007377,tau=14852736 n=11 g_3=84579 Av_11=39832221
14852736,12,2446530,476555070,476555070,PASS,0.147510,tau=14852736 n=12 g_4=2446530 Av_12=476555070
14852763,11,84491,39832309,39832309,PASS,0.006302,tau=14852763 n=11 g_3=84491 Av_11=39832309
14852763,12,2441979,476559621,476559621,PASS,0.153599,tau=14852763 n=12 g_4=2441979 Av_12=476559621
14853267,11,84393,39832407,39832407,PASS,0.007307,tau=14853267 n=11 g_3=84393 Av_11=39832407
14853267,12,2436366,476565234,476565234,PASS,0.150599,tau=14853267 n=12 g_4=2436366 Av_12=476565234
14853276,11,84393,39832407,39832407,PASS,0.007467,tau=14853276 n=11 g_3=84393 Av_11=39832407
14853276,12,2436378,476565222,476565222,PASS,0.193258,tau=14853276 n=12 g_4=2436378 Av_12=476565222
14853627,11,84568,39832232,39832232,PASS,0.006724,tau=14853627 n=11 g_3=84568 Av_11=39832232
14853627,12,2445475,476556125,476556125,PASS,0.155052,tau=14853627 n=12 g_4=2445475 Av_12=476556125
14853672,11,84477,39832323,39832323,PASS,0.006911,tau=14853672 n=11 g_3=84477 Av_11=39832323
14853672,12,2440549,476561051,476561051,PASS,0.201549,tau=14853672 n=12 g_4=2440549 Av_12=476561051
14853726,11,84570,39832230,39832230,PASS,0.008628,tau=14853726 n=11 g_3=84570 Av_11=39832230
14853726,12,2445689,476555911,476555911,PASS,0.175682,tau=14853726 n=12 g_4=2445689 Av_12=476555911
14853762,11,84481,39832319,39832319,PASS,0.008496,tau=14853762 n=11 g_3=84481 Av_11=39832319
14853762,12,2440927,476560673,476560673,PASS,0.163042,tau=14853762 n=12 g_4=2440927 Av_12=476560673
14856237,11,84396,39832404,39832404,PASS,0.007745,tau=14856237 n=11 g_3=84396 Av_11=39832404
14856237,12,2436697,476564903,476564903,PASS,0.170857,tau=14856237 n=12 g_4=2436697 Av_12=476564903
14856273,11,84480,39832320,39832320,PASS,0.007304,tau=14856273 n=11 g_3=84480 Av_11=39832320
14856273,12,2440871,476560729,476560729,PASS,0.191449,tau=14856273 n=12 g_4=2440871 Av_12=476560729
14856327,11,84396,39832404,39832404,PASS,0.007436,tau=14856327 n=11 g_3=84396 Av_11=39832404
14856327,12,2436701,476564899,476564899,PASS,0.161252,tau=14856327 n=12 g_4=2436701 Av_12=476564899
14856372,11,84480,39832320,39832320,PASS,0.008520,tau=14856372 n=11 g_3=84480 Av_11=39832320
14856372,12,2440818,476560782,476560782,PASS,0.151825,tau=14856372 n=12 g_4=2440818 Av_12=476560782
14856723,11,84205,39832595,39832595,PASS,0.007280,tau=14856723 n=11 g_3=84205 Av_11=39832595
14856723,12,2425931,476575669,476575669,PASS,0.155401,tau=14856723 n=12 g_4=2425931 Av_12=476575669
14856732,11,84205,39832595,39832595,PASS,0.007703,tau=14856732 n=11 g_3=84205 Av_11=39832595
14856732,12,2425933,476575667,476575667,PASS,0.178269,tau=14856732 n=12 g_4=2425933 Av_12=476575667
14857236,11,84483,39832317,39832317,PASS,0.008448,tau=14857236 n=11 g_3=84483 Av_11=39832317
14857236,12,2441164,476560436,476560436,PASS,0.177556,tau=14857236 n=12 g_4=2441164 Av_12=476560436
14857263,11,84564,39832236,39832236,PASS,0.006789,tau=14857263 n=11 g_3=84564 Av_11=39832236
14857263,12,2445062,476556538,476556538,PASS,0.177631,tau=14857263 n=12 g_4=2445062 Av_12=476556538
14857326,11,84485,39832315,39832315,PASS,0.007204,tau=14857326 n=11 g_3=84485 Av_11=39832315
14857326,12,2441370,476560230,476560230,PASS,0.186591,tau=14857326 n=12 g_4=2441370 Av_12=476560230
14857362,11,84558,39832242,39832242,PASS,0.007280,tau=14857362 n=11 g_3=84558 Av_11=39832242
14857362,12,2444422,476557178,476557178,PASS,0.191498,tau=14857362 n=12 g_4=2444422 Av_12=476557178
14857623,11,84292,39832508,39832508,PASS,0.007230,tau=14857623 n=11 g_3=84292 Av_11=39832508
14857623,12,2430461,476571139,476571139,PASS,0.176530,tau=14857623 n=12 g_4=2430461 Av_12=476571139
14857632,11,84292,39832508,39832508,PASS,0.006565,tau=14857632 n=11 g_3=84292 Av_11=39832508
14857632,12,2430456,476571144,476571144,PASS,0.153748,tau=14857632 n=12 g_4=2430456 Av_12=476571144
14862357,11,84477,39832323,39832323,PASS,0.007433,tau=14862357 n=11 g_3=84477 Av_11=39832323
14862357,12,2440607,476560993,476560993,PASS,0.157095,tau=14862357 n=12 g_4=2440607 Av_12=476560993
14862375,11,84493,39832307,39832307,PASS,0.007460,tau=14862375 n=11 g_3=84493 Av_11=39832307
14862375,12,2442136,476559464,476559464,PASS,0.158373,tau=14862375 n=12 g_4=2442136 Av_12=476559464
14862537,11,84574,39832226,39832226,PASS,0.007616,tau=14862537 n=11 g_3=84574 Av_11=39832226
14862537,12,2446047,476555553,476555553,PASS,0.147467,tau=14862537 n=12 g_4=2446047 Av_12=476555553
14862573,11,84580,39832220,39832220,PASS,0.007892,tau=14862573 n=11 g_3=84580 Av_11=39832220
14862573,12,2446666,476554934,476554934,PASS,0.157649,tau=14862573 n=12 g_4=2446666 Av_12=476554934
14862735,11,84565,39832235,39832235,PASS,0.010653,tau=14862735 n=11 g_3=84565 Av_11=39832235
14862735,12,2445178,476556422,476556422,PASS,0.150959,tau=14862735 n=12 g_4=2445178 Av_12=476556422
14862753,11,84569,39832231,39832231,PASS,0.007521,tau=14862753 n=11 g_3=84569 Av_11=39832231
14862753,12,2445547,476556053,476556053,PASS,0.162832,tau=14862753 n=12 g_4=2445547 Av_12=476556053
14863257,11,84489,39832311,39832311,PASS,0.007134,tau=14863257 n=11 g_3=84489 Av_11=39832311
14863257,12,2441738,476559862,476559862,PASS,0.158483,tau=14863257 n=12 g_4=2441738 Av_12=476559862
14863275,11,84490,39832310,39832310,PASS,0.010422,tau=14863275 n=11 g_3=84490 Av_11=39832310
14863275,12,2441860,476559740,476559740,PASS,0.149890,tau=14863275 n=12 g_4=2441860 Av_12=476559740
14863527,11,84566,39832234,39832234,PASS,0.007443,tau=14863527 n=11 g_3=84566 Av_11=39832234
14863527,12,2445246,476556354,476556354,PASS,0.150042,tau=14863527 n=12 g_4=2445246 Av_12=476556354
14863572,11,84562,39832238,39832238,PASS,0.007360,tau=14863572 n=11 g_3=84562 Av_11=39832238
14863572,12,2444814,476556786,476556786,PASS,0.161153,tau=14863572 n=12 g_4=2444814 Av_12=476556786
14863725,11,84575,39832225,39832225,PASS,0.007479,tau=14863725 n=11 g_3=84575 Av_11=39832225
14863725,12,2446125,476555475,476555475,PASS,0.157316,tau=14863725 n=12 g_4=2446125 Av_12=476555475
14863752,11,84560,39832240,39832240,PASS,0.007313,tau=14863752 n=11 g_3=84560 Av_11=39832240
14863752,12,2444576,476557024,476557024,PASS,0.144752,tau=14863752 n=12 g_4=2444576 Av_12=476557024
14865237,11,84396,39832404,39832404,PASS,0.007126,tau=14865237 n=11 g_3=84396 Av_11=39832404
14865237,12,2436733,476564867,476564867,PASS,0.151166,tau=14865237 n=12 g_4=2436733 Av_12=476564867
14865273,11,84487,39832313,39832313,PASS,0.007771,tau=14865273 n=11 g_3=84487 Av_11=39832313
14865273,12,2441571,476560029,476560029,PASS,0.160003,tau=14865273 n=12 g_4=2441571 Av_12=476560029
14865327,11,84393,39832407,39832407,PASS,0.010714,tau=14865327 n=11 g_3=84393 Av_11=39832407
14865327,12,2436382,476565218,476565218,PASS,0.154255,tau=14865327 n=12 g_4=2436382 Av_12=476565218
14865372,11,84480,39832320,39832320,PASS,0.006442,tau=14865372 n=11 g_3=84480 Av_11=39832320
14865372,12,2440850,476560750,476560750,PASS,0.151781,tau=14865372 n=12 g_4=2440850 Av_12=476560750
14865723,11,84294,39832506,39832506,PASS,0.007100,tau=14865723 n=11 g_3=84294 Av_11=39832506
14865723,12,2430661,476570939,476570939,PASS,0.148308,tau=14865723 n=12 g_4=2430661 Av_12=476570939
14865732,11,84294,39832506,39832506,PASS,0.007226,tau=14865732 n=11 g_3=84294 Av_11=39832506
14865732,12,2430659,476570941,476570941,PASS,0.150982,tau=14865732 n=12 g_4=2430659 Av_12=476570941
14867235,11,84301,39832499,39832499,PASS,0.006749,tau=14867235 n=11 g_3=84301 Av_11=39832499
14867235,12,2431373,476570227,476570227,PASS,0.150418,tau=14867235 n=12 g_4=2431373 Av_12=476570227
14867253,11,84392,39832408,39832408,PASS,0.006494,tau=14867253 n=11 g_3=84392 Av_11=39832408
14867253,12,2436273,476565327,476565327,PASS,0.144112,tau=14867253 n=12 g_4=2436273 Av_12=476565327
14867325,11,84309,39832491,39832491,PASS,0.007743,tau=14867325 n=11 g_3=84309 Av_11=39832491
14867325,12,2432202,476569398,476569398,PASS,0.149576,tau=14867325 n=12 g_4=2432202 Av_12=476569398
14867352,11,84382,39832418,39832418,PASS,0.008135,tau=14867352 n=11 g_3=84382 Av_11=39832418
14867352,12,2435206,476566394,476566394,PASS,0.166909,tau=14867352 n=12 g_4=2435206 Av_12=476566394
14867523,11,84204,39832596,39832596,PASS,0.007664,tau=14867523 n=11 g_3=84204 Av_11=39832596
14867523,12,2425877,476575723,476575723,PASS,0.150891,tau=14867523 n=12 g_4=2425877 Av_12=476575723
14867532,11,84204,39832596,39832596,PASS,0.006780,tau=14867532 n=11 g_3=84204 Av_11=39832596
14867532,12,2425860,476575740,476575740,PASS,0.154061,tau=14867532 n=12 g_4=2425860 Av_12=476575740
14872356,11,84309,39832491,39832491,PASS,0.006938,tau=14872356 n=11 g_3=84309 Av_11=39832491
14872356,12,2432206,476569394,476569394,PASS,0.149025,tau=14872356 n=12 g_4=2432206 Av_12=476569394
14872365,11,84311,39832489,39832489,PASS,0.007268,tau=14872365 n=11 g_3=84311 Av_11=39832489
14872365,12,2432425,476569175,476569175,PASS,0.147251,tau=14872365 n=12 g_4=2432425 Av_12=476569175
14872536,11,84483,39832317,39832317,PASS,0.006599,tau=14872536 n=11 g_3=84483 Av_11=39832317
14872536,12,2441172,476560428,476560428,PASS,0.151318,tau=14872536 n=12 g_4=2441172 Av_12=476560428
14872563,11,84402,39832398,39832398,PASS,0.006919,tau=14872563 n=11 g_3=84402 Av_11=39832398
14872563,12,2437308,476564292,476564292,PASS,0.145201,tau=14872563 n=12 g_4=2437308 Av_12=476564292
14872635,11,84483,39832317,39832317,PASS,0.006746,tau=14872635 n=11 g_3=84483 Av_11=39832317
14872635,12,2441182,476560418,476560418,PASS,0.149123,tau=14872635 n=12 g_4=2441182 Av_12=476560418
14872653,11,84390,39832410,39832410,PASS,0.007175,tau=14872653 n=11 g_3=84390 Av_11=39832410
14872653,12,2436090,476565510,476565510,PASS,0.145125,tau=14872653 n=12 g_4=2436090 Av_12=476565510
14873256,11,84311,39832489,39832489,PASS,0.007044,tau=14873256 n=11 g_3=84311 Av_11=39832489
14873256,12,2432465,476569135,476569135,PASS,0.156523,tau=14873256 n=12 g_4=2432465 Av_12=476569135
14873265,11,84311,39832489,39832489,PASS,0.006868,tau=14873265 n=11 g_3=84311 Av_11=39832489
14873265,12,2432394,476569206,476569206,PASS,0.152039,tau=14873265 n=12 g_4=2432394 Av_12=476569206
14873526,11,84486,39832314,39832314,PASS,0.006918,tau=14873526 n=11 g_3=84486 Av_11=39832314
14873526,12,2441478,476560122,476560122,PASS,0.145168,tau=14873526 n=12 g_4=2441478 Av_12=476560122
14873562,11,84395,39832405,39832405,PASS,0.007330,tau=14873562 n=11 g_3=84395 Av_11=39832405
14873562,12,2436481,476565119,476565119,PASS,0.146194,tau=14873562 n=12 g_4=2436481 Av_12=476565119
14873625,11,84480,39832320,39832320,PASS,0.006890,tau=14873625 n=11 g_3=84480 Av_11=39832320
14873625,12,2440841,476560759,476560759,PASS,0.171998,tau=14873625 n=12 g_4=2440841 Av_12=476560759
14873652,11,84393,39832407,39832407,PASS,0.007093,tau=14873652 n=11 g_3=84393 Av_11=39832407
14873652,12,2436314,476565286,476565286,PASS,0.172092,tau=14873652 n=12 g_4=2436314 Av_12=476565286
14875236,11,84397,39832403,39832403,PASS,0.006835,tau=14875236 n=11 g_3=84397 Av_11=39832403
14875236,12,2436766,476564834,476564834,PASS,0.146922,tau=14875236 n=12 g_4=2436766 Av_12=476564834
14875263,11,84477,39832323,39832323,PASS,0.007263,tau=14875263 n=11 g_3=84477 Av_11=39832323
14875263,12,2440547,476561053,476561053,PASS,0.145162,tau=14875263 n=12 g_4=2440547 Av_12=476561053
14875326,11,84391,39832409,39832409,PASS,0.007279,tau=14875326 n=11 g_3=84391 Av_11=39832409
14875326,12,2436196,476565404,476565404,PASS,0.155250,tau=14875326 n=12 g_4=2436196 Av_12=476565404
14875362,11,84474,39832326,39832326,PASS,0.007257,tau=14875362 n=11 g_3=84474 Av_11=39832326
14875362,12,2440227,476561373,476561373,PASS,0.149419,tau=14875362 n=12 g_4=2440227 Av_12=476561373
14875623,11,84206,39832594,39832594,PASS,0.006579,tau=14875623 n=11 g_3=84206 Av_11=39832594
14875623,12,2426059,476575541,476575541,PASS,0.152660,tau=14875623 n=12 g_4=2426059 Av_12=476575541
14875632,11,84206,39832594,39832594,PASS,0.007082,tau=14875632 n=11 g_3=84206 Av_11=39832594
14875632,12,2426059,476575541,476575541,PASS,0.150475,tau=14875632 n=12 g_4=2426059 Av_12=476575541
14876235,11,84300,39832500,39832500,PASS,0.007111,tau=14876235 n=11 g_3=84300 Av_11=39832500
14876235,12,2431272,476570328,476570328,PASS,0.145867,tau=14876235 n=12 g_4=2431272 Av_12=476570328
14876253,11,84383,39832417,39832417,PASS,0.006499,tau=14876253 n=11 g_3=84383 Av_11=39832417
14876253,12,2435398,476566202,476566202,PASS,0.147743,tau=14876253 n=12 g_4=2435398 Av_12=476566202
14876325,11,84303,39832497,39832497,PASS,0.006842,tau=14876325 n=11 g_3=84303 Av_11=39832497
14876325,12,2431622,476569978,476569978,PASS,0.151657,tau=14876325 n=12 g_4=2431622 Av_12=476569978
14876352,11,84379,39832421,39832421,PASS,0.007224,tau=14876352 n=11 g_3=84379 Av_11=39832421
14876352,12,2434916,476566684,476566684,PASS,0.186598,tau=14876352 n=12 g_4=2434916 Av_12=476566684
14876523,11,84115,39832685,39832685,PASS,0.009136,tau=14876523 n=11 g_3=84115 Av_11=39832685
14876523,12,2421170,476580430,476580430,PASS,0.210273,tau=14876523 n=12 g_4=2421170 Av_12=476580430
14876532,11,84113,39832687,39832687,PASS,0.007143,tau=14876532 n=11 g_3=84113 Av_11=39832687
14876532,12,2420952,476580648,476580648,PASS,0.187615,tau=14876532 n=12 g_4=2420952 Av_12=476580648
15342786,11,84112,39832688,39832688,PASS,0.008025,tau=15342786 n=11 g_3=84112 Av_11=39832688
15342786,12,2420820,476580780,476580780,PASS,0.185596,tau=15342786 n=12 g_4=2420820 Av_12=476580780
15346782,11,84201,39832599,39832599,PASS,0.007644,tau=15346782 n=11 g_3=84201 Av_11=39832599
15346782,12,2425542,476576058,476576058,PASS,0.147407,tau=15346782 n=12 g_4=2425542 Av_12=476576058
15346827,11,84384,39832416,39832416,PASS,0.007244,tau=15346827 n=11 g_3=84384 Av_11=39832416
15346827,12,2435511,476566089,476566089,PASS,0.191162,tau=15346827 n=12 g_4=2435511 Av_12=476566089
15346872,11,84206,39832594,39832594,PASS,0.007552,tau=15346872 n=11 g_3=84206 Av_11=39832594
15346872,12,2426076,476575524,476575524,PASS,0.190338,tau=15346872 n=12 g_4=2426076 Av_12=476575524
15347286,11,84392,39832408,39832408,PASS,0.006608,tau=15347286 n=11 g_3=84392 Av_11=39832408
15347286,12,2436262,476565338,476565338,PASS,0.150795,tau=15347286 n=12 g_4=2436262 Av_12=476565338
15347682,11,84206,39832594,39832594,PASS,0.010461,tau=15347682 n=11 g_3=84206 Av_11=39832594
15347682,12,2426066,476575534,476575534,PASS,0.147613,tau=15347682 n=12 g_4=2426066 Av_12=476575534
15347826,11,84310,39832490,39832490,PASS,0.007164,tau=15347826 n=11 g_3=84310 Av_11=39832490
15347826,12,2432325,476569275,476569275,PASS,0.172183,tau=15347826 n=12 g_4=2432325 Av_12=476569275
15347862,11,84218,39832582,39832582,PASS,0.010041,tau=15347862 n=11 g_3=84218 Av_11=39832582
15347862,12,2427270,476574330,476574330,PASS,0.195460,tau=15347862 n=12 g_4=2427270 Av_12=476574330
15348267,11,84307,39832493,39832493,PASS,0.006946,tau=15348267 n=11 g_3=84307 Av_11=39832493
15348267,12,2431981,476569619,476569619,PASS,0.169523,tau=15348267 n=12 g_4=2431981 Av_12=476569619
15348276,11,84300,39832500,39832500,PASS,0.007283,tau=15348276 n=11 g_3=84300 Av_11=39832500
15348276,12,2431236,476570364,476570364,PASS,0.203545,tau=15348276 n=12 g_4=2431236 Av_12=476570364
15348627,11,84396,39832404,39832404,PASS,0.007364,tau=15348627 n=11 g_3=84396 Av_11=39832404
15348627,12,2436702,476564898,476564898,PASS,0.152633,tau=15348627 n=12 g_4=2436702 Av_12=476564898
15348672,11,84218,39832582,39832582,PASS,0.007517,tau=15348672 n=11 g_3=84218 Av_11=39832582
15348672,12,2427253,476574347,476574347,PASS,0.147603,tau=15348672 n=12 g_4=2427253 Av_12=476574347
15348726,11,84310,39832490,39832490,PASS,0.008563,tau=15348726 n=11 g_3=84310 Av_11=39832490
15348726,12,2432314,476569286,476569286,PASS,0.151772,tau=15348726 n=12 g_4=2432314 Av_12=476569286
15348762,11,84205,39832595,39832595,PASS,0.007038,tau=15348762 n=11 g_3=84205 Av_11=39832595
15348762,12,2425994,476575606,476575606,PASS,0.156162,tau=15348762 n=12 g_4=2425994 Av_12=476575606
15362784,11,84481,39832319,39832319,PASS,0.007142,tau=15362784 n=11 g_3=84481 Av_11=39832319
15362784,12,2440932,476560668,476560668,PASS,0.161166,tau=15362784 n=12 g_4=2440932 Av_12=476560668
15362847,11,84569,39832231,39832231,PASS,0.007859,tau=15362847 n=11 g_3=84569 Av_11=39832231
15362847,12,2445470,476556130,476556130,PASS,0.167484,tau=15362847 n=12 g_4=2445470 Av_12=476556130
15362874,11,84481,39832319,39832319,PASS,0.006852,tau=15362874 n=11 g_3=84481 Av_11=39832319
15362874,12,2440944,476560656,476560656,PASS,0.153931,tau=15362874 n=12 g_4=2440944 Av_12=476560656
15364782,11,84291,39832509,39832509,PASS,0.007471,tau=15364782 n=11 g_3=84291 Av_11=39832509
15364782,12,2430344,476571256,476571256,PASS,0.157484,tau=15364782 n=12 g_4=2430344 Av_12=476571256
15364827,11,84388,39832412,39832412,PASS,0.007756,tau=15364827 n=11 g_3=84388 Av_11=39832412
15364827,12,2435849,476565751,476565751,PASS,0.176221,tau=15364827 n=12 g_4=2435849 Av_12=476565751
15364872,11,84293,39832507,39832507,PASS,0.009876,tau=15364872 n=11 g_3=84293 Av_11=39832507
15364872,12,2430554,476571046,476571046,PASS,0.175339,tau=15364872 n=12 g_4=2430554 Av_12=476571046
15367284,11,84483,39832317,39832317,PASS,0.006904,tau=15367284 n=11 g_3=84483 Av_11=39832317
15367284,12,2441168,476560432,476560432,PASS,0.159100,tau=15367284 n=12 g_4=2441168 Av_12=476560432
15367482,11,84469,39832331,39832331,PASS,0.008157,tau=15367482 n=11 g_3=84469 Av_11=39832331
15367482,12,2439718,476561882,476561882,PASS,0.160436,tau=15367482 n=12 g_4=2439718 Av_12=476561882
15367824,11,84384,39832416,39832416,PASS,0.007906,tau=15367824 n=11 g_3=84384 Av_11=39832416
15367824,12,2435468,476566132,476566132,PASS,0.159984,tau=15367824 n=12 g_4=2435468 Av_12=476566132
15367842,11,84381,39832419,39832419,PASS,0.007480,tau=15367842 n=11 g_3=84381 Av_11=39832419
15367842,12,2435126,476566474,476566474,PASS,0.155316,tau=15367842 n=12 g_4=2435126 Av_12=476566474
15368247,11,84569,39832231,39832231,PASS,0.007151,tau=15368247 n=11 g_3=84569 Av_11=39832231
15368247,12,2445556,476556044,476556044,PASS,0.154985,tau=15368247 n=12 g_4=2445556 Av_12=476556044
15368274,11,84573,39832227,39832227,PASS,0.008687,tau=15368274 n=11 g_3=84573 Av_11=39832227
15368274,12,2446003,476555597,476555597,PASS,0.156030,tau=15368274 n=12 g_4=2446003 Av_12=476555597
15368427,11,84570,39832230,39832230,PASS,0.008623,tau=15368427 n=11 g_3=84570 Av_11=39832230
15368427,12,2445623,476555977,476555977,PASS,0.153080,tau=15368427 n=12 g_4=2445623 Av_12=476555977
15368472,11,84555,39832245,39832245,PASS,0.007929,tau=15368472 n=11 g_3=84555 Av_11=39832245
15368472,12,2444099,476557501,476557501,PASS,0.174044,tau=15368472 n=12 g_4=2444099 Av_12=476557501
15368724,11,84390,39832410,39832410,PASS,0.008080,tau=15368724 n=11 g_3=84390 Av_11=39832410
15368724,12,2436111,476565489,476565489,PASS,0.162853,tau=15368724 n=12 g_4=2436111 Av_12=476565489
15368742,11,84388,39832412,39832412,PASS,0.012261,tau=15368742 n=11 g_3=84388 Av_11=39832412
15368742,12,2435824,476565776,476565776,PASS,0.187757,tau=15368742 n=12 g_4=2435824 Av_12=476565776
15372648,11,84476,39832324,39832324,PASS,0.007527,tau=15372648 n=11 g_3=84476 Av_11=39832324
15372648,12,2440338,476561262,476561262,PASS,0.168445,tau=15372648 n=12 g_4=2440338 Av_12=476561262
15372684,11,84565,39832235,39832235,PASS,0.010054,tau=15372684 n=11 g_3=84565 Av_11=39832235
15372684,12,2445124,476556476,476556476,PASS,0.177492,tau=15372684 n=12 g_4=2445124 Av_12=476556476
15372846,11,84569,39832231,39832231,PASS,0.007169,tau=15372846 n=11 g_3=84569 Av_11=39832231
15372846,12,2445512,476556088,476556088,PASS,0.210017,tau=15372846 n=12 g_4=2445512 Av_12=476556088
15372864,11,84565,39832235,39832235,PASS,0.007045,tau=15372864 n=11 g_3=84565 Av_11=39832235
15372864,12,2445155,476556445,476556445,PASS,0.179669,tau=15372864 n=12 g_4=2445155 Av_12=476556445
15374286,11,84561,39832239,39832239,PASS,0.007517,tau=15374286 n=11 g_3=84561 Av_11=39832239
15374286,12,2444707,476556893,476556893,PASS,0.208636,tau=15374286 n=12 g_4=2444707 Av_12=476556893
15374628,11,84470,39832330,39832330,PASS,0.007843,tau=15374628 n=11 g_3=84470 Av_11=39832330
15374628,12,2439793,476561807,476561807,PASS,0.186542,tau=15374628 n=12 g_4=2439793 Av_12=476561807
15374682,11,84466,39832334,39832334,PASS,0.007978,tau=15374682 n=11 g_3=84466 Av_11=39832334
15374682,12,2439431,476562169,476562169,PASS,0.172366,tau=15374682 n=12 g_4=2439431 Av_12=476562169
15374826,11,84569,39832231,39832231,PASS,0.007248,tau=15374826 n=11 g_3=84569 Av_11=39832231
15374826,12,2445546,476556054,476556054,PASS,0.158316,tau=15374826 n=12 g_4=2445546 Av_12=476556054
15374862,11,84474,39832326,39832326,PASS,0.008888,tau=15374862 n=11 g_3=84474 Av_11=39832326
15374862,12,2440225,476561375,476561375,PASS,0.162637,tau=15374862 n=12 g_4=2440225 Av_12=476561375
15376248,11,84474,39832326,39832326,PASS,0.015079,tau=15376248 n=11 g_3=84474 Av_11=39832326
15376248,12,2440207,476561393,476561393,PASS,0.154855,tau=15376248 n=12 g_4=2440207 Av_12=476561393
15376284,11,84485,39832315,39832315,PASS,0.006822,tau=15376284 n=11 g_3=84485 Av_11=39832315
15376284,12,2441386,476560214,476560214,PASS,0.152781,tau=15376284 n=12 g_4=2441386 Av_12=476560214
15376428,11,84381,39832419,39832419,PASS,0.007389,tau=15376428 n=11 g_3=84381 Av_11=39832419
15376428,12,2435089,476566511,476566511,PASS,0.147856,tau=15376428 n=12 g_4=2435089 Av_12=476566511
15376482,11,84384,39832416,39832416,PASS,0.006844,tau=15376482 n=11 g_3=84384 Av_11=39832416
15376482,12,2435414,476566186,476566186,PASS,0.192596,tau=15376482 n=12 g_4=2435414 Av_12=476566186
15376824,11,84388,39832412,39832412,PASS,0.007957,tau=15376824 n=11 g_3=84388 Av_11=39832412
15376824,12,2435887,476565713,476565713,PASS,0.194037,tau=15376824 n=12 g_4=2435887 Av_12=476565713
15376842,11,84384,39832416,39832416,PASS,0.007041,tau=15376842 n=11 g_3=84384 Av_11=39832416
15376842,12,2435423,476566177,476566177,PASS,0.150620,tau=15376842 n=12 g_4=2435423 Av_12=476566177
15378246,11,84483,39832317,39832317,PASS,0.007005,tau=15378246 n=11 g_3=84483 Av_11=39832317
15378246,12,2441156,476560444,476560444,PASS,0.147764,tau=15378246 n=12 g_4=2441156 Av_12=476560444
15378264,11,84484,39832316,39832316,PASS,0.007631,tau=15378264 n=11 g_3=84484 Av_11=39832316
15378264,12,2441284,476560316,476560316,PASS,0.152238,tau=15378264 n=12 g_4=2441284 Av_12=476560316
15378426,11,84492,39832308,39832308,PASS,0.007023,tau=15378426 n=11 g_3=84492 Av_11=39832308
15378426,12,2442011,476559589,476559589,PASS,0.156134,tau=15378426 n=12 g_4=2442011 Av_12=476559589
15378462,11,84474,39832326,39832326,PASS,0.007080,tau=15378462 n=11 g_3=84474 Av_11=39832326
15378462,12,2440220,476561380,476561380,PASS,0.153334,tau=15378462 n=12 g_4=2440220 Av_12=476561380
15378624,11,84396,39832404,39832404,PASS,0.006805,tau=15378624 n=11 g_3=84396 Av_11=39832404
15378624,12,2436644,476564956,476564956,PASS,0.144657,tau=15378624 n=12 g_4=2436644 Av_12=476564956
15378642,11,84384,39832416,39832416,PASS,0.010680,tau=15378642 n=11 g_3=84384 Av_11=39832416
15378642,12,2435453,476566147,476566147,PASS,0.148164,tau=15378642 n=12 g_4=2435453 Av_12=476566147
15382674,11,84483,39832317,39832317,PASS,0.006764,tau=15382674 n=11 g_3=84483 Av_11=39832317
15382674,12,2441183,476560417,476560417,PASS,0.147956,tau=15382674 n=12 g_4=2441183 Av_12=476560417
15382764,11,84386,39832414,39832414,PASS,0.006906,tau=15382764 n=11 g_3=84386 Av_11=39832414
15382764,12,2435654,476565946,476565946,PASS,0.160333,tau=15382764 n=12 g_4=2435654 Av_12=476565946
15384267,11,84481,39832319,39832319,PASS,0.006747,tau=15384267 n=11 g_3=84481 Av_11=39832319
15384267,12,2440932,476560668,476560668,PASS,0.151563,tau=15384267 n=12 g_4=2440932 Av_12=476560668
15384276,11,84478,39832322,39832322,PASS,0.011635,tau=15384276 n=11 g_3=84478 Av_11=39832322
15384276,12,2440631,476560969,476560969,PASS,0.149061,tau=15384276 n=12 g_4=2440631 Av_12=476560969
15384627,11,84574,39832226,39832226,PASS,0.006778,tau=15384627 n=11 g_3=84574 Av_11=39832226
15384627,12,2446041,476555559,476555559,PASS,0.148865,tau=15384627 n=12 g_4=2446041 Av_12=476555559
15384672,11,84474,39832326,39832326,PASS,0.007797,tau=15384672 n=11 g_3=84474 Av_11=39832326
15384672,12,2440226,476561374,476561374,PASS,0.150475,tau=15384672 n=12 g_4=2440226 Av_12=476561374
15384726,11,84568,39832232,39832232,PASS,0.007142,tau=15384726 n=11 g_3=84568 Av_11=39832232
15384726,12,2445457,476556143,476556143,PASS,0.161348,tau=15384726 n=12 g_4=2445457 Av_12=476556143
15384762,11,84473,39832327,39832327,PASS,0.007211,tau=15384762 n=11 g_3=84473 Av_11=39832327
15384762,12,2440137,476561463,476561463,PASS,0.146460,tau=15384762 n=12 g_4=2440137 Av_12=476561463
15386247,11,84577,39832223,39832223,PASS,0.007021,tau=15386247 n=11 g_3=84577 Av_11=39832223
15386247,12,2446316,476555284,476555284,PASS,0.156244,tau=15386247 n=12 g_4=2446316 Av_12=476555284
15386274,11,84576,39832224,39832224,PASS,0.006915,tau=15386274 n=11 g_3=84576 Av_11=39832224
15386274,12,2446248,476555352,476555352,PASS,0.173274,tau=15386274 n=12 g_4=2446248 Av_12=476555352
15386427,11,84566,39832234,39832234,PASS,0.006937,tau=15386427 n=11 g_3=84566 Av_11=39832234
15386427,12,2445229,476556371,476556371,PASS,0.169566,tau=15386427 n=12 g_4=2445229 Av_12=476556371
15386472,11,84559,39832241,39832241,PASS,0.006881,tau=15386472 n=11 g_3=84559 Av_11=39832241
15386472,12,2444521,476557079,476557079,PASS,0.162177,tau=15386472 n=12 g_4=2444521 Av_12=476557079
15386724,11,84396,39832404,39832404,PASS,0.007101,tau=15386724 n=11 g_3=84396 Av_11=39832404
15386724,12,2436662,476564938,476564938,PASS,0.164794,tau=15386724 n=12 g_4=2436662 Av_12=476564938
15386742,11,84387,39832413,39832413,PASS,0.007865,tau=15386742 n=11 g_3=84387 Av_11=39832413
15386742,12,2435739,476565861,476565861,PASS,0.174716,tau=15386742 n=12 g_4=2435739 Av_12=476565861
15387246,11,84486,39832314,39832314,PASS,0.006974,tau=15387246 n=11 g_3=84486 Av_11=39832314
15387246,12,2441473,476560127,476560127,PASS,0.155911,tau=15387246 n=12 g_4=2441473 Av_12=476560127
15387264,11,84480,39832320,39832320,PASS,0.010384,tau=15387264 n=11 g_3=84480 Av_11=39832320
15387264,12,2440880,476560720,476560720,PASS,0.169281,tau=15387264 n=12 g_4=2440880 Av_12=476560720
15387426,11,84489,39832311,39832311,PASS,0.009032,tau=15387426 n=11 g_3=84489 Av_11=39832311
15387426,12,2441746,476559854,476559854,PASS,0.164182,tau=15387426 n=12 g_4=2441746 Av_12=476559854
15387462,11,84477,39832323,39832323,PASS,0.008225,tau=15387462 n=11 g_3=84477 Av_11=39832323
15387462,12,2440487,476561113,476561113,PASS,0.172078,tau=15387462 n=12 g_4=2440487 Av_12=476561113
15387624,11,84383,39832417,39832417,PASS,0.007141,tau=15387624 n=11 g_3=84383 Av_11=39832417
15387624,12,2435378,476566222,476566222,PASS,0.167378,tau=15387624 n=12 g_4=2435378 Av_12=476566222
15387642,11,84291,39832509,39832509,PASS,0.010381,tau=15387642 n=11 g_3=84291 Av_11=39832509
15387642,12,2430354,476571246,476571246,PASS,0.163575,tau=15387642 n=12 g_4=2430354 Av_12=476571246
15432786,11,84012,39832788,39832788,PASS,0.007664,tau=15432786 n=11 g_3=84012 Av_11=39832788
15432786,12,2414986,476586614,476586614,PASS,0.165671,tau=15432786 n=12 g_4=2414986 Av_12=476586614
15436782,11,84111,39832689,39832689,PASS,0.007617,tau=15436782 n=11 g_3=84111 Av_11=39832689
15436782,12,2420750,476580850,476580850,PASS,0.154453,tau=15436782 n=12 g_4=2420750 Av_12=476580850
15436827,11,84293,39832507,39832507,PASS,0.007217,tau=15436827 n=11 g_3=84293 Av_11=39832507
15436827,12,2430586,476571014,476571014,PASS,0.151339,tau=15436827 n=12 g_4=2430586 Av_12=476571014
15436872,11,84113,39832687,39832687,PASS,0.006996,tau=15436872 n=11 g_3=84113 Av_11=39832687
15436872,12,2420991,476580609,476580609,PASS,0.150728,tau=15436872 n=12 g_4=2420991 Av_12=476580609
15437286,11,84375,39832425,39832425,PASS,0.007657,tau=15437286 n=11 g_3=84375 Av_11=39832425
15437286,12,2434521,476567079,476567079,PASS,0.159915,tau=15437286 n=12 g_4=2434521 Av_12=476567079
15437682,11,84112,39832688,39832688,PASS,0.006869,tau=15437682 n=11 g_3=84112 Av_11=39832688
15437682,12,2420863,476580737,476580737,PASS,0.152210,tau=15437682 n=12 g_4=2420863 Av_12=476580737
15437826,11,84297,39832503,39832503,PASS,0.009270,tau=15437826 n=11 g_3=84297 Av_11=39832503
15437826,12,2430976,476570624,476570624,PASS,0.186115,tau=15437826 n=12 g_4=2430976 Av_12=476570624
15437862,11,84201,39832599,39832599,PASS,0.007737,tau=15437862 n=11 g_3=84201 Av_11=39832599
15437862,12,2425595,476576005,476576005,PASS,0.164829,tau=15437862 n=12 g_4=2425595 Av_12=476576005
15438267,11,84288,39832512,39832512,PASS,0.010553,tau=15438267 n=11 g_3=84288 Av_11=39832512
15438267,12,2430042,476571558,476571558,PASS,0.231044,tau=15438267 n=12 g_4=2430042 Av_12=476571558
15438276,11,84199,39832601,39832601,PASS,0.007410,tau=15438276 n=11 g_3=84199 Av_11=39832601
15438276,12,2425324,476576276,476576276,PASS,0.181056,tau=15438276 n=12 g_4=2425324 Av_12=476576276
15438627,11,84381,39832419,39832419,PASS,0.010328,tau=15438627 n=11 g_3=84381 Av_11=39832419
15438627,12,2435192,476566408,476566408,PASS,0.214918,tau=15438627 n=12 g_4=2435192 Av_12=476566408
15438672,11,84201,39832599,39832599,PASS,0.010391,tau=15438672 n=11 g_3=84201 Av_11=39832599
15438672,12,2425594,476576006,476576006,PASS,0.229443,tau=15438672 n=12 g_4=2425594 Av_12=476576006
15438726,11,84294,39832506,39832506,PASS,0.008350,tau=15438726 n=11 g_3=84294 Av_11=39832506
15438726,12,2430670,476570930,476570930,PASS,0.144083,tau=15438726 n=12 g_4=2430670 Av_12=476570930
15438762,11,84111,39832689,39832689,PASS,0.011022,tau=15438762 n=11 g_3=84111 Av_11=39832689
15438762,12,2420768,476580832,476580832,PASS,0.200200,tau=15438762 n=12 g_4=2420768 Av_12=476580832
15462783,11,84310,39832490,39832490,PASS,0.007666,tau=15462783 n=11 g_3=84310 Av_11=39832490
15462783,12,2432282,476569318,476569318,PASS,0.157170,tau=15462783 n=12 g_4=2432282 Av_12=476569318
15462837,11,84398,39832402,39832402,PASS,0.007014,tau=15462837 n=11 g_3=84398 Av_11=39832402
15462837,12,2436843,476564757,476564757,PASS,0.147433,tau=15462837 n=12 g_4=2436843 Av_12=476564757
15462873,11,84310,39832490,39832490,PASS,0.008979,tau=15462873 n=11 g_3=84310 Av_11=39832490
15462873,12,2432309,476569291,476569291,PASS,0.205870,tau=15462873 n=12 g_4=2432309 Av_12=476569291
15463782,11,84294,39832506,39832506,PASS,0.006857,tau=15463782 n=11 g_3=84294 Av_11=39832506
15463782,12,2430658,476570942,476570942,PASS,0.162828,tau=15463782 n=12 g_4=2430658 Av_12=476570942
15463827,11,84382,39832418,39832418,PASS,0.006317,tau=15463827 n=11 g_3=84382 Av_11=39832418
15463827,12,2435290,476566310,476566310,PASS,0.232213,tau=15463827 n=12 g_4=2435290 Av_12=476566310
15463872,11,84294,39832506,39832506,PASS,0.007160,tau=15463872 n=11 g_3=84294 Av_11=39832506
15463872,12,2430686,476570914,476570914,PASS,0.145808,tau=15463872 n=12 g_4=2430686 Av_12=476570914
15467283,11,84296,39832504,39832504,PASS,0.010434,tau=15467283 n=11 g_3=84296 Av_11=39832504
15467283,12,2430916,476570684,476570684,PASS,0.193571,tau=15467283 n=12 g_4=2430916 Av_12=476570684
15467382,11,84296,39832504,39832504,PASS,0.008165,tau=15467382 n=11 g_3=84296 Av_11=39832504
15467382,12,2430871,476570729,476570729,PASS,0.183396,tau=15467382 n=12 g_4=2430871 Av_12=476570729
15467823,11,84113,39832687,39832687,PASS,0.007267,tau=15467823 n=11 g_3=84113 Av_11=39832687
15467823,12,2420962,476580638,476580638,PASS,0.144908,tau=15467823 n=12 g_4=2420962 Av_12=476580638
15467832,11,84113,39832687,39832687,PASS,0.010051,tau=15467832 n=11 g_3=84113 Av_11=39832687
15467832,12,2420962,476580638,476580638,PASS,0.201230,tau=15467832 n=12 g_4=2420962 Av_12=476580638
15468237,11,84309,39832491,39832491,PASS,0.008081,tau=15468237 n=11 g_3=84309 Av_11=39832491
15468237,12,2432221,476569379,476569379,PASS,0.235339,tau=15468237 n=12 g_4=2432221 Av_12=476569379
15468273,11,84392,39832408,39832408,PASS,0.007488,tau=15468273 n=11 g_3=84392 Av_11=39832408
15468273,12,2436342,476565258,476565258,PASS,0.217707,tau=15468273 n=12 g_4=2436342 Av_12=476565258
15468327,11,84309,39832491,39832491,PASS,0.007166,tau=15468327 n=11 g_3=84309 Av_11=39832491
15468327,12,2432240,476569360,476569360,PASS,0.145334,tau=15468327 n=12 g_4=2432240 Av_12=476569360
15468372,11,84390,39832410,39832410,PASS,0.007858,tau=15468372 n=11 g_3=84390 Av_11=39832410
15468372,12,2436048,476565552,476565552,PASS,0.176201,tau=15468372 n=12 g_4=2436048 Av_12=476565552
15468723,11,84120,39832680,39832680,PASS,0.007680,tau=15468723 n=11 g_3=84120 Av_11=39832680
15468723,12,2421687,476579913,476579913,PASS,0.148352,tau=15468723 n=12 g_4=2421687 Av_12=476579913
15468732,11,84120,39832680,39832680,PASS,0.010380,tau=15468732 n=11 g_3=84120 Av_11=39832680
15468732,12,2421687,476579913,476579913,PASS,0.204805,tau=15468732 n=12 g_4=2421687 Av_12=476579913
15472386,11,84398,39832402,39832402,PASS,0.009546,tau=15472386 n=11 g_3=84398 Av_11=39832402
15472386,12,2436868,476564732,476564732,PASS,0.228544,tau=15472386 n=12 g_4=2436868 Av_12=476564732
15472683,11,84481,39832319,39832319,PASS,0.010216,tau=15472683 n=11 g_3=84481 Av_11=39832319
15472683,12,2440959,476560641,476560641,PASS,0.183307,tau=15472683 n=12 g_4=2440959 Av_12=476560641
15472836,11,84484,39832316,39832316,PASS,0.007138,tau=15472836 n=11 g_3=84484 Av_11=39832316
15472836,12,2441299,476560301,476560301,PASS,0.152727,tau=15472836 n=12 g_4=2441299 Av_12=476560301
15472863,11,84488,39832312,39832312,PASS,0.010781,tau=15472863 n=11 g_3=84488 Av_11=39832312
15472863,12,2441697,476559903,476559903,PASS,0.169650,tau=15472863 n=12 g_4=2441697 Av_12=476559903
15473286,11,84394,39832406,39832406,PASS,0.008239,tau=15473286 n=11 g_3=84394 Av_11=39832406
15473286,12,2436415,476565185,476565185,PASS,0.162300,tau=15473286 n=12 g_4=2436415 Av_12=476565185
15473682,11,84381,39832419,39832419,PASS,0.007315,tau=15473682 n=11 g_3=84381 Av_11=39832419
15473682,12,2435128,476566472,476566472,PASS,0.167700,tau=15473682 n=12 g_4=2435128 Av_12=476566472
15473826,11,84480,39832320,39832320,PASS,0.007067,tau=15473826 n=11 g_3=84480 Av_11=39832320
15473826,12,2440854,476560746,476560746,PASS,0.145321,tau=15473826 n=12 g_4=2440854 Av_12=476560746
15473862,11,84474,39832326,39832326,PASS,0.010594,tau=15473862 n=11 g_3=84474 Av_11=39832326
15473862,12,2440230,476561370,476561370,PASS,0.168198,tau=15473862 n=12 g_4=2440230 Av_12=476561370
15476238,11,84210,39832590,39832590,PASS,0.012511,tau=15476238 n=11 g_3=84210 Av_11=39832590
15476238,12,2426482,476575118,476575118,PASS,0.149536,tau=15476238 n=12 g_4=2426482 Av_12=476575118
15476283,11,84299,39832501,39832501,PASS,0.010053,tau=15476283 n=11 g_3=84299 Av_11=39832501
15476283,12,2431224,476570376,476570376,PASS,0.191165,tau=15476283 n=12 g_4=2431224 Av_12=476570376
15476328,11,84210,39832590,39832590,PASS,0.009756,tau=15476328 n=11 g_3=84210 Av_11=39832590
15476328,12,2426442,476575158,476575158,PASS,0.182501,tau=15476328 n=12 g_4=2426442 Av_12=476575158
15476382,11,84297,39832503,39832503,PASS,0.007241,tau=15476382 n=11 g_3=84297 Av_11=39832503
15476382,12,2430958,476570642,476570642,PASS,0.145649,tau=15476382 n=12 g_4=2430958 Av_12=476570642
15476823,11,84115,39832685,39832685,PASS,0.006997,tau=15476823 n=11 g_3=84115 Av_11=39832685
15476823,12,2421168,476580432,476580432,PASS,0.166718,tau=15476823 n=12 g_4=2421168 Av_12=476580432
15476832,11,84115,39832685,39832685,PASS,0.010289,tau=15476832 n=11 g_3=84115 Av_11=39832685
15476832,12,2421168,476580432,476580432,PASS,0.233968,tau=15476832 n=12 g_4=2421168 Av_12=476580432
15478236,11,84308,39832492,39832492,PASS,0.009384,tau=15478236 n=11 g_3=84308 Av_11=39832492
15478236,12,2432117,476569483,476569483,PASS,0.234230,tau=15478236 n=12 g_4=2432117 Av_12=476569483
15478263,11,84399,39832401,39832401,PASS,0.007712,tau=15478263 n=11 g_3=84399 Av_11=39832401
15478263,12,2436996,476564604,476564604,PASS,0.148243,tau=15478263 n=12 g_4=2436996 Av_12=476564604
15478326,11,84311,39832489,39832489,PASS,0.008292,tau=15478326 n=11 g_3=84311 Av_11=39832489
15478326,12,2432416,476569184,476569184,PASS,0.147511,tau=15478326 n=12 g_4=2432416 Av_12=476569184
15478362,11,84391,39832409,39832409,PASS,0.010334,tau=15478362 n=11 g_3=84391 Av_11=39832409
15478362,12,2436137,476565463,476565463,PASS,0.195963,tau=15478362 n=12 g_4=2436137 Av_12=476565463
15478623,11,84208,39832592,39832592,PASS,0.009794,tau=15478623 n=11 g_3=84208 Av_11=39832592
15478623,12,2426270,476575330,476575330,PASS,0.147280,tau=15478623 n=12 g_4=2426270 Av_12=476575330
15478632,11,84208,39832592,39832592,PASS,0.006713,tau=15478632 n=11 g_3=84208 Av_11=39832592
15478632,12,2426271,476575329,476575329,PASS,0.178620,tau=15478632 n=12 g_4=2426271 Av_12=476575329
15482367,11,84311,39832489,39832489,PASS,0.007333,tau=15482367 n=11 g_3=84311 Av_11=39832489
15482367,12,2432407,476569193,476569193,PASS,0.152124,tau=15482367 n=12 g_4=2432407 Av_12=476569193
15482376,11,84308,39832492,39832492,PASS,0.007182,tau=15482376 n=11 g_3=84308 Av_11=39832492
15482376,12,2432098,476569502,476569502,PASS,0.146777,tau=15482376 n=12 g_4=2432098 Av_12=476569502
15482637,11,84494,39832306,39832306,PASS,0.007036,tau=15482637 n=11 g_3=84494 Av_11=39832306
15482637,12,2442231,476559369,476559369,PASS,0.223868,tau=15482637 n=12 g_4=2442231 Av_12=476559369
15482673,11,84405,39832395,39832395,PASS,0.009391,tau=15482673 n=11 g_3=84405 Av_11=39832395
15482673,12,2437625,476563975,476563975,PASS,0.149682,tau=15482673 n=12 g_4=2437625 Av_12=476563975
15482736,11,84485,39832315,39832315,PASS,0.009578,tau=15482736 n=11 g_3=84485 Av_11=39832315
15482736,12,2441371,476560229,476560229,PASS,0.222441,tau=15482736 n=12 g_4=2441371 Av_12=476560229
15482763,11,84394,39832406,39832406,PASS,0.007037,tau=15482763 n=11 g_3=84394 Av_11=39832406
15482763,12,2436483,476565117,476565117,PASS,0.187538,tau=15482763 n=12 g_4=2436483 Av_12=476565117
15483267,11,84307,39832493,39832493,PASS,0.007448,tau=15483267 n=11 g_3=84307 Av_11=39832493
15483267,12,2431962,476569638,476569638,PASS,0.194265,tau=15483267 n=12 g_4=2431962 Av_12=476569638
15483276,11,84302,39832498,39832498,PASS,0.010397,tau=15483276 n=11 g_3=84302 Av_11=39832498
15483276,12,2431433,476570167,476570167,PASS,0.197513,tau=15483276 n=12 g_4=2431433 Av_12=476570167
15483627,11,84478,39832322,39832322,PASS,0.011700,tau=15483627 n=11 g_3=84478 Av_11=39832322
15483627,12,2440687,476560913,476560913,PASS,0.191544,tau=15483627 n=12 g_4=2440687 Av_12=476560913
15483672,11,84390,39832410,39832410,PASS,0.010567,tau=15483672 n=11 g_3=84390 Av_11=39832410
15483672,12,2436045,476565555,476565555,PASS,0.150871,tau=15483672 n=12 g_4=2436045 Av_12=476565555
15483726,11,84386,39832414,39832414,PASS,0.007118,tau=15483726 n=11 g_3=84386 Av_11=39832414
15483726,12,2435681,476565919,476565919,PASS,0.147576,tau=15483726 n=12 g_4=2435681 Av_12=476565919
15483762,11,84301,39832499,39832499,PASS,0.007789,tau=15483762 n=11 g_3=84301 Av_11=39832499
15483762,12,2431373,476570227,476570227,PASS,0.210436,tau=15483762 n=12 g_4=2431373 Av_12=476570227
15486237,11,84397,39832403,39832403,PASS,0.007174,tau=15486237 n=11 g_3=84397 Av_11=39832403
15486237,12,2436827,476564773,476564773,PASS,0.206186,tau=15486237 n=12 g_4=2436827 Av_12=476564773
15486273,11,84480,39832320,39832320,PASS,0.010638,tau=15486273 n=11 g_3=84480 Av_11=39832320
15486273,12,2440889,476560711,476560711,PASS,0.197095,tau=15486273 n=12 g_4=2440889 Av_12=476560711
15486327,11,84397,39832403,39832403,PASS,0.008173,tau=15486327 n=11 g_3=84397 Av_11=39832403
15486327,12,2436786,476564814,476564814,PASS,0.199411,tau=15486327 n=12 g_4=2436786 Av_12=476564814
15486372,11,84478,39832322,39832322,PASS,0.007088,tau=15486372 n=11 g_3=84478 Av_11=39832322
15486372,12,2440625,476560975,476560975,PASS,0.158684,tau=15486372 n=12 g_4=2440625 Av_12=476560975
15486723,11,84208,39832592,39832592,PASS,0.006604,tau=15486723 n=11 g_3=84208 Av_11=39832592
15486723,12,2426272,476575328,476575328,PASS,0.151122,tau=15486723 n=12 g_4=2426272 Av_12=476575328
15486732,11,84208,39832592,39832592,PASS,0.006761,tau=15486732 n=11 g_3=84208 Av_11=39832592
15486732,12,2426273,476575327,476575327,PASS,0.147271,tau=15486732 n=12 g_4=2426273 Av_12=476575327
15487236,11,84309,39832491,39832491,PASS,0.007334,tau=15487236 n=11 g_3=84309 Av_11=39832491
15487236,12,2432212,476569388,476569388,PASS,0.148387,tau=15487236 n=12 g_4=2432212 Av_12=476569388
15487263,11,84396,39832404,39832404,PASS,0.007046,tau=15487263 n=11 g_3=84396 Av_11=39832404
15487263,12,2436671,476564929,476564929,PASS,0.167023,tau=15487263 n=12 g_4=2436671 Av_12=476564929
15487326,11,84311,39832489,39832489,PASS,0.006483,tau=15487326 n=11 g_3=84311 Av_11=39832489
15487326,12,2432407,476569193,476569193,PASS,0.158907,tau=15487326 n=12 g_4=2432407 Av_12=476569193
15487362,11,84389,39832411,39832411,PASS,0.006531,tau=15487362 n=11 g_3=84389 Av_11=39832411
15487362,12,2435927,476565673,476565673,PASS,0.158069,tau=15487362 n=12 g_4=2435927 Av_12=476565673
15487623,11,84118,39832682,39832682,PASS,0.008293,tau=15487623 n=11 g_3=84118 Av_11=39832682
15487623,12,2421493,476580107,476580107,PASS,0.147266,tau=15487623 n=12 g_4=2421493 Av_12=476580107
15487632,11,84118,39832682,39832682,PASS,0.007281,tau=15487632 n=11 g_3=84118 Av_11=39832682
15487632,12,2421487,476580113,476580113,PASS,0.184928,tau=15487632 n=12 g_4=2421487 Av_12=476580113
15634782,11,84211,39832589,39832589,PASS,0.006362,tau=15634782 n=11 g_3=84211 Av_11=39832589
15634782,12,2426577,476575023,476575023,PASS,0.153526,tau=15634782 n=12 g_4=2426577 Av_12=476575023
15634827,11,84299,39832501,39832501,PASS,0.006377,tau=15634827 n=11 g_3=84299 Av_11=39832501
15634827,12,2431192,476570408,476570408,PASS,0.186778,tau=15634827 n=12 g_4=2431192 Av_12=476570408
15634872,11,84211,39832589,39832589,PASS,0.006834,tau=15634872 n=11 g_3=84211 Av_11=39832589
15634872,12,2426597,476575003,476575003,PASS,0.155984,tau=15634872 n=12 g_4=2426597 Av_12=476575003
15637284,11,84480,39832320,39832320,PASS,0.006989,tau=15637284 n=11 g_3=84480 Av_11=39832320
15637284,12,2440888,476560712,476560712,PASS,0.161899,tau=15637284 n=12 g_4=2440888 Av_12=476560712
15637482,11,84383,39832417,39832417,PASS,0.007371,tau=15637482 n=11 g_3=84383 Av_11=39832417
15637482,12,2435349,476566251,476566251,PASS,0.156634,tau=15637482 n=12 g_4=2435349 Av_12=476566251
15637824,11,84397,39832403,39832403,PASS,0.008402,tau=15637824 n=11 g_3=84397 Av_11=39832403
15637824,12,2436764,476564836,476564836,PASS,0.184222,tau=15637824 n=12 g_4=2436764 Av_12=476564836
15637842,11,84390,39832410,39832410,PASS,0.011308,tau=15637842 n=11 g_3=84390 Av_11=39832410
15637842,12,2436021,476565579,476565579,PASS,0.188489,tau=15637842 n=12 g_4=2436021 Av_12=476565579
15638247,11,84488,39832312,39832312,PASS,0.009256,tau=15638247 n=11 g_3=84488 Av_11=39832312
15638247,12,2441696,476559904,476559904,PASS,0.148877,tau=15638247 n=12 g_4=2441696 Av_12=476559904
15638274,11,84484,39832316,39832316,PASS,0.007735,tau=15638274 n=11 g_3=84484 Av_11=39832316
15638274,12,2441320,476560280,476560280,PASS,0.179837,tau=15638274 n=12 g_4=2441320 Av_12=476560280
15638427,11,84481,39832319,39832319,PASS,0.008791,tau=15638427 n=11 g_3=84481 Av_11=39832319
15638427,12,2440960,476560640,476560640,PASS,0.191882,tau=15638427 n=12 g_4=2440960 Av_12=476560640
15638472,11,84474,39832326,39832326,PASS,0.008659,tau=15638472 n=11 g_3=84474 Av_11=39832326
15638472,12,2440257,476561343,476561343,PASS,0.207479,tau=15638472 n=12 g_4=2440257 Av_12=476561343
15638724,11,84399,39832401,39832401,PASS,0.007287,tau=15638724 n=11 g_3=84399 Av_11=39832401
15638724,12,2436990,476564610,476564610,PASS,0.152959,tau=15638724 n=12 g_4=2436990 Av_12=476564610
15638742,11,84391,39832409,39832409,PASS,0.007207,tau=15638742 n=11 g_3=84391 Av_11=39832409
15638742,12,2436131,476565469,476565469,PASS,0.193456,tau=15638742 n=12 g_4=2436131 Av_12=476565469
15642783,11,84310,39832490,39832490,PASS,0.009830,tau=15642783 n=11 g_3=84310 Av_11=39832490
15642783,12,2432326,476569274,476569274,PASS,0.179470,tau=15642783 n=12 g_4=2432326 Av_12=476569274
15642837,11,84392,39832408,39832408,PASS,0.010503,tau=15642837 n=11 g_3=84392 Av_11=39832408
15642837,12,2436306,476565294,476565294,PASS,0.179481,tau=15642837 n=12 g_4=2436306 Av_12=476565294
15642873,11,84310,39832490,39832490,PASS,0.008540,tau=15642873 n=11 g_3=84310 Av_11=39832490
15642873,12,2432299,476569301,476569301,PASS,0.190694,tau=15642873 n=12 g_4=2432299 Av_12=476569301
15643782,11,84210,39832590,39832590,PASS,0.010308,tau=15643782 n=11 g_3=84210 Av_11=39832590
15643782,12,2426497,476575103,476575103,PASS,0.245625,tau=15643782 n=12 g_4=2426497 Av_12=476575103
15643827,11,84296,39832504,39832504,PASS,0.007115,tau=15643827 n=11 g_3=84296 Av_11=39832504
15643827,12,2430896,476570704,476570704,PASS,0.196841,tau=15643827 n=12 g_4=2430896 Av_12=476570704
15643872,11,84210,39832590,39832590,PASS,0.013757,tau=15643872 n=11 g_3=84210 Av_11=39832590
15643872,12,2426502,476575098,476575098,PASS,0.242444,tau=15643872 n=12 g_4=2426502 Av_12=476575098
15647283,11,84382,39832418,39832418,PASS,0.007421,tau=15647283 n=11 g_3=84382 Av_11=39832418
15647283,12,2435333,476566267,476566267,PASS,0.147342,tau=15647283 n=12 g_4=2435333 Av_12=476566267
15647382,11,84378,39832422,39832422,PASS,0.014108,tau=15647382 n=11 g_3=84378 Av_11=39832422
15647382,12,2434872,476566728,476566728,PASS,0.216350,tau=15647382 n=12 g_4=2434872 Av_12=476566728
15647823,11,84207,39832593,39832593,PASS,0.007359,tau=15647823 n=11 g_3=84207 Av_11=39832593
15647823,12,2426174,476575426,476575426,PASS,0.203912,tau=15647823 n=12 g_4=2426174 Av_12=476575426
15647832,11,84207,39832593,39832593,PASS,0.006531,tau=15647832 n=11 g_3=84207 Av_11=39832593
15647832,12,2426165,476575435,476575435,PASS,0.209469,tau=15647832 n=12 g_4=2426165 Av_12=476575435
15648237,11,84310,39832490,39832490,PASS,0.010443,tau=15648237 n=11 g_3=84310 Av_11=39832490
15648237,12,2432349,476569251,476569251,PASS,0.188444,tau=15648237 n=12 g_4=2432349 Av_12=476569251
15648273,11,84398,39832402,39832402,PASS,0.012839,tau=15648273 n=11 g_3=84398 Av_11=39832402
15648273,12,2436897,476564703,476564703,PASS,0.158892,tau=15648273 n=12 g_4=2436897 Av_12=476564703
15648327,11,84310,39832490,39832490,PASS,0.010928,tau=15648327 n=11 g_3=84310 Av_11=39832490
15648327,12,2432294,476569306,476569306,PASS,0.216791,tau=15648327 n=12 g_4=2432294 Av_12=476569306
15648372,11,84386,39832414,39832414,PASS,0.010904,tau=15648372 n=11 g_3=84386 Av_11=39832414
15648372,12,2435690,476565910,476565910,PASS,0.235659,tau=15648372 n=12 g_4=2435690 Av_12=476565910
15648723,11,84209,39832591,39832591,PASS,0.007796,tau=15648723 n=11 g_3=84209 Av_11=39832591
15648723,12,2426394,476575206,476575206,PASS,0.194245,tau=15648723 n=12 g_4=2426394 Av_12=476575206
15648732,11,84209,39832591,39832591,PASS,0.009539,tau=15648732 n=11 g_3=84209 Av_11=39832591
15648732,12,2426388,476575212,476575212,PASS,0.235931,tau=15648732 n=12 g_4=2426388 Av_12=476575212
15672348,11,84113,39832687,39832687,PASS,0.007468,tau=15672348 n=11 g_3=84113 Av_11=39832687
15672348,12,2420989,476580611,476580611,PASS,0.244642,tau=15672348 n=12 g_4=2420989 Av_12=476580611
15672384,11,84297,39832503,39832503,PASS,0.008177,tau=15672384 n=11 g_3=84297 Av_11=39832503
15672384,12,2431017,476570583,476570583,PASS,0.168513,tau=15672384 n=12 g_4=2431017 Av_12=476570583
15672438,11,84204,39832596,39832596,PASS,0.007774,tau=15672438 n=11 g_3=84204 Av_11=39832596
15672438,12,2425914,476575686,476575686,PASS,0.173084,tau=15672438 n=12 g_4=2425914 Av_12=476575686
15672483,11,84384,39832416,39832416,PASS,0.014530,tau=15672483 n=11 g_3=84384 Av_11=39832416
15672483,12,2435532,476566068,476566068,PASS,0.190168,tau=15672483 n=12 g_4=2435532 Av_12=476566068
15672834,11,84205,39832595,39832595,PASS,0.007812,tau=15672834 n=11 g_3=84205 Av_11=39832595
15672834,12,2425994,476575606,476575606,PASS,0.194644,tau=15672834 n=12 g_4=2425994 Av_12=476575606
15672843,11,84293,39832507,39832507,PASS,0.008001,tau=15672843 n=11 g_3=84293 Av_11=39832507
15672843,12,2430610,476570990,476570990,PASS,0.194246,tau=15672843 n=12 g_4=2430610 Av_12=476570990
15673284,11,84300,39832500,39832500,PASS,0.007280,tau=15673284 n=11 g_3=84300 Av_11=39832500
15673284,12,2431322,476570278,476570278,PASS,0.157507,tau=15673284 n=12 g_4=2431322 Av_12=476570278
15673428,11,84116,39832684,39832684,PASS,0.010670,tau=15673428 n=11 g_3=84116 Av_11=39832684
15673428,12,2421263,476580337,476580337,PASS,0.200963,tau=15673428 n=12 g_4=2421263 Av_12=476580337
15673482,11,84208,39832592,39832592,PASS,0.007215,tau=15673482 n=11 g_3=84208 Av_11=39832592
15673482,12,2426292,476575308,476575308,PASS,0.159032,tau=15673482 n=12 g_4=2426292 Av_12=476575308
15673824,11,84380,39832420,39832420,PASS,0.007148,tau=15673824 n=11 g_3=84380 Av_11=39832420
15673824,12,2435081,476566519,476566519,PASS,0.157499,tau=15673824 n=12 g_4=2435081 Av_12=476566519
15673842,11,84289,39832511,39832511,PASS,0.006817,tau=15673842 n=11 g_3=84289 Av_11=39832511
15673842,12,2430161,476571439,476571439,PASS,0.210560,tau=15673842 n=12 g_4=2430161 Av_12=476571439
15674238,11,84117,39832683,39832683,PASS,0.006867,tau=15674238 n=11 g_3=84117 Av_11=39832683
15674238,12,2421417,476580183,476580183,PASS,0.203882,tau=15674238 n=12 g_4=2421417 Av_12=476580183
15674283,11,84297,39832503,39832503,PASS,0.007259,tau=15674283 n=11 g_3=84297 Av_11=39832503
15674283,12,2431032,476570568,476570568,PASS,0.198479,tau=15674283 n=12 g_4=2431032 Av_12=476570568
15674328,11,84113,39832687,39832687,PASS,0.009824,tau=15674328 n=11 g_3=84113 Av_11=39832687
15674328,12,2420947,476580653,476580653,PASS,0.221974,tau=15674328 n=12 g_4=2420947 Av_12=476580653
15674382,11,84208,39832592,39832592,PASS,0.010455,tau=15674382 n=11 g_3=84208 Av_11=39832592
15674382,12,2426303,476575297,476575297,PASS,0.198926,tau=15674382 n=12 g_4=2426303 Av_12=476575297
15674823,11,84205,39832595,39832595,PASS,0.009604,tau=15674823 n=11 g_3=84205 Av_11=39832595
15674823,12,2425943,476575657,476575657,PASS,0.212691,tau=15674823 n=12 g_4=2425943 Av_12=476575657
15674832,11,84204,39832596,39832596,PASS,0.010201,tau=15674832 n=11 g_3=84204 Av_11=39832596
15674832,12,2425831,476575769,476575769,PASS,0.208249,tau=15674832 n=12 g_4=2425831 Av_12=476575769
15678234,11,84018,39832782,39832782,PASS,0.007177,tau=15678234 n=11 g_3=84018 Av_11=39832782
15678234,12,2415649,476585951,476585951,PASS,0.162119,tau=15678234 n=12 g_4=2415649 Av_12=476585951
15678243,11,84108,39832692,39832692,PASS,0.008104,tau=15678243 n=11 g_3=84108 Av_11=39832692
15678243,12,2420456,476581144,476581144,PASS,0.161763,tau=15678243 n=12 g_4=2420456 Av_12=476581144
15678324,11,84108,39832692,39832692,PASS,0.007687,tau=15678324 n=11 g_3=84108 Av_11=39832692
15678324,12,2420455,476581145,476581145,PASS,0.188432,tau=15678324 n=12 g_4=2420455 Av_12=476581145
15678342,11,84019,39832781,39832781,PASS,0.006636,tau=15678342 n=11 g_3=84019 Av_11=39832781
15678342,12,2415752,476585848,476585848,PASS,0.201755,tau=15678342 n=12 g_4=2415752 Av_12=476585848
15678423,11,84020,39832780,39832780,PASS,0.007198,tau=15678423 n=11 g_3=84020 Av_11=39832780
15678423,12,2415854,476585746,476585746,PASS,0.187877,tau=15678423 n=12 g_4=2415854 Av_12=476585746
15678432,11,84018,39832782,39832782,PASS,0.007650,tau=15678432 n=11 g_3=84018 Av_11=39832782
15678432,12,2415649,476585951,476585951,PASS,0.194185,tau=15678432 n=12 g_4=2415649 Av_12=476585951
15682374,11,84400,39832400,39832400,PASS,0.010972,tau=15682374 n=11 g_3=84400 Av_11=39832400
15682374,12,2437108,476564492,476564492,PASS,0.173303,tau=15682374 n=12 g_4=2437108 Av_12=476564492
15682437,11,84310,39832490,39832490,PASS,0.010366,tau=15682437 n=11 g_3=84310 Av_11=39832490
15682437,12,2432348,476569252,476569252,PASS,0.179648,tau=15682437 n=12 g_4=2432348 Av_12=476569252
15682473,11,84488,39832312,39832312,PASS,0.009817,tau=15682473 n=11 g_3=84488 Av_11=39832312
15682473,12,2441678,476559922,476559922,PASS,0.163472,tau=15682473 n=12 g_4=2441678 Av_12=476559922
15682734,11,84390,39832410,39832410,PASS,0.009637,tau=15682734 n=11 g_3=84390 Av_11=39832410
15682734,12,2436095,476565505,476565505,PASS,0.180446,tau=15682734 n=12 g_4=2436095 Av_12=476565505
15682743,11,84395,39832405,39832405,PASS,0.010920,tau=15682743 n=11 g_3=84395 Av_11=39832405
15682743,12,2436618,476564982,476564982,PASS,0.204719,tau=15682743 n=12 g_4=2436618 Av_12=476564982
15683247,11,84310,39832490,39832490,PASS,0.007415,tau=15683247 n=11 g_3=84310 Av_11=39832490
15683247,12,2432325,476569275,476569275,PASS,0.206163,tau=15683247 n=12 g_4=2432325 Av_12=476569275
15683274,11,84402,39832398,39832398,PASS,0.010130,tau=15683274 n=11 g_3=84402 Av_11=39832398
15683274,12,2437326,476564274,476564274,PASS,0.158466,tau=15683274 n=12 g_4=2437326 Av_12=476564274
15683427,11,84305,39832495,39832495,PASS,0.008449,tau=15683427 n=11 g_3=84305 Av_11=39832495
15683427,12,2431824,476569776,476569776,PASS,0.155994,tau=15683427 n=12 g_4=2431824 Av_12=476569776
15683472,11,84389,39832411,39832411,PASS,0.010401,tau=15683472 n=11 g_3=84389 Av_11=39832411
15683472,12,2435944,476565656,476565656,PASS,0.248434,tau=15683472 n=12 g_4=2435944 Av_12=476565656
15683724,11,84477,39832323,39832323,PASS,0.009184,tau=15683724 n=11 g_3=84477 Av_11=39832323
15683724,12,2440590,476561010,476561010,PASS,0.245600,tau=15683724 n=12 g_4=2440590 Av_12=476561010
15683742,11,84471,39832329,39832329,PASS,0.009641,tau=15683742 n=11 g_3=84471 Av_11=39832329
15683742,12,2439911,476561689,476561689,PASS,0.224074,tau=15683742 n=12 g_4=2439911 Av_12=476561689
15684237,11,84305,39832495,39832495,PASS,0.009384,tau=15684237 n=11 g_3=84305 Av_11=39832495
15684237,12,2431881,476569719,476569719,PASS,0.243764,tau=15684237 n=12 g_4=2431881 Av_12=476569719
15684273,11,84483,39832317,39832317,PASS,0.009551,tau=15684273 n=11 g_3=84483 Av_11=39832317
15684273,12,2441186,476560414,476560414,PASS,0.202576,tau=15684273 n=12 g_4=2441186 Av_12=476560414
15684327,11,84302,39832498,39832498,PASS,0.011434,tau=15684327 n=11 g_3=84302 Av_11=39832498
15684327,12,2431512,476570088,476570088,PASS,0.236423,tau=15684327 n=12 g_4=2431512 Av_12=476570088
15684372,11,84396,39832404,39832404,PASS,0.008628,tau=15684372 n=11 g_3=84396 Av_11=39832404
15684372,12,2436633,476564967,476564967,PASS,0.198032,tau=15684372 n=12 g_4=2436633 Av_12=476564967
15684723,11,84376,39832424,39832424,PASS,0.008371,tau=15684723 n=11 g_3=84376 Av_11=39832424
15684723,12,2434668,476566932,476566932,PASS,0.238636,tau=15684723 n=12 g_4=2434668 Av_12=476566932
15684732,11,84376,39832424,39832424,PASS,0.007469,tau=15684732 n=11 g_3=84376 Av_11=39832424
15684732,12,2434632,476566968,476566968,PASS,0.162960,tau=15684732 n=12 g_4=2434632 Av_12=476566968
15687234,11,84113,39832687,39832687,PASS,0.008335,tau=15687234 n=11 g_3=84113 Av_11=39832687
15687234,12,2420977,476580623,476580623,PASS,0.191567,tau=15687234 n=12 g_4=2420977 Av_12=476580623
15687243,11,84121,39832679,39832679,PASS,0.010576,tau=15687243 n=11 g_3=84121 Av_11=39832679
15687243,12,2421830,476579770,476579770,PASS,0.234517,tau=15687243 n=12 g_4=2421830 Av_12=476579770
15687324,11,84121,39832679,39832679,PASS,0.008634,tau=15687324 n=11 g_3=84121 Av_11=39832679
15687324,12,2421830,476579770,476579770,PASS,0.234163,tau=15687324 n=12 g_4=2421830 Av_12=476579770
15687342,11,84114,39832686,39832686,PASS,0.007630,tau=15687342 n=11 g_3=84114 Av_11=39832686
15687342,12,2421078,476580522,476580522,PASS,0.181942,tau=15687342 n=12 g_4=2421078 Av_12=476580522
15687423,11,84114,39832686,39832686,PASS,0.008418,tau=15687423 n=11 g_3=84114 Av_11=39832686
15687423,12,2421085,476580515,476580515,PASS,0.176206,tau=15687423 n=12 g_4=2421085 Av_12=476580515
15687432,11,84113,39832687,39832687,PASS,0.010896,tau=15687432 n=11 g_3=84113 Av_11=39832687
15687432,12,2420972,476580628,476580628,PASS,0.178583,tau=15687432 n=12 g_4=2420972 Av_12=476580628
15734286,11,84390,39832410,39832410,PASS,0.013251,tau=15734286 n=11 g_3=84390 Av_11=39832410
15734286,12,2436074,476565526,476565526,PASS,0.171937,tau=15734286 n=12 g_4=2436074 Av_12=476565526
15734628,11,84384,39832416,39832416,PASS,0.010589,tau=15734628 n=11 g_3=84384 Av_11=39832416
15734628,12,2435438,476566162,476566162,PASS,0.177513,tau=15734628 n=12 g_4=2435438 Av_12=476566162
15734682,11,84385,39832415,39832415,PASS,0.007557,tau=15734682 n=11 g_3=84385 Av_11=39832415
15734682,12,2435565,476566035,476566035,PASS,0.163653,tau=15734682 n=12 g_4=2435565 Av_12=476566035
15734826,11,84485,39832315,39832315,PASS,0.007784,tau=15734826 n=11 g_3=84485 Av_11=39832315
15734826,12,2441414,476560186,476560186,PASS,0.160622,tau=15734826 n=12 g_4=2441414 Av_12=476560186
15734862,11,84476,39832324,39832324,PASS,0.006941,tau=15734862 n=11 g_3=84476 Av_11=39832324
15734862,12,2440479,476561121,476561121,PASS,0.209774,tau=15734862 n=12 g_4=2440479 Av_12=476561121
15736248,11,84472,39832328,39832328,PASS,0.007400,tau=15736248 n=11 g_3=84472 Av_11=39832328
15736248,12,2439985,476561615,476561615,PASS,0.207952,tau=15736248 n=12 g_4=2439985 Av_12=476561615
15736284,11,84569,39832231,39832231,PASS,0.007404,tau=15736284 n=11 g_3=84569 Av_11=39832231
15736284,12,2445560,476556040,476556040,PASS,0.154528,tau=15736284 n=12 g_4=2445560 Av_12=476556040
15736428,11,84462,39832338,39832338,PASS,0.008078,tau=15736428 n=11 g_3=84462 Av_11=39832338
15736428,12,2438994,476562606,476562606,PASS,0.155953,tau=15736428 n=12 g_4=2438994 Av_12=476562606
15736482,11,84470,39832330,39832330,PASS,0.008030,tau=15736482 n=11 g_3=84470 Av_11=39832330
15736482,12,2439833,476561767,476561767,PASS,0.210938,tau=15736482 n=12 g_4=2439833 Av_12=476561767
15736824,11,84563,39832237,39832237,PASS,0.007688,tau=15736824 n=11 g_3=84563 Av_11=39832237
15736824,12,2444950,476556650,476556650,PASS,0.255755,tau=15736824 n=12 g_4=2444950 Av_12=476556650
15736842,11,84556,39832244,39832244,PASS,0.007798,tau=15736842 n=11 g_3=84556 Av_11=39832244
15736842,12,2444203,476557397,476557397,PASS,0.212741,tau=15736842 n=12 g_4=2444203 Av_12=476557397
15738246,11,84565,39832235,39832235,PASS,0.007490,tau=15738246 n=11 g_3=84565 Av_11=39832235
15738246,12,2445187,476556413,476556413,PASS,0.227237,tau=15738246 n=12 g_4=2445187 Av_12=476556413
15738264,11,84569,39832231,39832231,PASS,0.027409,tau=15738264 n=11 g_3=84569 Av_11=39832231
15738264,12,2445562,476556038,476556038,PASS,0.237960,tau=15738264 n=12 g_4=2445562 Av_12=476556038
15738426,11,84565,39832235,39832235,PASS,0.012501,tau=15738426 n=11 g_3=84565 Av_11=39832235
15738426,12,2445178,476556422,476556422,PASS,0.207660,tau=15738426 n=12 g_4=2445178 Av_12=476556422
15738462,11,84477,39832323,39832323,PASS,0.010622,tau=15738462 n=11 g_3=84477 Av_11=39832323
15738462,12,2440542,476561058,476561058,PASS,0.223584,tau=15738462 n=12 g_4=2440542 Av_12=476561058
15738624,11,84571,39832229,39832229,PASS,0.010390,tau=15738624 n=11 g_3=84571 Av_11=39832229
15738624,12,2445730,476555870,476555870,PASS,0.219518,tau=15738624 n=12 g_4=2445730 Av_12=476555870
15738642,11,84559,39832241,39832241,PASS,0.010596,tau=15738642 n=11 g_3=84559 Av_11=39832241
15738642,12,2444506,476557094,476557094,PASS,0.187539,tau=15738642 n=12 g_4=2444506 Av_12=476557094
15742638,11,84555,39832245,39832245,PASS,0.006993,tau=15742638 n=11 g_3=84555 Av_11=39832245
15742638,12,2444088,476557512,476557512,PASS,0.305785,tau=15742638 n=12 g_4=2444088 Av_12=476557512
15742683,11,84572,39832228,39832228,PASS,0.007490,tau=15742683 n=11 g_3=84572 Av_11=39832228
15742683,12,2445846,476555754,476555754,PASS,0.182379,tau=15742683 n=12 g_4=2445846 Av_12=476555754
15742836,11,84573,39832227,39832227,PASS,0.012184,tau=15742836 n=11 g_3=84573 Av_11=39832227
15742836,12,2446008,476555592,476555592,PASS,0.210711,tau=15742836 n=12 g_4=2446008 Av_12=476555592
15742863,11,84571,39832229,39832229,PASS,0.006973,tau=15742863 n=11 g_3=84571 Av_11=39832229
15742863,12,2445774,476555826,476555826,PASS,0.184205,tau=15742863 n=12 g_4=2445774 Av_12=476555826
15743286,11,84381,39832419,39832419,PASS,0.007508,tau=15743286 n=11 g_3=84381 Av_11=39832419
15743286,12,2435156,476566444,476566444,PASS,0.176971,tau=15743286 n=12 g_4=2435156 Av_12=476566444
15743628,11,84469,39832331,39832331,PASS,0.010317,tau=15743628 n=11 g_3=84469 Av_11=39832331
15743628,12,2439696,476561904,476561904,PASS,0.186854,tau=15743628 n=12 g_4=2439696 Av_12=476561904
15743682,11,84469,39832331,39832331,PASS,0.007328,tau=15743682 n=11 g_3=84469 Av_11=39832331
15743682,12,2439769,476561831,476561831,PASS,0.185402,tau=15743682 n=12 g_4=2439769 Av_12=476561831
15743826,11,84483,39832317,39832317,PASS,0.007354,tau=15743826 n=11 g_3=84483 Av_11=39832317
15743826,12,2441180,476560420,476560420,PASS,0.201370,tau=15743826 n=12 g_4=2441180 Av_12=476560420
15743862,11,84479,39832321,39832321,PASS,0.007628,tau=15743862 n=11 g_3=84479 Av_11=39832321
15743862,12,2440749,476560851,476560851,PASS,0.209451,tau=15743862 n=12 g_4=2440749 Av_12=476560851
15746238,11,84293,39832507,39832507,PASS,0.007243,tau=15746238 n=11 g_3=84293 Av_11=39832507
15746238,12,2430538,476571062,476571062,PASS,0.181518,tau=15746238 n=12 g_4=2430538 Av_12=476571062
15746283,11,84388,39832412,39832412,PASS,0.007214,tau=15746283 n=11 g_3=84388 Av_11=39832412
15746283,12,2435885,476565715,476565715,PASS,0.189947,tau=15746283 n=12 g_4=2435885 Av_12=476565715
15746328,11,84287,39832513,39832513,PASS,0.007970,tau=15746328 n=11 g_3=84287 Av_11=39832513
15746328,12,2429918,476571682,476571682,PASS,0.177236,tau=15746328 n=12 g_4=2429918 Av_12=476571682
15746382,11,84378,39832422,39832422,PASS,0.007525,tau=15746382 n=11 g_3=84378 Av_11=39832422
15746382,12,2434858,476566742,476566742,PASS,0.167097,tau=15746382 n=12 g_4=2434858 Av_12=476566742
15746823,11,84289,39832511,39832511,PASS,0.008796,tau=15746823 n=11 g_3=84289 Av_11=39832511
15746823,12,2430165,476571435,476571435,PASS,0.180069,tau=15746823 n=12 g_4=2430165 Av_12=476571435
15746832,11,84289,39832511,39832511,PASS,0.006996,tau=15746832 n=11 g_3=84289 Av_11=39832511
15746832,12,2430147,476571453,476571453,PASS,0.151599,tau=15746832 n=12 g_4=2430147 Av_12=476571453
15748236,11,84483,39832317,39832317,PASS,0.008804,tau=15748236 n=11 g_3=84483 Av_11=39832317
15748236,12,2441192,476560408,476560408,PASS,0.170145,tau=15748236 n=12 g_4=2441192 Av_12=476560408
15748263,11,84571,39832229,39832229,PASS,0.007179,tau=15748263 n=11 g_3=84571 Av_11=39832229
15748263,12,2445735,476555865,476555865,PASS,0.159321,tau=15748263 n=12 g_4=2445735 Av_12=476555865
15748326,11,84481,39832319,39832319,PASS,0.007541,tau=15748326 n=11 g_3=84481 Av_11=39832319
15748326,12,2440960,476560640,476560640,PASS,0.189264,tau=15748326 n=12 g_4=2440960 Av_12=476560640
15748362,11,84559,39832241,39832241,PASS,0.006739,tau=15748362 n=11 g_3=84559 Av_11=39832241
15748362,12,2444521,476557079,476557079,PASS,0.182949,tau=15748362 n=12 g_4=2444521 Av_12=476557079
15748623,11,84378,39832422,39832422,PASS,0.009136,tau=15748623 n=11 g_3=84378 Av_11=39832422
15748623,12,2434841,476566759,476566759,PASS,0.201093,tau=15748623 n=12 g_4=2434841 Av_12=476566759
15748632,11,84378,39832422,39832422,PASS,0.008294,tau=15748632 n=11 g_3=84378 Av_11=39832422
15748632,12,2434821,476566779,476566779,PASS,0.223489,tau=15748632 n=12 g_4=2434821 Av_12=476566779
15762438,11,84218,39832582,39832582,PASS,0.010418,tau=15762438 n=11 g_3=84218 Av_11=39832582
15762438,12,2427263,476574337,476574337,PASS,0.232236,tau=15762438 n=12 g_4=2427263 Av_12=476574337
15762483,11,84396,39832404,39832404,PASS,0.010121,tau=15762483 n=11 g_3=84396 Av_11=39832404
15762483,12,2436733,476564867,476564867,PASS,0.180510,tau=15762483 n=12 g_4=2436733 Av_12=476564867
15762834,11,84300,39832500,39832500,PASS,0.007215,tau=15762834 n=11 g_3=84300 Av_11=39832500
15762834,12,2431312,476570288,476570288,PASS,0.167341,tau=15762834 n=12 g_4=2431312 Av_12=476570288
15762843,11,84307,39832493,39832493,PASS,0.010335,tau=15762843 n=11 g_3=84307 Av_11=39832493
15762843,12,2432041,476569559,476569559,PASS,0.186930,tau=15762843 n=12 g_4=2432041 Av_12=476569559
15763248,11,84218,39832582,39832582,PASS,0.007396,tau=15763248 n=11 g_3=84218 Av_11=39832582
15763248,12,2427285,476574315,476574315,PASS,0.152095,tau=15763248 n=12 g_4=2427285 Av_12=476574315
15763284,11,84310,39832490,39832490,PASS,0.007265,tau=15763284 n=11 g_3=84310 Av_11=39832490
15763284,12,2432357,476569243,476569243,PASS,0.163890,tau=15763284 n=12 g_4=2432357 Av_12=476569243
15763428,11,84206,39832594,39832594,PASS,0.007398,tau=15763428 n=11 g_3=84206 Av_11=39832594
15763428,12,2426067,476575533,476575533,PASS,0.178599,tau=15763428 n=12 g_4=2426067 Av_12=476575533
15763482,11,84298,39832502,39832502,PASS,0.007716,tau=15763482 n=11 g_3=84298 Av_11=39832502
15763482,12,2431104,476570496,476570496,PASS,0.196622,tau=15763482 n=12 g_4=2431104 Av_12=476570496
15763824,11,84392,39832408,39832408,PASS,0.007783,tau=15763824 n=11 g_3=84392 Av_11=39832408
15763824,12,2436322,476565278,476565278,PASS,0.200129,tau=15763824 n=12 g_4=2436322 Av_12=476565278
15763842,11,84385,39832415,39832415,PASS,0.007886,tau=15763842 n=11 g_3=84385 Av_11=39832415
15763842,12,2435545,476566055,476566055,PASS,0.234739,tau=15763842 n=12 g_4=2435545 Av_12=476566055
15764238,11,84206,39832594,39832594,PASS,0.010556,tau=15764238 n=11 g_3=84206 Av_11=39832594
15764238,12,2426089,476575511,476575511,PASS,0.216422,tau=15764238 n=12 g_4=2426089 Av_12=476575511
15764283,11,84384,39832416,39832416,PASS,0.007400,tau=15764283 n=11 g_3=84384 Av_11=39832416
15764283,12,2435540,476566060,476566060,PASS,0.147238,tau=15764283 n=12 g_4=2435540 Av_12=476566060
15764328,11,84198,39832602,39832602,PASS,0.007270,tau=15764328 n=11 g_3=84198 Av_11=39832602
15764328,12,2425229,476576371,476576371,PASS,0.157935,tau=15764328 n=12 g_4=2425229 Av_12=476576371
15764382,11,84294,39832506,39832506,PASS,0.011606,tau=15764382 n=11 g_3=84294 Av_11=39832506
15764382,12,2430681,476570919,476570919,PASS,0.178254,tau=15764382 n=12 g_4=2430681 Av_12=476570919
15764823,11,84291,39832509,39832509,PASS,0.007749,tau=15764823 n=11 g_3=84291 Av_11=39832509
15764823,12,2430390,476571210,476571210,PASS,0.196424,tau=15764823 n=12 g_4=2430390 Av_12=476571210
15764832,11,84291,39832509,39832509,PASS,0.006919,tau=15764832 n=11 g_3=84291 Av_11=39832509
15764832,12,2430366,476571234,476571234,PASS,0.148427,tau=15764832 n=12 g_4=2430366 Av_12=476571234
15768234,11,84111,39832689,39832689,PASS,0.007612,tau=15768234 n=11 g_3=84111 Av_11=39832689
15768234,12,2420769,476580831,476580831,PASS,0.152869,tau=15768234 n=12 g_4=2420769 Av_12=476580831
15768243,11,84120,39832680,39832680,PASS,0.010579,tau=15768243 n=11 g_3=84120 Av_11=39832680
15768243,12,2421705,476579895,476579895,PASS,0.195679,tau=15768243 n=12 g_4=2421705 Av_12=476579895
15768324,11,84120,39832680,39832680,PASS,0.007226,tau=15768324 n=11 g_3=84120 Av_11=39832680
15768324,12,2421705,476579895,476579895,PASS,0.147703,tau=15768324 n=12 g_4=2421705 Av_12=476579895
15768342,11,84112,39832688,39832688,PASS,0.010315,tau=15768342 n=11 g_3=84112 Av_11=39832688
15768342,12,2420871,476580729,476580729,PASS,0.158216,tau=15768342 n=12 g_4=2420871 Av_12=476580729
15768423,11,84112,39832688,39832688,PASS,0.009911,tau=15768423 n=11 g_3=84112 Av_11=39832688
15768423,12,2420879,476580721,476580721,PASS,0.184722,tau=15768423 n=12 g_4=2420879 Av_12=476580721
15768432,11,84111,39832689,39832689,PASS,0.008653,tau=15768432 n=11 g_3=84111 Av_11=39832689
15768432,12,2420760,476580840,476580840,PASS,0.163164,tau=15768432 n=12 g_4=2420760 Av_12=476580840
15782463,11,84470,39832330,39832330,PASS,0.007351,tau=15782463 n=11 g_3=84470 Av_11=39832330
15782463,12,2439863,476561737,476561737,PASS,0.188772,tau=15782463 n=12 g_4=2439863 Av_12=476561737
15782634,11,84392,39832408,39832408,PASS,0.012351,tau=15782634 n=11 g_3=84392 Av_11=39832408
15782634,12,2436240,476565360,476565360,PASS,0.149842,tau=15782634 n=12 g_4=2436240 Av_12=476565360
15782643,11,84393,39832407,39832407,PASS,0.007413,tau=15782643 n=11 g_3=84393 Av_11=39832407
15782643,12,2436354,476565246,476565246,PASS,0.190464,tau=15782643 n=12 g_4=2436354 Av_12=476565246
15783246,11,84297,39832503,39832503,PASS,0.007780,tau=15783246 n=11 g_3=84297 Av_11=39832503
15783246,12,2431016,476570584,476570584,PASS,0.156888,tau=15783246 n=12 g_4=2431016 Av_12=476570584
15783264,11,84391,39832409,39832409,PASS,0.010546,tau=15783264 n=11 g_3=84391 Av_11=39832409
15783264,12,2436178,476565422,476565422,PASS,0.193582,tau=15783264 n=12 g_4=2436178 Av_12=476565422
15783426,11,84302,39832498,39832498,PASS,0.007168,tau=15783426 n=11 g_3=84302 Av_11=39832498
15783426,12,2431487,476570113,476570113,PASS,0.193381,tau=15783426 n=12 g_4=2431487 Av_12=476570113
15783462,11,84295,39832505,39832505,PASS,0.007130,tau=15783462 n=11 g_3=84295 Av_11=39832505
15783462,12,2430739,476570861,476570861,PASS,0.155904,tau=15783462 n=12 g_4=2430739 Av_12=476570861
15783624,11,84472,39832328,39832328,PASS,0.007336,tau=15783624 n=11 g_3=84472 Av_11=39832328
15783624,12,2440032,476561568,476561568,PASS,0.161199,tau=15783624 n=12 g_4=2440032 Av_12=476561568
15783642,11,84466,39832334,39832334,PASS,0.010735,tau=15783642 n=11 g_3=84466 Av_11=39832334
15783642,12,2439391,476562209,476562209,PASS,0.169238,tau=15783642 n=12 g_4=2439391 Av_12=476562209
15784236,11,84304,39832496,39832496,PASS,0.006968,tau=15784236 n=11 g_3=84304 Av_11=39832496
15784236,12,2431705,476569895,476569895,PASS,0.184446,tau=15784236 n=12 g_4=2431705 Av_12=476569895
15784263,11,84470,39832330,39832330,PASS,0.006862,tau=15784263 n=11 g_3=84470 Av_11=39832330
15784263,12,2439828,476561772,476561772,PASS,0.163313,tau=15784263 n=12 g_4=2439828 Av_12=476561772
15784326,11,84300,39832500,39832500,PASS,0.007370,tau=15784326 n=11 g_3=84300 Av_11=39832500
15784326,12,2431270,476570330,476570330,PASS,0.182030,tau=15784326 n=12 g_4=2431270 Av_12=476570330
15784362,11,84387,39832413,39832413,PASS,0.007989,tau=15784362 n=11 g_3=84387 Av_11=39832413
15784362,12,2435715,476565885,476565885,PASS,0.151105,tau=15784362 n=12 g_4=2435715 Av_12=476565885
15784623,11,84288,39832512,39832512,PASS,0.007012,tau=15784623 n=11 g_3=84288 Av_11=39832512
15784623,12,2430013,476571587,476571587,PASS,0.147151,tau=15784623 n=12 g_4=2430013 Av_12=476571587
15784632,11,84288,39832512,39832512,PASS,0.006760,tau=15784632 n=11 g_3=84288 Av_11=39832512
15784632,12,2429999,476571601,476571601,PASS,0.146934,tau=15784632 n=12 g_4=2429999 Av_12=476571601
15786234,11,84197,39832603,39832603,PASS,0.007529,tau=15786234 n=11 g_3=84197 Av_11=39832603
15786234,12,2425173,476576427,476576427,PASS,0.155032,tau=15786234 n=12 g_4=2425173 Av_12=476576427
15786243,11,84206,39832594,39832594,PASS,0.007670,tau=15786243 n=11 g_3=84206 Av_11=39832594
15786243,12,2426113,476575487,476575487,PASS,0.153954,tau=15786243 n=12 g_4=2426113 Av_12=476575487
15786324,11,84206,39832594,39832594,PASS,0.007573,tau=15786324 n=11 g_3=84206 Av_11=39832594
15786324,12,2426113,476575487,476575487,PASS,0.171607,tau=15786324 n=12 g_4=2426113 Av_12=476575487
15786342,11,84198,39832602,39832602,PASS,0.006479,tau=15786342 n=11 g_3=84198 Av_11=39832602
15786342,12,2425267,476576333,476576333,PASS,0.186673,tau=15786342 n=12 g_4=2425267 Av_12=476576333
15786423,11,84198,39832602,39832602,PASS,0.007482,tau=15786423 n=11 g_3=84198 Av_11=39832602
15786423,12,2425275,476576325,476576325,PASS,0.152529,tau=15786423 n=12 g_4=2425275 Av_12=476576325
15786432,11,84197,39832603,39832603,PASS,0.008997,tau=15786432 n=11 g_3=84197 Av_11=39832603
15786432,12,2425151,476576449,476576449,PASS,0.178735,tau=15786432 n=12 g_4=2425151 Av_12=476576449
15834267,11,84310,39832490,39832490,PASS,0.010301,tau=15834267 n=11 g_3=84310 Av_11=39832490
15834267,12,2432301,476569299,476569299,PASS,0.168512,tau=15834267 n=12 g_4=2432301 Av_12=476569299
15834276,11,84310,39832490,39832490,PASS,0.006843,tau=15834276 n=11 g_3=84310 Av_11=39832490
15834276,12,2432297,476569303,476569303,PASS,0.186052,tau=15834276 n=12 g_4=2432297 Av_12=476569303
15834627,11,84485,39832315,39832315,PASS,0.009756,tau=15834627 n=11 g_3=84485 Av_11=39832315
15834627,12,2441394,476560206,476560206,PASS,0.152453,tau=15834627 n=12 g_4=2441394 Av_12=476560206
15834672,11,84391,39832409,39832409,PASS,0.010713,tau=15834672 n=11 g_3=84391 Av_11=39832409
15834672,12,2436131,476565469,476565469,PASS,0.199136,tau=15834672 n=12 g_4=2436131 Av_12=476565469
15834726,11,84487,39832313,39832313,PASS,0.007363,tau=15834726 n=11 g_3=84487 Av_11=39832313
15834726,12,2441582,476560018,476560018,PASS,0.155362,tau=15834726 n=12 g_4=2441582 Av_12=476560018
15834762,11,84394,39832406,39832406,PASS,0.007562,tau=15834762 n=11 g_3=84394 Av_11=39832406
15834762,12,2436480,476565120,476565120,PASS,0.175271,tau=15834762 n=12 g_4=2436480 Av_12=476565120
15836247,11,84566,39832234,39832234,PASS,0.006830,tau=15836247 n=11 g_3=84566 Av_11=39832234
15836247,12,2445241,476556359,476556359,PASS,0.150841,tau=15836247 n=12 g_4=2445241 Av_12=476556359
15836274,11,84579,39832221,39832221,PASS,0.007164,tau=15836274 n=11 g_3=84579 Av_11=39832221
15836274,12,2446547,476555053,476555053,PASS,0.155321,tau=15836274 n=12 g_4=2446547 Av_12=476555053
15836427,11,84566,39832234,39832234,PASS,0.009791,tau=15836427 n=11 g_3=84566 Av_11=39832234
15836427,12,2445229,476556371,476556371,PASS,0.163068,tau=15836427 n=12 g_4=2445229 Av_12=476556371
15836472,11,84558,39832242,39832242,PASS,0.009775,tau=15836472 n=11 g_3=84558 Av_11=39832242
15836472,12,2444431,476557169,476557169,PASS,0.196176,tau=15836472 n=12 g_4=2444431 Av_12=476557169
15836724,11,84490,39832310,39832310,PASS,0.010110,tau=15836724 n=11 g_3=84490 Av_11=39832310
15836724,12,2441822,476559778,476559778,PASS,0.199284,tau=15836724 n=12 g_4=2441822 Av_12=476559778
15836742,11,84483,39832317,39832317,PASS,0.010488,tau=15836742 n=11 g_3=84483 Av_11=39832317
15836742,12,2441087,476560513,476560513,PASS,0.153816,tau=15836742 n=12 g_4=2441087 Av_12=476560513
15837246,11,84572,39832228,39832228,PASS,0.007437,tau=15837246 n=11 g_3=84572 Av_11=39832228
15837246,12,2445845,476555755,476555755,PASS,0.198166,tau=15837246 n=12 g_4=2445845 Av_12=476555755
15837264,11,84478,39832322,39832322,PASS,0.010369,tau=15837264 n=11 g_3=84478 Av_11=39832322
15837264,12,2440702,476560898,476560898,PASS,0.195727,tau=15837264 n=12 g_4=2440702 Av_12=476560898
15837426,11,84575,39832225,39832225,PASS,0.010282,tau=15837426 n=11 g_3=84575 Av_11=39832225
15837426,12,2446130,476555470,476555470,PASS,0.183645,tau=15837426 n=12 g_4=2446130 Av_12=476555470
15837462,11,84561,39832239,39832239,PASS,0.008078,tau=15837462 n=11 g_3=84561 Av_11=39832239
15837462,12,2444714,476556886,476556886,PASS,0.206369,tau=15837462 n=12 g_4=2444714 Av_12=476556886
15837624,11,84480,39832320,39832320,PASS,0.011413,tau=15837624 n=11 g_3=84480 Av_11=39832320
15837624,12,2440881,476560719,476560719,PASS,0.218550,tau=15837624 n=12 g_4=2440881 Av_12=476560719
15837642,11,84388,39832412,39832412,PASS,0.010954,tau=15837642 n=11 g_3=84388 Av_11=39832412
15837642,12,2435821,476565779,476565779,PASS,0.160335,tau=15837642 n=12 g_4=2435821 Av_12=476565779
15842673,11,84495,39832305,39832305,PASS,0.009703,tau=15842673 n=11 g_3=84495 Av_11=39832305
15842673,12,2442384,476559216,476559216,PASS,0.175407,tau=15842673 n=12 g_4=2442384 Av_12=476559216
15842763,11,84490,39832310,39832310,PASS,0.010158,tau=15842763 n=11 g_3=84490 Av_11=39832310
15842763,12,2441858,476559742,476559742,PASS,0.189266,tau=15842763 n=12 g_4=2441858 Av_12=476559742
15843267,11,84298,39832502,39832502,PASS,0.011198,tau=15843267 n=11 g_3=84298 Av_11=39832502
15843267,12,2431094,476570506,476570506,PASS,0.167362,tau=15843267 n=12 g_4=2431094 Av_12=476570506
15843276,11,84297,39832503,39832503,PASS,0.010307,tau=15843276 n=11 g_3=84297 Av_11=39832503
15843276,12,2430960,476570640,476570640,PASS,0.193862,tau=15843276 n=12 g_4=2430960 Av_12=476570640
15843627,11,84486,39832314,39832314,PASS,0.009864,tau=15843627 n=11 g_3=84486 Av_11=39832314
15843627,12,2441465,476560135,476560135,PASS,0.236033,tau=15843627 n=12 g_4=2441465 Av_12=476560135
15843672,11,84399,39832401,39832401,PASS,0.010549,tau=15843672 n=11 g_3=84399 Av_11=39832401
15843672,12,2436913,476564687,476564687,PASS,0.191737,tau=15843672 n=12 g_4=2436913 Av_12=476564687
15843726,11,84482,39832318,39832318,PASS,0.018004,tau=15843726 n=11 g_3=84482 Av_11=39832318
15843726,12,2441051,476560549,476560549,PASS,0.179916,tau=15843726 n=12 g_4=2441051 Av_12=476560549
15843762,11,84392,39832408,39832408,PASS,0.008005,tau=15843762 n=11 g_3=84392 Av_11=39832408
15843762,12,2436252,476565348,476565348,PASS,0.222045,tau=15843762 n=12 g_4=2436252 Av_12=476565348
15846237,11,84478,39832322,39832322,PASS,0.007727,tau=15846237 n=11 g_3=84478 Av_11=39832322
15846237,12,2440698,476560902,476560902,PASS,0.163149,tau=15846237 n=12 g_4=2440698 Av_12=476560902
15846273,11,84566,39832234,39832234,PASS,0.008431,tau=15846273 n=11 g_3=84566 Av_11=39832234
15846273,12,2445255,476556345,476556345,PASS,0.191206,tau=15846273 n=12 g_4=2445255 Av_12=476556345
15846327,11,84476,39832324,39832324,PASS,0.010310,tau=15846327 n=11 g_3=84476 Av_11=39832324
15846327,12,2440458,476561142,476561142,PASS,0.176620,tau=15846327 n=12 g_4=2440458 Av_12=476561142
15846372,11,84558,39832242,39832242,PASS,0.007634,tau=15846372 n=11 g_3=84558 Av_11=39832242
15846372,12,2444438,476557162,476557162,PASS,0.208855,tau=15846372 n=12 g_4=2444438 Av_12=476557162
15846723,11,84375,39832425,39832425,PASS,0.006780,tau=15846723 n=11 g_3=84375 Av_11=39832425
15846723,12,2434549,476567051,476567051,PASS,0.205562,tau=15846723 n=12 g_4=2434549 Av_12=476567051
15846732,11,84375,39832425,39832425,PASS,0.007770,tau=15846732 n=11 g_3=84375 Av_11=39832425
15846732,12,2434538,476567062,476567062,PASS,0.182165,tau=15846732 n=12 g_4=2434538 Av_12=476567062
15847236,11,84480,39832320,39832320,PASS,0.007128,tau=15847236 n=11 g_3=84480 Av_11=39832320
15847236,12,2440864,476560736,476560736,PASS,0.197927,tau=15847236 n=12 g_4=2440864 Av_12=476560736
15847263,11,84562,39832238,39832238,PASS,0.007212,tau=15847263 n=11 g_3=84562 Av_11=39832238
15847263,12,2444842,476556758,476556758,PASS,0.154115,tau=15847263 n=12 g_4=2444842 Av_12=476556758
15847326,11,84478,39832322,39832322,PASS,0.007249,tau=15847326 n=11 g_3=84478 Av_11=39832322
15847326,12,2440632,476560968,476560968,PASS,0.150897,tau=15847326 n=12 g_4=2440632 Av_12=476560968
15847362,11,84468,39832332,39832332,PASS,0.010353,tau=15847362 n=11 g_3=84468 Av_11=39832332
15847362,12,2439621,476561979,476561979,PASS,0.168946,tau=15847362 n=12 g_4=2439621 Av_12=476561979
15847623,11,84297,39832503,39832503,PASS,0.007116,tau=15847623 n=11 g_3=84297 Av_11=39832503
15847623,12,2430956,476570644,476570644,PASS,0.158392,tau=15847623 n=12 g_4=2430956 Av_12=476570644
15847632,11,84297,39832503,39832503,PASS,0.007630,tau=15847632 n=11 g_3=84297 Av_11=39832503
15847632,12,2430934,476570666,476570666,PASS,0.146824,tau=15847632 n=12 g_4=2430934 Av_12=476570666
15862473,11,84574,39832226,39832226,PASS,0.006936,tau=15862473 n=11 g_3=84574 Av_11=39832226
15862473,12,2446085,476555515,476555515,PASS,0.183521,tau=15862473 n=12 g_4=2446085 Av_12=476555515
15862743,11,84481,39832319,39832319,PASS,0.010267,tau=15862743 n=11 g_3=84481 Av_11=39832319
15862743,12,2440966,476560634,476560634,PASS,0.207099,tau=15862743 n=12 g_4=2440966 Av_12=476560634
15863247,11,84396,39832404,39832404,PASS,0.010150,tau=15863247 n=11 g_3=84396 Av_11=39832404
15863247,12,2436729,476564871,476564871,PASS,0.232604,tau=15863247 n=12 g_4=2436729 Av_12=476564871
15863274,11,84485,39832315,39832315,PASS,0.010428,tau=15863274 n=11 g_3=84485 Av_11=39832315
15863274,12,2441409,476560191,476560191,PASS,0.210893,tau=15863274 n=12 g_4=2441409 Av_12=476560191
15863427,11,84388,39832412,39832412,PASS,0.010709,tau=15863427 n=11 g_3=84388 Av_11=39832412
15863427,12,2435911,476565689,476565689,PASS,0.266808,tau=15863427 n=12 g_4=2435911 Av_12=476565689
15863472,11,84478,39832322,39832322,PASS,0.008101,tau=15863472 n=11 g_3=84478 Av_11=39832322
15863472,12,2440633,476560967,476560967,PASS,0.263558,tau=15863472 n=12 g_4=2440633 Av_12=476560967
15863724,11,84562,39832238,39832238,PASS,0.007181,tau=15863724 n=11 g_3=84562 Av_11=39832238
15863724,12,2444863,476556737,476556737,PASS,0.243335,tau=15863724 n=12 g_4=2444863 Av_12=476556737
15863742,11,84551,39832249,39832249,PASS,0.010320,tau=15863742 n=11 g_3=84551 Av_11=39832249
15863742,12,2443700,476557900,476557900,PASS,0.308474,tau=15863742 n=12 g_4=2443700 Av_12=476557900
15864237,11,84388,39832412,39832412,PASS,0.012933,tau=15864237 n=11 g_3=84388 Av_11=39832412
15864237,12,2435946,476565654,476565654,PASS,0.257308,tau=15864237 n=12 g_4=2435946 Av_12=476565654
15864273,11,84566,39832234,39832234,PASS,0.041894,tau=15864273 n=11 g_3=84566 Av_11=39832234
15864273,12,2445269,476556331,476556331,PASS,0.242766,tau=15864273 n=12 g_4=2445269 Av_12=476556331
15864327,11,84380,39832420,39832420,PASS,0.086249,tau=15864327 n=11 g_3=84380 Av_11=39832420
15864327,12,2435091,476566509,476566509,PASS,0.291001,tau=15864327 n=12 g_4=2435091 Av_12=476566509
15864372,11,84474,39832326,39832326,PASS,0.010606,tau=15864372 n=11 g_3=84474 Av_11=39832326
15864372,12,2440268,476561332,476561332,PASS,0.249506,tau=15864372 n=12 g_4=2440268 Av_12=476561332
15864723,11,84461,39832339,39832339,PASS,0.037130,tau=15864723 n=11 g_3=84461 Av_11=39832339
15864723,12,2438960,476562640,476562640,PASS,0.257486,tau=15864723 n=12 g_4=2438960 Av_12=476562640
15864732,11,84461,39832339,39832339,PASS,0.010226,tau=15864732 n=11 g_3=84461 Av_11=39832339
15864732,12,2438921,476562679,476562679,PASS,0.203678,tau=15864732 n=12 g_4=2438921 Av_12=476562679
15867234,11,84197,39832603,39832603,PASS,0.007204,tau=15867234 n=11 g_3=84197 Av_11=39832603
15867234,12,2425172,476576428,476576428,PASS,0.191707,tau=15867234 n=12 g_4=2425172 Av_12=476576428
15867243,11,84206,39832594,39832594,PASS,0.007199,tau=15867243 n=11 g_3=84206 Av_11=39832594
15867243,12,2426120,476575480,476575480,PASS,0.198396,tau=15867243 n=12 g_4=2426120 Av_12=476575480
15867324,11,84206,39832594,39832594,PASS,0.006910,tau=15867324 n=11 g_3=84206 Av_11=39832594
15867324,12,2426120,476575480,476575480,PASS,0.245806,tau=15867324 n=12 g_4=2426120 Av_12=476575480
15867342,11,84198,39832602,39832602,PASS,0.006860,tau=15867342 n=11 g_3=84198 Av_11=39832602
15867342,12,2425262,476576338,476576338,PASS,0.199734,tau=15867342 n=12 g_4=2425262 Av_12=476576338
15867423,11,84198,39832602,39832602,PASS,0.008518,tau=15867423 n=11 g_3=84198 Av_11=39832602
15867423,12,2425280,476576320,476576320,PASS,0.210111,tau=15867423 n=12 g_4=2425280 Av_12=476576320
15867432,11,84197,39832603,39832603,PASS,0.007776,tau=15867432 n=11 g_3=84197 Av_11=39832603
15867432,12,2425157,476576443,476576443,PASS,0.265235,tau=15867432 n=12 g_4=2425157 Av_12=476576443
15872643,11,84390,39832410,39832410,PASS,0.007055,tau=15872643 n=11 g_3=84390 Av_11=39832410
15872643,12,2436107,476565493,476565493,PASS,0.218559,tau=15872643 n=12 g_4=2436107 Av_12=476565493
15873246,11,84307,39832493,39832493,PASS,0.010282,tau=15873246 n=11 g_3=84307 Av_11=39832493
15873246,12,2432026,476569574,476569574,PASS,0.226009,tau=15873246 n=12 g_4=2432026 Av_12=476569574
15873264,11,84395,39832405,39832405,PASS,0.010491,tau=15873264 n=11 g_3=84395 Av_11=39832405
15873264,12,2436596,476565004,476565004,PASS,0.183220,tau=15873264 n=12 g_4=2436596 Av_12=476565004
15873426,11,84310,39832490,39832490,PASS,0.010588,tau=15873426 n=11 g_3=84310 Av_11=39832490
15873426,12,2432318,476569282,476569282,PASS,0.177677,tau=15873426 n=12 g_4=2432318 Av_12=476569282
15873462,11,84385,39832415,39832415,PASS,0.007403,tau=15873462 n=11 g_3=84385 Av_11=39832415
15873462,12,2435530,476566070,476566070,PASS,0.175358,tau=15873462 n=12 g_4=2435530 Av_12=476566070
15873624,11,84471,39832329,39832329,PASS,0.007521,tau=15873624 n=11 g_3=84471 Av_11=39832329
15873624,12,2439990,476561610,476561610,PASS,0.190229,tau=15873624 n=12 g_4=2439990 Av_12=476561610
15873642,11,84468,39832332,39832332,PASS,0.007737,tau=15873642 n=11 g_3=84468 Av_11=39832332
15873642,12,2439613,476561987,476561987,PASS,0.165631,tau=15873642 n=12 g_4=2439613 Av_12=476561987
15874236,11,84310,39832490,39832490,PASS,0.007093,tau=15874236 n=11 g_3=84310 Av_11=39832490
15874236,12,2432334,476569266,476569266,PASS,0.167889,tau=15874236 n=12 g_4=2432334 Av_12=476569266
15874263,11,84481,39832319,39832319,PASS,0.007303,tau=15874263 n=11 g_3=84481 Av_11=39832319
15874263,12,2440898,476560702,476560702,PASS,0.156975,tau=15874263 n=12 g_4=2440898 Av_12=476560702
15874326,11,84303,39832497,39832497,PASS,0.007693,tau=15874326 n=11 g_3=84303 Av_11=39832497
15874326,12,2431625,476569975,476569975,PASS,0.148281,tau=15874326 n=12 g_4=2431625 Av_12=476569975
15874362,11,84397,39832403,39832403,PASS,0.008177,tau=15874362 n=11 g_3=84397 Av_11=39832403
15874362,12,2436688,476564912,476564912,PASS,0.183076,tau=15874362 n=12 g_4=2436688 Av_12=476564912
15874623,11,84372,39832428,39832428,PASS,0.007623,tau=15874623 n=11 g_3=84372 Av_11=39832428
15874623,12,2434243,476567357,476567357,PASS,0.191204,tau=15874623 n=12 g_4=2434243 Av_12=476567357
15874632,11,84372,39832428,39832428,PASS,0.010063,tau=15874632 n=11 g_3=84372 Av_11=39832428
15874632,12,2434212,476567388,476567388,PASS,0.181383,tau=15874632 n=12 g_4=2434212 Av_12=476567388
15876234,11,84115,39832685,39832685,PASS,0.008441,tau=15876234 n=11 g_3=84115 Av_11=39832685
15876234,12,2421180,476580420,476580420,PASS,0.152244,tau=15876234 n=12 g_4=2421180 Av_12=476580420
15876243,11,84121,39832679,39832679,PASS,0.010143,tau=15876243 n=11 g_3=84121 Av_11=39832679
15876243,12,2421854,476579746,476579746,PASS,0.191617,tau=15876243 n=12 g_4=2421854 Av_12=476579746
15876324,11,84121,39832679,39832679,PASS,0.007678,tau=15876324 n=11 g_3=84121 Av_11=39832679
15876324,12,2421850,476579750,476579750,PASS,0.165160,tau=15876324 n=12 g_4=2421850 Av_12=476579750
15876342,11,84116,39832684,39832684,PASS,0.009844,tau=15876342 n=11 g_3=84116 Av_11=39832684
15876342,12,2421271,476580329,476580329,PASS,0.148317,tau=15876342 n=12 g_4=2421271 Av_12=476580329
15876423,11,84116,39832684,39832684,PASS,0.006514,tau=15876423 n=11 g_3=84116 Av_11=39832684
15876423,12,2421264,476580336,476580336,PASS,0.158110,tau=15876423 n=12 g_4=2421264 Av_12=476580336
15876432,11,84113,39832687,39832687,PASS,0.007580,tau=15876432 n=11 g_3=84113 Av_11=39832687
15876432,12,2420955,476580645,476580645,PASS,0.174392,tau=15876432 n=12 g_4=2420955 Av_12=476580645
16345782,11,84209,39832591,39832591,PASS,0.007576,tau=16345782 n=11 g_3=84209 Av_11=39832591
16345782,12,2426366,476575234,476575234,PASS,0.163121,tau=16345782 n=12 g_4=2426366 Av_12=476575234
16345827,11,84303,39832497,39832497,PASS,0.007148,tau=16345827 n=11 g_3=84303 Av_11=39832497
16345827,12,2431644,476569956,476569956,PASS,0.167651,tau=16345827 n=12 g_4=2431644 Av_12=476569956
16345872,11,84212,39832588,39832588,PASS,0.007057,tau=16345872 n=11 g_3=84212 Av_11=39832588
16345872,12,2426692,476574908,476574908,PASS,0.178541,tau=16345872 n=12 g_4=2426692 Av_12=476574908
16347285,11,84491,39832309,39832309,PASS,0.007081,tau=16347285 n=11 g_3=84491 Av_11=39832309
16347285,12,2442002,476559598,476559598,PASS,0.181272,tau=16347285 n=12 g_4=2442002 Av_12=476559598
16347582,11,84463,39832337,39832337,PASS,0.007681,tau=16347582 n=11 g_3=84463 Av_11=39832337
16347582,12,2439158,476562442,476562442,PASS,0.186259,tau=16347582 n=12 g_4=2439158 Av_12=476562442
16347825,11,84404,39832396,39832396,PASS,0.011457,tau=16347825 n=11 g_3=84404 Av_11=39832396
16347825,12,2437539,476564061,476564061,PASS,0.185501,tau=16347825 n=12 g_4=2437539 Av_12=476564061
16347852,11,84400,39832400,39832400,PASS,0.008157,tau=16347852 n=11 g_3=84400 Av_11=39832400
16347852,12,2436994,476564606,476564606,PASS,0.149254,tau=16347852 n=12 g_4=2436994 Av_12=476564606
16348275,11,84483,39832317,39832317,PASS,0.008162,tau=16348275 n=11 g_3=84483 Av_11=39832317
16348275,12,2441213,476560387,476560387,PASS,0.166104,tau=16348275 n=12 g_4=2441213 Av_12=476560387
16348527,11,84490,39832310,39832310,PASS,0.007755,tau=16348527 n=11 g_3=84490 Av_11=39832310
16348527,12,2441846,476559754,476559754,PASS,0.151830,tau=16348527 n=12 g_4=2441846 Av_12=476559754
16348572,11,84474,39832326,39832326,PASS,0.007136,tau=16348572 n=11 g_3=84474 Av_11=39832326
16348572,12,2440251,476561349,476561349,PASS,0.209505,tau=16348572 n=12 g_4=2440251 Av_12=476561349
16348725,11,84405,39832395,39832395,PASS,0.006568,tau=16348725 n=11 g_3=84405 Av_11=39832395
16348725,12,2437628,476563972,476563972,PASS,0.210566,tau=16348725 n=12 g_4=2437628 Av_12=476563972
16348752,11,84390,39832410,39832410,PASS,0.007384,tau=16348752 n=11 g_3=84390 Av_11=39832410
16348752,12,2436036,476565564,476565564,PASS,0.206676,tau=16348752 n=12 g_4=2436036 Av_12=476565564
16354782,11,84295,39832505,39832505,PASS,0.007731,tau=16354782 n=11 g_3=84295 Av_11=39832505
16354782,12,2430785,476570815,476570815,PASS,0.199043,tau=16354782 n=12 g_4=2430785 Av_12=476570815
16354827,11,84391,39832409,39832409,PASS,0.007387,tau=16354827 n=11 g_3=84391 Av_11=39832409
16354827,12,2436191,476565409,476565409,PASS,0.154677,tau=16354827 n=12 g_4=2436191 Av_12=476565409
16354872,11,84295,39832505,39832505,PASS,0.007844,tau=16354872 n=11 g_3=84295 Av_11=39832505
16354872,12,2430799,476570801,476570801,PASS,0.150490,tau=16354872 n=12 g_4=2430799 Av_12=476570801
16357284,11,84566,39832234,39832234,PASS,0.007277,tau=16357284 n=11 g_3=84566 Av_11=39832234
16357284,12,2445297,476556303,476556303,PASS,0.165738,tau=16357284 n=12 g_4=2445297 Av_12=476556303
16357482,11,84554,39832246,39832246,PASS,0.007829,tau=16357482 n=11 g_3=84554 Av_11=39832246
16357482,12,2444051,476557549,476557549,PASS,0.157819,tau=16357482 n=12 g_4=2444051 Av_12=476557549
16357824,11,84474,39832326,39832326,PASS,0.008405,tau=16357824 n=11 g_3=84474 Av_11=39832326
16357824,12,2440278,476561322,476561322,PASS,0.148982,tau=16357824 n=12 g_4=2440278 Av_12=476561322
16357842,11,84474,39832326,39832326,PASS,0.008545,tau=16357842 n=11 g_3=84474 Av_11=39832326
16357842,12,2440237,476561363,476561363,PASS,0.166523,tau=16357842 n=12 g_4=2440237 Av_12=476561363
16358247,11,84571,39832229,39832229,PASS,0.007196,tau=16358247 n=11 g_3=84571 Av_11=39832229
16358247,12,2445755,476555845,476555845,PASS,0.234999,tau=16358247 n=12 g_4=2445755 Av_12=476555845
16358274,11,84576,39832224,39832224,PASS,0.007277,tau=16358274 n=11 g_3=84576 Av_11=39832224
16358274,12,2446270,476555330,476555330,PASS,0.194365,tau=16358274 n=12 g_4=2446270 Av_12=476555330
16358427,11,84574,39832226,39832226,PASS,0.009444,tau=16358427 n=11 g_3=84574 Av_11=39832226
16358427,12,2446065,476555535,476555535,PASS,0.186162,tau=16358427 n=12 g_4=2446065 Av_12=476555535
16358472,11,84559,39832241,39832241,PASS,0.007874,tau=16358472 n=11 g_3=84559 Av_11=39832241
16358472,12,2444536,476557064,476557064,PASS,0.212931,tau=16358472 n=12 g_4=2444536 Av_12=476557064
16358724,11,84480,39832320,39832320,PASS,0.008211,tau=16358724 n=11 g_3=84480 Av_11=39832320
16358724,12,2440882,476560718,476560718,PASS,0.166601,tau=16358724 n=12 g_4=2440882 Av_12=476560718
16358742,11,84478,39832322,39832322,PASS,0.009561,tau=16358742 n=11 g_3=84478 Av_11=39832322
16358742,12,2440626,476560974,476560974,PASS,0.164771,tau=16358742 n=12 g_4=2440626 Av_12=476560974
16374582,11,84390,39832410,39832410,PASS,0.007557,tau=16374582 n=11 g_3=84390 Av_11=39832410
16374582,12,2436039,476565561,476565561,PASS,0.159164,tau=16374582 n=12 g_4=2436039 Av_12=476565561
16374825,11,84573,39832227,39832227,PASS,0.006890,tau=16374825 n=11 g_3=84573 Av_11=39832227
16374825,12,2445945,476555655,476555655,PASS,0.148585,tau=16374825 n=12 g_4=2445945 Av_12=476555655
16374852,11,84472,39832328,39832328,PASS,0.010695,tau=16374852 n=11 g_3=84472 Av_11=39832328
16374852,12,2440014,476561586,476561586,PASS,0.164223,tau=16374852 n=12 g_4=2440014 Av_12=476561586
16375284,11,84576,39832224,39832224,PASS,0.006905,tau=16375284 n=11 g_3=84576 Av_11=39832224
16375284,12,2446227,476555373,476555373,PASS,0.188558,tau=16375284 n=12 g_4=2446227 Av_12=476555373
16375482,11,84468,39832332,39832332,PASS,0.007656,tau=16375482 n=11 g_3=84468 Av_11=39832332
16375482,12,2439678,476561922,476561922,PASS,0.172893,tau=16375482 n=12 g_4=2439678 Av_12=476561922
16375824,11,84562,39832238,39832238,PASS,0.007314,tau=16375824 n=11 g_3=84562 Av_11=39832238
16375824,12,2444869,476556731,476556731,PASS,0.180186,tau=16375824 n=12 g_4=2444869 Av_12=476556731
16375842,11,84558,39832242,39832242,PASS,0.007618,tau=16375842 n=11 g_3=84558 Av_11=39832242
16375842,12,2444430,476557170,476557170,PASS,0.204358,tau=16375842 n=12 g_4=2444430 Av_12=476557170
16378245,11,84400,39832400,39832400,PASS,0.008010,tau=16378245 n=11 g_3=84400 Av_11=39832400
16378245,12,2437081,476564519,476564519,PASS,0.152043,tau=16378245 n=12 g_4=2437081 Av_12=476564519
16378254,11,84402,39832398,39832398,PASS,0.007029,tau=16378254 n=11 g_3=84402 Av_11=39832398
16378254,12,2437296,476564304,476564304,PASS,0.152807,tau=16378254 n=12 g_4=2437296 Av_12=476564304
16378425,11,84488,39832312,39832312,PASS,0.006845,tau=16378425 n=11 g_3=84488 Av_11=39832312
16378425,12,2441659,476559941,476559941,PASS,0.187289,tau=16378425 n=12 g_4=2441659 Av_12=476559941
16378452,11,84389,39832411,39832411,PASS,0.007497,tau=16378452 n=11 g_3=84389 Av_11=39832411
16378452,12,2435935,476565665,476565665,PASS,0.176805,tau=16378452 n=12 g_4=2435935 Av_12=476565665
16378524,11,84483,39832317,39832317,PASS,0.007047,tau=16378524 n=11 g_3=84483 Av_11=39832317
16378524,12,2441166,476560434,476560434,PASS,0.175337,tau=16378524 n=12 g_4=2441166 Av_12=476560434
16378542,11,84396,39832404,39832404,PASS,0.006919,tau=16378542 n=11 g_3=84396 Av_11=39832404
16378542,12,2436605,476564995,476564995,PASS,0.153708,tau=16378542 n=12 g_4=2436605 Av_12=476564995
16384527,11,84483,39832317,39832317,PASS,0.008430,tau=16384527 n=11 g_3=84483 Av_11=39832317
16384527,12,2441202,476560398,476560398,PASS,0.152935,tau=16384527 n=12 g_4=2441202 Av_12=476560398
16384572,11,84395,39832405,39832405,PASS,0.006999,tau=16384572 n=11 g_3=84395 Av_11=39832405
16384572,12,2436548,476565052,476565052,PASS,0.152152,tau=16384572 n=12 g_4=2436548 Av_12=476565052
16384725,11,84579,39832221,39832221,PASS,0.006976,tau=16384725 n=11 g_3=84579 Av_11=39832221
16384725,12,2446524,476555076,476555076,PASS,0.144578,tau=16384725 n=12 g_4=2446524 Av_12=476555076
16384752,11,84561,39832239,39832239,PASS,0.006840,tau=16384752 n=11 g_3=84561 Av_11=39832239
16384752,12,2444704,476556896,476556896,PASS,0.151544,tau=16384752 n=12 g_4=2444704 Av_12=476556896
16385274,11,84583,39832217,39832217,PASS,0.007355,tau=16385274 n=11 g_3=84583 Av_11=39832217
16385274,12,2446820,476554780,476554780,PASS,0.153577,tau=16385274 n=12 g_4=2446820 Av_12=476554780
16385427,11,84496,39832304,39832304,PASS,0.007279,tau=16385427 n=11 g_3=84496 Av_11=39832304
16385427,12,2442433,476559167,476559167,PASS,0.161056,tau=16385427 n=12 g_4=2442433 Av_12=476559167
16385472,11,84487,39832313,39832313,PASS,0.006926,tau=16385472 n=11 g_3=84487 Av_11=39832313
16385472,12,2441518,476560082,476560082,PASS,0.177072,tau=16385472 n=12 g_4=2441518 Av_12=476560082
16385724,11,84565,39832235,39832235,PASS,0.006573,tau=16385724 n=11 g_3=84565 Av_11=39832235
16385724,12,2445140,476556460,476556460,PASS,0.176638,tau=16385724 n=12 g_4=2445140 Av_12=476556460
16385742,11,84556,39832244,39832244,PASS,0.007428,tau=16385742 n=11 g_3=84556 Av_11=39832244
16385742,12,2444224,476557376,476557376,PASS,0.169146,tau=16385742 n=12 g_4=2444224 Av_12=476557376
16387254,11,84401,39832399,39832399,PASS,0.007479,tau=16387254 n=11 g_3=84401 Av_11=39832399
16387254,12,2437190,476564410,476564410,PASS,0.170826,tau=16387254 n=12 g_4=2437190 Av_12=476564410
16387425,11,84485,39832315,39832315,PASS,0.007274,tau=16387425 n=11 g_3=84485 Av_11=39832315
16387425,12,2441390,476560210,476560210,PASS,0.165418,tau=16387425 n=12 g_4=2441390 Av_12=476560210
16387452,11,84391,39832409,39832409,PASS,0.006914,tau=16387452 n=11 g_3=84391 Av_11=39832409
16387452,12,2436138,476565462,476565462,PASS,0.190113,tau=16387452 n=12 g_4=2436138 Av_12=476565462
16387524,11,84482,39832318,39832318,PASS,0.008365,tau=16387524 n=11 g_3=84482 Av_11=39832318
16387524,12,2441040,476560560,476560560,PASS,0.159264,tau=16387524 n=12 g_4=2441040 Av_12=476560560
16387542,11,84390,39832410,39832410,PASS,0.007429,tau=16387542 n=11 g_3=84390 Av_11=39832410
16387542,12,2436027,476565573,476565573,PASS,0.149099,tau=16387542 n=12 g_4=2436027 Av_12=476565573
16435782,11,84293,39832507,39832507,PASS,0.006939,tau=16435782 n=11 g_3=84293 Av_11=39832507
16435782,12,2430559,476571041,476571041,PASS,0.145462,tau=16435782 n=12 g_4=2430559 Av_12=476571041
16435827,11,84390,39832410,39832410,PASS,0.009359,tau=16435827 n=11 g_3=84390 Av_11=39832410
16435827,12,2436104,476565496,476565496,PASS,0.157241,tau=16435827 n=12 g_4=2436104 Av_12=476565496
16435872,11,84295,39832505,39832505,PASS,0.007189,tau=16435872 n=11 g_3=84295 Av_11=39832505
16435872,12,2430794,476570806,476570806,PASS,0.163660,tau=16435872 n=12 g_4=2430794 Av_12=476570806
16437285,11,84482,39832318,39832318,PASS,0.007110,tau=16437285 n=11 g_3=84482 Av_11=39832318
16437285,12,2441042,476560558,476560558,PASS,0.205793,tau=16437285 n=12 g_4=2441042 Av_12=476560558
16437582,11,84381,39832419,39832419,PASS,0.007020,tau=16437582 n=11 g_3=84381 Av_11=39832419
16437582,12,2435150,476566450,476566450,PASS,0.199721,tau=16437582 n=12 g_4=2435150 Av_12=476566450
16437825,11,84397,39832403,39832403,PASS,0.007314,tau=16437825 n=11 g_3=84397 Av_11=39832403
16437825,12,2436805,476564795,476564795,PASS,0.167319,tau=16437825 n=12 g_4=2436805 Av_12=476564795
16437852,11,84390,39832410,39832410,PASS,0.018916,tau=16437852 n=11 g_3=84390 Av_11=39832410
16437852,12,2436059,476565541,476565541,PASS,0.195092,tau=16437852 n=12 g_4=2436059 Av_12=476565541
16438275,11,84386,39832414,39832414,PASS,0.010038,tau=16438275 n=11 g_3=84386 Av_11=39832414
16438275,12,2435691,476565909,476565909,PASS,0.163341,tau=16438275 n=12 g_4=2435691 Av_12=476565909
16438527,11,84491,39832309,39832309,PASS,0.010250,tau=16438527 n=11 g_3=84491 Av_11=39832309
16438527,12,2441914,476559686,476559686,PASS,0.202419,tau=16438527 n=12 g_4=2441914 Av_12=476559686
16438572,11,84473,39832327,39832327,PASS,0.010067,tau=16438572 n=11 g_3=84473 Av_11=39832327
16438572,12,2440147,476561453,476561453,PASS,0.205815,tau=16438572 n=12 g_4=2440147 Av_12=476561453
16438725,11,84394,39832406,39832406,PASS,0.010381,tau=16438725 n=11 g_3=84394 Av_11=39832406
16438725,12,2436492,476565108,476565108,PASS,0.197327,tau=16438725 n=12 g_4=2436492 Av_12=476565108
16438752,11,84301,39832499,39832499,PASS,0.010275,tau=16438752 n=11 g_3=84301 Av_11=39832499
16438752,12,2431355,476570245,476570245,PASS,0.191823,tau=16438752 n=12 g_4=2431355 Av_12=476570245
16453782,11,84208,39832592,39832592,PASS,0.007874,tau=16453782 n=11 g_3=84208 Av_11=39832592
16453782,12,2426275,476575325,476575325,PASS,0.167245,tau=16453782 n=12 g_4=2426275 Av_12=476575325
16453827,11,84294,39832506,39832506,PASS,0.006537,tau=16453827 n=11 g_3=84294 Av_11=39832506
16453827,12,2430673,476570927,476570927,PASS,0.159786,tau=16453827 n=12 g_4=2430673 Av_12=476570927
16453872,11,84208,39832592,39832592,PASS,0.007031,tau=16453872 n=11 g_3=84208 Av_11=39832592
16453872,12,2426284,476575316,476575316,PASS,0.189899,tau=16453872 n=12 g_4=2426284 Av_12=476575316
16457283,11,84382,39832418,39832418,PASS,0.007119,tau=16457283 n=11 g_3=84382 Av_11=39832418
16457283,12,2435348,476566252,476566252,PASS,0.199198,tau=16457283 n=12 g_4=2435348 Av_12=476566252
16457382,11,84380,39832420,39832420,PASS,0.011907,tau=16457382 n=11 g_3=84380 Av_11=39832420
16457382,12,2435087,476566513,476566513,PASS,0.215480,tau=16457382 n=12 g_4=2435087 Av_12=476566513
16457823,11,84205,39832595,39832595,PASS,0.009849,tau=16457823 n=11 g_3=84205 Av_11=39832595
16457823,12,2425970,476575630,476575630,PASS,0.191192,tau=16457823 n=12 g_4=2425970 Av_12=476575630
16457832,11,84205,39832595,39832595,PASS,0.009818,tau=16457832 n=11 g_3=84205 Av_11=39832595
16457832,12,2425972,476575628,476575628,PASS,0.192448,tau=16457832 n=12 g_4=2425972 Av_12=476575628
16458237,11,84308,39832492,39832492,PASS,0.008075,tau=16458237 n=11 g_3=84308 Av_11=39832492
16458237,12,2432131,476569469,476569469,PASS,0.154956,tau=16458237 n=12 g_4=2432131 Av_12=476569469
16458273,11,84398,39832402,39832402,PASS,0.007669,tau=16458273 n=11 g_3=84398 Av_11=39832402
16458273,12,2436915,476564685,476564685,PASS,0.151293,tau=16458273 n=12 g_4=2436915 Av_12=476564685
16458327,11,84310,39832490,39832490,PASS,0.007177,tau=16458327 n=11 g_3=84310 Av_11=39832490
16458327,12,2432330,476569270,476569270,PASS,0.145101,tau=16458327 n=12 g_4=2432330 Av_12=476569270
16458372,11,84389,39832411,39832411,PASS,0.007429,tau=16458372 n=11 g_3=84389 Av_11=39832411
16458372,12,2435981,476565619,476565619,PASS,0.152084,tau=16458372 n=12 g_4=2435981 Av_12=476565619
16458723,11,84209,39832591,39832591,PASS,0.008463,tau=16458723 n=11 g_3=84209 Av_11=39832591
16458723,12,2426396,476575204,476575204,PASS,0.167174,tau=16458723 n=12 g_4=2426396 Av_12=476575204
16458732,11,84209,39832591,39832591,PASS,0.007133,tau=16458732 n=11 g_3=84209 Av_11=39832591
16458732,12,2426396,476575204,476575204,PASS,0.171909,tau=16458732 n=12 g_4=2426396 Av_12=476575204
16473285,11,84485,39832315,39832315,PASS,0.006717,tau=16473285 n=11 g_3=84485 Av_11=39832315
16473285,12,2441365,476560235,476560235,PASS,0.153665,tau=16473285 n=12 g_4=2441365 Av_12=476560235
16473582,11,84471,39832329,39832329,PASS,0.007537,tau=16473582 n=11 g_3=84471 Av_11=39832329
16473582,12,2439929,476561671,476561671,PASS,0.184767,tau=16473582 n=12 g_4=2439929 Av_12=476561671
16473825,11,84566,39832234,39832234,PASS,0.007197,tau=16473825 n=11 g_3=84566 Av_11=39832234
16473825,12,2445268,476556332,476556332,PASS,0.168275,tau=16473825 n=12 g_4=2445268 Av_12=476556332
16473852,11,84563,39832237,39832237,PASS,0.009280,tau=16473852 n=11 g_3=84563 Av_11=39832237
16473852,12,2444911,476556689,476556689,PASS,0.155201,tau=16473852 n=12 g_4=2444911 Av_12=476556689
16475283,11,84390,39832410,39832410,PASS,0.009753,tau=16475283 n=11 g_3=84390 Av_11=39832410
16475283,12,2436086,476565514,476565514,PASS,0.159012,tau=16475283 n=12 g_4=2436086 Av_12=476565514
16475382,11,84378,39832422,39832422,PASS,0.007518,tau=16475382 n=11 g_3=84378 Av_11=39832422
16475382,12,2434858,476566742,476566742,PASS,0.151364,tau=16475382 n=12 g_4=2434858 Av_12=476566742
16475823,11,84289,39832511,39832511,PASS,0.007228,tau=16475823 n=11 g_3=84289 Av_11=39832511
16475823,12,2430169,476571431,476571431,PASS,0.144251,tau=16475823 n=12 g_4=2430169 Av_12=476571431
16475832,11,84289,39832511,39832511,PASS,0.007591,tau=16475832 n=11 g_3=84289 Av_11=39832511
16475832,12,2430157,476571443,476571443,PASS,0.185707,tau=16475832 n=12 g_4=2430157 Av_12=476571443
16478235,11,84389,39832411,39832411,PASS,0.008097,tau=16478235 n=11 g_3=84389 Av_11=39832411
16478235,12,2435978,476565622,476565622,PASS,0.184543,tau=16478235 n=12 g_4=2435978 Av_12=476565622
16478253,11,84477,39832323,39832323,PASS,0.007391,tau=16478253 n=11 g_3=84477 Av_11=39832323
16478253,12,2440575,476561025,476561025,PASS,0.182523,tau=16478253 n=12 g_4=2440575 Av_12=476561025
16478325,11,84395,39832405,39832405,PASS,0.007279,tau=16478325 n=11 g_3=84395 Av_11=39832405
16478325,12,2436596,476565004,476565004,PASS,0.152319,tau=16478325 n=12 g_4=2436596 Av_12=476565004
16478352,11,84471,39832329,39832329,PASS,0.007602,tau=16478352 n=11 g_3=84471 Av_11=39832329
16478352,12,2439905,476561695,476561695,PASS,0.184756,tau=16478352 n=12 g_4=2439905 Av_12=476561695
16478523,11,84376,39832424,39832424,PASS,0.006945,tau=16478523 n=11 g_3=84376 Av_11=39832424
16478523,12,2434652,476566948,476566948,PASS,0.171323,tau=16478523 n=12 g_4=2434652 Av_12=476566948
16478532,11,84375,39832425,39832425,PASS,0.007778,tau=16478532 n=11 g_3=84375 Av_11=39832425
16478532,12,2434539,476567061,476567061,PASS,0.155167,tau=16478532 n=12 g_4=2434539 Av_12=476567061
16483257,11,84484,39832316,39832316,PASS,0.007124,tau=16483257 n=11 g_3=84484 Av_11=39832316
16483257,12,2441265,476560335,476560335,PASS,0.196330,tau=16483257 n=12 g_4=2441265 Av_12=476560335
16483275,11,84480,39832320,39832320,PASS,0.010693,tau=16483275 n=11 g_3=84480 Av_11=39832320
16483275,12,2440884,476560716,476560716,PASS,0.198156,tau=16483275 n=12 g_4=2440884 Av_12=476560716
16483527,11,84568,39832232,39832232,PASS,0.007742,tau=16483527 n=11 g_3=84568 Av_11=39832232
16483527,12,2445458,476556142,476556142,PASS,0.195002,tau=16483527 n=12 g_4=2445458 Av_12=476556142
16483572,11,84561,39832239,39832239,PASS,0.007039,tau=16483572 n=11 g_3=84561 Av_11=39832239
16483572,12,2444723,476556877,476556877,PASS,0.153469,tau=16483572 n=12 g_4=2444723 Av_12=476556877
16483725,11,84479,39832321,39832321,PASS,0.007216,tau=16483725 n=11 g_3=84479 Av_11=39832321
16483725,12,2440808,476560792,476560792,PASS,0.155709,tau=16483725 n=12 g_4=2440808 Av_12=476560792
16483752,11,84478,39832322,39832322,PASS,0.007275,tau=16483752 n=11 g_3=84478 Av_11=39832322
16483752,12,2440644,476560956,476560956,PASS,0.168734,tau=16483752 n=12 g_4=2440644 Av_12=476560956
16485237,11,84479,39832321,39832321,PASS,0.008277,tau=16485237 n=11 g_3=84479 Av_11=39832321
16485237,12,2440766,476560834,476560834,PASS,0.160893,tau=16485237 n=12 g_4=2440766 Av_12=476560834
16485273,11,84565,39832235,39832235,PASS,0.010260,tau=16485273 n=11 g_3=84565 Av_11=39832235
16485273,12,2445144,476556456,476556456,PASS,0.171932,tau=16485273 n=12 g_4=2445144 Av_12=476556456
16485327,11,84475,39832325,39832325,PASS,0.010614,tau=16485327 n=11 g_3=84475 Av_11=39832325
16485327,12,2440352,476561248,476561248,PASS,0.157074,tau=16485327 n=12 g_4=2440352 Av_12=476561248
16485372,11,84556,39832244,39832244,PASS,0.010356,tau=16485372 n=11 g_3=84556 Av_11=39832244
16485372,12,2444231,476557369,476557369,PASS,0.212690,tau=16485372 n=12 g_4=2444231 Av_12=476557369
16485723,11,84377,39832423,39832423,PASS,0.006724,tau=16485723 n=11 g_3=84377 Av_11=39832423
16485723,12,2434746,476566854,476566854,PASS,0.154454,tau=16485723 n=12 g_4=2434746 Av_12=476566854
16485732,11,84377,39832423,39832423,PASS,0.008017,tau=16485732 n=11 g_3=84377 Av_11=39832423
16485732,12,2434734,476566866,476566866,PASS,0.200284,tau=16485732 n=12 g_4=2434734 Av_12=476566866
16487235,11,84390,39832410,39832410,PASS,0.007848,tau=16487235 n=11 g_3=84390 Av_11=39832410
16487235,12,2436066,476565534,476565534,PASS,0.169101,tau=16487235 n=12 g_4=2436066 Av_12=476565534
16487253,11,84473,39832327,39832327,PASS,0.010263,tau=16487253 n=11 g_3=84473 Av_11=39832327
16487253,12,2440202,476561398,476561398,PASS,0.186337,tau=16487253 n=12 g_4=2440202 Av_12=476561398
16487325,11,84395,39832405,39832405,PASS,0.010548,tau=16487325 n=11 g_3=84395 Av_11=39832405
16487325,12,2436578,476565022,476565022,PASS,0.152479,tau=16487325 n=12 g_4=2436578 Av_12=476565022
16487352,11,84468,39832332,39832332,PASS,0.007526,tau=16487352 n=11 g_3=84468 Av_11=39832332
16487352,12,2439631,476561969,476561969,PASS,0.224570,tau=16487352 n=12 g_4=2439631 Av_12=476561969
16487523,11,84294,39832506,39832506,PASS,0.006838,tau=16487523 n=11 g_3=84294 Av_11=39832506
16487523,12,2430636,476570964,476570964,PASS,0.191890,tau=16487523 n=12 g_4=2430636 Av_12=476570964
16487532,11,84292,39832508,39832508,PASS,0.007654,tau=16487532 n=11 g_3=84292 Av_11=39832508
16487532,12,2430424,476571176,476571176,PASS,0.203923,tau=16487532 n=12 g_4=2430424 Av_12=476571176
16534782,11,84210,39832590,39832590,PASS,0.006693,tau=16534782 n=11 g_3=84210 Av_11=39832590
16534782,12,2426479,476575121,476575121,PASS,0.153884,tau=16534782 n=12 g_4=2426479 Av_12=476575121
16534827,11,84299,39832501,39832501,PASS,0.007556,tau=16534827 n=11 g_3=84299 Av_11=39832501
16534827,12,2431190,476570410,476570410,PASS,0.178779,tau=16534827 n=12 g_4=2431190 Av_12=476570410
16534872,11,84210,39832590,39832590,PASS,0.009833,tau=16534872 n=11 g_3=84210 Av_11=39832590
16534872,12,2426493,476575107,476575107,PASS,0.193592,tau=16534872 n=12 g_4=2426493 Av_12=476575107
16537482,11,84467,39832333,39832333,PASS,0.008208,tau=16537482 n=11 g_3=84467 Av_11=39832333
16537482,12,2439540,476562060,476562060,PASS,0.163902,tau=16537482 n=12 g_4=2439540 Av_12=476562060
16537824,11,84394,39832406,39832406,PASS,0.010283,tau=16537824 n=11 g_3=84394 Av_11=39832406
16537824,12,2436485,476565115,476565115,PASS,0.182745,tau=16537824 n=12 g_4=2436485 Av_12=476565115
16537842,11,84394,39832406,39832406,PASS,0.010645,tau=16537842 n=11 g_3=84394 Av_11=39832406
16537842,12,2436378,476565222,476565222,PASS,0.178027,tau=16537842 n=12 g_4=2436378 Av_12=476565222
16538427,11,84480,39832320,39832320,PASS,0.007086,tau=16538427 n=11 g_3=84480 Av_11=39832320
16538427,12,2440849,476560751,476560751,PASS,0.177304,tau=16538427 n=12 g_4=2440849 Av_12=476560751
16538472,11,84477,39832323,39832323,PASS,0.010202,tau=16538472 n=11 g_3=84477 Av_11=39832323
16538472,12,2440504,476561096,476561096,PASS,0.159792,tau=16538472 n=12 g_4=2440504 Av_12=476561096
16538724,11,84394,39832406,39832406,PASS,0.009792,tau=16538724 n=11 g_3=84394 Av_11=39832406
16538724,12,2436446,476565154,476565154,PASS,0.186441,tau=16538724 n=12 g_4=2436446 Av_12=476565154
16538742,11,84387,39832413,39832413,PASS,0.007551,tau=16538742 n=11 g_3=84387 Av_11=39832413
16538742,12,2435703,476565897,476565897,PASS,0.182679,tau=16538742 n=12 g_4=2435703 Av_12=476565897
16543782,11,84111,39832689,39832689,PASS,0.008431,tau=16543782 n=11 g_3=84111 Av_11=39832689
16543782,12,2420753,476580847,476580847,PASS,0.167710,tau=16543782 n=12 g_4=2420753 Av_12=476580847
16543827,11,84195,39832605,39832605,PASS,0.008041,tau=16543827 n=11 g_3=84195 Av_11=39832605
16543827,12,2424924,476576676,476576676,PASS,0.185802,tau=16543827 n=12 g_4=2424924 Av_12=476576676
16543872,11,84111,39832689,39832689,PASS,0.007617,tau=16543872 n=11 g_3=84111 Av_11=39832689
16543872,12,2420750,476580850,476580850,PASS,0.192182,tau=16543872 n=12 g_4=2420750 Av_12=476580850
16547283,11,84300,39832500,39832500,PASS,0.012077,tau=16547283 n=11 g_3=84300 Av_11=39832500
16547283,12,2431282,476570318,476570318,PASS,0.195208,tau=16547283 n=12 g_4=2431282 Av_12=476570318
16547382,11,84293,39832507,39832507,PASS,0.010213,tau=16547382 n=11 g_3=84293 Av_11=39832507
16547382,12,2430540,476571060,476571060,PASS,0.172471,tau=16547382 n=12 g_4=2430540 Av_12=476571060
16547823,11,84118,39832682,39832682,PASS,0.006983,tau=16547823 n=11 g_3=84118 Av_11=39832682
16547823,12,2421495,476580105,476580105,PASS,0.165247,tau=16547823 n=12 g_4=2421495 Av_12=476580105
16547832,11,84118,39832682,39832682,PASS,0.010225,tau=16547832 n=11 g_3=84118 Av_11=39832682
16547832,12,2421485,476580115,476580115,PASS,0.156968,tau=16547832 n=12 g_4=2421485 Av_12=476580115
16548237,11,84301,39832499,39832499,PASS,0.011021,tau=16548237 n=11 g_3=84301 Av_11=39832499
16548237,12,2431396,476570204,476570204,PASS,0.146778,tau=16548237 n=12 g_4=2431396 Av_12=476570204
16548273,11,84385,39832415,39832415,PASS,0.009943,tau=16548273 n=11 g_3=84385 Av_11=39832415
16548273,12,2435592,476566008,476566008,PASS,0.180874,tau=16548273 n=12 g_4=2435592 Av_12=476566008
16548327,11,84294,39832506,39832506,PASS,0.009819,tau=16548327 n=11 g_3=84294 Av_11=39832506
16548327,12,2430676,476570924,476570924,PASS,0.176718,tau=16548327 n=12 g_4=2430676 Av_12=476570924
16548372,11,84293,39832507,39832507,PASS,0.011110,tau=16548372 n=11 g_3=84293 Av_11=39832507
16548372,12,2430571,476571029,476571029,PASS,0.193931,tau=16548372 n=12 g_4=2430571 Av_12=476571029
16548723,11,84118,39832682,39832682,PASS,0.007176,tau=16548723 n=11 g_3=84118 Av_11=39832682
16548723,12,2421493,476580107,476580107,PASS,0.196045,tau=16548723 n=12 g_4=2421493 Av_12=476580107
16548732,11,84118,39832682,39832682,PASS,0.010192,tau=16548732 n=11 g_3=84118 Av_11=39832682
16548732,12,2421480,476580120,476580120,PASS,0.233873,tau=16548732 n=12 g_4=2421480 Av_12=476580120
16573284,11,84310,39832490,39832490,PASS,0.006952,tau=16573284 n=11 g_3=84310 Av_11=39832490
16573284,12,2432345,476569255,476569255,PASS,0.209266,tau=16573284 n=12 g_4=2432345 Av_12=476569255
16573482,11,84298,39832502,39832502,PASS,0.008260,tau=16573482 n=11 g_3=84298 Av_11=39832502
16573482,12,2431096,476570504,476570504,PASS,0.194070,tau=16573482 n=12 g_4=2431096 Av_12=476570504
16573824,11,84392,39832408,39832408,PASS,0.010278,tau=16573824 n=11 g_3=84392 Av_11=39832408
16573824,12,2436300,476565300,476565300,PASS,0.176363,tau=16573824 n=12 g_4=2436300 Av_12=476565300
16573842,11,84382,39832418,39832418,PASS,0.010639,tau=16573842 n=11 g_3=84382 Av_11=39832418
16573842,12,2435253,476566347,476566347,PASS,0.183849,tau=16573842 n=12 g_4=2435253 Av_12=476566347
16574283,11,84384,39832416,39832416,PASS,0.009854,tau=16574283 n=11 g_3=84384 Av_11=39832416
16574283,12,2435543,476566057,476566057,PASS,0.170417,tau=16574283 n=12 g_4=2435543 Av_12=476566057
16574382,11,84296,39832504,39832504,PASS,0.007159,tau=16574382 n=11 g_3=84296 Av_11=39832504
16574382,12,2430857,476570743,476570743,PASS,0.168840,tau=16574382 n=12 g_4=2430857 Av_12=476570743
16574823,11,84291,39832509,39832509,PASS,0.007036,tau=16574823 n=11 g_3=84291 Av_11=39832509
16574823,12,2430373,476571227,476571227,PASS,0.182037,tau=16574823 n=12 g_4=2430373 Av_12=476571227
16574832,11,84289,39832511,39832511,PASS,0.010393,tau=16574832 n=11 g_3=84289 Av_11=39832511
16574832,12,2430150,476571450,476571450,PASS,0.156090,tau=16574832 n=12 g_4=2430150 Av_12=476571450
16578234,11,84113,39832687,39832687,PASS,0.009746,tau=16578234 n=11 g_3=84113 Av_11=39832687
16578234,12,2420974,476580626,476580626,PASS,0.159622,tau=16578234 n=12 g_4=2420974 Av_12=476580626
16578243,11,84121,39832679,39832679,PASS,0.007634,tau=16578243 n=11 g_3=84121 Av_11=39832679
16578243,12,2421830,476579770,476579770,PASS,0.177682,tau=16578243 n=12 g_4=2421830 Av_12=476579770
16578324,11,84121,39832679,39832679,PASS,0.007374,tau=16578324 n=11 g_3=84121 Av_11=39832679
16578324,12,2421830,476579770,476579770,PASS,0.202087,tau=16578324 n=12 g_4=2421830 Av_12=476579770
16578342,11,84114,39832686,39832686,PASS,0.007355,tau=16578342 n=11 g_3=84114 Av_11=39832686
16578342,12,2421078,476580522,476580522,PASS,0.219785,tau=16578342 n=12 g_4=2421078 Av_12=476580522
16578423,11,84114,39832686,39832686,PASS,0.007397,tau=16578423 n=11 g_3=84114 Av_11=39832686
16578423,12,2421085,476580515,476580515,PASS,0.202020,tau=16578423 n=12 g_4=2421085 Av_12=476580515
16578432,11,84113,39832687,39832687,PASS,0.007570,tau=16578432 n=11 g_3=84113 Av_11=39832687
16578432,12,2420960,476580640,476580640,PASS,0.176884,tau=16578432 n=12 g_4=2420960 Av_12=476580640
16583274,11,84401,39832399,39832399,PASS,0.007567,tau=16583274 n=11 g_3=84401 Av_11=39832399
16583274,12,2437205,476564395,476564395,PASS,0.163272,tau=16583274 n=12 g_4=2437205 Av_12=476564395
16583427,11,84307,39832493,39832493,PASS,0.007649,tau=16583427 n=11 g_3=84307 Av_11=39832493
16583427,12,2432026,476569574,476569574,PASS,0.163895,tau=16583427 n=12 g_4=2432026 Av_12=476569574
16583472,11,84391,39832409,39832409,PASS,0.006985,tau=16583472 n=11 g_3=84391 Av_11=39832409
16583472,12,2436159,476565441,476565441,PASS,0.150661,tau=16583472 n=12 g_4=2436159 Av_12=476565441
16583724,11,84473,39832327,39832327,PASS,0.007232,tau=16583724 n=11 g_3=84473 Av_11=39832327
16583724,12,2440206,476561394,476561394,PASS,0.160633,tau=16583724 n=12 g_4=2440206 Av_12=476561394
16583742,11,84468,39832332,39832332,PASS,0.007238,tau=16583742 n=11 g_3=84468 Av_11=39832332
16583742,12,2439628,476561972,476561972,PASS,0.161850,tau=16583742 n=12 g_4=2439628 Av_12=476561972
16584237,11,84307,39832493,39832493,PASS,0.009121,tau=16584237 n=11 g_3=84307 Av_11=39832493
16584237,12,2432014,476569586,476569586,PASS,0.173130,tau=16584237 n=12 g_4=2432014 Av_12=476569586
16584273,11,84482,39832318,39832318,PASS,0.007030,tau=16584273 n=11 g_3=84482 Av_11=39832318
16584273,12,2441052,476560548,476560548,PASS,0.189644,tau=16584273 n=12 g_4=2441052 Av_12=476560548
16584327,11,84298,39832502,39832502,PASS,0.007874,tau=16584327 n=11 g_3=84298 Av_11=39832502
16584327,12,2431068,476570532,476570532,PASS,0.177914,tau=16584327 n=12 g_4=2431068 Av_12=476570532
16584372,11,84390,39832410,39832410,PASS,0.010100,tau=16584372 n=11 g_3=84390 Av_11=39832410
16584372,12,2436032,476565568,476565568,PASS,0.162920,tau=16584372 n=12 g_4=2436032 Av_12=476565568
16584723,11,84294,39832506,39832506,PASS,0.007700,tau=16584723 n=11 g_3=84294 Av_11=39832506
16584723,12,2430644,476570956,476570956,PASS,0.180908,tau=16584723 n=12 g_4=2430644 Av_12=476570956
16584732,11,84292,39832508,39832508,PASS,0.007612,tau=16584732 n=11 g_3=84292 Av_11=39832508
16584732,12,2430417,476571183,476571183,PASS,0.192711,tau=16584732 n=12 g_4=2430417 Av_12=476571183
16587234,11,84114,39832686,39832686,PASS,0.010249,tau=16587234 n=11 g_3=84114 Av_11=39832686
16587234,12,2421072,476580528,476580528,PASS,0.194861,tau=16587234 n=12 g_4=2421072 Av_12=476580528
16587243,11,84121,39832679,39832679,PASS,0.010492,tau=16587243 n=11 g_3=84121 Av_11=39832679
16587243,12,2421837,476579763,476579763,PASS,0.156507,tau=16587243 n=12 g_4=2421837 Av_12=476579763
16587324,11,84121,39832679,39832679,PASS,0.007219,tau=16587324 n=11 g_3=84121 Av_11=39832679
16587324,12,2421837,476579763,476579763,PASS,0.188321,tau=16587324 n=12 g_4=2421837 Av_12=476579763
16587342,11,84115,39832685,39832685,PASS,0.010509,tau=16587342 n=11 g_3=84115 Av_11=39832685
16587342,12,2421176,476580424,476580424,PASS,0.219288,tau=16587342 n=12 g_4=2421176 Av_12=476580424
16587423,11,84115,39832685,39832685,PASS,0.007047,tau=16587423 n=11 g_3=84115 Av_11=39832685
16587423,12,2421182,476580418,476580418,PASS,0.178104,tau=16587423 n=12 g_4=2421182 Av_12=476580418
16587432,11,84114,39832686,39832686,PASS,0.007164,tau=16587432 n=11 g_3=84114 Av_11=39832686
16587432,12,2421052,476580548,476580548,PASS,0.206315,tau=16587432 n=12 g_4=2421052 Av_12=476580548
16734528,11,84116,39832684,39832684,PASS,0.015436,tau=16734528 n=11 g_3=84116 Av_11=39832684
16734528,12,2421277,476580323,476580323,PASS,0.146430,tau=16734528 n=12 g_4=2421277 Av_12=476580323
16734582,11,84208,39832592,39832592,PASS,0.007131,tau=16734582 n=11 g_3=84208 Av_11=39832592
16734582,12,2426304,476575296,476575296,PASS,0.201730,tau=16734582 n=12 g_4=2426304 Av_12=476575296
16734825,11,84399,39832401,39832401,PASS,0.006681,tau=16734825 n=11 g_3=84399 Av_11=39832401
16734825,12,2437010,476564590,476564590,PASS,0.185311,tau=16734825 n=12 g_4=2437010 Av_12=476564590
16734852,11,84388,39832412,39832412,PASS,0.006964,tau=16734852 n=11 g_3=84388 Av_11=39832412
16734852,12,2435811,476565789,476565789,PASS,0.170584,tau=16734852 n=12 g_4=2435811 Av_12=476565789
16735428,11,84291,39832509,39832509,PASS,0.008474,tau=16735428 n=11 g_3=84291 Av_11=39832509
16735428,12,2430359,476571241,476571241,PASS,0.144748,tau=16735428 n=12 g_4=2430359 Av_12=476571241
16735482,11,84302,39832498,39832498,PASS,0.007717,tau=16735482 n=11 g_3=84302 Av_11=39832498
16735482,12,2431503,476570097,476570097,PASS,0.150670,tau=16735482 n=12 g_4=2431503 Av_12=476570097
16735824,11,84482,39832318,39832318,PASS,0.009426,tau=16735824 n=11 g_3=84482 Av_11=39832318
16735824,12,2441024,476560576,476560576,PASS,0.186412,tau=16735824 n=12 g_4=2441024 Av_12=476560576
16735842,11,84478,39832322,39832322,PASS,0.009803,tau=16735842 n=11 g_3=84478 Av_11=39832322
16735842,12,2440603,476560997,476560997,PASS,0.172328,tau=16735842 n=12 g_4=2440603 Av_12=476560997
16738425,11,84470,39832330,39832330,PASS,0.007112,tau=16738425 n=11 g_3=84470 Av_11=39832330
16738425,12,2439877,476561723,476561723,PASS,0.152014,tau=16738425 n=12 g_4=2439877 Av_12=476561723
16738452,11,84295,39832505,39832505,PASS,0.007120,tau=16738452 n=11 g_3=84295 Av_11=39832505
16738452,12,2430740,476570860,476570860,PASS,0.149906,tau=16738452 n=12 g_4=2430740 Av_12=476570860
16738524,11,84470,39832330,39832330,PASS,0.007231,tau=16738524 n=11 g_3=84470 Av_11=39832330
16738524,12,2439835,476561765,476561765,PASS,0.160782,tau=16738524 n=12 g_4=2439835 Av_12=476561765
16738542,11,84387,39832413,39832413,PASS,0.006543,tau=16738542 n=11 g_3=84387 Av_11=39832413
16738542,12,2435713,476565887,476565887,PASS,0.150471,tau=16738542 n=12 g_4=2435713 Av_12=476565887
16743582,11,84302,39832498,39832498,PASS,0.006665,tau=16743582 n=11 g_3=84302 Av_11=39832498
16743582,12,2431495,476570105,476570105,PASS,0.153260,tau=16743582 n=12 g_4=2431495 Av_12=476570105
16743825,11,84395,39832405,39832405,PASS,0.008243,tau=16743825 n=11 g_3=84395 Av_11=39832405
16743825,12,2436620,476564980,476564980,PASS,0.173621,tau=16743825 n=12 g_4=2436620 Av_12=476564980
16743852,11,84394,39832406,39832406,PASS,0.007489,tau=16743852 n=11 g_3=84394 Av_11=39832406
16743852,12,2436439,476565161,476565161,PASS,0.153982,tau=16743852 n=12 g_4=2436439 Av_12=476565161
16745238,11,84108,39832692,39832692,PASS,0.006358,tau=16745238 n=11 g_3=84108 Av_11=39832692
16745238,12,2420433,476581167,476581167,PASS,0.170410,tau=16745238 n=12 g_4=2420433 Av_12=476581167
16745283,11,84297,39832503,39832503,PASS,0.006421,tau=16745283 n=11 g_3=84297 Av_11=39832503
16745283,12,2430983,476570617,476570617,PASS,0.150798,tau=16745283 n=12 g_4=2430983 Av_12=476570617
16745328,11,84112,39832688,39832688,PASS,0.008145,tau=16745328 n=11 g_3=84112 Av_11=39832688
16745328,12,2420833,476580767,476580767,PASS,0.155551,tau=16745328 n=12 g_4=2420833 Av_12=476580767
16745382,11,84205,39832595,39832595,PASS,0.007136,tau=16745382 n=11 g_3=84205 Av_11=39832595
16745382,12,2425989,476575611,476575611,PASS,0.151140,tau=16745382 n=12 g_4=2425989 Av_12=476575611
16745823,11,84208,39832592,39832592,PASS,0.007357,tau=16745823 n=11 g_3=84208 Av_11=39832592
16745823,12,2426258,476575342,476575342,PASS,0.144971,tau=16745823 n=12 g_4=2426258 Av_12=476575342
16745832,11,84208,39832592,39832592,PASS,0.007409,tau=16745832 n=11 g_3=84208 Av_11=39832592
16745832,12,2426254,476575346,476575346,PASS,0.153313,tau=16745832 n=12 g_4=2426254 Av_12=476575346
16748235,11,84392,39832408,39832408,PASS,0.008913,tau=16748235 n=11 g_3=84392 Av_11=39832408
16748235,12,2436231,476565369,476565369,PASS,0.160050,tau=16748235 n=12 g_4=2436231 Av_12=476565369
16748253,11,84472,39832328,39832328,PASS,0.007175,tau=16748253 n=11 g_3=84472 Av_11=39832328
16748253,12,2440029,476561571,476561571,PASS,0.152761,tau=16748253 n=12 g_4=2440029 Av_12=476561571
16748325,11,84392,39832408,39832408,PASS,0.006743,tau=16748325 n=11 g_3=84392 Av_11=39832408
16748325,12,2436240,476565360,476565360,PASS,0.149052,tau=16748325 n=12 g_4=2436240 Av_12=476565360
16748352,11,84466,39832334,39832334,PASS,0.006991,tau=16748352 n=11 g_3=84466 Av_11=39832334
16748352,12,2439408,476562192,476562192,PASS,0.172816,tau=16748352 n=12 g_4=2439408 Av_12=476562192
16748523,11,84288,39832512,39832512,PASS,0.010817,tau=16748523 n=11 g_3=84288 Av_11=39832512
16748523,12,2430011,476571589,476571589,PASS,0.167315,tau=16748523 n=12 g_4=2430011 Av_12=476571589
16748532,11,84288,39832512,39832512,PASS,0.011831,tau=16748532 n=11 g_3=84288 Av_11=39832512
16748532,12,2430002,476571598,476571598,PASS,0.194212,tau=16748532 n=12 g_4=2430002 Av_12=476571598
16753428,11,84116,39832684,39832684,PASS,0.011613,tau=16753428 n=11 g_3=84116 Av_11=39832684
16753428,12,2421229,476580371,476580371,PASS,0.154942,tau=16753428 n=12 g_4=2421229 Av_12=476580371
16753482,11,84210,39832590,39832590,PASS,0.009431,tau=16753482 n=11 g_3=84210 Av_11=39832590
16753482,12,2426515,476575085,476575085,PASS,0.181730,tau=16753482 n=12 g_4=2426515 Av_12=476575085
16753824,11,84392,39832408,39832408,PASS,0.010550,tau=16753824 n=11 g_3=84392 Av_11=39832408
16753824,12,2436287,476565313,476565313,PASS,0.182875,tau=16753824 n=12 g_4=2436287 Av_12=476565313
16753842,11,84386,39832414,39832414,PASS,0.006788,tau=16753842 n=11 g_3=84386 Av_11=39832414
16753842,12,2435613,476565987,476565987,PASS,0.182746,tau=16753842 n=12 g_4=2435613 Av_12=476565987
16754238,11,84117,39832683,39832683,PASS,0.007001,tau=16754238 n=11 g_3=84117 Av_11=39832683
16754238,12,2421381,476580219,476580219,PASS,0.152559,tau=16754238 n=12 g_4=2421381 Av_12=476580219
16754283,11,84299,39832501,39832501,PASS,0.007025,tau=16754283 n=11 g_3=84299 Av_11=39832501
16754283,12,2431227,476570373,476570373,PASS,0.144696,tau=16754283 n=12 g_4=2431227 Av_12=476570373
16754328,11,84103,39832697,39832697,PASS,0.007389,tau=16754328 n=11 g_3=84103 Av_11=39832697
16754328,12,2419903,476581697,476581697,PASS,0.155221,tau=16754328 n=12 g_4=2419903 Av_12=476581697
16754382,11,84203,39832597,39832597,PASS,0.007312,tau=16754382 n=11 g_3=84203 Av_11=39832597
16754382,12,2425778,476575822,476575822,PASS,0.169307,tau=16754382 n=12 g_4=2425778 Av_12=476575822
16754823,11,84207,39832593,39832593,PASS,0.006840,tau=16754823 n=11 g_3=84207 Av_11=39832593
16754823,12,2426203,476575397,476575397,PASS,0.177469,tau=16754823 n=12 g_4=2426203 Av_12=476575397
16754832,11,84207,39832593,39832593,PASS,0.006965,tau=16754832 n=11 g_3=84207 Av_11=39832593
16754832,12,2426169,476575431,476575431,PASS,0.149046,tau=16754832 n=12 g_4=2426169 Av_12=476575431
16758234,11,84198,39832602,39832602,PASS,0.007465,tau=16758234 n=11 g_3=84198 Av_11=39832602
16758234,12,2425271,476576329,476576329,PASS,0.146781,tau=16758234 n=12 g_4=2425271 Av_12=476576329
16758243,11,84206,39832594,39832594,PASS,0.007335,tau=16758243 n=11 g_3=84206 Av_11=39832594
16758243,12,2426120,476575480,476575480,PASS,0.150467,tau=16758243 n=12 g_4=2426120 Av_12=476575480
16758324,11,84206,39832594,39832594,PASS,0.007970,tau=16758324 n=11 g_3=84206 Av_11=39832594
16758324,12,2426116,476575484,476575484,PASS,0.194069,tau=16758324 n=12 g_4=2426116 Av_12=476575484
16758342,11,84198,39832602,39832602,PASS,0.006745,tau=16758342 n=11 g_3=84198 Av_11=39832602
16758342,12,2425270,476576330,476576330,PASS,0.188627,tau=16758342 n=12 g_4=2425270 Av_12=476576330
16758423,11,84198,39832602,39832602,PASS,0.008369,tau=16758423 n=11 g_3=84198 Av_11=39832602
16758423,12,2425272,476576328,476576328,PASS,0.178227,tau=16758423 n=12 g_4=2425272 Av_12=476576328
16758432,11,84196,39832604,39832604,PASS,0.006886,tau=16758432 n=11 g_3=84196 Av_11=39832604
16758432,12,2425027,476576573,476576573,PASS,0.148057,tau=16758432 n=12 g_4=2425027 Av_12=476576573
16783425,11,84198,39832602,39832602,PASS,0.007058,tau=16783425 n=11 g_3=84198 Av_11=39832602
16783425,12,2425280,476576320,476576320,PASS,0.207133,tau=16783425 n=12 g_4=2425280 Av_12=476576320
16783452,11,84019,39832781,39832781,PASS,0.006275,tau=16783452 n=11 g_3=84019 Av_11=39832781
16783452,12,2415747,476585853,476585853,PASS,0.145962,tau=16783452 n=12 g_4=2415747 Av_12=476585853
16783524,11,84196,39832604,39832604,PASS,0.008023,tau=16783524 n=11 g_3=84196 Av_11=39832604
16783524,12,2425068,476576532,476576532,PASS,0.197578,tau=16783524 n=12 g_4=2425068 Av_12=476576532
16783542,11,84194,39832606,39832606,PASS,0.006836,tau=16783542 n=11 g_3=84194 Av_11=39832606
16783542,12,2424859,476576741,476576741,PASS,0.152413,tau=16783542 n=12 g_4=2424859 Av_12=476576741
16784253,11,84196,39832604,39832604,PASS,0.007266,tau=16784253 n=11 g_3=84196 Av_11=39832604
16784253,12,2425068,476576532,476576532,PASS,0.153988,tau=16784253 n=12 g_4=2425068 Av_12=476576532
16784325,11,84115,39832685,39832685,PASS,0.009294,tau=16784325 n=11 g_3=84115 Av_11=39832685
16784325,12,2421180,476580420,476580420,PASS,0.156457,tau=16784325 n=12 g_4=2421180 Av_12=476580420
16784352,11,84194,39832606,39832606,PASS,0.007495,tau=16784352 n=11 g_3=84194 Av_11=39832606
16784352,12,2424863,476576737,476576737,PASS,0.201264,tau=16784352 n=12 g_4=2424863 Av_12=476576737
16784523,11,84019,39832781,39832781,PASS,0.007366,tau=16784523 n=11 g_3=84019 Av_11=39832781
16784523,12,2415739,476585861,476585861,PASS,0.197500,tau=16784523 n=12 g_4=2415739 Av_12=476585861
16784532,11,84019,39832781,39832781,PASS,0.007397,tau=16784532 n=11 g_3=84019 Av_11=39832781
16784532,12,2415750,476585850,476585850,PASS,0.151160,tau=16784532 n=12 g_4=2415750 Av_12=476585850
16785234,11,84020,39832780,39832780,PASS,0.007232,tau=16785234 n=11 g_3=84020 Av_11=39832780
16785234,12,2415871,476585729,476585729,PASS,0.157168,tau=16785234 n=12 g_4=2415871 Av_12=476585729
16785243,11,84109,39832691,39832691,PASS,0.007342,tau=16785243 n=11 g_3=84109 Av_11=39832691
16785243,12,2420580,476581020,476581020,PASS,0.159718,tau=16785243 n=12 g_4=2420580 Av_12=476581020
16785324,11,84109,39832691,39832691,PASS,0.006966,tau=16785324 n=11 g_3=84109 Av_11=39832691
16785324,12,2420574,476581026,476581026,PASS,0.149582,tau=16785324 n=12 g_4=2420574 Av_12=476581026
16785342,11,84019,39832781,39832781,PASS,0.006891,tau=16785342 n=11 g_3=84019 Av_11=39832781
16785342,12,2415766,476585834,476585834,PASS,0.148279,tau=16785342 n=12 g_4=2415766 Av_12=476585834
16785423,11,84020,39832780,39832780,PASS,0.007153,tau=16785423 n=11 g_3=84020 Av_11=39832780
16785423,12,2415871,476585729,476585729,PASS,0.148696,tau=16785423 n=12 g_4=2415871 Av_12=476585729
16785432,11,84018,39832782,39832782,PASS,0.007713,tau=16785432 n=11 g_3=84018 Av_11=39832782
16785432,12,2415619,476585981,476585981,PASS,0.160100,tau=16785432 n=12 g_4=2415619 Av_12=476585981
16834527,11,84296,39832504,39832504,PASS,0.007230,tau=16834527 n=11 g_3=84296 Av_11=39832504
16834527,12,2430934,476570666,476570666,PASS,0.156614,tau=16834527 n=12 g_4=2430934 Av_12=476570666
16834572,11,84292,39832508,39832508,PASS,0.006918,tau=16834572 n=11 g_3=84292 Av_11=39832508
16834572,12,2430487,476571113,476571113,PASS,0.159097,tau=16834572 n=12 g_4=2430487 Av_12=476571113
16834725,11,84490,39832310,39832310,PASS,0.007247,tau=16834725 n=11 g_3=84490 Av_11=39832310
16834725,12,2441834,476559766,476559766,PASS,0.155100,tau=16834725 n=12 g_4=2441834 Av_12=476559766
16834752,11,84474,39832326,39832326,PASS,0.009863,tau=16834752 n=11 g_3=84474 Av_11=39832326
16834752,12,2440214,476561386,476561386,PASS,0.180706,tau=16834752 n=12 g_4=2440214 Av_12=476561386
16835427,11,84392,39832408,39832408,PASS,0.007478,tau=16835427 n=11 g_3=84392 Av_11=39832408
16835427,12,2436312,476565288,476565288,PASS,0.172310,tau=16835427 n=12 g_4=2436312 Av_12=476565288
16835472,11,84393,39832407,39832407,PASS,0.007271,tau=16835472 n=11 g_3=84393 Av_11=39832407
16835472,12,2436347,476565253,476565253,PASS,0.151038,tau=16835472 n=12 g_4=2436347 Av_12=476565253
16835724,11,84557,39832243,39832243,PASS,0.007053,tau=16835724 n=11 g_3=84557 Av_11=39832243
16835724,12,2444321,476557279,476557279,PASS,0.151820,tau=16835724 n=12 g_4=2444321 Av_12=476557279
16835742,11,84555,39832245,39832245,PASS,0.007799,tau=16835742 n=11 g_3=84555 Av_11=39832245
16835742,12,2444098,476557502,476557502,PASS,0.153764,tau=16835742 n=12 g_4=2444098 Av_12=476557502
16837425,11,84562,39832238,39832238,PASS,0.006780,tau=16837425 n=11 g_3=84562 Av_11=39832238
16837425,12,2444874,476556726,476556726,PASS,0.151620,tau=16837425 n=12 g_4=2444874 Av_12=476556726
16837452,11,84468,39832332,39832332,PASS,0.006448,tau=16837452 n=11 g_3=84468 Av_11=39832332
16837452,12,2439603,476561997,476561997,PASS,0.161783,tau=16837452 n=12 g_4=2439603 Av_12=476561997
16837524,11,84560,39832240,39832240,PASS,0.006790,tau=16837524 n=11 g_3=84560 Av_11=39832240
16837524,12,2444613,476556987,476556987,PASS,0.170810,tau=16837524 n=12 g_4=2444613 Av_12=476556987
16837542,11,84472,39832328,39832328,PASS,0.007417,tau=16837542 n=11 g_3=84472 Av_11=39832328
16837542,12,2440021,476561579,476561579,PASS,0.161552,tau=16837542 n=12 g_4=2440021 Av_12=476561579
16843527,11,84390,39832410,39832410,PASS,0.007462,tau=16843527 n=11 g_3=84390 Av_11=39832410
16843527,12,2436101,476565499,476565499,PASS,0.151025,tau=16843527 n=12 g_4=2436101 Av_12=476565499
16843572,11,84390,39832410,39832410,PASS,0.010626,tau=16843572 n=11 g_3=84390 Av_11=39832410
16843572,12,2436064,476565536,476565536,PASS,0.172719,tau=16843572 n=12 g_4=2436064 Av_12=476565536
16843725,11,84480,39832320,39832320,PASS,0.010147,tau=16843725 n=11 g_3=84480 Av_11=39832320
16843725,12,2440900,476560700,476560700,PASS,0.197892,tau=16843725 n=12 g_4=2440900 Av_12=476560700
16843752,11,84475,39832325,39832325,PASS,0.008195,tau=16843752 n=11 g_3=84475 Av_11=39832325
16843752,12,2440338,476561262,476561262,PASS,0.190328,tau=16843752 n=12 g_4=2440338 Av_12=476561262
16845273,11,84475,39832325,39832325,PASS,0.007618,tau=16845273 n=11 g_3=84475 Av_11=39832325
16845273,12,2440351,476561249,476561249,PASS,0.169780,tau=16845273 n=12 g_4=2440351 Av_12=476561249
16845327,11,84298,39832502,39832502,PASS,0.009033,tau=16845327 n=11 g_3=84298 Av_11=39832502
16845327,12,2431088,476570512,476570512,PASS,0.175736,tau=16845327 n=12 g_4=2431088 Av_12=476570512
16845372,11,84386,39832414,39832414,PASS,0.008217,tau=16845372 n=11 g_3=84386 Av_11=39832414
16845372,12,2435666,476565934,476565934,PASS,0.168208,tau=16845372 n=12 g_4=2435666 Av_12=476565934
16845723,11,84291,39832509,39832509,PASS,0.009015,tau=16845723 n=11 g_3=84291 Av_11=39832509
16845723,12,2430318,476571282,476571282,PASS,0.188601,tau=16845723 n=12 g_4=2430318 Av_12=476571282
16845732,11,84291,39832509,39832509,PASS,0.006890,tau=16845732 n=11 g_3=84291 Av_11=39832509
16845732,12,2430319,476571281,476571281,PASS,0.185080,tau=16845732 n=12 g_4=2430319 Av_12=476571281
16847253,11,84469,39832331,39832331,PASS,0.007220,tau=16847253 n=11 g_3=84469 Av_11=39832331
16847253,12,2439748,476561852,476561852,PASS,0.151251,tau=16847253 n=12 g_4=2439748 Av_12=476561852
16847325,11,84471,39832329,39832329,PASS,0.007080,tau=16847325 n=11 g_3=84471 Av_11=39832329
16847325,12,2439974,476561626,476561626,PASS,0.151099,tau=16847325 n=12 g_4=2439974 Av_12=476561626
16847352,11,84466,39832334,39832334,PASS,0.007516,tau=16847352 n=11 g_3=84466 Av_11=39832334
16847352,12,2439412,476562188,476562188,PASS,0.152779,tau=16847352 n=12 g_4=2439412 Av_12=476562188
16847523,11,84374,39832426,39832426,PASS,0.007986,tau=16847523 n=11 g_3=84374 Av_11=39832426
16847523,12,2434410,476567190,476567190,PASS,0.155185,tau=16847523 n=12 g_4=2434410 Av_12=476567190
16847532,11,84372,39832428,39832428,PASS,0.007571,tau=16847532 n=11 g_3=84372 Av_11=39832428
16847532,12,2434198,476567402,476567402,PASS,0.152990,tau=16847532 n=12 g_4=2434198 Av_12=476567402
16853427,11,84298,39832502,39832502,PASS,0.006944,tau=16853427 n=11 g_3=84298 Av_11=39832502
16853427,12,2431090,476570510,476570510,PASS,0.154022,tau=16853427 n=12 g_4=2431090 Av_12=476570510
16853472,11,84390,39832410,39832410,PASS,0.007917,tau=16853472 n=11 g_3=84390 Av_11=39832410
16853472,12,2436053,476565547,476565547,PASS,0.152160,tau=16853472 n=12 g_4=2436053 Av_12=476565547
16853724,11,84560,39832240,39832240,PASS,0.006871,tau=16853724 n=11 g_3=84560 Av_11=39832240
16853724,12,2444603,476556997,476556997,PASS,0.152517,tau=16853724 n=12 g_4=2444603 Av_12=476556997
16853742,11,84547,39832253,39832253,PASS,0.006804,tau=16853742 n=11 g_3=84547 Av_11=39832253
16853742,12,2443272,476558328,476558328,PASS,0.160558,tau=16853742 n=12 g_4=2443272 Av_12=476558328
16854273,11,84481,39832319,39832319,PASS,0.007104,tau=16854273 n=11 g_3=84481 Av_11=39832319
16854273,12,2440942,476560658,476560658,PASS,0.148765,tau=16854273 n=12 g_4=2440942 Av_12=476560658
16854327,11,84285,39832515,39832515,PASS,0.006884,tau=16854327 n=11 g_3=84285 Av_11=39832515
16854327,12,2429743,476571857,476571857,PASS,0.149018,tau=16854327 n=12 g_4=2429743 Av_12=476571857
16854372,11,84383,39832417,39832417,PASS,0.008262,tau=16854372 n=11 g_3=84383 Av_11=39832417
16854372,12,2435355,476566245,476566245,PASS,0.177961,tau=16854372 n=12 g_4=2435355 Av_12=476566245
16854723,11,84376,39832424,39832424,PASS,0.007010,tau=16854723 n=11 g_3=84376 Av_11=39832424
16854723,12,2434652,476566948,476566948,PASS,0.192917,tau=16854723 n=12 g_4=2434652 Av_12=476566948
16854732,11,84376,39832424,39832424,PASS,0.007132,tau=16854732 n=11 g_3=84376 Av_11=39832424
16854732,12,2434605,476566995,476566995,PASS,0.150884,tau=16854732 n=12 g_4=2434605 Av_12=476566995
16857243,11,84206,39832594,39832594,PASS,0.007859,tau=16857243 n=11 g_3=84206 Av_11=39832594
16857243,12,2426096,476575504,476575504,PASS,0.153756,tau=16857243 n=12 g_4=2426096 Av_12=476575504
16857324,11,84206,39832594,39832594,PASS,0.010443,tau=16857324 n=11 g_3=84206 Av_11=39832594
16857324,12,2426088,476575512,476575512,PASS,0.189879,tau=16857324 n=12 g_4=2426088 Av_12=476575512
16857342,11,84196,39832604,39832604,PASS,0.010052,tau=16857342 n=11 g_3=84196 Av_11=39832604
16857342,12,2425040,476576560,476576560,PASS,0.158066,tau=16857342 n=12 g_4=2425040 Av_12=476576560
16857423,11,84196,39832604,39832604,PASS,0.010070,tau=16857423 n=11 g_3=84196 Av_11=39832604
16857423,12,2425050,476576550,476576550,PASS,0.187776,tau=16857423 n=12 g_4=2425050 Av_12=476576550
16857432,11,84192,39832608,39832608,PASS,0.010684,tau=16857432 n=11 g_3=84192 Av_11=39832608
16857432,12,2424618,476576982,476576982,PASS,0.164933,tau=16857432 n=12 g_4=2424618 Av_12=476576982
16873425,11,84206,39832594,39832594,PASS,0.007147,tau=16873425 n=11 g_3=84206 Av_11=39832594
16873425,12,2426143,476575457,476575457,PASS,0.184695,tau=16873425 n=12 g_4=2426143 Av_12=476575457
16873452,11,84109,39832691,39832691,PASS,0.010079,tau=16873452 n=11 g_3=84109 Av_11=39832691
16873452,12,2420574,476581026,476581026,PASS,0.177275,tau=16873452 n=12 g_4=2420574 Av_12=476581026
16873524,11,84206,39832594,39832594,PASS,0.007041,tau=16873524 n=11 g_3=84206 Av_11=39832594
16873524,12,2426100,476575500,476575500,PASS,0.153971,tau=16873524 n=12 g_4=2426100 Av_12=476575500
16873542,11,84206,39832594,39832594,PASS,0.009228,tau=16873542 n=11 g_3=84206 Av_11=39832594
16873542,12,2426055,476575545,476575545,PASS,0.179697,tau=16873542 n=12 g_4=2426055 Av_12=476575545
16874325,11,84121,39832679,39832679,PASS,0.010512,tau=16874325 n=11 g_3=84121 Av_11=39832679
16874325,12,2421852,476579748,476579748,PASS,0.187762,tau=16874325 n=12 g_4=2421852 Av_12=476579748
16874352,11,84206,39832594,39832594,PASS,0.007196,tau=16874352 n=11 g_3=84206 Av_11=39832594
16874352,12,2426072,476575528,476575528,PASS,0.148664,tau=16874352 n=12 g_4=2426072 Av_12=476575528
16874523,11,84109,39832691,39832691,PASS,0.006906,tau=16874523 n=11 g_3=84109 Av_11=39832691
16874523,12,2420542,476581058,476581058,PASS,0.151796,tau=16874523 n=12 g_4=2420542 Av_12=476581058
16874532,11,84109,39832691,39832691,PASS,0.007149,tau=16874532 n=11 g_3=84109 Av_11=39832691
16874532,12,2420554,476581046,476581046,PASS,0.186289,tau=16874532 n=12 g_4=2420554 Av_12=476581046
16875243,11,84194,39832606,39832606,PASS,0.006970,tau=16875243 n=11 g_3=84194 Av_11=39832606
16875243,12,2424953,476576647,476576647,PASS,0.163326,tau=16875243 n=12 g_4=2424953 Av_12=476576647
16875324,11,84194,39832606,39832606,PASS,0.006954,tau=16875324 n=11 g_3=84194 Av_11=39832606
16875324,12,2424935,476576665,476576665,PASS,0.162346,tau=16875324 n=12 g_4=2424935 Av_12=476576665
16875342,11,84108,39832692,39832692,PASS,0.010279,tau=16875342 n=11 g_3=84108 Av_11=39832692
16875342,12,2420468,476581132,476581132,PASS,0.157558,tau=16875342 n=12 g_4=2420468 Av_12=476581132
16875423,11,84109,39832691,39832691,PASS,0.011171,tau=16875423 n=11 g_3=84109 Av_11=39832691
16875423,12,2420572,476581028,476581028,PASS,0.149436,tau=16875423 n=12 g_4=2420572 Av_12=476581028
16875432,11,84106,39832694,39832694,PASS,0.007640,tau=16875432 n=11 g_3=84106 Av_11=39832694
16875432,12,2420219,476581381,476581381,PASS,0.151739,tau=16875432 n=12 g_4=2420219 Av_12=476581381
17345628,11,84116,39832684,39832684,PASS,0.007418,tau=17345628 n=11 g_3=84116 Av_11=39832684
17345628,12,2421309,476580291,476580291,PASS,0.153429,tau=17345628 n=12 g_4=2421309 Av_12=476580291
17345682,11,84202,39832598,39832598,PASS,0.006808,tau=17345682 n=11 g_3=84202 Av_11=39832598
17345682,12,2425693,476575907,476575907,PASS,0.148862,tau=17345682 n=12 g_4=2425693 Av_12=476575907
17345826,11,84398,39832402,39832402,PASS,0.007404,tau=17345826 n=11 g_3=84398 Av_11=39832402
17345826,12,2436972,476564628,476564628,PASS,0.156507,tau=17345826 n=12 g_4=2436972 Av_12=476564628
17345862,11,84382,39832418,39832418,PASS,0.007594,tau=17345862 n=11 g_3=84382 Av_11=39832418
17345862,12,2435263,476566337,476566337,PASS,0.153468,tau=17345862 n=12 g_4=2435263 Av_12=476566337
17346528,11,84297,39832503,39832503,PASS,0.007199,tau=17346528 n=11 g_3=84297 Av_11=39832503
17346528,12,2430991,476570609,476570609,PASS,0.189725,tau=17346528 n=12 g_4=2430991 Av_12=476570609
17346582,11,84300,39832500,39832500,PASS,0.007128,tau=17346582 n=11 g_3=84300 Av_11=39832500
17346582,12,2431298,476570302,476570302,PASS,0.200952,tau=17346582 n=12 g_4=2431298 Av_12=476570302
17346825,11,84491,39832309,39832309,PASS,0.007968,tau=17346825 n=11 g_3=84491 Av_11=39832309
17346825,12,2441989,476559611,476559611,PASS,0.162021,tau=17346825 n=12 g_4=2441989 Av_12=476559611
17346852,11,84477,39832323,39832323,PASS,0.007347,tau=17346852 n=11 g_3=84477 Av_11=39832323
17346852,12,2440553,476561047,476561047,PASS,0.168018,tau=17346852 n=12 g_4=2440553 Av_12=476561047
17348562,11,84391,39832409,39832409,PASS,0.008169,tau=17348562 n=11 g_3=84391 Av_11=39832409
17348562,12,2436121,476565479,476565479,PASS,0.177463,tau=17348562 n=12 g_4=2436121 Av_12=476565479
17348625,11,84495,39832305,39832305,PASS,0.007609,tau=17348625 n=11 g_3=84495 Av_11=39832305
17348625,12,2442401,476559199,476559199,PASS,0.199343,tau=17348625 n=12 g_4=2442401 Av_12=476559199
17348652,11,84399,39832401,39832401,PASS,0.007658,tau=17348652 n=11 g_3=84399 Av_11=39832401
17348652,12,2436917,476564683,476564683,PASS,0.196681,tau=17348652 n=12 g_4=2436917 Av_12=476564683
17354628,11,84294,39832506,39832506,PASS,0.007591,tau=17354628 n=11 g_3=84294 Av_11=39832506
17354628,12,2430692,476570908,476570908,PASS,0.196338,tau=17354628 n=12 g_4=2430692 Av_12=476570908
17354682,11,84298,39832502,39832502,PASS,0.010347,tau=17354682 n=11 g_3=84298 Av_11=39832502
17354682,12,2431092,476570508,476570508,PASS,0.177037,tau=17354682 n=12 g_4=2431092 Av_12=476570508
17354826,11,84407,39832393,39832393,PASS,0.007776,tau=17354826 n=11 g_3=84407 Av_11=39832393
17354826,12,2437802,476563798,476563798,PASS,0.164203,tau=17354826 n=12 g_4=2437802 Av_12=476563798
17354862,11,84390,39832410,39832410,PASS,0.006890,tau=17354862 n=11 g_3=84390 Av_11=39832410
17354862,12,2436058,476565542,476565542,PASS,0.154391,tau=17354862 n=12 g_4=2436058 Av_12=476565542
17356428,11,84380,39832420,39832420,PASS,0.007200,tau=17356428 n=11 g_3=84380 Av_11=39832420
17356428,12,2435053,476566547,476566547,PASS,0.154375,tau=17356428 n=12 g_4=2435053 Av_12=476566547
17356482,11,84388,39832412,39832412,PASS,0.007625,tau=17356482 n=11 g_3=84388 Av_11=39832412
17356482,12,2435879,476565721,476565721,PASS,0.181234,tau=17356482 n=12 g_4=2435879 Av_12=476565721
17356824,11,84480,39832320,39832320,PASS,0.007544,tau=17356824 n=11 g_3=84480 Av_11=39832320
17356824,12,2440881,476560719,476560719,PASS,0.156812,tau=17356824 n=12 g_4=2440881 Av_12=476560719
17356842,11,84480,39832320,39832320,PASS,0.010097,tau=17356842 n=11 g_3=84480 Av_11=39832320
17356842,12,2440829,476560771,476560771,PASS,0.196244,tau=17356842 n=12 g_4=2440829 Av_12=476560771
17358426,11,84580,39832220,39832220,PASS,0.007282,tau=17358426 n=11 g_3=84580 Av_11=39832220
17358426,12,2446664,476554936,476554936,PASS,0.163467,tau=17358426 n=12 g_4=2446664 Av_12=476554936
17358462,11,84558,39832242,39832242,PASS,0.007603,tau=17358462 n=11 g_3=84558 Av_11=39832242
17358462,12,2444414,476557186,476557186,PASS,0.166598,tau=17358462 n=12 g_4=2444414 Av_12=476557186
17358624,11,84566,39832234,39832234,PASS,0.007579,tau=17358624 n=11 g_3=84566 Av_11=39832234
17358624,12,2445241,476556359,476556359,PASS,0.189651,tau=17358624 n=12 g_4=2445241 Av_12=476556359
17358642,11,84558,39832242,39832242,PASS,0.008055,tau=17358642 n=11 g_3=84558 Av_11=39832242
17358642,12,2444423,476557177,476557177,PASS,0.178753,tau=17358642 n=12 g_4=2444423 Av_12=476557177
17364582,11,84386,39832414,39832414,PASS,0.006920,tau=17364582 n=11 g_3=84386 Av_11=39832414
17364582,12,2435698,476565902,476565902,PASS,0.163356,tau=17364582 n=12 g_4=2435698 Av_12=476565902
17364852,11,84562,39832238,39832238,PASS,0.007067,tau=17364852 n=11 g_3=84562 Av_11=39832238
17364852,12,2444812,476556788,476556788,PASS,0.190104,tau=17364852 n=12 g_4=2444812 Av_12=476556788
17365428,11,84296,39832504,39832504,PASS,0.006825,tau=17365428 n=11 g_3=84296 Av_11=39832504
17365428,12,2430789,476570811,476570811,PASS,0.157255,tau=17365428 n=12 g_4=2430789 Av_12=476570811
17365482,11,84299,39832501,39832501,PASS,0.010403,tau=17365482 n=11 g_3=84299 Av_11=39832501
17365482,12,2431181,476570419,476570419,PASS,0.148282,tau=17365482 n=12 g_4=2431181 Av_12=476570419
17365824,11,84487,39832313,39832313,PASS,0.010001,tau=17365824 n=11 g_3=84487 Av_11=39832313
17365824,12,2441569,476560031,476560031,PASS,0.181271,tau=17365824 n=12 g_4=2441569 Av_12=476560031
17365842,11,84480,39832320,39832320,PASS,0.010223,tau=17365842 n=11 g_3=84480 Av_11=39832320
17365842,12,2440839,476560761,476560761,PASS,0.184468,tau=17365842 n=12 g_4=2440839 Av_12=476560761
17368425,11,84574,39832226,39832226,PASS,0.009425,tau=17368425 n=11 g_3=84574 Av_11=39832226
17368425,12,2446087,476555513,476555513,PASS,0.177889,tau=17368425 n=12 g_4=2446087 Av_12=476555513
17368452,11,84478,39832322,39832322,PASS,0.007654,tau=17368452 n=11 g_3=84478 Av_11=39832322
17368452,12,2440621,476560979,476560979,PASS,0.167367,tau=17368452 n=12 g_4=2440621 Av_12=476560979
17368524,11,84566,39832234,39832234,PASS,0.008270,tau=17368524 n=11 g_3=84566 Av_11=39832234
17368524,12,2445262,476556338,476556338,PASS,0.186105,tau=17368524 n=12 g_4=2445262 Av_12=476556338
17368542,11,84474,39832326,39832326,PASS,0.007452,tau=17368542 n=11 g_3=84474 Av_11=39832326
17368542,12,2440234,476561366,476561366,PASS,0.192198,tau=17368542 n=12 g_4=2440234 Av_12=476561366
17384562,11,84292,39832508,39832508,PASS,0.006992,tau=17384562 n=11 g_3=84292 Av_11=39832508
17384562,12,2430474,476571126,476571126,PASS,0.162850,tau=17384562 n=12 g_4=2430474 Av_12=476571126
17384652,11,84390,39832410,39832410,PASS,0.007635,tau=17384652 n=11 g_3=84390 Av_11=39832410
17384652,12,2436048,476565552,476565552,PASS,0.166296,tau=17384652 n=12 g_4=2436048 Av_12=476565552
17385462,11,84393,39832407,39832407,PASS,0.007159,tau=17385462 n=11 g_3=84393 Av_11=39832407
17385462,12,2436331,476565269,476565269,PASS,0.154314,tau=17385462 n=12 g_4=2436331 Av_12=476565269
17385624,11,84475,39832325,39832325,PASS,0.007766,tau=17385624 n=11 g_3=84475 Av_11=39832325
17385624,12,2440333,476561267,476561267,PASS,0.150864,tau=17385624 n=12 g_4=2440333 Av_12=476561267
17385642,11,84386,39832414,39832414,PASS,0.006843,tau=17385642 n=11 g_3=84386 Av_11=39832414
17385642,12,2435645,476565955,476565955,PASS,0.177714,tau=17385642 n=12 g_4=2435645 Av_12=476565955
17386452,11,84390,39832410,39832410,PASS,0.007130,tau=17386452 n=11 g_3=84390 Av_11=39832410
17386452,12,2436038,476565562,476565562,PASS,0.165243,tau=17386452 n=12 g_4=2436038 Av_12=476565562
17386524,11,84481,39832319,39832319,PASS,0.007634,tau=17386524 n=11 g_3=84481 Av_11=39832319
17386524,12,2440951,476560649,476560649,PASS,0.152742,tau=17386524 n=12 g_4=2440951 Av_12=476560649
17386542,11,84383,39832417,39832417,PASS,0.007107,tau=17386542 n=11 g_3=84383 Av_11=39832417
17386542,12,2435347,476566253,476566253,PASS,0.170904,tau=17386542 n=12 g_4=2435347 Av_12=476566253
17435682,11,84300,39832500,39832500,PASS,0.008647,tau=17435682 n=11 g_3=84300 Av_11=39832500
17435682,12,2431303,476570297,476570297,PASS,0.160236,tau=17435682 n=12 g_4=2431303 Av_12=476570297
17435826,11,84407,39832393,39832393,PASS,0.006682,tau=17435826 n=11 g_3=84407 Av_11=39832393
17435826,12,2437833,476563767,476563767,PASS,0.152621,tau=17435826 n=12 g_4=2437833 Av_12=476563767
17435862,11,84394,39832406,39832406,PASS,0.007011,tau=17435862 n=11 g_3=84394 Av_11=39832406
17435862,12,2436446,476565154,476565154,PASS,0.195321,tau=17435862 n=12 g_4=2436446 Av_12=476565154
17436528,11,84299,39832501,39832501,PASS,0.010454,tau=17436528 n=11 g_3=84299 Av_11=39832501
17436528,12,2431153,476570447,476570447,PASS,0.167235,tau=17436528 n=12 g_4=2431153 Av_12=476570447
17436582,11,84301,39832499,39832499,PASS,0.007601,tau=17436582 n=11 g_3=84301 Av_11=39832499
17436582,12,2431370,476570230,476570230,PASS,0.151177,tau=17436582 n=12 g_4=2431370 Av_12=476570230
17436825,11,84491,39832309,39832309,PASS,0.006966,tau=17436825 n=11 g_3=84491 Av_11=39832309
17436825,12,2441993,476559607,476559607,PASS,0.149636,tau=17436825 n=12 g_4=2441993 Av_12=476559607
17436852,11,84481,39832319,39832319,PASS,0.007047,tau=17436852 n=11 g_3=84481 Av_11=39832319
17436852,12,2440931,476560669,476560669,PASS,0.155703,tau=17436852 n=12 g_4=2440931 Av_12=476560669
17438562,11,84394,39832406,39832406,PASS,0.007219,tau=17438562 n=11 g_3=84394 Av_11=39832406
17438562,12,2436468,476565132,476565132,PASS,0.155122,tau=17438562 n=12 g_4=2436468 Av_12=476565132
17438625,11,84490,39832310,39832310,PASS,0.007244,tau=17438625 n=11 g_3=84490 Av_11=39832310
17438625,12,2441887,476559713,476559713,PASS,0.155270,tau=17438625 n=12 g_4=2441887 Av_12=476559713
17438652,11,84392,39832408,39832408,PASS,0.006825,tau=17438652 n=11 g_3=84392 Av_11=39832408
17438652,12,2436256,476565344,476565344,PASS,0.148638,tau=17438652 n=12 g_4=2436256 Av_12=476565344
17453682,11,84384,39832416,39832416,PASS,0.010201,tau=17453682 n=11 g_3=84384 Av_11=39832416
17453682,12,2435506,476566094,476566094,PASS,0.215532,tau=17453682 n=12 g_4=2435506 Av_12=476566094
17453826,11,84393,39832407,39832407,PASS,0.007320,tau=17453826 n=11 g_3=84393 Av_11=39832407
17453826,12,2436455,476565145,476565145,PASS,0.184707,tau=17453826 n=12 g_4=2436455 Av_12=476565145
17453862,11,84393,39832407,39832407,PASS,0.006899,tau=17453862 n=11 g_3=84393 Av_11=39832407
17453862,12,2436392,476565208,476565208,PASS,0.233783,tau=17453862 n=12 g_4=2436392 Av_12=476565208
17456328,11,84116,39832684,39832684,PASS,0.007459,tau=17456328 n=11 g_3=84116 Av_11=39832684
17456328,12,2421285,476580315,476580315,PASS,0.184320,tau=17456328 n=12 g_4=2421285 Av_12=476580315
17456382,11,84209,39832591,39832591,PASS,0.010273,tau=17456382 n=11 g_3=84209 Av_11=39832591
17456382,12,2426411,476575189,476575189,PASS,0.170491,tau=17456382 n=12 g_4=2426411 Av_12=476575189
17456823,11,84206,39832594,39832594,PASS,0.010391,tau=17456823 n=11 g_3=84206 Av_11=39832594
17456823,12,2426062,476575538,476575538,PASS,0.228288,tau=17456823 n=12 g_4=2426062 Av_12=476575538
17456832,11,84206,39832594,39832594,PASS,0.010110,tau=17456832 n=11 g_3=84206 Av_11=39832594
17456832,12,2426063,476575537,476575537,PASS,0.215421,tau=17456832 n=12 g_4=2426063 Av_12=476575537
17458326,11,84402,39832398,39832398,PASS,0.007591,tau=17458326 n=11 g_3=84402 Av_11=39832398
17458326,12,2437321,476564279,476564279,PASS,0.144679,tau=17458326 n=12 g_4=2437321 Av_12=476564279
17458362,11,84483,39832317,39832317,PASS,0.007432,tau=17458362 n=11 g_3=84483 Av_11=39832317
17458362,12,2441110,476560490,476560490,PASS,0.162303,tau=17458362 n=12 g_4=2441110 Av_12=476560490
17458623,11,84375,39832425,39832425,PASS,0.006985,tau=17458623 n=11 g_3=84375 Av_11=39832425
17458623,12,2434555,476567045,476567045,PASS,0.150635,tau=17458623 n=12 g_4=2434555 Av_12=476567045
17458632,11,84375,39832425,39832425,PASS,0.010019,tau=17458632 n=11 g_3=84375 Av_11=39832425
17458632,12,2434546,476567054,476567054,PASS,0.175761,tau=17458632 n=12 g_4=2434546 Av_12=476567054
17463528,11,84368,39832432,39832432,PASS,0.009620,tau=17463528 n=11 g_3=84368 Av_11=39832432
17463528,12,2433790,476567810,476567810,PASS,0.177420,tau=17463528 n=12 g_4=2433790 Av_12=476567810
17463582,11,84382,39832418,39832418,PASS,0.007262,tau=17463582 n=11 g_3=84382 Av_11=39832418
17463582,12,2435257,476566343,476566343,PASS,0.162522,tau=17463582 n=12 g_4=2435257 Av_12=476566343
17463825,11,84569,39832231,39832231,PASS,0.006814,tau=17463825 n=11 g_3=84569 Av_11=39832231
17463825,12,2445547,476556053,476556053,PASS,0.146285,tau=17463825 n=12 g_4=2445547 Av_12=476556053
17463852,11,84560,39832240,39832240,PASS,0.007264,tau=17463852 n=11 g_3=84560 Av_11=39832240
17463852,12,2444589,476557011,476557011,PASS,0.182100,tau=17463852 n=12 g_4=2444589 Av_12=476557011
17465328,11,84288,39832512,39832512,PASS,0.006834,tau=17465328 n=11 g_3=84288 Av_11=39832512
17465328,12,2430006,476571594,476571594,PASS,0.149066,tau=17465328 n=12 g_4=2430006 Av_12=476571594
17465382,11,84379,39832421,39832421,PASS,0.010287,tau=17465382 n=11 g_3=84379 Av_11=39832421
17465382,12,2434992,476566608,476566608,PASS,0.166570,tau=17465382 n=12 g_4=2434992 Av_12=476566608
17465823,11,84295,39832505,39832505,PASS,0.006860,tau=17465823 n=11 g_3=84295 Av_11=39832505
17465823,12,2430783,476570817,476570817,PASS,0.147107,tau=17465823 n=12 g_4=2430783 Av_12=476570817
17465832,11,84295,39832505,39832505,PASS,0.007578,tau=17465832 n=11 g_3=84295 Av_11=39832505
17465832,12,2430777,476570823,476570823,PASS,0.153058,tau=17465832 n=12 g_4=2430777 Av_12=476570823
17468325,11,84481,39832319,39832319,PASS,0.006715,tau=17468325 n=11 g_3=84481 Av_11=39832319
17468325,12,2440965,476560635,476560635,PASS,0.149816,tau=17468325 n=12 g_4=2440965 Av_12=476560635
17468352,11,84551,39832249,39832249,PASS,0.007033,tau=17468352 n=11 g_3=84551 Av_11=39832249
17468352,12,2443714,476557886,476557886,PASS,0.165118,tau=17468352 n=12 g_4=2443714 Av_12=476557886
17468523,11,84461,39832339,39832339,PASS,0.006597,tau=17468523 n=11 g_3=84461 Av_11=39832339
17468523,12,2438960,476562640,476562640,PASS,0.152168,tau=17468523 n=12 g_4=2438960 Av_12=476562640
17468532,11,84461,39832339,39832339,PASS,0.007375,tau=17468532 n=11 g_3=84461 Av_11=39832339
17468532,12,2438937,476562663,476562663,PASS,0.149926,tau=17468532 n=12 g_4=2438937 Av_12=476562663
17483526,11,84564,39832236,39832236,PASS,0.006886,tau=17483526 n=11 g_3=84564 Av_11=39832236
17483526,12,2445077,476556523,476556523,PASS,0.153566,tau=17483526 n=12 g_4=2445077 Av_12=476556523
17483562,11,84474,39832326,39832326,PASS,0.007146,tau=17483562 n=11 g_3=84474 Av_11=39832326
17483562,12,2440214,476561386,476561386,PASS,0.159296,tau=17483562 n=12 g_4=2440214 Av_12=476561386
17483625,11,84562,39832238,39832238,PASS,0.006602,tau=17483625 n=11 g_3=84562 Av_11=39832238
17483625,12,2444849,476556751,476556751,PASS,0.179878,tau=17483625 n=12 g_4=2444849 Av_12=476556751
17483652,11,84475,39832325,39832325,PASS,0.007005,tau=17483652 n=11 g_3=84475 Av_11=39832325
17483652,12,2440335,476561265,476561265,PASS,0.191829,tau=17483652 n=12 g_4=2440335 Av_12=476561265
17485326,11,84477,39832323,39832323,PASS,0.008236,tau=17485326 n=11 g_3=84477 Av_11=39832323
17485326,12,2440566,476561034,476561034,PASS,0.174801,tau=17485326 n=12 g_4=2440566 Av_12=476561034
17485362,11,84555,39832245,39832245,PASS,0.009564,tau=17485362 n=11 g_3=84555 Av_11=39832245
17485362,12,2444106,476557494,476557494,PASS,0.172353,tau=17485362 n=12 g_4=2444106 Av_12=476557494
17485623,11,84291,39832509,39832509,PASS,0.010158,tau=17485623 n=11 g_3=84291 Av_11=39832509
17485623,12,2430314,476571286,476571286,PASS,0.187858,tau=17485623 n=12 g_4=2430314 Av_12=476571286
17485632,11,84291,39832509,39832509,PASS,0.008005,tau=17485632 n=11 g_3=84291 Av_11=39832509
17485632,12,2430318,476571282,476571282,PASS,0.150984,tau=17485632 n=12 g_4=2430318 Av_12=476571282
17486325,11,84481,39832319,39832319,PASS,0.008647,tau=17486325 n=11 g_3=84481 Av_11=39832319
17486325,12,2440892,476560708,476560708,PASS,0.181678,tau=17486325 n=12 g_4=2440892 Av_12=476560708
17486352,11,84547,39832253,39832253,PASS,0.006999,tau=17486352 n=11 g_3=84547 Av_11=39832253
17486352,12,2443280,476558320,476558320,PASS,0.152047,tau=17486352 n=12 g_4=2443280 Av_12=476558320
17486523,11,84376,39832424,39832424,PASS,0.006898,tau=17486523 n=11 g_3=84376 Av_11=39832424
17486523,12,2434653,476566947,476566947,PASS,0.156097,tau=17486523 n=12 g_4=2434653 Av_12=476566947
17486532,11,84376,39832424,39832424,PASS,0.008166,tau=17486532 n=11 g_3=84376 Av_11=39832424
17486532,12,2434623,476566977,476566977,PASS,0.157951,tau=17486532 n=12 g_4=2434623 Av_12=476566977
17534682,11,84382,39832418,39832418,PASS,0.007619,tau=17534682 n=11 g_3=84382 Av_11=39832418
17534682,12,2435285,476566315,476566315,PASS,0.155737,tau=17534682 n=12 g_4=2435285 Av_12=476566315
17534862,11,84390,39832410,39832410,PASS,0.007862,tau=17534862 n=11 g_3=84390 Av_11=39832410
17534862,12,2436104,476565496,476565496,PASS,0.159249,tau=17534862 n=12 g_4=2436104 Av_12=476565496
17536482,11,84382,39832418,39832418,PASS,0.007442,tau=17536482 n=11 g_3=84382 Av_11=39832418
17536482,12,2435245,476566355,476566355,PASS,0.156536,tau=17536482 n=12 g_4=2435245 Av_12=476566355
17536842,11,84558,39832242,39832242,PASS,0.008209,tau=17536842 n=11 g_3=84558 Av_11=39832242
17536842,12,2444421,476557179,476557179,PASS,0.157972,tau=17536842 n=12 g_4=2444421 Av_12=476557179
17538462,11,84561,39832239,39832239,PASS,0.006978,tau=17538462 n=11 g_3=84561 Av_11=39832239
17538462,12,2444711,476556889,476556889,PASS,0.150681,tau=17538462 n=12 g_4=2444711 Av_12=476556889
17538642,11,84468,39832332,39832332,PASS,0.007305,tau=17538642 n=11 g_3=84468 Av_11=39832332
17538642,12,2439622,476561978,476561978,PASS,0.146675,tau=17538642 n=12 g_4=2439622 Av_12=476561978
17543682,11,84297,39832503,39832503,PASS,0.007053,tau=17543682 n=11 g_3=84297 Av_11=39832503
17543682,12,2430977,476570623,476570623,PASS,0.151196,tau=17543682 n=12 g_4=2430977 Av_12=476570623
17543826,11,84298,39832502,39832502,PASS,0.007589,tau=17543826 n=11 g_3=84298 Av_11=39832502
17543826,12,2431108,476570492,476570492,PASS,0.178034,tau=17543826 n=12 g_4=2431108 Av_12=476570492
17543862,11,84298,39832502,39832502,PASS,0.008292,tau=17543862 n=11 g_3=84298 Av_11=39832502
17543862,12,2431109,476570491,476570491,PASS,0.148432,tau=17543862 n=12 g_4=2431109 Av_12=476570491
17546382,11,84376,39832424,39832424,PASS,0.007383,tau=17546382 n=11 g_3=84376 Av_11=39832424
17546382,12,2434706,476566894,476566894,PASS,0.191878,tau=17546382 n=12 g_4=2434706 Av_12=476566894
17546823,11,84293,39832507,39832507,PASS,0.007437,tau=17546823 n=11 g_3=84293 Av_11=39832507
17546823,12,2430585,476571015,476571015,PASS,0.156619,tau=17546823 n=12 g_4=2430585 Av_12=476571015
17546832,11,84293,39832507,39832507,PASS,0.010595,tau=17546832 n=11 g_3=84293 Av_11=39832507
17546832,12,2430583,476571017,476571017,PASS,0.150247,tau=17546832 n=12 g_4=2430583 Av_12=476571017
17548326,11,84390,39832410,39832410,PASS,0.009894,tau=17548326 n=11 g_3=84390 Av_11=39832410
17548326,12,2436104,476565496,476565496,PASS,0.163742,tau=17548326 n=12 g_4=2436104 Av_12=476565496
17548362,11,84391,39832409,39832409,PASS,0.007100,tau=17548362 n=11 g_3=84391 Av_11=39832409
17548362,12,2436170,476565430,476565430,PASS,0.158288,tau=17548362 n=12 g_4=2436170 Av_12=476565430
17548623,11,84297,39832503,39832503,PASS,0.007350,tau=17548623 n=11 g_3=84297 Av_11=39832503
17548623,12,2430961,476570639,476570639,PASS,0.183188,tau=17548623 n=12 g_4=2430961 Av_12=476570639
17548632,11,84297,39832503,39832503,PASS,0.007046,tau=17548632 n=11 g_3=84297 Av_11=39832503
17548632,12,2430941,476570659,476570659,PASS,0.149878,tau=17548632 n=12 g_4=2430941 Av_12=476570659
17563428,11,84107,39832693,39832693,PASS,0.007382,tau=17563428 n=11 g_3=84107 Av_11=39832693
17563428,12,2420335,476581265,476581265,PASS,0.210602,tau=17563428 n=12 g_4=2420335 Av_12=476581265
17563482,11,84205,39832595,39832595,PASS,0.007081,tau=17563482 n=11 g_3=84205 Av_11=39832595
17563482,12,2425973,476575627,476575627,PASS,0.145329,tau=17563482 n=12 g_4=2425973 Av_12=476575627
17563824,11,84392,39832408,39832408,PASS,0.010264,tau=17563824 n=11 g_3=84392 Av_11=39832408
17563824,12,2436288,476565312,476565312,PASS,0.180690,tau=17563824 n=12 g_4=2436288 Av_12=476565312
17563842,11,84382,39832418,39832418,PASS,0.006735,tau=17563842 n=11 g_3=84382 Av_11=39832418
17563842,12,2435225,476566375,476566375,PASS,0.147642,tau=17563842 n=12 g_4=2435225 Av_12=476566375
17564328,11,84106,39832694,39832694,PASS,0.006967,tau=17564328 n=11 g_3=84106 Av_11=39832694
17564328,12,2420216,476581384,476581384,PASS,0.143619,tau=17564328 n=12 g_4=2420216 Av_12=476581384
17564382,11,84204,39832596,39832596,PASS,0.006484,tau=17564382 n=11 g_3=84204 Av_11=39832596
17564382,12,2425882,476575718,476575718,PASS,0.148240,tau=17564382 n=12 g_4=2425882 Av_12=476575718
17564823,11,84205,39832595,39832595,PASS,0.007184,tau=17564823 n=11 g_3=84205 Av_11=39832595
17564823,12,2426002,476575598,476575598,PASS,0.152338,tau=17564823 n=12 g_4=2426002 Av_12=476575598
17564832,11,84205,39832595,39832595,PASS,0.008707,tau=17564832 n=11 g_3=84205 Av_11=39832595
17564832,12,2425967,476575633,476575633,PASS,0.181736,tau=17564832 n=12 g_4=2425967 Av_12=476575633
17568324,11,84206,39832594,39832594,PASS,0.007439,tau=17568324 n=11 g_3=84206 Av_11=39832594
17568324,12,2426143,476575457,476575457,PASS,0.147392,tau=17568324 n=12 g_4=2426143 Av_12=476575457
17568342,11,84198,39832602,39832602,PASS,0.008671,tau=17568342 n=11 g_3=84198 Av_11=39832602
17568342,12,2425273,476576327,476576327,PASS,0.184592,tau=17568342 n=12 g_4=2425273 Av_12=476576327
17568423,11,84198,39832602,39832602,PASS,0.007017,tau=17568423 n=11 g_3=84198 Av_11=39832602
17568423,12,2425297,476576303,476576303,PASS,0.156902,tau=17568423 n=12 g_4=2425297 Av_12=476576303
17568432,11,84198,39832602,39832602,PASS,0.008878,tau=17568432 n=11 g_3=84198 Av_11=39832602
17568432,12,2425250,476576350,476576350,PASS,0.199036,tau=17568432 n=12 g_4=2425250 Av_12=476576350
17583462,11,84468,39832332,39832332,PASS,0.006930,tau=17583462 n=11 g_3=84468 Av_11=39832332
17583462,12,2439610,476561990,476561990,PASS,0.144189,tau=17583462 n=12 g_4=2439610 Av_12=476561990
17583624,11,84472,39832328,39832328,PASS,0.010389,tau=17583624 n=11 g_3=84472 Av_11=39832328
17583624,12,2440063,476561537,476561537,PASS,0.182331,tau=17583624 n=12 g_4=2440063 Av_12=476561537
17583642,11,84466,39832334,39832334,PASS,0.007152,tau=17583642 n=11 g_3=84466 Av_11=39832334
17583642,12,2439397,476562203,476562203,PASS,0.144930,tau=17583642 n=12 g_4=2439397 Av_12=476562203
17584326,11,84381,39832419,39832419,PASS,0.007054,tau=17584326 n=11 g_3=84381 Av_11=39832419
17584326,12,2435183,476566417,476566417,PASS,0.147094,tau=17584326 n=12 g_4=2435183 Av_12=476566417
17584362,11,84472,39832328,39832328,PASS,0.008376,tau=17584362 n=11 g_3=84472 Av_11=39832328
17584362,12,2440023,476561577,476561577,PASS,0.212899,tau=17584362 n=12 g_4=2440023 Av_12=476561577
17584623,11,84374,39832426,39832426,PASS,0.007070,tau=17584623 n=11 g_3=84374 Av_11=39832426
17584623,12,2434422,476567178,476567178,PASS,0.233007,tau=17584623 n=12 g_4=2434422 Av_12=476567178
17584632,11,84373,39832427,39832427,PASS,0.006798,tau=17584632 n=11 g_3=84373 Av_11=39832427
17584632,12,2434306,476567294,476567294,PASS,0.157896,tau=17584632 n=12 g_4=2434306 Av_12=476567294
17586324,11,84206,39832594,39832594,PASS,0.007442,tau=17586324 n=11 g_3=84206 Av_11=39832594
17586324,12,2426096,476575504,476575504,PASS,0.151251,tau=17586324 n=12 g_4=2426096 Av_12=476575504
17586342,11,84196,39832604,39832604,PASS,0.010763,tau=17586342 n=11 g_3=84196 Av_11=39832604
17586342,12,2425046,476576554,476576554,PASS,0.216531,tau=17586342 n=12 g_4=2425046 Av_12=476576554
17586423,11,84196,39832604,39832604,PASS,0.008117,tau=17586423 n=11 g_3=84196 Av_11=39832604
17586423,12,2425064,476576536,476576536,PASS,0.200851,tau=17586423 n=12 g_4=2425064 Av_12=476576536
17586432,11,84194,39832606,39832606,PASS,0.010301,tau=17586432 n=11 g_3=84194 Av_11=39832606
17586432,12,2424832,476576768,476576768,PASS,0.183679,tau=17586432 n=12 g_4=2424832 Av_12=476576768
17634582,11,84208,39832592,39832592,PASS,0.010247,tau=17634582 n=11 g_3=84208 Av_11=39832592
17634582,12,2426310,476575290,476575290,PASS,0.182462,tau=17634582 n=12 g_4=2426310 Av_12=476575290
17634852,11,84395,39832405,39832405,PASS,0.007119,tau=17634852 n=11 g_3=84395 Av_11=39832405
17634852,12,2436493,476565107,476565107,PASS,0.171860,tau=17634852 n=12 g_4=2436493 Av_12=476565107
17635482,11,84298,39832502,39832502,PASS,0.006513,tau=17635482 n=11 g_3=84298 Av_11=39832502
17635482,12,2431076,476570524,476570524,PASS,0.153532,tau=17635482 n=12 g_4=2431076 Av_12=476570524
17635842,11,84474,39832326,39832326,PASS,0.006956,tau=17635842 n=11 g_3=84474 Av_11=39832326
17635842,12,2440230,476561370,476561370,PASS,0.148890,tau=17635842 n=12 g_4=2440230 Av_12=476561370
17638452,11,84385,39832415,39832415,PASS,0.007178,tau=17638452 n=11 g_3=84385 Av_11=39832415
17638452,12,2435523,476566077,476566077,PASS,0.194612,tau=17638452 n=12 g_4=2435523 Av_12=476566077
17638542,11,84397,39832403,39832403,PASS,0.008269,tau=17638542 n=11 g_3=84397 Av_11=39832403
17638542,12,2436671,476564929,476564929,PASS,0.159953,tau=17638542 n=12 g_4=2436671 Av_12=476564929
17643582,11,84300,39832500,39832500,PASS,0.010356,tau=17643582 n=11 g_3=84300 Av_11=39832500
17643582,12,2431259,476570341,476570341,PASS,0.210214,tau=17643582 n=12 g_4=2431259 Av_12=476570341
17643852,11,84393,39832407,39832407,PASS,0.006549,tau=17643852 n=11 g_3=84393 Av_11=39832407
17643852,12,2436309,476565291,476565291,PASS,0.146917,tau=17643852 n=12 g_4=2436309 Av_12=476565291
17645328,11,84110,39832690,39832690,PASS,0.010445,tau=17645328 n=11 g_3=84110 Av_11=39832690
17645328,12,2420622,476580978,476580978,PASS,0.190741,tau=17645328 n=12 g_4=2420622 Av_12=476580978
17645382,11,84204,39832596,39832596,PASS,0.008385,tau=17645382 n=11 g_3=84204 Av_11=39832596
17645382,12,2425880,476575720,476575720,PASS,0.155534,tau=17645382 n=12 g_4=2425880 Av_12=476575720
17645823,11,84207,39832593,39832593,PASS,0.006369,tau=17645823 n=11 g_3=84207 Av_11=39832593
17645823,12,2426185,476575415,476575415,PASS,0.144791,tau=17645823 n=12 g_4=2426185 Av_12=476575415
17645832,11,84207,39832593,39832593,PASS,0.008205,tau=17645832 n=11 g_3=84207 Av_11=39832593
17645832,12,2426179,476575421,476575421,PASS,0.172069,tau=17645832 n=12 g_4=2426179 Av_12=476575421
17648325,11,84390,39832410,39832410,PASS,0.010455,tau=17648325 n=11 g_3=84390 Av_11=39832410
17648325,12,2436085,476565515,476565515,PASS,0.154380,tau=17648325 n=12 g_4=2436085 Av_12=476565515
17648352,11,84468,39832332,39832332,PASS,0.006882,tau=17648352 n=11 g_3=84468 Av_11=39832332
17648352,12,2439620,476561980,476561980,PASS,0.171711,tau=17648352 n=12 g_4=2439620 Av_12=476561980
17648523,11,84372,39832428,39832428,PASS,0.006458,tau=17648523 n=11 g_3=84372 Av_11=39832428
17648523,12,2434228,476567372,476567372,PASS,0.147209,tau=17648523 n=12 g_4=2434228 Av_12=476567372
17648532,11,84371,39832429,39832429,PASS,0.007429,tau=17648532 n=11 g_3=84371 Av_11=39832429
17648532,12,2434114,476567486,476567486,PASS,0.183878,tau=17648532 n=12 g_4=2434114 Av_12=476567486
17653482,11,84203,39832597,39832597,PASS,0.007326,tau=17653482 n=11 g_3=84203 Av_11=39832597
17653482,12,2425762,476575838,476575838,PASS,0.155202,tau=17653482 n=12 g_4=2425762 Av_12=476575838
17653842,11,84377,39832423,39832423,PASS,0.006972,tau=17653842 n=11 g_3=84377 Av_11=39832423
17653842,12,2434710,476566890,476566890,PASS,0.144981,tau=17653842 n=12 g_4=2434710 Av_12=476566890
17654328,11,83922,39832878,39832878,PASS,0.009843,tau=17654328 n=11 g_3=83922 Av_11=39832878
17654328,12,2410179,476591421,476591421,PASS,0.195385,tau=17654328 n=12 g_4=2410179 Av_12=476591421
17654382,11,84105,39832695,39832695,PASS,0.007107,tau=17654382 n=11 g_3=84105 Av_11=39832695
17654382,12,2420122,476581478,476581478,PASS,0.166543,tau=17654382 n=12 g_4=2420122 Av_12=476581478
17654823,11,84115,39832685,39832685,PASS,0.007210,tau=17654823 n=11 g_3=84115 Av_11=39832685
17654823,12,2421169,476580431,476580431,PASS,0.201683,tau=17654823 n=12 g_4=2421169 Av_12=476580431
17654832,11,84112,39832688,39832688,PASS,0.009773,tau=17654832 n=11 g_3=84112 Av_11=39832688
17654832,12,2420855,476580745,476580745,PASS,0.166576,tau=17654832 n=12 g_4=2420855 Av_12=476580745
17658324,11,84121,39832679,39832679,PASS,0.010266,tau=17658324 n=11 g_3=84121 Av_11=39832679
17658324,12,2421846,476579754,476579754,PASS,0.194414,tau=17658324 n=12 g_4=2421846 Av_12=476579754
17658342,11,84116,39832684,39832684,PASS,0.010437,tau=17658342 n=11 g_3=84116 Av_11=39832684
17658342,12,2421264,476580336,476580336,PASS,0.156464,tau=17658342 n=12 g_4=2421264 Av_12=476580336
17658423,11,84116,39832684,39832684,PASS,0.010427,tau=17658423 n=11 g_3=84116 Av_11=39832684
17658423,12,2421260,476580340,476580340,PASS,0.177356,tau=17658423 n=12 g_4=2421260 Av_12=476580340
17658432,11,84112,39832688,39832688,PASS,0.009649,tau=17658432 n=11 g_3=84112 Av_11=39832688
17658432,12,2420837,476580763,476580763,PASS,0.187397,tau=17658432 n=12 g_4=2420837 Av_12=476580763
17683452,11,84109,39832691,39832691,PASS,0.007535,tau=17683452 n=11 g_3=84109 Av_11=39832691
17683452,12,2420574,476581026,476581026,PASS,0.145388,tau=17683452 n=12 g_4=2420574 Av_12=476581026
17683542,11,84206,39832594,39832594,PASS,0.007067,tau=17683542 n=11 g_3=84206 Av_11=39832594
17683542,12,2426060,476575540,476575540,PASS,0.148775,tau=17683542 n=12 g_4=2426060 Av_12=476575540
17684352,11,84206,39832594,39832594,PASS,0.010612,tau=17684352 n=11 g_3=84206 Av_11=39832594
17684352,12,2426061,476575539,476575539,PASS,0.160553,tau=17684352 n=12 g_4=2426061 Av_12=476575539
17684523,11,84109,39832691,39832691,PASS,0.008467,tau=17684523 n=11 g_3=84109 Av_11=39832691
17684523,12,2420548,476581052,476581052,PASS,0.192064,tau=17684523 n=12 g_4=2420548 Av_12=476581052
17684532,11,84109,39832691,39832691,PASS,0.007011,tau=17684532 n=11 g_3=84109 Av_11=39832691
17684532,12,2420553,476581047,476581047,PASS,0.198725,tau=17684532 n=12 g_4=2420553 Av_12=476581047
17685324,11,84194,39832606,39832606,PASS,0.007296,tau=17685324 n=11 g_3=84194 Av_11=39832606
17685324,12,2424929,476576671,476576671,PASS,0.149941,tau=17685324 n=12 g_4=2424929 Av_12=476576671
17685342,11,84108,39832692,39832692,PASS,0.008443,tau=17685342 n=11 g_3=84108 Av_11=39832692
17685342,12,2420454,476581146,476581146,PASS,0.145619,tau=17685342 n=12 g_4=2420454 Av_12=476581146
17685423,11,84109,39832691,39832691,PASS,0.007840,tau=17685423 n=11 g_3=84109 Av_11=39832691
17685423,12,2420558,476581042,476581042,PASS,0.154747,tau=17685423 n=12 g_4=2420558 Av_12=476581042
17685432,11,84104,39832696,39832696,PASS,0.008096,tau=17685432 n=11 g_3=84104 Av_11=39832696
17685432,12,2420010,476581590,476581590,PASS,0.147967,tau=17685432 n=12 g_4=2420010 Av_12=476581590
17834562,11,84019,39832781,39832781,PASS,0.007459,tau=17834562 n=11 g_3=84019 Av_11=39832781
17834562,12,2415756,476585844,476585844,PASS,0.154283,tau=17834562 n=12 g_4=2415756 Av_12=476585844
17834652,11,84204,39832596,39832596,PASS,0.007044,tau=17834652 n=11 g_3=84204 Av_11=39832596
17834652,12,2425845,476575755,476575755,PASS,0.149577,tau=17834652 n=12 g_4=2425845 Av_12=476575755
17835462,11,84201,39832599,39832599,PASS,0.008581,tau=17835462 n=11 g_3=84201 Av_11=39832599
17835462,12,2425533,476576067,476576067,PASS,0.225535,tau=17835462 n=12 g_4=2425533 Av_12=476576067
17835642,11,84287,39832513,39832513,PASS,0.007170,tau=17835642 n=11 g_3=84287 Av_11=39832513
17835642,12,2429926,476571674,476571674,PASS,0.210480,tau=17835642 n=12 g_4=2429926 Av_12=476571674
17836452,11,84287,39832513,39832513,PASS,0.007351,tau=17836452 n=11 g_3=84287 Av_11=39832513
17836452,12,2429935,476571665,476571665,PASS,0.147357,tau=17836452 n=12 g_4=2429935 Av_12=476571665
17836542,11,84208,39832592,39832592,PASS,0.006899,tau=17836542 n=11 g_3=84208 Av_11=39832592
17836542,12,2426223,476575377,476575377,PASS,0.149419,tau=17836542 n=12 g_4=2426223 Av_12=476575377
17843562,11,84204,39832596,39832596,PASS,0.007325,tau=17843562 n=11 g_3=84204 Av_11=39832596
17843562,12,2425845,476575755,476575755,PASS,0.157098,tau=17843562 n=12 g_4=2425845 Av_12=476575755
17843652,11,84206,39832594,39832594,PASS,0.009830,tau=17843652 n=11 g_3=84206 Av_11=39832594
17843652,12,2426030,476575570,476575570,PASS,0.234418,tau=17843652 n=12 g_4=2426030 Av_12=476575570
17845362,11,84287,39832513,39832513,PASS,0.009623,tau=17845362 n=11 g_3=84287 Av_11=39832513
17845362,12,2429937,476571663,476571663,PASS,0.152080,tau=17845362 n=12 g_4=2429937 Av_12=476571663
17845623,11,84019,39832781,39832781,PASS,0.009874,tau=17845623 n=11 g_3=84019 Av_11=39832781
17845623,12,2415738,476585862,476585862,PASS,0.237439,tau=17845623 n=12 g_4=2415738 Av_12=476585862
17845632,11,84019,39832781,39832781,PASS,0.007007,tau=17845632 n=11 g_3=84019 Av_11=39832781
17845632,12,2415747,476585853,476585853,PASS,0.168956,tau=17845632 n=12 g_4=2415747 Av_12=476585853
17846352,11,84283,39832517,39832517,PASS,0.007302,tau=17846352 n=11 g_3=84283 Av_11=39832517
17846352,12,2429500,476572100,476572100,PASS,0.169125,tau=17846352 n=12 g_4=2429500 Av_12=476572100
17846523,11,84198,39832602,39832602,PASS,0.010646,tau=17846523 n=11 g_3=84198 Av_11=39832602
17846523,12,2425225,476576375,476576375,PASS,0.181669,tau=17846523 n=12 g_4=2425225 Av_12=476576375
17846532,11,84198,39832602,39832602,PASS,0.010158,tau=17846532 n=11 g_3=84198 Av_11=39832602
17846532,12,2425199,476576401,476576401,PASS,0.196488,tau=17846532 n=12 g_4=2425199 Av_12=476576401
17853462,11,84287,39832513,39832513,PASS,0.010642,tau=17853462 n=11 g_3=84287 Av_11=39832513
17853462,12,2429938,476571662,476571662,PASS,0.151050,tau=17853462 n=12 g_4=2429938 Av_12=476571662
17853642,11,84283,39832517,39832517,PASS,0.006943,tau=17853642 n=11 g_3=84283 Av_11=39832517
17853642,12,2429490,476572110,476572110,PASS,0.151227,tau=17853642 n=12 g_4=2429490 Av_12=476572110
17854362,11,84208,39832592,39832592,PASS,0.007154,tau=17854362 n=11 g_3=84208 Av_11=39832592
17854362,12,2426240,476575360,476575360,PASS,0.218779,tau=17854362 n=12 g_4=2426240 Av_12=476575360
17854623,11,84198,39832602,39832602,PASS,0.007121,tau=17854623 n=11 g_3=84198 Av_11=39832602
17854623,12,2425220,476576380,476576380,PASS,0.216750,tau=17854623 n=12 g_4=2425220 Av_12=476576380
17854632,11,84198,39832602,39832602,PASS,0.006755,tau=17854632 n=11 g_3=84198 Av_11=39832602
17854632,12,2425202,476576398,476576398,PASS,0.147736,tau=17854632 n=12 g_4=2425202 Av_12=476576398
17856342,11,84014,39832786,39832786,PASS,0.007723,tau=17856342 n=11 g_3=84014 Av_11=39832786
17856342,12,2415220,476586380,476586380,PASS,0.155011,tau=17856342 n=12 g_4=2415220 Av_12=476586380
17856423,11,84019,39832781,39832781,PASS,0.007267,tau=17856423 n=11 g_3=84019 Av_11=39832781
17856423,12,2415741,476585859,476585859,PASS,0.151814,tau=17856423 n=12 g_4=2415741 Av_12=476585859
17856432,11,84017,39832783,39832783,PASS,0.008510,tau=17856432 n=11 g_3=84017 Av_11=39832783
17856432,12,2415523,476586077,476586077,PASS,0.156859,tau=17856432 n=12 g_4=2415523 Av_12=476586077
17863452,11,84019,39832781,39832781,PASS,0.007958,tau=17863452 n=11 g_3=84019 Av_11=39832781
17863452,12,2415769,476585831,476585831,PASS,0.164529,tau=17863452 n=12 g_4=2415769 Av_12=476585831
17863542,11,84194,39832606,39832606,PASS,0.007627,tau=17863542 n=11 g_3=84194 Av_11=39832606
17863542,12,2424850,476576750,476576750,PASS,0.164871,tau=17863542 n=12 g_4=2424850 Av_12=476576750
17864352,11,84194,39832606,39832606,PASS,0.007107,tau=17864352 n=11 g_3=84194 Av_11=39832606
17864352,12,2424866,476576734,476576734,PASS,0.153602,tau=17864352 n=12 g_4=2424866 Av_12=476576734
17864532,11,84019,39832781,39832781,PASS,0.007062,tau=17864532 n=11 g_3=84019 Av_11=39832781
17864532,12,2415731,476585869,476585869,PASS,0.178458,tau=17864532 n=12 g_4=2415731 Av_12=476585869
17865342,11,84019,39832781,39832781,PASS,0.009203,tau=17865342 n=11 g_3=84019 Av_11=39832781
17865342,12,2415748,476585852,476585852,PASS,0.198809,tau=17865342 n=12 g_4=2415748 Av_12=476585852
17865423,11,84020,39832780,39832780,PASS,0.008909,tau=17865423 n=11 g_3=84020 Av_11=39832780
17865423,12,2415836,476585764,476585764,PASS,0.168640,tau=17865423 n=12 g_4=2415836 Av_12=476585764
17865432,11,84013,39832787,39832787,PASS,0.007103,tau=17865432 n=11 g_3=84013 Av_11=39832787
17865432,12,2415101,476586499,476586499,PASS,0.153525,tau=17865432 n=12 g_4=2415101 Av_12=476586499
18345672,11,84019,39832781,39832781,PASS,0.010539,tau=18345672 n=11 g_3=84019 Av_11=39832781
18345672,12,2415744,476585856,476585856,PASS,0.227013,tau=18345672 n=12 g_4=2415744 Av_12=476585856
18345762,11,84200,39832600,39832600,PASS,0.007572,tau=18345762 n=11 g_3=84200 Av_11=39832600
18345762,12,2425482,476576118,476576118,PASS,0.217337,tau=18345762 n=12 g_4=2425482 Av_12=476576118
18346572,11,84203,39832597,39832597,PASS,0.007191,tau=18346572 n=11 g_3=84203 Av_11=39832597
18346572,12,2425759,476575841,476575841,PASS,0.189482,tau=18346572 n=12 g_4=2425759 Av_12=476575841
18346752,11,84295,39832505,39832505,PASS,0.007235,tau=18346752 n=11 g_3=84295 Av_11=39832505
18346752,12,2430738,476570862,476570862,PASS,0.147636,tau=18346752 n=12 g_4=2430738 Av_12=476570862
18347652,11,84210,39832590,39832590,PASS,0.007773,tau=18347652 n=11 g_3=84210 Av_11=39832590
18347652,12,2426483,476575117,476575117,PASS,0.190891,tau=18347652 n=12 g_4=2426483 Av_12=476575117
18354672,11,84203,39832597,39832597,PASS,0.009462,tau=18354672 n=11 g_3=84203 Av_11=39832597
18354672,12,2425759,476575841,476575841,PASS,0.158543,tau=18354672 n=12 g_4=2425759 Av_12=476575841
18354762,11,84205,39832595,39832595,PASS,0.007423,tau=18354762 n=11 g_3=84205 Av_11=39832595
18354762,12,2425964,476575636,476575636,PASS,0.145507,tau=18354762 n=12 g_4=2425964 Av_12=476575636
18356472,11,84379,39832421,39832421,PASS,0.007124,tau=18356472 n=11 g_3=84379 Av_11=39832421
18356472,12,2434937,476566663,476566663,PASS,0.200547,tau=18356472 n=12 g_4=2434937 Av_12=476566663
18356742,11,84291,39832509,39832509,PASS,0.007127,tau=18356742 n=11 g_3=84291 Av_11=39832509
18356742,12,2430336,476571264,476571264,PASS,0.145756,tau=18356742 n=12 g_4=2430336 Av_12=476571264
18357462,11,84378,39832422,39832422,PASS,0.007423,tau=18357462 n=11 g_3=84378 Av_11=39832422
18357462,12,2434809,476566791,476566791,PASS,0.173940,tau=18357462 n=12 g_4=2434809 Av_12=476566791
18357642,11,84382,39832418,39832418,PASS,0.010025,tau=18357642 n=11 g_3=84382 Av_11=39832418
18357642,12,2435237,476566363,476566363,PASS,0.190332,tau=18357642 n=12 g_4=2435237 Av_12=476566363
18365472,11,84213,39832587,39832587,PASS,0.010141,tau=18365472 n=11 g_3=84213 Av_11=39832587
18365472,12,2426774,476574826,476574826,PASS,0.200443,tau=18365472 n=12 g_4=2426774 Av_12=476574826
18365742,11,84384,39832416,39832416,PASS,0.008984,tau=18365742 n=11 g_3=84384 Av_11=39832416
18365742,12,2435436,476566164,476566164,PASS,0.148090,tau=18365742 n=12 g_4=2435436 Av_12=476566164
18367452,11,84297,39832503,39832503,PASS,0.007663,tau=18367452 n=11 g_3=84297 Av_11=39832503
18367452,12,2430914,476570686,476570686,PASS,0.220318,tau=18367452 n=12 g_4=2430914 Av_12=476570686
18367542,11,84296,39832504,39832504,PASS,0.007020,tau=18367542 n=11 g_3=84296 Av_11=39832504
18367542,12,2430859,476570741,476570741,PASS,0.146492,tau=18367542 n=12 g_4=2430859 Av_12=476570741
18375642,11,84294,39832506,39832506,PASS,0.010373,tau=18375642 n=11 g_3=84294 Av_11=39832506
18375642,12,2430654,476570946,476570946,PASS,0.204384,tau=18375642 n=12 g_4=2430654 Av_12=476570946
18376542,11,84200,39832600,39832600,PASS,0.006864,tau=18376542 n=11 g_3=84200 Av_11=39832600
18376542,12,2425459,476576141,476576141,PASS,0.146369,tau=18376542 n=12 g_4=2425459 Av_12=476576141
18435672,11,84200,39832600,39832600,PASS,0.007030,tau=18435672 n=11 g_3=84200 Av_11=39832600
18435672,12,2425482,476576118,476576118,PASS,0.187574,tau=18435672 n=12 g_4=2425482 Av_12=476576118
18435762,11,84214,39832586,39832586,PASS,0.008246,tau=18435762 n=11 g_3=84214 Av_11=39832586
18435762,12,2426854,476574746,476574746,PASS,0.195249,tau=18435762 n=12 g_4=2426854 Av_12=476574746
18436572,11,84205,39832595,39832595,PASS,0.007149,tau=18436572 n=11 g_3=84205 Av_11=39832595
18436572,12,2425964,476575636,476575636,PASS,0.147242,tau=18436572 n=12 g_4=2425964 Av_12=476575636
18436752,11,84301,39832499,39832499,PASS,0.008518,tau=18436752 n=11 g_3=84301 Av_11=39832499
18436752,12,2431351,476570249,476570249,PASS,0.196769,tau=18436752 n=12 g_4=2431351 Av_12=476570249
18437652,11,84210,39832590,39832590,PASS,0.007306,tau=18437652 n=11 g_3=84210 Av_11=39832590
18437652,12,2426481,476575119,476575119,PASS,0.150100,tau=18437652 n=12 g_4=2426481 Av_12=476575119
18453672,11,84295,39832505,39832505,PASS,0.007766,tau=18453672 n=11 g_3=84295 Av_11=39832505
18453672,12,2430753,476570847,476570847,PASS,0.195717,tau=18453672 n=12 g_4=2430753 Av_12=476570847
18453762,11,84301,39832499,39832499,PASS,0.006835,tau=18453762 n=11 g_3=84301 Av_11=39832499
18453762,12,2431366,476570234,476570234,PASS,0.155185,tau=18453762 n=12 g_4=2431366 Av_12=476570234
18456372,11,84291,39832509,39832509,PASS,0.010316,tau=18456372 n=11 g_3=84291 Av_11=39832509
18456372,12,2430347,476571253,476571253,PASS,0.150066,tau=18456372 n=12 g_4=2430347 Av_12=476571253
18456732,11,84019,39832781,39832781,PASS,0.011399,tau=18456732 n=11 g_3=84019 Av_11=39832781
18456732,12,2415757,476585843,476585843,PASS,0.148841,tau=18456732 n=12 g_4=2415757 Av_12=476585843
18457362,11,84464,39832336,39832336,PASS,0.007240,tau=18457362 n=11 g_3=84464 Av_11=39832336
18457362,12,2439209,476562391,476562391,PASS,0.148549,tau=18457362 n=12 g_4=2439209 Av_12=476562391
18457632,11,84204,39832596,39832596,PASS,0.007745,tau=18457632 n=11 g_3=84204 Av_11=39832596
18457632,12,2425842,476575758,476575758,PASS,0.210260,tau=18457632 n=12 g_4=2425842 Av_12=476575758
18463572,11,84378,39832422,39832422,PASS,0.008137,tau=18463572 n=11 g_3=84378 Av_11=39832422
18463572,12,2434832,476566768,476566768,PASS,0.219615,tau=18463572 n=12 g_4=2434832 Av_12=476566768
18463752,11,84466,39832334,39832334,PASS,0.007998,tau=18463752 n=11 g_3=84466 Av_11=39832334
18463752,12,2439395,476562205,476562205,PASS,0.146947,tau=18463752 n=12 g_4=2439395 Av_12=476562205
18465372,11,84384,39832416,39832416,PASS,0.007076,tau=18465372 n=11 g_3=84384 Av_11=39832416
18465372,12,2435453,476566147,476566147,PASS,0.150723,tau=18465372 n=12 g_4=2435453 Av_12=476566147
18465732,11,84201,39832599,39832599,PASS,0.010775,tau=18465732 n=11 g_3=84201 Av_11=39832599
18465732,12,2425531,476576069,476576069,PASS,0.193440,tau=18465732 n=12 g_4=2425531 Av_12=476576069
18467352,11,84374,39832426,39832426,PASS,0.006925,tau=18467352 n=11 g_3=84374 Av_11=39832426
18467352,12,2434385,476567215,476567215,PASS,0.145762,tau=18467352 n=12 g_4=2434385 Av_12=476567215
18467532,11,84287,39832513,39832513,PASS,0.007097,tau=18467532 n=11 g_3=84287 Av_11=39832513
18467532,12,2429916,476571684,476571684,PASS,0.190983,tau=18467532 n=12 g_4=2429916 Av_12=476571684
18473562,11,84464,39832336,39832336,PASS,0.007244,tau=18473562 n=11 g_3=84464 Av_11=39832336
18473562,12,2439208,476562392,476562392,PASS,0.153280,tau=18473562 n=12 g_4=2439208 Av_12=476562392
18473652,11,84386,39832414,39832414,PASS,0.006848,tau=18473652 n=11 g_3=84386 Av_11=39832414
18473652,12,2435576,476566024,476566024,PASS,0.144680,tau=18473652 n=12 g_4=2435576 Av_12=476566024
18475362,11,84550,39832250,39832250,PASS,0.008872,tau=18475362 n=11 g_3=84550 Av_11=39832250
18475362,12,2443601,476557999,476557999,PASS,0.162251,tau=18475362 n=12 g_4=2443601 Av_12=476557999
18475632,11,84287,39832513,39832513,PASS,0.006947,tau=18475632 n=11 g_3=84287 Av_11=39832513
18475632,12,2429924,476571676,476571676,PASS,0.151303,tau=18475632 n=12 g_4=2429924 Av_12=476571676
18476352,11,84461,39832339,39832339,PASS,0.007675,tau=18476352 n=11 g_3=84461 Av_11=39832339
18476352,12,2438889,476562711,476562711,PASS,0.160564,tau=18476352 n=12 g_4=2438889 Av_12=476562711
18476532,11,84206,39832594,39832594,PASS,0.006972,tau=18476532 n=11 g_3=84206 Av_11=39832594
18476532,12,2425999,476575601,476575601,PASS,0.152962,tau=18476532 n=12 g_4=2425999 Av_12=476575601
18543672,11,84210,39832590,39832590,PASS,0.007629,tau=18543672 n=11 g_3=84210 Av_11=39832590
18543672,12,2426491,476575109,476575109,PASS,0.202369,tau=18543672 n=12 g_4=2426491 Av_12=476575109
18543762,11,84210,39832590,39832590,PASS,0.008010,tau=18543762 n=11 g_3=84210 Av_11=39832590
18543762,12,2426489,476575111,476575111,PASS,0.158059,tau=18543762 n=12 g_4=2426489 Av_12=476575111
18546372,11,84382,39832418,39832418,PASS,0.008097,tau=18546372 n=11 g_3=84382 Av_11=39832418
18546372,12,2435251,476566349,476566349,PASS,0.225834,tau=18546372 n=12 g_4=2435251 Av_12=476566349
18546732,11,84204,39832596,39832596,PASS,0.008083,tau=18546732 n=11 g_3=84204 Av_11=39832596
18546732,12,2425844,476575756,476575756,PASS,0.161051,tau=18546732 n=12 g_4=2425844 Av_12=476575756
18547362,11,84386,39832414,39832414,PASS,0.007013,tau=18547362 n=11 g_3=84386 Av_11=39832414
18547362,12,2435594,476566006,476566006,PASS,0.153511,tau=18547362 n=12 g_4=2435594 Av_12=476566006
18547632,11,84206,39832594,39832594,PASS,0.010479,tau=18547632 n=11 g_3=84206 Av_11=39832594
18547632,12,2426022,476575578,476575578,PASS,0.189688,tau=18547632 n=12 g_4=2426022 Av_12=476575578
18563472,11,84297,39832503,39832503,PASS,0.008778,tau=18563472 n=11 g_3=84297 Av_11=39832503
18563472,12,2430938,476570662,476570662,PASS,0.159454,tau=18563472 n=12 g_4=2430938 Av_12=476570662
18563742,11,84374,39832426,39832426,PASS,0.008082,tau=18563742 n=11 g_3=84374 Av_11=39832426
18563742,12,2434392,476567208,476567208,PASS,0.182933,tau=18563742 n=12 g_4=2434392 Av_12=476567208
18564372,11,84296,39832504,39832504,PASS,0.007027,tau=18564372 n=11 g_3=84296 Av_11=39832504
18564372,12,2430887,476570713,476570713,PASS,0.153884,tau=18564372 n=12 g_4=2430887 Av_12=476570713
18564732,11,84287,39832513,39832513,PASS,0.009639,tau=18564732 n=11 g_3=84287 Av_11=39832513
18564732,12,2429910,476571690,476571690,PASS,0.154937,tau=18564732 n=12 g_4=2429910 Av_12=476571690
18567342,11,84018,39832782,39832782,PASS,0.007313,tau=18567342 n=11 g_3=84018 Av_11=39832782
18567342,12,2415642,476585958,476585958,PASS,0.165985,tau=18567342 n=12 g_4=2415642 Av_12=476585958
18567432,11,84019,39832781,39832781,PASS,0.007642,tau=18567432 n=11 g_3=84019 Av_11=39832781
18567432,12,2415730,476585870,476585870,PASS,0.167146,tau=18567432 n=12 g_4=2415730 Av_12=476585870
18573642,11,84455,39832345,39832345,PASS,0.007402,tau=18573642 n=11 g_3=84455 Av_11=39832345
18573642,12,2438273,476563327,476563327,PASS,0.150455,tau=18573642 n=12 g_4=2438273 Av_12=476563327
18574362,11,84461,39832339,39832339,PASS,0.007115,tau=18574362 n=11 g_3=84461 Av_11=39832339
18574362,12,2438888,476562712,476562712,PASS,0.155680,tau=18574362 n=12 g_4=2438888 Av_12=476562712
18574632,11,84279,39832521,39832521,PASS,0.008345,tau=18574632 n=11 g_3=84279 Av_11=39832521
18574632,12,2429084,476572516,476572516,PASS,0.168672,tau=18574632 n=12 g_4=2429084 Av_12=476572516
18576342,11,84194,39832606,39832606,PASS,0.008158,tau=18576342 n=11 g_3=84194 Av_11=39832606
18576342,12,2424834,476576766,476576766,PASS,0.178629,tau=18576342 n=12 g_4=2424834 Av_12=476576766
18576432,11,84192,39832608,39832608,PASS,0.007087,tau=18576432 n=11 g_3=84192 Av_11=39832608
18576432,12,2424619,476576981,476576981,PASS,0.153622,tau=18576432 n=12 g_4=2424619 Av_12=476576981
18645372,11,84294,39832506,39832506,PASS,0.007464,tau=18645372 n=11 g_3=84294 Av_11=39832506
18645372,12,2430693,476570907,476570907,PASS,0.160315,tau=18645372 n=12 g_4=2430693 Av_12=476570907
18645732,11,84287,39832513,39832513,PASS,0.010460,tau=18645732 n=11 g_3=84287 Av_11=39832513
18645732,12,2429936,476571664,476571664,PASS,0.181295,tau=18645732 n=12 g_4=2429936 Av_12=476571664
18647352,11,84458,39832342,39832342,PASS,0.007097,tau=18647352 n=11 g_3=84458 Av_11=39832342
18647352,12,2438597,476563003,476563003,PASS,0.151613,tau=18647352 n=12 g_4=2438597 Av_12=476563003
18647532,11,84281,39832519,39832519,PASS,0.008467,tau=18647532 n=11 g_3=84281 Av_11=39832519
18647532,12,2429285,476572315,476572315,PASS,0.171709,tau=18647532 n=12 g_4=2429285 Av_12=476572315
18654372,11,84203,39832597,39832597,PASS,0.007619,tau=18654372 n=11 g_3=84203 Av_11=39832597
18654372,12,2425783,476575817,476575817,PASS,0.158783,tau=18654372 n=12 g_4=2425783 Av_12=476575817
18654732,11,84207,39832593,39832593,PASS,0.007145,tau=18654732 n=11 g_3=84207 Av_11=39832593
18654732,12,2426120,476575480,476575480,PASS,0.208834,tau=18654732 n=12 g_4=2426120 Av_12=476575480
18657342,11,84194,39832606,39832606,PASS,0.006644,tau=18657342 n=11 g_3=84194 Av_11=39832606
18657342,12,2424845,476576755,476576755,PASS,0.154460,tau=18657342 n=12 g_4=2424845 Av_12=476576755
18657432,11,84193,39832607,39832607,PASS,0.010411,tau=18657432 n=11 g_3=84193 Av_11=39832607
18657432,12,2424708,476576892,476576892,PASS,0.227531,tau=18657432 n=12 g_4=2424708 Av_12=476576892
18674532,11,84016,39832784,39832784,PASS,0.012830,tau=18674532 n=11 g_3=84016 Av_11=39832784
18674532,12,2415422,476586178,476586178,PASS,0.159798,tau=18674532 n=12 g_4=2415422 Av_12=476586178
18675342,11,84018,39832782,39832782,PASS,0.007455,tau=18675342 n=11 g_3=84018 Av_11=39832782
18675342,12,2415623,476585977,476585977,PASS,0.155011,tau=18675342 n=12 g_4=2415623 Av_12=476585977
18675432,11,84014,39832786,39832786,PASS,0.010771,tau=18675432 n=11 g_3=84014 Av_11=39832786
18675432,12,2415206,476586394,476586394,PASS,0.170994,tau=18675432 n=12 g_4=2415206 Av_12=476586394
18745632,11,84019,39832781,39832781,PASS,0.007123,tau=18745632 n=11 g_3=84019 Av_11=39832781
18745632,12,2415749,476585851,476585851,PASS,0.231382,tau=18745632 n=12 g_4=2415749 Av_12=476585851
18746532,11,84197,39832603,39832603,PASS,0.007891,tau=18746532 n=11 g_3=84197 Av_11=39832603
18746532,12,2425079,476576521,476576521,PASS,0.232809,tau=18746532 n=12 g_4=2425079 Av_12=476576521
18754632,11,84197,39832603,39832603,PASS,0.008966,tau=18754632 n=11 g_3=84197 Av_11=39832603
18754632,12,2425096,476576504,476576504,PASS,0.159987,tau=18754632 n=12 g_4=2425096 Av_12=476576504
18756432,11,84016,39832784,39832784,PASS,0.007540,tau=18756432 n=11 g_3=84016 Av_11=39832784
18756432,12,2415418,476586182,476586182,PASS,0.159465,tau=18756432 n=12 g_4=2415418 Av_12=476586182
23145786,11,84101,39832699,39832699,PASS,0.007486,tau=23145786 n=11 g_3=84101 Av_11=39832699
23145786,12,2419681,476581919,476581919,PASS,0.161927,tau=23145786 n=12 g_4=2419681 Av_12=476581919
23146785,11,84104,39832696,39832696,PASS,0.007022,tau=23146785 n=11 g_3=84104 Av_11=39832696
23146785,12,2420039,476581561,476581561,PASS,0.145105,tau=23146785 n=12 g_4=2420039 Av_12=476581561
23146857,11,84184,39832616,39832616,PASS,0.007136,tau=23146857 n=11 g_3=84184 Av_11=39832616
23146857,12,2423848,476577752,476577752,PASS,0.183181,tau=23146857 n=12 g_4=2423848 Av_12=476577752
23146875,11,84186,39832614,39832614,PASS,0.008134,tau=23146875 n=11 g_3=84186 Av_11=39832614
23146875,12,2424045,476577555,476577555,PASS,0.205509,tau=23146875 n=12 g_4=2424045 Av_12=476577555
23147685,11,84186,39832614,39832614,PASS,0.007114,tau=23147685 n=11 g_3=84186 Av_11=39832614
23147685,12,2424043,476577557,476577557,PASS,0.149864,tau=23147685 n=12 g_4=2424043 Av_12=476577557
23147856,11,84103,39832697,39832697,PASS,0.007861,tau=23147856 n=11 g_3=84103 Av_11=39832697
23147856,12,2419940,476581660,476581660,PASS,0.151825,tau=23147856 n=12 g_4=2419940 Av_12=476581660
23147865,11,84102,39832698,39832698,PASS,0.010376,tau=23147865 n=11 g_3=84102 Av_11=39832698
23147865,12,2419844,476581756,476581756,PASS,0.203102,tau=23147865 n=12 g_4=2419844 Av_12=476581756
23148675,11,84100,39832700,39832700,PASS,0.013105,tau=23148675 n=11 g_3=84100 Av_11=39832700
23148675,12,2419649,476581951,476581951,PASS,0.183276,tau=23148675 n=12 g_4=2419649 Av_12=476581951
23154786,11,84101,39832699,39832699,PASS,0.012505,tau=23154786 n=11 g_3=84101 Av_11=39832699
23154786,12,2419681,476581919,476581919,PASS,0.148423,tau=23154786 n=12 g_4=2419681 Av_12=476581919
23156784,11,84024,39832776,39832776,PASS,0.011170,tau=23156784 n=11 g_3=84024 Av_11=39832776
23156784,12,2416287,476585313,476585313,PASS,0.163301,tau=23156784 n=12 g_4=2416287 Av_12=476585313
23156847,11,84283,39832517,39832517,PASS,0.006843,tau=23156847 n=11 g_3=84283 Av_11=39832517
23156847,12,2429574,476572026,476572026,PASS,0.151765,tau=23156847 n=12 g_4=2429574 Av_12=476572026
23156874,11,84114,39832686,39832686,PASS,0.008009,tau=23156874 n=11 g_3=84114 Av_11=39832686
23156874,12,2421080,476580520,476580520,PASS,0.148551,tau=23156874 n=12 g_4=2421080 Av_12=476580520
23157486,11,84285,39832515,39832515,PASS,0.007428,tau=23157486 n=11 g_3=84285 Av_11=39832515
23157486,12,2429714,476571886,476571886,PASS,0.162880,tau=23157486 n=12 g_4=2429714 Av_12=476571886
23157684,11,84112,39832688,39832688,PASS,0.009295,tau=23157684 n=11 g_3=84112 Av_11=39832688
23157684,12,2420885,476580715,476580715,PASS,0.149414,tau=23157684 n=12 g_4=2420885 Av_12=476580715
23157846,11,84201,39832599,39832599,PASS,0.007232,tau=23157846 n=11 g_3=84201 Av_11=39832599
23157846,12,2425562,476576038,476576038,PASS,0.198536,tau=23157846 n=12 g_4=2425562 Av_12=476576038
23157864,11,84198,39832602,39832602,PASS,0.007438,tau=23157864 n=11 g_3=84198 Av_11=39832602
23157864,12,2425281,476576319,476576319,PASS,0.147634,tau=23157864 n=12 g_4=2425281 Av_12=476576319
23158467,11,84283,39832517,39832517,PASS,0.007520,tau=23158467 n=11 g_3=84283 Av_11=39832517
23158467,12,2429518,476572082,476572082,PASS,0.213229,tau=23158467 n=12 g_4=2429518 Av_12=476572082
23158476,11,84201,39832599,39832599,PASS,0.007036,tau=23158476 n=11 g_3=84201 Av_11=39832599
23158476,12,2425478,476576122,476576122,PASS,0.155432,tau=23158476 n=12 g_4=2425478 Av_12=476576122
23158647,11,84368,39832432,39832432,PASS,0.007078,tau=23158647 n=11 g_3=84368 Av_11=39832432
23158647,12,2433874,476567726,476567726,PASS,0.169649,tau=23158647 n=12 g_4=2433874 Av_12=476567726
23158674,11,84198,39832602,39832602,PASS,0.006999,tau=23158674 n=11 g_3=84198 Av_11=39832602
23158674,12,2425279,476576321,476576321,PASS,0.154851,tau=23158674 n=12 g_4=2425279 Av_12=476576321
23158746,11,84283,39832517,39832517,PASS,0.007517,tau=23158746 n=11 g_3=84283 Av_11=39832517
23158746,12,2429574,476572026,476572026,PASS,0.167338,tau=23158746 n=12 g_4=2429574 Av_12=476572026
23158764,11,84116,39832684,39832684,PASS,0.007059,tau=23158764 n=11 g_3=84116 Av_11=39832684
23158764,12,2421210,476580390,476580390,PASS,0.147573,tau=23158764 n=12 g_4=2421210 Av_12=476580390
23165784,11,84114,39832686,39832686,PASS,0.007393,tau=23165784 n=11 g_3=84114 Av_11=39832686
23165784,12,2421080,476580520,476580520,PASS,0.145858,tau=23165784 n=12 g_4=2421080 Av_12=476580520
23165847,11,84201,39832599,39832599,PASS,0.007190,tau=23165847 n=11 g_3=84201 Av_11=39832599
23165847,12,2425526,476576074,476576074,PASS,0.152350,tau=23165847 n=12 g_4=2425526 Av_12=476576074
23165874,11,84115,39832685,39832685,PASS,0.007057,tau=23165874 n=11 g_3=84115 Av_11=39832685
23165874,12,2421176,476580424,476580424,PASS,0.143536,tau=23165874 n=12 g_4=2421176 Av_12=476580424
23167485,11,84201,39832599,39832599,PASS,0.006926,tau=23167485 n=11 g_3=84201 Av_11=39832599
23167485,12,2425606,476575994,476575994,PASS,0.145978,tau=23167485 n=12 g_4=2425606 Av_12=476575994
23167584,11,84198,39832602,39832602,PASS,0.007336,tau=23167584 n=11 g_3=84198 Av_11=39832602
23167584,12,2425309,476576291,476576291,PASS,0.143208,tau=23167584 n=12 g_4=2425309 Av_12=476576291
23167845,11,84024,39832776,39832776,PASS,0.007321,tau=23167845 n=11 g_3=84024 Av_11=39832776
23167845,12,2416331,476585269,476585269,PASS,0.151659,tau=23167845 n=12 g_4=2416331 Av_12=476585269
23167854,11,84024,39832776,39832776,PASS,0.006834,tau=23167854 n=11 g_3=84024 Av_11=39832776
23167854,12,2416331,476585269,476585269,PASS,0.164377,tau=23167854 n=12 g_4=2416331 Av_12=476585269
23168475,11,84285,39832515,39832515,PASS,0.010031,tau=23168475 n=11 g_3=84285 Av_11=39832515
23168475,12,2429761,476571839,476571839,PASS,0.174594,tau=23168475 n=12 g_4=2429761 Av_12=476571839
23168547,11,84283,39832517,39832517,PASS,0.007119,tau=23168547 n=11 g_3=84283 Av_11=39832517
23168547,12,2429562,476572038,476572038,PASS,0.146199,tau=23168547 n=12 g_4=2429562 Av_12=476572038
23168574,11,84196,39832604,39832604,PASS,0.007447,tau=23168574 n=11 g_3=84196 Av_11=39832604
23168574,12,2425084,476576516,476576516,PASS,0.170809,tau=23168574 n=12 g_4=2425084 Av_12=476576516
23168745,11,84113,39832687,39832687,PASS,0.007477,tau=23168745 n=11 g_3=84113 Av_11=39832687
23168745,12,2421026,476580574,476580574,PASS,0.150693,tau=23168745 n=12 g_4=2421026 Av_12=476580574
23168754,11,84113,39832687,39832687,PASS,0.010092,tau=23168754 n=11 g_3=84113 Av_11=39832687
23168754,12,2420998,476580602,476580602,PASS,0.149099,tau=23168754 n=12 g_4=2420998 Av_12=476580602
23175684,11,84198,39832602,39832602,PASS,0.006995,tau=23175684 n=11 g_3=84198 Av_11=39832602
23175684,12,2425335,476576265,476576265,PASS,0.150790,tau=23175684 n=12 g_4=2425335 Av_12=476576265
23175846,11,84285,39832515,39832515,PASS,0.006996,tau=23175846 n=11 g_3=84285 Av_11=39832515
23175846,12,2429758,476571842,476571842,PASS,0.171518,tau=23175846 n=12 g_4=2429758 Av_12=476571842
23175864,11,84196,39832604,39832604,PASS,0.006701,tau=23175864 n=11 g_3=84196 Av_11=39832604
23175864,12,2425084,476576516,476576516,PASS,0.156372,tau=23175864 n=12 g_4=2425084 Av_12=476576516
23176584,11,84116,39832684,39832684,PASS,0.007102,tau=23176584 n=11 g_3=84116 Av_11=39832684
23176584,12,2421239,476580361,476580361,PASS,0.173136,tau=23176584 n=12 g_4=2421239 Av_12=476580361
23176845,11,84113,39832687,39832687,PASS,0.007093,tau=23176845 n=11 g_3=84113 Av_11=39832687
23176845,12,2421026,476580574,476580574,PASS,0.144541,tau=23176845 n=12 g_4=2421026 Av_12=476580574
23176854,11,84113,39832687,39832687,PASS,0.006978,tau=23176854 n=11 g_3=84113 Av_11=39832687
23176854,12,2420974,476580626,476580626,PASS,0.144086,tau=23176854 n=12 g_4=2420974 Av_12=476580626
23178564,11,84023,39832777,39832777,PASS,0.006610,tau=23178564 n=11 g_3=84023 Av_11=39832777
23178564,12,2416188,476585412,476585412,PASS,0.190720,tau=23178564 n=12 g_4=2416188 Av_12=476585412
23178645,11,84024,39832776,39832776,PASS,0.006840,tau=23178645 n=11 g_3=84024 Av_11=39832776
23178645,12,2416355,476585245,476585245,PASS,0.196202,tau=23178645 n=12 g_4=2416355 Av_12=476585245
23178654,11,84024,39832776,39832776,PASS,0.007014,tau=23178654 n=11 g_3=84024 Av_11=39832776
23178654,12,2416259,476585341,476585341,PASS,0.150402,tau=23178654 n=12 g_4=2416259 Av_12=476585341
23185674,11,84023,39832777,39832777,PASS,0.007047,tau=23185674 n=11 g_3=84023 Av_11=39832777
23185674,12,2416243,476585357,476585357,PASS,0.149033,tau=23185674 n=12 g_4=2416243 Av_12=476585357
23185764,11,84194,39832606,39832606,PASS,0.007889,tau=23185764 n=11 g_3=84194 Av_11=39832606
23185764,12,2424876,476576724,476576724,PASS,0.160631,tau=23185764 n=12 g_4=2424876 Av_12=476576724
23186574,11,84194,39832606,39832606,PASS,0.007452,tau=23186574 n=11 g_3=84194 Av_11=39832606
23186574,12,2424929,476576671,476576671,PASS,0.153038,tau=23186574 n=12 g_4=2424929 Av_12=476576671
23186754,11,84023,39832777,39832777,PASS,0.007728,tau=23186754 n=11 g_3=84023 Av_11=39832777
23186754,12,2416185,476585415,476585415,PASS,0.155383,tau=23186754 n=12 g_4=2416185 Av_12=476585415
23416785,11,84024,39832776,39832776,PASS,0.006822,tau=23416785 n=11 g_3=84024 Av_11=39832776
23416785,12,2416330,476585270,476585270,PASS,0.145263,tau=23416785 n=12 g_4=2416330 Av_12=476585270
23416857,11,84109,39832691,39832691,PASS,0.007572,tau=23416857 n=11 g_3=84109 Av_11=39832691
23416857,12,2420602,476580998,476580998,PASS,0.152182,tau=23416857 n=12 g_4=2420602 Av_12=476580998
23416875,11,84109,39832691,39832691,PASS,0.008043,tau=23416875 n=11 g_3=84109 Av_11=39832691
23416875,12,2420614,476580986,476580986,PASS,0.147268,tau=23416875 n=12 g_4=2420614 Av_12=476580986
23417586,11,84109,39832691,39832691,PASS,0.007728,tau=23417586 n=11 g_3=84109 Av_11=39832691
23417586,12,2420604,476580996,476580996,PASS,0.159446,tau=23417586 n=12 g_4=2420604 Av_12=476580996
23417685,11,84109,39832691,39832691,PASS,0.006973,tau=23417685 n=11 g_3=84109 Av_11=39832691
23417685,12,2420616,476580984,476580984,PASS,0.144435,tau=23417685 n=12 g_4=2420616 Av_12=476580984
23417856,11,84024,39832776,39832776,PASS,0.007211,tau=23417856 n=11 g_3=84024 Av_11=39832776
23417856,12,2416321,476585279,476585279,PASS,0.144956,tau=23417856 n=12 g_4=2416321 Av_12=476585279
23417865,11,84024,39832776,39832776,PASS,0.007584,tau=23417865 n=11 g_3=84024 Av_11=39832776
23417865,12,2416314,476585286,476585286,PASS,0.146412,tau=23417865 n=12 g_4=2416314 Av_12=476585286
23418567,11,84024,39832776,39832776,PASS,0.007611,tau=23418567 n=11 g_3=84024 Av_11=39832776
23418567,12,2416326,476585274,476585274,PASS,0.148098,tau=23418567 n=12 g_4=2416326 Av_12=476585274
23418576,11,84109,39832691,39832691,PASS,0.006444,tau=23418576 n=11 g_3=84109 Av_11=39832691
23418576,12,2420610,476580990,476580990,PASS,0.161427,tau=23418576 n=12 g_4=2420610 Av_12=476580990
23418657,11,84109,39832691,39832691,PASS,0.007322,tau=23418657 n=11 g_3=84109 Av_11=39832691
23418657,12,2420614,476580986,476580986,PASS,0.146085,tau=23418657 n=12 g_4=2420614 Av_12=476580986
23418675,11,84023,39832777,39832777,PASS,0.007886,tau=23418675 n=11 g_3=84023 Av_11=39832777
23418675,12,2416211,476585389,476585389,PASS,0.157451,tau=23418675 n=12 g_4=2416211 Av_12=476585389
23418756,11,84024,39832776,39832776,PASS,0.007351,tau=23418756 n=11 g_3=84024 Av_11=39832776
23418756,12,2416320,476585280,476585280,PASS,0.143764,tau=23418756 n=12 g_4=2416320 Av_12=476585280
23456817,11,84193,39832607,39832607,PASS,0.007473,tau=23456817 n=11 g_3=84193 Av_11=39832607
23456817,12,2424729,476576871,476576871,PASS,0.151013,tau=23456817 n=12 g_4=2424729 Av_12=476576871
23457186,11,84286,39832514,39832514,PASS,0.007058,tau=23457186 n=11 g_3=84286 Av_11=39832514
23457186,12,2429863,476571737,476571737,PASS,0.144381,tau=23457186 n=12 g_4=2429863 Av_12=476571737
23457816,11,84204,39832596,39832596,PASS,0.008167,tau=23457816 n=11 g_3=84204 Av_11=39832596
23457816,12,2425860,476575740,476575740,PASS,0.163510,tau=23457816 n=12 g_4=2425860 Av_12=476575740
23458167,11,84207,39832593,39832593,PASS,0.006984,tau=23458167 n=11 g_3=84207 Av_11=39832593
23458167,12,2426175,476575425,476575425,PASS,0.147878,tau=23458167 n=12 g_4=2426175 Av_12=476575425
23458176,11,84204,39832596,39832596,PASS,0.007062,tau=23458176 n=11 g_3=84204 Av_11=39832596
23458176,12,2425863,476575737,476575737,PASS,0.155357,tau=23458176 n=12 g_4=2425863 Av_12=476575737
23458617,11,84284,39832516,39832516,PASS,0.007162,tau=23458617 n=11 g_3=84284 Av_11=39832516
23458617,12,2429648,476571952,476571952,PASS,0.153912,tau=23458617 n=12 g_4=2429648 Av_12=476571952
23458716,11,84206,39832594,39832594,PASS,0.008737,tau=23458716 n=11 g_3=84206 Av_11=39832594
23458716,12,2426061,476575539,476575539,PASS,0.168769,tau=23458716 n=12 g_4=2426061 Av_12=476575539
23461785,11,84294,39832506,39832506,PASS,0.007319,tau=23461785 n=11 g_3=84294 Av_11=39832506
23461785,12,2430693,476570907,476570907,PASS,0.167011,tau=23461785 n=12 g_4=2430693 Av_12=476570907
23461857,11,84378,39832422,39832422,PASS,0.007699,tau=23461857 n=11 g_3=84378 Av_11=39832422
23461857,12,2434876,476566724,476566724,PASS,0.150303,tau=23461857 n=12 g_4=2434876 Av_12=476566724
23461875,11,84296,39832504,39832504,PASS,0.007294,tau=23461875 n=11 g_3=84296 Av_11=39832504
23461875,12,2430880,476570720,476570720,PASS,0.161416,tau=23461875 n=12 g_4=2430880 Av_12=476570720
23465817,11,84201,39832599,39832599,PASS,0.010401,tau=23465817 n=11 g_3=84201 Av_11=39832599
23465817,12,2425545,476576055,476576055,PASS,0.206140,tau=23465817 n=12 g_4=2425545 Av_12=476576055
23467185,11,84297,39832503,39832503,PASS,0.009952,tau=23467185 n=11 g_3=84297 Av_11=39832503
23467185,12,2430992,476570608,476570608,PASS,0.202378,tau=23467185 n=12 g_4=2430992 Av_12=476570608
23467815,11,84204,39832596,39832596,PASS,0.006877,tau=23467815 n=11 g_3=84204 Av_11=39832596
23467815,12,2425917,476575683,476575683,PASS,0.197184,tau=23467815 n=12 g_4=2425917 Av_12=476575683
23468157,11,84386,39832414,39832414,PASS,0.010418,tau=23468157 n=11 g_3=84386 Av_11=39832414
23468157,12,2435699,476565901,476565901,PASS,0.177255,tau=23468157 n=12 g_4=2435699 Av_12=476565901
23468175,11,84386,39832414,39832414,PASS,0.006922,tau=23468175 n=11 g_3=84386 Av_11=39832414
23468175,12,2435711,476565889,476565889,PASS,0.144519,tau=23468175 n=12 g_4=2435711 Av_12=476565889
23468517,11,84379,39832421,39832421,PASS,0.006619,tau=23468517 n=11 g_3=84379 Av_11=39832421
23468517,12,2434975,476566625,476566625,PASS,0.152051,tau=23468517 n=12 g_4=2434975 Av_12=476566625
23468715,11,84213,39832587,39832587,PASS,0.007195,tau=23468715 n=11 g_3=84213 Av_11=39832587
23468715,12,2426832,476574768,476574768,PASS,0.148598,tau=23468715 n=12 g_4=2426832 Av_12=476574768
23471586,11,84384,39832416,39832416,PASS,0.007029,tau=23471586 n=11 g_3=84384 Av_11=39832416
23471586,12,2435493,476566107,476566107,PASS,0.163476,tau=23471586 n=12 g_4=2435493 Av_12=476566107
23471685,11,84384,39832416,39832416,PASS,0.007227,tau=23471685 n=11 g_3=84384 Av_11=39832416
23471685,12,2435516,476566084,476566084,PASS,0.149053,tau=23471685 n=12 g_4=2435516 Av_12=476566084
23471856,11,84298,39832502,39832502,PASS,0.007319,tau=23471856 n=11 g_3=84298 Av_11=39832502
23471856,12,2431117,476570483,476570483,PASS,0.150173,tau=23471856 n=12 g_4=2431117 Av_12=476570483
23471865,11,84298,39832502,39832502,PASS,0.006896,tau=23471865 n=11 g_3=84298 Av_11=39832502
23471865,12,2431119,476570481,476570481,PASS,0.190333,tau=23471865 n=12 g_4=2431119 Av_12=476570481
23475186,11,84380,39832420,39832420,PASS,0.010393,tau=23475186 n=11 g_3=84380 Av_11=39832420
23475186,12,2435069,476566531,476566531,PASS,0.186217,tau=23475186 n=12 g_4=2435069 Av_12=476566531
23475816,11,84379,39832421,39832421,PASS,0.007235,tau=23475816 n=11 g_3=84379 Av_11=39832421
23475816,12,2434963,476566637,476566637,PASS,0.156442,tau=23475816 n=12 g_4=2434963 Av_12=476566637
23476185,11,84305,39832495,39832495,PASS,0.006974,tau=23476185 n=11 g_3=84305 Av_11=39832495
23476185,12,2431813,476569787,476569787,PASS,0.148353,tau=23476185 n=12 g_4=2431813 Av_12=476569787
23476815,11,84213,39832587,39832587,PASS,0.007295,tau=23476815 n=11 g_3=84213 Av_11=39832587
23476815,12,2426841,476574759,476574759,PASS,0.148971,tau=23476815 n=12 g_4=2426841 Av_12=476574759
23478156,11,84215,39832585,39832585,PASS,0.007046,tau=23478156 n=11 g_3=84215 Av_11=39832585
23478156,12,2427056,476574544,476574544,PASS,0.157032,tau=23478156 n=12 g_4=2427056 Av_12=476574544
23478165,11,84215,39832585,39832585,PASS,0.007670,tau=23478165 n=11 g_3=84215 Av_11=39832585
23478165,12,2427056,476574544,476574544,PASS,0.159474,tau=23478165 n=12 g_4=2427056 Av_12=476574544
23478516,11,84301,39832499,39832499,PASS,0.006613,tau=23478516 n=11 g_3=84301 Av_11=39832499
23478516,12,2431403,476570197,476570197,PASS,0.159463,tau=23478516 n=12 g_4=2431403 Av_12=476570197
23478615,11,84213,39832587,39832587,PASS,0.007357,tau=23478615 n=11 g_3=84213 Av_11=39832587
23478615,12,2426862,476574738,476574738,PASS,0.152082,tau=23478615 n=12 g_4=2426862 Av_12=476574738
23481567,11,84207,39832593,39832593,PASS,0.007211,tau=23481567 n=11 g_3=84207 Av_11=39832593
23481567,12,2426259,476575341,476575341,PASS,0.150035,tau=23481567 n=12 g_4=2426259 Av_12=476575341
23481576,11,84213,39832587,39832587,PASS,0.007335,tau=23481576 n=11 g_3=84213 Av_11=39832587
23481576,12,2426856,476574744,476574744,PASS,0.148383,tau=23481576 n=12 g_4=2426856 Av_12=476574744
23481657,11,84213,39832587,39832587,PASS,0.010851,tau=23481657 n=11 g_3=84213 Av_11=39832587
23481657,12,2426855,476574745,476574745,PASS,0.169914,tau=23481657 n=12 g_4=2426855 Av_12=476574745
23481675,11,84210,39832590,39832590,PASS,0.007439,tau=23481675 n=11 g_3=84210 Av_11=39832590
23481675,12,2426561,476575039,476575039,PASS,0.167807,tau=23481675 n=12 g_4=2426561 Av_12=476575039
23481756,11,84210,39832590,39832590,PASS,0.008317,tau=23481756 n=11 g_3=84210 Av_11=39832590
23481756,12,2426561,476575039,476575039,PASS,0.210610,tau=23481756 n=12 g_4=2426561 Av_12=476575039
23481765,11,84204,39832596,39832596,PASS,0.007232,tau=23481765 n=11 g_3=84204 Av_11=39832596
23481765,12,2425878,476575722,476575722,PASS,0.147835,tau=23481765 n=12 g_4=2425878 Av_12=476575722
23485167,11,84295,39832505,39832505,PASS,0.010457,tau=23485167 n=11 g_3=84295 Av_11=39832505
23485167,12,2430806,476570794,476570794,PASS,0.186808,tau=23485167 n=12 g_4=2430806 Av_12=476570794
23485176,11,84301,39832499,39832499,PASS,0.009144,tau=23485176 n=11 g_3=84301 Av_11=39832499
23485176,12,2431391,476570209,476570209,PASS,0.149272,tau=23485176 n=12 g_4=2431391 Av_12=476570209
23485617,11,84297,39832503,39832503,PASS,0.007424,tau=23485617 n=11 g_3=84297 Av_11=39832503
23485617,12,2430975,476570625,476570625,PASS,0.144338,tau=23485617 n=12 g_4=2430975 Av_12=476570625
23485716,11,84382,39832418,39832418,PASS,0.007250,tau=23485716 n=11 g_3=84382 Av_11=39832418
23485716,12,2435290,476566310,476566310,PASS,0.147798,tau=23485716 n=12 g_4=2435290 Av_12=476566310
23486157,11,84389,39832411,39832411,PASS,0.006966,tau=23486157 n=11 g_3=84389 Av_11=39832411
23486157,12,2436025,476565575,476565575,PASS,0.156649,tau=23486157 n=12 g_4=2436025 Av_12=476565575
23486175,11,84386,39832414,39832414,PASS,0.006661,tau=23486175 n=11 g_3=84386 Av_11=39832414
23486175,12,2435723,476565877,476565877,PASS,0.177974,tau=23486175 n=12 g_4=2435723 Av_12=476565877
23486517,11,84300,39832500,39832500,PASS,0.007057,tau=23486517 n=11 g_3=84300 Av_11=39832500
23486517,12,2431291,476570309,476570309,PASS,0.150070,tau=23486517 n=12 g_4=2431291 Av_12=476570309
23486715,11,84213,39832587,39832587,PASS,0.007358,tau=23486715 n=11 g_3=84213 Av_11=39832587
23486715,12,2426852,476574748,476574748,PASS,0.177089,tau=23486715 n=12 g_4=2426852 Av_12=476574748
23487156,11,84215,39832585,39832585,PASS,0.007196,tau=23487156 n=11 g_3=84215 Av_11=39832585
23487156,12,2427074,476574526,476574526,PASS,0.209998,tau=23487156 n=12 g_4=2427074 Av_12=476574526
23487165,11,84213,39832587,39832587,PASS,0.008900,tau=23487165 n=11 g_3=84213 Av_11=39832587
23487165,12,2426848,476574752,476574752,PASS,0.214681,tau=23487165 n=12 g_4=2426848 Av_12=476574752
23487516,11,84297,39832503,39832503,PASS,0.010505,tau=23487516 n=11 g_3=84297 Av_11=39832503
23487516,12,2431000,476570600,476570600,PASS,0.161879,tau=23487516 n=12 g_4=2431000 Av_12=476570600
23487615,11,84206,39832594,39832594,PASS,0.007652,tau=23487615 n=11 g_3=84206 Av_11=39832594
23487615,12,2426147,476575453,476575453,PASS,0.160098,tau=23487615 n=12 g_4=2426147 Av_12=476575453
23516847,11,84472,39832328,39832328,PASS,0.011020,tau=23516847 n=11 g_3=84472 Av_11=39832328
23516847,12,2440052,476561548,476561548,PASS,0.151034,tau=23516847 n=12 g_4=2440052 Av_12=476561548
23516874,11,84301,39832499,39832499,PASS,0.007583,tau=23516874 n=11 g_3=84301 Av_11=39832499
23516874,12,2431410,476570190,476570190,PASS,0.145036,tau=23516874 n=12 g_4=2431410 Av_12=476570190
23517486,11,84467,39832333,39832333,PASS,0.006989,tau=23517486 n=11 g_3=84467 Av_11=39832333
23517486,12,2439575,476562025,476562025,PASS,0.157874,tau=23517486 n=12 g_4=2439575 Av_12=476562025
23517684,11,84301,39832499,39832499,PASS,0.007118,tau=23517684 n=11 g_3=84301 Av_11=39832499
23517684,12,2431410,476570190,476570190,PASS,0.157946,tau=23517684 n=12 g_4=2431410 Av_12=476570190
23517846,11,84387,39832413,39832413,PASS,0.007424,tau=23517846 n=11 g_3=84387 Av_11=39832413
23517846,12,2435775,476565825,476565825,PASS,0.156500,tau=23517846 n=12 g_4=2435775 Av_12=476565825
23517864,11,84301,39832499,39832499,PASS,0.007017,tau=23517864 n=11 g_3=84301 Av_11=39832499
23517864,12,2431435,476570165,476570165,PASS,0.156239,tau=23517864 n=12 g_4=2431435 Av_12=476570165
23518467,11,84392,39832408,39832408,PASS,0.007532,tau=23518467 n=11 g_3=84392 Av_11=39832408
23518467,12,2436209,476565391,476565391,PASS,0.175436,tau=23518467 n=12 g_4=2436209 Av_12=476565391
23518476,11,84392,39832408,39832408,PASS,0.007665,tau=23518476 n=11 g_3=84392 Av_11=39832408
23518476,12,2436194,476565406,476565406,PASS,0.176064,tau=23518476 n=12 g_4=2436194 Av_12=476565406
23518647,11,84475,39832325,39832325,PASS,0.010175,tau=23518647 n=11 g_3=84475 Av_11=39832325
23518647,12,2440380,476561220,476561220,PASS,0.180735,tau=23518647 n=12 g_4=2440380 Av_12=476561220
23518674,11,84301,39832499,39832499,PASS,0.010278,tau=23518674 n=11 g_3=84301 Av_11=39832499
23518674,12,2431431,476570169,476570169,PASS,0.157449,tau=23518674 n=12 g_4=2431431 Av_12=476570169
23518746,11,84390,39832410,39832410,PASS,0.007017,tau=23518746 n=11 g_3=84390 Av_11=39832410
23518746,12,2436082,476565518,476565518,PASS,0.156673,tau=23518746 n=12 g_4=2436082 Av_12=476565518
23518764,11,84296,39832504,39832504,PASS,0.007012,tau=23518764 n=11 g_3=84296 Av_11=39832504
23518764,12,2430864,476570736,476570736,PASS,0.143533,tau=23518764 n=12 g_4=2430864 Av_12=476570736
23546817,11,84201,39832599,39832599,PASS,0.007020,tau=23546817 n=11 g_3=84201 Av_11=39832599
23546817,12,2425576,476576024,476576024,PASS,0.155708,tau=23546817 n=12 g_4=2425576 Av_12=476576024
23547186,11,84295,39832505,39832505,PASS,0.006770,tau=23547186 n=11 g_3=84295 Av_11=39832505
23547186,12,2430801,476570799,476570799,PASS,0.148272,tau=23547186 n=12 g_4=2430801 Av_12=476570799
23547816,11,84210,39832590,39832590,PASS,0.007062,tau=23547816 n=11 g_3=84210 Av_11=39832590
23547816,12,2426521,476575079,476575079,PASS,0.145960,tau=23547816 n=12 g_4=2426521 Av_12=476575079
23548167,11,84213,39832587,39832587,PASS,0.007072,tau=23548167 n=11 g_3=84213 Av_11=39832587
23548167,12,2426828,476574772,476574772,PASS,0.144562,tau=23548167 n=12 g_4=2426828 Av_12=476574772
23548176,11,84209,39832591,39832591,PASS,0.007688,tau=23548176 n=11 g_3=84209 Av_11=39832591
23548176,12,2426389,476575211,476575211,PASS,0.150158,tau=23548176 n=12 g_4=2426389 Av_12=476575211
23548617,11,84291,39832509,39832509,PASS,0.007017,tau=23548617 n=11 g_3=84291 Av_11=39832509
23548617,12,2430392,476571208,476571208,PASS,0.152171,tau=23548617 n=12 g_4=2430392 Av_12=476571208
23548716,11,84208,39832592,39832592,PASS,0.006771,tau=23548716 n=11 g_3=84208 Av_11=39832592
23548716,12,2426315,476575285,476575285,PASS,0.143932,tau=23548716 n=12 g_4=2426315 Av_12=476575285
23561784,11,84303,39832497,39832497,PASS,0.007977,tau=23561784 n=11 g_3=84303 Av_11=39832497
23561784,12,2431583,476570017,476570017,PASS,0.147763,tau=23561784 n=12 g_4=2431583 Av_12=476570017
23561847,11,84398,39832402,39832402,PASS,0.007265,tau=23561847 n=11 g_3=84398 Av_11=39832402
23561847,12,2436872,476564728,476564728,PASS,0.147686,tau=23561847 n=12 g_4=2436872 Av_12=476564728
23561874,11,84307,39832493,39832493,PASS,0.007200,tau=23561874 n=11 g_3=84307 Av_11=39832493
23561874,12,2432007,476569593,476569593,PASS,0.152846,tau=23561874 n=12 g_4=2432007 Av_12=476569593
23564817,11,84299,39832501,39832501,PASS,0.006700,tau=23564817 n=11 g_3=84299 Av_11=39832501
23564817,12,2431166,476570434,476570434,PASS,0.144995,tau=23564817 n=12 g_4=2431166 Av_12=476570434
23567184,11,84293,39832507,39832507,PASS,0.007148,tau=23567184 n=11 g_3=84293 Av_11=39832507
23567184,12,2430624,476570976,476570976,PASS,0.144751,tau=23567184 n=12 g_4=2430624 Av_12=476570976
23567814,11,84200,39832600,39832600,PASS,0.009270,tau=23567814 n=11 g_3=84200 Av_11=39832600
23567814,12,2425464,476576136,476576136,PASS,0.149063,tau=23567814 n=12 g_4=2425464 Av_12=476576136
23568147,11,84400,39832400,39832400,PASS,0.006866,tau=23568147 n=11 g_3=84400 Av_11=39832400
23568147,12,2437095,476564505,476564505,PASS,0.148865,tau=23568147 n=12 g_4=2437095 Av_12=476564505
23568174,11,84395,39832405,39832405,PASS,0.006574,tau=23568174 n=11 g_3=84395 Av_11=39832405
23568174,12,2436622,476564978,476564978,PASS,0.147377,tau=23568174 n=12 g_4=2436622 Av_12=476564978
23568417,11,84397,39832403,39832403,PASS,0.007082,tau=23568417 n=11 g_3=84397 Av_11=39832403
23568417,12,2436777,476564823,476564823,PASS,0.169029,tau=23568417 n=12 g_4=2436777 Av_12=476564823
23568714,11,84213,39832587,39832587,PASS,0.007378,tau=23568714 n=11 g_3=84213 Av_11=39832587
23568714,12,2426801,476574799,476574799,PASS,0.198226,tau=23568714 n=12 g_4=2426801 Av_12=476574799
23571486,11,84487,39832313,39832313,PASS,0.007099,tau=23571486 n=11 g_3=84487 Av_11=39832313
23571486,12,2441546,476560054,476560054,PASS,0.145857,tau=23571486 n=12 g_4=2441546 Av_12=476560054
23571684,11,84479,39832321,39832321,PASS,0.006332,tau=23571684 n=11 g_3=84479 Av_11=39832321
23571684,12,2440833,476560767,476560767,PASS,0.151398,tau=23571684 n=12 g_4=2440833 Av_12=476560767
23571846,11,84477,39832323,39832323,PASS,0.010288,tau=23571846 n=11 g_3=84477 Av_11=39832323
23571846,12,2440627,476560973,476560973,PASS,0.168539,tau=23571846 n=12 g_4=2440627 Av_12=476560973
23571864,11,84479,39832321,39832321,PASS,0.006997,tau=23571864 n=11 g_3=84479 Av_11=39832321
23571864,12,2440833,476560767,476560767,PASS,0.173051,tau=23571864 n=12 g_4=2440833 Av_12=476560767
23574186,11,84477,39832323,39832323,PASS,0.007140,tau=23574186 n=11 g_3=84477 Av_11=39832323
23574186,12,2440582,476561018,476561018,PASS,0.159710,tau=23574186 n=12 g_4=2440582 Av_12=476561018
23574816,11,84478,39832322,39832322,PASS,0.006961,tau=23574816 n=11 g_3=84478 Av_11=39832322
23574816,12,2440677,476560923,476560923,PASS,0.209255,tau=23574816 n=12 g_4=2440677 Av_12=476560923
23576184,11,84307,39832493,39832493,PASS,0.007203,tau=23576184 n=11 g_3=84307 Av_11=39832493
23576184,12,2432040,476569560,476569560,PASS,0.190626,tau=23576184 n=12 g_4=2432040 Av_12=476569560
23576814,11,84212,39832588,39832588,PASS,0.009473,tau=23576814 n=11 g_3=84212 Av_11=39832588
23576814,12,2426698,476574902,476574902,PASS,0.149859,tau=23576814 n=12 g_4=2426698 Av_12=476574902
23578146,11,84389,39832411,39832411,PASS,0.006938,tau=23578146 n=11 g_3=84389 Av_11=39832411
23578146,12,2436022,476565578,476565578,PASS,0.150472,tau=23578146 n=12 g_4=2436022 Av_12=476565578
23578164,11,84394,39832406,39832406,PASS,0.010035,tau=23578164 n=11 g_3=84394 Av_11=39832406
23578164,12,2436534,476565066,476565066,PASS,0.198736,tau=23578164 n=12 g_4=2436534 Av_12=476565066
23578416,11,84392,39832408,39832408,PASS,0.010086,tau=23578416 n=11 g_3=84392 Av_11=39832408
23578416,12,2436306,476565294,476565294,PASS,0.153411,tau=23578416 n=12 g_4=2436306 Av_12=476565294
23578614,11,84298,39832502,39832502,PASS,0.006898,tau=23578614 n=11 g_3=84298 Av_11=39832502
23578614,12,2431151,476570449,476570449,PASS,0.150048,tau=23578614 n=12 g_4=2431151 Av_12=476570449
23581467,11,84402,39832398,39832398,PASS,0.006466,tau=23581467 n=11 g_3=84402 Av_11=39832398
23581467,12,2437268,476564332,476564332,PASS,0.192895,tau=23581467 n=12 g_4=2437268 Av_12=476564332
23581476,11,84400,39832400,39832400,PASS,0.007132,tau=23581476 n=11 g_3=84400 Av_11=39832400
23581476,12,2437080,476564520,476564520,PASS,0.151017,tau=23581476 n=12 g_4=2437080 Av_12=476564520
23581647,11,84488,39832312,39832312,PASS,0.010077,tau=23581647 n=11 g_3=84488 Av_11=39832312
23581647,12,2441736,476559864,476559864,PASS,0.162173,tau=23581647 n=12 g_4=2441736 Av_12=476559864
23581674,11,84399,39832401,39832401,PASS,0.007910,tau=23581674 n=11 g_3=84399 Av_11=39832401
23581674,12,2437063,476564537,476564537,PASS,0.153273,tau=23581674 n=12 g_4=2437063 Av_12=476564537
23581746,11,84485,39832315,39832315,PASS,0.007687,tau=23581746 n=11 g_3=84485 Av_11=39832315
23581746,12,2441435,476560165,476560165,PASS,0.150041,tau=23581746 n=12 g_4=2441435 Av_12=476560165
23581764,11,84394,39832406,39832406,PASS,0.007237,tau=23581764 n=11 g_3=84394 Av_11=39832406
23581764,12,2436519,476565081,476565081,PASS,0.154996,tau=23581764 n=12 g_4=2436519 Av_12=476565081
23584167,11,84398,39832402,39832402,PASS,0.007153,tau=23584167 n=11 g_3=84398 Av_11=39832402
23584167,12,2436889,476564711,476564711,PASS,0.149836,tau=23584167 n=12 g_4=2436889 Av_12=476564711
23584176,11,84396,39832404,39832404,PASS,0.007665,tau=23584176 n=11 g_3=84396 Av_11=39832404
23584176,12,2436699,476564901,476564901,PASS,0.153981,tau=23584176 n=12 g_4=2436699 Av_12=476564901
23584617,11,84474,39832326,39832326,PASS,0.007392,tau=23584617 n=11 g_3=84474 Av_11=39832326
23584617,12,2440275,476561325,476561325,PASS,0.147228,tau=23584617 n=12 g_4=2440275 Av_12=476561325
23584716,11,84475,39832325,39832325,PASS,0.006964,tau=23584716 n=11 g_3=84475 Av_11=39832325
23584716,12,2440376,476561224,476561224,PASS,0.171713,tau=23584716 n=12 g_4=2440376 Av_12=476561224
23586147,11,84488,39832312,39832312,PASS,0.009136,tau=23586147 n=11 g_3=84488 Av_11=39832312
23586147,12,2441716,476559884,476559884,PASS,0.159224,tau=23586147 n=12 g_4=2441716 Av_12=476559884
23586174,11,84481,39832319,39832319,PASS,0.007084,tau=23586174 n=11 g_3=84481 Av_11=39832319
23586174,12,2441032,476560568,476560568,PASS,0.148051,tau=23586174 n=12 g_4=2441032 Av_12=476560568
23586417,11,84480,39832320,39832320,PASS,0.007098,tau=23586417 n=11 g_3=84480 Av_11=39832320
23586417,12,2440905,476560695,476560695,PASS,0.189544,tau=23586417 n=12 g_4=2440905 Av_12=476560695
23586714,11,84298,39832502,39832502,PASS,0.010078,tau=23586714 n=11 g_3=84298 Av_11=39832502
23586714,12,2431141,476570459,476570459,PASS,0.170654,tau=23586714 n=12 g_4=2431141 Av_12=476570459
23587146,11,84399,39832401,39832401,PASS,0.007726,tau=23587146 n=11 g_3=84399 Av_11=39832401
23587146,12,2437022,476564578,476564578,PASS,0.157386,tau=23587146 n=12 g_4=2437022 Av_12=476564578
23587164,11,84393,39832407,39832407,PASS,0.007178,tau=23587164 n=11 g_3=84393 Av_11=39832407
23587164,12,2436483,476565117,476565117,PASS,0.171237,tau=23587164 n=12 g_4=2436483 Av_12=476565117
23587416,11,84402,39832398,39832398,PASS,0.007240,tau=23587416 n=11 g_3=84402 Av_11=39832398
23587416,12,2437278,476564322,476564322,PASS,0.150953,tau=23587416 n=12 g_4=2437278 Av_12=476564322
23587614,11,84213,39832587,39832587,PASS,0.009700,tau=23587614 n=11 g_3=84213 Av_11=39832587
23587614,12,2426857,476574743,476574743,PASS,0.197983,tau=23587614 n=12 g_4=2426857 Av_12=476574743
23614785,11,84402,39832398,39832398,PASS,0.007307,tau=23614785 n=11 g_3=84402 Av_11=39832398
23614785,12,2437182,476564418,476564418,PASS,0.175478,tau=23614785 n=12 g_4=2437182 Av_12=476564418
23614857,11,84481,39832319,39832319,PASS,0.009981,tau=23614857 n=11 g_3=84481 Av_11=39832319
23614857,12,2440909,476560691,476560691,PASS,0.184251,tau=23614857 n=12 g_4=2440909 Av_12=476560691
23614875,11,84394,39832406,39832406,PASS,0.007342,tau=23614875 n=11 g_3=84394 Av_11=39832406
23614875,12,2436370,476565230,476565230,PASS,0.172126,tau=23614875 n=12 g_4=2436370 Av_12=476565230
23615784,11,84391,39832409,39832409,PASS,0.007458,tau=23615784 n=11 g_3=84391 Av_11=39832409
23615784,12,2436189,476565411,476565411,PASS,0.154457,tau=23615784 n=12 g_4=2436189 Av_12=476565411
23615847,11,84479,39832321,39832321,PASS,0.006734,tau=23615847 n=11 g_3=84479 Av_11=39832321
23615847,12,2440703,476560897,476560897,PASS,0.142847,tau=23615847 n=12 g_4=2440703 Av_12=476560897
23615874,11,84395,39832405,39832405,PASS,0.006581,tau=23615874 n=11 g_3=84395 Av_11=39832405
23615874,12,2436587,476565013,476565013,PASS,0.141705,tau=23615874 n=12 g_4=2436587 Av_12=476565013
23617485,11,84479,39832321,39832321,PASS,0.006935,tau=23617485 n=11 g_3=84479 Av_11=39832321
23617485,12,2440780,476560820,476560820,PASS,0.164978,tau=23617485 n=12 g_4=2440780 Av_12=476560820
23617584,11,84477,39832323,39832323,PASS,0.010285,tau=23617584 n=11 g_3=84477 Av_11=39832323
23617584,12,2440619,476560981,476560981,PASS,0.142502,tau=23617584 n=12 g_4=2440619 Av_12=476560981
23617845,11,84304,39832496,39832496,PASS,0.009874,tau=23617845 n=11 g_3=84304 Av_11=39832496
23617845,12,2431733,476569867,476569867,PASS,0.140847,tau=23617845 n=12 g_4=2431733 Av_12=476569867
23617854,11,84304,39832496,39832496,PASS,0.010006,tau=23617854 n=11 g_3=84304 Av_11=39832496
23617854,12,2431740,476569860,476569860,PASS,0.157296,tau=23617854 n=12 g_4=2431740 Av_12=476569860
23618457,11,84394,39832406,39832406,PASS,0.006870,tau=23618457 n=11 g_3=84394 Av_11=39832406
23618457,12,2436515,476565085,476565085,PASS,0.147132,tau=23618457 n=12 g_4=2436515 Av_12=476565085
23618475,11,84483,39832317,39832317,PASS,0.006998,tau=23618475 n=11 g_3=84483 Av_11=39832317
23618475,12,2441200,476560400,476560400,PASS,0.142696,tau=23618475 n=12 g_4=2441200 Av_12=476560400
23618547,11,84402,39832398,39832398,PASS,0.006473,tau=23618547 n=11 g_3=84402 Av_11=39832398
23618547,12,2437284,476564316,476564316,PASS,0.142462,tau=23618547 n=12 g_4=2437284 Av_12=476564316
23618574,11,84475,39832325,39832325,PASS,0.007463,tau=23618574 n=11 g_3=84475 Av_11=39832325
23618574,12,2440410,476561190,476561190,PASS,0.150913,tau=23618574 n=12 g_4=2440410 Av_12=476561190
23618745,11,84306,39832494,39832494,PASS,0.006913,tau=23618745 n=11 g_3=84306 Av_11=39832494
23618745,12,2431965,476569635,476569635,PASS,0.149502,tau=23618745 n=12 g_4=2431965 Av_12=476569635
23618754,11,84306,39832494,39832494,PASS,0.007149,tau=23618754 n=11 g_3=84306 Av_11=39832494
23618754,12,2431935,476569665,476569665,PASS,0.142551,tau=23618754 n=12 g_4=2431935 Av_12=476569665
23641857,11,84473,39832327,39832327,PASS,0.006617,tau=23641857 n=11 g_3=84473 Av_11=39832327
23641857,12,2440182,476561418,476561418,PASS,0.143527,tau=23641857 n=12 g_4=2440182 Av_12=476561418
23641875,11,84387,39832413,39832413,PASS,0.007624,tau=23641875 n=11 g_3=84387 Av_11=39832413
23641875,12,2435748,476565852,476565852,PASS,0.156777,tau=23641875 n=12 g_4=2435748 Av_12=476565852
23645817,11,84299,39832501,39832501,PASS,0.007244,tau=23645817 n=11 g_3=84299 Av_11=39832501
23645817,12,2431170,476570430,476570430,PASS,0.154687,tau=23645817 n=12 g_4=2431170 Av_12=476570430
23647185,11,84479,39832321,39832321,PASS,0.007026,tau=23647185 n=11 g_3=84479 Av_11=39832321
23647185,12,2440781,476560819,476560819,PASS,0.142420,tau=23647185 n=12 g_4=2440781 Av_12=476560819
23647815,11,84391,39832409,39832409,PASS,0.006835,tau=23647815 n=11 g_3=84391 Av_11=39832409
23647815,12,2436198,476565402,476565402,PASS,0.143033,tau=23647815 n=12 g_4=2436198 Av_12=476565402
23648157,11,84484,39832316,39832316,PASS,0.008289,tau=23648157 n=11 g_3=84484 Av_11=39832316
23648157,12,2441306,476560294,476560294,PASS,0.170669,tau=23648157 n=12 g_4=2441306 Av_12=476560294
23648175,11,84479,39832321,39832321,PASS,0.010146,tau=23648175 n=11 g_3=84479 Av_11=39832321
23648175,12,2440793,476560807,476560807,PASS,0.159266,tau=23648175 n=12 g_4=2440793 Av_12=476560807
23648517,11,84473,39832327,39832327,PASS,0.007051,tau=23648517 n=11 g_3=84473 Av_11=39832327
23648517,12,2440179,476561421,476561421,PASS,0.171871,tau=23648517 n=12 g_4=2440179 Av_12=476561421
23648715,11,84390,39832410,39832410,PASS,0.006313,tau=23648715 n=11 g_3=84390 Av_11=39832410
23648715,12,2436106,476565494,476565494,PASS,0.175045,tau=23648715 n=12 g_4=2436106 Av_12=476565494
23651784,11,84309,39832491,39832491,PASS,0.007340,tau=23651784 n=11 g_3=84309 Av_11=39832491
23651784,12,2432270,476569330,476569330,PASS,0.154725,tau=23651784 n=12 g_4=2432270 Av_12=476569330
23651847,11,84400,39832400,39832400,PASS,0.007333,tau=23651847 n=11 g_3=84400 Av_11=39832400
23651847,12,2437126,476564474,476564474,PASS,0.149935,tau=23651847 n=12 g_4=2437126 Av_12=476564474
23651874,11,84309,39832491,39832491,PASS,0.006821,tau=23651874 n=11 g_3=84309 Av_11=39832491
23651874,12,2432250,476569350,476569350,PASS,0.141765,tau=23651874 n=12 g_4=2432250 Av_12=476569350
23654817,11,84202,39832598,39832598,PASS,0.006732,tau=23654817 n=11 g_3=84202 Av_11=39832598
23654817,12,2425696,476575904,476575904,PASS,0.163805,tau=23654817 n=12 g_4=2425696 Av_12=476575904
23657184,11,84307,39832493,39832493,PASS,0.007164,tau=23657184 n=11 g_3=84307 Av_11=39832493
23657184,12,2432041,476569559,476569559,PASS,0.149009,tau=23657184 n=12 g_4=2432041 Av_12=476569559
23657814,11,84213,39832587,39832587,PASS,0.006817,tau=23657814 n=11 g_3=84213 Av_11=39832587
23657814,12,2426836,476574764,476574764,PASS,0.190468,tau=23657814 n=12 g_4=2426836 Av_12=476574764
23658147,11,84400,39832400,39832400,PASS,0.006957,tau=23658147 n=11 g_3=84400 Av_11=39832400
23658147,12,2437151,476564449,476564449,PASS,0.145047,tau=23658147 n=12 g_4=2437151 Av_12=476564449
23658174,11,84395,39832405,39832405,PASS,0.010046,tau=23658174 n=11 g_3=84395 Av_11=39832405
23658174,12,2436673,476564927,476564927,PASS,0.176003,tau=23658174 n=12 g_4=2436673 Av_12=476564927
23658417,11,84395,39832405,39832405,PASS,0.007163,tau=23658417 n=11 g_3=84395 Av_11=39832405
23658417,12,2436588,476565012,476565012,PASS,0.149754,tau=23658417 n=12 g_4=2436588 Av_12=476565012
23658714,11,84213,39832587,39832587,PASS,0.006897,tau=23658714 n=11 g_3=84213 Av_11=39832587
23658714,12,2426834,476574766,476574766,PASS,0.148125,tau=23658714 n=12 g_4=2426834 Av_12=476574766
23671485,11,84403,39832397,39832397,PASS,0.007016,tau=23671485 n=11 g_3=84403 Av_11=39832397
23671485,12,2437467,476564133,476564133,PASS,0.145549,tau=23671485 n=12 g_4=2437467 Av_12=476564133
23671584,11,84402,39832398,39832398,PASS,0.007587,tau=23671584 n=11 g_3=84402 Av_11=39832398
23671584,12,2437369,476564231,476564231,PASS,0.158815,tau=23671584 n=12 g_4=2437369 Av_12=476564231
23671845,11,84308,39832492,39832492,PASS,0.007229,tau=23671845 n=11 g_3=84308 Av_11=39832492
23671845,12,2432134,476569466,476569466,PASS,0.155384,tau=23671845 n=12 g_4=2432134 Av_12=476569466
23671854,11,84308,39832492,39832492,PASS,0.007534,tau=23671854 n=11 g_3=84308 Av_11=39832492
23671854,12,2432158,476569442,476569442,PASS,0.149174,tau=23671854 n=12 g_4=2432158 Av_12=476569442
23674185,11,84403,39832397,39832397,PASS,0.006430,tau=23674185 n=11 g_3=84403 Av_11=39832397
23674185,12,2437430,476564170,476564170,PASS,0.160119,tau=23674185 n=12 g_4=2437430 Av_12=476564170
23674815,11,84401,39832399,39832399,PASS,0.007627,tau=23674815 n=11 g_3=84401 Av_11=39832399
23674815,12,2437212,476564388,476564388,PASS,0.168874,tau=23674815 n=12 g_4=2437212 Av_12=476564388
23675184,11,84315,39832485,39832485,PASS,0.007214,tau=23675184 n=11 g_3=84315 Av_11=39832485
23675184,12,2432907,476568693,476568693,PASS,0.206200,tau=23675184 n=12 g_4=2432907 Av_12=476568693
23675814,11,84302,39832498,39832498,PASS,0.007167,tau=23675814 n=11 g_3=84302 Av_11=39832498
23675814,12,2431561,476570039,476570039,PASS,0.195539,tau=23675814 n=12 g_4=2431561 Av_12=476570039
23678145,11,84215,39832585,39832585,PASS,0.010124,tau=23678145 n=11 g_3=84215 Av_11=39832585
23678145,12,2427036,476574564,476574564,PASS,0.236647,tau=23678145 n=12 g_4=2427036 Av_12=476574564
23678154,11,84215,39832585,39832585,PASS,0.007628,tau=23678154 n=11 g_3=84215 Av_11=39832585
23678154,12,2427053,476574547,476574547,PASS,0.174202,tau=23678154 n=12 g_4=2427053 Av_12=476574547
23678415,11,84301,39832499,39832499,PASS,0.010492,tau=23678415 n=11 g_3=84301 Av_11=39832499
23678415,12,2431447,476570153,476570153,PASS,0.199821,tau=23678415 n=12 g_4=2431447 Av_12=476570153
23678514,11,84213,39832587,39832587,PASS,0.008943,tau=23678514 n=11 g_3=84213 Av_11=39832587
23678514,12,2426849,476574751,476574751,PASS,0.216942,tau=23678514 n=12 g_4=2426849 Av_12=476574751
23681457,11,84398,39832402,39832402,PASS,0.010606,tau=23681457 n=11 g_3=84398 Av_11=39832402
23681457,12,2436965,476564635,476564635,PASS,0.170730,tau=23681457 n=12 g_4=2436965 Av_12=476564635
23681475,11,84486,39832314,39832314,PASS,0.011624,tau=23681475 n=11 g_3=84486 Av_11=39832314
23681475,12,2441548,476560052,476560052,PASS,0.217525,tau=23681475 n=12 g_4=2441548 Av_12=476560052
23681547,11,84402,39832398,39832398,PASS,0.007366,tau=23681547 n=11 g_3=84402 Av_11=39832398
23681547,12,2437352,476564248,476564248,PASS,0.145827,tau=23681547 n=12 g_4=2437352 Av_12=476564248
23681574,11,84483,39832317,39832317,PASS,0.010459,tau=23681574 n=11 g_3=84483 Av_11=39832317
23681574,12,2441262,476560338,476560338,PASS,0.183303,tau=23681574 n=12 g_4=2441262 Av_12=476560338
23681745,11,84395,39832405,39832405,PASS,0.006893,tau=23681745 n=11 g_3=84395 Av_11=39832405
23681745,12,2436712,476564888,476564888,PASS,0.153340,tau=23681745 n=12 g_4=2436712 Av_12=476564888
23681754,11,84395,39832405,39832405,PASS,0.007421,tau=23681754 n=11 g_3=84395 Av_11=39832405
23681754,12,2436684,476564916,476564916,PASS,0.223983,tau=23681754 n=12 g_4=2436684 Av_12=476564916
23684157,11,84486,39832314,39832314,PASS,0.006825,tau=23684157 n=11 g_3=84486 Av_11=39832314
23684157,12,2441540,476560060,476560060,PASS,0.151573,tau=23684157 n=12 g_4=2441540 Av_12=476560060
23684175,11,84492,39832308,39832308,PASS,0.007464,tau=23684175 n=11 g_3=84492 Av_11=39832308
23684175,12,2442146,476559454,476559454,PASS,0.176785,tau=23684175 n=12 g_4=2442146 Av_12=476559454
23684517,11,84396,39832404,39832404,PASS,0.010196,tau=23684517 n=11 g_3=84396 Av_11=39832404
23684517,12,2436726,476564874,476564874,PASS,0.209819,tau=23684517 n=12 g_4=2436726 Av_12=476564874
23684715,11,84483,39832317,39832317,PASS,0.007990,tau=23684715 n=11 g_3=84483 Av_11=39832317
23684715,12,2441182,476560418,476560418,PASS,0.158842,tau=23684715 n=12 g_4=2441182 Av_12=476560418
23685147,11,84488,39832312,39832312,PASS,0.010604,tau=23685147 n=11 g_3=84488 Av_11=39832312
23685147,12,2441743,476559857,476559857,PASS,0.175175,tau=23685147 n=12 g_4=2441743 Av_12=476559857
23685174,11,84487,39832313,39832313,PASS,0.009457,tau=23685174 n=11 g_3=84487 Av_11=39832313
23685174,12,2441659,476559941,476559941,PASS,0.209516,tau=23685174 n=12 g_4=2441659 Av_12=476559941
23685417,11,84394,39832406,39832406,PASS,0.007571,tau=23685417 n=11 g_3=84394 Av_11=39832406
23685417,12,2436522,476565078,476565078,PASS,0.158973,tau=23685417 n=12 g_4=2436522 Av_12=476565078
23685714,11,84302,39832498,39832498,PASS,0.009165,tau=23685714 n=11 g_3=84302 Av_11=39832498
23685714,12,2431569,476570031,476570031,PASS,0.200810,tau=23685714 n=12 g_4=2431569 Av_12=476570031
23687145,11,84220,39832580,39832580,PASS,0.008115,tau=23687145 n=11 g_3=84220 Av_11=39832580
23687145,12,2427618,476573982,476573982,PASS,0.159467,tau=23687145 n=12 g_4=2427618 Av_12=476573982
23687154,11,84220,39832580,39832580,PASS,0.007399,tau=23687154 n=11 g_3=84220 Av_11=39832580
23687154,12,2427614,476573986,476573986,PASS,0.180221,tau=23687154 n=12 g_4=2427614 Av_12=476573986
23687415,11,84310,39832490,39832490,PASS,0.006907,tau=23687415 n=11 g_3=84310 Av_11=39832490
23687415,12,2432363,476569237,476569237,PASS,0.182330,tau=23687415 n=12 g_4=2432363 Av_12=476569237
23687514,11,84298,39832502,39832502,PASS,0.007653,tau=23687514 n=11 g_3=84298 Av_11=39832502
23687514,12,2431186,476570414,476570414,PASS,0.153410,tau=23687514 n=12 g_4=2431186 Av_12=476570414
23714586,11,84395,39832405,39832405,PASS,0.008497,tau=23714586 n=11 g_3=84395 Av_11=39832405
23714586,12,2436613,476564987,476564987,PASS,0.163403,tau=23714586 n=12 g_4=2436613 Av_12=476564987
23714685,11,84480,39832320,39832320,PASS,0.008294,tau=23714685 n=11 g_3=84480 Av_11=39832320
23714685,12,2440919,476560681,476560681,PASS,0.169018,tau=23714685 n=12 g_4=2440919 Av_12=476560681
23714856,11,84396,39832404,39832404,PASS,0.006325,tau=23714856 n=11 g_3=84396 Av_11=39832404
23714856,12,2436694,476564906,476564906,PASS,0.150970,tau=23714856 n=12 g_4=2436694 Av_12=476564906
23714865,11,84397,39832403,39832403,PASS,0.007019,tau=23714865 n=11 g_3=84397 Av_11=39832403
23714865,12,2436807,476564793,476564793,PASS,0.147335,tau=23714865 n=12 g_4=2436807 Av_12=476564793
23715486,11,84393,39832407,39832407,PASS,0.007954,tau=23715486 n=11 g_3=84393 Av_11=39832407
23715486,12,2436385,476565215,476565215,PASS,0.185306,tau=23715486 n=12 g_4=2436385 Av_12=476565215
23715684,11,84394,39832406,39832406,PASS,0.009061,tau=23715684 n=11 g_3=84394 Av_11=39832406
23715684,12,2436578,476565022,476565022,PASS,0.149683,tau=23715684 n=12 g_4=2436578 Av_12=476565022
23715846,11,84479,39832321,39832321,PASS,0.010165,tau=23715846 n=11 g_3=84479 Av_11=39832321
23715846,12,2440814,476560786,476560786,PASS,0.146785,tau=23715846 n=12 g_4=2440814 Av_12=476560786
23715864,11,84475,39832325,39832325,PASS,0.010175,tau=23715864 n=11 g_3=84475 Av_11=39832325
23715864,12,2440400,476561200,476561200,PASS,0.168397,tau=23715864 n=12 g_4=2440400 Av_12=476561200
23716485,11,84479,39832321,39832321,PASS,0.007909,tau=23716485 n=11 g_3=84479 Av_11=39832321
23716485,12,2440801,476560799,476560799,PASS,0.155804,tau=23716485 n=12 g_4=2440801 Av_12=476560799
23716584,11,84394,39832406,39832406,PASS,0.006910,tau=23716584 n=11 g_3=84394 Av_11=39832406
23716584,12,2436496,476565104,476565104,PASS,0.146847,tau=23716584 n=12 g_4=2436496 Av_12=476565104
23716845,11,84388,39832412,39832412,PASS,0.006588,tau=23716845 n=11 g_3=84388 Av_11=39832412
23716845,12,2435980,476565620,476565620,PASS,0.150260,tau=23716845 n=12 g_4=2435980 Av_12=476565620
23716854,11,84388,39832412,39832412,PASS,0.006658,tau=23716854 n=11 g_3=84388 Av_11=39832412
23716854,12,2435904,476565696,476565696,PASS,0.143670,tau=23716854 n=12 g_4=2435904 Av_12=476565696
23718456,11,84298,39832502,39832502,PASS,0.008140,tau=23718456 n=11 g_3=84298 Av_11=39832502
23718456,12,2431137,476570463,476570463,PASS,0.153910,tau=23718456 n=12 g_4=2431137 Av_12=476570463
23718465,11,84307,39832493,39832493,PASS,0.006945,tau=23718465 n=11 g_3=84307 Av_11=39832493
23718465,12,2432068,476569532,476569532,PASS,0.145709,tau=23718465 n=12 g_4=2432068 Av_12=476569532
23718546,11,84307,39832493,39832493,PASS,0.006729,tau=23718546 n=11 g_3=84307 Av_11=39832493
23718546,12,2432068,476569532,476569532,PASS,0.159305,tau=23718546 n=12 g_4=2432068 Av_12=476569532
23718564,11,84299,39832501,39832501,PASS,0.007148,tau=23718564 n=11 g_3=84299 Av_11=39832501
23718564,12,2431250,476570350,476570350,PASS,0.147370,tau=23718564 n=12 g_4=2431250 Av_12=476570350
23718645,11,84299,39832501,39832501,PASS,0.008430,tau=23718645 n=11 g_3=84299 Av_11=39832501
23718645,12,2431295,476570305,476570305,PASS,0.161535,tau=23718645 n=12 g_4=2431295 Av_12=476570305
23718654,11,84298,39832502,39832502,PASS,0.007360,tau=23718654 n=11 g_3=84298 Av_11=39832502
23718654,12,2431114,476570486,476570486,PASS,0.146301,tau=23718654 n=12 g_4=2431114 Av_12=476570486
23741586,11,84480,39832320,39832320,PASS,0.007399,tau=23741586 n=11 g_3=84480 Av_11=39832320
23741586,12,2440876,476560724,476560724,PASS,0.177158,tau=23741586 n=12 g_4=2440876 Av_12=476560724
23741685,11,84484,39832316,39832316,PASS,0.006632,tau=23741685 n=11 g_3=84484 Av_11=39832316
23741685,12,2441325,476560275,476560275,PASS,0.163804,tau=23741685 n=12 g_4=2441325 Av_12=476560275
23741856,11,84395,39832405,39832405,PASS,0.007435,tau=23741856 n=11 g_3=84395 Av_11=39832405
23741856,12,2436621,476564979,476564979,PASS,0.154780,tau=23741856 n=12 g_4=2436621 Av_12=476564979
23741865,11,84398,39832402,39832402,PASS,0.007161,tau=23741865 n=11 g_3=84398 Av_11=39832402
23741865,12,2436919,476564681,476564681,PASS,0.147340,tau=23741865 n=12 g_4=2436919 Av_12=476564681
23745186,11,84397,39832403,39832403,PASS,0.007833,tau=23745186 n=11 g_3=84397 Av_11=39832403
23745186,12,2436794,476564806,476564806,PASS,0.155828,tau=23745186 n=12 g_4=2436794 Av_12=476564806
23745816,11,84403,39832397,39832397,PASS,0.006677,tau=23745816 n=11 g_3=84403 Av_11=39832397
23745816,12,2437380,476564220,476564220,PASS,0.168085,tau=23745816 n=12 g_4=2437380 Av_12=476564220
23746185,11,84487,39832313,39832313,PASS,0.007194,tau=23746185 n=11 g_3=84487 Av_11=39832313
23746185,12,2441636,476559964,476559964,PASS,0.159796,tau=23746185 n=12 g_4=2441636 Av_12=476559964
23746815,11,84481,39832319,39832319,PASS,0.007151,tau=23746815 n=11 g_3=84481 Av_11=39832319
23746815,12,2441040,476560560,476560560,PASS,0.145095,tau=23746815 n=12 g_4=2441040 Av_12=476560560
23748156,11,84398,39832402,39832402,PASS,0.007411,tau=23748156 n=11 g_3=84398 Av_11=39832402
23748156,12,2436942,476564658,476564658,PASS,0.166182,tau=23748156 n=12 g_4=2436942 Av_12=476564658
23748165,11,84401,39832399,39832399,PASS,0.008020,tau=23748165 n=11 g_3=84401 Av_11=39832399
23748165,12,2437237,476564363,476564363,PASS,0.189500,tau=23748165 n=12 g_4=2437237 Av_12=476564363
23748516,11,84475,39832325,39832325,PASS,0.007565,tau=23748516 n=11 g_3=84475 Av_11=39832325
23748516,12,2440404,476561196,476561196,PASS,0.192562,tau=23748516 n=12 g_4=2440404 Av_12=476561196
23748615,11,84479,39832321,39832321,PASS,0.006698,tau=23748615 n=11 g_3=84479 Av_11=39832321
23748615,12,2440819,476560781,476560781,PASS,0.152399,tau=23748615 n=12 g_4=2440819 Av_12=476560781
23751486,11,84486,39832314,39832314,PASS,0.007599,tau=23751486 n=11 g_3=84486 Av_11=39832314
23751486,12,2441490,476560110,476560110,PASS,0.158588,tau=23751486 n=12 g_4=2441490 Av_12=476560110
23751684,11,84487,39832313,39832313,PASS,0.008280,tau=23751684 n=11 g_3=84487 Av_11=39832313
23751684,12,2441688,476559912,476559912,PASS,0.143579,tau=23751684 n=12 g_4=2441688 Av_12=476559912
23751846,11,84491,39832309,39832309,PASS,0.009092,tau=23751846 n=11 g_3=84491 Av_11=39832309
23751846,12,2442042,476559558,476559558,PASS,0.146943,tau=23751846 n=12 g_4=2442042 Av_12=476559558
23751864,11,84485,39832315,39832315,PASS,0.007290,tau=23751864 n=11 g_3=84485 Av_11=39832315
23751864,12,2441451,476560149,476560149,PASS,0.146802,tau=23751864 n=12 g_4=2441451 Av_12=476560149
23754186,11,84393,39832407,39832407,PASS,0.007622,tau=23754186 n=11 g_3=84393 Av_11=39832407
23754186,12,2436407,476565193,476565193,PASS,0.161950,tau=23754186 n=12 g_4=2436407 Av_12=476565193
23754816,11,84393,39832407,39832407,PASS,0.007038,tau=23754816 n=11 g_3=84393 Av_11=39832407
23754816,12,2436415,476565185,476565185,PASS,0.143645,tau=23754816 n=12 g_4=2436415 Av_12=476565185
23756184,11,84315,39832485,39832485,PASS,0.007274,tau=23756184 n=11 g_3=84315 Av_11=39832485
23756184,12,2432903,476568697,476568697,PASS,0.146003,tau=23756184 n=12 g_4=2432903 Av_12=476568697
23756814,11,84302,39832498,39832498,PASS,0.007099,tau=23756814 n=11 g_3=84302 Av_11=39832498
23756814,12,2431581,476570019,476570019,PASS,0.156655,tau=23756814 n=12 g_4=2431581 Av_12=476570019
23758146,11,84484,39832316,39832316,PASS,0.007824,tau=23758146 n=11 g_3=84484 Av_11=39832316
23758146,12,2441348,476560252,476560252,PASS,0.155500,tau=23758146 n=12 g_4=2441348 Av_12=476560252
23758164,11,84481,39832319,39832319,PASS,0.007147,tau=23758164 n=11 g_3=84481 Av_11=39832319
23758164,12,2441057,476560543,476560543,PASS,0.142741,tau=23758164 n=12 g_4=2441057 Av_12=476560543
23758416,11,84484,39832316,39832316,PASS,0.007249,tau=23758416 n=11 g_3=84484 Av_11=39832316
23758416,12,2441323,476560277,476560277,PASS,0.147987,tau=23758416 n=12 g_4=2441323 Av_12=476560277
23758614,11,84302,39832498,39832498,PASS,0.007106,tau=23758614 n=11 g_3=84302 Av_11=39832498
23758614,12,2431551,476570049,476570049,PASS,0.151313,tau=23758614 n=12 g_4=2431551 Av_12=476570049
23761485,11,84405,39832395,39832395,PASS,0.007099,tau=23761485 n=11 g_3=84405 Av_11=39832395
23761485,12,2437685,476563915,476563915,PASS,0.147741,tau=23761485 n=12 g_4=2437685 Av_12=476563915
23761584,11,84398,39832402,39832402,PASS,0.006569,tau=23761584 n=11 g_3=84398 Av_11=39832402
23761584,12,2437004,476564596,476564596,PASS,0.145397,tau=23761584 n=12 g_4=2437004 Av_12=476564596
23761845,11,84312,39832488,39832488,PASS,0.007707,tau=23761845 n=11 g_3=84312 Av_11=39832488
23761845,12,2432613,476568987,476568987,PASS,0.143691,tau=23761845 n=12 g_4=2432613 Av_12=476568987
23761854,11,84312,39832488,39832488,PASS,0.007304,tau=23761854 n=11 g_3=84312 Av_11=39832488
23761854,12,2432594,476569006,476569006,PASS,0.166279,tau=23761854 n=12 g_4=2432594 Av_12=476569006
23764185,11,84401,39832399,39832399,PASS,0.007205,tau=23764185 n=11 g_3=84401 Av_11=39832399
23764185,12,2437231,476564369,476564369,PASS,0.149241,tau=23764185 n=12 g_4=2437231 Av_12=476564369
23764815,11,84397,39832403,39832403,PASS,0.006920,tau=23764815 n=11 g_3=84397 Av_11=39832403
23764815,12,2436832,476564768,476564768,PASS,0.148818,tau=23764815 n=12 g_4=2436832 Av_12=476564768
23765184,11,84305,39832495,39832495,PASS,0.007330,tau=23765184 n=11 g_3=84305 Av_11=39832495
23765184,12,2431917,476569683,476569683,PASS,0.146106,tau=23765184 n=12 g_4=2431917 Av_12=476569683
23765814,11,84213,39832587,39832587,PASS,0.007743,tau=23765814 n=11 g_3=84213 Av_11=39832587
23765814,12,2426874,476574726,476574726,PASS,0.171282,tau=23765814 n=12 g_4=2426874 Av_12=476574726
23768145,11,84220,39832580,39832580,PASS,0.007288,tau=23768145 n=11 g_3=84220 Av_11=39832580
23768145,12,2427617,476573983,476573983,PASS,0.154551,tau=23768145 n=12 g_4=2427617 Av_12=476573983
23768154,11,84220,39832580,39832580,PASS,0.006804,tau=23768154 n=11 g_3=84220 Av_11=39832580
23768154,12,2427609,476573991,476573991,PASS,0.144527,tau=23768154 n=12 g_4=2427609 Av_12=476573991
23768415,11,84310,39832490,39832490,PASS,0.007530,tau=23768415 n=11 g_3=84310 Av_11=39832490
23768415,12,2432359,476569241,476569241,PASS,0.145844,tau=23768415 n=12 g_4=2432359 Av_12=476569241
23768514,11,84298,39832502,39832502,PASS,0.007377,tau=23768514 n=11 g_3=84298 Av_11=39832502
23768514,12,2431172,476570428,476570428,PASS,0.163291,tau=23768514 n=12 g_4=2431172 Av_12=476570428
23781456,11,84215,39832585,39832585,PASS,0.007067,tau=23781456 n=11 g_3=84215 Av_11=39832585
23781456,12,2427073,476574527,476574527,PASS,0.159538,tau=23781456 n=12 g_4=2427073 Av_12=476574527
23781465,11,84220,39832580,39832580,PASS,0.011772,tau=23781465 n=11 g_3=84220 Av_11=39832580
23781465,12,2427619,476573981,476573981,PASS,0.144355,tau=23781465 n=12 g_4=2427619 Av_12=476573981
23781546,11,84220,39832580,39832580,PASS,0.007101,tau=23781546 n=11 g_3=84220 Av_11=39832580
23781546,12,2427618,476573982,476573982,PASS,0.149559,tau=23781546 n=12 g_4=2427618 Av_12=476573982
23781564,11,84217,39832583,39832583,PASS,0.007218,tau=23781564 n=11 g_3=84217 Av_11=39832583
23781564,12,2427286,476574314,476574314,PASS,0.147817,tau=23781564 n=12 g_4=2427286 Av_12=476574314
23781645,11,84217,39832583,39832583,PASS,0.009149,tau=23781645 n=11 g_3=84217 Av_11=39832583
23781645,12,2427325,476574275,476574275,PASS,0.145722,tau=23781645 n=12 g_4=2427325 Av_12=476574275
23781654,11,84215,39832585,39832585,PASS,0.007132,tau=23781654 n=11 g_3=84215 Av_11=39832585
23781654,12,2427044,476574556,476574556,PASS,0.153191,tau=23781654 n=12 g_4=2427044 Av_12=476574556
23784156,11,84308,39832492,39832492,PASS,0.006905,tau=23784156 n=11 g_3=84308 Av_11=39832492
23784156,12,2432140,476569460,476569460,PASS,0.149725,tau=23784156 n=12 g_4=2432140 Av_12=476569460
23784165,11,84312,39832488,39832488,PASS,0.007492,tau=23784165 n=11 g_3=84312 Av_11=39832488
23784165,12,2432576,476569024,476569024,PASS,0.147758,tau=23784165 n=12 g_4=2432576 Av_12=476569024
23784516,11,84307,39832493,39832493,PASS,0.006743,tau=23784516 n=11 g_3=84307 Av_11=39832493
23784516,12,2432058,476569542,476569542,PASS,0.162728,tau=23784516 n=12 g_4=2432058 Av_12=476569542
23784615,11,84391,39832409,39832409,PASS,0.007238,tau=23784615 n=11 g_3=84391 Av_11=39832409
23784615,12,2436253,476565347,476565347,PASS,0.188926,tau=23784615 n=12 g_4=2436253 Av_12=476565347
23785146,11,84395,39832405,39832405,PASS,0.008335,tau=23785146 n=11 g_3=84395 Av_11=39832405
23785146,12,2436699,476564901,476564901,PASS,0.182245,tau=23785146 n=12 g_4=2436699 Av_12=476564901
23785164,11,84392,39832408,39832408,PASS,0.007161,tau=23785164 n=11 g_3=84392 Av_11=39832408
23785164,12,2436379,476565221,476565221,PASS,0.154434,tau=23785164 n=12 g_4=2436379 Av_12=476565221
23785416,11,84309,39832491,39832491,PASS,0.007936,tau=23785416 n=11 g_3=84309 Av_11=39832491
23785416,12,2432273,476569327,476569327,PASS,0.153827,tau=23785416 n=12 g_4=2432273 Av_12=476569327
23785614,11,84213,39832587,39832587,PASS,0.008356,tau=23785614 n=11 g_3=84213 Av_11=39832587
23785614,12,2426846,476574754,476574754,PASS,0.207419,tau=23785614 n=12 g_4=2426846 Av_12=476574754
23786145,11,84217,39832583,39832583,PASS,0.007626,tau=23786145 n=11 g_3=84217 Av_11=39832583
23786145,12,2427319,476574281,476574281,PASS,0.218042,tau=23786145 n=12 g_4=2427319 Av_12=476574281
23786154,11,84217,39832583,39832583,PASS,0.007659,tau=23786154 n=11 g_3=84217 Av_11=39832583
23786154,12,2427301,476574299,476574299,PASS,0.157471,tau=23786154 n=12 g_4=2427301 Av_12=476574299
23786415,11,84302,39832498,39832498,PASS,0.007029,tau=23786415 n=11 g_3=84302 Av_11=39832498
23786415,12,2431560,476570040,476570040,PASS,0.166022,tau=23786415 n=12 g_4=2431560 Av_12=476570040
23786514,11,84213,39832587,39832587,PASS,0.010505,tau=23786514 n=11 g_3=84213 Av_11=39832587
23786514,12,2426861,476574739,476574739,PASS,0.223706,tau=23786514 n=12 g_4=2426861 Av_12=476574739
23814576,11,84213,39832587,39832587,PASS,0.010569,tau=23814576 n=11 g_3=84213 Av_11=39832587
23814576,12,2426838,476574762,476574762,PASS,0.209943,tau=23814576 n=12 g_4=2426838 Av_12=476574762
23814657,11,84212,39832588,39832588,PASS,0.009223,tau=23814657 n=11 g_3=84212 Av_11=39832588
23814657,12,2426724,476574876,476574876,PASS,0.183836,tau=23814657 n=12 g_4=2426724 Av_12=476574876
23814675,11,84298,39832502,39832502,PASS,0.009315,tau=23814675 n=11 g_3=84298 Av_11=39832502
23814675,12,2431137,476570463,476570463,PASS,0.176513,tau=23814675 n=12 g_4=2431137 Av_12=476570463
23814756,11,84298,39832502,39832502,PASS,0.007030,tau=23814756 n=11 g_3=84298 Av_11=39832502
23814756,12,2431137,476570463,476570463,PASS,0.179321,tau=23814756 n=12 g_4=2431137 Av_12=476570463
23814765,11,84213,39832587,39832587,PASS,0.006715,tau=23814765 n=11 g_3=84213 Av_11=39832587
23814765,12,2426810,476574790,476574790,PASS,0.164370,tau=23814765 n=12 g_4=2426810 Av_12=476574790
23815476,11,84213,39832587,39832587,PASS,0.006696,tau=23815476 n=11 g_3=84213 Av_11=39832587
23815476,12,2426828,476574772,476574772,PASS,0.196846,tau=23815476 n=12 g_4=2426828 Av_12=476574772
23815647,11,84299,39832501,39832501,PASS,0.010419,tau=23815647 n=11 g_3=84299 Av_11=39832501
23815647,12,2431319,476570281,476570281,PASS,0.229404,tau=23815647 n=12 g_4=2431319 Av_12=476570281
23815674,11,84210,39832590,39832590,PASS,0.008715,tau=23815674 n=11 g_3=84210 Av_11=39832590
23815674,12,2426588,476575012,476575012,PASS,0.222503,tau=23815674 n=12 g_4=2426588 Av_12=476575012
23815746,11,84299,39832501,39832501,PASS,0.007927,tau=23815746 n=11 g_3=84299 Av_11=39832501
23815746,12,2431274,476570326,476570326,PASS,0.160611,tau=23815746 n=12 g_4=2431274 Av_12=476570326
23815764,11,84299,39832501,39832501,PASS,0.006897,tau=23815764 n=11 g_3=84299 Av_11=39832501
23815764,12,2431262,476570338,476570338,PASS,0.170715,tau=23815764 n=12 g_4=2431262 Av_12=476570338
23816457,11,84299,39832501,39832501,PASS,0.010270,tau=23816457 n=11 g_3=84299 Av_11=39832501
23816457,12,2431287,476570313,476570313,PASS,0.170927,tau=23816457 n=12 g_4=2431287 Av_12=476570313
23816475,11,84299,39832501,39832501,PASS,0.007712,tau=23816475 n=11 g_3=84299 Av_11=39832501
23816475,12,2431252,476570348,476570348,PASS,0.156021,tau=23816475 n=12 g_4=2431252 Av_12=476570348
23816547,11,84213,39832587,39832587,PASS,0.009898,tau=23816547 n=11 g_3=84213 Av_11=39832587
23816547,12,2426819,476574781,476574781,PASS,0.150977,tau=23816547 n=12 g_4=2426819 Av_12=476574781
23816574,11,84299,39832501,39832501,PASS,0.006719,tau=23816574 n=11 g_3=84299 Av_11=39832501
23816574,12,2431294,476570306,476570306,PASS,0.151899,tau=23816574 n=12 g_4=2431294 Av_12=476570306
23816745,11,84210,39832590,39832590,PASS,0.006803,tau=23816745 n=11 g_3=84210 Av_11=39832590
23816745,12,2426529,476575071,476575071,PASS,0.151161,tau=23816745 n=12 g_4=2426529 Av_12=476575071
23816754,11,84210,39832590,39832590,PASS,0.007463,tau=23816754 n=11 g_3=84210 Av_11=39832590
23816754,12,2426537,476575063,476575063,PASS,0.191053,tau=23816754 n=12 g_4=2426537 Av_12=476575063
23817456,11,84210,39832590,39832590,PASS,0.007352,tau=23817456 n=11 g_3=84210 Av_11=39832590
23817456,12,2426560,476575040,476575040,PASS,0.186192,tau=23817456 n=12 g_4=2426560 Av_12=476575040
23817465,11,84295,39832505,39832505,PASS,0.007554,tau=23817465 n=11 g_3=84295 Av_11=39832505
23817465,12,2430847,476570753,476570753,PASS,0.154418,tau=23817465 n=12 g_4=2430847 Av_12=476570753
23817546,11,84295,39832505,39832505,PASS,0.007029,tau=23817546 n=11 g_3=84295 Av_11=39832505
23817546,12,2430845,476570755,476570755,PASS,0.148018,tau=23817546 n=12 g_4=2430845 Av_12=476570755
23817564,11,84209,39832591,39832591,PASS,0.007620,tau=23817564 n=11 g_3=84209 Av_11=39832591
23817564,12,2426392,476575208,476575208,PASS,0.209132,tau=23817564 n=12 g_4=2426392 Av_12=476575208
23817645,11,84210,39832590,39832590,PASS,0.006906,tau=23817645 n=11 g_3=84210 Av_11=39832590
23817645,12,2426504,476575096,476575096,PASS,0.146992,tau=23817645 n=12 g_4=2426504 Av_12=476575096
23817654,11,84197,39832603,39832603,PASS,0.006715,tau=23817654 n=11 g_3=84197 Av_11=39832603
23817654,12,2425138,476576462,476576462,PASS,0.147507,tau=23817654 n=12 g_4=2425138 Av_12=476576462
23841576,11,84302,39832498,39832498,PASS,0.010072,tau=23841576 n=11 g_3=84302 Av_11=39832498
23841576,12,2431526,476570074,476570074,PASS,0.198173,tau=23841576 n=12 g_4=2431526 Av_12=476570074
23841657,11,84302,39832498,39832498,PASS,0.007176,tau=23841657 n=11 g_3=84302 Av_11=39832498
23841657,12,2431531,476570069,476570069,PASS,0.148098,tau=23841657 n=12 g_4=2431531 Av_12=476570069
23841675,11,84306,39832494,39832494,PASS,0.006987,tau=23841675 n=11 g_3=84306 Av_11=39832494
23841675,12,2431962,476569638,476569638,PASS,0.164942,tau=23841675 n=12 g_4=2431962 Av_12=476569638
23841756,11,84306,39832494,39832494,PASS,0.007540,tau=23841756 n=11 g_3=84306 Av_11=39832494
23841756,12,2431968,476569632,476569632,PASS,0.196682,tau=23841756 n=12 g_4=2431968 Av_12=476569632
23841765,11,84301,39832499,39832499,PASS,0.007017,tau=23841765 n=11 g_3=84301 Av_11=39832499
23841765,12,2431416,476570184,476570184,PASS,0.149709,tau=23841765 n=12 g_4=2431416 Av_12=476570184
23845167,11,84304,39832496,39832496,PASS,0.007380,tau=23845167 n=11 g_3=84304 Av_11=39832496
23845167,12,2431708,476569892,476569892,PASS,0.151030,tau=23845167 n=12 g_4=2431708 Av_12=476569892
23845176,11,84307,39832493,39832493,PASS,0.010292,tau=23845176 n=11 g_3=84307 Av_11=39832493
23845176,12,2432043,476569557,476569557,PASS,0.169357,tau=23845176 n=12 g_4=2432043 Av_12=476569557
23845617,11,84297,39832503,39832503,PASS,0.008080,tau=23845617 n=11 g_3=84297 Av_11=39832503
23845617,12,2431023,476570577,476570577,PASS,0.150347,tau=23845617 n=12 g_4=2431023 Av_12=476570577
23845716,11,84391,39832409,39832409,PASS,0.008681,tau=23845716 n=11 g_3=84391 Av_11=39832409
23845716,12,2436226,476565374,476565374,PASS,0.150509,tau=23845716 n=12 g_4=2436226 Av_12=476565374
23846157,11,84479,39832321,39832321,PASS,0.007207,tau=23846157 n=11 g_3=84479 Av_11=39832321
23846157,12,2440821,476560779,476560779,PASS,0.146986,tau=23846157 n=12 g_4=2440821 Av_12=476560779
23846175,11,84483,39832317,39832317,PASS,0.007016,tau=23846175 n=11 g_3=84483 Av_11=39832317
23846175,12,2441251,476560349,476560349,PASS,0.144349,tau=23846175 n=12 g_4=2441251 Av_12=476560349
23846517,11,84307,39832493,39832493,PASS,0.008102,tau=23846517 n=11 g_3=84307 Av_11=39832493
23846517,12,2432038,476569562,476569562,PASS,0.153137,tau=23846517 n=12 g_4=2432038 Av_12=476569562
23846715,11,84394,39832406,39832406,PASS,0.007021,tau=23846715 n=11 g_3=84394 Av_11=39832406
23846715,12,2436538,476565062,476565062,PASS,0.150902,tau=23846715 n=12 g_4=2436538 Av_12=476565062
23847156,11,84397,39832403,39832403,PASS,0.007055,tau=23847156 n=11 g_3=84397 Av_11=39832403
23847156,12,2436857,476564743,476564743,PASS,0.147512,tau=23847156 n=12 g_4=2436857 Av_12=476564743
23847165,11,84393,39832407,39832407,PASS,0.006953,tau=23847165 n=11 g_3=84393 Av_11=39832407
23847165,12,2436416,476565184,476565184,PASS,0.147736,tau=23847165 n=12 g_4=2436416 Av_12=476565184
23847516,11,84475,39832325,39832325,PASS,0.007524,tau=23847516 n=11 g_3=84475 Av_11=39832325
23847516,12,2440416,476561184,476561184,PASS,0.155975,tau=23847516 n=12 g_4=2440416 Av_12=476561184
23847615,11,84393,39832407,39832407,PASS,0.006586,tau=23847615 n=11 g_3=84393 Av_11=39832407
23847615,12,2436433,476565167,476565167,PASS,0.149075,tau=23847615 n=12 g_4=2436433 Av_12=476565167
23851476,11,84398,39832402,39832402,PASS,0.007545,tau=23851476 n=11 g_3=84398 Av_11=39832402
23851476,12,2436909,476564691,476564691,PASS,0.148078,tau=23851476 n=12 g_4=2436909 Av_12=476564691
23851647,11,84485,39832315,39832315,PASS,0.007116,tau=23851647 n=11 g_3=84485 Av_11=39832315
23851647,12,2441440,476560160,476560160,PASS,0.147424,tau=23851647 n=12 g_4=2441440 Av_12=476560160
23851674,11,84397,39832403,39832403,PASS,0.007414,tau=23851674 n=11 g_3=84397 Av_11=39832403
23851674,12,2436882,476564718,476564718,PASS,0.152371,tau=23851674 n=12 g_4=2436882 Av_12=476564718
23851746,11,84487,39832313,39832313,PASS,0.007032,tau=23851746 n=11 g_3=84487 Av_11=39832313
23851746,12,2441589,476560011,476560011,PASS,0.151546,tau=23851746 n=12 g_4=2441589 Av_12=476560011
23851764,11,84403,39832397,39832397,PASS,0.007172,tau=23851764 n=11 g_3=84403 Av_11=39832397
23851764,12,2437432,476564168,476564168,PASS,0.148903,tau=23851764 n=12 g_4=2437432 Av_12=476564168
23854167,11,84309,39832491,39832491,PASS,0.007323,tau=23854167 n=11 g_3=84309 Av_11=39832491
23854167,12,2432246,476569354,476569354,PASS,0.150588,tau=23854167 n=12 g_4=2432246 Av_12=476569354
23854176,11,84309,39832491,39832491,PASS,0.007603,tau=23854176 n=11 g_3=84309 Av_11=39832491
23854176,12,2432254,476569346,476569346,PASS,0.171799,tau=23854176 n=12 g_4=2432254 Av_12=476569346
23854617,11,84307,39832493,39832493,PASS,0.007192,tau=23854617 n=11 g_3=84307 Av_11=39832493
23854617,12,2432062,476569538,476569538,PASS,0.173997,tau=23854617 n=12 g_4=2432062 Av_12=476569538
23854716,11,84395,39832405,39832405,PASS,0.007165,tau=23854716 n=11 g_3=84395 Av_11=39832405
23854716,12,2436634,476564966,476564966,PASS,0.145284,tau=23854716 n=12 g_4=2436634 Av_12=476564966
23856147,11,84402,39832398,39832398,PASS,0.007115,tau=23856147 n=11 g_3=84402 Av_11=39832398
23856147,12,2437367,476564233,476564233,PASS,0.148467,tau=23856147 n=12 g_4=2437367 Av_12=476564233
23856174,11,84397,39832403,39832403,PASS,0.008273,tau=23856174 n=11 g_3=84397 Av_11=39832403
23856174,12,2436865,476564735,476564735,PASS,0.162996,tau=23856174 n=12 g_4=2436865 Av_12=476564735
23856417,11,84310,39832490,39832490,PASS,0.006803,tau=23856417 n=11 g_3=84310 Av_11=39832490
23856417,12,2432375,476569225,476569225,PASS,0.156772,tau=23856417 n=12 g_4=2432375 Av_12=476569225
23856714,11,84213,39832587,39832587,PASS,0.006909,tau=23856714 n=11 g_3=84213 Av_11=39832587
23856714,12,2426849,476574751,476574751,PASS,0.148518,tau=23856714 n=12 g_4=2426849 Av_12=476574751
23857146,11,84482,39832318,39832318,PASS,0.007319,tau=23857146 n=11 g_3=84482 Av_11=39832318
23857146,12,2441140,476560460,476560460,PASS,0.145734,tau=23857146 n=12 g_4=2441140 Av_12=476560460
23857164,11,84481,39832319,39832319,PASS,0.007224,tau=23857164 n=11 g_3=84481 Av_11=39832319
23857164,12,2441067,476560533,476560533,PASS,0.184188,tau=23857164 n=12 g_4=2441067 Av_12=476560533
23857416,11,84476,39832324,39832324,PASS,0.006564,tau=23857416 n=11 g_3=84476 Av_11=39832324
23857416,12,2440525,476561075,476561075,PASS,0.146972,tau=23857416 n=12 g_4=2440525 Av_12=476561075
23857614,11,84302,39832498,39832498,PASS,0.006746,tau=23857614 n=11 g_3=84302 Av_11=39832498
23857614,12,2431569,476570031,476570031,PASS,0.149407,tau=23857614 n=12 g_4=2431569 Av_12=476570031
23861457,11,84398,39832402,39832402,PASS,0.006899,tau=23861457 n=11 g_3=84398 Av_11=39832402
23861457,12,2436989,476564611,476564611,PASS,0.183223,tau=23861457 n=12 g_4=2436989 Av_12=476564611
23861475,11,84482,39832318,39832318,PASS,0.007055,tau=23861475 n=11 g_3=84482 Av_11=39832318
23861475,12,2441191,476560409,476560409,PASS,0.144971,tau=23861475 n=12 g_4=2441191 Av_12=476560409
23861547,11,84397,39832403,39832403,PASS,0.006608,tau=23861547 n=11 g_3=84397 Av_11=39832403
23861547,12,2436880,476564720,476564720,PASS,0.147402,tau=23861547 n=12 g_4=2436880 Av_12=476564720
23861574,11,84481,39832319,39832319,PASS,0.008860,tau=23861574 n=11 g_3=84481 Av_11=39832319
23861574,12,2441117,476560483,476560483,PASS,0.143546,tau=23861574 n=12 g_4=2441117 Av_12=476560483
23861745,11,84392,39832408,39832408,PASS,0.007008,tau=23861745 n=11 g_3=84392 Av_11=39832408
23861745,12,2436364,476565236,476565236,PASS,0.146981,tau=23861745 n=12 g_4=2436364 Av_12=476565236
23861754,11,84391,39832409,39832409,PASS,0.007080,tau=23861754 n=11 g_3=84391 Av_11=39832409
23861754,12,2436267,476565333,476565333,PASS,0.161899,tau=23861754 n=12 g_4=2436267 Av_12=476565333
23864157,11,84482,39832318,39832318,PASS,0.007756,tau=23864157 n=11 g_3=84482 Av_11=39832318
23864157,12,2441136,476560464,476560464,PASS,0.162891,tau=23864157 n=12 g_4=2441136 Av_12=476560464
23864175,11,84484,39832316,39832316,PASS,0.007031,tau=23864175 n=11 g_3=84484 Av_11=39832316
23864175,12,2441318,476560282,476560282,PASS,0.147152,tau=23864175 n=12 g_4=2441318 Av_12=476560282
23864517,11,84310,39832490,39832490,PASS,0.007252,tau=23864517 n=11 g_3=84310 Av_11=39832490
23864517,12,2432367,476569233,476569233,PASS,0.165335,tau=23864517 n=12 g_4=2432367 Av_12=476569233
23864715,11,84479,39832321,39832321,PASS,0.008121,tau=23864715 n=11 g_3=84479 Av_11=39832321
23864715,12,2440816,476560784,476560784,PASS,0.163208,tau=23864715 n=12 g_4=2440816 Av_12=476560784
23865147,11,84398,39832402,39832402,PASS,0.007150,tau=23865147 n=11 g_3=84398 Av_11=39832402
23865147,12,2436975,476564625,476564625,PASS,0.147588,tau=23865147 n=12 g_4=2436975 Av_12=476564625
23865174,11,84403,39832397,39832397,PASS,0.009931,tau=23865174 n=11 g_3=84403 Av_11=39832397
23865174,12,2437504,476564096,476564096,PASS,0.166820,tau=23865174 n=12 g_4=2437504 Av_12=476564096
23865417,11,84300,39832500,39832500,PASS,0.007423,tau=23865417 n=11 g_3=84300 Av_11=39832500
23865417,12,2431341,476570259,476570259,PASS,0.192749,tau=23865417 n=12 g_4=2431341 Av_12=476570259
23865714,11,84302,39832498,39832498,PASS,0.006873,tau=23865714 n=11 g_3=84302 Av_11=39832498
23865714,12,2431600,476570000,476570000,PASS,0.214124,tau=23865714 n=12 g_4=2431600 Av_12=476570000
23867145,11,84217,39832583,39832583,PASS,0.006420,tau=23867145 n=11 g_3=84217 Av_11=39832583
23867145,12,2427307,476574293,476574293,PASS,0.155496,tau=23867145 n=12 g_4=2427307 Av_12=476574293
23867154,11,84217,39832583,39832583,PASS,0.008540,tau=23867154 n=11 g_3=84217 Av_11=39832583
23867154,12,2427309,476574291,476574291,PASS,0.182769,tau=23867154 n=12 g_4=2427309 Av_12=476574291
23867415,11,84302,39832498,39832498,PASS,0.007423,tau=23867415 n=11 g_3=84302 Av_11=39832498
23867415,12,2431548,476570052,476570052,PASS,0.160158,tau=23867415 n=12 g_4=2431548 Av_12=476570052
23867514,11,84212,39832588,39832588,PASS,0.009351,tau=23867514 n=11 g_3=84212 Av_11=39832588
23867514,12,2426747,476574853,476574853,PASS,0.224877,tau=23867514 n=12 g_4=2426747 Av_12=476574853
23871456,11,84215,39832585,39832585,PASS,0.007752,tau=23871456 n=11 g_3=84215 Av_11=39832585
23871456,12,2427082,476574518,476574518,PASS,0.212701,tau=23871456 n=12 g_4=2427082 Av_12=476574518
23871465,11,84220,39832580,39832580,PASS,0.007888,tau=23871465 n=11 g_3=84220 Av_11=39832580
23871465,12,2427615,476573985,476573985,PASS,0.166684,tau=23871465 n=12 g_4=2427615 Av_12=476573985
23871546,11,84220,39832580,39832580,PASS,0.007516,tau=23871546 n=11 g_3=84220 Av_11=39832580
23871546,12,2427610,476573990,476573990,PASS,0.155726,tau=23871546 n=12 g_4=2427610 Av_12=476573990
23871564,11,84217,39832583,39832583,PASS,0.010618,tau=23871564 n=11 g_3=84217 Av_11=39832583
23871564,12,2427309,476574291,476574291,PASS,0.170615,tau=23871564 n=12 g_4=2427309 Av_12=476574291
23871645,11,84217,39832583,39832583,PASS,0.012032,tau=23871645 n=11 g_3=84217 Av_11=39832583
23871645,12,2427307,476574293,476574293,PASS,0.171526,tau=23871645 n=12 g_4=2427307 Av_12=476574293
23871654,11,84213,39832587,39832587,PASS,0.007070,tau=23871654 n=11 g_3=84213 Av_11=39832587
23871654,12,2426790,476574810,476574810,PASS,0.163337,tau=23871654 n=12 g_4=2426790 Av_12=476574810
23874156,11,84308,39832492,39832492,PASS,0.007137,tau=23874156 n=11 g_3=84308 Av_11=39832492
23874156,12,2432124,476569476,476569476,PASS,0.146620,tau=23874156 n=12 g_4=2432124 Av_12=476569476
23874165,11,84312,39832488,39832488,PASS,0.009241,tau=23874165 n=11 g_3=84312 Av_11=39832488
23874165,12,2432551,476569049,476569049,PASS,0.201728,tau=23874165 n=12 g_4=2432551 Av_12=476569049
23874516,11,84307,39832493,39832493,PASS,0.006953,tau=23874516 n=11 g_3=84307 Av_11=39832493
23874516,12,2432053,476569547,476569547,PASS,0.159002,tau=23874516 n=12 g_4=2432053 Av_12=476569547
23874615,11,84391,39832409,39832409,PASS,0.009764,tau=23874615 n=11 g_3=84391 Av_11=39832409
23874615,12,2436223,476565377,476565377,PASS,0.199962,tau=23874615 n=12 g_4=2436223 Av_12=476565377
23875146,11,84393,39832407,39832407,PASS,0.007085,tau=23875146 n=11 g_3=84393 Av_11=39832407
23875146,12,2436462,476565138,476565138,PASS,0.145480,tau=23875146 n=12 g_4=2436462 Av_12=476565138
23875164,11,84390,39832410,39832410,PASS,0.007509,tau=23875164 n=11 g_3=84390 Av_11=39832410
23875164,12,2436147,476565453,476565453,PASS,0.192994,tau=23875164 n=12 g_4=2436147 Av_12=476565453
23875416,11,84307,39832493,39832493,PASS,0.007084,tau=23875416 n=11 g_3=84307 Av_11=39832493
23875416,12,2432027,476569573,476569573,PASS,0.152221,tau=23875416 n=12 g_4=2432027 Av_12=476569573
23875614,11,84213,39832587,39832587,PASS,0.007334,tau=23875614 n=11 g_3=84213 Av_11=39832587
23875614,12,2426847,476574753,476574753,PASS,0.153655,tau=23875614 n=12 g_4=2426847 Av_12=476574753
23876145,11,84215,39832585,39832585,PASS,0.010286,tau=23876145 n=11 g_3=84215 Av_11=39832585
23876145,12,2427072,476574528,476574528,PASS,0.174473,tau=23876145 n=12 g_4=2427072 Av_12=476574528
23876154,11,84213,39832587,39832587,PASS,0.007732,tau=23876154 n=11 g_3=84213 Av_11=39832587
23876154,12,2426843,476574757,476574757,PASS,0.152595,tau=23876154 n=12 g_4=2426843 Av_12=476574757
23876415,11,84297,39832503,39832503,PASS,0.010700,tau=23876415 n=11 g_3=84297 Av_11=39832503
23876415,12,2431000,476570600,476570600,PASS,0.151842,tau=23876415 n=12 g_4=2431000 Av_12=476570600
23876514,11,84206,39832594,39832594,PASS,0.007389,tau=23876514 n=11 g_3=84206 Av_11=39832594
23876514,12,2426070,476575530,476575530,PASS,0.171206,tau=23876514 n=12 g_4=2426070 Av_12=476575530
24136857,11,84194,39832606,39832606,PASS,0.007065,tau=24136857 n=11 g_3=84194 Av_11=39832606
24136857,12,2424849,476576751,476576751,PASS,0.153432,tau=24136857 n=12 g_4=2424849 Av_12=476576751
24136875,11,84194,39832606,39832606,PASS,0.006938,tau=24136875 n=11 g_3=84194 Av_11=39832606
24136875,12,2424868,476576732,476576732,PASS,0.156745,tau=24136875 n=12 g_4=2424868 Av_12=476576732
24137586,11,84194,39832606,39832606,PASS,0.007620,tau=24137586 n=11 g_3=84194 Av_11=39832606
24137586,12,2424850,476576750,476576750,PASS,0.199419,tau=24137586 n=12 g_4=2424850 Av_12=476576750
24137685,11,84194,39832606,39832606,PASS,0.010246,tau=24137685 n=11 g_3=84194 Av_11=39832606
24137685,12,2424875,476576725,476576725,PASS,0.182342,tau=24137685 n=12 g_4=2424875 Av_12=476576725
24137856,11,84109,39832691,39832691,PASS,0.006783,tau=24137856 n=11 g_3=84109 Av_11=39832691
24137856,12,2420588,476581012,476581012,PASS,0.177151,tau=24137856 n=12 g_4=2420588 Av_12=476581012
24137865,11,84109,39832691,39832691,PASS,0.010421,tau=24137865 n=11 g_3=84109 Av_11=39832691
24137865,12,2420579,476581021,476581021,PASS,0.189491,tau=24137865 n=12 g_4=2420579 Av_12=476581021
24138576,11,84194,39832606,39832606,PASS,0.008015,tau=24138576 n=11 g_3=84194 Av_11=39832606
24138576,12,2424866,476576734,476576734,PASS,0.180026,tau=24138576 n=12 g_4=2424866 Av_12=476576734
24138657,11,84194,39832606,39832606,PASS,0.007393,tau=24138657 n=11 g_3=84194 Av_11=39832606
24138657,12,2424874,476576726,476576726,PASS,0.161592,tau=24138657 n=12 g_4=2424874 Av_12=476576726
24138675,11,84108,39832692,39832692,PASS,0.006751,tau=24138675 n=11 g_3=84108 Av_11=39832692
24138675,12,2420465,476581135,476581135,PASS,0.155894,tau=24138675 n=12 g_4=2420465 Av_12=476581135
24138756,11,84109,39832691,39832691,PASS,0.007015,tau=24138756 n=11 g_3=84109 Av_11=39832691
24138756,12,2420582,476581018,476581018,PASS,0.146995,tau=24138756 n=12 g_4=2420582 Av_12=476581018
24156837,11,84477,39832323,39832323,PASS,0.008029,tau=24156837 n=11 g_3=84477 Av_11=39832323
24156837,12,2440575,476561025,476561025,PASS,0.152589,tau=24156837 n=12 g_4=2440575 Av_12=476561025
24156873,11,84295,39832505,39832505,PASS,0.007004,tau=24156873 n=11 g_3=84295 Av_11=39832505
24156873,12,2430812,476570788,476570788,PASS,0.146312,tau=24156873 n=12 g_4=2430812 Av_12=476570788
24157386,11,84561,39832239,39832239,PASS,0.008689,tau=24157386 n=11 g_3=84561 Av_11=39832239
24157386,12,2444694,476556906,476556906,PASS,0.166744,tau=24157386 n=12 g_4=2444694 Av_12=476556906
24157683,11,84294,39832506,39832506,PASS,0.007139,tau=24157683 n=11 g_3=84294 Av_11=39832506
24157683,12,2430694,476570906,476570906,PASS,0.148957,tau=24157683 n=12 g_4=2430694 Av_12=476570906
24157836,11,84479,39832321,39832321,PASS,0.010819,tau=24157836 n=11 g_3=84479 Av_11=39832321
24157836,12,2440763,476560837,476560837,PASS,0.150909,tau=24157836 n=12 g_4=2440763 Av_12=476560837
24157863,11,84380,39832420,39832420,PASS,0.010433,tau=24157863 n=11 g_3=84380 Av_11=39832420
24157863,12,2435146,476566454,476566454,PASS,0.178517,tau=24157863 n=12 g_4=2435146 Av_12=476566454
24158376,11,84474,39832326,39832326,PASS,0.009899,tau=24158376 n=11 g_3=84474 Av_11=39832326
24158376,12,2440183,476561417,476561417,PASS,0.181967,tau=24158376 n=12 g_4=2440183 Av_12=476561417
24158637,11,84562,39832238,39832238,PASS,0.007125,tau=24158637 n=11 g_3=84562 Av_11=39832238
24158637,12,2444880,476556720,476556720,PASS,0.191610,tau=24158637 n=12 g_4=2444880 Av_12=476556720
24158673,11,84380,39832420,39832420,PASS,0.007557,tau=24158673 n=11 g_3=84380 Av_11=39832420
24158673,12,2435120,476566480,476566480,PASS,0.154009,tau=24158673 n=12 g_4=2435120 Av_12=476566480
24158736,11,84479,39832321,39832321,PASS,0.010726,tau=24158736 n=11 g_3=84479 Av_11=39832321
24158736,12,2440813,476560787,476560787,PASS,0.157497,tau=24158736 n=12 g_4=2440813 Av_12=476560787
24158763,11,84295,39832505,39832505,PASS,0.010050,tau=24158763 n=11 g_3=84295 Av_11=39832505
24158763,12,2430811,476570789,476570789,PASS,0.169728,tau=24158763 n=12 g_4=2430811 Av_12=476570789
24163857,11,84469,39832331,39832331,PASS,0.007248,tau=24163857 n=11 g_3=84469 Av_11=39832331
24163857,12,2439760,476561840,476561840,PASS,0.152142,tau=24163857 n=12 g_4=2439760 Av_12=476561840
24163875,11,84469,39832331,39832331,PASS,0.008276,tau=24163875 n=11 g_3=84469 Av_11=39832331
24163875,12,2439708,476561892,476561892,PASS,0.186969,tau=24163875 n=12 g_4=2439708 Av_12=476561892
24165837,11,84475,39832325,39832325,PASS,0.010374,tau=24165837 n=11 g_3=84475 Av_11=39832325
24165837,12,2440366,476561234,476561234,PASS,0.154767,tau=24165837 n=12 g_4=2440366 Av_12=476561234
24165873,11,84295,39832505,39832505,PASS,0.007601,tau=24165873 n=11 g_3=84295 Av_11=39832505
24165873,12,2430799,476570801,476570801,PASS,0.184670,tau=24165873 n=12 g_4=2430799 Av_12=476570801
24167385,11,84473,39832327,39832327,PASS,0.008352,tau=24167385 n=11 g_3=84473 Av_11=39832327
24167385,12,2440226,476561374,476561374,PASS,0.166036,tau=24167385 n=12 g_4=2440226 Av_12=476561374
24167583,11,84384,39832416,39832416,PASS,0.008671,tau=24167583 n=11 g_3=84384 Av_11=39832416
24167583,12,2435548,476566052,476566052,PASS,0.159130,tau=24167583 n=12 g_4=2435548 Av_12=476566052
24167835,11,84380,39832420,39832420,PASS,0.010768,tau=24167835 n=11 g_3=84380 Av_11=39832420
24167835,12,2435114,476566486,476566486,PASS,0.208732,tau=24167835 n=12 g_4=2435114 Av_12=476566486
24167853,11,84295,39832505,39832505,PASS,0.007180,tau=24167853 n=11 g_3=84295 Av_11=39832505
24167853,12,2430848,476570752,476570752,PASS,0.155592,tau=24167853 n=12 g_4=2430848 Av_12=476570752
24168357,11,84556,39832244,39832244,PASS,0.010385,tau=24168357 n=11 g_3=84556 Av_11=39832244
24168357,12,2444307,476557293,476557293,PASS,0.186351,tau=24168357 n=12 g_4=2444307 Av_12=476557293
24168375,11,84565,39832235,39832235,PASS,0.007304,tau=24168375 n=11 g_3=84565 Av_11=39832235
24168375,12,2445174,476556426,476556426,PASS,0.147612,tau=24168375 n=12 g_4=2445174 Av_12=476556426
24168537,11,84564,39832236,39832236,PASS,0.009387,tau=24168537 n=11 g_3=84564 Av_11=39832236
24168537,12,2445077,476556523,476556523,PASS,0.149158,tau=24168537 n=12 g_4=2445077 Av_12=476556523
24168573,11,84384,39832416,39832416,PASS,0.007114,tau=24168573 n=11 g_3=84384 Av_11=39832416
24168573,12,2435535,476566065,476566065,PASS,0.150338,tau=24168573 n=12 g_4=2435535 Av_12=476566065
24168735,11,84392,39832408,39832408,PASS,0.007335,tau=24168735 n=11 g_3=84392 Av_11=39832408
24168735,12,2436304,476565296,476565296,PASS,0.143734,tau=24168735 n=12 g_4=2436304 Av_12=476565296
24168753,11,84380,39832420,39832420,PASS,0.006325,tau=24168753 n=11 g_3=84380 Av_11=39832420
24168753,12,2435151,476566449,476566449,PASS,0.155560,tau=24168753 n=12 g_4=2435151 Av_12=476566449
24173586,11,84554,39832246,39832246,PASS,0.007096,tau=24173586 n=11 g_3=84554 Av_11=39832246
24173586,12,2444021,476557579,476557579,PASS,0.152965,tau=24173586 n=12 g_4=2444021 Av_12=476557579
24173685,11,84556,39832244,39832244,PASS,0.006345,tau=24173685 n=11 g_3=84556 Av_11=39832244
24173685,12,2444265,476557335,476557335,PASS,0.201187,tau=24173685 n=12 g_4=2444265 Av_12=476557335
24173856,11,84467,39832333,39832333,PASS,0.006898,tau=24173856 n=11 g_3=84467 Av_11=39832333
24173856,12,2439592,476562008,476562008,PASS,0.146027,tau=24173856 n=12 g_4=2439592 Av_12=476562008
24173865,11,84471,39832329,39832329,PASS,0.010173,tau=24173865 n=11 g_3=84471 Av_11=39832329
24173865,12,2439968,476561632,476561632,PASS,0.189650,tau=24173865 n=12 g_4=2439968 Av_12=476561632
24175386,11,84560,39832240,39832240,PASS,0.009744,tau=24175386 n=11 g_3=84560 Av_11=39832240
24175386,12,2444611,476556989,476556989,PASS,0.169372,tau=24175386 n=12 g_4=2444611 Av_12=476556989
24175683,11,84384,39832416,39832416,PASS,0.008404,tau=24175683 n=11 g_3=84384 Av_11=39832416
24175683,12,2435582,476566018,476566018,PASS,0.150841,tau=24175683 n=12 g_4=2435582 Av_12=476566018
24175836,11,84564,39832236,39832236,PASS,0.007558,tau=24175836 n=11 g_3=84564 Av_11=39832236
24175836,12,2445079,476556521,476556521,PASS,0.199187,tau=24175836 n=12 g_4=2445079 Av_12=476556521
24175863,11,84384,39832416,39832416,PASS,0.008218,tau=24175863 n=11 g_3=84384 Av_11=39832416
24175863,12,2435547,476566053,476566053,PASS,0.188701,tau=24175863 n=12 g_4=2435547 Av_12=476566053
24176385,11,84485,39832315,39832315,PASS,0.007123,tau=24176385 n=11 g_3=84485 Av_11=39832315
24176385,12,2441357,476560243,476560243,PASS,0.183523,tau=24176385 n=12 g_4=2441357 Av_12=476560243
24176583,11,84295,39832505,39832505,PASS,0.007444,tau=24176583 n=11 g_3=84295 Av_11=39832505
24176583,12,2430830,476570770,476570770,PASS,0.154874,tau=24176583 n=12 g_4=2430830 Av_12=476570770
24176835,11,84392,39832408,39832408,PASS,0.010491,tau=24176835 n=11 g_3=84392 Av_11=39832408
24176835,12,2436332,476565268,476565268,PASS,0.211370,tau=24176835 n=12 g_4=2436332 Av_12=476565268
24176853,11,84380,39832420,39832420,PASS,0.011933,tau=24176853 n=11 g_3=84380 Av_11=39832420
24176853,12,2435155,476566445,476566445,PASS,0.208834,tau=24176853 n=12 g_4=2435155 Av_12=476566445
24178356,11,84390,39832410,39832410,PASS,0.011316,tau=24178356 n=11 g_3=84390 Av_11=39832410
24178356,12,2436083,476565517,476565517,PASS,0.221326,tau=24178356 n=12 g_4=2436083 Av_12=476565517
24178365,11,84392,39832408,39832408,PASS,0.010144,tau=24178365 n=11 g_3=84392 Av_11=39832408
24178365,12,2436319,476565281,476565281,PASS,0.251288,tau=24178365 n=12 g_4=2436319 Av_12=476565281
24178536,11,84473,39832327,39832327,PASS,0.010822,tau=24178536 n=11 g_3=84473 Av_11=39832327
24178536,12,2440265,476561335,476561335,PASS,0.161157,tau=24178536 n=12 g_4=2440265 Av_12=476561335
24178563,11,84295,39832505,39832505,PASS,0.009371,tau=24178563 n=11 g_3=84295 Av_11=39832505
24178563,12,2430834,476570766,476570766,PASS,0.180303,tau=24178563 n=12 g_4=2430834 Av_12=476570766
24178635,11,84384,39832416,39832416,PASS,0.008324,tau=24178635 n=11 g_3=84384 Av_11=39832416
24178635,12,2435586,476566014,476566014,PASS,0.150414,tau=24178635 n=12 g_4=2435586 Av_12=476566014
24178653,11,84295,39832505,39832505,PASS,0.010258,tau=24178653 n=11 g_3=84295 Av_11=39832505
24178653,12,2430818,476570782,476570782,PASS,0.157736,tau=24178653 n=12 g_4=2430818 Av_12=476570782
24183576,11,84386,39832414,39832414,PASS,0.007408,tau=24183576 n=11 g_3=84386 Av_11=39832414
24183576,12,2435662,476565938,476565938,PASS,0.152420,tau=24183576 n=12 g_4=2435662 Av_12=476565938
24183657,11,84386,39832414,39832414,PASS,0.007283,tau=24183657 n=11 g_3=84386 Av_11=39832414
24183657,12,2435654,476565946,476565946,PASS,0.150288,tau=24183657 n=12 g_4=2435654 Av_12=476565946
24183675,11,84386,39832414,39832414,PASS,0.006768,tau=24183675 n=11 g_3=84386 Av_11=39832414
24183675,12,2435697,476565903,476565903,PASS,0.151866,tau=24183675 n=12 g_4=2435697 Av_12=476565903
24183756,11,84386,39832414,39832414,PASS,0.007073,tau=24183756 n=11 g_3=84386 Av_11=39832414
24183756,12,2435701,476565899,476565899,PASS,0.150015,tau=24183756 n=12 g_4=2435701 Av_12=476565899
24183765,11,84379,39832421,39832421,PASS,0.006869,tau=24183765 n=11 g_3=84379 Av_11=39832421
24183765,12,2434927,476566673,476566673,PASS,0.153899,tau=24183765 n=12 g_4=2434927 Av_12=476566673
24185376,11,84478,39832322,39832322,PASS,0.006839,tau=24185376 n=11 g_3=84478 Av_11=39832322
24185376,12,2440666,476560934,476560934,PASS,0.203251,tau=24185376 n=12 g_4=2440666 Av_12=476560934
24185637,11,84479,39832321,39832321,PASS,0.007460,tau=24185637 n=11 g_3=84479 Av_11=39832321
24185637,12,2440847,476560753,476560753,PASS,0.200131,tau=24185637 n=12 g_4=2440847 Av_12=476560753
24185673,11,84295,39832505,39832505,PASS,0.009820,tau=24185673 n=11 g_3=84295 Av_11=39832505
24185673,12,2430864,476570736,476570736,PASS,0.230434,tau=24185673 n=12 g_4=2430864 Av_12=476570736
24185736,11,84560,39832240,39832240,PASS,0.012923,tau=24185736 n=11 g_3=84560 Av_11=39832240
24185736,12,2444692,476556908,476556908,PASS,0.225086,tau=24185736 n=12 g_4=2444692 Av_12=476556908
24185763,11,84384,39832416,39832416,PASS,0.007900,tau=24185763 n=11 g_3=84384 Av_11=39832416
24185763,12,2435546,476566054,476566054,PASS,0.156546,tau=24185763 n=12 g_4=2435546 Av_12=476566054
24186357,11,84558,39832242,39832242,PASS,0.011132,tau=24186357 n=11 g_3=84558 Av_11=39832242
24186357,12,2444513,476557087,476557087,PASS,0.154946,tau=24186357 n=12 g_4=2444513 Av_12=476557087
24186375,11,84557,39832243,39832243,PASS,0.007756,tau=24186375 n=11 g_3=84557 Av_11=39832243
24186375,12,2444399,476557201,476557201,PASS,0.193488,tau=24186375 n=12 g_4=2444399 Av_12=476557201
24186537,11,84479,39832321,39832321,PASS,0.008503,tau=24186537 n=11 g_3=84479 Av_11=39832321
24186537,12,2440797,476560803,476560803,PASS,0.196375,tau=24186537 n=12 g_4=2440797 Av_12=476560803
24186573,11,84384,39832416,39832416,PASS,0.009211,tau=24186573 n=11 g_3=84384 Av_11=39832416
24186573,12,2435578,476566022,476566022,PASS,0.149906,tau=24186573 n=12 g_4=2435578 Av_12=476566022
24186735,11,84384,39832416,39832416,PASS,0.007775,tau=24186735 n=11 g_3=84384 Av_11=39832416
24186735,12,2435535,476566065,476566065,PASS,0.164882,tau=24186735 n=12 g_4=2435535 Av_12=476566065
24186753,11,84294,39832506,39832506,PASS,0.011284,tau=24186753 n=11 g_3=84294 Av_11=39832506
24186753,12,2430709,476570891,476570891,PASS,0.166634,tau=24186753 n=12 g_4=2430709 Av_12=476570891
24187356,11,84390,39832410,39832410,PASS,0.007471,tau=24187356 n=11 g_3=84390 Av_11=39832410
24187356,12,2436113,476565487,476565487,PASS,0.152381,tau=24187356 n=12 g_4=2436113 Av_12=476565487
24187365,11,84392,39832408,39832408,PASS,0.006955,tau=24187365 n=11 g_3=84392 Av_11=39832408
24187365,12,2436296,476565304,476565304,PASS,0.145229,tau=24187365 n=12 g_4=2436296 Av_12=476565304
24187536,11,84473,39832327,39832327,PASS,0.006757,tau=24187536 n=11 g_3=84473 Av_11=39832327
24187536,12,2440203,476561397,476561397,PASS,0.159028,tau=24187536 n=12 g_4=2440203 Av_12=476561397
24187563,11,84295,39832505,39832505,PASS,0.007956,tau=24187563 n=11 g_3=84295 Av_11=39832505
24187563,12,2430839,476570761,476570761,PASS,0.190197,tau=24187563 n=12 g_4=2430839 Av_12=476570761
24187635,11,84384,39832416,39832416,PASS,0.006810,tau=24187635 n=11 g_3=84384 Av_11=39832416
24187635,12,2435493,476566107,476566107,PASS,0.150341,tau=24187635 n=12 g_4=2435493 Av_12=476566107
24187653,11,84284,39832516,39832516,PASS,0.006516,tau=24187653 n=11 g_3=84284 Av_11=39832516
24187653,12,2429629,476571971,476571971,PASS,0.152225,tau=24187653 n=12 g_4=2429629 Av_12=476571971
24316875,11,84194,39832606,39832606,PASS,0.010412,tau=24316875 n=11 g_3=84194 Av_11=39832606
24316875,12,2424890,476576710,476576710,PASS,0.181249,tau=24316875 n=12 g_4=2424890 Av_12=476576710
24317685,11,84194,39832606,39832606,PASS,0.007306,tau=24317685 n=11 g_3=84194 Av_11=39832606
24317685,12,2424894,476576706,476576706,PASS,0.145272,tau=24317685 n=12 g_4=2424894 Av_12=476576706
24317856,11,84109,39832691,39832691,PASS,0.006963,tau=24317856 n=11 g_3=84109 Av_11=39832691
24317856,12,2420604,476580996,476580996,PASS,0.145531,tau=24317856 n=12 g_4=2420604 Av_12=476580996
24317865,11,84109,39832691,39832691,PASS,0.006974,tau=24317865 n=11 g_3=84109 Av_11=39832691
24317865,12,2420596,476581004,476581004,PASS,0.142260,tau=24317865 n=12 g_4=2420596 Av_12=476581004
24318576,11,84194,39832606,39832606,PASS,0.007048,tau=24318576 n=11 g_3=84194 Av_11=39832606
24318576,12,2424888,476576712,476576712,PASS,0.155791,tau=24318576 n=12 g_4=2424888 Av_12=476576712
24318657,11,84194,39832606,39832606,PASS,0.007235,tau=24318657 n=11 g_3=84194 Av_11=39832606
24318657,12,2424893,476576707,476576707,PASS,0.149031,tau=24318657 n=12 g_4=2424893 Av_12=476576707
24318675,11,84108,39832692,39832692,PASS,0.007133,tau=24318675 n=11 g_3=84108 Av_11=39832692
24318675,12,2420487,476581113,476581113,PASS,0.174391,tau=24318675 n=12 g_4=2420487 Av_12=476581113
24318756,11,84109,39832691,39832691,PASS,0.008019,tau=24318756 n=11 g_3=84109 Av_11=39832691
24318756,12,2420599,476581001,476581001,PASS,0.150062,tau=24318756 n=12 g_4=2420599 Av_12=476581001
24356817,11,84201,39832599,39832599,PASS,0.010222,tau=24356817 n=11 g_3=84201 Av_11=39832599
24356817,12,2425587,476576013,476576013,PASS,0.162680,tau=24356817 n=12 g_4=2425587 Av_12=476576013
24357816,11,84209,39832591,39832591,PASS,0.007420,tau=24357816 n=11 g_3=84209 Av_11=39832591
24357816,12,2426408,476575192,476575192,PASS,0.163556,tau=24357816 n=12 g_4=2426408 Av_12=476575192
24358176,11,84208,39832592,39832592,PASS,0.007071,tau=24358176 n=11 g_3=84208 Av_11=39832592
24358176,12,2426310,476575290,476575290,PASS,0.147215,tau=24358176 n=12 g_4=2426310 Av_12=476575290
24358617,11,84290,39832510,39832510,PASS,0.006769,tau=24358617 n=11 g_3=84290 Av_11=39832510
24358617,12,2430292,476571308,476571308,PASS,0.146315,tau=24358617 n=12 g_4=2430292 Av_12=476571308
24358716,11,84207,39832593,39832593,PASS,0.006996,tau=24358716 n=11 g_3=84207 Av_11=39832593
24358716,12,2426236,476575364,476575364,PASS,0.164267,tau=24358716 n=12 g_4=2426236 Av_12=476575364
24361875,11,84303,39832497,39832497,PASS,0.007172,tau=24361875 n=11 g_3=84303 Av_11=39832497
24361875,12,2431586,476570014,476570014,PASS,0.149275,tau=24361875 n=12 g_4=2431586 Av_12=476570014
24365817,11,84199,39832601,39832601,PASS,0.006837,tau=24365817 n=11 g_3=84199 Av_11=39832601
24365817,12,2425364,476576236,476576236,PASS,0.212251,tau=24365817 n=12 g_4=2425364 Av_12=476576236
24367185,11,84302,39832498,39832498,PASS,0.006766,tau=24367185 n=11 g_3=84302 Av_11=39832498
24367185,12,2431550,476570050,476570050,PASS,0.213890,tau=24367185 n=12 g_4=2431550 Av_12=476570050
24367815,11,84210,39832590,39832590,PASS,0.007097,tau=24367815 n=11 g_3=84210 Av_11=39832590
24367815,12,2426542,476575058,476575058,PASS,0.174716,tau=24367815 n=12 g_4=2426542 Av_12=476575058
24368157,11,84390,39832410,39832410,PASS,0.007482,tau=24368157 n=11 g_3=84390 Av_11=39832410
24368157,12,2436131,476565469,476565469,PASS,0.192470,tau=24368157 n=12 g_4=2436131 Av_12=476565469
24368175,11,84388,39832412,39832412,PASS,0.010564,tau=24368175 n=11 g_3=84388 Av_11=39832412
24368175,12,2435977,476565623,476565623,PASS,0.177869,tau=24368175 n=12 g_4=2435977 Av_12=476565623
24368517,11,84382,39832418,39832418,PASS,0.010395,tau=24368517 n=11 g_3=84382 Av_11=39832418
24368517,12,2435288,476566312,476566312,PASS,0.170084,tau=24368517 n=12 g_4=2435288 Av_12=476566312
24368715,11,84214,39832586,39832586,PASS,0.009198,tau=24368715 n=11 g_3=84214 Av_11=39832586
24368715,12,2426984,476574616,476574616,PASS,0.150664,tau=24368715 n=12 g_4=2426984 Av_12=476574616
24371586,11,84390,39832410,39832410,PASS,0.009743,tau=24371586 n=11 g_3=84390 Av_11=39832410
24371586,12,2436051,476565549,476565549,PASS,0.162304,tau=24371586 n=12 g_4=2436051 Av_12=476565549
24371685,11,84388,39832412,39832412,PASS,0.007199,tau=24371685 n=11 g_3=84388 Av_11=39832412
24371685,12,2435899,476565701,476565701,PASS,0.147737,tau=24371685 n=12 g_4=2435899 Av_12=476565701
24371856,11,84302,39832498,39832498,PASS,0.006530,tau=24371856 n=11 g_3=84302 Av_11=39832498
24371856,12,2431544,476570056,476570056,PASS,0.150061,tau=24371856 n=12 g_4=2431544 Av_12=476570056
24371865,11,84302,39832498,39832498,PASS,0.006798,tau=24371865 n=11 g_3=84302 Av_11=39832498
24371865,12,2431537,476570063,476570063,PASS,0.151113,tau=24371865 n=12 g_4=2431537 Av_12=476570063
24375186,11,84386,39832414,39832414,PASS,0.007842,tau=24375186 n=11 g_3=84386 Av_11=39832414
24375186,12,2435680,476565920,476565920,PASS,0.158061,tau=24375186 n=12 g_4=2435680 Av_12=476565920
24375816,11,84382,39832418,39832418,PASS,0.008007,tau=24375816 n=11 g_3=84382 Av_11=39832418
24375816,12,2435300,476566300,476566300,PASS,0.146866,tau=24375816 n=12 g_4=2435300 Av_12=476566300
24376185,11,84306,39832494,39832494,PASS,0.007143,tau=24376185 n=11 g_3=84306 Av_11=39832494
24376185,12,2431946,476569654,476569654,PASS,0.154477,tau=24376185 n=12 g_4=2431946 Av_12=476569654
24376815,11,84214,39832586,39832586,PASS,0.006864,tau=24376815 n=11 g_3=84214 Av_11=39832586
24376815,12,2426957,476574643,476574643,PASS,0.176355,tau=24376815 n=12 g_4=2426957 Av_12=476574643
24378156,11,84217,39832583,39832583,PASS,0.007535,tau=24378156 n=11 g_3=84217 Av_11=39832583
24378156,12,2427298,476574302,476574302,PASS,0.161693,tau=24378156 n=12 g_4=2427298 Av_12=476574302
24378165,11,84217,39832583,39832583,PASS,0.007936,tau=24378165 n=11 g_3=84217 Av_11=39832583
24378165,12,2427287,476574313,476574313,PASS,0.149001,tau=24378165 n=12 g_4=2427287 Av_12=476574313
24378516,11,84302,39832498,39832498,PASS,0.007380,tau=24378516 n=11 g_3=84302 Av_11=39832498
24378516,12,2431561,476570039,476570039,PASS,0.146638,tau=24378516 n=12 g_4=2431561 Av_12=476570039
24378615,11,84214,39832586,39832586,PASS,0.008035,tau=24378615 n=11 g_3=84214 Av_11=39832586
24378615,12,2426993,476574607,476574607,PASS,0.185029,tau=24378615 n=12 g_4=2426993 Av_12=476574607
24381576,11,84218,39832582,39832582,PASS,0.007710,tau=24381576 n=11 g_3=84218 Av_11=39832582
24381576,12,2427343,476574257,476574257,PASS,0.183493,tau=24381576 n=12 g_4=2427343 Av_12=476574257
24381657,11,84218,39832582,39832582,PASS,0.007073,tau=24381657 n=11 g_3=84218 Av_11=39832582
24381657,12,2427327,476574273,476574273,PASS,0.150443,tau=24381657 n=12 g_4=2427327 Av_12=476574273
24381675,11,84214,39832586,39832586,PASS,0.007130,tau=24381675 n=11 g_3=84214 Av_11=39832586
24381675,12,2426950,476574650,476574650,PASS,0.162533,tau=24381675 n=12 g_4=2426950 Av_12=476574650
24381756,11,84214,39832586,39832586,PASS,0.007865,tau=24381756 n=11 g_3=84214 Av_11=39832586
24381756,12,2426935,476574665,476574665,PASS,0.153235,tau=24381756 n=12 g_4=2426935 Av_12=476574665
24381765,11,84205,39832595,39832595,PASS,0.007384,tau=24381765 n=11 g_3=84205 Av_11=39832595
24381765,12,2425968,476575632,476575632,PASS,0.152405,tau=24381765 n=12 g_4=2425968 Av_12=476575632
24385176,11,84306,39832494,39832494,PASS,0.008204,tau=24385176 n=11 g_3=84306 Av_11=39832494
24385176,12,2431925,476569675,476569675,PASS,0.196320,tau=24385176 n=12 g_4=2431925 Av_12=476569675
24385617,11,84301,39832499,39832499,PASS,0.007044,tau=24385617 n=11 g_3=84301 Av_11=39832499
24385617,12,2431424,476570176,476570176,PASS,0.177263,tau=24385617 n=12 g_4=2431424 Av_12=476570176
24385716,11,84384,39832416,39832416,PASS,0.007390,tau=24385716 n=11 g_3=84384 Av_11=39832416
24385716,12,2435555,476566045,476566045,PASS,0.158180,tau=24385716 n=12 g_4=2435555 Av_12=476566045
24386157,11,84390,39832410,39832410,PASS,0.007676,tau=24386157 n=11 g_3=84390 Av_11=39832410
24386157,12,2436173,476565427,476565427,PASS,0.152239,tau=24386157 n=12 g_4=2436173 Av_12=476565427
24386175,11,84386,39832414,39832414,PASS,0.010028,tau=24386175 n=11 g_3=84386 Av_11=39832414
24386175,12,2435791,476565809,476565809,PASS,0.206136,tau=24386175 n=12 g_4=2435791 Av_12=476565809
24386517,11,84301,39832499,39832499,PASS,0.006633,tau=24386517 n=11 g_3=84301 Av_11=39832499
24386517,12,2431407,476570193,476570193,PASS,0.195466,tau=24386517 n=12 g_4=2431407 Av_12=476570193
24386715,11,84214,39832586,39832586,PASS,0.007436,tau=24386715 n=11 g_3=84214 Av_11=39832586
24386715,12,2426991,476574609,476574609,PASS,0.160427,tau=24386715 n=12 g_4=2426991 Av_12=476574609
24387156,11,84217,39832583,39832583,PASS,0.007418,tau=24387156 n=11 g_3=84217 Av_11=39832583
24387156,12,2427305,476574295,476574295,PASS,0.156434,tau=24387156 n=12 g_4=2427305 Av_12=476574295
24387165,11,84215,39832585,39832585,PASS,0.012010,tau=24387165 n=11 g_3=84215 Av_11=39832585
24387165,12,2427044,476574556,476574556,PASS,0.196058,tau=24387165 n=12 g_4=2427044 Av_12=476574556
24387516,11,84298,39832502,39832502,PASS,0.008380,tau=24387516 n=11 g_3=84298 Av_11=39832502
24387516,12,2431143,476570457,476570457,PASS,0.197656,tau=24387516 n=12 g_4=2431143 Av_12=476570457
24387615,11,84208,39832592,39832592,PASS,0.007092,tau=24387615 n=11 g_3=84208 Av_11=39832592
24387615,12,2426343,476575257,476575257,PASS,0.158417,tau=24387615 n=12 g_4=2426343 Av_12=476575257
24516837,11,84477,39832323,39832323,PASS,0.007354,tau=24516837 n=11 g_3=84477 Av_11=39832323
24516837,12,2440624,476560976,476560976,PASS,0.147240,tau=24516837 n=12 g_4=2440624 Av_12=476560976
24516873,11,84302,39832498,39832498,PASS,0.007124,tau=24516873 n=11 g_3=84302 Av_11=39832498
24516873,12,2431528,476570072,476570072,PASS,0.197155,tau=24516873 n=12 g_4=2431528 Av_12=476570072
24517836,11,84397,39832403,39832403,PASS,0.007215,tau=24517836 n=11 g_3=84397 Av_11=39832403
24517836,12,2436826,476564774,476564774,PASS,0.182111,tau=24517836 n=12 g_4=2436826 Av_12=476564774
24517863,11,84305,39832495,39832495,PASS,0.007592,tau=24517863 n=11 g_3=84305 Av_11=39832495
24517863,12,2431871,476569729,476569729,PASS,0.147759,tau=24517863 n=12 g_4=2431871 Av_12=476569729
24518376,11,84394,39832406,39832406,PASS,0.006469,tau=24518376 n=11 g_3=84394 Av_11=39832406
24518376,12,2436480,476565120,476565120,PASS,0.150921,tau=24518376 n=12 g_4=2436480 Av_12=476565120
24518637,11,84480,39832320,39832320,PASS,0.007235,tau=24518637 n=11 g_3=84480 Av_11=39832320
24518637,12,2440955,476560645,476560645,PASS,0.153258,tau=24518637 n=12 g_4=2440955 Av_12=476560645
24518673,11,84305,39832495,39832495,PASS,0.007141,tau=24518673 n=11 g_3=84305 Av_11=39832495
24518673,12,2431860,476569740,476569740,PASS,0.155525,tau=24518673 n=12 g_4=2431860 Av_12=476569740
24518736,11,84398,39832402,39832402,PASS,0.010096,tau=24518736 n=11 g_3=84398 Av_11=39832402
24518736,12,2436948,476564652,476564652,PASS,0.152828,tau=24518736 n=12 g_4=2436948 Av_12=476564652
24518763,11,84301,39832499,39832499,PASS,0.008499,tau=24518763 n=11 g_3=84301 Av_11=39832499
24518763,12,2431409,476570191,476570191,PASS,0.150469,tau=24518763 n=12 g_4=2431409 Av_12=476570191
24536817,11,84372,39832428,39832428,PASS,0.007377,tau=24536817 n=11 g_3=84372 Av_11=39832428
24536817,12,2434325,476567275,476567275,PASS,0.148618,tau=24536817 n=12 g_4=2434325 Av_12=476567275
24537816,11,84299,39832501,39832501,PASS,0.007179,tau=24537816 n=11 g_3=84299 Av_11=39832501
24537816,12,2431279,476570321,476570321,PASS,0.153464,tau=24537816 n=12 g_4=2431279 Av_12=476570321
24538176,11,84297,39832503,39832503,PASS,0.006569,tau=24538176 n=11 g_3=84297 Av_11=39832503
24538176,12,2431003,476570597,476570597,PASS,0.162403,tau=24538176 n=12 g_4=2431003 Av_12=476570597
24538617,11,84384,39832416,39832416,PASS,0.007456,tau=24538617 n=11 g_3=84384 Av_11=39832416
24538617,12,2435533,476566067,476566067,PASS,0.155602,tau=24538617 n=12 g_4=2435533 Av_12=476566067
24538716,11,84299,39832501,39832501,PASS,0.007029,tau=24538716 n=11 g_3=84299 Av_11=39832501
24538716,12,2431262,476570338,476570338,PASS,0.176146,tau=24538716 n=12 g_4=2431262 Av_12=476570338
24561837,11,84386,39832414,39832414,PASS,0.009978,tau=24561837 n=11 g_3=84386 Av_11=39832414
24561837,12,2435751,476565849,476565849,PASS,0.187940,tau=24561837 n=12 g_4=2435751 Av_12=476565849
24561873,11,84298,39832502,39832502,PASS,0.010175,tau=24561873 n=11 g_3=84298 Av_11=39832502
24561873,12,2431137,476570463,476570463,PASS,0.149886,tau=24561873 n=12 g_4=2431137 Av_12=476570463
24563817,11,84301,39832499,39832499,PASS,0.010113,tau=24563817 n=11 g_3=84301 Av_11=39832499
24563817,12,2431395,476570205,476570205,PASS,0.158502,tau=24563817 n=12 g_4=2431395 Av_12=476570205
24567183,11,84202,39832598,39832598,PASS,0.007722,tau=24567183 n=11 g_3=84202 Av_11=39832598
24567183,12,2425670,476575930,476575930,PASS,0.168685,tau=24567183 n=12 g_4=2425670 Av_12=476575930
24567813,11,84105,39832695,39832695,PASS,0.006969,tau=24567813 n=11 g_3=84105 Av_11=39832695
24567813,12,2420123,476581477,476581477,PASS,0.157709,tau=24567813 n=12 g_4=2420123 Av_12=476581477
24568137,11,84388,39832412,39832412,PASS,0.007404,tau=24568137 n=11 g_3=84388 Av_11=39832412
24568137,12,2435934,476565666,476565666,PASS,0.173649,tau=24568137 n=12 g_4=2435934 Av_12=476565666
24568173,11,84386,39832414,39832414,PASS,0.009702,tau=24568173 n=11 g_3=84386 Av_11=39832414
24568173,12,2435718,476565882,476565882,PASS,0.195561,tau=24568173 n=12 g_4=2435718 Av_12=476565882
24568317,11,84389,39832411,39832411,PASS,0.007550,tau=24568317 n=11 g_3=84389 Av_11=39832411
24568317,12,2436039,476565561,476565561,PASS,0.171581,tau=24568317 n=12 g_4=2436039 Av_12=476565561
24568713,11,84199,39832601,39832601,PASS,0.007796,tau=24568713 n=11 g_3=84199 Av_11=39832601
24568713,12,2425364,476576236,476576236,PASS,0.175437,tau=24568713 n=12 g_4=2425364 Av_12=476576236
24571386,11,84482,39832318,39832318,PASS,0.007088,tau=24571386 n=11 g_3=84482 Av_11=39832318
24571386,12,2441112,476560488,476560488,PASS,0.149493,tau=24571386 n=12 g_4=2441112 Av_12=476560488
24571683,11,84478,39832322,39832322,PASS,0.011214,tau=24571683 n=11 g_3=84478 Av_11=39832322
24571683,12,2440742,476560858,476560858,PASS,0.147565,tau=24571683 n=12 g_4=2440742 Av_12=476560858
24571836,11,84483,39832317,39832317,PASS,0.008129,tau=24571836 n=11 g_3=84483 Av_11=39832317
24571836,12,2441233,476560367,476560367,PASS,0.194032,tau=24571836 n=12 g_4=2441233 Av_12=476560367
24571863,11,84483,39832317,39832317,PASS,0.006716,tau=24571863 n=11 g_3=84483 Av_11=39832317
24571863,12,2441247,476560353,476560353,PASS,0.160367,tau=24571863 n=12 g_4=2441247 Av_12=476560353
24573186,11,84482,39832318,39832318,PASS,0.006602,tau=24573186 n=11 g_3=84482 Av_11=39832318
24573186,12,2441107,476560493,476560493,PASS,0.191395,tau=24573186 n=12 g_4=2441107 Av_12=476560493
24573816,11,84486,39832314,39832314,PASS,0.006723,tau=24573816 n=11 g_3=84486 Av_11=39832314
24573816,12,2441525,476560075,476560075,PASS,0.157787,tau=24573816 n=12 g_4=2441525 Av_12=476560075
24576183,11,84299,39832501,39832501,PASS,0.008008,tau=24576183 n=11 g_3=84299 Av_11=39832501
24576183,12,2431219,476570381,476570381,PASS,0.159592,tau=24576183 n=12 g_4=2431219 Av_12=476570381
24576813,11,84200,39832600,39832600,PASS,0.010446,tau=24576813 n=11 g_3=84200 Av_11=39832600
24576813,12,2425467,476576133,476576133,PASS,0.166294,tau=24576813 n=12 g_4=2425467 Av_12=476576133
24578136,11,84392,39832408,39832408,PASS,0.008300,tau=24578136 n=11 g_3=84392 Av_11=39832408
24578136,12,2436310,476565290,476565290,PASS,0.168760,tau=24578136 n=12 g_4=2436310 Av_12=476565290
24578163,11,84397,39832403,39832403,PASS,0.007117,tau=24578163 n=11 g_3=84397 Av_11=39832403
24578163,12,2436814,476564786,476564786,PASS,0.161291,tau=24578163 n=12 g_4=2436814 Av_12=476564786
24578316,11,84396,39832404,39832404,PASS,0.007005,tau=24578316 n=11 g_3=84396 Av_11=39832404
24578316,12,2436727,476564873,476564873,PASS,0.155929,tau=24578316 n=12 g_4=2436727 Av_12=476564873
24578613,11,84292,39832508,39832508,PASS,0.007155,tau=24578613 n=11 g_3=84292 Av_11=39832508
24578613,12,2430465,476571135,476571135,PASS,0.155238,tau=24578613 n=12 g_4=2430465 Av_12=476571135
24581376,11,84398,39832402,39832402,PASS,0.006765,tau=24581376 n=11 g_3=84398 Av_11=39832402
24581376,12,2436944,476564656,476564656,PASS,0.149835,tau=24581376 n=12 g_4=2436944 Av_12=476564656
24581637,11,84493,39832307,39832307,PASS,0.008644,tau=24581637 n=11 g_3=84493 Av_11=39832307
24581637,12,2442267,476559333,476559333,PASS,0.163009,tau=24581637 n=12 g_4=2442267 Av_12=476559333
24581673,11,84401,39832399,39832399,PASS,0.007393,tau=24581673 n=11 g_3=84401 Av_11=39832399
24581673,12,2437282,476564318,476564318,PASS,0.159276,tau=24581673 n=12 g_4=2437282 Av_12=476564318
24581736,11,84490,39832310,39832310,PASS,0.006949,tau=24581736 n=11 g_3=84490 Av_11=39832310
24581736,12,2441988,476559612,476559612,PASS,0.208348,tau=24581736 n=12 g_4=2441988 Av_12=476559612
24581763,11,84398,39832402,39832402,PASS,0.006655,tau=24581763 n=11 g_3=84398 Av_11=39832402
24581763,12,2436952,476564648,476564648,PASS,0.192550,tau=24581763 n=12 g_4=2436952 Av_12=476564648
24583176,11,84398,39832402,39832402,PASS,0.009348,tau=24583176 n=11 g_3=84398 Av_11=39832402
24583176,12,2436960,476564640,476564640,PASS,0.176719,tau=24583176 n=12 g_4=2436960 Av_12=476564640
24583617,11,84492,39832308,39832308,PASS,0.007048,tau=24583617 n=11 g_3=84492 Av_11=39832308
24583617,12,2442077,476559523,476559523,PASS,0.153196,tau=24583617 n=12 g_4=2442077 Av_12=476559523
24583716,11,84487,39832313,39832313,PASS,0.007271,tau=24583716 n=11 g_3=84487 Av_11=39832313
24583716,12,2441595,476560005,476560005,PASS,0.201210,tau=24583716 n=12 g_4=2441595 Av_12=476560005
24586137,11,84480,39832320,39832320,PASS,0.007978,tau=24586137 n=11 g_3=84480 Av_11=39832320
24586137,12,2440942,476560658,476560658,PASS,0.151146,tau=24586137 n=12 g_4=2440942 Av_12=476560658
24586173,11,84474,39832326,39832326,PASS,0.007148,tau=24586173 n=11 g_3=84474 Av_11=39832326
24586173,12,2440324,476561276,476561276,PASS,0.206367,tau=24586173 n=12 g_4=2440324 Av_12=476561276
24586317,11,84480,39832320,39832320,PASS,0.007597,tau=24586317 n=11 g_3=84480 Av_11=39832320
24586317,12,2440924,476560676,476560676,PASS,0.152942,tau=24586317 n=12 g_4=2440924 Av_12=476560676
24586713,11,84290,39832510,39832510,PASS,0.006958,tau=24586713 n=11 g_3=84290 Av_11=39832510
24586713,12,2430257,476571343,476571343,PASS,0.148449,tau=24586713 n=12 g_4=2430257 Av_12=476571343
24587136,11,84398,39832402,39832402,PASS,0.007721,tau=24587136 n=11 g_3=84398 Av_11=39832402
24587136,12,2436953,476564647,476564647,PASS,0.193360,tau=24587136 n=12 g_4=2436953 Av_12=476564647
24587163,11,84396,39832404,39832404,PASS,0.007446,tau=24587163 n=11 g_3=84396 Av_11=39832404
24587163,12,2436749,476564851,476564851,PASS,0.218672,tau=24587163 n=12 g_4=2436749 Av_12=476564851
24587316,11,84398,39832402,39832402,PASS,0.007085,tau=24587316 n=11 g_3=84398 Av_11=39832402
24587316,12,2437014,476564586,476564586,PASS,0.150829,tau=24587316 n=12 g_4=2437014 Av_12=476564586
24587613,11,84204,39832596,39832596,PASS,0.007935,tau=24587613 n=11 g_3=84204 Av_11=39832596
24587613,12,2425903,476575697,476575697,PASS,0.149123,tau=24587613 n=12 g_4=2425903 Av_12=476575697
24613875,11,84477,39832323,39832323,PASS,0.009083,tau=24613875 n=11 g_3=84477 Av_11=39832323
24613875,12,2440543,476561057,476561057,PASS,0.189545,tau=24613875 n=12 g_4=2440543 Av_12=476561057
24615837,11,84574,39832226,39832226,PASS,0.009524,tau=24615837 n=11 g_3=84574 Av_11=39832226
24615837,12,2446059,476555541,476555541,PASS,0.186447,tau=24615837 n=12 g_4=2446059 Av_12=476555541
24615873,11,84481,39832319,39832319,PASS,0.008737,tau=24615873 n=11 g_3=84481 Av_11=39832319
24615873,12,2441011,476560589,476560589,PASS,0.182944,tau=24615873 n=12 g_4=2441011 Av_12=476560589
24617385,11,84480,39832320,39832320,PASS,0.006995,tau=24617385 n=11 g_3=84480 Av_11=39832320
24617385,12,2440964,476560636,476560636,PASS,0.157015,tau=24617385 n=12 g_4=2440964 Av_12=476560636
24617583,11,84570,39832230,39832230,PASS,0.007323,tau=24617583 n=11 g_3=84570 Av_11=39832230
24617583,12,2445703,476555897,476555897,PASS,0.176510,tau=24617583 n=12 g_4=2445703 Av_12=476555897
24617835,11,84477,39832323,39832323,PASS,0.014218,tau=24617835 n=11 g_3=84477 Av_11=39832323
24617835,12,2440631,476560969,476560969,PASS,0.212369,tau=24617835 n=12 g_4=2440631 Av_12=476560969
24617853,11,84481,39832319,39832319,PASS,0.010000,tau=24617853 n=11 g_3=84481 Av_11=39832319
24617853,12,2441037,476560563,476560563,PASS,0.181049,tau=24617853 n=12 g_4=2441037 Av_12=476560563
24618357,11,84481,39832319,39832319,PASS,0.006985,tau=24618357 n=11 g_3=84481 Av_11=39832319
24618357,12,2441037,476560563,476560563,PASS,0.213975,tau=24618357 n=12 g_4=2441037 Av_12=476560563
24618375,11,84572,39832228,39832228,PASS,0.007016,tau=24618375 n=11 g_3=84572 Av_11=39832228
24618375,12,2445903,476555697,476555697,PASS,0.222856,tau=24618375 n=12 g_4=2445903 Av_12=476555697
24618537,11,84580,39832220,39832220,PASS,0.010373,tau=24618537 n=11 g_3=84580 Av_11=39832220
24618537,12,2446703,476554897,476554897,PASS,0.239215,tau=24618537 n=12 g_4=2446703 Av_12=476554897
24618573,11,84570,39832230,39832230,PASS,0.010079,tau=24618573 n=11 g_3=84570 Av_11=39832230
24618573,12,2445711,476555889,476555889,PASS,0.233569,tau=24618573 n=12 g_4=2445711 Av_12=476555889
24618735,11,84481,39832319,39832319,PASS,0.010252,tau=24618735 n=11 g_3=84481 Av_11=39832319
24618735,12,2441042,476560558,476560558,PASS,0.237987,tau=24618735 n=12 g_4=2441042 Av_12=476560558
24618753,11,84481,39832319,39832319,PASS,0.010341,tau=24618753 n=11 g_3=84481 Av_11=39832319
24618753,12,2441024,476560576,476560576,PASS,0.222866,tau=24618753 n=12 g_4=2441024 Av_12=476560576
24631875,11,84475,39832325,39832325,PASS,0.009987,tau=24631875 n=11 g_3=84475 Av_11=39832325
24631875,12,2440375,476561225,476561225,PASS,0.217750,tau=24631875 n=12 g_4=2440375 Av_12=476561225
24635817,11,84382,39832418,39832418,PASS,0.009990,tau=24635817 n=11 g_3=84382 Av_11=39832418
24635817,12,2435275,476566325,476566325,PASS,0.179764,tau=24635817 n=12 g_4=2435275 Av_12=476566325
24637815,11,84481,39832319,39832319,PASS,0.010649,tau=24637815 n=11 g_3=84481 Av_11=39832319
24637815,12,2441051,476560549,476560549,PASS,0.180156,tau=24637815 n=12 g_4=2441051 Av_12=476560549
24638157,11,84570,39832230,39832230,PASS,0.009775,tau=24638157 n=11 g_3=84570 Av_11=39832230
24638157,12,2445753,476555847,476555847,PASS,0.238801,tau=24638157 n=12 g_4=2445753 Av_12=476555847
24638175,11,84568,39832232,39832232,PASS,0.007189,tau=24638175 n=11 g_3=84568 Av_11=39832232
24638175,12,2445546,476556054,476556054,PASS,0.180174,tau=24638175 n=12 g_4=2445546 Av_12=476556054
24638517,11,84560,39832240,39832240,PASS,0.010285,tau=24638517 n=11 g_3=84560 Av_11=39832240
24638517,12,2444699,476556901,476556901,PASS,0.195116,tau=24638517 n=12 g_4=2444699 Av_12=476556901
24638715,11,84481,39832319,39832319,PASS,0.010721,tau=24638715 n=11 g_3=84481 Av_11=39832319
24638715,12,2441079,476560521,476560521,PASS,0.240295,tau=24638715 n=12 g_4=2441079 Av_12=476560521
24651837,11,84400,39832400,39832400,PASS,0.010325,tau=24651837 n=11 g_3=84400 Av_11=39832400
24651837,12,2437134,476564466,476564466,PASS,0.182025,tau=24651837 n=12 g_4=2437134 Av_12=476564466
24651873,11,84305,39832495,39832495,PASS,0.010487,tau=24651873 n=11 g_3=84305 Av_11=39832495
24651873,12,2431861,476569739,476569739,PASS,0.171624,tau=24651873 n=12 g_4=2431861 Av_12=476569739
24653817,11,84382,39832418,39832418,PASS,0.010018,tau=24653817 n=11 g_3=84382 Av_11=39832418
24653817,12,2435301,476566299,476566299,PASS,0.171002,tau=24653817 n=12 g_4=2435301 Av_12=476566299
24657183,11,84294,39832506,39832506,PASS,0.009665,tau=24657183 n=11 g_3=84294 Av_11=39832506
24657183,12,2430724,476570876,476570876,PASS,0.148784,tau=24657183 n=12 g_4=2430724 Av_12=476570876
24657813,11,84200,39832600,39832600,PASS,0.007806,tau=24657813 n=11 g_3=84200 Av_11=39832600
24657813,12,2425473,476576127,476576127,PASS,0.154434,tau=24657813 n=12 g_4=2425473 Av_12=476576127
24658137,11,84396,39832404,39832404,PASS,0.007090,tau=24658137 n=11 g_3=84396 Av_11=39832404
24658137,12,2436754,476564846,476564846,PASS,0.205927,tau=24658137 n=12 g_4=2436754 Av_12=476564846
24658173,11,84390,39832410,39832410,PASS,0.007105,tau=24658173 n=11 g_3=84390 Av_11=39832410
24658173,12,2436150,476565450,476565450,PASS,0.222553,tau=24658173 n=12 g_4=2436150 Av_12=476565450
24658317,11,84396,39832404,39832404,PASS,0.006861,tau=24658317 n=11 g_3=84396 Av_11=39832404
24658317,12,2436755,476564845,476564845,PASS,0.173144,tau=24658317 n=12 g_4=2436755 Av_12=476564845
24658713,11,84201,39832599,39832599,PASS,0.007654,tau=24658713 n=11 g_3=84201 Av_11=39832599
24658713,12,2425574,476576026,476576026,PASS,0.220270,tau=24658713 n=12 g_4=2425574 Av_12=476576026
24671385,11,84480,39832320,39832320,PASS,0.010549,tau=24671385 n=11 g_3=84480 Av_11=39832320
24671385,12,2440945,476560655,476560655,PASS,0.178371,tau=24671385 n=12 g_4=2440945 Av_12=476560655
24671583,11,84490,39832310,39832310,PASS,0.010300,tau=24671583 n=11 g_3=84490 Av_11=39832310
24671583,12,2441919,476559681,476559681,PASS,0.241161,tau=24671583 n=12 g_4=2441919 Av_12=476559681
24671835,11,84388,39832412,39832412,PASS,0.010300,tau=24671835 n=11 g_3=84388 Av_11=39832412
24671835,12,2435942,476565658,476565658,PASS,0.210038,tau=24671835 n=12 g_4=2435942 Av_12=476565658
24671853,11,84480,39832320,39832320,PASS,0.010008,tau=24671853 n=11 g_3=84480 Av_11=39832320
24671853,12,2440924,476560676,476560676,PASS,0.239811,tau=24671853 n=12 g_4=2440924 Av_12=476560676
24673185,11,84483,39832317,39832317,PASS,0.007354,tau=24673185 n=11 g_3=84483 Av_11=39832317
24673185,12,2441244,476560356,476560356,PASS,0.208025,tau=24673185 n=12 g_4=2441244 Av_12=476560356
24673815,11,84484,39832316,39832316,PASS,0.010337,tau=24673815 n=11 g_3=84484 Av_11=39832316
24673815,12,2441329,476560271,476560271,PASS,0.178854,tau=24673815 n=12 g_4=2441329 Av_12=476560271
24675183,11,84390,39832410,39832410,PASS,0.010936,tau=24675183 n=11 g_3=84390 Av_11=39832410
24675183,12,2436156,476565444,476565444,PASS,0.227175,tau=24675183 n=12 g_4=2436156 Av_12=476565444
24675813,11,84372,39832428,39832428,PASS,0.007436,tau=24675813 n=11 g_3=84372 Av_11=39832428
24675813,12,2434284,476567316,476567316,PASS,0.193372,tau=24675813 n=12 g_4=2434284 Av_12=476567316
24678135,11,84291,39832509,39832509,PASS,0.007096,tau=24678135 n=11 g_3=84291 Av_11=39832509
24678135,12,2430410,476571190,476571190,PASS,0.169379,tau=24678135 n=12 g_4=2430410 Av_12=476571190
24678153,11,84384,39832416,39832416,PASS,0.007166,tau=24678153 n=11 g_3=84384 Av_11=39832416
24678153,12,2435508,476566092,476566092,PASS,0.203265,tau=24678153 n=12 g_4=2435508 Av_12=476566092
24678315,11,84381,39832419,39832419,PASS,0.007698,tau=24678315 n=11 g_3=84381 Av_11=39832419
24678315,12,2435220,476566380,476566380,PASS,0.195403,tau=24678315 n=12 g_4=2435220 Av_12=476566380
24678513,11,84292,39832508,39832508,PASS,0.010651,tau=24678513 n=11 g_3=84292 Av_11=39832508
24678513,12,2430455,476571145,476571145,PASS,0.176368,tau=24678513 n=12 g_4=2430455 Av_12=476571145
24681357,11,84473,39832327,39832327,PASS,0.010183,tau=24681357 n=11 g_3=84473 Av_11=39832327
24681357,12,2440244,476561356,476561356,PASS,0.175673,tau=24681357 n=12 g_4=2440244 Av_12=476561356
24681375,11,84572,39832228,39832228,PASS,0.010187,tau=24681375 n=11 g_3=84572 Av_11=39832228
24681375,12,2445931,476555669,476555669,PASS,0.152936,tau=24681375 n=12 g_4=2445931 Av_12=476555669
24681537,11,84574,39832226,39832226,PASS,0.007141,tau=24681537 n=11 g_3=84574 Av_11=39832226
24681537,12,2446150,476555450,476555450,PASS,0.148046,tau=24681537 n=12 g_4=2446150 Av_12=476555450
24681573,11,84574,39832226,39832226,PASS,0.007072,tau=24681573 n=11 g_3=84574 Av_11=39832226
24681573,12,2446143,476555457,476555457,PASS,0.159294,tau=24681573 n=12 g_4=2446143 Av_12=476555457
24681735,11,84565,39832235,39832235,PASS,0.007055,tau=24681735 n=11 g_3=84565 Av_11=39832235
24681735,12,2445263,476556337,476556337,PASS,0.156888,tau=24681735 n=12 g_4=2445263 Av_12=476556337
24681753,11,84566,39832234,39832234,PASS,0.006818,tau=24681753 n=11 g_3=84566 Av_11=39832234
24681753,12,2445368,476556232,476556232,PASS,0.161096,tau=24681753 n=12 g_4=2445368 Av_12=476556232
24683157,11,84566,39832234,39832234,PASS,0.007020,tau=24683157 n=11 g_3=84566 Av_11=39832234
24683157,12,2445345,476556255,476556255,PASS,0.148622,tau=24683157 n=12 g_4=2445345 Av_12=476556255
24683175,11,84574,39832226,39832226,PASS,0.007761,tau=24683175 n=11 g_3=84574 Av_11=39832226
24683175,12,2446185,476555415,476555415,PASS,0.157731,tau=24683175 n=12 g_4=2446185 Av_12=476555415
24683517,11,84566,39832234,39832234,PASS,0.007120,tau=24683517 n=11 g_3=84566 Av_11=39832234
24683517,12,2445299,476556301,476556301,PASS,0.212317,tau=24683517 n=12 g_4=2445299 Av_12=476556301
24683715,11,84576,39832224,39832224,PASS,0.008254,tau=24683715 n=11 g_3=84576 Av_11=39832224
24683715,12,2446325,476555275,476555275,PASS,0.157543,tau=24683715 n=12 g_4=2446325 Av_12=476555275
24685137,11,84568,39832232,39832232,PASS,0.011964,tau=24685137 n=11 g_3=84568 Av_11=39832232
24685137,12,2445554,476556046,476556046,PASS,0.203036,tau=24685137 n=12 g_4=2445554 Av_12=476556046
24685173,11,84562,39832238,39832238,PASS,0.007634,tau=24685173 n=11 g_3=84562 Av_11=39832238
24685173,12,2444948,476556652,476556652,PASS,0.153963,tau=24685173 n=12 g_4=2444948 Av_12=476556652
24685317,11,84564,39832236,39832236,PASS,0.007000,tau=24685317 n=11 g_3=84564 Av_11=39832236
24685317,12,2445132,476556468,476556468,PASS,0.167716,tau=24685317 n=12 g_4=2445132 Av_12=476556468
24685713,11,84374,39832426,39832426,PASS,0.007602,tau=24685713 n=11 g_3=84374 Av_11=39832426
24685713,12,2434488,476567112,476567112,PASS,0.171907,tau=24685713 n=12 g_4=2434488 Av_12=476567112
24687135,11,84382,39832418,39832418,PASS,0.007262,tau=24687135 n=11 g_3=84382 Av_11=39832418
24687135,12,2435335,476566265,476566265,PASS,0.149545,tau=24687135 n=12 g_4=2435335 Av_12=476566265
24687153,11,84394,39832406,39832406,PASS,0.007791,tau=24687153 n=11 g_3=84394 Av_11=39832406
24687153,12,2436546,476565054,476565054,PASS,0.148675,tau=24687153 n=12 g_4=2436546 Av_12=476565054
24687315,11,84394,39832406,39832406,PASS,0.007541,tau=24687315 n=11 g_3=84394 Av_11=39832406
24687315,12,2436540,476565060,476565060,PASS,0.191542,tau=24687315 n=12 g_4=2436540 Av_12=476565060
24687513,11,84378,39832422,39832422,PASS,0.007287,tau=24687513 n=11 g_3=84378 Av_11=39832422
24687513,12,2434888,476566712,476566712,PASS,0.167183,tau=24687513 n=12 g_4=2434888 Av_12=476566712
24713586,11,84565,39832235,39832235,PASS,0.008312,tau=24713586 n=11 g_3=84565 Av_11=39832235
24713586,12,2445183,476556417,476556417,PASS,0.209031,tau=24713586 n=12 g_4=2445183 Av_12=476556417
24713685,11,84569,39832231,39832231,PASS,0.007102,tau=24713685 n=11 g_3=84569 Av_11=39832231
24713685,12,2445599,476556001,476556001,PASS,0.150858,tau=24713685 n=12 g_4=2445599 Av_12=476556001
24713856,11,84486,39832314,39832314,PASS,0.007708,tau=24713856 n=11 g_3=84486 Av_11=39832314
24713856,12,2441491,476560109,476560109,PASS,0.222155,tau=24713856 n=12 g_4=2441491 Av_12=476560109
24713865,11,84486,39832314,39832314,PASS,0.008067,tau=24713865 n=11 g_3=84486 Av_11=39832314
24713865,12,2441508,476560092,476560092,PASS,0.190959,tau=24713865 n=12 g_4=2441508 Av_12=476560092
24715386,11,84579,39832221,39832221,PASS,0.007462,tau=24715386 n=11 g_3=84579 Av_11=39832221
24715386,12,2446550,476555050,476555050,PASS,0.210526,tau=24715386 n=12 g_4=2446550 Av_12=476555050
24715683,11,84492,39832308,39832308,PASS,0.007645,tau=24715683 n=11 g_3=84492 Av_11=39832308
24715683,12,2442175,476559425,476559425,PASS,0.187840,tau=24715683 n=12 g_4=2442175 Av_12=476559425
24715836,11,84589,39832211,39832211,PASS,0.007510,tau=24715836 n=11 g_3=84589 Av_11=39832211
24715836,12,2447544,476554056,476554056,PASS,0.175401,tau=24715836 n=12 g_4=2447544 Av_12=476554056
24715863,11,84576,39832224,39832224,PASS,0.008917,tau=24715863 n=11 g_3=84576 Av_11=39832224
24715863,12,2446324,476555276,476555276,PASS,0.152223,tau=24715863 n=12 g_4=2446324 Av_12=476555276
24716385,11,84583,39832217,39832217,PASS,0.007778,tau=24716385 n=11 g_3=84583 Av_11=39832217
24716385,12,2446997,476554603,476554603,PASS,0.160918,tau=24716385 n=12 g_4=2446997 Av_12=476554603
24716583,11,84486,39832314,39832314,PASS,0.007239,tau=24716583 n=11 g_3=84486 Av_11=39832314
24716583,12,2441552,476560048,476560048,PASS,0.192939,tau=24716583 n=12 g_4=2441552 Av_12=476560048
24716835,11,84574,39832226,39832226,PASS,0.007650,tau=24716835 n=11 g_3=84574 Av_11=39832226
24716835,12,2446165,476555435,476555435,PASS,0.155397,tau=24716835 n=12 g_4=2446165 Av_12=476555435
24716853,11,84570,39832230,39832230,PASS,0.006769,tau=24716853 n=11 g_3=84570 Av_11=39832230
24716853,12,2445751,476555849,476555849,PASS,0.211661,tau=24716853 n=12 g_4=2445751 Av_12=476555849
24718356,11,84483,39832317,39832317,PASS,0.007797,tau=24718356 n=11 g_3=84483 Av_11=39832317
24718356,12,2441215,476560385,476560385,PASS,0.165149,tau=24718356 n=12 g_4=2441215 Av_12=476560385
24718365,11,84486,39832314,39832314,PASS,0.010319,tau=24718365 n=11 g_3=84486 Av_11=39832314
24718365,12,2441540,476560060,476560060,PASS,0.209322,tau=24718365 n=12 g_4=2441540 Av_12=476560060
24718536,11,84577,39832223,39832223,PASS,0.007432,tau=24718536 n=11 g_3=84577 Av_11=39832223
24718536,12,2446466,476555134,476555134,PASS,0.152016,tau=24718536 n=12 g_4=2446466 Av_12=476555134
24718563,11,84484,39832316,39832316,PASS,0.007927,tau=24718563 n=11 g_3=84484 Av_11=39832316
24718563,12,2441372,476560228,476560228,PASS,0.202370,tau=24718563 n=12 g_4=2441372 Av_12=476560228
24718635,11,84569,39832231,39832231,PASS,0.007911,tau=24718635 n=11 g_3=84569 Av_11=39832231
24718635,12,2445701,476555899,476555899,PASS,0.169537,tau=24718635 n=12 g_4=2445701 Av_12=476555899
24718653,11,84484,39832316,39832316,PASS,0.007564,tau=24718653 n=11 g_3=84484 Av_11=39832316
24718653,12,2441341,476560259,476560259,PASS,0.164276,tau=24718653 n=12 g_4=2441341 Av_12=476560259
24731586,11,84568,39832232,39832232,PASS,0.007291,tau=24731586 n=11 g_3=84568 Av_11=39832232
24731586,12,2445519,476556081,476556081,PASS,0.154033,tau=24731586 n=12 g_4=2445519 Av_12=476556081
24731685,11,84570,39832230,39832230,PASS,0.007427,tau=24731685 n=11 g_3=84570 Av_11=39832230
24731685,12,2445751,476555849,476555849,PASS,0.151820,tau=24731685 n=12 g_4=2445751 Av_12=476555849
24731856,11,84484,39832316,39832316,PASS,0.007602,tau=24731856 n=11 g_3=84484 Av_11=39832316
24731856,12,2441346,476560254,476560254,PASS,0.156177,tau=24731856 n=12 g_4=2441346 Av_12=476560254
24731865,11,84484,39832316,39832316,PASS,0.007198,tau=24731865 n=11 g_3=84484 Av_11=39832316
24731865,12,2441344,476560256,476560256,PASS,0.150978,tau=24731865 n=12 g_4=2441344 Av_12=476560256
24735186,11,84566,39832234,39832234,PASS,0.006651,tau=24735186 n=11 g_3=84566 Av_11=39832234
24735186,12,2445271,476556329,476556329,PASS,0.191372,tau=24735186 n=12 g_4=2445271 Av_12=476556329
24735816,11,84572,39832228,39832228,PASS,0.010723,tau=24735816 n=11 g_3=84572 Av_11=39832228
24735816,12,2445857,476555743,476555743,PASS,0.198501,tau=24735816 n=12 g_4=2445857 Av_12=476555743
24736185,11,84576,39832224,39832224,PASS,0.007463,tau=24736185 n=11 g_3=84576 Av_11=39832224
24736185,12,2446321,476555279,476555279,PASS,0.164544,tau=24736185 n=12 g_4=2446321 Av_12=476555279
24736815,11,84568,39832232,39832232,PASS,0.007083,tau=24736815 n=11 g_3=84568 Av_11=39832232
24736815,12,2445535,476556065,476556065,PASS,0.165429,tau=24736815 n=12 g_4=2445535 Av_12=476556065
24738156,11,84488,39832312,39832312,PASS,0.010555,tau=24738156 n=11 g_3=84488 Av_11=39832312
24738156,12,2441779,476559821,476559821,PASS,0.173787,tau=24738156 n=12 g_4=2441779 Av_12=476559821
24738165,11,84488,39832312,39832312,PASS,0.007489,tau=24738165 n=11 g_3=84488 Av_11=39832312
24738165,12,2441766,476559834,476559834,PASS,0.210929,tau=24738165 n=12 g_4=2441766 Av_12=476559834
24738516,11,84574,39832226,39832226,PASS,0.008985,tau=24738516 n=11 g_3=84574 Av_11=39832226
24738516,12,2446099,476555501,476555501,PASS,0.157669,tau=24738516 n=12 g_4=2446099 Av_12=476555501
24738615,11,84568,39832232,39832232,PASS,0.007592,tau=24738615 n=11 g_3=84568 Av_11=39832232
24738615,12,2445563,476556037,476556037,PASS,0.204972,tau=24738615 n=12 g_4=2445563 Av_12=476556037
24751386,11,84568,39832232,39832232,PASS,0.006982,tau=24751386 n=11 g_3=84568 Av_11=39832232
24751386,12,2445527,476556073,476556073,PASS,0.202554,tau=24751386 n=12 g_4=2445527 Av_12=476556073
24751683,11,84570,39832230,39832230,PASS,0.007289,tau=24751683 n=11 g_3=84570 Av_11=39832230
24751683,12,2445781,476555819,476555819,PASS,0.187991,tau=24751683 n=12 g_4=2445781 Av_12=476555819
24751836,11,84578,39832222,39832222,PASS,0.011854,tau=24751836 n=11 g_3=84578 Av_11=39832222
24751836,12,2446559,476555041,476555041,PASS,0.206757,tau=24751836 n=12 g_4=2446559 Av_12=476555041
24751863,11,84570,39832230,39832230,PASS,0.011335,tau=24751863 n=11 g_3=84570 Av_11=39832230
24751863,12,2445747,476555853,476555853,PASS,0.210480,tau=24751863 n=12 g_4=2445747 Av_12=476555853
24753186,11,84564,39832236,39832236,PASS,0.007780,tau=24753186 n=11 g_3=84564 Av_11=39832236
24753186,12,2445089,476556511,476556511,PASS,0.203579,tau=24753186 n=12 g_4=2445089 Av_12=476556511
24753816,11,84572,39832228,39832228,PASS,0.007199,tau=24753816 n=11 g_3=84572 Av_11=39832228
24753816,12,2445897,476555703,476555703,PASS,0.181486,tau=24753816 n=12 g_4=2445897 Av_12=476555703
24756183,11,84391,39832409,39832409,PASS,0.011594,tau=24756183 n=11 g_3=84391 Av_11=39832409
24756183,12,2436256,476565344,476565344,PASS,0.195634,tau=24756183 n=12 g_4=2436256 Av_12=476565344
24756813,11,84375,39832425,39832425,PASS,0.007354,tau=24756813 n=11 g_3=84375 Av_11=39832425
24756813,12,2434596,476567004,476567004,PASS,0.188714,tau=24756813 n=12 g_4=2434596 Av_12=476567004
24758136,11,84565,39832235,39832235,PASS,0.008321,tau=24758136 n=11 g_3=84565 Av_11=39832235
24758136,12,2445244,476556356,476556356,PASS,0.212186,tau=24758136 n=12 g_4=2445244 Av_12=476556356
24758163,11,84566,39832234,39832234,PASS,0.010244,tau=24758163 n=11 g_3=84566 Av_11=39832234
24758163,12,2445315,476556285,476556285,PASS,0.178417,tau=24758163 n=12 g_4=2445315 Av_12=476556285
24758316,11,84568,39832232,39832232,PASS,0.010530,tau=24758316 n=11 g_3=84568 Av_11=39832232
24758316,12,2445556,476556044,476556044,PASS,0.209477,tau=24758316 n=12 g_4=2445556 Av_12=476556044
24758613,11,84374,39832426,39832426,PASS,0.006904,tau=24758613 n=11 g_3=84374 Av_11=39832426
24758613,12,2434471,476567129,476567129,PASS,0.150283,tau=24758613 n=12 g_4=2434471 Av_12=476567129
24761385,11,84491,39832309,39832309,PASS,0.010581,tau=24761385 n=11 g_3=84491 Av_11=39832309
24761385,12,2442070,476559530,476559530,PASS,0.185760,tau=24761385 n=12 g_4=2442070 Av_12=476559530
24761583,11,84486,39832314,39832314,PASS,0.010071,tau=24761583 n=11 g_3=84486 Av_11=39832314
24761583,12,2441600,476560000,476560000,PASS,0.179752,tau=24761583 n=12 g_4=2441600 Av_12=476560000
24761835,11,84483,39832317,39832317,PASS,0.007238,tau=24761835 n=11 g_3=84483 Av_11=39832317
24761835,12,2441268,476560332,476560332,PASS,0.204110,tau=24761835 n=12 g_4=2441268 Av_12=476560332
24761853,11,84488,39832312,39832312,PASS,0.008094,tau=24761853 n=11 g_3=84488 Av_11=39832312
24761853,12,2441775,476559825,476559825,PASS,0.213906,tau=24761853 n=12 g_4=2441775 Av_12=476559825
24763185,11,84490,39832310,39832310,PASS,0.007351,tau=24763185 n=11 g_3=84490 Av_11=39832310
24763185,12,2441971,476559629,476559629,PASS,0.195159,tau=24763185 n=12 g_4=2441971 Av_12=476559629
24763815,11,84491,39832309,39832309,PASS,0.008211,tau=24763815 n=11 g_3=84491 Av_11=39832309
24763815,12,2442081,476559519,476559519,PASS,0.205058,tau=24763815 n=12 g_4=2442081 Av_12=476559519
24765183,11,84303,39832497,39832497,PASS,0.010451,tau=24765183 n=11 g_3=84303 Av_11=39832497
24765183,12,2431661,476569939,476569939,PASS,0.184029,tau=24765183 n=12 g_4=2431661 Av_12=476569939
24765813,11,84205,39832595,39832595,PASS,0.011394,tau=24765813 n=11 g_3=84205 Av_11=39832595
24765813,12,2425998,476575602,476575602,PASS,0.274796,tau=24765813 n=12 g_4=2425998 Av_12=476575602
24768135,11,84385,39832415,39832415,PASS,0.010268,tau=24768135 n=11 g_3=84385 Av_11=39832415
24768135,12,2435639,476565961,476565961,PASS,0.164225,tau=24768135 n=12 g_4=2435639 Av_12=476565961
24768153,11,84394,39832406,39832406,PASS,0.007200,tau=24768153 n=11 g_3=84394 Av_11=39832406
24768153,12,2436553,476565047,476565047,PASS,0.157379,tau=24768153 n=12 g_4=2436553 Av_12=476565047
24768315,11,84394,39832406,39832406,PASS,0.007152,tau=24768315 n=11 g_3=84394 Av_11=39832406
24768315,12,2436570,476565030,476565030,PASS,0.162877,tau=24768315 n=12 g_4=2436570 Av_12=476565030
24768513,11,84378,39832422,39832422,PASS,0.008141,tau=24768513 n=11 g_3=84378 Av_11=39832422
24768513,12,2434887,476566713,476566713,PASS,0.169208,tau=24768513 n=12 g_4=2434887 Av_12=476566713
24781356,11,84393,39832407,39832407,PASS,0.007898,tau=24781356 n=11 g_3=84393 Av_11=39832407
24781356,12,2436428,476565172,476565172,PASS,0.225184,tau=24781356 n=12 g_4=2436428 Av_12=476565172
24781365,11,84395,39832405,39832405,PASS,0.010386,tau=24781365 n=11 g_3=84395 Av_11=39832405
24781365,12,2436663,476564937,476564937,PASS,0.235616,tau=24781365 n=12 g_4=2436663 Av_12=476564937
24781536,11,84485,39832315,39832315,PASS,0.007332,tau=24781536 n=11 g_3=84485 Av_11=39832315
24781536,12,2441480,476560120,476560120,PASS,0.198157,tau=24781536 n=12 g_4=2441480 Av_12=476560120
24781563,11,84399,39832401,39832401,PASS,0.010171,tau=24781563 n=11 g_3=84399 Av_11=39832401
24781563,12,2437092,476564508,476564508,PASS,0.176344,tau=24781563 n=12 g_4=2437092 Av_12=476564508
24781635,11,84483,39832317,39832317,PASS,0.010494,tau=24781635 n=11 g_3=84483 Av_11=39832317
24781635,12,2441289,476560311,476560311,PASS,0.166174,tau=24781635 n=12 g_4=2441289 Av_12=476560311
24781653,11,84397,39832403,39832403,PASS,0.008059,tau=24781653 n=11 g_3=84397 Av_11=39832403
24781653,12,2436870,476564730,476564730,PASS,0.184506,tau=24781653 n=12 g_4=2436870 Av_12=476564730
24783156,11,84400,39832400,39832400,PASS,0.007050,tau=24783156 n=11 g_3=84400 Av_11=39832400
24783156,12,2437155,476564445,476564445,PASS,0.148458,tau=24783156 n=12 g_4=2437155 Av_12=476564445
24783165,11,84400,39832400,39832400,PASS,0.007116,tau=24783165 n=11 g_3=84400 Av_11=39832400
24783165,12,2437165,476564435,476564435,PASS,0.151274,tau=24783165 n=12 g_4=2437165 Av_12=476564435
24783516,11,84488,39832312,39832312,PASS,0.007563,tau=24783516 n=11 g_3=84488 Av_11=39832312
24783516,12,2441726,476559874,476559874,PASS,0.227115,tau=24783516 n=12 g_4=2441726 Av_12=476559874
24783615,11,84488,39832312,39832312,PASS,0.007182,tau=24783615 n=11 g_3=84488 Av_11=39832312
24783615,12,2441729,476559871,476559871,PASS,0.147677,tau=24783615 n=12 g_4=2441729 Av_12=476559871
24785136,11,84488,39832312,39832312,PASS,0.010440,tau=24785136 n=11 g_3=84488 Av_11=39832312
24785136,12,2441735,476559865,476559865,PASS,0.221660,tau=24785136 n=12 g_4=2441735 Av_12=476559865
24785163,11,84486,39832314,39832314,PASS,0.008156,tau=24785163 n=11 g_3=84486 Av_11=39832314
24785163,12,2441503,476560097,476560097,PASS,0.182614,tau=24785163 n=12 g_4=2441503 Av_12=476560097
24785316,11,84486,39832314,39832314,PASS,0.007326,tau=24785316 n=11 g_3=84486 Av_11=39832314
24785316,12,2441541,476560059,476560059,PASS,0.160802,tau=24785316 n=12 g_4=2441541 Av_12=476560059
24785613,11,84295,39832505,39832505,PASS,0.010466,tau=24785613 n=11 g_3=84295 Av_11=39832505
24785613,12,2430775,476570825,476570825,PASS,0.170633,tau=24785613 n=12 g_4=2430775 Av_12=476570825
24786135,11,84392,39832408,39832408,PASS,0.008057,tau=24786135 n=11 g_3=84392 Av_11=39832408
24786135,12,2436334,476565266,476565266,PASS,0.187901,tau=24786135 n=12 g_4=2436334 Av_12=476565266
24786153,11,84394,39832406,39832406,PASS,0.007426,tau=24786153 n=11 g_3=84394 Av_11=39832406
24786153,12,2436566,476565034,476565034,PASS,0.220804,tau=24786153 n=12 g_4=2436566 Av_12=476565034
24786315,11,84398,39832402,39832402,PASS,0.010379,tau=24786315 n=11 g_3=84398 Av_11=39832402
24786315,12,2436977,476564623,476564623,PASS,0.209963,tau=24786315 n=12 g_4=2436977 Av_12=476564623
24786513,11,84294,39832506,39832506,PASS,0.008611,tau=24786513 n=11 g_3=84294 Av_11=39832506
24786513,12,2430704,476570896,476570896,PASS,0.170914,tau=24786513 n=12 g_4=2430704 Av_12=476570896
24813576,11,84390,39832410,39832410,PASS,0.007047,tau=24813576 n=11 g_3=84390 Av_11=39832410
24813576,12,2436131,476565469,476565469,PASS,0.170329,tau=24813576 n=12 g_4=2436131 Av_12=476565469
24813675,11,84394,39832406,39832406,PASS,0.007034,tau=24813675 n=11 g_3=84394 Av_11=39832406
24813675,12,2436539,476565061,476565061,PASS,0.176694,tau=24813675 n=12 g_4=2436539 Av_12=476565061
24813756,11,84394,39832406,39832406,PASS,0.010295,tau=24813756 n=11 g_3=84394 Av_11=39832406
24813756,12,2436533,476565067,476565067,PASS,0.165828,tau=24813756 n=12 g_4=2436533 Av_12=476565067
24813765,11,84386,39832414,39832414,PASS,0.009258,tau=24813765 n=11 g_3=84386 Av_11=39832414
24813765,12,2435693,476565907,476565907,PASS,0.213895,tau=24813765 n=12 g_4=2435693 Av_12=476565907
24815376,11,84485,39832315,39832315,PASS,0.010319,tau=24815376 n=11 g_3=84485 Av_11=39832315
24815376,12,2441430,476560170,476560170,PASS,0.167207,tau=24815376 n=12 g_4=2441430 Av_12=476560170
24815637,11,84493,39832307,39832307,PASS,0.007380,tau=24815637 n=11 g_3=84493 Av_11=39832307
24815637,12,2442302,476559298,476559298,PASS,0.180225,tau=24815637 n=12 g_4=2442302 Av_12=476559298
24815673,11,84395,39832405,39832405,PASS,0.007053,tau=24815673 n=11 g_3=84395 Av_11=39832405
24815673,12,2436710,476564890,476564890,PASS,0.197285,tau=24815673 n=12 g_4=2436710 Av_12=476564890
24815736,11,84575,39832225,39832225,PASS,0.009487,tau=24815736 n=11 g_3=84575 Av_11=39832225
24815736,12,2446268,476555332,476555332,PASS,0.200503,tau=24815736 n=12 g_4=2446268 Av_12=476555332
24815763,11,84404,39832396,39832396,PASS,0.008545,tau=24815763 n=11 g_3=84404 Av_11=39832396
24815763,12,2437601,476563999,476563999,PASS,0.158581,tau=24815763 n=12 g_4=2437601 Av_12=476563999
24816375,11,84573,39832227,39832227,PASS,0.007968,tau=24816375 n=11 g_3=84573 Av_11=39832227
24816375,12,2446032,476555568,476555568,PASS,0.162007,tau=24816375 n=12 g_4=2446032 Av_12=476555568
24816537,11,84489,39832311,39832311,PASS,0.007083,tau=24816537 n=11 g_3=84489 Av_11=39832311
24816537,12,2441869,476559731,476559731,PASS,0.148392,tau=24816537 n=12 g_4=2441869 Av_12=476559731
24816573,11,84404,39832396,39832396,PASS,0.007786,tau=24816573 n=11 g_3=84404 Av_11=39832396
24816573,12,2437609,476563991,476563991,PASS,0.163148,tau=24816573 n=12 g_4=2437609 Av_12=476563991
24816735,11,84484,39832316,39832316,PASS,0.007169,tau=24816735 n=11 g_3=84484 Av_11=39832316
24816735,12,2441371,476560229,476560229,PASS,0.173999,tau=24816735 n=12 g_4=2441371 Av_12=476560229
24816753,11,84396,39832404,39832404,PASS,0.010599,tau=24816753 n=11 g_3=84396 Av_11=39832404
24816753,12,2436772,476564828,476564828,PASS,0.189173,tau=24816753 n=12 g_4=2436772 Av_12=476564828
24817356,11,84485,39832315,39832315,PASS,0.010352,tau=24817356 n=11 g_3=84485 Av_11=39832315
24817356,12,2441471,476560129,476560129,PASS,0.193859,tau=24817356 n=12 g_4=2441471 Av_12=476560129
24817365,11,84487,39832313,39832313,PASS,0.007168,tau=24817365 n=11 g_3=84487 Av_11=39832313
24817365,12,2441613,476559987,476559987,PASS,0.161234,tau=24817365 n=12 g_4=2441613 Av_12=476559987
24817536,11,84570,39832230,39832230,PASS,0.007962,tau=24817536 n=11 g_3=84570 Av_11=39832230
24817536,12,2445769,476555831,476555831,PASS,0.157035,tau=24817536 n=12 g_4=2445769 Av_12=476555831
24817563,11,84396,39832404,39832404,PASS,0.010446,tau=24817563 n=11 g_3=84396 Av_11=39832404
24817563,12,2436771,476564829,476564829,PASS,0.187002,tau=24817563 n=12 g_4=2436771 Av_12=476564829
24817635,11,84485,39832315,39832315,PASS,0.010104,tau=24817635 n=11 g_3=84485 Av_11=39832315
24817635,12,2441438,476560162,476560162,PASS,0.174748,tau=24817635 n=12 g_4=2441438 Av_12=476560162
24817653,11,84385,39832415,39832415,PASS,0.008608,tau=24817653 n=11 g_3=84385 Av_11=39832415
24817653,12,2435593,476566007,476566007,PASS,0.178692,tau=24817653 n=12 g_4=2435593 Av_12=476566007
24831576,11,84390,39832410,39832410,PASS,0.007159,tau=24831576 n=11 g_3=84390 Av_11=39832410
24831576,12,2436187,476565413,476565413,PASS,0.189232,tau=24831576 n=12 g_4=2436187 Av_12=476565413
24831675,11,84392,39832408,39832408,PASS,0.010453,tau=24831675 n=11 g_3=84392 Av_11=39832408
24831675,12,2436405,476565195,476565195,PASS,0.216773,tau=24831675 n=12 g_4=2436405 Av_12=476565195
24831756,11,84392,39832408,39832408,PASS,0.008146,tau=24831756 n=11 g_3=84392 Av_11=39832408
24831756,12,2436397,476565203,476565203,PASS,0.191586,tau=24831756 n=12 g_4=2436397 Av_12=476565203
24831765,11,84387,39832413,39832413,PASS,0.008318,tau=24831765 n=11 g_3=84387 Av_11=39832413
24831765,12,2435807,476565793,476565793,PASS,0.234583,tau=24831765 n=12 g_4=2435807 Av_12=476565793
24835176,11,84479,39832321,39832321,PASS,0.011175,tau=24835176 n=11 g_3=84479 Av_11=39832321
24835176,12,2440874,476560726,476560726,PASS,0.174554,tau=24835176 n=12 g_4=2440874 Av_12=476560726
24835617,11,84479,39832321,39832321,PASS,0.010249,tau=24835617 n=11 g_3=84479 Av_11=39832321
24835617,12,2440817,476560783,476560783,PASS,0.241823,tau=24835617 n=12 g_4=2440817 Av_12=476560783
24835716,11,84566,39832234,39832234,PASS,0.007882,tau=24835716 n=11 g_3=84566 Av_11=39832234
24835716,12,2445334,476556266,476556266,PASS,0.176627,tau=24835716 n=12 g_4=2445334 Av_12=476556266
24836157,11,84570,39832230,39832230,PASS,0.013703,tau=24836157 n=11 g_3=84570 Av_11=39832230
24836157,12,2445729,476555871,476555871,PASS,0.166424,tau=24836157 n=12 g_4=2445729 Av_12=476555871
24836175,11,84572,39832228,39832228,PASS,0.010118,tau=24836175 n=11 g_3=84572 Av_11=39832228
24836175,12,2445978,476555622,476555622,PASS,0.216722,tau=24836175 n=12 g_4=2445978 Av_12=476555622
24836517,11,84479,39832321,39832321,PASS,0.007409,tau=24836517 n=11 g_3=84479 Av_11=39832321
24836517,12,2440838,476560762,476560762,PASS,0.199518,tau=24836517 n=12 g_4=2440838 Av_12=476560762
24836715,11,84485,39832315,39832315,PASS,0.007931,tau=24836715 n=11 g_3=84485 Av_11=39832315
24836715,12,2441456,476560144,476560144,PASS,0.186042,tau=24836715 n=12 g_4=2441456 Av_12=476560144
24837156,11,84484,39832316,39832316,PASS,0.009234,tau=24837156 n=11 g_3=84484 Av_11=39832316
24837156,12,2441362,476560238,476560238,PASS,0.221552,tau=24837156 n=12 g_4=2441362 Av_12=476560238
24837165,11,84475,39832325,39832325,PASS,0.007386,tau=24837165 n=11 g_3=84475 Av_11=39832325
24837165,12,2440421,476561179,476561179,PASS,0.195870,tau=24837165 n=12 g_4=2440421 Av_12=476561179
24837516,11,84564,39832236,39832236,PASS,0.010487,tau=24837516 n=11 g_3=84564 Av_11=39832236
24837516,12,2445157,476556443,476556443,PASS,0.233148,tau=24837516 n=12 g_4=2445157 Av_12=476556443
24837615,11,84479,39832321,39832321,PASS,0.010331,tau=24837615 n=11 g_3=84479 Av_11=39832321
24837615,12,2440839,476560761,476560761,PASS,0.241093,tau=24837615 n=12 g_4=2440839 Av_12=476560761
24851376,11,84486,39832314,39832314,PASS,0.010702,tau=24851376 n=11 g_3=84486 Av_11=39832314
24851376,12,2441566,476560034,476560034,PASS,0.204479,tau=24851376 n=12 g_4=2441566 Av_12=476560034
24851637,11,84574,39832226,39832226,PASS,0.010246,tau=24851637 n=11 g_3=84574 Av_11=39832226
24851637,12,2446176,476555424,476555424,PASS,0.215582,tau=24851637 n=12 g_4=2446176 Av_12=476555424
24851673,11,84488,39832312,39832312,PASS,0.007571,tau=24851673 n=11 g_3=84488 Av_11=39832312
24851673,12,2441767,476559833,476559833,PASS,0.214760,tau=24851673 n=12 g_4=2441767 Av_12=476559833
24851736,11,84584,39832216,39832216,PASS,0.007116,tau=24851736 n=11 g_3=84584 Av_11=39832216
24851736,12,2447135,476554465,476554465,PASS,0.149304,tau=24851736 n=12 g_4=2447135 Av_12=476554465
24851763,11,84491,39832309,39832309,PASS,0.006772,tau=24851763 n=11 g_3=84491 Av_11=39832309
24851763,12,2442074,476559526,476559526,PASS,0.162208,tau=24851763 n=12 g_4=2442074 Av_12=476559526
24853176,11,84482,39832318,39832318,PASS,0.007432,tau=24853176 n=11 g_3=84482 Av_11=39832318
24853176,12,2441156,476560444,476560444,PASS,0.157949,tau=24853176 n=12 g_4=2441156 Av_12=476560444
24853617,11,84570,39832230,39832230,PASS,0.008153,tau=24853617 n=11 g_3=84570 Av_11=39832230
24853617,12,2445724,476555876,476555876,PASS,0.188625,tau=24853617 n=12 g_4=2445724 Av_12=476555876
24853716,11,84576,39832224,39832224,PASS,0.008197,tau=24853716 n=11 g_3=84576 Av_11=39832224
24853716,12,2446325,476555275,476555275,PASS,0.163987,tau=24853716 n=12 g_4=2446325 Av_12=476555275
24856137,11,84485,39832315,39832315,PASS,0.009545,tau=24856137 n=11 g_3=84485 Av_11=39832315
24856137,12,2441468,476560132,476560132,PASS,0.189538,tau=24856137 n=12 g_4=2441468 Av_12=476560132
24856173,11,84482,39832318,39832318,PASS,0.008207,tau=24856173 n=11 g_3=84482 Av_11=39832318
24856173,12,2441129,476560471,476560471,PASS,0.213141,tau=24856173 n=12 g_4=2441129 Av_12=476560471
24856317,11,84483,39832317,39832317,PASS,0.010103,tau=24856317 n=11 g_3=84483 Av_11=39832317
24856317,12,2441261,476560339,476560339,PASS,0.174522,tau=24856317 n=12 g_4=2441261 Av_12=476560339
24856713,11,84293,39832507,39832507,PASS,0.009705,tau=24856713 n=11 g_3=84293 Av_11=39832507
24856713,12,2430559,476571041,476571041,PASS,0.201110,tau=24856713 n=12 g_4=2430559 Av_12=476571041
24857136,11,84571,39832229,39832229,PASS,0.008136,tau=24857136 n=11 g_3=84571 Av_11=39832229
24857136,12,2445848,476555752,476555752,PASS,0.154555,tau=24857136 n=12 g_4=2445848 Av_12=476555752
24857163,11,84568,39832232,39832232,PASS,0.007112,tau=24857163 n=11 g_3=84568 Av_11=39832232
24857163,12,2445548,476556052,476556052,PASS,0.192991,tau=24857163 n=12 g_4=2445548 Av_12=476556052
24857316,11,84572,39832228,39832228,PASS,0.012293,tau=24857316 n=11 g_3=84572 Av_11=39832228
24857316,12,2445958,476555642,476555642,PASS,0.212348,tau=24857316 n=12 g_4=2445958 Av_12=476555642
24857613,11,84378,39832422,39832422,PASS,0.007090,tau=24857613 n=11 g_3=84378 Av_11=39832422
24857613,12,2434897,476566703,476566703,PASS,0.180466,tau=24857613 n=12 g_4=2434897 Av_12=476566703
24861375,11,84580,39832220,39832220,PASS,0.011434,tau=24861375 n=11 g_3=84580 Av_11=39832220
24861375,12,2446729,476554871,476554871,PASS,0.211947,tau=24861375 n=12 g_4=2446729 Av_12=476554871
24861537,11,84580,39832220,39832220,PASS,0.007154,tau=24861537 n=11 g_3=84580 Av_11=39832220
24861537,12,2446764,476554836,476554836,PASS,0.159838,tau=24861537 n=12 g_4=2446764 Av_12=476554836
24861573,11,84576,39832224,39832224,PASS,0.007437,tau=24861573 n=11 g_3=84576 Av_11=39832224
24861573,12,2446413,476555187,476555187,PASS,0.191375,tau=24861573 n=12 g_4=2446413 Av_12=476555187
24861735,11,84570,39832230,39832230,PASS,0.010294,tau=24861735 n=11 g_3=84570 Av_11=39832230
24861735,12,2445729,476555871,476555871,PASS,0.185899,tau=24861735 n=12 g_4=2445729 Av_12=476555871
24861753,11,84568,39832232,39832232,PASS,0.010284,tau=24861753 n=11 g_3=84568 Av_11=39832232
24861753,12,2445570,476556030,476556030,PASS,0.189007,tau=24861753 n=12 g_4=2445570 Av_12=476556030
24863157,11,84578,39832222,39832222,PASS,0.007342,tau=24863157 n=11 g_3=84578 Av_11=39832222
24863157,12,2446517,476555083,476555083,PASS,0.229902,tau=24863157 n=12 g_4=2446517 Av_12=476555083
24863175,11,84579,39832221,39832221,PASS,0.010486,tau=24863175 n=11 g_3=84579 Av_11=39832221
24863175,12,2446657,476554943,476554943,PASS,0.226777,tau=24863175 n=12 g_4=2446657 Av_12=476554943
24863517,11,84570,39832230,39832230,PASS,0.006715,tau=24863517 n=11 g_3=84570 Av_11=39832230
24863517,12,2445722,476555878,476555878,PASS,0.151040,tau=24863517 n=12 g_4=2445722 Av_12=476555878
24863715,11,84581,39832219,39832219,PASS,0.007902,tau=24863715 n=11 g_3=84581 Av_11=39832219
24863715,12,2446818,476554782,476554782,PASS,0.164858,tau=24863715 n=12 g_4=2446818 Av_12=476554782
24865137,11,84485,39832315,39832315,PASS,0.010215,tau=24865137 n=11 g_3=84485 Av_11=39832315
24865137,12,2441483,476560117,476560117,PASS,0.219430,tau=24865137 n=12 g_4=2441483 Av_12=476560117
24865173,11,84487,39832313,39832313,PASS,0.007206,tau=24865173 n=11 g_3=84487 Av_11=39832313
24865173,12,2441657,476559943,476559943,PASS,0.190112,tau=24865173 n=12 g_4=2441657 Av_12=476559943
24865317,11,84482,39832318,39832318,PASS,0.010794,tau=24865317 n=11 g_3=84482 Av_11=39832318
24865317,12,2441128,476560472,476560472,PASS,0.246198,tau=24865317 n=12 g_4=2441128 Av_12=476560472
24865713,11,84380,39832420,39832420,PASS,0.006973,tau=24865713 n=11 g_3=84380 Av_11=39832420
24865713,12,2435104,476566496,476566496,PASS,0.212847,tau=24865713 n=12 g_4=2435104 Av_12=476566496
24867135,11,84390,39832410,39832410,PASS,0.010614,tau=24867135 n=11 g_3=84390 Av_11=39832410
24867135,12,2436125,476565475,476565475,PASS,0.200461,tau=24867135 n=12 g_4=2436125 Av_12=476565475
24867153,11,84394,39832406,39832406,PASS,0.010365,tau=24867153 n=11 g_3=84394 Av_11=39832406
24867153,12,2436563,476565037,476565037,PASS,0.181367,tau=24867153 n=12 g_4=2436563 Av_12=476565037
24867315,11,84398,39832402,39832402,PASS,0.009941,tau=24867315 n=11 g_3=84398 Av_11=39832402
24867315,12,2436953,476564647,476564647,PASS,0.186330,tau=24867315 n=12 g_4=2436953 Av_12=476564647
24867513,11,84292,39832508,39832508,PASS,0.010584,tau=24867513 n=11 g_3=84292 Av_11=39832508
24867513,12,2430504,476571096,476571096,PASS,0.236995,tau=24867513 n=12 g_4=2430504 Av_12=476571096
24871356,11,84397,39832403,39832403,PASS,0.010379,tau=24871356 n=11 g_3=84397 Av_11=39832403
24871356,12,2436864,476564736,476564736,PASS,0.208931,tau=24871356 n=12 g_4=2436864 Av_12=476564736
24871365,11,84398,39832402,39832402,PASS,0.007500,tau=24871365 n=11 g_3=84398 Av_11=39832402
24871365,12,2436985,476564615,476564615,PASS,0.170295,tau=24871365 n=12 g_4=2436985 Av_12=476564615
24871536,11,84487,39832313,39832313,PASS,0.007166,tau=24871536 n=11 g_3=84487 Av_11=39832313
24871536,12,2441697,476559903,476559903,PASS,0.150041,tau=24871536 n=12 g_4=2441697 Av_12=476559903
24871563,11,84399,39832401,39832401,PASS,0.008253,tau=24871563 n=11 g_3=84399 Av_11=39832401
24871563,12,2437124,476564476,476564476,PASS,0.151699,tau=24871563 n=12 g_4=2437124 Av_12=476564476
24871635,11,84484,39832316,39832316,PASS,0.007104,tau=24871635 n=11 g_3=84484 Av_11=39832316
24871635,12,2441391,476560209,476560209,PASS,0.159724,tau=24871635 n=12 g_4=2441391 Av_12=476560209
24871653,11,84395,39832405,39832405,PASS,0.006841,tau=24871653 n=11 g_3=84395 Av_11=39832405
24871653,12,2436627,476564973,476564973,PASS,0.151096,tau=24871653 n=12 g_4=2436627 Av_12=476564973
24873156,11,84400,39832400,39832400,PASS,0.006981,tau=24873156 n=11 g_3=84400 Av_11=39832400
24873156,12,2437223,476564377,476564377,PASS,0.180593,tau=24873156 n=12 g_4=2437223 Av_12=476564377
24873165,11,84400,39832400,39832400,PASS,0.007068,tau=24873165 n=11 g_3=84400 Av_11=39832400
24873165,12,2437213,476564387,476564387,PASS,0.158549,tau=24873165 n=12 g_4=2437213 Av_12=476564387
24873516,11,84490,39832310,39832310,PASS,0.008542,tau=24873516 n=11 g_3=84490 Av_11=39832310
24873516,12,2441946,476559654,476559654,PASS,0.226948,tau=24873516 n=12 g_4=2441946 Av_12=476559654
24873615,11,84490,39832310,39832310,PASS,0.007511,tau=24873615 n=11 g_3=84490 Av_11=39832310
24873615,12,2441909,476559691,476559691,PASS,0.169690,tau=24873615 n=12 g_4=2441909 Av_12=476559691
24875136,11,84486,39832314,39832314,PASS,0.010383,tau=24875136 n=11 g_3=84486 Av_11=39832314
24875136,12,2441533,476560067,476560067,PASS,0.231621,tau=24875136 n=12 g_4=2441533 Av_12=476560067
24875163,11,84482,39832318,39832318,PASS,0.007475,tau=24875163 n=11 g_3=84482 Av_11=39832318
24875163,12,2441122,476560478,476560478,PASS,0.184762,tau=24875163 n=12 g_4=2441122 Av_12=476560478
24875316,11,84482,39832318,39832318,PASS,0.007002,tau=24875316 n=11 g_3=84482 Av_11=39832318
24875316,12,2441140,476560460,476560460,PASS,0.155242,tau=24875316 n=12 g_4=2441140 Av_12=476560460
24875613,11,84294,39832506,39832506,PASS,0.010294,tau=24875613 n=11 g_3=84294 Av_11=39832506
24875613,12,2430697,476570903,476570903,PASS,0.188198,tau=24875613 n=12 g_4=2430697 Av_12=476570903
24876135,11,84389,39832411,39832411,PASS,0.009882,tau=24876135 n=11 g_3=84389 Av_11=39832411
24876135,12,2436025,476565575,476565575,PASS,0.241330,tau=24876135 n=12 g_4=2436025 Av_12=476565575
24876153,11,84387,39832413,39832413,PASS,0.010048,tau=24876153 n=11 g_3=84387 Av_11=39832413
24876153,12,2435846,476565754,476565754,PASS,0.241803,tau=24876153 n=12 g_4=2435846 Av_12=476565754
24876315,11,84393,39832407,39832407,PASS,0.007420,tau=24876315 n=11 g_3=84393 Av_11=39832407
24876315,12,2436469,476565131,476565131,PASS,0.221100,tau=24876315 n=12 g_4=2436469 Av_12=476565131
24876513,11,84203,39832597,39832597,PASS,0.010290,tau=24876513 n=11 g_3=84203 Av_11=39832597
24876513,12,2425783,476575817,476575817,PASS,0.235581,tau=24876513 n=12 g_4=2425783 Av_12=476575817
25136847,11,84561,39832239,39832239,PASS,0.010404,tau=25136847 n=11 g_3=84561 Av_11=39832239
25136847,12,2444636,476556964,476556964,PASS,0.225534,tau=25136847 n=12 g_4=2444636 Av_12=476556964
25136874,11,84390,39832410,39832410,PASS,0.009616,tau=25136874 n=11 g_3=84390 Av_11=39832410
25136874,12,2436077,476565523,476565523,PASS,0.235210,tau=25136874 n=12 g_4=2436077 Av_12=476565523
25137846,11,84474,39832326,39832326,PASS,0.007021,tau=25137846 n=11 g_3=84474 Av_11=39832326
25137846,12,2440254,476561346,476561346,PASS,0.246453,tau=25137846 n=12 g_4=2440254 Av_12=476561346
25137864,11,84386,39832414,39832414,PASS,0.010148,tau=25137864 n=11 g_3=84386 Av_11=39832414
25137864,12,2435663,476565937,476565937,PASS,0.203771,tau=25137864 n=12 g_4=2435663 Av_12=476565937
25138476,11,84475,39832325,39832325,PASS,0.010411,tau=25138476 n=11 g_3=84475 Av_11=39832325
25138476,12,2440302,476561298,476561298,PASS,0.236953,tau=25138476 n=12 g_4=2440302 Av_12=476561298
25138647,11,84560,39832240,39832240,PASS,0.007167,tau=25138647 n=11 g_3=84560 Av_11=39832240
25138647,12,2444610,476556990,476556990,PASS,0.181115,tau=25138647 n=12 g_4=2444610 Av_12=476556990
25138674,11,84386,39832414,39832414,PASS,0.010172,tau=25138674 n=11 g_3=84386 Av_11=39832414
25138674,12,2435691,476565909,476565909,PASS,0.238403,tau=25138674 n=12 g_4=2435691 Av_12=476565909
25138746,11,84474,39832326,39832326,PASS,0.007225,tau=25138746 n=11 g_3=84474 Av_11=39832326
25138746,12,2440275,476561325,476561325,PASS,0.207615,tau=25138746 n=12 g_4=2440275 Av_12=476561325
25138764,11,84373,39832427,39832427,PASS,0.010331,tau=25138764 n=11 g_3=84373 Av_11=39832427
25138764,12,2434326,476567274,476567274,PASS,0.211569,tau=25138764 n=12 g_4=2434326 Av_12=476567274
25146837,11,84564,39832236,39832236,PASS,0.010518,tau=25146837 n=11 g_3=84564 Av_11=39832236
25146837,12,2445047,476556553,476556553,PASS,0.187671,tau=25146837 n=12 g_4=2445047 Av_12=476556553
25146873,11,84386,39832414,39832414,PASS,0.010118,tau=25146873 n=11 g_3=84386 Av_11=39832414
25146873,12,2435702,476565898,476565898,PASS,0.200555,tau=25146873 n=12 g_4=2435702 Av_12=476565898
25147836,11,84483,39832317,39832317,PASS,0.010119,tau=25147836 n=11 g_3=84483 Av_11=39832317
25147836,12,2441165,476560435,476560435,PASS,0.176759,tau=25147836 n=12 g_4=2441165 Av_12=476560435
25147863,11,84394,39832406,39832406,PASS,0.007034,tau=25147863 n=11 g_3=84394 Av_11=39832406
25147863,12,2436516,476565084,476565084,PASS,0.161534,tau=25147863 n=12 g_4=2436516 Av_12=476565084
25148376,11,84468,39832332,39832332,PASS,0.007120,tau=25148376 n=11 g_3=84468 Av_11=39832332
25148376,12,2439607,476561993,476561993,PASS,0.165528,tau=25148376 n=12 g_4=2439607 Av_12=476561993
25148637,11,84572,39832228,39832228,PASS,0.008129,tau=25148637 n=11 g_3=84572 Av_11=39832228
25148637,12,2445866,476555734,476555734,PASS,0.186541,tau=25148637 n=12 g_4=2445866 Av_12=476555734
25148673,11,84394,39832406,39832406,PASS,0.006771,tau=25148673 n=11 g_3=84394 Av_11=39832406
25148673,12,2436512,476565088,476565088,PASS,0.186591,tau=25148673 n=12 g_4=2436512 Av_12=476565088
25148736,11,84486,39832314,39832314,PASS,0.008227,tau=25148736 n=11 g_3=84486 Av_11=39832314
25148736,12,2441437,476560163,476560163,PASS,0.168656,tau=25148736 n=12 g_4=2441437 Av_12=476560163
25148763,11,84385,39832415,39832415,PASS,0.008683,tau=25148763 n=11 g_3=84385 Av_11=39832415
25148763,12,2435587,476566013,476566013,PASS,0.201919,tau=25148763 n=12 g_4=2435587 Av_12=476566013
25163847,11,84574,39832226,39832226,PASS,0.007804,tau=25163847 n=11 g_3=84574 Av_11=39832226
25163847,12,2445979,476555621,476555621,PASS,0.186375,tau=25163847 n=12 g_4=2445979 Av_12=476555621
25163874,11,84486,39832314,39832314,PASS,0.007618,tau=25163874 n=11 g_3=84486 Av_11=39832314
25163874,12,2441456,476560144,476560144,PASS,0.157155,tau=25163874 n=12 g_4=2441456 Av_12=476560144
25164837,11,84566,39832234,39832234,PASS,0.007050,tau=25164837 n=11 g_3=84566 Av_11=39832234
25164837,12,2445268,476556332,476556332,PASS,0.156219,tau=25164837 n=12 g_4=2445268 Av_12=476556332
25164873,11,84478,39832322,39832322,PASS,0.007201,tau=25164873 n=11 g_3=84478 Av_11=39832322
25164873,12,2440698,476560902,476560902,PASS,0.150240,tau=25164873 n=12 g_4=2440698 Av_12=476560902
25167834,11,84299,39832501,39832501,PASS,0.007402,tau=25167834 n=11 g_3=84299 Av_11=39832501
25167834,12,2431213,476570387,476570387,PASS,0.200946,tau=25167834 n=12 g_4=2431213 Av_12=476570387
25167843,11,84299,39832501,39832501,PASS,0.007636,tau=25167843 n=11 g_3=84299 Av_11=39832501
25167843,12,2431223,476570377,476570377,PASS,0.198331,tau=25167843 n=12 g_4=2431223 Av_12=476570377
25168347,11,84489,39832311,39832311,PASS,0.007898,tau=25168347 n=11 g_3=84489 Av_11=39832311
25168347,12,2441825,476559775,476559775,PASS,0.149557,tau=25168347 n=12 g_4=2441825 Av_12=476559775
25168374,11,84572,39832228,39832228,PASS,0.007097,tau=25168374 n=11 g_3=84572 Av_11=39832228
25168374,12,2445941,476555659,476555659,PASS,0.146597,tau=25168374 n=12 g_4=2445941 Av_12=476555659
25168437,11,84491,39832309,39832309,PASS,0.006866,tau=25168437 n=11 g_3=84491 Av_11=39832309
25168437,12,2442039,476559561,476559561,PASS,0.198331,tau=25168437 n=12 g_4=2442039 Av_12=476559561
25168473,11,84568,39832232,39832232,PASS,0.008739,tau=25168473 n=11 g_3=84568 Av_11=39832232
25168473,12,2445525,476556075,476556075,PASS,0.197064,tau=25168473 n=12 g_4=2445525 Av_12=476556075
25168734,11,84306,39832494,39832494,PASS,0.007093,tau=25168734 n=11 g_3=84306 Av_11=39832494
25168734,12,2431968,476569632,476569632,PASS,0.194292,tau=25168734 n=12 g_4=2431968 Av_12=476569632
25168743,11,84306,39832494,39832494,PASS,0.007160,tau=25168743 n=11 g_3=84306 Av_11=39832494
25168743,12,2431963,476569637,476569637,PASS,0.201101,tau=25168743 n=12 g_4=2431963 Av_12=476569637
25173486,11,84494,39832306,39832306,PASS,0.010677,tau=25173486 n=11 g_3=84494 Av_11=39832306
25173486,12,2442165,476559435,476559435,PASS,0.164265,tau=25173486 n=12 g_4=2442165 Av_12=476559435
25173684,11,84579,39832221,39832221,PASS,0.007049,tau=25173684 n=11 g_3=84579 Av_11=39832221
25173684,12,2446567,476555033,476555033,PASS,0.202760,tau=25173684 n=12 g_4=2446567 Av_12=476555033
25173846,11,84565,39832235,39832235,PASS,0.010184,tau=25173846 n=11 g_3=84565 Av_11=39832235
25173846,12,2445220,476556380,476556380,PASS,0.169308,tau=25173846 n=12 g_4=2445220 Av_12=476556380
25173864,11,84574,39832226,39832226,PASS,0.010321,tau=25173864 n=11 g_3=84574 Av_11=39832226
25173864,12,2446091,476555509,476555509,PASS,0.193628,tau=25173864 n=12 g_4=2446091 Av_12=476555509
25174386,11,84490,39832310,39832310,PASS,0.007208,tau=25174386 n=11 g_3=84490 Av_11=39832310
25174386,12,2441828,476559772,476559772,PASS,0.149175,tau=25174386 n=12 g_4=2441828 Av_12=476559772
25174683,11,84565,39832235,39832235,PASS,0.008495,tau=25174683 n=11 g_3=84565 Av_11=39832235
25174683,12,2445194,476556406,476556406,PASS,0.193947,tau=25174683 n=12 g_4=2445194 Av_12=476556406
25174836,11,84578,39832222,39832222,PASS,0.006768,tau=25174836 n=11 g_3=84578 Av_11=39832222
25174836,12,2446484,476555116,476555116,PASS,0.186847,tau=25174836 n=12 g_4=2446484 Av_12=476555116
25174863,11,84568,39832232,39832232,PASS,0.008837,tau=25174863 n=11 g_3=84568 Av_11=39832232
25174863,12,2445473,476556127,476556127,PASS,0.162946,tau=25174863 n=12 g_4=2445473 Av_12=476556127
25176384,11,84489,39832311,39832311,PASS,0.007368,tau=25176384 n=11 g_3=84489 Av_11=39832311
25176384,12,2441822,476559778,476559778,PASS,0.156883,tau=25176384 n=12 g_4=2441822 Av_12=476559778
25176483,11,84483,39832317,39832317,PASS,0.007313,tau=25176483 n=11 g_3=84483 Av_11=39832317
25176483,12,2441224,476560376,476560376,PASS,0.156425,tau=25176483 n=12 g_4=2441224 Av_12=476560376
25176834,11,84306,39832494,39832494,PASS,0.007341,tau=25176834 n=11 g_3=84306 Av_11=39832494
25176834,12,2431972,476569628,476569628,PASS,0.153382,tau=25176834 n=12 g_4=2431972 Av_12=476569628
25176843,11,84306,39832494,39832494,PASS,0.007887,tau=25176843 n=11 g_3=84306 Av_11=39832494
25176843,12,2431963,476569637,476569637,PASS,0.177028,tau=25176843 n=12 g_4=2431963 Av_12=476569637
25178346,11,84396,39832404,39832404,PASS,0.011308,tau=25178346 n=11 g_3=84396 Av_11=39832404
25178346,12,2436709,476564891,476564891,PASS,0.220088,tau=25178346 n=12 g_4=2436709 Av_12=476564891
25178364,11,84485,39832315,39832315,PASS,0.007620,tau=25178364 n=11 g_3=84485 Av_11=39832315
25178364,12,2441481,476560119,476560119,PASS,0.192234,tau=25178364 n=12 g_4=2441481 Av_12=476560119
25178436,11,84402,39832398,39832398,PASS,0.008274,tau=25178436 n=11 g_3=84402 Av_11=39832398
25178436,12,2437365,476564235,476564235,PASS,0.200480,tau=25178436 n=12 g_4=2437365 Av_12=476564235
25178463,11,84479,39832321,39832321,PASS,0.009159,tau=25178463 n=11 g_3=84479 Av_11=39832321
25178463,12,2440810,476560790,476560790,PASS,0.180321,tau=25178463 n=12 g_4=2440810 Av_12=476560790
25178634,11,84306,39832494,39832494,PASS,0.010087,tau=25178634 n=11 g_3=84306 Av_11=39832494
25178634,12,2431984,476569616,476569616,PASS,0.145229,tau=25178634 n=12 g_4=2431984 Av_12=476569616
25178643,11,84306,39832494,39832494,PASS,0.007534,tau=25178643 n=11 g_3=84306 Av_11=39832494
25178643,12,2431962,476569638,476569638,PASS,0.228846,tau=25178643 n=12 g_4=2431962 Av_12=476569638
25183476,11,84402,39832398,39832398,PASS,0.006867,tau=25183476 n=11 g_3=84402 Av_11=39832398
25183476,12,2437282,476564318,476564318,PASS,0.228879,tau=25183476 n=12 g_4=2437282 Av_12=476564318
25183647,11,84570,39832230,39832230,PASS,0.007376,tau=25183647 n=11 g_3=84570 Av_11=39832230
25183647,12,2445711,476555889,476555889,PASS,0.167435,tau=25183647 n=12 g_4=2445711 Av_12=476555889
25183674,11,84491,39832309,39832309,PASS,0.006916,tau=25183674 n=11 g_3=84491 Av_11=39832309
25183674,12,2442041,476559559,476559559,PASS,0.179958,tau=25183674 n=12 g_4=2442041 Av_12=476559559
25183746,11,84574,39832226,39832226,PASS,0.007922,tau=25183746 n=11 g_3=84574 Av_11=39832226
25183746,12,2446105,476555495,476555495,PASS,0.196197,tau=25183746 n=12 g_4=2446105 Av_12=476555495
25183764,11,84484,39832316,39832316,PASS,0.007129,tau=25183764 n=11 g_3=84484 Av_11=39832316
25183764,12,2441279,476560321,476560321,PASS,0.160369,tau=25183764 n=12 g_4=2441279 Av_12=476560321
25184376,11,84398,39832402,39832402,PASS,0.007994,tau=25184376 n=11 g_3=84398 Av_11=39832402
25184376,12,2436907,476564693,476564693,PASS,0.217576,tau=25184376 n=12 g_4=2436907 Av_12=476564693
25184637,11,84576,39832224,39832224,PASS,0.008180,tau=25184637 n=11 g_3=84576 Av_11=39832224
25184637,12,2446322,476555278,476555278,PASS,0.169105,tau=25184637 n=12 g_4=2446322 Av_12=476555278
25184673,11,84486,39832314,39832314,PASS,0.008336,tau=25184673 n=11 g_3=84486 Av_11=39832314
25184673,12,2441497,476560103,476560103,PASS,0.187830,tau=25184673 n=12 g_4=2441497 Av_12=476560103
25184736,11,84570,39832230,39832230,PASS,0.010389,tau=25184736 n=11 g_3=84570 Av_11=39832230
25184736,12,2445692,476555908,476555908,PASS,0.170314,tau=25184736 n=12 g_4=2445692 Av_12=476555908
25184763,11,84489,39832311,39832311,PASS,0.007806,tau=25184763 n=11 g_3=84489 Av_11=39832311
25184763,12,2441774,476559826,476559826,PASS,0.192846,tau=25184763 n=12 g_4=2441774 Av_12=476559826
25186347,11,84491,39832309,39832309,PASS,0.006379,tau=25186347 n=11 g_3=84491 Av_11=39832309
25186347,12,2442030,476559570,476559570,PASS,0.195105,tau=25186347 n=12 g_4=2442030 Av_12=476559570
25186374,11,84572,39832228,39832228,PASS,0.008102,tau=25186374 n=11 g_3=84572 Av_11=39832228
25186374,12,2445932,476555668,476555668,PASS,0.160372,tau=25186374 n=12 g_4=2445932 Av_12=476555668
25186437,11,84487,39832313,39832313,PASS,0.008363,tau=25186437 n=11 g_3=84487 Av_11=39832313
25186437,12,2441651,476559949,476559949,PASS,0.164559,tau=25186437 n=12 g_4=2441651 Av_12=476559949
25186473,11,84570,39832230,39832230,PASS,0.007274,tau=25186473 n=11 g_3=84570 Av_11=39832230
25186473,12,2445750,476555850,476555850,PASS,0.165186,tau=25186473 n=12 g_4=2445750 Av_12=476555850
25186734,11,84306,39832494,39832494,PASS,0.009832,tau=25186734 n=11 g_3=84306 Av_11=39832494
25186734,12,2431955,476569645,476569645,PASS,0.182512,tau=25186734 n=12 g_4=2431955 Av_12=476569645
25186743,11,84306,39832494,39832494,PASS,0.007239,tau=25186743 n=11 g_3=84306 Av_11=39832494
25186743,12,2431963,476569637,476569637,PASS,0.201846,tau=25186743 n=12 g_4=2431963 Av_12=476569637
25187346,11,84398,39832402,39832402,PASS,0.007502,tau=25187346 n=11 g_3=84398 Av_11=39832402
25187346,12,2436943,476564657,476564657,PASS,0.155530,tau=25187346 n=12 g_4=2436943 Av_12=476564657
25187364,11,84485,39832315,39832315,PASS,0.008520,tau=25187364 n=11 g_3=84485 Av_11=39832315
25187364,12,2441472,476560128,476560128,PASS,0.202115,tau=25187364 n=12 g_4=2441472 Av_12=476560128
25187436,11,84402,39832398,39832398,PASS,0.007551,tau=25187436 n=11 g_3=84402 Av_11=39832398
25187436,12,2437382,476564218,476564218,PASS,0.149489,tau=25187436 n=12 g_4=2437382 Av_12=476564218
25187463,11,84481,39832319,39832319,PASS,0.007599,tau=25187463 n=11 g_3=84481 Av_11=39832319
25187463,12,2441013,476560587,476560587,PASS,0.150120,tau=25187463 n=12 g_4=2441013 Av_12=476560587
25187634,11,84302,39832498,39832498,PASS,0.010154,tau=25187634 n=11 g_3=84302 Av_11=39832498
25187634,12,2431540,476570060,476570060,PASS,0.160473,tau=25187634 n=12 g_4=2431540 Av_12=476570060
25187643,11,84300,39832500,39832500,PASS,0.006876,tau=25187643 n=11 g_3=84300 Av_11=39832500
25187643,12,2431296,476570304,476570304,PASS,0.154790,tau=25187643 n=12 g_4=2431296 Av_12=476570304
25316874,11,84388,39832412,39832412,PASS,0.009389,tau=25316874 n=11 g_3=84388 Av_11=39832412
25316874,12,2435930,476565670,476565670,PASS,0.208410,tau=25316874 n=12 g_4=2435930 Av_12=476565670
25317846,11,84473,39832327,39832327,PASS,0.007880,tau=25317846 n=11 g_3=84473 Av_11=39832327
25317846,12,2440211,476561389,476561389,PASS,0.213999,tau=25317846 n=12 g_4=2440211 Av_12=476561389
25317864,11,84384,39832416,39832416,PASS,0.007352,tau=25317864 n=11 g_3=84384 Av_11=39832416
25317864,12,2435508,476566092,476566092,PASS,0.168465,tau=25317864 n=12 g_4=2435508 Av_12=476566092
25318476,11,84477,39832323,39832323,PASS,0.007334,tau=25318476 n=11 g_3=84477 Av_11=39832323
25318476,12,2440549,476561051,476561051,PASS,0.158105,tau=25318476 n=12 g_4=2440549 Av_12=476561051
25318647,11,84557,39832243,39832243,PASS,0.010565,tau=25318647 n=11 g_3=84557 Av_11=39832243
25318647,12,2444376,476557224,476557224,PASS,0.157263,tau=25318647 n=12 g_4=2444376 Av_12=476557224
25318674,11,84384,39832416,39832416,PASS,0.007512,tau=25318674 n=11 g_3=84384 Av_11=39832416
25318674,12,2435536,476566064,476566064,PASS,0.147028,tau=25318674 n=12 g_4=2435536 Av_12=476566064
25318746,11,84473,39832327,39832327,PASS,0.007234,tau=25318746 n=11 g_3=84473 Av_11=39832327
25318746,12,2440214,476561386,476561386,PASS,0.154230,tau=25318746 n=12 g_4=2440214 Av_12=476561386
25318764,11,84374,39832426,39832426,PASS,0.006916,tau=25318764 n=11 g_3=84374 Av_11=39832426
25318764,12,2434443,476567157,476567157,PASS,0.148537,tau=25318764 n=12 g_4=2434443 Av_12=476567157
25346817,11,84372,39832428,39832428,PASS,0.007195,tau=25346817 n=11 g_3=84372 Av_11=39832428
25346817,12,2434350,476567250,476567250,PASS,0.172107,tau=25346817 n=12 g_4=2434350 Av_12=476567250
25347816,11,84299,39832501,39832501,PASS,0.006988,tau=25347816 n=11 g_3=84299 Av_11=39832501
25347816,12,2431301,476570299,476570299,PASS,0.166942,tau=25347816 n=12 g_4=2431301 Av_12=476570299
25348176,11,84299,39832501,39832501,PASS,0.007296,tau=25348176 n=11 g_3=84299 Av_11=39832501
25348176,12,2431222,476570378,476570378,PASS,0.178141,tau=25348176 n=12 g_4=2431222 Av_12=476570378
25348617,11,84384,39832416,39832416,PASS,0.012452,tau=25348617 n=11 g_3=84384 Av_11=39832416
25348617,12,2435553,476566047,476566047,PASS,0.185558,tau=25348617 n=12 g_4=2435553 Av_12=476566047
25348716,11,84299,39832501,39832501,PASS,0.006988,tau=25348716 n=11 g_3=84299 Av_11=39832501
25348716,12,2431279,476570321,476570321,PASS,0.157372,tau=25348716 n=12 g_4=2431279 Av_12=476570321
25361874,11,84479,39832321,39832321,PASS,0.007052,tau=25361874 n=11 g_3=84479 Av_11=39832321
25361874,12,2440856,476560744,476560744,PASS,0.170456,tau=25361874 n=12 g_4=2440856 Av_12=476560744
25364817,11,84382,39832418,39832418,PASS,0.010516,tau=25364817 n=11 g_3=84382 Av_11=39832418
25364817,12,2435276,476566324,476566324,PASS,0.155040,tau=25364817 n=12 g_4=2435276 Av_12=476566324
25367814,11,84385,39832415,39832415,PASS,0.007219,tau=25367814 n=11 g_3=84385 Av_11=39832415
25367814,12,2435608,476565992,476565992,PASS,0.179104,tau=25367814 n=12 g_4=2435608 Av_12=476565992
25368147,11,84572,39832228,39832228,PASS,0.007422,tau=25368147 n=11 g_3=84572 Av_11=39832228
25368147,12,2445939,476555661,476555661,PASS,0.179463,tau=25368147 n=12 g_4=2445939 Av_12=476555661
25368174,11,84566,39832234,39832234,PASS,0.009383,tau=25368174 n=11 g_3=84566 Av_11=39832234
25368174,12,2445404,476556196,476556196,PASS,0.191873,tau=25368174 n=12 g_4=2445404 Av_12=476556196
25368417,11,84568,39832232,39832232,PASS,0.010455,tau=25368417 n=11 g_3=84568 Av_11=39832232
25368417,12,2445488,476556112,476556112,PASS,0.169389,tau=25368417 n=12 g_4=2445488 Av_12=476556112
25368714,11,84388,39832412,39832412,PASS,0.008358,tau=25368714 n=11 g_3=84388 Av_11=39832412
25368714,12,2435963,476565637,476565637,PASS,0.165805,tau=25368714 n=12 g_4=2435963 Av_12=476565637
25371684,11,84573,39832227,39832227,PASS,0.010473,tau=25371684 n=11 g_3=84573 Av_11=39832227
25371684,12,2445985,476555615,476555615,PASS,0.156861,tau=25371684 n=12 g_4=2445985 Av_12=476555615
25371846,11,84574,39832226,39832226,PASS,0.007585,tau=25371846 n=11 g_3=84574 Av_11=39832226
25371846,12,2446097,476555503,476555503,PASS,0.147377,tau=25371846 n=12 g_4=2446097 Av_12=476555503
25371864,11,84568,39832232,39832232,PASS,0.007381,tau=25371864 n=11 g_3=84568 Av_11=39832232
25371864,12,2445551,476556049,476556049,PASS,0.175941,tau=25371864 n=12 g_4=2445551 Av_12=476556049
25374816,11,84565,39832235,39832235,PASS,0.007450,tau=25374816 n=11 g_3=84565 Av_11=39832235
25374816,12,2445220,476556380,476556380,PASS,0.152404,tau=25374816 n=12 g_4=2445220 Av_12=476556380
25376184,11,84479,39832321,39832321,PASS,0.009098,tau=25376184 n=11 g_3=84479 Av_11=39832321
25376184,12,2440870,476560730,476560730,PASS,0.158564,tau=25376184 n=12 g_4=2440870 Av_12=476560730
25376814,11,84386,39832414,39832414,PASS,0.006909,tau=25376814 n=11 g_3=84386 Av_11=39832414
25376814,12,2435740,476565860,476565860,PASS,0.150835,tau=25376814 n=12 g_4=2435740 Av_12=476565860
25378146,11,84486,39832314,39832314,PASS,0.009119,tau=25378146 n=11 g_3=84486 Av_11=39832314
25378146,12,2441568,476560032,476560032,PASS,0.163989,tau=25378146 n=12 g_4=2441568 Av_12=476560032
25378164,11,84483,39832317,39832317,PASS,0.007191,tau=25378164 n=11 g_3=84483 Av_11=39832317
25378164,12,2441272,476560328,476560328,PASS,0.149577,tau=25378164 n=12 g_4=2441272 Av_12=476560328
25378416,11,84492,39832308,39832308,PASS,0.007670,tau=25378416 n=11 g_3=84492 Av_11=39832308
25378416,12,2442106,476559494,476559494,PASS,0.150613,tau=25378416 n=12 g_4=2442106 Av_12=476559494
25378614,11,84396,39832404,39832404,PASS,0.007051,tau=25378614 n=11 g_3=84396 Av_11=39832404
25378614,12,2436738,476564862,476564862,PASS,0.147898,tau=25378614 n=12 g_4=2436738 Av_12=476564862
25381476,11,84489,39832311,39832311,PASS,0.006925,tau=25381476 n=11 g_3=84489 Av_11=39832311
25381476,12,2441828,476559772,476559772,PASS,0.147751,tau=25381476 n=12 g_4=2441828 Av_12=476559772
25381647,11,84573,39832227,39832227,PASS,0.006450,tau=25381647 n=11 g_3=84573 Av_11=39832227
25381647,12,2446013,476555587,476555587,PASS,0.149739,tau=25381647 n=12 g_4=2446013 Av_12=476555587
25381674,11,84485,39832315,39832315,PASS,0.008048,tau=25381674 n=11 g_3=84485 Av_11=39832315
25381674,12,2441487,476560113,476560113,PASS,0.157523,tau=25381674 n=12 g_4=2441487 Av_12=476560113
25381746,11,84570,39832230,39832230,PASS,0.007261,tau=25381746 n=11 g_3=84570 Av_11=39832230
25381746,12,2445763,476555837,476555837,PASS,0.169677,tau=25381746 n=12 g_4=2445763 Av_12=476555837
25381764,11,84474,39832326,39832326,PASS,0.007639,tau=25381764 n=11 g_3=84474 Av_11=39832326
25381764,12,2440294,476561306,476561306,PASS,0.197018,tau=25381764 n=12 g_4=2440294 Av_12=476561306
25384176,11,84485,39832315,39832315,PASS,0.007936,tau=25384176 n=11 g_3=84485 Av_11=39832315
25384176,12,2441417,476560183,476560183,PASS,0.220612,tau=25384176 n=12 g_4=2441417 Av_12=476560183
25384617,11,84568,39832232,39832232,PASS,0.007271,tau=25384617 n=11 g_3=84568 Av_11=39832232
25384617,12,2445522,476556078,476556078,PASS,0.145842,tau=25384617 n=12 g_4=2445522 Av_12=476556078
25384716,11,84568,39832232,39832232,PASS,0.009459,tau=25384716 n=11 g_3=84568 Av_11=39832232
25384716,12,2445531,476556069,476556069,PASS,0.173855,tau=25384716 n=12 g_4=2445531 Av_12=476556069
25386147,11,84579,39832221,39832221,PASS,0.010411,tau=25386147 n=11 g_3=84579 Av_11=39832221
25386147,12,2446633,476554967,476554967,PASS,0.168878,tau=25386147 n=12 g_4=2446633 Av_12=476554967
25386174,11,84573,39832227,39832227,PASS,0.007751,tau=25386174 n=11 g_3=84573 Av_11=39832227
25386174,12,2446067,476555533,476555533,PASS,0.148574,tau=25386174 n=12 g_4=2446067 Av_12=476555533
25386417,11,84568,39832232,39832232,PASS,0.006771,tau=25386417 n=11 g_3=84568 Av_11=39832232
25386417,12,2445484,476556116,476556116,PASS,0.152347,tau=25386417 n=12 g_4=2445484 Av_12=476556116
25386714,11,84396,39832404,39832404,PASS,0.007720,tau=25386714 n=11 g_3=84396 Av_11=39832404
25386714,12,2436751,476564849,476564849,PASS,0.164731,tau=25386714 n=12 g_4=2436751 Av_12=476564849
25387146,11,84487,39832313,39832313,PASS,0.007805,tau=25387146 n=11 g_3=84487 Av_11=39832313
25387146,12,2441705,476559895,476559895,PASS,0.162371,tau=25387146 n=12 g_4=2441705 Av_12=476559895
25387164,11,84481,39832319,39832319,PASS,0.006982,tau=25387164 n=11 g_3=84481 Av_11=39832319
25387164,12,2441046,476560554,476560554,PASS,0.150382,tau=25387164 n=12 g_4=2441046 Av_12=476560554
25387416,11,84490,39832310,39832310,PASS,0.006655,tau=25387416 n=11 g_3=84490 Av_11=39832310
25387416,12,2441934,476559666,476559666,PASS,0.149009,tau=25387416 n=12 g_4=2441934 Av_12=476559666
25387614,11,84386,39832414,39832414,PASS,0.007419,tau=25387614 n=11 g_3=84386 Av_11=39832414
25387614,12,2435714,476565886,476565886,PASS,0.162960,tau=25387614 n=12 g_4=2435714 Av_12=476565886
25416837,11,84484,39832316,39832316,PASS,0.007591,tau=25416837 n=11 g_3=84484 Av_11=39832316
25416837,12,2441347,476560253,476560253,PASS,0.180431,tau=25416837 n=12 g_4=2441347 Av_12=476560253
25416873,11,84306,39832494,39832494,PASS,0.006753,tau=25416873 n=11 g_3=84306 Av_11=39832494
25416873,12,2431977,476569623,476569623,PASS,0.192014,tau=25416873 n=12 g_4=2431977 Av_12=476569623
25417836,11,84402,39832398,39832398,PASS,0.006681,tau=25417836 n=11 g_3=84402 Av_11=39832398
25417836,12,2437365,476564235,476564235,PASS,0.155709,tau=25417836 n=12 g_4=2437365 Av_12=476564235
25417863,11,84309,39832491,39832491,PASS,0.010404,tau=25417863 n=11 g_3=84309 Av_11=39832491
25417863,12,2432266,476569334,476569334,PASS,0.153328,tau=25417863 n=12 g_4=2432266 Av_12=476569334
25418376,11,84400,39832400,39832400,PASS,0.008247,tau=25418376 n=11 g_3=84400 Av_11=39832400
25418376,12,2437046,476564554,476564554,PASS,0.199398,tau=25418376 n=12 g_4=2437046 Av_12=476564554
25418637,11,84487,39832313,39832313,PASS,0.007397,tau=25418637 n=11 g_3=84487 Av_11=39832313
25418637,12,2441650,476559950,476559950,PASS,0.205979,tau=25418637 n=12 g_4=2441650 Av_12=476559950
25418673,11,84309,39832491,39832491,PASS,0.009995,tau=25418673 n=11 g_3=84309 Av_11=39832491
25418673,12,2432274,476569326,476569326,PASS,0.229524,tau=25418673 n=12 g_4=2432274 Av_12=476569326
25418736,11,84401,39832399,39832399,PASS,0.007751,tau=25418736 n=11 g_3=84401 Av_11=39832399
25418736,12,2437256,476564344,476564344,PASS,0.225607,tau=25418736 n=12 g_4=2437256 Av_12=476564344
25418763,11,84304,39832496,39832496,PASS,0.010162,tau=25418763 n=11 g_3=84304 Av_11=39832496
25418763,12,2431701,476569899,476569899,PASS,0.225689,tau=25418763 n=12 g_4=2431701 Av_12=476569899
25436817,11,84201,39832599,39832599,PASS,0.007400,tau=25436817 n=11 g_3=84201 Av_11=39832599
25436817,12,2425616,476575984,476575984,PASS,0.184110,tau=25436817 n=12 g_4=2425616 Av_12=476575984
25437816,11,84210,39832590,39832590,PASS,0.007133,tau=25437816 n=11 g_3=84210 Av_11=39832590
25437816,12,2426531,476575069,476575069,PASS,0.159495,tau=25437816 n=12 g_4=2426531 Av_12=476575069
25438176,11,84206,39832594,39832594,PASS,0.010476,tau=25438176 n=11 g_3=84206 Av_11=39832594
25438176,12,2426082,476575518,476575518,PASS,0.156030,tau=25438176 n=12 g_4=2426082 Av_12=476575518
25438617,11,84291,39832509,39832509,PASS,0.010086,tau=25438617 n=11 g_3=84291 Av_11=39832509
25438617,12,2430426,476571174,476571174,PASS,0.156905,tau=25438617 n=12 g_4=2430426 Av_12=476571174
25438716,11,84208,39832592,39832592,PASS,0.007309,tau=25438716 n=11 g_3=84208 Av_11=39832592
25438716,12,2426311,476575289,476575289,PASS,0.209412,tau=25438716 n=12 g_4=2426311 Av_12=476575289
25461837,11,84400,39832400,39832400,PASS,0.006573,tau=25461837 n=11 g_3=84400 Av_11=39832400
25461837,12,2437164,476564436,476564436,PASS,0.208025,tau=25461837 n=12 g_4=2437164 Av_12=476564436
25461873,11,84307,39832493,39832493,PASS,0.007029,tau=25461873 n=11 g_3=84307 Av_11=39832493
25461873,12,2432076,476569524,476569524,PASS,0.152204,tau=25461873 n=12 g_4=2432076 Av_12=476569524
25463817,11,84384,39832416,39832416,PASS,0.007604,tau=25463817 n=11 g_3=84384 Av_11=39832416
25463817,12,2435501,476566099,476566099,PASS,0.178171,tau=25463817 n=12 g_4=2435501 Av_12=476566099
25467813,11,84202,39832598,39832598,PASS,0.009542,tau=25467813 n=11 g_3=84202 Av_11=39832598
25467813,12,2425667,476575933,476575933,PASS,0.160023,tau=25467813 n=12 g_4=2425667 Av_12=476575933
25468137,11,84396,39832404,39832404,PASS,0.006668,tau=25468137 n=11 g_3=84396 Av_11=39832404
25468137,12,2436796,476564804,476564804,PASS,0.149873,tau=25468137 n=12 g_4=2436796 Av_12=476564804
25468173,11,84392,39832408,39832408,PASS,0.006419,tau=25468173 n=11 g_3=84392 Av_11=39832408
25468173,12,2436387,476565213,476565213,PASS,0.156990,tau=25468173 n=12 g_4=2436387 Av_12=476565213
25468317,11,84396,39832404,39832404,PASS,0.007346,tau=25468317 n=11 g_3=84396 Av_11=39832404
25468317,12,2436780,476564820,476564820,PASS,0.161218,tau=25468317 n=12 g_4=2436780 Av_12=476564820
25468713,11,84206,39832594,39832594,PASS,0.008651,tau=25468713 n=11 g_3=84206 Av_11=39832594
25468713,12,2426114,476575486,476575486,PASS,0.174693,tau=25468713 n=12 g_4=2426114 Av_12=476575486
25471836,11,84489,39832311,39832311,PASS,0.010311,tau=25471836 n=11 g_3=84489 Av_11=39832311
25471836,12,2441867,476559733,476559733,PASS,0.180617,tau=25471836 n=12 g_4=2441867 Av_12=476559733
25471863,11,84484,39832316,39832316,PASS,0.009757,tau=25471863 n=11 g_3=84484 Av_11=39832316
25471863,12,2441406,476560194,476560194,PASS,0.176461,tau=25471863 n=12 g_4=2441406 Av_12=476560194
25473816,11,84487,39832313,39832313,PASS,0.007590,tau=25473816 n=11 g_3=84487 Av_11=39832313
25473816,12,2441608,476559992,476559992,PASS,0.224977,tau=25473816 n=12 g_4=2441608 Av_12=476559992
25476183,11,84299,39832501,39832501,PASS,0.010307,tau=25476183 n=11 g_3=84299 Av_11=39832501
25476183,12,2431244,476570356,476570356,PASS,0.221387,tau=25476183 n=12 g_4=2431244 Av_12=476570356
25476813,11,84201,39832599,39832599,PASS,0.007758,tau=25476813 n=11 g_3=84201 Av_11=39832599
25476813,12,2425586,476576014,476576014,PASS,0.152459,tau=25476813 n=12 g_4=2425586 Av_12=476576014
25478136,11,84397,39832403,39832403,PASS,0.006763,tau=25478136 n=11 g_3=84397 Av_11=39832403
25478136,12,2436869,476564731,476564731,PASS,0.155375,tau=25478136 n=12 g_4=2436869 Av_12=476564731
25478163,11,84399,39832401,39832401,PASS,0.012117,tau=25478163 n=11 g_3=84399 Av_11=39832401
25478163,12,2437076,476564524,476564524,PASS,0.168245,tau=25478163 n=12 g_4=2437076 Av_12=476564524
25478316,11,84399,39832401,39832401,PASS,0.007478,tau=25478316 n=11 g_3=84399 Av_11=39832401
25478316,12,2437076,476564524,476564524,PASS,0.145416,tau=25478316 n=12 g_4=2437076 Av_12=476564524
25478613,11,84295,39832505,39832505,PASS,0.007800,tau=25478613 n=11 g_3=84295 Av_11=39832505
25478613,12,2430806,476570794,476570794,PASS,0.158036,tau=25478613 n=12 g_4=2430806 Av_12=476570794
25481376,11,84400,39832400,39832400,PASS,0.006963,tau=25481376 n=11 g_3=84400 Av_11=39832400
25481376,12,2437130,476564470,476564470,PASS,0.156824,tau=25481376 n=12 g_4=2437130 Av_12=476564470
25481637,11,84496,39832304,39832304,PASS,0.007525,tau=25481637 n=11 g_3=84496 Av_11=39832304
25481637,12,2442608,476558992,476558992,PASS,0.220392,tau=25481637 n=12 g_4=2442608 Av_12=476558992
25481673,11,84402,39832398,39832398,PASS,0.007645,tau=25481673 n=11 g_3=84402 Av_11=39832398
25481673,12,2437426,476564174,476564174,PASS,0.205200,tau=25481673 n=12 g_4=2437426 Av_12=476564174
25481736,11,84491,39832309,39832309,PASS,0.007711,tau=25481736 n=11 g_3=84491 Av_11=39832309
25481736,12,2442079,476559521,476559521,PASS,0.152436,tau=25481736 n=12 g_4=2442079 Av_12=476559521
25481763,11,84397,39832403,39832403,PASS,0.007334,tau=25481763 n=11 g_3=84397 Av_11=39832403
25481763,12,2436864,476564736,476564736,PASS,0.167658,tau=25481763 n=12 g_4=2436864 Av_12=476564736
25483176,11,84395,39832405,39832405,PASS,0.007584,tau=25483176 n=11 g_3=84395 Av_11=39832405
25483176,12,2436643,476564957,476564957,PASS,0.158100,tau=25483176 n=12 g_4=2436643 Av_12=476564957
25483617,11,84482,39832318,39832318,PASS,0.007433,tau=25483617 n=11 g_3=84482 Av_11=39832318
25483617,12,2441115,476560485,476560485,PASS,0.222421,tau=25483617 n=12 g_4=2441115 Av_12=476560485
25483716,11,84476,39832324,39832324,PASS,0.009871,tau=25483716 n=11 g_3=84476 Av_11=39832324
25483716,12,2440507,476561093,476561093,PASS,0.205118,tau=25483716 n=12 g_4=2440507 Av_12=476561093
25486137,11,84485,39832315,39832315,PASS,0.009964,tau=25486137 n=11 g_3=84485 Av_11=39832315
25486137,12,2441492,476560108,476560108,PASS,0.178533,tau=25486137 n=12 g_4=2441492 Av_12=476560108
25486173,11,84481,39832319,39832319,PASS,0.007768,tau=25486173 n=11 g_3=84481 Av_11=39832319
25486173,12,2441060,476560540,476560540,PASS,0.144744,tau=25486173 n=12 g_4=2441060 Av_12=476560540
25486317,11,84484,39832316,39832316,PASS,0.007402,tau=25486317 n=11 g_3=84484 Av_11=39832316
25486317,12,2441352,476560248,476560248,PASS,0.159104,tau=25486317 n=12 g_4=2441352 Av_12=476560248
25486713,11,84295,39832505,39832505,PASS,0.006422,tau=25486713 n=11 g_3=84295 Av_11=39832505
25486713,12,2430809,476570791,476570791,PASS,0.158979,tau=25486713 n=12 g_4=2430809 Av_12=476570791
25487136,11,84397,39832403,39832403,PASS,0.006917,tau=25487136 n=11 g_3=84397 Av_11=39832403
25487136,12,2436877,476564723,476564723,PASS,0.171315,tau=25487136 n=12 g_4=2436877 Av_12=476564723
25487163,11,84397,39832403,39832403,PASS,0.006943,tau=25487163 n=11 g_3=84397 Av_11=39832403
25487163,12,2436851,476564749,476564749,PASS,0.155637,tau=25487163 n=12 g_4=2436851 Av_12=476564749
25487316,11,84399,39832401,39832401,PASS,0.007609,tau=25487316 n=11 g_3=84399 Av_11=39832401
25487316,12,2437074,476564526,476564526,PASS,0.189492,tau=25487316 n=12 g_4=2437074 Av_12=476564526
25487613,11,84206,39832594,39832594,PASS,0.006730,tau=25487613 n=11 g_3=84206 Av_11=39832594
25487613,12,2426108,476575492,476575492,PASS,0.199446,tau=25487613 n=12 g_4=2426108 Av_12=476575492
25613874,11,84403,39832397,39832397,PASS,0.007748,tau=25613874 n=11 g_3=84403 Av_11=39832397
25613874,12,2437438,476564162,476564162,PASS,0.188655,tau=25613874 n=12 g_4=2437438 Av_12=476564162
25614837,11,84489,39832311,39832311,PASS,0.008123,tau=25614837 n=11 g_3=84489 Av_11=39832311
25614837,12,2441822,476559778,476559778,PASS,0.185059,tau=25614837 n=12 g_4=2441822 Av_12=476559778
25614873,11,84403,39832397,39832397,PASS,0.007046,tau=25614873 n=11 g_3=84403 Av_11=39832397
25614873,12,2437473,476564127,476564127,PASS,0.146582,tau=25614873 n=12 g_4=2437473 Av_12=476564127
25617834,11,84310,39832490,39832490,PASS,0.007550,tau=25617834 n=11 g_3=84310 Av_11=39832490
25617834,12,2432310,476569290,476569290,PASS,0.159524,tau=25617834 n=12 g_4=2432310 Av_12=476569290
25617843,11,84310,39832490,39832490,PASS,0.010260,tau=25617843 n=11 g_3=84310 Av_11=39832490
25617843,12,2432331,476569269,476569269,PASS,0.155014,tau=25617843 n=12 g_4=2432331 Av_12=476569269
25618347,11,84408,39832392,39832392,PASS,0.008070,tau=25618347 n=11 g_3=84408 Av_11=39832392
25618347,12,2437928,476563672,476563672,PASS,0.159170,tau=25618347 n=12 g_4=2437928 Av_12=476563672
25618374,11,84495,39832305,39832305,PASS,0.006957,tau=25618374 n=11 g_3=84495 Av_11=39832305
25618374,12,2442492,476559108,476559108,PASS,0.149864,tau=25618374 n=12 g_4=2442492 Av_12=476559108
25618437,11,84408,39832392,39832392,PASS,0.008070,tau=25618437 n=11 g_3=84408 Av_11=39832392
25618437,12,2438012,476563588,476563588,PASS,0.201846,tau=25618437 n=12 g_4=2438012 Av_12=476563588
25618473,11,84495,39832305,39832305,PASS,0.006717,tau=25618473 n=11 g_3=84495 Av_11=39832305
25618473,12,2442446,476559154,476559154,PASS,0.144267,tau=25618473 n=12 g_4=2442446 Av_12=476559154
25618734,11,84312,39832488,39832488,PASS,0.007740,tau=25618734 n=11 g_3=84312 Av_11=39832488
25618734,12,2432581,476569019,476569019,PASS,0.220857,tau=25618734 n=12 g_4=2432581 Av_12=476569019
25618743,11,84312,39832488,39832488,PASS,0.008693,tau=25618743 n=11 g_3=84312 Av_11=39832488
25618743,12,2432587,476569013,476569013,PASS,0.151002,tau=25618743 n=12 g_4=2432587 Av_12=476569013
25631874,11,84401,39832399,39832399,PASS,0.006936,tau=25631874 n=11 g_3=84401 Av_11=39832399
25631874,12,2437244,476564356,476564356,PASS,0.172771,tau=25631874 n=12 g_4=2437244 Av_12=476564356
25634817,11,84301,39832499,39832499,PASS,0.010331,tau=25634817 n=11 g_3=84301 Av_11=39832499
25634817,12,2431417,476570183,476570183,PASS,0.209034,tau=25634817 n=12 g_4=2431417 Av_12=476570183
25637814,11,84402,39832398,39832398,PASS,0.010365,tau=25637814 n=11 g_3=84402 Av_11=39832398
25637814,12,2437332,476564268,476564268,PASS,0.191832,tau=25637814 n=12 g_4=2437332 Av_12=476564268
25638147,11,84499,39832301,39832301,PASS,0.010075,tau=25638147 n=11 g_3=84499 Av_11=39832301
25638147,12,2442867,476558733,476558733,PASS,0.192950,tau=25638147 n=12 g_4=2442867 Av_12=476558733
25638174,11,84494,39832306,39832306,PASS,0.010245,tau=25638174 n=11 g_3=84494 Av_11=39832306
25638174,12,2442373,476559227,476559227,PASS,0.179498,tau=25638174 n=12 g_4=2442373 Av_12=476559227
25638417,11,84490,39832310,39832310,PASS,0.010413,tau=25638417 n=11 g_3=84490 Av_11=39832310
25638417,12,2441914,476559686,476559686,PASS,0.186699,tau=25638417 n=12 g_4=2441914 Av_12=476559686
25638714,11,84403,39832397,39832397,PASS,0.010494,tau=25638714 n=11 g_3=84403 Av_11=39832397
25638714,12,2437463,476564137,476564137,PASS,0.182040,tau=25638714 n=12 g_4=2437463 Av_12=476564137
25641837,11,84404,39832396,39832396,PASS,0.006998,tau=25641837 n=11 g_3=84404 Av_11=39832396
25641837,12,2437608,476563992,476563992,PASS,0.155980,tau=25641837 n=12 g_4=2437608 Av_12=476563992
25641873,11,84315,39832485,39832485,PASS,0.007474,tau=25641873 n=11 g_3=84315 Av_11=39832485
25641873,12,2432906,476568694,476568694,PASS,0.160923,tau=25641873 n=12 g_4=2432906 Av_12=476568694
25643817,11,84300,39832500,39832500,PASS,0.007033,tau=25643817 n=11 g_3=84300 Av_11=39832500
25643817,12,2431312,476570288,476570288,PASS,0.149238,tau=25643817 n=12 g_4=2431312 Av_12=476570288
25647813,11,84298,39832502,39832502,PASS,0.008005,tau=25647813 n=11 g_3=84298 Av_11=39832502
25647813,12,2431096,476570504,476570504,PASS,0.157195,tau=25647813 n=12 g_4=2431096 Av_12=476570504
25648137,11,84404,39832396,39832396,PASS,0.009372,tau=25648137 n=11 g_3=84404 Av_11=39832396
25648137,12,2437594,476564006,476564006,PASS,0.170056,tau=25648137 n=12 g_4=2437594 Av_12=476564006
25648173,11,84404,39832396,39832396,PASS,0.007483,tau=25648173 n=11 g_3=84404 Av_11=39832396
25648173,12,2437583,476564017,476564017,PASS,0.162501,tau=25648173 n=12 g_4=2437583 Av_12=476564017
25648317,11,84400,39832400,39832400,PASS,0.007270,tau=25648317 n=11 g_3=84400 Av_11=39832400
25648317,12,2437181,476564419,476564419,PASS,0.168785,tau=25648317 n=12 g_4=2437181 Av_12=476564419
25648713,11,84299,39832501,39832501,PASS,0.006982,tau=25648713 n=11 g_3=84299 Av_11=39832501
25648713,12,2431232,476570368,476570368,PASS,0.168099,tau=25648713 n=12 g_4=2431232 Av_12=476570368
25671384,11,84393,39832407,39832407,PASS,0.007612,tau=25671384 n=11 g_3=84393 Av_11=39832407
25671384,12,2436475,476565125,476565125,PASS,0.156343,tau=25671384 n=12 g_4=2436475 Av_12=476565125
25671483,11,84395,39832405,39832405,PASS,0.007457,tau=25671483 n=11 g_3=84395 Av_11=39832405
25671483,12,2436682,476564918,476564918,PASS,0.150839,tau=25671483 n=12 g_4=2436682 Av_12=476564918
25671834,11,84297,39832503,39832503,PASS,0.006958,tau=25671834 n=11 g_3=84297 Av_11=39832503
25671834,12,2431030,476570570,476570570,PASS,0.149196,tau=25671834 n=12 g_4=2431030 Av_12=476570570
25671843,11,84300,39832500,39832500,PASS,0.008175,tau=25671843 n=11 g_3=84300 Av_11=39832500
25671843,12,2431334,476570266,476570266,PASS,0.188646,tau=25671843 n=12 g_4=2431334 Av_12=476570266
25673814,11,84395,39832405,39832405,PASS,0.007268,tau=25673814 n=11 g_3=84395 Av_11=39832405
25673814,12,2436629,476564971,476564971,PASS,0.187324,tau=25673814 n=12 g_4=2436629 Av_12=476564971
25674183,11,84310,39832490,39832490,PASS,0.007297,tau=25674183 n=11 g_3=84310 Av_11=39832490
25674183,12,2432377,476569223,476569223,PASS,0.178765,tau=25674183 n=12 g_4=2432377 Av_12=476569223
25674813,11,84300,39832500,39832500,PASS,0.007648,tau=25674813 n=11 g_3=84300 Av_11=39832500
25674813,12,2431276,476570324,476570324,PASS,0.207160,tau=25674813 n=12 g_4=2431276 Av_12=476570324
25678134,11,84201,39832599,39832599,PASS,0.007353,tau=25678134 n=11 g_3=84201 Av_11=39832599
25678134,12,2425557,476576043,476576043,PASS,0.153298,tau=25678134 n=12 g_4=2425557 Av_12=476576043
25678143,11,84204,39832596,39832596,PASS,0.006702,tau=25678143 n=11 g_3=84204 Av_11=39832596
25678143,12,2425859,476575741,476575741,PASS,0.156060,tau=25678143 n=12 g_4=2425859 Av_12=476575741
25678314,11,84288,39832512,39832512,PASS,0.009934,tau=25678314 n=11 g_3=84288 Av_11=39832512
25678314,12,2430061,476571539,476571539,PASS,0.225837,tau=25678314 n=12 g_4=2430061 Av_12=476571539
25678413,11,84200,39832600,39832600,PASS,0.010200,tau=25678413 n=11 g_3=84200 Av_11=39832600
25678413,12,2425457,476576143,476576143,PASS,0.197560,tau=25678413 n=12 g_4=2425457 Av_12=476576143
25681347,11,84402,39832398,39832398,PASS,0.007067,tau=25681347 n=11 g_3=84402 Av_11=39832398
25681347,12,2437348,476564252,476564252,PASS,0.216870,tau=25681347 n=12 g_4=2437348 Av_12=476564252
25681374,11,84492,39832308,39832308,PASS,0.008747,tau=25681374 n=11 g_3=84492 Av_11=39832308
25681374,12,2442225,476559375,476559375,PASS,0.188037,tau=25681374 n=12 g_4=2442225 Av_12=476559375
25681437,11,84402,39832398,39832398,PASS,0.010222,tau=25681437 n=11 g_3=84402 Av_11=39832398
25681437,12,2437415,476564185,476564185,PASS,0.182565,tau=25681437 n=12 g_4=2437415 Av_12=476564185
25681473,11,84496,39832304,39832304,PASS,0.010407,tau=25681473 n=11 g_3=84496 Av_11=39832304
25681473,12,2442577,476559023,476559023,PASS,0.185356,tau=25681473 n=12 g_4=2442577 Av_12=476559023
25681734,11,84398,39832402,39832402,PASS,0.007101,tau=25681734 n=11 g_3=84398 Av_11=39832402
25681734,12,2436988,476564612,476564612,PASS,0.199052,tau=25681734 n=12 g_4=2436988 Av_12=476564612
25681743,11,84398,39832402,39832402,PASS,0.007187,tau=25681743 n=11 g_3=84398 Av_11=39832402
25681743,12,2437002,476564598,476564598,PASS,0.172935,tau=25681743 n=12 g_4=2437002 Av_12=476564598
25683147,11,84488,39832312,39832312,PASS,0.010251,tau=25683147 n=11 g_3=84488 Av_11=39832312
25683147,12,2441780,476559820,476559820,PASS,0.191793,tau=25683147 n=12 g_4=2441780 Av_12=476559820
25683174,11,84496,39832304,39832304,PASS,0.007941,tau=25683174 n=11 g_3=84496 Av_11=39832304
25683174,12,2442628,476558972,476558972,PASS,0.183822,tau=25683174 n=12 g_4=2442628 Av_12=476558972
25683417,11,84397,39832403,39832403,PASS,0.007330,tau=25683417 n=11 g_3=84397 Av_11=39832403
25683417,12,2436879,476564721,476564721,PASS,0.148598,tau=25683417 n=12 g_4=2436879 Av_12=476564721
25683714,11,84492,39832308,39832308,PASS,0.006833,tau=25683714 n=11 g_3=84492 Av_11=39832308
25683714,12,2442134,476559466,476559466,PASS,0.148193,tau=25683714 n=12 g_4=2442134 Av_12=476559466
25684137,11,84483,39832317,39832317,PASS,0.007377,tau=25684137 n=11 g_3=84483 Av_11=39832317
25684137,12,2441324,476560276,476560276,PASS,0.167167,tau=25684137 n=12 g_4=2441324 Av_12=476560276
25684173,11,84495,39832305,39832305,PASS,0.007380,tau=25684173 n=11 g_3=84495 Av_11=39832305
25684173,12,2442480,476559120,476559120,PASS,0.150205,tau=25684173 n=12 g_4=2442480 Av_12=476559120
25684317,11,84397,39832403,39832403,PASS,0.006713,tau=25684317 n=11 g_3=84397 Av_11=39832403
25684317,12,2436885,476564715,476564715,PASS,0.162864,tau=25684317 n=12 g_4=2436885 Av_12=476564715
25684713,11,84469,39832331,39832331,PASS,0.006535,tau=25684713 n=11 g_3=84469 Av_11=39832331
25684713,12,2439836,476561764,476561764,PASS,0.170521,tau=25684713 n=12 g_4=2439836 Av_12=476561764
25687134,11,84213,39832587,39832587,PASS,0.006920,tau=25687134 n=11 g_3=84213 Av_11=39832587
25687134,12,2426838,476574762,476574762,PASS,0.152149,tau=25687134 n=12 g_4=2426838 Av_12=476574762
25687143,11,84213,39832587,39832587,PASS,0.007571,tau=25687143 n=11 g_3=84213 Av_11=39832587
25687143,12,2426857,476574743,476574743,PASS,0.157591,tau=25687143 n=12 g_4=2426857 Av_12=476574743
25687314,11,84299,39832501,39832501,PASS,0.009875,tau=25687314 n=11 g_3=84299 Av_11=39832501
25687314,12,2431253,476570347,476570347,PASS,0.165568,tau=25687314 n=12 g_4=2431253 Av_12=476570347
25687413,11,84292,39832508,39832508,PASS,0.009793,tau=25687413 n=11 g_3=84292 Av_11=39832508
25687413,12,2430508,476571092,476571092,PASS,0.165932,tau=25687413 n=12 g_4=2430508 Av_12=476571092
25713486,11,84490,39832310,39832310,PASS,0.007372,tau=25713486 n=11 g_3=84490 Av_11=39832310
25713486,12,2441881,476559719,476559719,PASS,0.145768,tau=25713486 n=12 g_4=2441881 Av_12=476559719
25713684,11,84581,39832219,39832219,PASS,0.007152,tau=25713684 n=11 g_3=84581 Av_11=39832219
25713684,12,2446836,476554764,476554764,PASS,0.146427,tau=25713684 n=12 g_4=2446836 Av_12=476554764
25713846,11,84576,39832224,39832224,PASS,0.007044,tau=25713846 n=11 g_3=84576 Av_11=39832224
25713846,12,2446350,476555250,476555250,PASS,0.170649,tau=25713846 n=12 g_4=2446350 Av_12=476555250
25713864,11,84579,39832221,39832221,PASS,0.006875,tau=25713864 n=11 g_3=84579 Av_11=39832221
25713864,12,2446649,476554951,476554951,PASS,0.190784,tau=25713864 n=12 g_4=2446649 Av_12=476554951
25714386,11,84488,39832312,39832312,PASS,0.007183,tau=25714386 n=11 g_3=84488 Av_11=39832312
25714386,12,2441723,476559877,476559877,PASS,0.147406,tau=25714386 n=12 g_4=2441723 Av_12=476559877
25714683,11,84575,39832225,39832225,PASS,0.008008,tau=25714683 n=11 g_3=84575 Av_11=39832225
25714683,12,2446224,476555376,476555376,PASS,0.152030,tau=25714683 n=12 g_4=2446224 Av_12=476555376
25714836,11,84585,39832215,39832215,PASS,0.010263,tau=25714836 n=11 g_3=84585 Av_11=39832215
25714836,12,2447231,476554369,476554369,PASS,0.179508,tau=25714836 n=12 g_4=2447231 Av_12=476554369
25714863,11,84585,39832215,39832215,PASS,0.010315,tau=25714863 n=11 g_3=84585 Av_11=39832215
25714863,12,2447217,476554383,476554383,PASS,0.145625,tau=25714863 n=12 g_4=2447217 Av_12=476554383
25716384,11,84580,39832220,39832220,PASS,0.009194,tau=25716384 n=11 g_3=84580 Av_11=39832220
25716384,12,2446761,476554839,476554839,PASS,0.165375,tau=25716384 n=12 g_4=2446761 Av_12=476554839
25716483,11,84576,39832224,39832224,PASS,0.007195,tau=25716483 n=11 g_3=84576 Av_11=39832224
25716483,12,2446375,476555225,476555225,PASS,0.158376,tau=25716483 n=12 g_4=2446375 Av_12=476555225
25716834,11,84482,39832318,39832318,PASS,0.007812,tau=25716834 n=11 g_3=84482 Av_11=39832318
25716834,12,2441175,476560425,476560425,PASS,0.148244,tau=25716834 n=12 g_4=2441175 Av_12=476560425
25716843,11,84482,39832318,39832318,PASS,0.006568,tau=25716843 n=11 g_3=84482 Av_11=39832318
25716843,12,2441181,476560419,476560419,PASS,0.153845,tau=25716843 n=12 g_4=2441181 Av_12=476560419
25718346,11,84480,39832320,39832320,PASS,0.007062,tau=25718346 n=11 g_3=84480 Av_11=39832320
25718346,12,2440942,476560658,476560658,PASS,0.213704,tau=25718346 n=12 g_4=2440942 Av_12=476560658
25718364,11,84575,39832225,39832225,PASS,0.008538,tau=25718364 n=11 g_3=84575 Av_11=39832225
25718364,12,2446267,476555333,476555333,PASS,0.215295,tau=25718364 n=12 g_4=2446267 Av_12=476555333
25718436,11,84489,39832311,39832311,PASS,0.007101,tau=25718436 n=11 g_3=84489 Av_11=39832311
25718436,12,2441877,476559723,476559723,PASS,0.147285,tau=25718436 n=12 g_4=2441877 Av_12=476559723
25718463,11,84569,39832231,39832231,PASS,0.006972,tau=25718463 n=11 g_3=84569 Av_11=39832231
25718463,12,2445648,476555952,476555952,PASS,0.149161,tau=25718463 n=12 g_4=2445648 Av_12=476555952
25718634,11,84484,39832316,39832316,PASS,0.007917,tau=25718634 n=11 g_3=84484 Av_11=39832316
25718634,12,2441381,476560219,476560219,PASS,0.180537,tau=25718634 n=12 g_4=2441381 Av_12=476560219
25718643,11,84484,39832316,39832316,PASS,0.007752,tau=25718643 n=11 g_3=84484 Av_11=39832316
25718643,12,2441362,476560238,476560238,PASS,0.144669,tau=25718643 n=12 g_4=2441362 Av_12=476560238
25731486,11,84576,39832224,39832224,PASS,0.007375,tau=25731486 n=11 g_3=84576 Av_11=39832224
25731486,12,2446296,476555304,476555304,PASS,0.161259,tau=25731486 n=12 g_4=2446296 Av_12=476555304
25731684,11,84584,39832216,39832216,PASS,0.006656,tau=25731684 n=11 g_3=84584 Av_11=39832216
25731684,12,2447178,476554422,476554422,PASS,0.175463,tau=25731684 n=12 g_4=2447178 Av_12=476554422
25731846,11,84579,39832221,39832221,PASS,0.009041,tau=25731846 n=11 g_3=84579 Av_11=39832221
25731846,12,2446653,476554947,476554947,PASS,0.143712,tau=25731846 n=12 g_4=2446653 Av_12=476554947
25731864,11,84578,39832222,39832222,PASS,0.008434,tau=25731864 n=11 g_3=84578 Av_11=39832222
25731864,12,2446567,476555033,476555033,PASS,0.205448,tau=25731864 n=12 g_4=2446567 Av_12=476555033
25734186,11,84484,39832316,39832316,PASS,0.007604,tau=25734186 n=11 g_3=84484 Av_11=39832316
25734186,12,2441328,476560272,476560272,PASS,0.150160,tau=25734186 n=12 g_4=2441328 Av_12=476560272
25734816,11,84491,39832309,39832309,PASS,0.007918,tau=25734816 n=11 g_3=84491 Av_11=39832309
25734816,12,2442044,476559556,476559556,PASS,0.214699,tau=25734816 n=12 g_4=2442044 Av_12=476559556
25736184,11,84578,39832222,39832222,PASS,0.006921,tau=25736184 n=11 g_3=84578 Av_11=39832222
25736184,12,2446534,476555066,476555066,PASS,0.145646,tau=25736184 n=12 g_4=2446534 Av_12=476555066
25736814,11,84570,39832230,39832230,PASS,0.007155,tau=25736814 n=11 g_3=84570 Av_11=39832230
25736814,12,2445692,476555908,476555908,PASS,0.152890,tau=25736814 n=12 g_4=2445692 Av_12=476555908
25738146,11,84580,39832220,39832220,PASS,0.010229,tau=25738146 n=11 g_3=84580 Av_11=39832220
25738146,12,2446754,476554846,476554846,PASS,0.206686,tau=25738146 n=12 g_4=2446754 Av_12=476554846
25738164,11,84582,39832218,39832218,PASS,0.008576,tau=25738164 n=11 g_3=84582 Av_11=39832218
25738164,12,2446950,476554650,476554650,PASS,0.197412,tau=25738164 n=12 g_4=2446950 Av_12=476554650
25738416,11,84576,39832224,39832224,PASS,0.007208,tau=25738416 n=11 g_3=84576 Av_11=39832224
25738416,12,2446329,476555271,476555271,PASS,0.151698,tau=25738416 n=12 g_4=2446329 Av_12=476555271
25738614,11,84578,39832222,39832222,PASS,0.007388,tau=25738614 n=11 g_3=84578 Av_11=39832222
25738614,12,2446495,476555105,476555105,PASS,0.150824,tau=25738614 n=12 g_4=2446495 Av_12=476555105
25741386,11,84570,39832230,39832230,PASS,0.007342,tau=25741386 n=11 g_3=84570 Av_11=39832230
25741386,12,2445735,476555865,476555865,PASS,0.188648,tau=25741386 n=12 g_4=2445735 Av_12=476555865
25741683,11,84576,39832224,39832224,PASS,0.007442,tau=25741683 n=11 g_3=84576 Av_11=39832224
25741683,12,2446381,476555219,476555219,PASS,0.147912,tau=25741683 n=12 g_4=2446381 Av_12=476555219
25741836,11,84585,39832215,39832215,PASS,0.006983,tau=25741836 n=11 g_3=84585 Av_11=39832215
25741836,12,2447287,476554313,476554313,PASS,0.204338,tau=25741836 n=12 g_4=2447287 Av_12=476554313
25741863,11,84578,39832222,39832222,PASS,0.007244,tau=25741863 n=11 g_3=84578 Av_11=39832222
25741863,12,2446571,476555029,476555029,PASS,0.153439,tau=25741863 n=12 g_4=2446571 Av_12=476555029
25743186,11,84480,39832320,39832320,PASS,0.008707,tau=25743186 n=11 g_3=84480 Av_11=39832320
25743186,12,2440941,476560659,476560659,PASS,0.181669,tau=25743186 n=12 g_4=2440941 Av_12=476560659
25743816,11,84487,39832313,39832313,PASS,0.008726,tau=25743816 n=11 g_3=84487 Av_11=39832313
25743816,12,2441655,476559945,476559945,PASS,0.174979,tau=25743816 n=12 g_4=2441655 Av_12=476559945
25746183,11,84394,39832406,39832406,PASS,0.012540,tau=25746183 n=11 g_3=84394 Av_11=39832406
25746183,12,2436575,476565025,476565025,PASS,0.149150,tau=25746183 n=12 g_4=2436575 Av_12=476565025
25746813,11,84380,39832420,39832420,PASS,0.009472,tau=25746813 n=11 g_3=84380 Av_11=39832420
25746813,12,2435102,476566498,476566498,PASS,0.161751,tau=25746813 n=12 g_4=2435102 Av_12=476566498
25748136,11,84576,39832224,39832224,PASS,0.010758,tau=25748136 n=11 g_3=84576 Av_11=39832224
25748136,12,2446365,476555235,476555235,PASS,0.209164,tau=25748136 n=12 g_4=2446365 Av_12=476555235
25748163,11,84578,39832222,39832222,PASS,0.010755,tau=25748163 n=11 g_3=84578 Av_11=39832222
25748163,12,2446543,476555057,476555057,PASS,0.208288,tau=25748163 n=12 g_4=2446543 Av_12=476555057
25748316,11,84572,39832228,39832228,PASS,0.008383,tau=25748316 n=11 g_3=84572 Av_11=39832228
25748316,12,2445964,476555636,476555636,PASS,0.147726,tau=25748316 n=12 g_4=2445964 Av_12=476555636
25748613,11,84469,39832331,39832331,PASS,0.007191,tau=25748613 n=11 g_3=84469 Av_11=39832331
25748613,12,2439798,476561802,476561802,PASS,0.156433,tau=25748613 n=12 g_4=2439798 Av_12=476561802
25761384,11,84400,39832400,39832400,PASS,0.007088,tau=25761384 n=11 g_3=84400 Av_11=39832400
25761384,12,2437266,476564334,476564334,PASS,0.152310,tau=25761384 n=12 g_4=2437266 Av_12=476564334
25761483,11,84404,39832396,39832396,PASS,0.007398,tau=25761483 n=11 g_3=84404 Av_11=39832396
25761483,12,2437609,476563991,476563991,PASS,0.157749,tau=25761483 n=12 g_4=2437609 Av_12=476563991
25761834,11,84310,39832490,39832490,PASS,0.008891,tau=25761834 n=11 g_3=84310 Av_11=39832490
25761834,12,2432373,476569227,476569227,PASS,0.179169,tau=25761834 n=12 g_4=2432373 Av_12=476569227
25761843,11,84310,39832490,39832490,PASS,0.008264,tau=25761843 n=11 g_3=84310 Av_11=39832490
25761843,12,2432396,476569204,476569204,PASS,0.195213,tau=25761843 n=12 g_4=2432396 Av_12=476569204
25763184,11,84404,39832396,39832396,PASS,0.007539,tau=25763184 n=11 g_3=84404 Av_11=39832396
25763184,12,2437613,476563987,476563987,PASS,0.169474,tau=25763184 n=12 g_4=2437613 Av_12=476563987
25763814,11,84404,39832396,39832396,PASS,0.007817,tau=25763814 n=11 g_3=84404 Av_11=39832396
25763814,12,2437572,476564028,476564028,PASS,0.164718,tau=25763814 n=12 g_4=2437572 Av_12=476564028
25764183,11,84396,39832404,39832404,PASS,0.011462,tau=25764183 n=11 g_3=84396 Av_11=39832404
25764183,12,2436798,476564802,476564802,PASS,0.169568,tau=25764183 n=12 g_4=2436798 Av_12=476564802
25764813,11,84384,39832416,39832416,PASS,0.010054,tau=25764813 n=11 g_3=84384 Av_11=39832416
25764813,12,2435524,476566076,476566076,PASS,0.158086,tau=25764813 n=12 g_4=2435524 Av_12=476566076
25768134,11,84212,39832588,39832588,PASS,0.010457,tau=25768134 n=11 g_3=84212 Av_11=39832588
25768134,12,2426710,476574890,476574890,PASS,0.154650,tau=25768134 n=12 g_4=2426710 Av_12=476574890
25768143,11,84212,39832588,39832588,PASS,0.007170,tau=25768143 n=11 g_3=84212 Av_11=39832588
25768143,12,2426736,476574864,476574864,PASS,0.160480,tau=25768143 n=12 g_4=2426736 Av_12=476574864
25768314,11,84298,39832502,39832502,PASS,0.007169,tau=25768314 n=11 g_3=84298 Av_11=39832502
25768314,12,2431130,476570470,476570470,PASS,0.147311,tau=25768314 n=12 g_4=2431130 Av_12=476570470
25768413,11,84290,39832510,39832510,PASS,0.007210,tau=25768413 n=11 g_3=84290 Av_11=39832510
25768413,12,2430304,476571296,476571296,PASS,0.153241,tau=25768413 n=12 g_4=2430304 Av_12=476571296
25781346,11,84389,39832411,39832411,PASS,0.007551,tau=25781346 n=11 g_3=84389 Av_11=39832411
25781346,12,2436020,476565580,476565580,PASS,0.152934,tau=25781346 n=12 g_4=2436020 Av_12=476565580
25781364,11,84482,39832318,39832318,PASS,0.007786,tau=25781364 n=11 g_3=84482 Av_11=39832318
25781364,12,2441166,476560434,476560434,PASS,0.180278,tau=25781364 n=12 g_4=2441166 Av_12=476560434
25781436,11,84396,39832404,39832404,PASS,0.007403,tau=25781436 n=11 g_3=84396 Av_11=39832404
25781436,12,2436741,476564859,476564859,PASS,0.147969,tau=25781436 n=12 g_4=2436741 Av_12=476564859
25781463,11,84482,39832318,39832318,PASS,0.007368,tau=25781463 n=11 g_3=84482 Av_11=39832318
25781463,12,2441130,476560470,476560470,PASS,0.205243,tau=25781463 n=12 g_4=2441130 Av_12=476560470
25781634,11,84399,39832401,39832401,PASS,0.010481,tau=25781634 n=11 g_3=84399 Av_11=39832401
25781634,12,2437050,476564550,476564550,PASS,0.199171,tau=25781634 n=12 g_4=2437050 Av_12=476564550
25781643,11,84399,39832401,39832401,PASS,0.007239,tau=25781643 n=11 g_3=84399 Av_11=39832401
25781643,12,2437038,476564562,476564562,PASS,0.155113,tau=25781643 n=12 g_4=2437038 Av_12=476564562
25783146,11,84477,39832323,39832323,PASS,0.007511,tau=25783146 n=11 g_3=84477 Av_11=39832323
25783146,12,2440652,476560948,476560948,PASS,0.155579,tau=25783146 n=12 g_4=2440652 Av_12=476560948
25783164,11,84488,39832312,39832312,PASS,0.009835,tau=25783164 n=11 g_3=84488 Av_11=39832312
25783164,12,2441767,476559833,476559833,PASS,0.185005,tau=25783164 n=12 g_4=2441767 Av_12=476559833
25783416,11,84396,39832404,39832404,PASS,0.009840,tau=25783416 n=11 g_3=84396 Av_11=39832404
25783416,12,2436739,476564861,476564861,PASS,0.151763,tau=25783416 n=12 g_4=2436739 Av_12=476564861
25783614,11,84492,39832308,39832308,PASS,0.007345,tau=25783614 n=11 g_3=84492 Av_11=39832308
25783614,12,2442035,476559565,476559565,PASS,0.168406,tau=25783614 n=12 g_4=2442035 Av_12=476559565
25784136,11,84482,39832318,39832318,PASS,0.007240,tau=25784136 n=11 g_3=84482 Av_11=39832318
25784136,12,2441162,476560438,476560438,PASS,0.161226,tau=25784136 n=12 g_4=2441162 Av_12=476560438
25784163,11,84488,39832312,39832312,PASS,0.007923,tau=25784163 n=11 g_3=84488 Av_11=39832312
25784163,12,2441690,476559910,476559910,PASS,0.195710,tau=25784163 n=12 g_4=2441690 Av_12=476559910
25784316,11,84398,39832402,39832402,PASS,0.011174,tau=25784316 n=11 g_3=84398 Av_11=39832402
25784316,12,2436930,476564670,476564670,PASS,0.216753,tau=25784316 n=12 g_4=2436930 Av_12=476564670
25784613,11,84385,39832415,39832415,PASS,0.007359,tau=25784613 n=11 g_3=84385 Av_11=39832415
25784613,12,2435554,476566046,476566046,PASS,0.179656,tau=25784613 n=12 g_4=2435554 Av_12=476566046
25786134,11,84298,39832502,39832502,PASS,0.007832,tau=25786134 n=11 g_3=84298 Av_11=39832502
25786134,12,2431138,476570462,476570462,PASS,0.180178,tau=25786134 n=12 g_4=2431138 Av_12=476570462
25786143,11,84298,39832502,39832502,PASS,0.010456,tau=25786143 n=11 g_3=84298 Av_11=39832502
25786143,12,2431160,476570440,476570440,PASS,0.162697,tau=25786143 n=12 g_4=2431160 Av_12=476570440
25786314,11,84384,39832416,39832416,PASS,0.011309,tau=25786314 n=11 g_3=84384 Av_11=39832416
25786314,12,2435545,476566055,476566055,PASS,0.211754,tau=25786314 n=12 g_4=2435545 Av_12=476566055
25786413,11,84376,39832424,39832424,PASS,0.010399,tau=25786413 n=11 g_3=84376 Av_11=39832424
25786413,12,2434707,476566893,476566893,PASS,0.203507,tau=25786413 n=12 g_4=2434707 Av_12=476566893
25813476,11,84402,39832398,39832398,PASS,0.010198,tau=25813476 n=11 g_3=84402 Av_11=39832398
25813476,12,2437327,476564273,476564273,PASS,0.210886,tau=25813476 n=12 g_4=2437327 Av_12=476564273
25813674,11,84494,39832306,39832306,PASS,0.007166,tau=25813674 n=11 g_3=84494 Av_11=39832306
25813674,12,2442368,476559232,476559232,PASS,0.148204,tau=25813674 n=12 g_4=2442368 Av_12=476559232
25813746,11,84578,39832222,39832222,PASS,0.010519,tau=25813746 n=11 g_3=84578 Av_11=39832222
25813746,12,2446558,476555042,476555042,PASS,0.171350,tau=25813746 n=12 g_4=2446558 Av_12=476555042
25813764,11,84487,39832313,39832313,PASS,0.010250,tau=25813764 n=11 g_3=84487 Av_11=39832313
25813764,12,2441637,476559963,476559963,PASS,0.184628,tau=25813764 n=12 g_4=2441637 Av_12=476559963
25814376,11,84398,39832402,39832402,PASS,0.009440,tau=25814376 n=11 g_3=84398 Av_11=39832402
25814376,12,2436928,476564672,476564672,PASS,0.176556,tau=25814376 n=12 g_4=2436928 Av_12=476564672
25814637,11,84582,39832218,39832218,PASS,0.007646,tau=25814637 n=11 g_3=84582 Av_11=39832218
25814637,12,2446951,476554649,476554649,PASS,0.186687,tau=25814637 n=12 g_4=2446951 Av_12=476554649
25814673,11,84495,39832305,39832305,PASS,0.010343,tau=25814673 n=11 g_3=84495 Av_11=39832305
25814673,12,2442448,476559152,476559152,PASS,0.206715,tau=25814673 n=12 g_4=2442448 Av_12=476559152
25814736,11,84578,39832222,39832222,PASS,0.007623,tau=25814736 n=11 g_3=84578 Av_11=39832222
25814736,12,2446503,476555097,476555097,PASS,0.153846,tau=25814736 n=12 g_4=2446503 Av_12=476555097
25814763,11,84496,39832304,39832304,PASS,0.007202,tau=25814763 n=11 g_3=84496 Av_11=39832304
25814763,12,2442530,476559070,476559070,PASS,0.159310,tau=25814763 n=12 g_4=2442530 Av_12=476559070
25816374,11,84584,39832216,39832216,PASS,0.008358,tau=25816374 n=11 g_3=84584 Av_11=39832216
25816374,12,2447144,476554456,476554456,PASS,0.220368,tau=25816374 n=12 g_4=2447144 Av_12=476554456
25816437,11,84495,39832305,39832305,PASS,0.007034,tau=25816437 n=11 g_3=84495 Av_11=39832305
25816437,12,2442475,476559125,476559125,PASS,0.149032,tau=25816437 n=12 g_4=2442475 Av_12=476559125
25816473,11,84582,39832218,39832218,PASS,0.007896,tau=25816473 n=11 g_3=84582 Av_11=39832218
25816473,12,2446977,476554623,476554623,PASS,0.167218,tau=25816473 n=12 g_4=2446977 Av_12=476554623
25816734,11,84402,39832398,39832398,PASS,0.009808,tau=25816734 n=11 g_3=84402 Av_11=39832398
25816734,12,2437368,476564232,476564232,PASS,0.229707,tau=25816734 n=12 g_4=2437368 Av_12=476564232
25816743,11,84402,39832398,39832398,PASS,0.010249,tau=25816743 n=11 g_3=84402 Av_11=39832398
25816743,12,2437388,476564212,476564212,PASS,0.196073,tau=25816743 n=12 g_4=2437388 Av_12=476564212
25817346,11,84491,39832309,39832309,PASS,0.007489,tau=25817346 n=11 g_3=84491 Av_11=39832309
25817346,12,2442072,476559528,476559528,PASS,0.195576,tau=25817346 n=12 g_4=2442072 Av_12=476559528
25817364,11,84578,39832222,39832222,PASS,0.011154,tau=25817364 n=11 g_3=84578 Av_11=39832222
25817364,12,2446553,476555047,476555047,PASS,0.211818,tau=25817364 n=12 g_4=2446553 Av_12=476555047
25817436,11,84495,39832305,39832305,PASS,0.007532,tau=25817436 n=11 g_3=84495 Av_11=39832305
25817436,12,2442496,476559104,476559104,PASS,0.179120,tau=25817436 n=12 g_4=2442496 Av_12=476559104
25817463,11,84574,39832226,39832226,PASS,0.007950,tau=25817463 n=11 g_3=84574 Av_11=39832226
25817463,12,2446133,476555467,476555467,PASS,0.212069,tau=25817463 n=12 g_4=2446133 Av_12=476555467
25817634,11,84398,39832402,39832402,PASS,0.007264,tau=25817634 n=11 g_3=84398 Av_11=39832402
25817634,12,2436985,476564615,476564615,PASS,0.220964,tau=25817634 n=12 g_4=2436985 Av_12=476564615
25817643,11,84397,39832403,39832403,PASS,0.010539,tau=25817643 n=11 g_3=84397 Av_11=39832403
25817643,12,2436836,476564764,476564764,PASS,0.224595,tau=25817643 n=12 g_4=2436836 Av_12=476564764
25831476,11,84488,39832312,39832312,PASS,0.010447,tau=25831476 n=11 g_3=84488 Av_11=39832312
25831476,12,2441747,476559853,476559853,PASS,0.193058,tau=25831476 n=12 g_4=2441747 Av_12=476559853
25831674,11,84496,39832304,39832304,PASS,0.010510,tau=25831674 n=11 g_3=84496 Av_11=39832304
25831674,12,2442646,476558954,476558954,PASS,0.215605,tau=25831674 n=12 g_4=2442646 Av_12=476558954
25831746,11,84582,39832218,39832218,PASS,0.008267,tau=25831746 n=11 g_3=84582 Av_11=39832218
25831746,12,2447000,476554600,476554600,PASS,0.225914,tau=25831746 n=12 g_4=2447000 Av_12=476554600
25831764,11,84493,39832307,39832307,PASS,0.007477,tau=25831764 n=11 g_3=84493 Av_11=39832307
25831764,12,2442229,476559371,476559371,PASS,0.171096,tau=25831764 n=12 g_4=2442229 Av_12=476559371
25834176,11,84402,39832398,39832398,PASS,0.006707,tau=25834176 n=11 g_3=84402 Av_11=39832398
25834176,12,2437380,476564220,476564220,PASS,0.209902,tau=25834176 n=12 g_4=2437380 Av_12=476564220
25834617,11,84490,39832310,39832310,PASS,0.010367,tau=25834617 n=11 g_3=84490 Av_11=39832310
25834617,12,2441925,476559675,476559675,PASS,0.191660,tau=25834617 n=12 g_4=2441925 Av_12=476559675
25834716,11,84493,39832307,39832307,PASS,0.010189,tau=25834716 n=11 g_3=84493 Av_11=39832307
25834716,12,2442240,476559360,476559360,PASS,0.239524,tau=25834716 n=12 g_4=2442240 Av_12=476559360
25836147,11,84593,39832207,39832207,PASS,0.008396,tau=25836147 n=11 g_3=84593 Av_11=39832207
25836147,12,2447869,476553731,476553731,PASS,0.146025,tau=25836147 n=12 g_4=2447869 Av_12=476553731
25836174,11,84591,39832209,39832209,PASS,0.010386,tau=25836174 n=11 g_3=84591 Av_11=39832209
25836174,12,2447829,476553771,476553771,PASS,0.228470,tau=25836174 n=12 g_4=2447829 Av_12=476553771
25836417,11,84576,39832224,39832224,PASS,0.008117,tau=25836417 n=11 g_3=84576 Av_11=39832224
25836417,12,2446295,476555305,476555305,PASS,0.144742,tau=25836417 n=12 g_4=2446295 Av_12=476555305
25836714,11,84499,39832301,39832301,PASS,0.007975,tau=25836714 n=11 g_3=84499 Av_11=39832301
25836714,12,2442787,476558813,476558813,PASS,0.155183,tau=25836714 n=12 g_4=2442787 Av_12=476558813
25837146,11,84588,39832212,39832212,PASS,0.010487,tau=25837146 n=11 g_3=84588 Av_11=39832212
25837146,12,2447526,476554074,476554074,PASS,0.176787,tau=25837146 n=12 g_4=2447526 Av_12=476554074
25837164,11,84572,39832228,39832228,PASS,0.007363,tau=25837164 n=11 g_3=84572 Av_11=39832228
25837164,12,2445931,476555669,476555669,PASS,0.177780,tau=25837164 n=12 g_4=2445931 Av_12=476555669
25837416,11,84586,39832214,39832214,PASS,0.006817,tau=25837416 n=11 g_3=84586 Av_11=39832214
25837416,12,2447310,476554290,476554290,PASS,0.152708,tau=25837416 n=12 g_4=2447310 Av_12=476554290
25837614,11,84490,39832310,39832310,PASS,0.007648,tau=25837614 n=11 g_3=84490 Av_11=39832310
25837614,12,2441892,476559708,476559708,PASS,0.156658,tau=25837614 n=12 g_4=2441892 Av_12=476559708
25841376,11,84488,39832312,39832312,PASS,0.010442,tau=25841376 n=11 g_3=84488 Av_11=39832312
25841376,12,2441718,476559882,476559882,PASS,0.225271,tau=25841376 n=12 g_4=2441718 Av_12=476559882
25841637,11,84588,39832212,39832212,PASS,0.007053,tau=25841637 n=11 g_3=84588 Av_11=39832212
25841637,12,2447560,476554040,476554040,PASS,0.149652,tau=25841637 n=12 g_4=2447560 Av_12=476554040
25841673,11,84500,39832300,39832300,PASS,0.010608,tau=25841673 n=11 g_3=84500 Av_11=39832300
25841673,12,2443004,476558596,476558596,PASS,0.214021,tau=25841673 n=12 g_4=2443004 Av_12=476558596
25841736,11,84585,39832215,39832215,PASS,0.008594,tau=25841736 n=11 g_3=84585 Av_11=39832215
25841736,12,2447260,476554340,476554340,PASS,0.164364,tau=25841736 n=12 g_4=2447260 Av_12=476554340
25841763,11,84497,39832303,39832303,PASS,0.007373,tau=25841763 n=11 g_3=84497 Av_11=39832303
25841763,12,2442697,476558903,476558903,PASS,0.146100,tau=25841763 n=12 g_4=2442697 Av_12=476558903
25843176,11,84398,39832402,39832402,PASS,0.007656,tau=25843176 n=11 g_3=84398 Av_11=39832402
25843176,12,2436944,476564656,476564656,PASS,0.175565,tau=25843176 n=12 g_4=2436944 Av_12=476564656
25843617,11,84486,39832314,39832314,PASS,0.007924,tau=25843617 n=11 g_3=84486 Av_11=39832314
25843617,12,2441562,476560038,476560038,PASS,0.185346,tau=25843617 n=12 g_4=2441562 Av_12=476560038
25843716,11,84491,39832309,39832309,PASS,0.010149,tau=25843716 n=11 g_3=84491 Av_11=39832309
25843716,12,2441996,476559604,476559604,PASS,0.169874,tau=25843716 n=12 g_4=2441996 Av_12=476559604
25846137,11,84575,39832225,39832225,PASS,0.008166,tau=25846137 n=11 g_3=84575 Av_11=39832225
25846137,12,2446260,476555340,476555340,PASS,0.148615,tau=25846137 n=12 g_4=2446260 Av_12=476555340
25846173,11,84575,39832225,39832225,PASS,0.008619,tau=25846173 n=11 g_3=84575 Av_11=39832225
25846173,12,2446238,476555362,476555362,PASS,0.214632,tau=25846173 n=12 g_4=2446238 Av_12=476555362
25846317,11,84568,39832232,39832232,PASS,0.008009,tau=25846317 n=11 g_3=84568 Av_11=39832232
25846317,12,2445527,476556073,476556073,PASS,0.189613,tau=25846317 n=12 g_4=2445527 Av_12=476556073
25846713,11,84468,39832332,39832332,PASS,0.015076,tau=25846713 n=11 g_3=84468 Av_11=39832332
25846713,12,2439697,476561903,476561903,PASS,0.213913,tau=25846713 n=12 g_4=2439697 Av_12=476561903
25847136,11,84576,39832224,39832224,PASS,0.007065,tau=25847136 n=11 g_3=84576 Av_11=39832224
25847136,12,2446327,476555273,476555273,PASS,0.149494,tau=25847136 n=12 g_4=2446327 Av_12=476555273
25847163,11,84575,39832225,39832225,PASS,0.008989,tau=25847163 n=11 g_3=84575 Av_11=39832225
25847163,12,2446225,476555375,476555375,PASS,0.176391,tau=25847163 n=12 g_4=2446225 Av_12=476555375
25847316,11,84572,39832228,39832228,PASS,0.008986,tau=25847316 n=11 g_3=84572 Av_11=39832228
25847316,12,2445912,476555688,476555688,PASS,0.164035,tau=25847316 n=12 g_4=2445912 Av_12=476555688
25847613,11,84387,39832413,39832413,PASS,0.007025,tau=25847613 n=11 g_3=84387 Av_11=39832413
25847613,12,2435812,476565788,476565788,PASS,0.146829,tau=25847613 n=12 g_4=2435812 Av_12=476565788
25861374,11,84578,39832222,39832222,PASS,0.007659,tau=25861374 n=11 g_3=84578 Av_11=39832222
25861374,12,2446626,476554974,476554974,PASS,0.196261,tau=25861374 n=12 g_4=2446626 Av_12=476554974
25861437,11,84488,39832312,39832312,PASS,0.010424,tau=25861437 n=11 g_3=84488 Av_11=39832312
25861437,12,2441814,476559786,476559786,PASS,0.145502,tau=25861437 n=12 g_4=2441814 Av_12=476559786
25861473,11,84582,39832218,39832218,PASS,0.006743,tau=25861473 n=11 g_3=84582 Av_11=39832218
25861473,12,2446986,476554614,476554614,PASS,0.174318,tau=25861473 n=12 g_4=2446986 Av_12=476554614
25861734,11,84484,39832316,39832316,PASS,0.009878,tau=25861734 n=11 g_3=84484 Av_11=39832316
25861734,12,2441343,476560257,476560257,PASS,0.195277,tau=25861734 n=12 g_4=2441343 Av_12=476560257
25861743,11,84484,39832316,39832316,PASS,0.007259,tau=25861743 n=11 g_3=84484 Av_11=39832316
25861743,12,2441383,476560217,476560217,PASS,0.208312,tau=25861743 n=12 g_4=2441383 Av_12=476560217
25863147,11,84574,39832226,39832226,PASS,0.008764,tau=25863147 n=11 g_3=84574 Av_11=39832226
25863147,12,2446188,476555412,476555412,PASS,0.169720,tau=25863147 n=12 g_4=2446188 Av_12=476555412
25863174,11,84581,39832219,39832219,PASS,0.007448,tau=25863174 n=11 g_3=84581 Av_11=39832219
25863174,12,2446890,476554710,476554710,PASS,0.207615,tau=25863174 n=12 g_4=2446890 Av_12=476554710
25863417,11,84480,39832320,39832320,PASS,0.010402,tau=25863417 n=11 g_3=84480 Av_11=39832320
25863417,12,2440991,476560609,476560609,PASS,0.191000,tau=25863417 n=12 g_4=2440991 Av_12=476560609
25863714,11,84577,39832223,39832223,PASS,0.010514,tau=25863714 n=11 g_3=84577 Av_11=39832223
25863714,12,2446432,476555168,476555168,PASS,0.179914,tau=25863714 n=12 g_4=2446432 Av_12=476555168
25864137,11,84566,39832234,39832234,PASS,0.010518,tau=25864137 n=11 g_3=84566 Av_11=39832234
25864137,12,2445410,476556190,476556190,PASS,0.178124,tau=25864137 n=12 g_4=2445410 Av_12=476556190
25864173,11,84578,39832222,39832222,PASS,0.008047,tau=25864173 n=11 g_3=84578 Av_11=39832222
25864173,12,2446591,476555009,476555009,PASS,0.146039,tau=25864173 n=12 g_4=2446591 Av_12=476555009
25864317,11,84480,39832320,39832320,PASS,0.007637,tau=25864317 n=11 g_3=84480 Av_11=39832320
25864317,12,2440940,476560660,476560660,PASS,0.195510,tau=25864317 n=12 g_4=2440940 Av_12=476560660
25864713,11,84554,39832246,39832246,PASS,0.010388,tau=25864713 n=11 g_3=84554 Av_11=39832246
25864713,12,2444139,476557461,476557461,PASS,0.186027,tau=25864713 n=12 g_4=2444139 Av_12=476557461
25867134,11,84298,39832502,39832502,PASS,0.006951,tau=25867134 n=11 g_3=84298 Av_11=39832502
25867134,12,2431140,476570460,476570460,PASS,0.158350,tau=25867134 n=12 g_4=2431140 Av_12=476570460
25867143,11,84298,39832502,39832502,PASS,0.007259,tau=25867143 n=11 g_3=84298 Av_11=39832502
25867143,12,2431166,476570434,476570434,PASS,0.144737,tau=25867143 n=12 g_4=2431166 Av_12=476570434
25867314,11,84384,39832416,39832416,PASS,0.007216,tau=25867314 n=11 g_3=84384 Av_11=39832416
25867314,12,2435551,476566049,476566049,PASS,0.145738,tau=25867314 n=12 g_4=2435551 Av_12=476566049
25867413,11,84376,39832424,39832424,PASS,0.011332,tau=25867413 n=11 g_3=84376 Av_11=39832424
25867413,12,2434711,476566889,476566889,PASS,0.214491,tau=25867413 n=12 g_4=2434711 Av_12=476566889
25871346,11,84399,39832401,39832401,PASS,0.010321,tau=25871346 n=11 g_3=84399 Av_11=39832401
25871346,12,2437034,476564566,476564566,PASS,0.198715,tau=25871346 n=12 g_4=2437034 Av_12=476564566
25871364,11,84485,39832315,39832315,PASS,0.006886,tau=25871364 n=11 g_3=84485 Av_11=39832315
25871364,12,2441515,476560085,476560085,PASS,0.168541,tau=25871364 n=12 g_4=2441515 Av_12=476560085
25871436,11,84399,39832401,39832401,PASS,0.011679,tau=25871436 n=11 g_3=84399 Av_11=39832401
25871436,12,2437121,476564479,476564479,PASS,0.171770,tau=25871436 n=12 g_4=2437121 Av_12=476564479
25871463,11,84489,39832311,39832311,PASS,0.007224,tau=25871463 n=11 g_3=84489 Av_11=39832311
25871463,12,2441865,476559735,476559735,PASS,0.156906,tau=25871463 n=12 g_4=2441865 Av_12=476559735
25871634,11,84397,39832403,39832403,PASS,0.011369,tau=25871634 n=11 g_3=84397 Av_11=39832403
25871634,12,2436908,476564692,476564692,PASS,0.175726,tau=25871634 n=12 g_4=2436908 Av_12=476564692
25871643,11,84397,39832403,39832403,PASS,0.009067,tau=25871643 n=11 g_3=84397 Av_11=39832403
25871643,12,2436877,476564723,476564723,PASS,0.169164,tau=25871643 n=12 g_4=2436877 Av_12=476564723
25873146,11,84485,39832315,39832315,PASS,0.007359,tau=25873146 n=11 g_3=84485 Av_11=39832315
25873146,12,2441492,476560108,476560108,PASS,0.236114,tau=25873146 n=12 g_4=2441492 Av_12=476560108
25873164,11,84492,39832308,39832308,PASS,0.010535,tau=25873164 n=11 g_3=84492 Av_11=39832308
25873164,12,2442200,476559400,476559400,PASS,0.201906,tau=25873164 n=12 g_4=2442200 Av_12=476559400
25873416,11,84402,39832398,39832398,PASS,0.010214,tau=25873416 n=11 g_3=84402 Av_11=39832398
25873416,12,2437403,476564197,476564197,PASS,0.171227,tau=25873416 n=12 g_4=2437403 Av_12=476564197
25873614,11,84493,39832307,39832307,PASS,0.013402,tau=25873614 n=11 g_3=84493 Av_11=39832307
25873614,12,2442147,476559453,476559453,PASS,0.199905,tau=25873614 n=12 g_4=2442147 Av_12=476559453
25874136,11,84488,39832312,39832312,PASS,0.007065,tau=25874136 n=11 g_3=84488 Av_11=39832312
25874136,12,2441778,476559822,476559822,PASS,0.182842,tau=25874136 n=12 g_4=2441778 Av_12=476559822
25874163,11,84498,39832302,39832302,PASS,0.007420,tau=25874163 n=11 g_3=84498 Av_11=39832302
25874163,12,2442681,476558919,476558919,PASS,0.183176,tau=25874163 n=12 g_4=2442681 Av_12=476558919
25874316,11,84402,39832398,39832398,PASS,0.006478,tau=25874316 n=11 g_3=84402 Av_11=39832398
25874316,12,2437381,476564219,476564219,PASS,0.172002,tau=25874316 n=12 g_4=2437381 Av_12=476564219
25874613,11,84468,39832332,39832332,PASS,0.007246,tau=25874613 n=11 g_3=84468 Av_11=39832332
25874613,12,2439699,476561901,476561901,PASS,0.186548,tau=25874613 n=12 g_4=2439699 Av_12=476561901
25876134,11,84213,39832587,39832587,PASS,0.009126,tau=25876134 n=11 g_3=84213 Av_11=39832587
25876134,12,2426872,476574728,476574728,PASS,0.155099,tau=25876134 n=12 g_4=2426872 Av_12=476574728
25876143,11,84213,39832587,39832587,PASS,0.007237,tau=25876143 n=11 g_3=84213 Av_11=39832587
25876143,12,2426878,476574722,476574722,PASS,0.152441,tau=25876143 n=12 g_4=2426878 Av_12=476574722
25876314,11,84299,39832501,39832501,PASS,0.006901,tau=25876314 n=11 g_3=84299 Av_11=39832501
25876314,12,2431262,476570338,476570338,PASS,0.154244,tau=25876314 n=12 g_4=2431262 Av_12=476570338
25876413,11,84294,39832506,39832506,PASS,0.008246,tau=25876413 n=11 g_3=84294 Av_11=39832506
25876413,12,2430678,476570922,476570922,PASS,0.169144,tau=25876413 n=12 g_4=2430678 Av_12=476570922
26134875,11,84391,39832409,39832409,PASS,0.007547,tau=26134875 n=11 g_3=84391 Av_11=39832409
26134875,12,2436157,476565443,476565443,PASS,0.147920,tau=26134875 n=12 g_4=2436157 Av_12=476565443
26135874,11,84484,39832316,39832316,PASS,0.006910,tau=26135874 n=11 g_3=84484 Av_11=39832316
26135874,12,2441267,476560333,476560333,PASS,0.149805,tau=26135874 n=12 g_4=2441267 Av_12=476560333
26137845,11,84395,39832405,39832405,PASS,0.007016,tau=26137845 n=11 g_3=84395 Av_11=39832405
26137845,12,2436627,476564973,476564973,PASS,0.160484,tau=26137845 n=12 g_4=2436627 Av_12=476564973
26137854,11,84395,39832405,39832405,PASS,0.008249,tau=26137854 n=11 g_3=84395 Av_11=39832405
26137854,12,2436674,476564926,476564926,PASS,0.200138,tau=26137854 n=12 g_4=2436674 Av_12=476564926
26138475,11,84566,39832234,39832234,PASS,0.006987,tau=26138475 n=11 g_3=84566 Av_11=39832234
26138475,12,2445336,476556264,476556264,PASS,0.165569,tau=26138475 n=12 g_4=2445336 Av_12=476556264
26138574,11,84564,39832236,39832236,PASS,0.007102,tau=26138574 n=11 g_3=84564 Av_11=39832236
26138574,12,2445131,476556469,476556469,PASS,0.156108,tau=26138574 n=12 g_4=2445131 Av_12=476556469
26138745,11,84395,39832405,39832405,PASS,0.010279,tau=26138745 n=11 g_3=84395 Av_11=39832405
26138745,12,2436632,476564968,476564968,PASS,0.215453,tau=26138745 n=12 g_4=2436632 Av_12=476564968
26138754,11,84393,39832407,39832407,PASS,0.010174,tau=26138754 n=11 g_3=84393 Av_11=39832407
26138754,12,2436395,476565205,476565205,PASS,0.154609,tau=26138754 n=12 g_4=2436395 Av_12=476565205
26143875,11,84386,39832414,39832414,PASS,0.009583,tau=26143875 n=11 g_3=84386 Av_11=39832414
26143875,12,2435622,476565978,476565978,PASS,0.170135,tau=26143875 n=12 g_4=2435622 Av_12=476565978
26145837,11,84489,39832311,39832311,PASS,0.007604,tau=26145837 n=11 g_3=84489 Av_11=39832311
26145837,12,2441774,476559826,476559826,PASS,0.208035,tau=26145837 n=12 g_4=2441774 Av_12=476559826
26145873,11,84399,39832401,39832401,PASS,0.007222,tau=26145873 n=11 g_3=84399 Av_11=39832401
26145873,12,2437040,476564560,476564560,PASS,0.206587,tau=26145873 n=12 g_4=2437040 Av_12=476564560
26147835,11,84492,39832308,39832308,PASS,0.007814,tau=26147835 n=11 g_3=84492 Av_11=39832308
26147835,12,2442096,476559504,476559504,PASS,0.185257,tau=26147835 n=12 g_4=2442096 Av_12=476559504
26147853,11,84490,39832310,39832310,PASS,0.008687,tau=26147853 n=11 g_3=84490 Av_11=39832310
26147853,12,2441853,476559747,476559747,PASS,0.165521,tau=26147853 n=12 g_4=2441853 Av_12=476559747
26148375,11,84569,39832231,39832231,PASS,0.011025,tau=26148375 n=11 g_3=84569 Av_11=39832231
26148375,12,2445559,476556041,476556041,PASS,0.189565,tau=26148375 n=12 g_4=2445559 Av_12=476556041
26148537,11,84580,39832220,39832220,PASS,0.007849,tau=26148537 n=11 g_3=84580 Av_11=39832220
26148537,12,2446681,476554919,476554919,PASS,0.151496,tau=26148537 n=12 g_4=2446681 Av_12=476554919
26148573,11,84574,39832226,39832226,PASS,0.007547,tau=26148573 n=11 g_3=84574 Av_11=39832226
26148573,12,2446085,476555515,476555515,PASS,0.159138,tau=26148573 n=12 g_4=2446085 Av_12=476555515
26148735,11,84494,39832306,39832306,PASS,0.009868,tau=26148735 n=11 g_3=84494 Av_11=39832306
26148735,12,2442271,476559329,476559329,PASS,0.210081,tau=26148735 n=12 g_4=2442271 Av_12=476559329
26148753,11,84478,39832322,39832322,PASS,0.007953,tau=26148753 n=11 g_3=84478 Av_11=39832322
26148753,12,2440675,476560925,476560925,PASS,0.194475,tau=26148753 n=12 g_4=2440675 Av_12=476560925
26153874,11,84484,39832316,39832316,PASS,0.008018,tau=26153874 n=11 g_3=84484 Av_11=39832316
26153874,12,2441269,476560331,476560331,PASS,0.207893,tau=26153874 n=12 g_4=2441269 Av_12=476560331
26154837,11,84476,39832324,39832324,PASS,0.007513,tau=26154837 n=11 g_3=84476 Av_11=39832324
26154837,12,2440466,476561134,476561134,PASS,0.152645,tau=26154837 n=12 g_4=2440466 Av_12=476561134
26154873,11,84393,39832407,39832407,PASS,0.008216,tau=26154873 n=11 g_3=84393 Av_11=39832407
26154873,12,2436409,476565191,476565191,PASS,0.155703,tau=26154873 n=12 g_4=2436409 Av_12=476565191
26157834,11,84390,39832410,39832410,PASS,0.007611,tau=26157834 n=11 g_3=84390 Av_11=39832410
26157834,12,2436135,476565465,476565465,PASS,0.190772,tau=26157834 n=12 g_4=2436135 Av_12=476565465
26157843,11,84390,39832410,39832410,PASS,0.007549,tau=26157843 n=11 g_3=84390 Av_11=39832410
26157843,12,2436105,476565495,476565495,PASS,0.144363,tau=26157843 n=12 g_4=2436105 Av_12=476565495
26158374,11,84578,39832222,39832222,PASS,0.010655,tau=26158374 n=11 g_3=84578 Av_11=39832222
26158374,12,2446475,476555125,476555125,PASS,0.175014,tau=26158374 n=12 g_4=2446475 Av_12=476555125
26158437,11,84487,39832313,39832313,PASS,0.007049,tau=26158437 n=11 g_3=84487 Av_11=39832313
26158437,12,2441579,476560021,476560021,PASS,0.147841,tau=26158437 n=12 g_4=2441579 Av_12=476560021
26158473,11,84564,39832236,39832236,PASS,0.007145,tau=26158473 n=11 g_3=84564 Av_11=39832236
26158473,12,2445078,476556522,476556522,PASS,0.147511,tau=26158473 n=12 g_4=2445078 Av_12=476556522
26158734,11,84394,39832406,39832406,PASS,0.007233,tau=26158734 n=11 g_3=84394 Av_11=39832406
26158734,12,2436553,476565047,476565047,PASS,0.162970,tau=26158734 n=12 g_4=2436553 Av_12=476565047
26158743,11,84394,39832406,39832406,PASS,0.007217,tau=26158743 n=11 g_3=84394 Av_11=39832406
26158743,12,2436515,476565085,476565085,PASS,0.148855,tau=26158743 n=12 g_4=2436515 Av_12=476565085
26173845,11,84475,39832325,39832325,PASS,0.006605,tau=26173845 n=11 g_3=84475 Av_11=39832325
26173845,12,2440418,476561182,476561182,PASS,0.162615,tau=26173845 n=12 g_4=2440418 Av_12=476561182
26173854,11,84487,39832313,39832313,PASS,0.007125,tau=26173854 n=11 g_3=84487 Av_11=39832313
26173854,12,2441580,476560020,476560020,PASS,0.162886,tau=26173854 n=12 g_4=2441580 Av_12=476560020
26174835,11,84570,39832230,39832230,PASS,0.007665,tau=26174835 n=11 g_3=84570 Av_11=39832230
26174835,12,2445723,476555877,476555877,PASS,0.177585,tau=26174835 n=12 g_4=2445723 Av_12=476555877
26174853,11,84564,39832236,39832236,PASS,0.006971,tau=26174853 n=11 g_3=84564 Av_11=39832236
26174853,12,2445092,476556508,476556508,PASS,0.154813,tau=26174853 n=12 g_4=2445092 Av_12=476556508
26175834,11,84477,39832323,39832323,PASS,0.007392,tau=26175834 n=11 g_3=84477 Av_11=39832323
26175834,12,2440650,476560950,476560950,PASS,0.160836,tau=26175834 n=12 g_4=2440650 Av_12=476560950
26175843,11,84475,39832325,39832325,PASS,0.007983,tau=26175843 n=11 g_3=84475 Av_11=39832325
26175843,12,2440414,476561186,476561186,PASS,0.159800,tau=26175843 n=12 g_4=2440414 Av_12=476561186
26178345,11,84299,39832501,39832501,PASS,0.007030,tau=26178345 n=11 g_3=84299 Av_11=39832501
26178345,12,2431222,476570378,476570378,PASS,0.192574,tau=26178345 n=12 g_4=2431222 Av_12=476570378
26178354,11,84306,39832494,39832494,PASS,0.006418,tau=26178354 n=11 g_3=84306 Av_11=39832494
26178354,12,2431998,476569602,476569602,PASS,0.157699,tau=26178354 n=12 g_4=2431998 Av_12=476569602
26178435,11,84306,39832494,39832494,PASS,0.006942,tau=26178435 n=11 g_3=84306 Av_11=39832494
26178435,12,2431997,476569603,476569603,PASS,0.197991,tau=26178435 n=12 g_4=2431997 Av_12=476569603
26178453,11,84301,39832499,39832499,PASS,0.009107,tau=26178453 n=11 g_3=84301 Av_11=39832499
26178453,12,2431453,476570147,476570147,PASS,0.152229,tau=26178453 n=12 g_4=2431453 Av_12=476570147
26178534,11,84301,39832499,39832499,PASS,0.007559,tau=26178534 n=11 g_3=84301 Av_11=39832499
26178534,12,2431475,476570125,476570125,PASS,0.162985,tau=26178534 n=12 g_4=2431475 Av_12=476570125
26178543,11,84299,39832501,39832501,PASS,0.007029,tau=26178543 n=11 g_3=84299 Av_11=39832501
26178543,12,2431232,476570368,476570368,PASS,0.202431,tau=26178543 n=12 g_4=2431232 Av_12=476570368
26183475,11,84488,39832312,39832312,PASS,0.008309,tau=26183475 n=11 g_3=84488 Av_11=39832312
26183475,12,2441773,476559827,476559827,PASS,0.204926,tau=26183475 n=12 g_4=2441773 Av_12=476559827
26183574,11,84574,39832226,39832226,PASS,0.009088,tau=26183574 n=11 g_3=84574 Av_11=39832226
26183574,12,2446089,476555511,476555511,PASS,0.150400,tau=26183574 n=12 g_4=2446089 Av_12=476555511
26183745,11,84489,39832311,39832311,PASS,0.007386,tau=26183745 n=11 g_3=84489 Av_11=39832311
26183745,12,2441816,476559784,476559784,PASS,0.153651,tau=26183745 n=12 g_4=2441816 Av_12=476559784
26183754,11,84487,39832313,39832313,PASS,0.007496,tau=26183754 n=11 g_3=84487 Av_11=39832313
26183754,12,2441656,476559944,476559944,PASS,0.152731,tau=26183754 n=12 g_4=2441656 Av_12=476559944
26184375,11,84488,39832312,39832312,PASS,0.007188,tau=26184375 n=11 g_3=84488 Av_11=39832312
26184375,12,2441748,476559852,476559852,PASS,0.190421,tau=26184375 n=12 g_4=2441748 Av_12=476559852
26184537,11,84404,39832396,39832396,PASS,0.007470,tau=26184537 n=11 g_3=84404 Av_11=39832396
26184537,12,2437591,476564009,476564009,PASS,0.150642,tau=26184537 n=12 g_4=2437591 Av_12=476564009
26184573,11,84482,39832318,39832318,PASS,0.007685,tau=26184573 n=11 g_3=84482 Av_11=39832318
26184573,12,2441145,476560455,476560455,PASS,0.200402,tau=26184573 n=12 g_4=2441145 Av_12=476560455
26184735,11,84569,39832231,39832231,PASS,0.006995,tau=26184735 n=11 g_3=84569 Av_11=39832231
26184735,12,2445640,476555960,476555960,PASS,0.156681,tau=26184735 n=12 g_4=2445640 Av_12=476555960
26184753,11,84566,39832234,39832234,PASS,0.007074,tau=26184753 n=11 g_3=84566 Av_11=39832234
26184753,12,2445306,476556294,476556294,PASS,0.152587,tau=26184753 n=12 g_4=2445306 Av_12=476556294
26185374,11,84576,39832224,39832224,PASS,0.010442,tau=26185374 n=11 g_3=84576 Av_11=39832224
26185374,12,2446296,476555304,476555304,PASS,0.167517,tau=26185374 n=12 g_4=2446296 Av_12=476555304
26185437,11,84396,39832404,39832404,PASS,0.007089,tau=26185437 n=11 g_3=84396 Av_11=39832404
26185437,12,2436777,476564823,476564823,PASS,0.157495,tau=26185437 n=12 g_4=2436777 Av_12=476564823
26185473,11,84492,39832308,39832308,PASS,0.007270,tau=26185473 n=11 g_3=84492 Av_11=39832308
26185473,12,2442114,476559486,476559486,PASS,0.166726,tau=26185473 n=12 g_4=2442114 Av_12=476559486
26185734,11,84475,39832325,39832325,PASS,0.007711,tau=26185734 n=11 g_3=84475 Av_11=39832325
26185734,12,2440430,476561170,476561170,PASS,0.183390,tau=26185734 n=12 g_4=2440430 Av_12=476561170
26185743,11,84473,39832327,39832327,PASS,0.018535,tau=26185743 n=11 g_3=84473 Av_11=39832327
26185743,12,2440193,476561407,476561407,PASS,0.180578,tau=26185743 n=12 g_4=2440193 Av_12=476561407
26187345,11,84302,39832498,39832498,PASS,0.007768,tau=26187345 n=11 g_3=84302 Av_11=39832498
26187345,12,2431548,476570052,476570052,PASS,0.153862,tau=26187345 n=12 g_4=2431548 Av_12=476570052
26187354,11,84307,39832493,39832493,PASS,0.007858,tau=26187354 n=11 g_3=84307 Av_11=39832493
26187354,12,2432123,476569477,476569477,PASS,0.158966,tau=26187354 n=12 g_4=2432123 Av_12=476569477
26187435,11,84307,39832493,39832493,PASS,0.007837,tau=26187435 n=11 g_3=84307 Av_11=39832493
26187435,12,2432122,476569478,476569478,PASS,0.176682,tau=26187435 n=12 g_4=2432122 Av_12=476569478
26187453,11,84303,39832497,39832497,PASS,0.007714,tau=26187453 n=11 g_3=84303 Av_11=39832497
26187453,12,2431673,476569927,476569927,PASS,0.192644,tau=26187453 n=12 g_4=2431673 Av_12=476569927
26187534,11,84303,39832497,39832497,PASS,0.007451,tau=26187534 n=11 g_3=84303 Av_11=39832497
26187534,12,2431673,476569927,476569927,PASS,0.150805,tau=26187534 n=12 g_4=2431673 Av_12=476569927
26187543,11,84300,39832500,39832500,PASS,0.007323,tau=26187543 n=11 g_3=84300 Av_11=39832500
26187543,12,2431317,476570283,476570283,PASS,0.145204,tau=26187543 n=12 g_4=2431317 Av_12=476570283
26314875,11,84476,39832324,39832324,PASS,0.010493,tau=26314875 n=11 g_3=84476 Av_11=39832324
26314875,12,2440467,476561133,476561133,PASS,0.163751,tau=26314875 n=12 g_4=2440467 Av_12=476561133
26315874,11,84488,39832312,39832312,PASS,0.007580,tau=26315874 n=11 g_3=84488 Av_11=39832312
26315874,12,2441708,476559892,476559892,PASS,0.149159,tau=26315874 n=12 g_4=2441708 Av_12=476559892
26317845,11,84395,39832405,39832405,PASS,0.007933,tau=26317845 n=11 g_3=84395 Av_11=39832405
26317845,12,2436662,476564938,476564938,PASS,0.163169,tau=26317845 n=12 g_4=2436662 Av_12=476564938
26317854,11,84395,39832405,39832405,PASS,0.006993,tau=26317854 n=11 g_3=84395 Av_11=39832405
26317854,12,2436707,476564893,476564893,PASS,0.146580,tau=26317854 n=12 g_4=2436707 Av_12=476564893
26318475,11,84570,39832230,39832230,PASS,0.007128,tau=26318475 n=11 g_3=84570 Av_11=39832230
26318475,12,2445747,476555853,476555853,PASS,0.150495,tau=26318475 n=12 g_4=2445747 Av_12=476555853
26318574,11,84566,39832234,39832234,PASS,0.007170,tau=26318574 n=11 g_3=84566 Av_11=39832234
26318574,12,2445353,476556247,476556247,PASS,0.156298,tau=26318574 n=12 g_4=2445353 Av_12=476556247
26318745,11,84395,39832405,39832405,PASS,0.007759,tau=26318745 n=11 g_3=84395 Av_11=39832405
26318745,12,2436657,476564943,476564943,PASS,0.148626,tau=26318745 n=12 g_4=2436657 Av_12=476564943
26318754,11,84395,39832405,39832405,PASS,0.008065,tau=26318754 n=11 g_3=84395 Av_11=39832405
26318754,12,2436614,476564986,476564986,PASS,0.175138,tau=26318754 n=12 g_4=2436614 Av_12=476564986
26341875,11,84394,39832406,39832406,PASS,0.006991,tau=26341875 n=11 g_3=84394 Av_11=39832406
26341875,12,2436470,476565130,476565130,PASS,0.144106,tau=26341875 n=12 g_4=2436470 Av_12=476565130
26345817,11,84302,39832498,39832498,PASS,0.007165,tau=26345817 n=11 g_3=84302 Av_11=39832498
26345817,12,2431538,476570062,476570062,PASS,0.146580,tau=26345817 n=12 g_4=2431538 Av_12=476570062
26347815,11,84403,39832397,39832397,PASS,0.007665,tau=26347815 n=11 g_3=84403 Av_11=39832397
26347815,12,2437501,476564099,476564099,PASS,0.155889,tau=26347815 n=12 g_4=2437501 Av_12=476564099
26348175,11,84489,39832311,39832311,PASS,0.007549,tau=26348175 n=11 g_3=84489 Av_11=39832311
26348175,12,2441860,476559740,476559740,PASS,0.178991,tau=26348175 n=12 g_4=2441860 Av_12=476559740
26348517,11,84491,39832309,39832309,PASS,0.007004,tau=26348517 n=11 g_3=84491 Av_11=39832309
26348517,12,2441992,476559608,476559608,PASS,0.146060,tau=26348517 n=12 g_4=2441992 Av_12=476559608
26348715,11,84403,39832397,39832397,PASS,0.007573,tau=26348715 n=11 g_3=84403 Av_11=39832397
26348715,12,2437498,476564102,476564102,PASS,0.156044,tau=26348715 n=12 g_4=2437498 Av_12=476564102
26351874,11,84487,39832313,39832313,PASS,0.007285,tau=26351874 n=11 g_3=84487 Av_11=39832313
26351874,12,2441669,476559931,476559931,PASS,0.187449,tau=26351874 n=12 g_4=2441669 Av_12=476559931
26354817,11,84384,39832416,39832416,PASS,0.010412,tau=26354817 n=11 g_3=84384 Av_11=39832416
26354817,12,2435536,476566064,476566064,PASS,0.170589,tau=26354817 n=12 g_4=2435536 Av_12=476566064
26357814,11,84481,39832319,39832319,PASS,0.007669,tau=26357814 n=11 g_3=84481 Av_11=39832319
26357814,12,2441038,476560562,476560562,PASS,0.155954,tau=26357814 n=12 g_4=2441038 Av_12=476560562
26358174,11,84578,39832222,39832222,PASS,0.007707,tau=26358174 n=11 g_3=84578 Av_11=39832222
26358174,12,2446608,476554992,476554992,PASS,0.151437,tau=26358174 n=12 g_4=2446608 Av_12=476554992
26358417,11,84574,39832226,39832226,PASS,0.007323,tau=26358417 n=11 g_3=84574 Av_11=39832226
26358417,12,2446138,476555462,476555462,PASS,0.156068,tau=26358417 n=12 g_4=2446138 Av_12=476555462
26358714,11,84481,39832319,39832319,PASS,0.008794,tau=26358714 n=11 g_3=84481 Av_11=39832319
26358714,12,2441090,476560510,476560510,PASS,0.154431,tau=26358714 n=12 g_4=2441090 Av_12=476560510
26371845,11,84490,39832310,39832310,PASS,0.007182,tau=26371845 n=11 g_3=84490 Av_11=39832310
26371845,12,2441951,476559649,476559649,PASS,0.154326,tau=26371845 n=12 g_4=2441951 Av_12=476559649
26371854,11,84490,39832310,39832310,PASS,0.007382,tau=26371854 n=11 g_3=84490 Av_11=39832310
26371854,12,2441999,476559601,476559601,PASS,0.150197,tau=26371854 n=12 g_4=2441999 Av_12=476559601
26374815,11,84571,39832229,39832229,PASS,0.007403,tau=26374815 n=11 g_3=84571 Av_11=39832229
26374815,12,2445830,476555770,476555770,PASS,0.155735,tau=26374815 n=12 g_4=2445830 Av_12=476555770
26375814,11,84568,39832232,39832232,PASS,0.007183,tau=26375814 n=11 g_3=84568 Av_11=39832232
26375814,12,2445517,476556083,476556083,PASS,0.152624,tau=26375814 n=12 g_4=2445517 Av_12=476556083
26378145,11,84402,39832398,39832398,PASS,0.007178,tau=26378145 n=11 g_3=84402 Av_11=39832398
26378145,12,2437392,476564208,476564208,PASS,0.153459,tau=26378145 n=12 g_4=2437392 Av_12=476564208
26378154,11,84402,39832398,39832398,PASS,0.008336,tau=26378154 n=11 g_3=84402 Av_11=39832398
26378154,12,2437428,476564172,476564172,PASS,0.155327,tau=26378154 n=12 g_4=2437428 Av_12=476564172
26378415,11,84492,39832308,39832308,PASS,0.007261,tau=26378415 n=11 g_3=84492 Av_11=39832308
26378415,12,2442129,476559471,476559471,PASS,0.181504,tau=26378415 n=12 g_4=2442129 Av_12=476559471
26378514,11,84487,39832313,39832313,PASS,0.007433,tau=26378514 n=11 g_3=84487 Av_11=39832313
26378514,12,2441676,476559924,476559924,PASS,0.154546,tau=26378514 n=12 g_4=2441676 Av_12=476559924
26381475,11,84582,39832218,39832218,PASS,0.007137,tau=26381475 n=11 g_3=84582 Av_11=39832218
26381475,12,2446986,476554614,476554614,PASS,0.193309,tau=26381475 n=12 g_4=2446986 Av_12=476554614
26381574,11,84582,39832218,39832218,PASS,0.007429,tau=26381574 n=11 g_3=84582 Av_11=39832218
26381574,12,2446986,476554614,476554614,PASS,0.157687,tau=26381574 n=12 g_4=2446986 Av_12=476554614
26381745,11,84492,39832308,39832308,PASS,0.010445,tau=26381745 n=11 g_3=84492 Av_11=39832308
26381745,12,2442172,476559428,476559428,PASS,0.163002,tau=26381745 n=12 g_4=2442172 Av_12=476559428
26381754,11,84492,39832308,39832308,PASS,0.007490,tau=26381754 n=11 g_3=84492 Av_11=39832308
26381754,12,2442128,476559472,476559472,PASS,0.147583,tau=26381754 n=12 g_4=2442128 Av_12=476559472
26384175,11,84584,39832216,39832216,PASS,0.007045,tau=26384175 n=11 g_3=84584 Av_11=39832216
26384175,12,2447155,476554445,476554445,PASS,0.143409,tau=26384175 n=12 g_4=2447155 Av_12=476554445
26384517,11,84485,39832315,39832315,PASS,0.007353,tau=26384517 n=11 g_3=84485 Av_11=39832315
26384517,12,2441458,476560142,476560142,PASS,0.149883,tau=26384517 n=12 g_4=2441458 Av_12=476560142
26384715,11,84582,39832218,39832218,PASS,0.007405,tau=26384715 n=11 g_3=84582 Av_11=39832218
26384715,12,2446940,476554660,476554660,PASS,0.165760,tau=26384715 n=12 g_4=2446940 Av_12=476554660
26385174,11,84592,39832208,39832208,PASS,0.007005,tau=26385174 n=11 g_3=84592 Av_11=39832208
26385174,12,2447889,476553711,476553711,PASS,0.157699,tau=26385174 n=12 g_4=2447889 Av_12=476553711
26385417,11,84496,39832304,39832304,PASS,0.006974,tau=26385417 n=11 g_3=84496 Av_11=39832304
26385417,12,2442536,476559064,476559064,PASS,0.162244,tau=26385417 n=12 g_4=2442536 Av_12=476559064
26385714,11,84572,39832228,39832228,PASS,0.007232,tau=26385714 n=11 g_3=84572 Av_11=39832228
26385714,12,2445948,476555652,476555652,PASS,0.156634,tau=26385714 n=12 g_4=2445948 Av_12=476555652
26387145,11,84403,39832397,39832397,PASS,0.007365,tau=26387145 n=11 g_3=84403 Av_11=39832397
26387145,12,2437521,476564079,476564079,PASS,0.170666,tau=26387145 n=12 g_4=2437521 Av_12=476564079
26387154,11,84403,39832397,39832397,PASS,0.006495,tau=26387154 n=11 g_3=84403 Av_11=39832397
26387154,12,2437511,476564089,476564089,PASS,0.155468,tau=26387154 n=12 g_4=2437511 Av_12=476564089
26387415,11,84490,39832310,39832310,PASS,0.007111,tau=26387415 n=11 g_3=84490 Av_11=39832310
26387415,12,2441948,476559652,476559652,PASS,0.191461,tau=26387415 n=12 g_4=2441948 Av_12=476559652
26387514,11,84487,39832313,39832313,PASS,0.007386,tau=26387514 n=11 g_3=84487 Av_11=39832313
26387514,12,2441650,476559950,476559950,PASS,0.151481,tau=26387514 n=12 g_4=2441650 Av_12=476559950
26413875,11,84473,39832327,39832327,PASS,0.006932,tau=26413875 n=11 g_3=84473 Av_11=39832327
26413875,12,2440135,476561465,476561465,PASS,0.201789,tau=26413875 n=12 g_4=2440135 Av_12=476561465
26415873,11,84489,39832311,39832311,PASS,0.006355,tau=26415873 n=11 g_3=84489 Av_11=39832311
26415873,12,2441866,476559734,476559734,PASS,0.154134,tau=26415873 n=12 g_4=2441866 Av_12=476559734
26417835,11,84493,39832307,39832307,PASS,0.007450,tau=26417835 n=11 g_3=84493 Av_11=39832307
26417835,12,2442280,476559320,476559320,PASS,0.149651,tau=26417835 n=12 g_4=2442280 Av_12=476559320
26417853,11,84491,39832309,39832309,PASS,0.010356,tau=26417853 n=11 g_3=84491 Av_11=39832309
26417853,12,2442054,476559546,476559546,PASS,0.178207,tau=26417853 n=12 g_4=2442054 Av_12=476559546
26418375,11,84582,39832218,39832218,PASS,0.008686,tau=26418375 n=11 g_3=84582 Av_11=39832218
26418375,12,2446894,476554706,476554706,PASS,0.155761,tau=26418375 n=12 g_4=2446894 Av_12=476554706
26418537,11,84585,39832215,39832215,PASS,0.006974,tau=26418537 n=11 g_3=84585 Av_11=39832215
26418537,12,2447214,476554386,476554386,PASS,0.156068,tau=26418537 n=12 g_4=2447214 Av_12=476554386
26418573,11,84578,39832222,39832222,PASS,0.007451,tau=26418573 n=11 g_3=84578 Av_11=39832222
26418573,12,2446551,476555049,476555049,PASS,0.153813,tau=26418573 n=12 g_4=2446551 Av_12=476555049
26418735,11,84492,39832308,39832308,PASS,0.007653,tau=26418735 n=11 g_3=84492 Av_11=39832308
26418735,12,2442169,476559431,476559431,PASS,0.152879,tau=26418735 n=12 g_4=2442169 Av_12=476559431
26418753,11,84484,39832316,39832316,PASS,0.009531,tau=26418753 n=11 g_3=84484 Av_11=39832316
26418753,12,2441306,476560294,476560294,PASS,0.150183,tau=26418753 n=12 g_4=2441306 Av_12=476560294
26431875,11,84387,39832413,39832413,PASS,0.006920,tau=26431875 n=11 g_3=84387 Av_11=39832413
26431875,12,2435748,476565852,476565852,PASS,0.155680,tau=26431875 n=12 g_4=2435748 Av_12=476565852
26435817,11,84384,39832416,39832416,PASS,0.006971,tau=26435817 n=11 g_3=84384 Av_11=39832416
26435817,12,2435543,476566057,476566057,PASS,0.155695,tau=26435817 n=12 g_4=2435543 Av_12=476566057
26437815,11,84397,39832403,39832403,PASS,0.007133,tau=26437815 n=11 g_3=84397 Av_11=39832403
26437815,12,2436859,476564741,476564741,PASS,0.165978,tau=26437815 n=12 g_4=2436859 Av_12=476564741
26438175,11,84478,39832322,39832322,PASS,0.008278,tau=26438175 n=11 g_3=84478 Av_11=39832322
26438175,12,2440723,476560877,476560877,PASS,0.170711,tau=26438175 n=12 g_4=2440723 Av_12=476560877
26438517,11,84489,39832311,39832311,PASS,0.007105,tau=26438517 n=11 g_3=84489 Av_11=39832311
26438517,12,2441795,476559805,476559805,PASS,0.148661,tau=26438517 n=12 g_4=2441795 Av_12=476559805
26438715,11,84395,39832405,39832405,PASS,0.008416,tau=26438715 n=11 g_3=84395 Av_11=39832405
26438715,12,2436637,476564963,476564963,PASS,0.172886,tau=26438715 n=12 g_4=2436637 Av_12=476564963
26451873,11,84315,39832485,39832485,PASS,0.007503,tau=26451873 n=11 g_3=84315 Av_11=39832485
26451873,12,2432911,476568689,476568689,PASS,0.154080,tau=26451873 n=12 g_4=2432911 Av_12=476568689
26453817,11,84298,39832502,39832502,PASS,0.007694,tau=26453817 n=11 g_3=84298 Av_11=39832502
26453817,12,2431091,476570509,476570509,PASS,0.156810,tau=26453817 n=12 g_4=2431091 Av_12=476570509
26457813,11,84298,39832502,39832502,PASS,0.006923,tau=26457813 n=11 g_3=84298 Av_11=39832502
26457813,12,2431089,476570511,476570511,PASS,0.151480,tau=26457813 n=12 g_4=2431089 Av_12=476570511
26458137,11,84404,39832396,39832396,PASS,0.012530,tau=26458137 n=11 g_3=84404 Av_11=39832396
26458137,12,2437588,476564012,476564012,PASS,0.153657,tau=26458137 n=12 g_4=2437588 Av_12=476564012
26458173,11,84404,39832396,39832396,PASS,0.007395,tau=26458173 n=11 g_3=84404 Av_11=39832396
26458173,12,2437582,476564018,476564018,PASS,0.173995,tau=26458173 n=12 g_4=2437582 Av_12=476564018
26458317,11,84400,39832400,39832400,PASS,0.008963,tau=26458317 n=11 g_3=84400 Av_11=39832400
26458317,12,2437190,476564410,476564410,PASS,0.146502,tau=26458317 n=12 g_4=2437190 Av_12=476564410
26458713,11,84299,39832501,39832501,PASS,0.007514,tau=26458713 n=11 g_3=84299 Av_11=39832501
26458713,12,2431232,476570368,476570368,PASS,0.185901,tau=26458713 n=12 g_4=2431232 Av_12=476570368
26471835,11,84570,39832230,39832230,PASS,0.007103,tau=26471835 n=11 g_3=84570 Av_11=39832230
26471835,12,2445783,476555817,476555817,PASS,0.153020,tau=26471835 n=12 g_4=2445783 Av_12=476555817
26471853,11,84576,39832224,39832224,PASS,0.008072,tau=26471853 n=11 g_3=84576 Av_11=39832224
26471853,12,2446363,476555237,476555237,PASS,0.168607,tau=26471853 n=12 g_4=2446363 Av_12=476555237
26473815,11,84576,39832224,39832224,PASS,0.006839,tau=26473815 n=11 g_3=84576 Av_11=39832224
26473815,12,2446360,476555240,476555240,PASS,0.168563,tau=26473815 n=12 g_4=2446360 Av_12=476555240
26475813,11,84378,39832422,39832422,PASS,0.007097,tau=26475813 n=11 g_3=84378 Av_11=39832422
26475813,12,2434899,476566701,476566701,PASS,0.183929,tau=26475813 n=12 g_4=2434899 Av_12=476566701
26478135,11,84480,39832320,39832320,PASS,0.007094,tau=26478135 n=11 g_3=84480 Av_11=39832320
26478135,12,2440949,476560651,476560651,PASS,0.146593,tau=26478135 n=12 g_4=2440949 Av_12=476560651
26478153,11,84487,39832313,39832313,PASS,0.007502,tau=26478153 n=11 g_3=84487 Av_11=39832313
26478153,12,2441628,476559972,476559972,PASS,0.169544,tau=26478153 n=12 g_4=2441628 Av_12=476559972
26478315,11,84488,39832312,39832312,PASS,0.010406,tau=26478315 n=11 g_3=84488 Av_11=39832312
26478315,12,2441753,476559847,476559847,PASS,0.221558,tau=26478315 n=12 g_4=2441753 Av_12=476559847
26478513,11,84469,39832331,39832331,PASS,0.006968,tau=26478513 n=11 g_3=84469 Av_11=39832331
26478513,12,2439784,476561816,476561816,PASS,0.156545,tau=26478513 n=12 g_4=2439784 Av_12=476561816
26481375,11,84580,39832220,39832220,PASS,0.007328,tau=26481375 n=11 g_3=84580 Av_11=39832220
26481375,12,2446753,476554847,476554847,PASS,0.148526,tau=26481375 n=12 g_4=2446753 Av_12=476554847
26481537,11,84585,39832215,39832215,PASS,0.010344,tau=26481537 n=11 g_3=84585 Av_11=39832215
26481537,12,2447240,476554360,476554360,PASS,0.193913,tau=26481537 n=12 g_4=2447240 Av_12=476554360
26481573,11,84584,39832216,39832216,PASS,0.007081,tau=26481573 n=11 g_3=84584 Av_11=39832216
26481573,12,2447182,476554418,476554418,PASS,0.174385,tau=26481573 n=12 g_4=2447182 Av_12=476554418
26481735,11,84581,39832219,39832219,PASS,0.007015,tau=26481735 n=11 g_3=84581 Av_11=39832219
26481735,12,2446827,476554773,476554773,PASS,0.149699,tau=26481735 n=12 g_4=2446827 Av_12=476554773
26481753,11,84571,39832229,39832229,PASS,0.010020,tau=26481753 n=11 g_3=84571 Av_11=39832229
26481753,12,2445865,476555735,476555735,PASS,0.157592,tau=26481753 n=12 g_4=2445865 Av_12=476555735
26483175,11,84578,39832222,39832222,PASS,0.010653,tau=26483175 n=11 g_3=84578 Av_11=39832222
26483175,12,2446579,476555021,476555021,PASS,0.211736,tau=26483175 n=12 g_4=2446579 Av_12=476555021
26483517,11,84578,39832222,39832222,PASS,0.007187,tau=26483517 n=11 g_3=84578 Av_11=39832222
26483517,12,2446502,476555098,476555098,PASS,0.213440,tau=26483517 n=12 g_4=2446502 Av_12=476555098
26483715,11,84573,39832227,39832227,PASS,0.006847,tau=26483715 n=11 g_3=84573 Av_11=39832227
26483715,12,2446031,476555569,476555569,PASS,0.142285,tau=26483715 n=12 g_4=2446031 Av_12=476555569
26485137,11,84576,39832224,39832224,PASS,0.008254,tau=26485137 n=11 g_3=84576 Av_11=39832224
26485137,12,2446328,476555272,476555272,PASS,0.192021,tau=26485137 n=12 g_4=2446328 Av_12=476555272
26485173,11,84574,39832226,39832226,PASS,0.007056,tau=26485173 n=11 g_3=84574 Av_11=39832226
26485173,12,2446153,476555447,476555447,PASS,0.147618,tau=26485173 n=12 g_4=2446153 Av_12=476555447
26485317,11,84566,39832234,39832234,PASS,0.012419,tau=26485317 n=11 g_3=84566 Av_11=39832234
26485317,12,2445342,476556258,476556258,PASS,0.161427,tau=26485317 n=12 g_4=2445342 Av_12=476556258
26485713,11,84470,39832330,39832330,PASS,0.009943,tau=26485713 n=11 g_3=84470 Av_11=39832330
26485713,12,2439889,476561711,476561711,PASS,0.215732,tau=26485713 n=12 g_4=2439889 Av_12=476561711
26487135,11,84481,39832319,39832319,PASS,0.009765,tau=26487135 n=11 g_3=84481 Av_11=39832319
26487135,12,2441048,476560552,476560552,PASS,0.207284,tau=26487135 n=12 g_4=2441048 Av_12=476560552
26487153,11,84485,39832315,39832315,PASS,0.007372,tau=26487153 n=11 g_3=84485 Av_11=39832315
26487153,12,2441424,476560176,476560176,PASS,0.151764,tau=26487153 n=12 g_4=2441424 Av_12=476560176
26487315,11,84488,39832312,39832312,PASS,0.007099,tau=26487315 n=11 g_3=84488 Av_11=39832312
26487315,12,2441751,476559849,476559849,PASS,0.150698,tau=26487315 n=12 g_4=2441751 Av_12=476559849
26487513,11,84387,39832413,39832413,PASS,0.007140,tau=26487513 n=11 g_3=84387 Av_11=39832413
26487513,12,2435759,476565841,476565841,PASS,0.164546,tau=26487513 n=12 g_4=2435759 Av_12=476565841
26513874,11,84405,39832395,39832395,PASS,0.007519,tau=26513874 n=11 g_3=84405 Av_11=39832395
26513874,12,2437626,476563974,476563974,PASS,0.164405,tau=26513874 n=12 g_4=2437626 Av_12=476563974
26514873,11,84401,39832399,39832399,PASS,0.006989,tau=26514873 n=11 g_3=84401 Av_11=39832399
26514873,12,2437248,476564352,476564352,PASS,0.148944,tau=26514873 n=12 g_4=2437248 Av_12=476564352
26517834,11,84312,39832488,39832488,PASS,0.007174,tau=26517834 n=11 g_3=84312 Av_11=39832488
26517834,12,2432623,476568977,476568977,PASS,0.188079,tau=26517834 n=12 g_4=2432623 Av_12=476568977
26517843,11,84312,39832488,39832488,PASS,0.010280,tau=26517843 n=11 g_3=84312 Av_11=39832488
26517843,12,2432622,476568978,476568978,PASS,0.182269,tau=26517843 n=12 g_4=2432622 Av_12=476568978
26518374,11,84495,39832305,39832305,PASS,0.009920,tau=26518374 n=11 g_3=84495 Av_11=39832305
26518374,12,2442539,476559061,476559061,PASS,0.182887,tau=26518374 n=12 g_4=2442539 Av_12=476559061
26518437,11,84408,39832392,39832392,PASS,0.009770,tau=26518437 n=11 g_3=84408 Av_11=39832392
26518437,12,2438027,476563573,476563573,PASS,0.204777,tau=26518437 n=12 g_4=2438027 Av_12=476563573
26518473,11,84493,39832307,39832307,PASS,0.010743,tau=26518473 n=11 g_3=84493 Av_11=39832307
26518473,12,2442276,476559324,476559324,PASS,0.180458,tau=26518473 n=12 g_4=2442276 Av_12=476559324
26518734,11,84312,39832488,39832488,PASS,0.010084,tau=26518734 n=11 g_3=84312 Av_11=39832488
26518734,12,2432599,476569001,476569001,PASS,0.180577,tau=26518734 n=12 g_4=2432599 Av_12=476569001
26518743,11,84312,39832488,39832488,PASS,0.010030,tau=26518743 n=11 g_3=84312 Av_11=39832488
26518743,12,2432604,476568996,476568996,PASS,0.180139,tau=26518743 n=12 g_4=2432604 Av_12=476568996
26531874,11,84398,39832402,39832402,PASS,0.007397,tau=26531874 n=11 g_3=84398 Av_11=39832402
26531874,12,2436933,476564667,476564667,PASS,0.151669,tau=26531874 n=12 g_4=2436933 Av_12=476564667
26534817,11,84300,39832500,39832500,PASS,0.008304,tau=26534817 n=11 g_3=84300 Av_11=39832500
26534817,12,2431331,476570269,476570269,PASS,0.328824,tau=26534817 n=12 g_4=2431331 Av_12=476570269
26537814,11,84397,39832403,39832403,PASS,0.006947,tau=26537814 n=11 g_3=84397 Av_11=39832403
26537814,12,2436879,476564721,476564721,PASS,0.248481,tau=26537814 n=12 g_4=2436879 Av_12=476564721
26538174,11,84491,39832309,39832309,PASS,0.006815,tau=26538174 n=11 g_3=84491 Av_11=39832309
26538174,12,2442030,476559570,476559570,PASS,0.304964,tau=26538174 n=12 g_4=2442030 Av_12=476559570
26538417,11,84488,39832312,39832312,PASS,0.006772,tau=26538417 n=11 g_3=84488 Av_11=39832312
26538417,12,2441733,476559867,476559867,PASS,0.234624,tau=26538417 n=12 g_4=2441733 Av_12=476559867
26538714,11,84397,39832403,39832403,PASS,0.007101,tau=26538714 n=11 g_3=84397 Av_11=39832403
26538714,12,2436859,476564741,476564741,PASS,0.183476,tau=26538714 n=12 g_4=2436859 Av_12=476564741
26541873,11,84305,39832495,39832495,PASS,0.010074,tau=26541873 n=11 g_3=84305 Av_11=39832495
26541873,12,2431896,476569704,476569704,PASS,0.208517,tau=26541873 n=12 g_4=2431896 Av_12=476569704
26543817,11,84199,39832601,39832601,PASS,0.009963,tau=26543817 n=11 g_3=84199 Av_11=39832601
26543817,12,2425369,476576231,476576231,PASS,0.154244,tau=26543817 n=12 g_4=2425369 Av_12=476576231
26547813,11,84206,39832594,39832594,PASS,0.007334,tau=26547813 n=11 g_3=84206 Av_11=39832594
26547813,12,2426140,476575460,476575460,PASS,0.176645,tau=26547813 n=12 g_4=2426140 Av_12=476575460
26548137,11,84393,39832407,39832407,PASS,0.007749,tau=26548137 n=11 g_3=84393 Av_11=39832407
26548137,12,2436474,476565126,476565126,PASS,0.155469,tau=26548137 n=12 g_4=2436474 Av_12=476565126
26548173,11,84391,39832409,39832409,PASS,0.006867,tau=26548173 n=11 g_3=84391 Av_11=39832409
26548173,12,2436285,476565315,476565315,PASS,0.182894,tau=26548173 n=12 g_4=2436285 Av_12=476565315
26548317,11,84388,39832412,39832412,PASS,0.006744,tau=26548317 n=11 g_3=84388 Av_11=39832412
26548317,12,2435929,476565671,476565671,PASS,0.151880,tau=26548317 n=12 g_4=2435929 Av_12=476565671
26548713,11,84206,39832594,39832594,PASS,0.008302,tau=26548713 n=11 g_3=84206 Av_11=39832594
26548713,12,2426133,476575467,476575467,PASS,0.180105,tau=26548713 n=12 g_4=2426133 Av_12=476575467
26571834,11,84310,39832490,39832490,PASS,0.007474,tau=26571834 n=11 g_3=84310 Av_11=39832490
26571834,12,2432365,476569235,476569235,PASS,0.155264,tau=26571834 n=12 g_4=2432365 Av_12=476569235
26571843,11,84310,39832490,39832490,PASS,0.007395,tau=26571843 n=11 g_3=84310 Av_11=39832490
26571843,12,2432401,476569199,476569199,PASS,0.147086,tau=26571843 n=12 g_4=2432401 Av_12=476569199
26573814,11,84404,39832396,39832396,PASS,0.009353,tau=26573814 n=11 g_3=84404 Av_11=39832396
26573814,12,2437577,476564023,476564023,PASS,0.153120,tau=26573814 n=12 g_4=2437577 Av_12=476564023
26574813,11,84384,39832416,39832416,PASS,0.007828,tau=26574813 n=11 g_3=84384 Av_11=39832416
26574813,12,2435524,476566076,476566076,PASS,0.189127,tau=26574813 n=12 g_4=2435524 Av_12=476566076
26578134,11,84213,39832587,39832587,PASS,0.007385,tau=26578134 n=11 g_3=84213 Av_11=39832587
26578134,12,2426851,476574749,476574749,PASS,0.150484,tau=26578134 n=12 g_4=2426851 Av_12=476574749
26578143,11,84213,39832587,39832587,PASS,0.006978,tau=26578143 n=11 g_3=84213 Av_11=39832587
26578143,12,2426873,476574727,476574727,PASS,0.209123,tau=26578143 n=12 g_4=2426873 Av_12=476574727
26578314,11,84299,39832501,39832501,PASS,0.007334,tau=26578314 n=11 g_3=84299 Av_11=39832501
26578314,12,2431260,476570340,476570340,PASS,0.155451,tau=26578314 n=12 g_4=2431260 Av_12=476570340
26578413,11,84292,39832508,39832508,PASS,0.010290,tau=26578413 n=11 g_3=84292 Av_11=39832508
26578413,12,2430515,476571085,476571085,PASS,0.171096,tau=26578413 n=12 g_4=2430515 Av_12=476571085
26581374,11,84492,39832308,39832308,PASS,0.007542,tau=26581374 n=11 g_3=84492 Av_11=39832308
26581374,12,2442253,476559347,476559347,PASS,0.169163,tau=26581374 n=12 g_4=2442253 Av_12=476559347
26581437,11,84402,39832398,39832398,PASS,0.007854,tau=26581437 n=11 g_3=84402 Av_11=39832398
26581437,12,2437426,476564174,476564174,PASS,0.150502,tau=26581437 n=12 g_4=2437426 Av_12=476564174
26581473,11,84494,39832306,39832306,PASS,0.007092,tau=26581473 n=11 g_3=84494 Av_11=39832306
26581473,12,2442395,476559205,476559205,PASS,0.152057,tau=26581473 n=12 g_4=2442395 Av_12=476559205
26581734,11,84398,39832402,39832402,PASS,0.007475,tau=26581734 n=11 g_3=84398 Av_11=39832402
26581734,12,2436998,476564602,476564602,PASS,0.153112,tau=26581734 n=12 g_4=2436998 Av_12=476564602
26581743,11,84398,39832402,39832402,PASS,0.006901,tau=26581743 n=11 g_3=84398 Av_11=39832402
26581743,12,2437007,476564593,476564593,PASS,0.146363,tau=26581743 n=12 g_4=2437007 Av_12=476564593
26583174,11,84496,39832304,39832304,PASS,0.006839,tau=26583174 n=11 g_3=84496 Av_11=39832304
26583174,12,2442643,476558957,476558957,PASS,0.150818,tau=26583174 n=12 g_4=2442643 Av_12=476558957
26583417,11,84399,39832401,39832401,PASS,0.007447,tau=26583417 n=11 g_3=84399 Av_11=39832401
26583417,12,2437096,476564504,476564504,PASS,0.163765,tau=26583417 n=12 g_4=2437096 Av_12=476564504
26583714,11,84491,39832309,39832309,PASS,0.007160,tau=26583714 n=11 g_3=84491 Av_11=39832309
26583714,12,2442009,476559591,476559591,PASS,0.167723,tau=26583714 n=12 g_4=2442009 Av_12=476559591
26584137,11,84485,39832315,39832315,PASS,0.007330,tau=26584137 n=11 g_3=84485 Av_11=39832315
26584137,12,2441472,476560128,476560128,PASS,0.214656,tau=26584137 n=12 g_4=2441472 Av_12=476560128
26584173,11,84495,39832305,39832305,PASS,0.007597,tau=26584173 n=11 g_3=84495 Av_11=39832305
26584173,12,2442462,476559138,476559138,PASS,0.200989,tau=26584173 n=12 g_4=2442462 Av_12=476559138
26584317,11,84397,39832403,39832403,PASS,0.007609,tau=26584317 n=11 g_3=84397 Av_11=39832403
26584317,12,2436837,476564763,476564763,PASS,0.164908,tau=26584317 n=12 g_4=2436837 Av_12=476564763
26584713,11,84387,39832413,39832413,PASS,0.008792,tau=26584713 n=11 g_3=84387 Av_11=39832413
26584713,12,2435810,476565790,476565790,PASS,0.156774,tau=26584713 n=12 g_4=2435810 Av_12=476565790
26587134,11,84213,39832587,39832587,PASS,0.007230,tau=26587134 n=11 g_3=84213 Av_11=39832587
26587134,12,2426847,476574753,476574753,PASS,0.145117,tau=26587134 n=12 g_4=2426847 Av_12=476574753
26587143,11,84213,39832587,39832587,PASS,0.007160,tau=26587143 n=11 g_3=84213 Av_11=39832587
26587143,12,2426866,476574734,476574734,PASS,0.159663,tau=26587143 n=12 g_4=2426866 Av_12=476574734
26587314,11,84299,39832501,39832501,PASS,0.010614,tau=26587314 n=11 g_3=84299 Av_11=39832501
26587314,12,2431261,476570339,476570339,PASS,0.181473,tau=26587314 n=12 g_4=2431261 Av_12=476570339
26587413,11,84293,39832507,39832507,PASS,0.007309,tau=26587413 n=11 g_3=84293 Av_11=39832507
26587413,12,2430606,476570994,476570994,PASS,0.151391,tau=26587413 n=12 g_4=2430606 Av_12=476570994
26713485,11,84402,39832398,39832398,PASS,0.007199,tau=26713485 n=11 g_3=84402 Av_11=39832398
26713485,12,2437369,476564231,476564231,PASS,0.201165,tau=26713485 n=12 g_4=2437369 Av_12=476564231
26713584,11,84487,39832313,39832313,PASS,0.007301,tau=26713584 n=11 g_3=84487 Av_11=39832313
26713584,12,2441700,476559900,476559900,PASS,0.161617,tau=26713584 n=12 g_4=2441700 Av_12=476559900
26713845,11,84400,39832400,39832400,PASS,0.010212,tau=26713845 n=11 g_3=84400 Av_11=39832400
26713845,12,2437183,476564417,476564417,PASS,0.186830,tau=26713845 n=12 g_4=2437183 Av_12=476564417
26713854,11,84402,39832398,39832398,PASS,0.008513,tau=26713854 n=11 g_3=84402 Av_11=39832398
26713854,12,2437424,476564176,476564176,PASS,0.150509,tau=26713854 n=12 g_4=2437424 Av_12=476564176
26714385,11,84402,39832398,39832398,PASS,0.008180,tau=26714385 n=11 g_3=84402 Av_11=39832398
26714385,12,2437409,476564191,476564191,PASS,0.151694,tau=26714385 n=12 g_4=2437409 Av_12=476564191
26714583,11,84402,39832398,39832398,PASS,0.007506,tau=26714583 n=11 g_3=84402 Av_11=39832398
26714583,12,2437394,476564206,476564206,PASS,0.160203,tau=26714583 n=12 g_4=2437394 Av_12=476564206
26714835,11,84492,39832308,39832308,PASS,0.007321,tau=26714835 n=11 g_3=84492 Av_11=39832308
26714835,12,2442183,476559417,476559417,PASS,0.153874,tau=26714835 n=12 g_4=2442183 Av_12=476559417
26714853,11,84489,39832311,39832311,PASS,0.007326,tau=26714853 n=11 g_3=84489 Av_11=39832311
26714853,12,2441878,476559722,476559722,PASS,0.155692,tau=26714853 n=12 g_4=2441878 Av_12=476559722
26715384,11,84488,39832312,39832312,PASS,0.007294,tau=26715384 n=11 g_3=84488 Av_11=39832312
26715384,12,2441825,476559775,476559775,PASS,0.157667,tau=26715384 n=12 g_4=2441825 Av_12=476559775
26715483,11,84402,39832398,39832398,PASS,0.009442,tau=26715483 n=11 g_3=84402 Av_11=39832398
26715483,12,2437406,476564194,476564194,PASS,0.158340,tau=26715483 n=12 g_4=2437406 Av_12=476564194
26715834,11,84402,39832398,39832398,PASS,0.006925,tau=26715834 n=11 g_3=84402 Av_11=39832398
26715834,12,2437386,476564214,476564214,PASS,0.146283,tau=26715834 n=12 g_4=2437386 Av_12=476564214
26715843,11,84401,39832399,39832399,PASS,0.007463,tau=26715843 n=11 g_3=84401 Av_11=39832399
26715843,12,2437249,476564351,476564351,PASS,0.168811,tau=26715843 n=12 g_4=2437249 Av_12=476564351
26718345,11,84301,39832499,39832499,PASS,0.007319,tau=26718345 n=11 g_3=84301 Av_11=39832499
26718345,12,2431415,476570185,476570185,PASS,0.165915,tau=26718345 n=12 g_4=2431415 Av_12=476570185
26718354,11,84310,39832490,39832490,PASS,0.007110,tau=26718354 n=11 g_3=84310 Av_11=39832490
26718354,12,2432352,476569248,476569248,PASS,0.186934,tau=26718354 n=12 g_4=2432352 Av_12=476569248
26718435,11,84310,39832490,39832490,PASS,0.007993,tau=26718435 n=11 g_3=84310 Av_11=39832490
26718435,12,2432373,476569227,476569227,PASS,0.146198,tau=26718435 n=12 g_4=2432373 Av_12=476569227
26718453,11,84305,39832495,39832495,PASS,0.006989,tau=26718453 n=11 g_3=84305 Av_11=39832495
26718453,12,2431868,476569732,476569732,PASS,0.157133,tau=26718453 n=12 g_4=2431868 Av_12=476569732
26718534,11,84305,39832495,39832495,PASS,0.010457,tau=26718534 n=11 g_3=84305 Av_11=39832495
26718534,12,2431889,476569711,476569711,PASS,0.178524,tau=26718534 n=12 g_4=2431889 Av_12=476569711
26718543,11,84304,39832496,39832496,PASS,0.007120,tau=26718543 n=11 g_3=84304 Av_11=39832496
26718543,12,2431741,476569859,476569859,PASS,0.147263,tau=26718543 n=12 g_4=2431741 Av_12=476569859
26731584,11,84495,39832305,39832305,PASS,0.010001,tau=26731584 n=11 g_3=84495 Av_11=39832305
26731584,12,2442514,476559086,476559086,PASS,0.164852,tau=26731584 n=12 g_4=2442514 Av_12=476559086
26731845,11,84403,39832397,39832397,PASS,0.006987,tau=26731845 n=11 g_3=84403 Av_11=39832397
26731845,12,2437497,476564103,476564103,PASS,0.153756,tau=26731845 n=12 g_4=2437497 Av_12=476564103
26731854,11,84405,39832395,39832395,PASS,0.007661,tau=26731854 n=11 g_3=84405 Av_11=39832395
26731854,12,2437721,476563879,476563879,PASS,0.145848,tau=26731854 n=12 g_4=2437721 Av_12=476563879
26734815,11,84406,39832394,39832394,PASS,0.007109,tau=26734815 n=11 g_3=84406 Av_11=39832394
26734815,12,2437810,476563790,476563790,PASS,0.151531,tau=26734815 n=12 g_4=2437810 Av_12=476563790
26735184,11,84492,39832308,39832308,PASS,0.006737,tau=26735184 n=11 g_3=84492 Av_11=39832308
26735184,12,2442232,476559368,476559368,PASS,0.151715,tau=26735184 n=12 g_4=2442232 Av_12=476559368
26735814,11,84491,39832309,39832309,PASS,0.007552,tau=26735814 n=11 g_3=84491 Av_11=39832309
26735814,12,2442068,476559532,476559532,PASS,0.149767,tau=26735814 n=12 g_4=2442068 Av_12=476559532
26738145,11,84404,39832396,39832396,PASS,0.007392,tau=26738145 n=11 g_3=84404 Av_11=39832396
26738145,12,2437585,476564015,476564015,PASS,0.153259,tau=26738145 n=12 g_4=2437585 Av_12=476564015
26738154,11,84406,39832394,39832394,PASS,0.008178,tau=26738154 n=11 g_3=84406 Av_11=39832394
26738154,12,2437805,476563795,476563795,PASS,0.162036,tau=26738154 n=12 g_4=2437805 Av_12=476563795
26738415,11,84484,39832316,39832316,PASS,0.008625,tau=26738415 n=11 g_3=84484 Av_11=39832316
26738415,12,2441340,476560260,476560260,PASS,0.215139,tau=26738415 n=12 g_4=2441340 Av_12=476560260
26738514,11,84487,39832313,39832313,PASS,0.006656,tau=26738514 n=11 g_3=84487 Av_11=39832313
26738514,12,2441650,476559950,476559950,PASS,0.210404,tau=26738514 n=12 g_4=2441650 Av_12=476559950
26741835,11,84497,39832303,39832303,PASS,0.008216,tau=26741835 n=11 g_3=84497 Av_11=39832303
26741835,12,2442714,476558886,476558886,PASS,0.155565,tau=26741835 n=12 g_4=2442714 Av_12=476558886
26741853,11,84494,39832306,39832306,PASS,0.007146,tau=26741853 n=11 g_3=84494 Av_11=39832306
26741853,12,2442394,476559206,476559206,PASS,0.144179,tau=26741853 n=12 g_4=2442394 Av_12=476559206
26743815,11,84406,39832394,39832394,PASS,0.007757,tau=26743815 n=11 g_3=84406 Av_11=39832394
26743815,12,2437810,476563790,476563790,PASS,0.204309,tau=26743815 n=12 g_4=2437810 Av_12=476563790
26745183,11,84311,39832489,39832489,PASS,0.006370,tau=26745183 n=11 g_3=84311 Av_11=39832489
26745183,12,2432513,476569087,476569087,PASS,0.207595,tau=26745183 n=12 g_4=2432513 Av_12=476569087
26745813,11,84301,39832499,39832499,PASS,0.007719,tau=26745813 n=11 g_3=84301 Av_11=39832499
26745813,12,2431439,476570161,476570161,PASS,0.151211,tau=26745813 n=12 g_4=2431439 Av_12=476570161
26748135,11,84489,39832311,39832311,PASS,0.006959,tau=26748135 n=11 g_3=84489 Av_11=39832311
26748135,12,2441842,476559758,476559758,PASS,0.150940,tau=26748135 n=12 g_4=2441842 Av_12=476559758
26748153,11,84491,39832309,39832309,PASS,0.010287,tau=26748153 n=11 g_3=84491 Av_11=39832309
26748153,12,2442021,476559579,476559579,PASS,0.142639,tau=26748153 n=12 g_4=2442021 Av_12=476559579
26748315,11,84488,39832312,39832312,PASS,0.009841,tau=26748315 n=11 g_3=84488 Av_11=39832312
26748315,12,2441769,476559831,476559831,PASS,0.150232,tau=26748315 n=12 g_4=2441769 Av_12=476559831
26748513,11,84387,39832413,39832413,PASS,0.007422,tau=26748513 n=11 g_3=84387 Av_11=39832413
26748513,12,2435776,476565824,476565824,PASS,0.147457,tau=26748513 n=12 g_4=2435776 Av_12=476565824
26751384,11,84400,39832400,39832400,PASS,0.006834,tau=26751384 n=11 g_3=84400 Av_11=39832400
26751384,12,2437299,476564301,476564301,PASS,0.153617,tau=26751384 n=12 g_4=2437299 Av_12=476564301
26751483,11,84400,39832400,39832400,PASS,0.007162,tau=26751483 n=11 g_3=84400 Av_11=39832400
26751483,12,2437253,476564347,476564347,PASS,0.146213,tau=26751483 n=12 g_4=2437253 Av_12=476564347
26751834,11,84315,39832485,39832485,PASS,0.007824,tau=26751834 n=11 g_3=84315 Av_11=39832485
26751834,12,2432942,476568658,476568658,PASS,0.155031,tau=26751834 n=12 g_4=2432942 Av_12=476568658
26751843,11,84315,39832485,39832485,PASS,0.006742,tau=26751843 n=11 g_3=84315 Av_11=39832485
26751843,12,2432945,476568655,476568655,PASS,0.156938,tau=26751843 n=12 g_4=2432945 Av_12=476568655
26753814,11,84404,39832396,39832396,PASS,0.007082,tau=26753814 n=11 g_3=84404 Av_11=39832396
26753814,12,2437579,476564021,476564021,PASS,0.157435,tau=26753814 n=12 g_4=2437579 Av_12=476564021
26754183,11,84311,39832489,39832489,PASS,0.007262,tau=26754183 n=11 g_3=84311 Av_11=39832489
26754183,12,2432528,476569072,476569072,PASS,0.147118,tau=26754183 n=12 g_4=2432528 Av_12=476569072
26754813,11,84300,39832500,39832500,PASS,0.007386,tau=26754813 n=11 g_3=84300 Av_11=39832500
26754813,12,2431357,476570243,476570243,PASS,0.148889,tau=26754813 n=12 g_4=2431357 Av_12=476570243
26758134,11,84299,39832501,39832501,PASS,0.006542,tau=26758134 n=11 g_3=84299 Av_11=39832501
26758134,12,2431280,476570320,476570320,PASS,0.160593,tau=26758134 n=12 g_4=2431280 Av_12=476570320
26758143,11,84299,39832501,39832501,PASS,0.007396,tau=26758143 n=11 g_3=84299 Av_11=39832501
26758143,12,2431294,476570306,476570306,PASS,0.158930,tau=26758143 n=12 g_4=2431294 Av_12=476570306
26758314,11,84384,39832416,39832416,PASS,0.007283,tau=26758314 n=11 g_3=84384 Av_11=39832416
26758314,12,2435575,476566025,476566025,PASS,0.144984,tau=26758314 n=12 g_4=2435575 Av_12=476566025
26758413,11,84376,39832424,39832424,PASS,0.007319,tau=26758413 n=11 g_3=84376 Av_11=39832424
26758413,12,2434727,476566873,476566873,PASS,0.148266,tau=26758413 n=12 g_4=2434727 Av_12=476566873
26781345,11,84205,39832595,39832595,PASS,0.007499,tau=26781345 n=11 g_3=84205 Av_11=39832595
26781345,12,2426017,476575583,476575583,PASS,0.164642,tau=26781345 n=12 g_4=2426017 Av_12=476575583
26781354,11,84213,39832587,39832587,PASS,0.007686,tau=26781354 n=11 g_3=84213 Av_11=39832587
26781354,12,2426843,476574757,476574757,PASS,0.151814,tau=26781354 n=12 g_4=2426843 Av_12=476574757
26781435,11,84213,39832587,39832587,PASS,0.007132,tau=26781435 n=11 g_3=84213 Av_11=39832587
26781435,12,2426842,476574758,476574758,PASS,0.188705,tau=26781435 n=12 g_4=2426842 Av_12=476574758
26781453,11,84213,39832587,39832587,PASS,0.007067,tau=26781453 n=11 g_3=84213 Av_11=39832587
26781453,12,2426843,476574757,476574757,PASS,0.197138,tau=26781453 n=12 g_4=2426843 Av_12=476574757
26781534,11,84213,39832587,39832587,PASS,0.007328,tau=26781534 n=11 g_3=84213 Av_11=39832587
26781534,12,2426855,476574745,476574745,PASS,0.155663,tau=26781534 n=12 g_4=2426855 Av_12=476574745
26781543,11,84208,39832592,39832592,PASS,0.008053,tau=26781543 n=11 g_3=84208 Av_11=39832592
26781543,12,2426342,476575258,476575258,PASS,0.174403,tau=26781543 n=12 g_4=2426342 Av_12=476575258
26783145,11,84297,39832503,39832503,PASS,0.009416,tau=26783145 n=11 g_3=84297 Av_11=39832503
26783145,12,2431017,476570583,476570583,PASS,0.186532,tau=26783145 n=12 g_4=2431017 Av_12=476570583
26783154,11,84301,39832499,39832499,PASS,0.007455,tau=26783154 n=11 g_3=84301 Av_11=39832499
26783154,12,2431432,476570168,476570168,PASS,0.185295,tau=26783154 n=12 g_4=2431432 Av_12=476570168
26783415,11,84300,39832500,39832500,PASS,0.007782,tau=26783415 n=11 g_3=84300 Av_11=39832500
26783415,12,2431314,476570286,476570286,PASS,0.176359,tau=26783415 n=12 g_4=2431314 Av_12=476570286
26783514,11,84381,39832419,39832419,PASS,0.010385,tau=26783514 n=11 g_3=84381 Av_11=39832419
26783514,12,2435207,476566393,476566393,PASS,0.172007,tau=26783514 n=12 g_4=2435207 Av_12=476566393
26784135,11,84384,39832416,39832416,PASS,0.007266,tau=26784135 n=11 g_3=84384 Av_11=39832416
26784135,12,2435523,476566077,476566077,PASS,0.143864,tau=26784135 n=12 g_4=2435523 Av_12=476566077
26784153,11,84382,39832418,39832418,PASS,0.006861,tau=26784153 n=11 g_3=84382 Av_11=39832418
26784153,12,2435307,476566293,476566293,PASS,0.152238,tau=26784153 n=12 g_4=2435307 Av_12=476566293
26784315,11,84300,39832500,39832500,PASS,0.006620,tau=26784315 n=11 g_3=84300 Av_11=39832500
26784315,12,2431332,476570268,476570268,PASS,0.146610,tau=26784315 n=12 g_4=2431332 Av_12=476570268
26784513,11,84202,39832598,39832598,PASS,0.006406,tau=26784513 n=11 g_3=84202 Av_11=39832598
26784513,12,2425687,476575913,476575913,PASS,0.150876,tau=26784513 n=12 g_4=2425687 Av_12=476575913
26785134,11,84208,39832592,39832592,PASS,0.007128,tau=26785134 n=11 g_3=84208 Av_11=39832592
26785134,12,2426322,476575278,476575278,PASS,0.146227,tau=26785134 n=12 g_4=2426322 Av_12=476575278
26785143,11,84210,39832590,39832590,PASS,0.007740,tau=26785143 n=11 g_3=84210 Av_11=39832590
26785143,12,2426526,476575074,476575074,PASS,0.187071,tau=26785143 n=12 g_4=2426526 Av_12=476575074
26785314,11,84291,39832509,39832509,PASS,0.007763,tau=26785314 n=11 g_3=84291 Av_11=39832509
26785314,12,2430417,476571183,476571183,PASS,0.153098,tau=26785314 n=12 g_4=2430417 Av_12=476571183
26785413,11,84202,39832598,39832598,PASS,0.006771,tau=26785413 n=11 g_3=84202 Av_11=39832598
26785413,12,2425711,476575889,476575889,PASS,0.147185,tau=26785413 n=12 g_4=2425711 Av_12=476575889
26813475,11,84485,39832315,39832315,PASS,0.007564,tau=26813475 n=11 g_3=84485 Av_11=39832315
26813475,12,2441492,476560108,476560108,PASS,0.206706,tau=26813475 n=12 g_4=2441492 Av_12=476560108
26813574,11,84570,39832230,39832230,PASS,0.008651,tau=26813574 n=11 g_3=84570 Av_11=39832230
26813574,12,2445763,476555837,476555837,PASS,0.169589,tau=26813574 n=12 g_4=2445763 Av_12=476555837
26813745,11,84489,39832311,39832311,PASS,0.007110,tau=26813745 n=11 g_3=84489 Av_11=39832311
26813745,12,2441874,476559726,476559726,PASS,0.177578,tau=26813745 n=12 g_4=2441874 Av_12=476559726
26813754,11,84487,39832313,39832313,PASS,0.010189,tau=26813754 n=11 g_3=84487 Av_11=39832313
26813754,12,2441691,476559909,476559909,PASS,0.182232,tau=26813754 n=12 g_4=2441691 Av_12=476559909
26814375,11,84485,39832315,39832315,PASS,0.007150,tau=26814375 n=11 g_3=84485 Av_11=39832315
26814375,12,2441478,476560122,476560122,PASS,0.172402,tau=26814375 n=12 g_4=2441478 Av_12=476560122
26814573,11,84487,39832313,39832313,PASS,0.007014,tau=26814573 n=11 g_3=84487 Av_11=39832313
26814573,12,2441684,476559916,476559916,PASS,0.149630,tau=26814573 n=12 g_4=2441684 Av_12=476559916
26814735,11,84573,39832227,39832227,PASS,0.007581,tau=26814735 n=11 g_3=84573 Av_11=39832227
26814735,12,2446061,476555539,476555539,PASS,0.179735,tau=26814735 n=12 g_4=2446061 Av_12=476555539
26814753,11,84570,39832230,39832230,PASS,0.007128,tau=26814753 n=11 g_3=84570 Av_11=39832230
26814753,12,2445746,476555854,476555854,PASS,0.161123,tau=26814753 n=12 g_4=2445746 Av_12=476555854
26815374,11,84576,39832224,39832224,PASS,0.007188,tau=26815374 n=11 g_3=84576 Av_11=39832224
26815374,12,2446349,476555251,476555251,PASS,0.183534,tau=26815374 n=12 g_4=2446349 Av_12=476555251
26815473,11,84493,39832307,39832307,PASS,0.007261,tau=26815473 n=11 g_3=84493 Av_11=39832307
26815473,12,2442270,476559330,476559330,PASS,0.145563,tau=26815473 n=12 g_4=2442270 Av_12=476559330
26815734,11,84483,39832317,39832317,PASS,0.008205,tau=26815734 n=11 g_3=84483 Av_11=39832317
26815734,12,2441259,476560341,476560341,PASS,0.170074,tau=26815734 n=12 g_4=2441259 Av_12=476560341
26815743,11,84481,39832319,39832319,PASS,0.009363,tau=26815743 n=11 g_3=84481 Av_11=39832319
26815743,12,2441023,476560577,476560577,PASS,0.185474,tau=26815743 n=12 g_4=2441023 Av_12=476560577
26817345,11,84391,39832409,39832409,PASS,0.007843,tau=26817345 n=11 g_3=84391 Av_11=39832409
26817345,12,2436265,476565335,476565335,PASS,0.150612,tau=26817345 n=12 g_4=2436265 Av_12=476565335
26817354,11,84396,39832404,39832404,PASS,0.010470,tau=26817354 n=11 g_3=84396 Av_11=39832404
26817354,12,2436827,476564773,476564773,PASS,0.192203,tau=26817354 n=12 g_4=2436827 Av_12=476564773
26817435,11,84396,39832404,39832404,PASS,0.007842,tau=26817435 n=11 g_3=84396 Av_11=39832404
26817435,12,2436830,476564770,476564770,PASS,0.157561,tau=26817435 n=12 g_4=2436830 Av_12=476564770
26817453,11,84392,39832408,39832408,PASS,0.007551,tau=26817453 n=11 g_3=84392 Av_11=39832408
26817453,12,2436400,476565200,476565200,PASS,0.171741,tau=26817453 n=12 g_4=2436400 Av_12=476565200
26817534,11,84392,39832408,39832408,PASS,0.006919,tau=26817534 n=11 g_3=84392 Av_11=39832408
26817534,12,2436411,476565189,476565189,PASS,0.142260,tau=26817534 n=12 g_4=2436411 Av_12=476565189
26817543,11,84390,39832410,39832410,PASS,0.007644,tau=26817543 n=11 g_3=84390 Av_11=39832410
26817543,12,2436139,476565461,476565461,PASS,0.153530,tau=26817543 n=12 g_4=2436139 Av_12=476565461
26831475,11,84570,39832230,39832230,PASS,0.007172,tau=26831475 n=11 g_3=84570 Av_11=39832230
26831475,12,2445833,476555767,476555767,PASS,0.154474,tau=26831475 n=12 g_4=2445833 Av_12=476555767
26831574,11,84578,39832222,39832222,PASS,0.010349,tau=26831574 n=11 g_3=84578 Av_11=39832222
26831574,12,2446614,476554986,476554986,PASS,0.167291,tau=26831574 n=12 g_4=2446614 Av_12=476554986
26831745,11,84493,39832307,39832307,PASS,0.007069,tau=26831745 n=11 g_3=84493 Av_11=39832307
26831745,12,2442335,476559265,476559265,PASS,0.144892,tau=26831745 n=12 g_4=2442335 Av_12=476559265
26831754,11,84492,39832308,39832308,PASS,0.007220,tau=26831754 n=11 g_3=84492 Av_11=39832308
26831754,12,2442229,476559371,476559371,PASS,0.150980,tau=26831754 n=12 g_4=2442229 Av_12=476559371
26834175,11,84491,39832309,39832309,PASS,0.006441,tau=26834175 n=11 g_3=84491 Av_11=39832309
26834175,12,2442160,476559440,476559440,PASS,0.167538,tau=26834175 n=12 g_4=2442160 Av_12=476559440
26834517,11,84389,39832411,39832411,PASS,0.007004,tau=26834517 n=11 g_3=84389 Av_11=39832411
26834517,12,2436080,476565520,476565520,PASS,0.158799,tau=26834517 n=12 g_4=2436080 Av_12=476565520
26834715,11,84498,39832302,39832302,PASS,0.007228,tau=26834715 n=11 g_3=84498 Av_11=39832302
26834715,12,2442775,476558825,476558825,PASS,0.152265,tau=26834715 n=12 g_4=2442775 Av_12=476558825
26835174,11,84589,39832211,39832211,PASS,0.007985,tau=26835174 n=11 g_3=84589 Av_11=39832211
26835174,12,2447650,476553950,476553950,PASS,0.166393,tau=26835174 n=12 g_4=2447650 Av_12=476553950
26835417,11,84404,39832396,39832396,PASS,0.007087,tau=26835417 n=11 g_3=84404 Av_11=39832396
26835417,12,2437578,476564022,476564022,PASS,0.153955,tau=26835417 n=12 g_4=2437578 Av_12=476564022
26835714,11,84576,39832224,39832224,PASS,0.007784,tau=26835714 n=11 g_3=84576 Av_11=39832224
26835714,12,2446313,476555287,476555287,PASS,0.158619,tau=26835714 n=12 g_4=2446313 Av_12=476555287
26837145,11,84493,39832307,39832307,PASS,0.006917,tau=26837145 n=11 g_3=84493 Av_11=39832307
26837145,12,2442258,476559342,476559342,PASS,0.144174,tau=26837145 n=12 g_4=2442258 Av_12=476559342
26837154,11,84493,39832307,39832307,PASS,0.007010,tau=26837154 n=11 g_3=84493 Av_11=39832307
26837154,12,2442238,476559362,476559362,PASS,0.162261,tau=26837154 n=12 g_4=2442238 Av_12=476559362
26837415,11,84576,39832224,39832224,PASS,0.010456,tau=26837415 n=11 g_3=84576 Av_11=39832224
26837415,12,2446341,476555259,476555259,PASS,0.150621,tau=26837415 n=12 g_4=2446341 Av_12=476555259
26837514,11,84576,39832224,39832224,PASS,0.008304,tau=26837514 n=11 g_3=84576 Av_11=39832224
26837514,12,2446334,476555266,476555266,PASS,0.152881,tau=26837514 n=12 g_4=2446334 Av_12=476555266
26841375,11,84576,39832224,39832224,PASS,0.010184,tau=26841375 n=11 g_3=84576 Av_11=39832224
26841375,12,2446404,476555196,476555196,PASS,0.150207,tau=26841375 n=12 g_4=2446404 Av_12=476555196
26841573,11,84580,39832220,39832220,PASS,0.009713,tau=26841573 n=11 g_3=84580 Av_11=39832220
26841573,12,2446814,476554786,476554786,PASS,0.173766,tau=26841573 n=12 g_4=2446814 Av_12=476554786
26841735,11,84588,39832212,39832212,PASS,0.007029,tau=26841735 n=11 g_3=84588 Av_11=39832212
26841735,12,2447566,476554034,476554034,PASS,0.177712,tau=26841735 n=12 g_4=2447566 Av_12=476554034
26841753,11,84582,39832218,39832218,PASS,0.007159,tau=26841753 n=11 g_3=84582 Av_11=39832218
26841753,12,2446957,476554643,476554643,PASS,0.173355,tau=26841753 n=12 g_4=2446957 Av_12=476554643
26843175,11,84491,39832309,39832309,PASS,0.007374,tau=26843175 n=11 g_3=84491 Av_11=39832309
26843175,12,2442100,476559500,476559500,PASS,0.171729,tau=26843175 n=12 g_4=2442100 Av_12=476559500
26843517,11,84404,39832396,39832396,PASS,0.007739,tau=26843517 n=11 g_3=84404 Av_11=39832396
26843517,12,2437558,476564042,476564042,PASS,0.149561,tau=26843517 n=12 g_4=2437558 Av_12=476564042
26843715,11,84500,39832300,39832300,PASS,0.007171,tau=26843715 n=11 g_3=84500 Av_11=39832300
26843715,12,2442910,476558690,476558690,PASS,0.151558,tau=26843715 n=12 g_4=2442910 Av_12=476558690
26845137,11,84481,39832319,39832319,PASS,0.007103,tau=26845137 n=11 g_3=84481 Av_11=39832319
26845137,12,2441085,476560515,476560515,PASS,0.147101,tau=26845137 n=12 g_4=2441085 Av_12=476560515
26845173,11,84491,39832309,39832309,PASS,0.007095,tau=26845173 n=11 g_3=84491 Av_11=39832309
26845173,12,2442091,476559509,476559509,PASS,0.147111,tau=26845173 n=12 g_4=2442091 Av_12=476559509
26845317,11,84392,39832408,39832408,PASS,0.007279,tau=26845317 n=11 g_3=84392 Av_11=39832408
26845317,12,2436381,476565219,476565219,PASS,0.149684,tau=26845317 n=12 g_4=2436381 Av_12=476565219
26845713,11,84387,39832413,39832413,PASS,0.006970,tau=26845713 n=11 g_3=84387 Av_11=39832413
26845713,12,2435810,476565790,476565790,PASS,0.153461,tau=26845713 n=12 g_4=2435810 Av_12=476565790
26847135,11,84570,39832230,39832230,PASS,0.007069,tau=26847135 n=11 g_3=84570 Av_11=39832230
26847135,12,2445746,476555854,476555854,PASS,0.155013,tau=26847135 n=12 g_4=2445746 Av_12=476555854
26847153,11,84568,39832232,39832232,PASS,0.007325,tau=26847153 n=11 g_3=84568 Av_11=39832232
26847153,12,2445521,476556079,476556079,PASS,0.159120,tau=26847153 n=12 g_4=2445521 Av_12=476556079
26847315,11,84570,39832230,39832230,PASS,0.007578,tau=26847315 n=11 g_3=84570 Av_11=39832230
26847315,12,2445746,476555854,476555854,PASS,0.167079,tau=26847315 n=12 g_4=2445746 Av_12=476555854
26847513,11,84471,39832329,39832329,PASS,0.007681,tau=26847513 n=11 g_3=84471 Av_11=39832329
26847513,12,2439980,476561620,476561620,PASS,0.156163,tau=26847513 n=12 g_4=2439980 Av_12=476561620
26851374,11,84578,39832222,39832222,PASS,0.010503,tau=26851374 n=11 g_3=84578 Av_11=39832222
26851374,12,2446642,476554958,476554958,PASS,0.176900,tau=26851374 n=12 g_4=2446642 Av_12=476554958
26851473,11,84578,39832222,39832222,PASS,0.010154,tau=26851473 n=11 g_3=84578 Av_11=39832222
26851473,12,2446615,476554985,476554985,PASS,0.150679,tau=26851473 n=12 g_4=2446615 Av_12=476554985
26851734,11,84487,39832313,39832313,PASS,0.007165,tau=26851734 n=11 g_3=84487 Av_11=39832313
26851734,12,2441676,476559924,476559924,PASS,0.195480,tau=26851734 n=12 g_4=2441676 Av_12=476559924
26851743,11,84487,39832313,39832313,PASS,0.007115,tau=26851743 n=11 g_3=84487 Av_11=39832313
26851743,12,2441680,476559920,476559920,PASS,0.144681,tau=26851743 n=12 g_4=2441680 Av_12=476559920
26853174,11,84578,39832222,39832222,PASS,0.007633,tau=26853174 n=11 g_3=84578 Av_11=39832222
26853174,12,2446622,476554978,476554978,PASS,0.152120,tau=26853174 n=12 g_4=2446622 Av_12=476554978
26853417,11,84392,39832408,39832408,PASS,0.006738,tau=26853417 n=11 g_3=84392 Av_11=39832408
26853417,12,2436409,476565191,476565191,PASS,0.181392,tau=26853417 n=12 g_4=2436409 Av_12=476565191
26853714,11,84576,39832224,39832224,PASS,0.008483,tau=26853714 n=11 g_3=84576 Av_11=39832224
26853714,12,2446307,476555293,476555293,PASS,0.149945,tau=26853714 n=12 g_4=2446307 Av_12=476555293
26854137,11,84481,39832319,39832319,PASS,0.006932,tau=26854137 n=11 g_3=84481 Av_11=39832319
26854137,12,2441065,476560535,476560535,PASS,0.165479,tau=26854137 n=12 g_4=2441065 Av_12=476560535
26854173,11,84493,39832307,39832307,PASS,0.007295,tau=26854173 n=11 g_3=84493 Av_11=39832307
26854173,12,2442310,476559290,476559290,PASS,0.150899,tau=26854173 n=12 g_4=2442310 Av_12=476559290
26854317,11,84387,39832413,39832413,PASS,0.007693,tau=26854317 n=11 g_3=84387 Av_11=39832413
26854317,12,2435831,476565769,476565769,PASS,0.183498,tau=26854317 n=12 g_4=2435831 Av_12=476565769
26854713,11,84469,39832331,39832331,PASS,0.007217,tau=26854713 n=11 g_3=84469 Av_11=39832331
26854713,12,2439857,476561743,476561743,PASS,0.166597,tau=26854713 n=12 g_4=2439857 Av_12=476561743
26857134,11,84299,39832501,39832501,PASS,0.011124,tau=26857134 n=11 g_3=84299 Av_11=39832501
26857134,12,2431274,476570326,476570326,PASS,0.170071,tau=26857134 n=12 g_4=2431274 Av_12=476570326
26857143,11,84299,39832501,39832501,PASS,0.006742,tau=26857143 n=11 g_3=84299 Av_11=39832501
26857143,12,2431284,476570316,476570316,PASS,0.203982,tau=26857143 n=12 g_4=2431284 Av_12=476570316
26857314,11,84384,39832416,39832416,PASS,0.010143,tau=26857314 n=11 g_3=84384 Av_11=39832416
26857314,12,2435549,476566051,476566051,PASS,0.186040,tau=26857314 n=12 g_4=2435549 Av_12=476566051
26857413,11,84374,39832426,39832426,PASS,0.008035,tau=26857413 n=11 g_3=84374 Av_11=39832426
26857413,12,2434503,476567097,476567097,PASS,0.158002,tau=26857413 n=12 g_4=2434503 Av_12=476567097
26871345,11,84213,39832587,39832587,PASS,0.007329,tau=26871345 n=11 g_3=84213 Av_11=39832587
26871345,12,2426858,476574742,476574742,PASS,0.176724,tau=26871345 n=12 g_4=2426858 Av_12=476574742
26871354,11,84214,39832586,39832586,PASS,0.007313,tau=26871354 n=11 g_3=84214 Av_11=39832586
26871354,12,2427055,476574545,476574545,PASS,0.179923,tau=26871354 n=12 g_4=2427055 Av_12=476574545
26871435,11,84214,39832586,39832586,PASS,0.007062,tau=26871435 n=11 g_3=84214 Av_11=39832586
26871435,12,2427054,476574546,476574546,PASS,0.180503,tau=26871435 n=12 g_4=2427054 Av_12=476574546
26871453,11,84218,39832582,39832582,PASS,0.007096,tau=26871453 n=11 g_3=84218 Av_11=39832582
26871453,12,2427391,476574209,476574209,PASS,0.151997,tau=26871453 n=12 g_4=2427391 Av_12=476574209
26871534,11,84218,39832582,39832582,PASS,0.010712,tau=26871534 n=11 g_3=84218 Av_11=39832582
26871534,12,2427399,476574201,476574201,PASS,0.189519,tau=26871534 n=12 g_4=2427399 Av_12=476574201
26871543,11,84213,39832587,39832587,PASS,0.007148,tau=26871543 n=11 g_3=84213 Av_11=39832587
26871543,12,2426879,476574721,476574721,PASS,0.169253,tau=26871543 n=12 g_4=2426879 Av_12=476574721
26873145,11,84303,39832497,39832497,PASS,0.010422,tau=26873145 n=11 g_3=84303 Av_11=39832497
26873145,12,2431682,476569918,476569918,PASS,0.155662,tau=26873145 n=12 g_4=2431682 Av_12=476569918
26873154,11,84303,39832497,39832497,PASS,0.007543,tau=26873154 n=11 g_3=84303 Av_11=39832497
26873154,12,2431738,476569862,476569862,PASS,0.166564,tau=26873154 n=12 g_4=2431738 Av_12=476569862
26873415,11,84307,39832493,39832493,PASS,0.007006,tau=26873415 n=11 g_3=84307 Av_11=39832493
26873415,12,2432070,476569530,476569530,PASS,0.185752,tau=26873415 n=12 g_4=2432070 Av_12=476569530
26873514,11,84390,39832410,39832410,PASS,0.007031,tau=26873514 n=11 g_3=84390 Av_11=39832410
26873514,12,2436132,476565468,476565468,PASS,0.178432,tau=26873514 n=12 g_4=2436132 Av_12=476565468
26874135,11,84388,39832412,39832412,PASS,0.009589,tau=26874135 n=11 g_3=84388 Av_11=39832412
26874135,12,2436012,476565588,476565588,PASS,0.191381,tau=26874135 n=12 g_4=2436012 Av_12=476565588
26874153,11,84390,39832410,39832410,PASS,0.008958,tau=26874153 n=11 g_3=84390 Av_11=39832410
26874153,12,2436147,476565453,476565453,PASS,0.200932,tau=26874153 n=12 g_4=2436147 Av_12=476565453
26874315,11,84305,39832495,39832495,PASS,0.008118,tau=26874315 n=11 g_3=84305 Av_11=39832495
26874315,12,2431890,476569710,476569710,PASS,0.156780,tau=26874315 n=12 g_4=2431890 Av_12=476569710
26874513,11,84291,39832509,39832509,PASS,0.007543,tau=26874513 n=11 g_3=84291 Av_11=39832509
26874513,12,2430394,476571206,476571206,PASS,0.172340,tau=26874513 n=12 g_4=2430394 Av_12=476571206
26875134,11,84293,39832507,39832507,PASS,0.008636,tau=26875134 n=11 g_3=84293 Av_11=39832507
26875134,12,2430671,476570929,476570929,PASS,0.161506,tau=26875134 n=12 g_4=2430671 Av_12=476570929
26875143,11,84295,39832505,39832505,PASS,0.007084,tau=26875143 n=11 g_3=84295 Av_11=39832505
26875143,12,2430861,476570739,476570739,PASS,0.159237,tau=26875143 n=12 g_4=2430861 Av_12=476570739
26875314,11,84376,39832424,39832424,PASS,0.010621,tau=26875314 n=11 g_3=84376 Av_11=39832424
26875314,12,2434754,476566846,476566846,PASS,0.156123,tau=26875314 n=12 g_4=2434754 Av_12=476566846
26875413,11,84291,39832509,39832509,PASS,0.007884,tau=26875413 n=11 g_3=84291 Av_11=39832509
26875413,12,2430392,476571208,476571208,PASS,0.189175,tau=26875413 n=12 g_4=2430392 Av_12=476571208
27134586,11,84384,39832416,39832416,PASS,0.006955,tau=27134586 n=11 g_3=84384 Av_11=39832416
27134586,12,2435506,476566094,476566094,PASS,0.185407,tau=27134586 n=12 g_4=2435506 Av_12=476566094
27134685,11,84473,39832327,39832327,PASS,0.007638,tau=27134685 n=11 g_3=84473 Av_11=39832327
27134685,12,2440214,476561386,476561386,PASS,0.176151,tau=27134685 n=12 g_4=2440214 Av_12=476561386
27134856,11,84392,39832408,39832408,PASS,0.007115,tau=27134856 n=11 g_3=84392 Av_11=39832408
27134856,12,2436319,476565281,476565281,PASS,0.161421,tau=27134856 n=12 g_4=2436319 Av_12=476565281
27134865,11,84390,39832410,39832410,PASS,0.009509,tau=27134865 n=11 g_3=84390 Av_11=39832410
27134865,12,2436161,476565439,476565439,PASS,0.169333,tau=27134865 n=12 g_4=2436161 Av_12=476565439
27135486,11,84384,39832416,39832416,PASS,0.007532,tau=27135486 n=11 g_3=84384 Av_11=39832416
27135486,12,2435539,476566061,476566061,PASS,0.153879,tau=27135486 n=12 g_4=2435539 Av_12=476566061
27135684,11,84479,39832321,39832321,PASS,0.006963,tau=27135684 n=11 g_3=84479 Av_11=39832321
27135684,12,2440837,476560763,476560763,PASS,0.167430,tau=27135684 n=12 g_4=2440837 Av_12=476560763
27135846,11,84560,39832240,39832240,PASS,0.010986,tau=27135846 n=11 g_3=84560 Av_11=39832240
27135846,12,2444725,476556875,476556875,PASS,0.148371,tau=27135846 n=12 g_4=2444725 Av_12=476556875
27135864,11,84562,39832238,39832238,PASS,0.007052,tau=27135864 n=11 g_3=84562 Av_11=39832238
27135864,12,2444936,476556664,476556664,PASS,0.155009,tau=27135864 n=12 g_4=2444936 Av_12=476556664
27136485,11,84560,39832240,39832240,PASS,0.007295,tau=27136485 n=11 g_3=84560 Av_11=39832240
27136485,12,2444730,476556870,476556870,PASS,0.179166,tau=27136485 n=12 g_4=2444730 Av_12=476556870
27136584,11,84479,39832321,39832321,PASS,0.010271,tau=27136584 n=11 g_3=84479 Av_11=39832321
27136584,12,2440851,476560749,476560749,PASS,0.169155,tau=27136584 n=12 g_4=2440851 Av_12=476560749
27136845,11,84480,39832320,39832320,PASS,0.008759,tau=27136845 n=11 g_3=84480 Av_11=39832320
27136845,12,2440950,476560650,476560650,PASS,0.158836,tau=27136845 n=12 g_4=2440950 Av_12=476560650
27136854,11,84476,39832324,39832324,PASS,0.007151,tau=27136854 n=11 g_3=84476 Av_11=39832324
27136854,12,2440538,476561062,476561062,PASS,0.173554,tau=27136854 n=12 g_4=2440538 Av_12=476561062
27138456,11,84385,39832415,39832415,PASS,0.012646,tau=27138456 n=11 g_3=84385 Av_11=39832415
27138456,12,2435617,476565983,476565983,PASS,0.155903,tau=27138456 n=12 g_4=2435617 Av_12=476565983
27138465,11,84392,39832408,39832408,PASS,0.009999,tau=27138465 n=11 g_3=84392 Av_11=39832408
27138465,12,2436383,476565217,476565217,PASS,0.177549,tau=27138465 n=12 g_4=2436383 Av_12=476565217
27138546,11,84392,39832408,39832408,PASS,0.007166,tau=27138546 n=11 g_3=84392 Av_11=39832408
27138546,12,2436379,476565221,476565221,PASS,0.157687,tau=27138546 n=12 g_4=2436379 Av_12=476565221
27138564,11,84392,39832408,39832408,PASS,0.007304,tau=27138564 n=11 g_3=84392 Av_11=39832408
27138564,12,2436360,476565240,476565240,PASS,0.196302,tau=27138564 n=12 g_4=2436360 Av_12=476565240
27138645,11,84392,39832408,39832408,PASS,0.010299,tau=27138645 n=11 g_3=84392 Av_11=39832408
27138645,12,2436371,476565229,476565229,PASS,0.178252,tau=27138645 n=12 g_4=2436371 Av_12=476565229
27138654,11,84386,39832414,39832414,PASS,0.007461,tau=27138654 n=11 g_3=84386 Av_11=39832414
27138654,12,2435739,476565861,476565861,PASS,0.171603,tau=27138654 n=12 g_4=2435739 Av_12=476565861
27143685,11,84473,39832327,39832327,PASS,0.006770,tau=27143685 n=11 g_3=84473 Av_11=39832327
27143685,12,2440223,476561377,476561377,PASS,0.179559,tau=27143685 n=12 g_4=2440223 Av_12=476561377
27143856,11,84392,39832408,39832408,PASS,0.007485,tau=27143856 n=11 g_3=84392 Av_11=39832408
27143856,12,2436329,476565271,476565271,PASS,0.159341,tau=27143856 n=12 g_4=2436329 Av_12=476565271
27143865,11,84390,39832410,39832410,PASS,0.006760,tau=27143865 n=11 g_3=84390 Av_11=39832410
27143865,12,2436116,476565484,476565484,PASS,0.155715,tau=27143865 n=12 g_4=2436116 Av_12=476565484
27145386,11,84400,39832400,39832400,PASS,0.007586,tau=27145386 n=11 g_3=84400 Av_11=39832400
27145386,12,2437103,476564497,476564497,PASS,0.164426,tau=27145386 n=12 g_4=2437103 Av_12=476564497
27145683,11,84390,39832410,39832410,PASS,0.006924,tau=27145683 n=11 g_3=84390 Av_11=39832410
27145683,12,2436179,476565421,476565421,PASS,0.166373,tau=27145683 n=12 g_4=2436179 Av_12=476565421
27145836,11,84496,39832304,39832304,PASS,0.007476,tau=27145836 n=11 g_3=84496 Av_11=39832304
27145836,12,2442531,476559069,476559069,PASS,0.162555,tau=27145836 n=12 g_4=2442531 Av_12=476559069
27145863,11,84484,39832316,39832316,PASS,0.007316,tau=27145863 n=11 g_3=84484 Av_11=39832316
27145863,12,2441345,476560255,476560255,PASS,0.163912,tau=27145863 n=12 g_4=2441345 Av_12=476560255
27146385,11,84571,39832229,39832229,PASS,0.007752,tau=27146385 n=11 g_3=84571 Av_11=39832229
27146385,12,2445785,476555815,476555815,PASS,0.232816,tau=27146385 n=12 g_4=2445785 Av_12=476555815
27146583,11,84400,39832400,39832400,PASS,0.010136,tau=27146583 n=11 g_3=84400 Av_11=39832400
27146583,12,2437182,476564418,476564418,PASS,0.230392,tau=27146583 n=12 g_4=2437182 Av_12=476564418
27146835,11,84572,39832228,39832228,PASS,0.007238,tau=27146835 n=11 g_3=84572 Av_11=39832228
27146835,12,2445906,476555694,476555694,PASS,0.186759,tau=27146835 n=12 g_4=2445906 Av_12=476555694
27146853,11,84570,39832230,39832230,PASS,0.007479,tau=27146853 n=11 g_3=84570 Av_11=39832230
27146853,12,2445724,476555876,476555876,PASS,0.187233,tau=27146853 n=12 g_4=2445724 Av_12=476555876
27148356,11,84487,39832313,39832313,PASS,0.009895,tau=27148356 n=11 g_3=84487 Av_11=39832313
27148356,12,2441594,476560006,476560006,PASS,0.183778,tau=27148356 n=12 g_4=2441594 Av_12=476560006
27148365,11,84484,39832316,39832316,PASS,0.007009,tau=27148365 n=11 g_3=84484 Av_11=39832316
27148365,12,2441297,476560303,476560303,PASS,0.175452,tau=27148365 n=12 g_4=2441297 Av_12=476560303
27148536,11,84574,39832226,39832226,PASS,0.007261,tau=27148536 n=11 g_3=84574 Av_11=39832226
27148536,12,2446148,476555452,476555452,PASS,0.164299,tau=27148536 n=12 g_4=2446148 Av_12=476555452
27148563,11,84485,39832315,39832315,PASS,0.006834,tau=27148563 n=11 g_3=84485 Av_11=39832315
27148563,12,2441403,476560197,476560197,PASS,0.165890,tau=27148563 n=12 g_4=2441403 Av_12=476560197
27148635,11,84572,39832228,39832228,PASS,0.007950,tau=27148635 n=11 g_3=84572 Av_11=39832228
27148635,12,2445910,476555690,476555690,PASS,0.154398,tau=27148635 n=12 g_4=2445910 Av_12=476555690
27148653,11,84487,39832313,39832313,PASS,0.007701,tau=27148653 n=11 g_3=84487 Av_11=39832313
27148653,12,2441599,476560001,476560001,PASS,0.184377,tau=27148653 n=12 g_4=2441599 Av_12=476560001
27153486,11,84400,39832400,39832400,PASS,0.008037,tau=27153486 n=11 g_3=84400 Av_11=39832400
27153486,12,2437058,476564542,476564542,PASS,0.230521,tau=27153486 n=12 g_4=2437058 Av_12=476564542
27153684,11,84572,39832228,39832228,PASS,0.007011,tau=27153684 n=11 g_3=84572 Av_11=39832228
27153684,12,2445872,476555728,476555728,PASS,0.241837,tau=27153684 n=12 g_4=2445872 Av_12=476555728
27153846,11,84574,39832226,39832226,PASS,0.010363,tau=27153846 n=11 g_3=84574 Av_11=39832226
27153846,12,2446068,476555532,476555532,PASS,0.225212,tau=27153846 n=12 g_4=2446068 Av_12=476555532
27153864,11,84566,39832234,39832234,PASS,0.010316,tau=27153864 n=11 g_3=84566 Av_11=39832234
27153864,12,2445257,476556343,476556343,PASS,0.233474,tau=27153864 n=12 g_4=2445257 Av_12=476556343
27154386,11,84379,39832421,39832421,PASS,0.010713,tau=27154386 n=11 g_3=84379 Av_11=39832421
27154386,12,2434987,476566613,476566613,PASS,0.235760,tau=27154386 n=12 g_4=2434987 Av_12=476566613
27154683,11,84400,39832400,39832400,PASS,0.010100,tau=27154683 n=11 g_3=84400 Av_11=39832400
27154683,12,2437163,476564437,476564437,PASS,0.230744,tau=27154683 n=12 g_4=2437163 Av_12=476564437
27154836,11,84485,39832315,39832315,PASS,0.010564,tau=27154836 n=11 g_3=84485 Av_11=39832315
27154836,12,2441420,476560180,476560180,PASS,0.176457,tau=27154836 n=12 g_4=2441420 Av_12=476560180
27154863,11,84486,39832314,39832314,PASS,0.007383,tau=27154863 n=11 g_3=84486 Av_11=39832314
27154863,12,2441508,476560092,476560092,PASS,0.206074,tau=27154863 n=12 g_4=2441508 Av_12=476560092
27156384,11,84483,39832317,39832317,PASS,0.010830,tau=27156384 n=11 g_3=84483 Av_11=39832317
27156384,12,2441257,476560343,476560343,PASS,0.204597,tau=27156384 n=12 g_4=2441257 Av_12=476560343
27156483,11,84396,39832404,39832404,PASS,0.010918,tau=27156483 n=11 g_3=84396 Av_11=39832404
27156483,12,2436765,476564835,476564835,PASS,0.206430,tau=27156483 n=12 g_4=2436765 Av_12=476564835
27156834,11,84394,39832406,39832406,PASS,0.008330,tau=27156834 n=11 g_3=84394 Av_11=39832406
27156834,12,2436542,476565058,476565058,PASS,0.200498,tau=27156834 n=12 g_4=2436542 Av_12=476565058
27156843,11,84394,39832406,39832406,PASS,0.010389,tau=27156843 n=11 g_3=84394 Av_11=39832406
27156843,12,2436536,476565064,476565064,PASS,0.170223,tau=27156843 n=12 g_4=2436536 Av_12=476565064
27158346,11,84490,39832310,39832310,PASS,0.007066,tau=27158346 n=11 g_3=84490 Av_11=39832310
27158346,12,2441895,476559705,476559705,PASS,0.152124,tau=27158346 n=12 g_4=2441895 Av_12=476559705
27158364,11,84564,39832236,39832236,PASS,0.007863,tau=27158364 n=11 g_3=84564 Av_11=39832236
27158364,12,2445101,476556499,476556499,PASS,0.165844,tau=27158364 n=12 g_4=2445101 Av_12=476556499
27158436,11,84490,39832310,39832310,PASS,0.007522,tau=27158436 n=11 g_3=84490 Av_11=39832310
27158436,12,2441877,476559723,476559723,PASS,0.155992,tau=27158436 n=12 g_4=2441877 Av_12=476559723
27158463,11,84562,39832238,39832238,PASS,0.007029,tau=27158463 n=11 g_3=84562 Av_11=39832238
27158463,12,2444913,476556687,476556687,PASS,0.150535,tau=27158463 n=12 g_4=2444913 Av_12=476556687
27158634,11,84475,39832325,39832325,PASS,0.008831,tau=27158634 n=11 g_3=84475 Av_11=39832325
27158634,12,2440405,476561195,476561195,PASS,0.212867,tau=27158634 n=12 g_4=2440405 Av_12=476561195
27158643,11,84472,39832328,39832328,PASS,0.010282,tau=27158643 n=11 g_3=84472 Av_11=39832328
27158643,12,2440097,476561503,476561503,PASS,0.213024,tau=27158643 n=12 g_4=2440097 Av_12=476561503
27163485,11,84485,39832315,39832315,PASS,0.007149,tau=27163485 n=11 g_3=84485 Av_11=39832315
27163485,12,2441440,476560160,476560160,PASS,0.201494,tau=27163485 n=12 g_4=2441440 Av_12=476560160
27163584,11,84568,39832232,39832232,PASS,0.007142,tau=27163584 n=11 g_3=84568 Av_11=39832232
27163584,12,2445516,476556084,476556084,PASS,0.187784,tau=27163584 n=12 g_4=2445516 Av_12=476556084
27163845,11,84482,39832318,39832318,PASS,0.007289,tau=27163845 n=11 g_3=84482 Av_11=39832318
27163845,12,2441107,476560493,476560493,PASS,0.203130,tau=27163845 n=12 g_4=2441107 Av_12=476560493
27163854,11,84490,39832310,39832310,PASS,0.008607,tau=27163854 n=11 g_3=84490 Av_11=39832310
27163854,12,2441887,476559713,476559713,PASS,0.148177,tau=27163854 n=12 g_4=2441887 Av_12=476559713
27164385,11,84483,39832317,39832317,PASS,0.007581,tau=27164385 n=11 g_3=84483 Av_11=39832317
27164385,12,2441184,476560416,476560416,PASS,0.218422,tau=27164385 n=12 g_4=2441184 Av_12=476560416
27164583,11,84396,39832404,39832404,PASS,0.010349,tau=27164583 n=11 g_3=84396 Av_11=39832404
27164583,12,2436744,476564856,476564856,PASS,0.148833,tau=27164583 n=12 g_4=2436744 Av_12=476564856
27164835,11,84570,39832230,39832230,PASS,0.007282,tau=27164835 n=11 g_3=84570 Av_11=39832230
27164835,12,2445704,476555896,476555896,PASS,0.213747,tau=27164835 n=12 g_4=2445704 Av_12=476555896
27164853,11,84562,39832238,39832238,PASS,0.007148,tau=27164853 n=11 g_3=84562 Av_11=39832238
27164853,12,2444882,476556718,476556718,PASS,0.199943,tau=27164853 n=12 g_4=2444882 Av_12=476556718
27165384,11,84480,39832320,39832320,PASS,0.006978,tau=27165384 n=11 g_3=84480 Av_11=39832320
27165384,12,2440909,476560691,476560691,PASS,0.154826,tau=27165384 n=12 g_4=2440909 Av_12=476560691
27165483,11,84383,39832417,39832417,PASS,0.007363,tau=27165483 n=11 g_3=84383 Av_11=39832417
27165483,12,2435415,476566185,476566185,PASS,0.155121,tau=27165483 n=12 g_4=2435415 Av_12=476566185
27165834,11,84393,39832407,39832407,PASS,0.007673,tau=27165834 n=11 g_3=84393 Av_11=39832407
27165834,12,2436428,476565172,476565172,PASS,0.204748,tau=27165834 n=12 g_4=2436428 Av_12=476565172
27165843,11,84390,39832410,39832410,PASS,0.007529,tau=27165843 n=11 g_3=84390 Av_11=39832410
27165843,12,2436083,476565517,476565517,PASS,0.207722,tau=27165843 n=12 g_4=2436083 Av_12=476565517
27168345,11,84383,39832417,39832417,PASS,0.007309,tau=27168345 n=11 g_3=84383 Av_11=39832417
27168345,12,2435442,476566158,476566158,PASS,0.155541,tau=27168345 n=12 g_4=2435442 Av_12=476566158
27168354,11,84392,39832408,39832408,PASS,0.007197,tau=27168354 n=11 g_3=84392 Av_11=39832408
27168354,12,2436355,476565245,476565245,PASS,0.153661,tau=27168354 n=12 g_4=2436355 Av_12=476565245
27168435,11,84392,39832408,39832408,PASS,0.007962,tau=27168435 n=11 g_3=84392 Av_11=39832408
27168435,12,2436346,476565254,476565254,PASS,0.203672,tau=27168435 n=12 g_4=2436346 Av_12=476565254
27168453,11,84384,39832416,39832416,PASS,0.008290,tau=27168453 n=11 g_3=84384 Av_11=39832416
27168453,12,2435513,476566087,476566087,PASS,0.173954,tau=27168453 n=12 g_4=2435513 Av_12=476566087
27168534,11,84384,39832416,39832416,PASS,0.010331,tau=27168534 n=11 g_3=84384 Av_11=39832416
27168534,12,2435524,476566076,476566076,PASS,0.161960,tau=27168534 n=12 g_4=2435524 Av_12=476566076
27168543,11,84377,39832423,39832423,PASS,0.010133,tau=27168543 n=11 g_3=84377 Av_11=39832423
27168543,12,2434781,476566819,476566819,PASS,0.187997,tau=27168543 n=12 g_4=2434781 Av_12=476566819
27183456,11,84288,39832512,39832512,PASS,0.013465,tau=27183456 n=11 g_3=84288 Av_11=39832512
27183456,12,2430075,476571525,476571525,PASS,0.234453,tau=27183456 n=12 g_4=2430075 Av_12=476571525
27183465,11,84301,39832499,39832499,PASS,0.008147,tau=27183465 n=11 g_3=84301 Av_11=39832499
27183465,12,2431443,476570157,476570157,PASS,0.188943,tau=27183465 n=12 g_4=2431443 Av_12=476570157
27183546,11,84300,39832500,39832500,PASS,0.010081,tau=27183546 n=11 g_3=84300 Av_11=39832500
27183546,12,2431309,476570291,476570291,PASS,0.203548,tau=27183546 n=12 g_4=2431309 Av_12=476570291
27183564,11,84386,39832414,39832414,PASS,0.008329,tau=27183564 n=11 g_3=84386 Av_11=39832414
27183564,12,2435727,476565873,476565873,PASS,0.220435,tau=27183564 n=12 g_4=2435727 Av_12=476565873
27183645,11,84386,39832414,39832414,PASS,0.007905,tau=27183645 n=11 g_3=84386 Av_11=39832414
27183645,12,2435748,476565852,476565852,PASS,0.197091,tau=27183645 n=12 g_4=2435748 Av_12=476565852
27183654,11,84301,39832499,39832499,PASS,0.010259,tau=27183654 n=11 g_3=84301 Av_11=39832499
27183654,12,2431456,476570144,476570144,PASS,0.161837,tau=27183654 n=12 g_4=2431456 Av_12=476570144
27184356,11,84301,39832499,39832499,PASS,0.010214,tau=27184356 n=11 g_3=84301 Av_11=39832499
27184356,12,2431440,476570160,476570160,PASS,0.173659,tau=27184356 n=12 g_4=2431440 Av_12=476570160
27184365,11,84301,39832499,39832499,PASS,0.007413,tau=27184365 n=11 g_3=84301 Av_11=39832499
27184365,12,2431440,476570160,476570160,PASS,0.149689,tau=27184365 n=12 g_4=2431440 Av_12=476570160
27184536,11,84388,39832412,39832412,PASS,0.007282,tau=27184536 n=11 g_3=84388 Av_11=39832412
27184536,12,2435987,476565613,476565613,PASS,0.178155,tau=27184536 n=12 g_4=2435987 Av_12=476565613
27184563,11,84295,39832505,39832505,PASS,0.007440,tau=27184563 n=11 g_3=84295 Av_11=39832505
27184563,12,2430833,476570767,476570767,PASS,0.193546,tau=27184563 n=12 g_4=2430833 Av_12=476570767
27184635,11,84388,39832412,39832412,PASS,0.007453,tau=27184635 n=11 g_3=84388 Av_11=39832412
27184635,12,2435939,476565661,476565661,PASS,0.161619,tau=27184635 n=12 g_4=2435939 Av_12=476565661
27184653,11,84388,39832412,39832412,PASS,0.007302,tau=27184653 n=11 g_3=84388 Av_11=39832412
27184653,12,2435935,476565665,476565665,PASS,0.205803,tau=27184653 n=12 g_4=2435935 Av_12=476565665
27185346,11,84388,39832412,39832412,PASS,0.010565,tau=27185346 n=11 g_3=84388 Av_11=39832412
27185346,12,2435976,476565624,476565624,PASS,0.171748,tau=27185346 n=12 g_4=2435976 Av_12=476565624
27185364,11,84388,39832412,39832412,PASS,0.007562,tau=27185364 n=11 g_3=84388 Av_11=39832412
27185364,12,2435942,476565658,476565658,PASS,0.167043,tau=27185364 n=12 g_4=2435942 Av_12=476565658
27185436,11,84301,39832499,39832499,PASS,0.010411,tau=27185436 n=11 g_3=84301 Av_11=39832499
27185436,12,2431473,476570127,476570127,PASS,0.208651,tau=27185436 n=12 g_4=2431473 Av_12=476570127
27185463,11,84388,39832412,39832412,PASS,0.010229,tau=27185463 n=11 g_3=84388 Av_11=39832412
27185463,12,2435952,476565648,476565648,PASS,0.191959,tau=27185463 n=12 g_4=2435952 Av_12=476565648
27185634,11,84293,39832507,39832507,PASS,0.008968,tau=27185634 n=11 g_3=84293 Av_11=39832507
27185634,12,2430607,476570993,476570993,PASS,0.202971,tau=27185634 n=12 g_4=2430607 Av_12=476570993
27185643,11,84294,39832506,39832506,PASS,0.007044,tau=27185643 n=11 g_3=84294 Av_11=39832506
27185643,12,2430712,476570888,476570888,PASS,0.212679,tau=27185643 n=12 g_4=2430712 Av_12=476570888
27186345,11,84295,39832505,39832505,PASS,0.008428,tau=27186345 n=11 g_3=84295 Av_11=39832505
27186345,12,2430843,476570757,476570757,PASS,0.170739,tau=27186345 n=12 g_4=2430843 Av_12=476570757
27186354,11,84380,39832420,39832420,PASS,0.007804,tau=27186354 n=11 g_3=84380 Av_11=39832420
27186354,12,2435184,476566416,476566416,PASS,0.169140,tau=27186354 n=12 g_4=2435184 Av_12=476566416
27186435,11,84380,39832420,39832420,PASS,0.007174,tau=27186435 n=11 g_3=84380 Av_11=39832420
27186435,12,2435174,476566426,476566426,PASS,0.191558,tau=27186435 n=12 g_4=2435174 Av_12=476566426
27186453,11,84294,39832506,39832506,PASS,0.007243,tau=27186453 n=11 g_3=84294 Av_11=39832506
27186453,12,2430723,476570877,476570877,PASS,0.210603,tau=27186453 n=12 g_4=2430723 Av_12=476570877
27186534,11,84295,39832505,39832505,PASS,0.006907,tau=27186534 n=11 g_3=84295 Av_11=39832505
27186534,12,2430845,476570755,476570755,PASS,0.195850,tau=27186534 n=12 g_4=2430845 Av_12=476570755
27186543,11,84289,39832511,39832511,PASS,0.006750,tau=27186543 n=11 g_3=84289 Av_11=39832511
27186543,12,2430151,476571449,476571449,PASS,0.205510,tau=27186543 n=12 g_4=2430151 Av_12=476571449
27314685,11,84558,39832242,39832242,PASS,0.009278,tau=27314685 n=11 g_3=84558 Av_11=39832242
27314685,12,2444567,476557033,476557033,PASS,0.164035,tau=27314685 n=12 g_4=2444567 Av_12=476557033
27314856,11,84477,39832323,39832323,PASS,0.009741,tau=27314856 n=11 g_3=84477 Av_11=39832323
27314856,12,2440628,476560972,476560972,PASS,0.172228,tau=27314856 n=12 g_4=2440628 Av_12=476560972
27314865,11,84475,39832325,39832325,PASS,0.010188,tau=27314865 n=11 g_3=84475 Av_11=39832325
27314865,12,2440492,476561108,476561108,PASS,0.191643,tau=27314865 n=12 g_4=2440492 Av_12=476561108
27315684,11,84483,39832317,39832317,PASS,0.010098,tau=27315684 n=11 g_3=84483 Av_11=39832317
27315684,12,2441308,476560292,476560292,PASS,0.147048,tau=27315684 n=12 g_4=2441308 Av_12=476560292
27315846,11,84568,39832232,39832232,PASS,0.007022,tau=27315846 n=11 g_3=84568 Av_11=39832232
27315846,12,2445554,476556046,476556046,PASS,0.198590,tau=27315846 n=12 g_4=2445554 Av_12=476556046
27315864,11,84566,39832234,39832234,PASS,0.007237,tau=27315864 n=11 g_3=84566 Av_11=39832234
27315864,12,2445392,476556208,476556208,PASS,0.179681,tau=27315864 n=12 g_4=2445392 Av_12=476556208
27316485,11,84568,39832232,39832232,PASS,0.006857,tau=27316485 n=11 g_3=84568 Av_11=39832232
27316485,12,2445545,476556055,476556055,PASS,0.165438,tau=27316485 n=12 g_4=2445545 Av_12=476556055
27316584,11,84485,39832315,39832315,PASS,0.007009,tau=27316584 n=11 g_3=84485 Av_11=39832315
27316584,12,2441484,476560116,476560116,PASS,0.181422,tau=27316584 n=12 g_4=2441484 Av_12=476560116
27316845,11,84481,39832319,39832319,PASS,0.007340,tau=27316845 n=11 g_3=84481 Av_11=39832319
27316845,12,2441126,476560474,476560474,PASS,0.160519,tau=27316845 n=12 g_4=2441126 Av_12=476560474
27316854,11,84481,39832319,39832319,PASS,0.007361,tau=27316854 n=11 g_3=84481 Av_11=39832319
27316854,12,2441072,476560528,476560528,PASS,0.177342,tau=27316854 n=12 g_4=2441072 Av_12=476560528
27318456,11,84388,39832412,39832412,PASS,0.006507,tau=27318456 n=11 g_3=84388 Av_11=39832412
27318456,12,2435958,476565642,476565642,PASS,0.161846,tau=27318456 n=12 g_4=2435958 Av_12=476565642
27318465,11,84396,39832404,39832404,PASS,0.007989,tau=27318465 n=11 g_3=84396 Av_11=39832404
27318465,12,2436782,476564818,476564818,PASS,0.190366,tau=27318465 n=12 g_4=2436782 Av_12=476564818
27318546,11,84396,39832404,39832404,PASS,0.007060,tau=27318546 n=11 g_3=84396 Av_11=39832404
27318546,12,2436784,476564816,476564816,PASS,0.214401,tau=27318546 n=12 g_4=2436784 Av_12=476564816
27318564,11,84392,39832408,39832408,PASS,0.010240,tau=27318564 n=11 g_3=84392 Av_11=39832408
27318564,12,2436423,476565177,476565177,PASS,0.189569,tau=27318564 n=12 g_4=2436423 Av_12=476565177
27318645,11,84392,39832408,39832408,PASS,0.010371,tau=27318645 n=11 g_3=84392 Av_11=39832408
27318645,12,2436442,476565158,476565158,PASS,0.205911,tau=27318645 n=12 g_4=2436442 Av_12=476565158
27318654,11,84391,39832409,39832409,PASS,0.008163,tau=27318654 n=11 g_3=84391 Av_11=39832409
27318654,12,2436254,476565346,476565346,PASS,0.178596,tau=27318654 n=12 g_4=2436254 Av_12=476565346
27341856,11,84397,39832403,39832403,PASS,0.007686,tau=27341856 n=11 g_3=84397 Av_11=39832403
27341856,12,2436902,476564698,476564698,PASS,0.166337,tau=27341856 n=12 g_4=2436902 Av_12=476564698
27341865,11,84397,39832403,39832403,PASS,0.006645,tau=27341865 n=11 g_3=84397 Av_11=39832403
27341865,12,2436921,476564679,476564679,PASS,0.162822,tau=27341865 n=12 g_4=2436921 Av_12=476564679
27345816,11,84399,39832401,39832401,PASS,0.006774,tau=27345816 n=11 g_3=84399 Av_11=39832401
27345816,12,2437117,476564483,476564483,PASS,0.149061,tau=27345816 n=12 g_4=2437117 Av_12=476564483
27346185,11,84492,39832308,39832308,PASS,0.007396,tau=27346185 n=11 g_3=84492 Av_11=39832308
27346185,12,2442192,476559408,476559408,PASS,0.200998,tau=27346185 n=12 g_4=2442192 Av_12=476559408
27346815,11,84488,39832312,39832312,PASS,0.010177,tau=27346815 n=11 g_3=84488 Av_11=39832312
27346815,12,2441817,476559783,476559783,PASS,0.200667,tau=27346815 n=12 g_4=2441817 Av_12=476559783
27348156,11,84406,39832394,39832394,PASS,0.006559,tau=27348156 n=11 g_3=84406 Av_11=39832394
27348156,12,2437842,476563758,476563758,PASS,0.178614,tau=27348156 n=12 g_4=2437842 Av_12=476563758
27348165,11,84406,39832394,39832394,PASS,0.006543,tau=27348165 n=11 g_3=84406 Av_11=39832394
27348165,12,2437872,476563728,476563728,PASS,0.163355,tau=27348165 n=12 g_4=2437872 Av_12=476563728
27348516,11,84492,39832308,39832308,PASS,0.010162,tau=27348516 n=11 g_3=84492 Av_11=39832308
27348516,12,2442152,476559448,476559448,PASS,0.161520,tau=27348516 n=12 g_4=2442152 Av_12=476559448
27348615,11,84492,39832308,39832308,PASS,0.007289,tau=27348615 n=11 g_3=84492 Av_11=39832308
27348615,12,2442220,476559380,476559380,PASS,0.150683,tau=27348615 n=12 g_4=2442220 Av_12=476559380
27351684,11,84582,39832218,39832218,PASS,0.007615,tau=27351684 n=11 g_3=84582 Av_11=39832218
27351684,12,2447023,476554577,476554577,PASS,0.145419,tau=27351684 n=12 g_4=2447023 Av_12=476554577
27351846,11,84584,39832216,39832216,PASS,0.007022,tau=27351846 n=11 g_3=84584 Av_11=39832216
27351846,12,2447171,476554429,476554429,PASS,0.152660,tau=27351846 n=12 g_4=2447171 Av_12=476554429
27351864,11,84580,39832220,39832220,PASS,0.007818,tau=27351864 n=11 g_3=84580 Av_11=39832220
27351864,12,2446770,476554830,476554830,PASS,0.179975,tau=27351864 n=12 g_4=2446770 Av_12=476554830
27354816,11,84404,39832396,39832396,PASS,0.007312,tau=27354816 n=11 g_3=84404 Av_11=39832396
27354816,12,2437613,476563987,476563987,PASS,0.181924,tau=27354816 n=12 g_4=2437613 Av_12=476563987
27356184,11,84491,39832309,39832309,PASS,0.006962,tau=27356184 n=11 g_3=84491 Av_11=39832309
27356184,12,2442131,476559469,476559469,PASS,0.152007,tau=27356184 n=12 g_4=2442131 Av_12=476559469
27356814,11,84487,39832313,39832313,PASS,0.006626,tau=27356814 n=11 g_3=84487 Av_11=39832313
27356814,12,2441685,476559915,476559915,PASS,0.151537,tau=27356814 n=12 g_4=2441685 Av_12=476559915
27358146,11,84584,39832216,39832216,PASS,0.008029,tau=27358146 n=11 g_3=84584 Av_11=39832216
27358146,12,2447183,476554417,476554417,PASS,0.206803,tau=27358146 n=12 g_4=2447183 Av_12=476554417
27358164,11,84584,39832216,39832216,PASS,0.010466,tau=27358164 n=11 g_3=84584 Av_11=39832216
27358164,12,2447178,476554422,476554422,PASS,0.156029,tau=27358164 n=12 g_4=2447178 Av_12=476554422
27358416,11,84582,39832218,39832218,PASS,0.009963,tau=27358416 n=11 g_3=84582 Av_11=39832218
27358416,12,2446976,476554624,476554624,PASS,0.153778,tau=27358416 n=12 g_4=2446976 Av_12=476554624
27358614,11,84572,39832228,39832228,PASS,0.006944,tau=27358614 n=11 g_3=84572 Av_11=39832228
27358614,12,2445970,476555630,476555630,PASS,0.217022,tau=27358614 n=12 g_4=2445970 Av_12=476555630
27361485,11,84584,39832216,39832216,PASS,0.010386,tau=27361485 n=11 g_3=84584 Av_11=39832216
27361485,12,2447159,476554441,476554441,PASS,0.177708,tau=27361485 n=12 g_4=2447159 Av_12=476554441
27361584,11,84580,39832220,39832220,PASS,0.009876,tau=27361584 n=11 g_3=84580 Av_11=39832220
27361584,12,2446757,476554843,476554843,PASS,0.193185,tau=27361584 n=12 g_4=2446757 Av_12=476554843
27361845,11,84494,39832306,39832306,PASS,0.006808,tau=27361845 n=11 g_3=84494 Av_11=39832306
27361845,12,2442444,476559156,476559156,PASS,0.202038,tau=27361845 n=12 g_4=2442444 Av_12=476559156
27361854,11,84494,39832306,39832306,PASS,0.007908,tau=27361854 n=11 g_3=84494 Av_11=39832306
27361854,12,2442408,476559192,476559192,PASS,0.165691,tau=27361854 n=12 g_4=2442408 Av_12=476559192
27364185,11,84576,39832224,39832224,PASS,0.010567,tau=27364185 n=11 g_3=84576 Av_11=39832224
27364185,12,2446385,476555215,476555215,PASS,0.163296,tau=27364185 n=12 g_4=2446385 Av_12=476555215
27364815,11,84576,39832224,39832224,PASS,0.007307,tau=27364815 n=11 g_3=84576 Av_11=39832224
27364815,12,2446397,476555203,476555203,PASS,0.162337,tau=27364815 n=12 g_4=2446397 Av_12=476555203
27365184,11,84492,39832308,39832308,PASS,0.010301,tau=27365184 n=11 g_3=84492 Av_11=39832308
27365184,12,2442256,476559344,476559344,PASS,0.162129,tau=27365184 n=12 g_4=2442256 Av_12=476559344
27365814,11,84487,39832313,39832313,PASS,0.007059,tau=27365814 n=11 g_3=84487 Av_11=39832313
27365814,12,2441691,476559909,476559909,PASS,0.156292,tau=27365814 n=12 g_4=2441691 Av_12=476559909
27368145,11,84488,39832312,39832312,PASS,0.010681,tau=27368145 n=11 g_3=84488 Av_11=39832312
27368145,12,2441847,476559753,476559753,PASS,0.163468,tau=27368145 n=12 g_4=2441847 Av_12=476559753
27368154,11,84488,39832312,39832312,PASS,0.007942,tau=27368154 n=11 g_3=84488 Av_11=39832312
27368154,12,2441810,476559790,476559790,PASS,0.158243,tau=27368154 n=12 g_4=2441810 Av_12=476559790
27368415,11,84578,39832222,39832222,PASS,0.007167,tau=27368415 n=11 g_3=84578 Av_11=39832222
27368415,12,2446567,476555033,476555033,PASS,0.151721,tau=27368415 n=12 g_4=2446567 Av_12=476555033
27368514,11,84570,39832230,39832230,PASS,0.007669,tau=27368514 n=11 g_3=84570 Av_11=39832230
27368514,12,2445787,476555813,476555813,PASS,0.159336,tau=27368514 n=12 g_4=2445787 Av_12=476555813
27381456,11,84394,39832406,39832406,PASS,0.011103,tau=27381456 n=11 g_3=84394 Av_11=39832406
27381456,12,2436561,476565039,476565039,PASS,0.151269,tau=27381456 n=12 g_4=2436561 Av_12=476565039
27381465,11,84398,39832402,39832402,PASS,0.010194,tau=27381465 n=11 g_3=84398 Av_11=39832402
27381465,12,2437026,476564574,476564574,PASS,0.147352,tau=27381465 n=12 g_4=2437026 Av_12=476564574
27381546,11,84398,39832402,39832402,PASS,0.007092,tau=27381546 n=11 g_3=84398 Av_11=39832402
27381546,12,2437030,476564570,476564570,PASS,0.153485,tau=27381546 n=12 g_4=2437030 Av_12=476564570
27381564,11,84398,39832402,39832402,PASS,0.007389,tau=27381564 n=11 g_3=84398 Av_11=39832402
27381564,12,2437060,476564540,476564540,PASS,0.167874,tau=27381564 n=12 g_4=2437060 Av_12=476564540
27381645,11,84398,39832402,39832402,PASS,0.011372,tau=27381645 n=11 g_3=84398 Av_11=39832402
27381645,12,2437075,476564525,476564525,PASS,0.152292,tau=27381645 n=12 g_4=2437075 Av_12=476564525
27381654,11,84397,39832403,39832403,PASS,0.010089,tau=27381654 n=11 g_3=84397 Av_11=39832403
27381654,12,2436848,476564752,476564752,PASS,0.168631,tau=27381654 n=12 g_4=2436848 Av_12=476564752
27384156,11,84480,39832320,39832320,PASS,0.006858,tau=27384156 n=11 g_3=84480 Av_11=39832320
27384156,12,2440951,476560649,476560649,PASS,0.155903,tau=27384156 n=12 g_4=2440951 Av_12=476560649
27384165,11,84486,39832314,39832314,PASS,0.010449,tau=27384165 n=11 g_3=84486 Av_11=39832314
27384165,12,2441576,476560024,476560024,PASS,0.166195,tau=27384165 n=12 g_4=2441576 Av_12=476560024
27384516,11,84481,39832319,39832319,PASS,0.010435,tau=27384516 n=11 g_3=84481 Av_11=39832319
27384516,12,2441050,476560550,476560550,PASS,0.155705,tau=27384516 n=12 g_4=2441050 Av_12=476560550
27384615,11,84568,39832232,39832232,PASS,0.007583,tau=27384615 n=11 g_3=84568 Av_11=39832232
27384615,12,2445576,476556024,476556024,PASS,0.197181,tau=27384615 n=12 g_4=2445576 Av_12=476556024
27385146,11,84576,39832224,39832224,PASS,0.008664,tau=27385146 n=11 g_3=84576 Av_11=39832224
27385146,12,2446372,476555228,476555228,PASS,0.157075,tau=27385146 n=12 g_4=2446372 Av_12=476555228
27385164,11,84576,39832224,39832224,PASS,0.008687,tau=27385164 n=11 g_3=84576 Av_11=39832224
27385164,12,2446363,476555237,476555237,PASS,0.213983,tau=27385164 n=12 g_4=2446363 Av_12=476555237
27385416,11,84489,39832311,39832311,PASS,0.007705,tau=27385416 n=11 g_3=84489 Av_11=39832311
27385416,12,2441873,476559727,476559727,PASS,0.154508,tau=27385416 n=12 g_4=2441873 Av_12=476559727
27385614,11,84483,39832317,39832317,PASS,0.010481,tau=27385614 n=11 g_3=84483 Av_11=39832317
27385614,12,2441257,476560343,476560343,PASS,0.187569,tau=27385614 n=12 g_4=2441257 Av_12=476560343
27386145,11,84485,39832315,39832315,PASS,0.007267,tau=27386145 n=11 g_3=84485 Av_11=39832315
27386145,12,2441545,476560055,476560055,PASS,0.148870,tau=27386145 n=12 g_4=2441545 Av_12=476560055
27386154,11,84485,39832315,39832315,PASS,0.008103,tau=27386154 n=11 g_3=84485 Av_11=39832315
27386154,12,2441491,476560109,476560109,PASS,0.157955,tau=27386154 n=12 g_4=2441491 Av_12=476560109
27386415,11,84570,39832230,39832230,PASS,0.009762,tau=27386415 n=11 g_3=84570 Av_11=39832230
27386415,12,2445762,476555838,476555838,PASS,0.155309,tau=27386415 n=12 g_4=2445762 Av_12=476555838
27386514,11,84485,39832315,39832315,PASS,0.010715,tau=27386514 n=11 g_3=84485 Av_11=39832315
27386514,12,2441476,476560124,476560124,PASS,0.150607,tau=27386514 n=12 g_4=2441476 Av_12=476560124
27413856,11,84482,39832318,39832318,PASS,0.006920,tau=27413856 n=11 g_3=84482 Av_11=39832318
27413856,12,2441162,476560438,476560438,PASS,0.193906,tau=27413856 n=12 g_4=2441162 Av_12=476560438
27413865,11,84482,39832318,39832318,PASS,0.007215,tau=27413865 n=11 g_3=84482 Av_11=39832318
27413865,12,2441144,476560456,476560456,PASS,0.197835,tau=27413865 n=12 g_4=2441144 Av_12=476560456
27415836,11,84592,39832208,39832208,PASS,0.007845,tau=27415836 n=11 g_3=84592 Av_11=39832208
27415836,12,2447935,476553665,476553665,PASS,0.152406,tau=27415836 n=12 g_4=2447935 Av_12=476553665
27415863,11,84582,39832218,39832218,PASS,0.014530,tau=27415863 n=11 g_3=84582 Av_11=39832218
27415863,12,2446957,476554643,476554643,PASS,0.153845,tau=27415863 n=12 g_4=2446957 Av_12=476554643
27416385,11,84590,39832210,39832210,PASS,0.010519,tau=27416385 n=11 g_3=84590 Av_11=39832210
27416385,12,2447532,476554068,476554068,PASS,0.176935,tau=27416385 n=12 g_4=2447532 Av_12=476554068
27416583,11,84496,39832304,39832304,PASS,0.008248,tau=27416583 n=11 g_3=84496 Av_11=39832304
27416583,12,2442600,476559000,476559000,PASS,0.158783,tau=27416583 n=12 g_4=2442600 Av_12=476559000
27416835,11,84589,39832211,39832211,PASS,0.007194,tau=27416835 n=11 g_3=84589 Av_11=39832211
27416835,12,2447631,476553969,476553969,PASS,0.203734,tau=27416835 n=12 g_4=2447631 Av_12=476553969
27416853,11,84582,39832218,39832218,PASS,0.007299,tau=27416853 n=11 g_3=84582 Av_11=39832218
27416853,12,2446978,476554622,476554622,PASS,0.151593,tau=27416853 n=12 g_4=2446978 Av_12=476554622
27418356,11,84497,39832303,39832303,PASS,0.007351,tau=27418356 n=11 g_3=84497 Av_11=39832303
27418356,12,2442635,476558965,476558965,PASS,0.183817,tau=27418356 n=12 g_4=2442635 Av_12=476558965
27418365,11,84498,39832302,39832302,PASS,0.007190,tau=27418365 n=11 g_3=84498 Av_11=39832302
27418365,12,2442751,476558849,476558849,PASS,0.161010,tau=27418365 n=12 g_4=2442751 Av_12=476558849
27418536,11,84584,39832216,39832216,PASS,0.007237,tau=27418536 n=11 g_3=84584 Av_11=39832216
27418536,12,2447158,476554442,476554442,PASS,0.151058,tau=27418536 n=12 g_4=2447158 Av_12=476554442
27418563,11,84494,39832306,39832306,PASS,0.007818,tau=27418563 n=11 g_3=84494 Av_11=39832306
27418563,12,2442368,476559232,476559232,PASS,0.155573,tau=27418563 n=12 g_4=2442368 Av_12=476559232
27418635,11,84579,39832221,39832221,PASS,0.009400,tau=27418635 n=11 g_3=84579 Av_11=39832221
27418635,12,2446678,476554922,476554922,PASS,0.180101,tau=27418635 n=12 g_4=2446678 Av_12=476554922
27418653,11,84496,39832304,39832304,PASS,0.007271,tau=27418653 n=11 g_3=84496 Av_11=39832304
27418653,12,2442545,476559055,476559055,PASS,0.149614,tau=27418653 n=12 g_4=2442545 Av_12=476559055
27431856,11,84399,39832401,39832401,PASS,0.010540,tau=27431856 n=11 g_3=84399 Av_11=39832401
27431856,12,2437071,476564529,476564529,PASS,0.178284,tau=27431856 n=12 g_4=2437071 Av_12=476564529
27431865,11,84399,39832401,39832401,PASS,0.008048,tau=27431865 n=11 g_3=84399 Av_11=39832401
27431865,12,2437052,476564548,476564548,PASS,0.151567,tau=27431865 n=12 g_4=2437052 Av_12=476564548
27435816,11,84404,39832396,39832396,PASS,0.007096,tau=27435816 n=11 g_3=84404 Av_11=39832396
27435816,12,2437633,476563967,476563967,PASS,0.147758,tau=27435816 n=12 g_4=2437633 Av_12=476563967
27436815,11,84492,39832308,39832308,PASS,0.007420,tau=27436815 n=11 g_3=84492 Av_11=39832308
27436815,12,2442196,476559404,476559404,PASS,0.184868,tau=27436815 n=12 g_4=2442196 Av_12=476559404
27438156,11,84406,39832394,39832394,PASS,0.008281,tau=27438156 n=11 g_3=84406 Av_11=39832394
27438156,12,2437814,476563786,476563786,PASS,0.151235,tau=27438156 n=12 g_4=2437814 Av_12=476563786
27438165,11,84406,39832394,39832394,PASS,0.007530,tau=27438165 n=11 g_3=84406 Av_11=39832394
27438165,12,2437796,476563804,476563804,PASS,0.210966,tau=27438165 n=12 g_4=2437796 Av_12=476563804
27438516,11,84490,39832310,39832310,PASS,0.007996,tau=27438516 n=11 g_3=84490 Av_11=39832310
27438516,12,2441987,476559613,476559613,PASS,0.150707,tau=27438516 n=12 g_4=2441987 Av_12=476559613
27438615,11,84490,39832310,39832310,PASS,0.010898,tau=27438615 n=11 g_3=84490 Av_11=39832310
27438615,12,2441999,476559601,476559601,PASS,0.160655,tau=27438615 n=12 g_4=2441999 Av_12=476559601
27451836,11,84500,39832300,39832300,PASS,0.009683,tau=27451836 n=11 g_3=84500 Av_11=39832300
27451836,12,2443032,476558568,476558568,PASS,0.180436,tau=27451836 n=12 g_4=2443032 Av_12=476558568
27451863,11,84496,39832304,39832304,PASS,0.007360,tau=27451863 n=11 g_3=84496 Av_11=39832304
27451863,12,2442604,476558996,476558996,PASS,0.163628,tau=27451863 n=12 g_4=2442604 Av_12=476558996
27453816,11,84404,39832396,39832396,PASS,0.007640,tau=27453816 n=11 g_3=84404 Av_11=39832396
27453816,12,2437570,476564030,476564030,PASS,0.184198,tau=27453816 n=12 g_4=2437570 Av_12=476564030
27456183,11,84310,39832490,39832490,PASS,0.007209,tau=27456183 n=11 g_3=84310 Av_11=39832490
27456183,12,2432383,476569217,476569217,PASS,0.161569,tau=27456183 n=12 g_4=2432383 Av_12=476569217
27456813,11,84301,39832499,39832499,PASS,0.007332,tau=27456813 n=11 g_3=84301 Av_11=39832499
27456813,12,2431408,476570192,476570192,PASS,0.181051,tau=27456813 n=12 g_4=2431408 Av_12=476570192
27458136,11,84495,39832305,39832305,PASS,0.008168,tau=27458136 n=11 g_3=84495 Av_11=39832305
27458136,12,2442491,476559109,476559109,PASS,0.154685,tau=27458136 n=12 g_4=2442491 Av_12=476559109
27458163,11,84499,39832301,39832301,PASS,0.007061,tau=27458163 n=11 g_3=84499 Av_11=39832301
27458163,12,2442851,476558749,476558749,PASS,0.154840,tau=27458163 n=12 g_4=2442851 Av_12=476558749
27458316,11,84492,39832308,39832308,PASS,0.007152,tau=27458316 n=11 g_3=84492 Av_11=39832308
27458316,12,2442241,476559359,476559359,PASS,0.149803,tau=27458316 n=12 g_4=2442241 Av_12=476559359
27458613,11,84469,39832331,39832331,PASS,0.007084,tau=27458613 n=11 g_3=84469 Av_11=39832331
27458613,12,2439815,476561785,476561785,PASS,0.155463,tau=27458613 n=12 g_4=2439815 Av_12=476561785
27461385,11,84580,39832220,39832220,PASS,0.006810,tau=27461385 n=11 g_3=84580 Av_11=39832220
27461385,12,2446748,476554852,476554852,PASS,0.153179,tau=27461385 n=12 g_4=2446748 Av_12=476554852
27461583,11,84578,39832222,39832222,PASS,0.007253,tau=27461583 n=11 g_3=84578 Av_11=39832222
27461583,12,2446600,476555000,476555000,PASS,0.151717,tau=27461583 n=12 g_4=2446600 Av_12=476555000
27461835,11,84580,39832220,39832220,PASS,0.008961,tau=27461835 n=11 g_3=84580 Av_11=39832220
27461835,12,2446754,476554846,476554846,PASS,0.191102,tau=27461835 n=12 g_4=2446754 Av_12=476554846
27461853,11,84582,39832218,39832218,PASS,0.007749,tau=27461853 n=11 g_3=84582 Av_11=39832218
27461853,12,2447006,476554594,476554594,PASS,0.152508,tau=27461853 n=12 g_4=2447006 Av_12=476554594
27463185,11,84572,39832228,39832228,PASS,0.010600,tau=27463185 n=11 g_3=84572 Av_11=39832228
27463185,12,2445981,476555619,476555619,PASS,0.182599,tau=27463185 n=12 g_4=2445981 Av_12=476555619
27463815,11,84574,39832226,39832226,PASS,0.007281,tau=27463815 n=11 g_3=84574 Av_11=39832226
27463815,12,2446180,476555420,476555420,PASS,0.173265,tau=27463815 n=12 g_4=2446180 Av_12=476555420
27465183,11,84396,39832404,39832404,PASS,0.007611,tau=27465183 n=11 g_3=84396 Av_11=39832404
27465183,12,2436843,476564757,476564757,PASS,0.196182,tau=27465183 n=12 g_4=2436843 Av_12=476564757
27465813,11,84384,39832416,39832416,PASS,0.007260,tau=27465813 n=11 g_3=84384 Av_11=39832416
27465813,12,2435556,476566044,476566044,PASS,0.162839,tau=27465813 n=12 g_4=2435556 Av_12=476566044
27468135,11,84568,39832232,39832232,PASS,0.010697,tau=27468135 n=11 g_3=84568 Av_11=39832232
27468135,12,2445534,476556066,476556066,PASS,0.169781,tau=27468135 n=12 g_4=2445534 Av_12=476556066
27468153,11,84574,39832226,39832226,PASS,0.007352,tau=27468153 n=11 g_3=84574 Av_11=39832226
27468153,12,2446177,476555423,476555423,PASS,0.160476,tau=27468153 n=12 g_4=2446177 Av_12=476555423
27468315,11,84574,39832226,39832226,PASS,0.010321,tau=27468315 n=11 g_3=84574 Av_11=39832226
27468315,12,2446167,476555433,476555433,PASS,0.155363,tau=27468315 n=12 g_4=2446167 Av_12=476555433
27468513,11,84554,39832246,39832246,PASS,0.007340,tau=27468513 n=11 g_3=84554 Av_11=39832246
27468513,12,2444126,476557474,476557474,PASS,0.152759,tau=27468513 n=12 g_4=2444126 Av_12=476557474
27481356,11,84488,39832312,39832312,PASS,0.010140,tau=27481356 n=11 g_3=84488 Av_11=39832312
27481356,12,2441770,476559830,476559830,PASS,0.154782,tau=27481356 n=12 g_4=2441770 Av_12=476559830
27481365,11,84490,39832310,39832310,PASS,0.008988,tau=27481365 n=11 g_3=84490 Av_11=39832310
27481365,12,2441979,476559621,476559621,PASS,0.171377,tau=27481365 n=12 g_4=2441979 Av_12=476559621
27481536,11,84580,39832220,39832220,PASS,0.007252,tau=27481536 n=11 g_3=84580 Av_11=39832220
27481536,12,2446765,476554835,476554835,PASS,0.157360,tau=27481536 n=12 g_4=2446765 Av_12=476554835
27481563,11,84494,39832306,39832306,PASS,0.006511,tau=27481563 n=11 g_3=84494 Av_11=39832306
27481563,12,2442392,476559208,476559208,PASS,0.156353,tau=27481563 n=12 g_4=2442392 Av_12=476559208
27481635,11,84579,39832221,39832221,PASS,0.010610,tau=27481635 n=11 g_3=84579 Av_11=39832221
27481635,12,2446670,476554930,476554930,PASS,0.171663,tau=27481635 n=12 g_4=2446670 Av_12=476554930
27481653,11,84496,39832304,39832304,PASS,0.007062,tau=27481653 n=11 g_3=84496 Av_11=39832304
27481653,12,2442540,476559060,476559060,PASS,0.155750,tau=27481653 n=12 g_4=2442540 Av_12=476559060
27483156,11,84490,39832310,39832310,PASS,0.007485,tau=27483156 n=11 g_3=84490 Av_11=39832310
27483156,12,2442000,476559600,476559600,PASS,0.168724,tau=27483156 n=12 g_4=2442000 Av_12=476559600
27483165,11,84490,39832310,39832310,PASS,0.007223,tau=27483165 n=11 g_3=84490 Av_11=39832310
27483165,12,2442003,476559597,476559597,PASS,0.157461,tau=27483165 n=12 g_4=2442003 Av_12=476559597
27483516,11,84574,39832226,39832226,PASS,0.008315,tau=27483516 n=11 g_3=84574 Av_11=39832226
27483516,12,2446160,476555440,476555440,PASS,0.148030,tau=27483516 n=12 g_4=2446160 Av_12=476555440
27483615,11,84580,39832220,39832220,PASS,0.006928,tau=27483615 n=11 g_3=84580 Av_11=39832220
27483615,12,2446693,476554907,476554907,PASS,0.184030,tau=27483615 n=12 g_4=2446693 Av_12=476554907
27485136,11,84578,39832222,39832222,PASS,0.007575,tau=27485136 n=11 g_3=84578 Av_11=39832222
27485136,12,2446517,476555083,476555083,PASS,0.186804,tau=27485136 n=12 g_4=2446517 Av_12=476555083
27485163,11,84572,39832228,39832228,PASS,0.006642,tau=27485163 n=11 g_3=84572 Av_11=39832228
27485163,12,2445894,476555706,476555706,PASS,0.180767,tau=27485163 n=12 g_4=2445894 Av_12=476555706
27485316,11,84572,39832228,39832228,PASS,0.007136,tau=27485316 n=11 g_3=84572 Av_11=39832228
27485316,12,2445952,476555648,476555648,PASS,0.177158,tau=27485316 n=12 g_4=2445952 Av_12=476555648
27485613,11,84385,39832415,39832415,PASS,0.006827,tau=27485613 n=11 g_3=84385 Av_11=39832415
27485613,12,2435580,476566020,476566020,PASS,0.163958,tau=27485613 n=12 g_4=2435580 Av_12=476566020
27486135,11,84566,39832234,39832234,PASS,0.007563,tau=27486135 n=11 g_3=84566 Av_11=39832234
27486135,12,2445310,476556290,476556290,PASS,0.196080,tau=27486135 n=12 g_4=2445310 Av_12=476556290
27486153,11,84572,39832228,39832228,PASS,0.007000,tau=27486153 n=11 g_3=84572 Av_11=39832228
27486153,12,2445929,476555671,476555671,PASS,0.151223,tau=27486153 n=12 g_4=2445929 Av_12=476555671
27486315,11,84576,39832224,39832224,PASS,0.010226,tau=27486315 n=11 g_3=84576 Av_11=39832224
27486315,12,2446265,476555335,476555335,PASS,0.164804,tau=27486315 n=12 g_4=2446265 Av_12=476555335
27486513,11,84469,39832331,39832331,PASS,0.010524,tau=27486513 n=11 g_3=84469 Av_11=39832331
27486513,12,2439815,476561785,476561785,PASS,0.156218,tau=27486513 n=12 g_4=2439815 Av_12=476561785
27513846,11,84580,39832220,39832220,PASS,0.007703,tau=27513846 n=11 g_3=84580 Av_11=39832220
27513846,12,2446787,476554813,476554813,PASS,0.158964,tau=27513846 n=12 g_4=2446787 Av_12=476554813
27513864,11,84576,39832224,39832224,PASS,0.007420,tau=27513864 n=11 g_3=84576 Av_11=39832224
27513864,12,2446331,476555269,476555269,PASS,0.194675,tau=27513864 n=12 g_4=2446331 Av_12=476555269
27514836,11,84580,39832220,39832220,PASS,0.006963,tau=27514836 n=11 g_3=84580 Av_11=39832220
27514836,12,2446776,476554824,476554824,PASS,0.187719,tau=27514836 n=12 g_4=2446776 Av_12=476554824
27514863,11,84580,39832220,39832220,PASS,0.007249,tau=27514863 n=11 g_3=84580 Av_11=39832220
27514863,12,2446783,476554817,476554817,PASS,0.146241,tau=27514863 n=12 g_4=2446783 Av_12=476554817
27516834,11,84487,39832313,39832313,PASS,0.007628,tau=27516834 n=11 g_3=84487 Av_11=39832313
27516834,12,2441722,476559878,476559878,PASS,0.152685,tau=27516834 n=12 g_4=2441722 Av_12=476559878
27516843,11,84487,39832313,39832313,PASS,0.007698,tau=27516843 n=11 g_3=84487 Av_11=39832313
27516843,12,2441716,476559884,476559884,PASS,0.148274,tau=27516843 n=12 g_4=2441716 Av_12=476559884
27518346,11,84494,39832306,39832306,PASS,0.006924,tau=27518346 n=11 g_3=84494 Av_11=39832306
27518346,12,2442387,476559213,476559213,PASS,0.147432,tau=27518346 n=12 g_4=2442387 Av_12=476559213
27518364,11,84580,39832220,39832220,PASS,0.006767,tau=27518364 n=11 g_3=84580 Av_11=39832220
27518364,12,2446804,476554796,476554796,PASS,0.148359,tau=27518364 n=12 g_4=2446804 Av_12=476554796
27518436,11,84496,39832304,39832304,PASS,0.007600,tau=27518436 n=11 g_3=84496 Av_11=39832304
27518436,12,2442624,476558976,476558976,PASS,0.154982,tau=27518436 n=12 g_4=2442624 Av_12=476558976
27518463,11,84578,39832222,39832222,PASS,0.008222,tau=27518463 n=11 g_3=84578 Av_11=39832222
27518463,12,2446576,476555024,476555024,PASS,0.158244,tau=27518463 n=12 g_4=2446576 Av_12=476555024
27518634,11,84487,39832313,39832313,PASS,0.007175,tau=27518634 n=11 g_3=84487 Av_11=39832313
27518634,12,2441681,476559919,476559919,PASS,0.152665,tau=27518634 n=12 g_4=2441681 Av_12=476559919
27518643,11,84486,39832314,39832314,PASS,0.007451,tau=27518643 n=11 g_3=84486 Av_11=39832314
27518643,12,2441562,476560038,476560038,PASS,0.152758,tau=27518643 n=12 g_4=2441562 Av_12=476560038
27531846,11,84578,39832222,39832222,PASS,0.008391,tau=27531846 n=11 g_3=84578 Av_11=39832222
27531846,12,2446568,476555032,476555032,PASS,0.188019,tau=27531846 n=12 g_4=2446568 Av_12=476555032
27531864,11,84566,39832234,39832234,PASS,0.007488,tau=27531864 n=11 g_3=84566 Av_11=39832234
27531864,12,2445340,476556260,476556260,PASS,0.195693,tau=27531864 n=12 g_4=2445340 Av_12=476556260
27534816,11,84404,39832396,39832396,PASS,0.007320,tau=27534816 n=11 g_3=84404 Av_11=39832396
27534816,12,2437568,476564032,476564032,PASS,0.149752,tau=27534816 n=12 g_4=2437568 Av_12=476564032
27536814,11,84574,39832226,39832226,PASS,0.008663,tau=27536814 n=11 g_3=84574 Av_11=39832226
27536814,12,2446148,476555452,476555452,PASS,0.156554,tau=27536814 n=12 g_4=2446148 Av_12=476555452
27538146,11,84582,39832218,39832218,PASS,0.006940,tau=27538146 n=11 g_3=84582 Av_11=39832218
27538146,12,2446970,476554630,476554630,PASS,0.148690,tau=27538146 n=12 g_4=2446970 Av_12=476554630
27538164,11,84572,39832228,39832228,PASS,0.007753,tau=27538164 n=11 g_3=84572 Av_11=39832228
27538164,12,2445943,476555657,476555657,PASS,0.150395,tau=27538164 n=12 g_4=2445943 Av_12=476555657
27538416,11,84582,39832218,39832218,PASS,0.007202,tau=27538416 n=11 g_3=84582 Av_11=39832218
27538416,12,2446939,476554661,476554661,PASS,0.165604,tau=27538416 n=12 g_4=2446939 Av_12=476554661
27538614,11,84574,39832226,39832226,PASS,0.006809,tau=27538614 n=11 g_3=84574 Av_11=39832226
27538614,12,2446094,476555506,476555506,PASS,0.171217,tau=27538614 n=12 g_4=2446094 Av_12=476555506
27541836,11,84498,39832302,39832302,PASS,0.007067,tau=27541836 n=11 g_3=84498 Av_11=39832302
27541836,12,2442811,476558789,476558789,PASS,0.149055,tau=27541836 n=12 g_4=2442811 Av_12=476558789
27541863,11,84492,39832308,39832308,PASS,0.007152,tau=27541863 n=11 g_3=84492 Av_11=39832308
27541863,12,2442216,476559384,476559384,PASS,0.157076,tau=27541863 n=12 g_4=2442216 Av_12=476559384
27543816,11,84386,39832414,39832414,PASS,0.007039,tau=27543816 n=11 g_3=84386 Av_11=39832414
27543816,12,2435751,476565849,476565849,PASS,0.182186,tau=27543816 n=12 g_4=2435751 Av_12=476565849
27546813,11,84384,39832416,39832416,PASS,0.007864,tau=27546813 n=11 g_3=84384 Av_11=39832416
27546813,12,2435561,476566039,476566039,PASS,0.149964,tau=27546813 n=12 g_4=2435561 Av_12=476566039
27548136,11,84489,39832311,39832311,PASS,0.008339,tau=27548136 n=11 g_3=84489 Av_11=39832311
27548136,12,2441895,476559705,476559705,PASS,0.173021,tau=27548136 n=12 g_4=2441895 Av_12=476559705
27548163,11,84491,39832309,39832309,PASS,0.010358,tau=27548163 n=11 g_3=84491 Av_11=39832309
27548163,12,2442085,476559515,476559515,PASS,0.205113,tau=27548163 n=12 g_4=2442085 Av_12=476559515
27548316,11,84486,39832314,39832314,PASS,0.007071,tau=27548316 n=11 g_3=84486 Av_11=39832314
27548316,12,2441582,476560018,476560018,PASS,0.184259,tau=27548316 n=12 g_4=2441582 Av_12=476560018
27548613,11,84387,39832413,39832413,PASS,0.012499,tau=27548613 n=11 g_3=84387 Av_11=39832413
27548613,12,2435845,476565755,476565755,PASS,0.173137,tau=27548613 n=12 g_4=2435845 Av_12=476565755
27561384,11,84400,39832400,39832400,PASS,0.007241,tau=27561384 n=11 g_3=84400 Av_11=39832400
27561384,12,2437283,476564317,476564317,PASS,0.172499,tau=27561384 n=12 g_4=2437283 Av_12=476564317
27561483,11,84400,39832400,39832400,PASS,0.010474,tau=27561483 n=11 g_3=84400 Av_11=39832400
27561483,12,2437248,476564352,476564352,PASS,0.173744,tau=27561483 n=12 g_4=2437248 Av_12=476564352
27561834,11,84315,39832485,39832485,PASS,0.006891,tau=27561834 n=11 g_3=84315 Av_11=39832485
27561834,12,2432931,476568669,476568669,PASS,0.159555,tau=27561834 n=12 g_4=2432931 Av_12=476568669
27561843,11,84315,39832485,39832485,PASS,0.006615,tau=27561843 n=11 g_3=84315 Av_11=39832485
27561843,12,2432950,476568650,476568650,PASS,0.157816,tau=27561843 n=12 g_4=2432950 Av_12=476568650
27563814,11,84404,39832396,39832396,PASS,0.008124,tau=27563814 n=11 g_3=84404 Av_11=39832396
27563814,12,2437581,476564019,476564019,PASS,0.160250,tau=27563814 n=12 g_4=2437581 Av_12=476564019
27564183,11,84310,39832490,39832490,PASS,0.008365,tau=27564183 n=11 g_3=84310 Av_11=39832490
27564183,12,2432406,476569194,476569194,PASS,0.148588,tau=27564183 n=12 g_4=2432406 Av_12=476569194
27564813,11,84298,39832502,39832502,PASS,0.010051,tau=27564813 n=11 g_3=84298 Av_11=39832502
27564813,12,2431153,476570447,476570447,PASS,0.193260,tau=27564813 n=12 g_4=2431153 Av_12=476570447
27568134,11,84299,39832501,39832501,PASS,0.010037,tau=27568134 n=11 g_3=84299 Av_11=39832501
27568134,12,2431296,476570304,476570304,PASS,0.184705,tau=27568134 n=12 g_4=2431296 Av_12=476570304
27568143,11,84299,39832501,39832501,PASS,0.007318,tau=27568143 n=11 g_3=84299 Av_11=39832501
27568143,12,2431317,476570283,476570283,PASS,0.152200,tau=27568143 n=12 g_4=2431317 Av_12=476570283
27568314,11,84384,39832416,39832416,PASS,0.007668,tau=27568314 n=11 g_3=84384 Av_11=39832416
27568314,12,2435602,476565998,476565998,PASS,0.176496,tau=27568314 n=12 g_4=2435602 Av_12=476565998
27568413,11,84376,39832424,39832424,PASS,0.007224,tau=27568413 n=11 g_3=84376 Av_11=39832424
27568413,12,2434756,476566844,476566844,PASS,0.171587,tau=27568413 n=12 g_4=2434756 Av_12=476566844
27581346,11,84484,39832316,39832316,PASS,0.006739,tau=27581346 n=11 g_3=84484 Av_11=39832316
27581346,12,2441365,476560235,476560235,PASS,0.153764,tau=27581346 n=12 g_4=2441365 Av_12=476560235
27581364,11,84568,39832232,39832232,PASS,0.007249,tau=27581364 n=11 g_3=84568 Av_11=39832232
27581364,12,2445620,476555980,476555980,PASS,0.152697,tau=27581364 n=12 g_4=2445620 Av_12=476555980
27581436,11,84485,39832315,39832315,PASS,0.007919,tau=27581436 n=11 g_3=84485 Av_11=39832315
27581436,12,2441511,476560089,476560089,PASS,0.158382,tau=27581436 n=12 g_4=2441511 Av_12=476560089
27581463,11,84572,39832228,39832228,PASS,0.010258,tau=27581463 n=11 g_3=84572 Av_11=39832228
27581463,12,2445978,476555622,476555622,PASS,0.174695,tau=27581463 n=12 g_4=2445978 Av_12=476555622
27581634,11,84483,39832317,39832317,PASS,0.007255,tau=27581634 n=11 g_3=84483 Av_11=39832317
27581634,12,2441282,476560318,476560318,PASS,0.210327,tau=27581634 n=12 g_4=2441282 Av_12=476560318
27581643,11,84482,39832318,39832318,PASS,0.007022,tau=27581643 n=11 g_3=84482 Av_11=39832318
27581643,12,2441161,476560439,476560439,PASS,0.191773,tau=27581643 n=12 g_4=2441161 Av_12=476560439
27583146,11,84570,39832230,39832230,PASS,0.007619,tau=27583146 n=11 g_3=84570 Av_11=39832230
27583146,12,2445803,476555797,476555797,PASS,0.152951,tau=27583146 n=12 g_4=2445803 Av_12=476555797
27583164,11,84576,39832224,39832224,PASS,0.007144,tau=27583164 n=11 g_3=84576 Av_11=39832224
27583164,12,2446357,476555243,476555243,PASS,0.179296,tau=27583164 n=12 g_4=2446357 Av_12=476555243
27583416,11,84485,39832315,39832315,PASS,0.007605,tau=27583416 n=11 g_3=84485 Av_11=39832315
27583416,12,2441519,476560081,476560081,PASS,0.179016,tau=27583416 n=12 g_4=2441519 Av_12=476560081
27583614,11,84566,39832234,39832234,PASS,0.007653,tau=27583614 n=11 g_3=84566 Av_11=39832234
27583614,12,2445326,476556274,476556274,PASS,0.193787,tau=27583614 n=12 g_4=2445326 Av_12=476556274
27584136,11,84570,39832230,39832230,PASS,0.007078,tau=27584136 n=11 g_3=84570 Av_11=39832230
27584136,12,2445773,476555827,476555827,PASS,0.177471,tau=27584136 n=12 g_4=2445773 Av_12=476555827
27584163,11,84580,39832220,39832220,PASS,0.008000,tau=27584163 n=11 g_3=84580 Av_11=39832220
27584163,12,2446716,476554884,476554884,PASS,0.165793,tau=27584163 n=12 g_4=2446716 Av_12=476554884
27584316,11,84483,39832317,39832317,PASS,0.008276,tau=27584316 n=11 g_3=84483 Av_11=39832317
27584316,12,2441266,476560334,476560334,PASS,0.160214,tau=27584316 n=12 g_4=2441266 Av_12=476560334
27584613,11,84471,39832329,39832329,PASS,0.007045,tau=27584613 n=11 g_3=84471 Av_11=39832329
27584613,12,2439988,476561612,476561612,PASS,0.159143,tau=27584613 n=12 g_4=2439988 Av_12=476561612
27586134,11,84299,39832501,39832501,PASS,0.007579,tau=27586134 n=11 g_3=84299 Av_11=39832501
27586134,12,2431258,476570342,476570342,PASS,0.152820,tau=27586134 n=12 g_4=2431258 Av_12=476570342
27586143,11,84299,39832501,39832501,PASS,0.010570,tau=27586143 n=11 g_3=84299 Av_11=39832501
27586143,12,2431280,476570320,476570320,PASS,0.174866,tau=27586143 n=12 g_4=2431280 Av_12=476570320
27586314,11,84384,39832416,39832416,PASS,0.008641,tau=27586314 n=11 g_3=84384 Av_11=39832416
27586314,12,2435549,476566051,476566051,PASS,0.198955,tau=27586314 n=12 g_4=2435549 Av_12=476566051
27586413,11,84374,39832426,39832426,PASS,0.007116,tau=27586413 n=11 g_3=84374 Av_11=39832426
27586413,12,2434519,476567081,476567081,PASS,0.174317,tau=27586413 n=12 g_4=2434519 Av_12=476567081
27613485,11,84402,39832398,39832398,PASS,0.009301,tau=27613485 n=11 g_3=84402 Av_11=39832398
27613485,12,2437418,476564182,476564182,PASS,0.206663,tau=27613485 n=12 g_4=2437418 Av_12=476564182
27613584,11,84487,39832313,39832313,PASS,0.008691,tau=27613584 n=11 g_3=84487 Av_11=39832313
27613584,12,2441712,476559888,476559888,PASS,0.168554,tau=27613584 n=12 g_4=2441712 Av_12=476559888
27613845,11,84402,39832398,39832398,PASS,0.007219,tau=27613845 n=11 g_3=84402 Av_11=39832398
27613845,12,2437426,476564174,476564174,PASS,0.187181,tau=27613845 n=12 g_4=2437426 Av_12=476564174
27613854,11,84402,39832398,39832398,PASS,0.007739,tau=27613854 n=11 g_3=84402 Av_11=39832398
27613854,12,2437462,476564138,476564138,PASS,0.147080,tau=27613854 n=12 g_4=2437462 Av_12=476564138
27614385,11,84402,39832398,39832398,PASS,0.007272,tau=27614385 n=11 g_3=84402 Av_11=39832398
27614385,12,2437394,476564206,476564206,PASS,0.176882,tau=27614385 n=12 g_4=2437394 Av_12=476564206
27614583,11,84402,39832398,39832398,PASS,0.009566,tau=27614583 n=11 g_3=84402 Av_11=39832398
27614583,12,2437434,476564166,476564166,PASS,0.159431,tau=27614583 n=12 g_4=2437434 Av_12=476564166
27614835,11,84492,39832308,39832308,PASS,0.007213,tau=27614835 n=11 g_3=84492 Av_11=39832308
27614835,12,2442213,476559387,476559387,PASS,0.183715,tau=27614835 n=12 g_4=2442213 Av_12=476559387
27614853,11,84491,39832309,39832309,PASS,0.007119,tau=27614853 n=11 g_3=84491 Av_11=39832309
27614853,12,2442084,476559516,476559516,PASS,0.184787,tau=27614853 n=12 g_4=2442084 Av_12=476559516
27615384,11,84488,39832312,39832312,PASS,0.007766,tau=27615384 n=11 g_3=84488 Av_11=39832312
27615384,12,2441776,476559824,476559824,PASS,0.208424,tau=27615384 n=12 g_4=2441776 Av_12=476559824
27615483,11,84400,39832400,39832400,PASS,0.010197,tau=27615483 n=11 g_3=84400 Av_11=39832400
27615483,12,2437136,476564464,476564464,PASS,0.172790,tau=27615483 n=12 g_4=2437136 Av_12=476564464
27615834,11,84398,39832402,39832402,PASS,0.009035,tau=27615834 n=11 g_3=84398 Av_11=39832402
27615834,12,2437025,476564575,476564575,PASS,0.160886,tau=27615834 n=12 g_4=2437025 Av_12=476564575
27615843,11,84398,39832402,39832402,PASS,0.007000,tau=27615843 n=11 g_3=84398 Av_11=39832402
27615843,12,2436943,476564657,476564657,PASS,0.196710,tau=27615843 n=12 g_4=2436943 Av_12=476564657
27618345,11,84308,39832492,39832492,PASS,0.008345,tau=27618345 n=11 g_3=84308 Av_11=39832492
27618345,12,2432156,476569444,476569444,PASS,0.163674,tau=27618345 n=12 g_4=2432156 Av_12=476569444
27618354,11,84310,39832490,39832490,PASS,0.006952,tau=27618354 n=11 g_3=84310 Av_11=39832490
27618354,12,2432473,476569127,476569127,PASS,0.164319,tau=27618354 n=12 g_4=2432473 Av_12=476569127
27618435,11,84310,39832490,39832490,PASS,0.007246,tau=27618435 n=11 g_3=84310 Av_11=39832490
27618435,12,2432468,476569132,476569132,PASS,0.159413,tau=27618435 n=12 g_4=2432468 Av_12=476569132
27618453,11,84309,39832491,39832491,PASS,0.008851,tau=27618453 n=11 g_3=84309 Av_11=39832491
27618453,12,2432312,476569288,476569288,PASS,0.153023,tau=27618453 n=12 g_4=2432312 Av_12=476569288
27618534,11,84309,39832491,39832491,PASS,0.007256,tau=27618534 n=11 g_3=84309 Av_11=39832491
27618534,12,2432313,476569287,476569287,PASS,0.155908,tau=27618534 n=12 g_4=2432313 Av_12=476569287
27618543,11,84307,39832493,39832493,PASS,0.009255,tau=27618543 n=11 g_3=84307 Av_11=39832493
27618543,12,2432056,476569544,476569544,PASS,0.148119,tau=27618543 n=12 g_4=2432056 Av_12=476569544
27631584,11,84495,39832305,39832305,PASS,0.007197,tau=27631584 n=11 g_3=84495 Av_11=39832305
27631584,12,2442493,476559107,476559107,PASS,0.154295,tau=27631584 n=12 g_4=2442493 Av_12=476559107
27631845,11,84405,39832395,39832395,PASS,0.007575,tau=27631845 n=11 g_3=84405 Av_11=39832395
27631845,12,2437710,476563890,476563890,PASS,0.154787,tau=27631845 n=12 g_4=2437710 Av_12=476563890
27631854,11,84405,39832395,39832395,PASS,0.007411,tau=27631854 n=11 g_3=84405 Av_11=39832395
27631854,12,2437741,476563859,476563859,PASS,0.173388,tau=27631854 n=12 g_4=2437741 Av_12=476563859
27634815,11,84406,39832394,39832394,PASS,0.007240,tau=27634815 n=11 g_3=84406 Av_11=39832394
27634815,12,2437854,476563746,476563746,PASS,0.186033,tau=27634815 n=12 g_4=2437854 Av_12=476563746
27635184,11,84492,39832308,39832308,PASS,0.007006,tau=27635184 n=11 g_3=84492 Av_11=39832308
27635184,12,2442189,476559411,476559411,PASS,0.181137,tau=27635184 n=12 g_4=2442189 Av_12=476559411
27635814,11,84487,39832313,39832313,PASS,0.007779,tau=27635814 n=11 g_3=84487 Av_11=39832313
27635814,12,2441671,476559929,476559929,PASS,0.157063,tau=27635814 n=12 g_4=2441671 Av_12=476559929
27638145,11,84406,39832394,39832394,PASS,0.008403,tau=27638145 n=11 g_3=84406 Av_11=39832394
27638145,12,2437812,476563788,476563788,PASS,0.217660,tau=27638145 n=12 g_4=2437812 Av_12=476563788
27638154,11,84406,39832394,39832394,PASS,0.007627,tau=27638154 n=11 g_3=84406 Av_11=39832394
27638154,12,2437846,476563754,476563754,PASS,0.210391,tau=27638154 n=12 g_4=2437846 Av_12=476563754
27638415,11,84492,39832308,39832308,PASS,0.009006,tau=27638415 n=11 g_3=84492 Av_11=39832308
27638415,12,2442163,476559437,476559437,PASS,0.175774,tau=27638415 n=12 g_4=2442163 Av_12=476559437
27638514,11,84495,39832305,39832305,PASS,0.007806,tau=27638514 n=11 g_3=84495 Av_11=39832305
27638514,12,2442419,476559181,476559181,PASS,0.175990,tau=27638514 n=12 g_4=2442419 Av_12=476559181
27641835,11,84494,39832306,39832306,PASS,0.007028,tau=27641835 n=11 g_3=84494 Av_11=39832306
27641835,12,2442424,476559176,476559176,PASS,0.161787,tau=27641835 n=12 g_4=2442424 Av_12=476559176
27641853,11,84494,39832306,39832306,PASS,0.006986,tau=27641853 n=11 g_3=84494 Av_11=39832306
27641853,12,2442376,476559224,476559224,PASS,0.162213,tau=27641853 n=12 g_4=2442376 Av_12=476559224
27643815,11,84402,39832398,39832398,PASS,0.010007,tau=27643815 n=11 g_3=84402 Av_11=39832398
27643815,12,2437335,476564265,476564265,PASS,0.179311,tau=27643815 n=12 g_4=2437335 Av_12=476564265
27645183,11,84311,39832489,39832489,PASS,0.007353,tau=27645183 n=11 g_3=84311 Av_11=39832489
27645183,12,2432511,476569089,476569089,PASS,0.173467,tau=27645183 n=12 g_4=2432511 Av_12=476569089
27645813,11,84300,39832500,39832500,PASS,0.006984,tau=27645813 n=11 g_3=84300 Av_11=39832500
27645813,12,2431350,476570250,476570250,PASS,0.201391,tau=27645813 n=12 g_4=2431350 Av_12=476570250
27648135,11,84485,39832315,39832315,PASS,0.007555,tau=27648135 n=11 g_3=84485 Av_11=39832315
27648135,12,2441476,476560124,476560124,PASS,0.165118,tau=27648135 n=12 g_4=2441476 Av_12=476560124
27648153,11,84489,39832311,39832311,PASS,0.011125,tau=27648153 n=11 g_3=84489 Av_11=39832311
27648153,12,2441827,476559773,476559773,PASS,0.149483,tau=27648153 n=12 g_4=2441827 Av_12=476559773
27648315,11,84487,39832313,39832313,PASS,0.010444,tau=27648315 n=11 g_3=84487 Av_11=39832313
27648315,12,2441666,476559934,476559934,PASS,0.207057,tau=27648315 n=12 g_4=2441666 Av_12=476559934
27648513,11,84469,39832331,39832331,PASS,0.007998,tau=27648513 n=11 g_3=84469 Av_11=39832331
27648513,12,2439794,476561806,476561806,PASS,0.159422,tau=27648513 n=12 g_4=2439794 Av_12=476561806
27651384,11,84398,39832402,39832402,PASS,0.008008,tau=27651384 n=11 g_3=84398 Av_11=39832402
27651384,12,2437016,476564584,476564584,PASS,0.195186,tau=27651384 n=12 g_4=2437016 Av_12=476564584
27651483,11,84394,39832406,39832406,PASS,0.006943,tau=27651483 n=11 g_3=84394 Av_11=39832406
27651483,12,2436572,476565028,476565028,PASS,0.157369,tau=27651483 n=12 g_4=2436572 Av_12=476565028
27651834,11,84308,39832492,39832492,PASS,0.010456,tau=27651834 n=11 g_3=84308 Av_11=39832492
27651834,12,2432244,476569356,476569356,PASS,0.167938,tau=27651834 n=12 g_4=2432244 Av_12=476569356
27651843,11,84308,39832492,39832492,PASS,0.008812,tau=27651843 n=11 g_3=84308 Av_11=39832492
27651843,12,2432232,476569368,476569368,PASS,0.169173,tau=27651843 n=12 g_4=2432232 Av_12=476569368
27653814,11,84393,39832407,39832407,PASS,0.007407,tau=27653814 n=11 g_3=84393 Av_11=39832407
27653814,12,2436444,476565156,476565156,PASS,0.204017,tau=27653814 n=12 g_4=2436444 Av_12=476565156
27654183,11,84301,39832499,39832499,PASS,0.010249,tau=27654183 n=11 g_3=84301 Av_11=39832499
27654183,12,2431432,476570168,476570168,PASS,0.156141,tau=27654183 n=12 g_4=2431432 Av_12=476570168
27654813,11,84206,39832594,39832594,PASS,0.010305,tau=27654813 n=11 g_3=84206 Av_11=39832594
27654813,12,2426110,476575490,476575490,PASS,0.196465,tau=27654813 n=12 g_4=2426110 Av_12=476575490
27658134,11,84213,39832587,39832587,PASS,0.013126,tau=27658134 n=11 g_3=84213 Av_11=39832587
27658134,12,2426888,476574712,476574712,PASS,0.151944,tau=27658134 n=12 g_4=2426888 Av_12=476574712
27658143,11,84213,39832587,39832587,PASS,0.009825,tau=27658143 n=11 g_3=84213 Av_11=39832587
27658143,12,2426885,476574715,476574715,PASS,0.234720,tau=27658143 n=12 g_4=2426885 Av_12=476574715
27658314,11,84299,39832501,39832501,PASS,0.011375,tau=27658314 n=11 g_3=84299 Av_11=39832501
27658314,12,2431270,476570330,476570330,PASS,0.234466,tau=27658314 n=12 g_4=2431270 Av_12=476570330
27658413,11,84294,39832506,39832506,PASS,0.008781,tau=27658413 n=11 g_3=84294 Av_11=39832506
27658413,12,2430678,476570922,476570922,PASS,0.186905,tau=27658413 n=12 g_4=2430678 Av_12=476570922
27681345,11,84213,39832587,39832587,PASS,0.007021,tau=27681345 n=11 g_3=84213 Av_11=39832587
27681345,12,2426859,476574741,476574741,PASS,0.146003,tau=27681345 n=12 g_4=2426859 Av_12=476574741
27681354,11,84214,39832586,39832586,PASS,0.011398,tau=27681354 n=11 g_3=84214 Av_11=39832586
27681354,12,2427058,476574542,476574542,PASS,0.237481,tau=27681354 n=12 g_4=2427058 Av_12=476574542
27681435,11,84214,39832586,39832586,PASS,0.010473,tau=27681435 n=11 g_3=84214 Av_11=39832586
27681435,12,2427051,476574549,476574549,PASS,0.241124,tau=27681435 n=12 g_4=2427051 Av_12=476574549
27681453,11,84218,39832582,39832582,PASS,0.006711,tau=27681453 n=11 g_3=84218 Av_11=39832582
27681453,12,2427397,476574203,476574203,PASS,0.146276,tau=27681453 n=12 g_4=2427397 Av_12=476574203
27681534,11,84218,39832582,39832582,PASS,0.006878,tau=27681534 n=11 g_3=84218 Av_11=39832582
27681534,12,2427399,476574201,476574201,PASS,0.183655,tau=27681534 n=12 g_4=2427399 Av_12=476574201
27681543,11,84213,39832587,39832587,PASS,0.007244,tau=27681543 n=11 g_3=84213 Av_11=39832587
27681543,12,2426867,476574733,476574733,PASS,0.178656,tau=27681543 n=12 g_4=2426867 Av_12=476574733
27683145,11,84303,39832497,39832497,PASS,0.007425,tau=27683145 n=11 g_3=84303 Av_11=39832497
27683145,12,2431682,476569918,476569918,PASS,0.177401,tau=27683145 n=12 g_4=2431682 Av_12=476569918
27683154,11,84303,39832497,39832497,PASS,0.010244,tau=27683154 n=11 g_3=84303 Av_11=39832497
27683154,12,2431738,476569862,476569862,PASS,0.235042,tau=27683154 n=12 g_4=2431738 Av_12=476569862
27683415,11,84307,39832493,39832493,PASS,0.010107,tau=27683415 n=11 g_3=84307 Av_11=39832493
27683415,12,2432070,476569530,476569530,PASS,0.233909,tau=27683415 n=12 g_4=2432070 Av_12=476569530
27683514,11,84390,39832410,39832410,PASS,0.008990,tau=27683514 n=11 g_3=84390 Av_11=39832410
27683514,12,2436128,476565472,476565472,PASS,0.156001,tau=27683514 n=12 g_4=2436128 Av_12=476565472
27684135,11,84388,39832412,39832412,PASS,0.008875,tau=27684135 n=11 g_3=84388 Av_11=39832412
27684135,12,2436008,476565592,476565592,PASS,0.146240,tau=27684135 n=12 g_4=2436008 Av_12=476565592
27684153,11,84390,39832410,39832410,PASS,0.009151,tau=27684153 n=11 g_3=84390 Av_11=39832410
27684153,12,2436141,476565459,476565459,PASS,0.217811,tau=27684153 n=12 g_4=2436141 Av_12=476565459
27684315,11,84305,39832495,39832495,PASS,0.007385,tau=27684315 n=11 g_3=84305 Av_11=39832495
27684315,12,2431884,476569716,476569716,PASS,0.186259,tau=27684315 n=12 g_4=2431884 Av_12=476569716
27684513,11,84291,39832509,39832509,PASS,0.007315,tau=27684513 n=11 g_3=84291 Av_11=39832509
27684513,12,2430397,476571203,476571203,PASS,0.178766,tau=27684513 n=12 g_4=2430397 Av_12=476571203
27685134,11,84293,39832507,39832507,PASS,0.030158,tau=27685134 n=11 g_3=84293 Av_11=39832507
27685134,12,2430665,476570935,476570935,PASS,0.233310,tau=27685134 n=12 g_4=2430665 Av_12=476570935
27685143,11,84295,39832505,39832505,PASS,0.010481,tau=27685143 n=11 g_3=84295 Av_11=39832505
27685143,12,2430831,476570769,476570769,PASS,0.237131,tau=27685143 n=12 g_4=2430831 Av_12=476570769
27685314,11,84376,39832424,39832424,PASS,0.009779,tau=27685314 n=11 g_3=84376 Av_11=39832424
27685314,12,2434748,476566852,476566852,PASS,0.204089,tau=27685314 n=12 g_4=2434748 Av_12=476566852
27685413,11,84291,39832509,39832509,PASS,0.007765,tau=27685413 n=11 g_3=84291 Av_11=39832509
27685413,12,2430374,476571226,476571226,PASS,0.171757,tau=27685413 n=12 g_4=2430374 Av_12=476571226
27813456,11,84205,39832595,39832595,PASS,0.011223,tau=27813456 n=11 g_3=84205 Av_11=39832595
27813456,12,2425969,476575631,476575631,PASS,0.222485,tau=27813456 n=12 g_4=2425969 Av_12=476575631
27813465,11,84213,39832587,39832587,PASS,0.007378,tau=27813465 n=11 g_3=84213 Av_11=39832587
27813465,12,2426854,476574746,476574746,PASS,0.149001,tau=27813465 n=12 g_4=2426854 Av_12=476574746
27813546,11,84212,39832588,39832588,PASS,0.007354,tau=27813546 n=11 g_3=84212 Av_11=39832588
27813546,12,2426738,476574862,476574862,PASS,0.190438,tau=27813546 n=12 g_4=2426738 Av_12=476574862
27813564,11,84298,39832502,39832502,PASS,0.010271,tau=27813564 n=11 g_3=84298 Av_11=39832502
27813564,12,2431158,476570442,476570442,PASS,0.191544,tau=27813564 n=12 g_4=2431158 Av_12=476570442
27813645,11,84298,39832502,39832502,PASS,0.007048,tau=27813645 n=11 g_3=84298 Av_11=39832502
27813645,12,2431183,476570417,476570417,PASS,0.152185,tau=27813645 n=12 g_4=2431183 Av_12=476570417
27813654,11,84213,39832587,39832587,PASS,0.011141,tau=27813654 n=11 g_3=84213 Av_11=39832587
27813654,12,2426862,476574738,476574738,PASS,0.173824,tau=27813654 n=12 g_4=2426862 Av_12=476574738
27814356,11,84213,39832587,39832587,PASS,0.008390,tau=27814356 n=11 g_3=84213 Av_11=39832587
27814356,12,2426840,476574760,476574760,PASS,0.186336,tau=27814356 n=12 g_4=2426840 Av_12=476574760
27814365,11,84213,39832587,39832587,PASS,0.007642,tau=27814365 n=11 g_3=84213 Av_11=39832587
27814365,12,2426838,476574762,476574762,PASS,0.163631,tau=27814365 n=12 g_4=2426838 Av_12=476574762
27814536,11,84302,39832498,39832498,PASS,0.007755,tau=27814536 n=11 g_3=84302 Av_11=39832498
27814536,12,2431591,476570009,476570009,PASS,0.180029,tau=27814536 n=12 g_4=2431591 Av_12=476570009
27814563,11,84213,39832587,39832587,PASS,0.008011,tau=27814563 n=11 g_3=84213 Av_11=39832587
27814563,12,2426854,476574746,476574746,PASS,0.181111,tau=27814563 n=12 g_4=2426854 Av_12=476574746
27814635,11,84302,39832498,39832498,PASS,0.007899,tau=27814635 n=11 g_3=84302 Av_11=39832498
27814635,12,2431567,476570033,476570033,PASS,0.183948,tau=27814635 n=12 g_4=2431567 Av_12=476570033
27814653,11,84302,39832498,39832498,PASS,0.010289,tau=27814653 n=11 g_3=84302 Av_11=39832498
27814653,12,2431565,476570035,476570035,PASS,0.202618,tau=27814653 n=12 g_4=2431565 Av_12=476570035
27815346,11,84302,39832498,39832498,PASS,0.007118,tau=27815346 n=11 g_3=84302 Av_11=39832498
27815346,12,2431574,476570026,476570026,PASS,0.143705,tau=27815346 n=12 g_4=2431574 Av_12=476570026
27815364,11,84302,39832498,39832498,PASS,0.008343,tau=27815364 n=11 g_3=84302 Av_11=39832498
27815364,12,2431559,476570041,476570041,PASS,0.148153,tau=27815364 n=12 g_4=2431559 Av_12=476570041
27815436,11,84213,39832587,39832587,PASS,0.010534,tau=27815436 n=11 g_3=84213 Av_11=39832587
27815436,12,2426867,476574733,476574733,PASS,0.163971,tau=27815436 n=12 g_4=2426867 Av_12=476574733
27815463,11,84302,39832498,39832498,PASS,0.012616,tau=27815463 n=11 g_3=84302 Av_11=39832498
27815463,12,2431590,476570010,476570010,PASS,0.178192,tau=27815463 n=12 g_4=2431590 Av_12=476570010
27815634,11,84211,39832589,39832589,PASS,0.007007,tau=27815634 n=11 g_3=84211 Av_11=39832589
27815634,12,2426632,476574968,476574968,PASS,0.142765,tau=27815634 n=12 g_4=2426632 Av_12=476574968
27815643,11,84212,39832588,39832588,PASS,0.007661,tau=27815643 n=11 g_3=84212 Av_11=39832588
27815643,12,2426737,476574863,476574863,PASS,0.167659,tau=27815643 n=12 g_4=2426737 Av_12=476574863
27816345,11,84213,39832587,39832587,PASS,0.007490,tau=27816345 n=11 g_3=84213 Av_11=39832587
27816345,12,2426861,476574739,476574739,PASS,0.160442,tau=27816345 n=12 g_4=2426861 Av_12=476574739
27816354,11,84298,39832502,39832502,PASS,0.007197,tau=27816354 n=11 g_3=84298 Av_11=39832502
27816354,12,2431172,476570428,476570428,PASS,0.147618,tau=27816354 n=12 g_4=2431172 Av_12=476570428
27816435,11,84298,39832502,39832502,PASS,0.007390,tau=27816435 n=11 g_3=84298 Av_11=39832502
27816435,12,2431170,476570430,476570430,PASS,0.163627,tau=27816435 n=12 g_4=2431170 Av_12=476570430
27816453,11,84212,39832588,39832588,PASS,0.007405,tau=27816453 n=11 g_3=84212 Av_11=39832588
27816453,12,2426728,476574872,476574872,PASS,0.166277,tau=27816453 n=12 g_4=2426728 Av_12=476574872
27816534,11,84213,39832587,39832587,PASS,0.008097,tau=27816534 n=11 g_3=84213 Av_11=39832587
27816534,12,2426851,476574749,476574749,PASS,0.152134,tau=27816534 n=12 g_4=2426851 Av_12=476574749
27816543,11,84205,39832595,39832595,PASS,0.006940,tau=27816543 n=11 g_3=84205 Av_11=39832595
27816543,12,2425971,476575629,476575629,PASS,0.143950,tau=27816543 n=12 g_4=2425971 Av_12=476575629
27831456,11,84297,39832503,39832503,PASS,0.007628,tau=27831456 n=11 g_3=84297 Av_11=39832503
27831456,12,2430996,476570604,476570604,PASS,0.152338,tau=27831456 n=12 g_4=2430996 Av_12=476570604
27831465,11,84302,39832498,39832498,PASS,0.008579,tau=27831465 n=11 g_3=84302 Av_11=39832498
27831465,12,2431560,476570040,476570040,PASS,0.156831,tau=27831465 n=12 g_4=2431560 Av_12=476570040
27831546,11,84302,39832498,39832498,PASS,0.007030,tau=27831546 n=11 g_3=84302 Av_11=39832498
27831546,12,2431544,476570056,476570056,PASS,0.154601,tau=27831546 n=12 g_4=2431544 Av_12=476570056
27831564,11,84310,39832490,39832490,PASS,0.006870,tau=27831564 n=11 g_3=84310 Av_11=39832490
27831564,12,2432353,476569247,476569247,PASS,0.173500,tau=27831564 n=12 g_4=2432353 Av_12=476569247
27831645,11,84310,39832490,39832490,PASS,0.007862,tau=27831645 n=11 g_3=84310 Av_11=39832490
27831645,12,2432362,476569238,476569238,PASS,0.162479,tau=27831645 n=12 g_4=2432362 Av_12=476569238
27831654,11,84301,39832499,39832499,PASS,0.008007,tau=27831654 n=11 g_3=84301 Av_11=39832499
27831654,12,2431463,476570137,476570137,PASS,0.196880,tau=27831654 n=12 g_4=2431463 Av_12=476570137
27834156,11,84307,39832493,39832493,PASS,0.007136,tau=27834156 n=11 g_3=84307 Av_11=39832493
27834156,12,2432023,476569577,476569577,PASS,0.149294,tau=27834156 n=12 g_4=2432023 Av_12=476569577
27834165,11,84309,39832491,39832491,PASS,0.010524,tau=27834165 n=11 g_3=84309 Av_11=39832491
27834165,12,2432273,476569327,476569327,PASS,0.196462,tau=27834165 n=12 g_4=2432273 Av_12=476569327
27834516,11,84300,39832500,39832500,PASS,0.008167,tau=27834516 n=11 g_3=84300 Av_11=39832500
27834516,12,2431338,476570262,476570262,PASS,0.163184,tau=27834516 n=12 g_4=2431338 Av_12=476570262
27834615,11,84394,39832406,39832406,PASS,0.007462,tau=27834615 n=11 g_3=84394 Av_11=39832406
27834615,12,2436527,476565073,476565073,PASS,0.151260,tau=27834615 n=12 g_4=2436527 Av_12=476565073
27835146,11,84476,39832324,39832324,PASS,0.006618,tau=27835146 n=11 g_3=84476 Av_11=39832324
27835146,12,2440534,476561066,476561066,PASS,0.149904,tau=27835146 n=12 g_4=2440534 Av_12=476561066
27835164,11,84484,39832316,39832316,PASS,0.008157,tau=27835164 n=11 g_3=84484 Av_11=39832316
27835164,12,2441334,476560266,476560266,PASS,0.153459,tau=27835164 n=12 g_4=2441334 Av_12=476560266
27835416,11,84310,39832490,39832490,PASS,0.006902,tau=27835416 n=11 g_3=84310 Av_11=39832490
27835416,12,2432380,476569220,476569220,PASS,0.158688,tau=27835416 n=12 g_4=2432380 Av_12=476569220
27835614,11,84395,39832405,39832405,PASS,0.006870,tau=27835614 n=11 g_3=84395 Av_11=39832405
27835614,12,2436575,476565025,476565025,PASS,0.152085,tau=27835614 n=12 g_4=2436575 Av_12=476565025
27836145,11,84402,39832398,39832398,PASS,0.006328,tau=27836145 n=11 g_3=84402 Av_11=39832398
27836145,12,2437306,476564294,476564294,PASS,0.148125,tau=27836145 n=12 g_4=2437306 Av_12=476564294
27836154,11,84394,39832406,39832406,PASS,0.007836,tau=27836154 n=11 g_3=84394 Av_11=39832406
27836154,12,2436526,476565074,476565074,PASS,0.147331,tau=27836154 n=12 g_4=2436526 Av_12=476565074
27836415,11,84480,39832320,39832320,PASS,0.007355,tau=27836415 n=11 g_3=84480 Av_11=39832320
27836415,12,2440931,476560669,476560669,PASS,0.151779,tau=27836415 n=12 g_4=2440931 Av_12=476560669
27836514,11,84397,39832403,39832403,PASS,0.006822,tau=27836514 n=11 g_3=84397 Av_11=39832403
27836514,12,2436819,476564781,476564781,PASS,0.153395,tau=27836514 n=12 g_4=2436819 Av_12=476564781
27841356,11,84391,39832409,39832409,PASS,0.007537,tau=27841356 n=11 g_3=84391 Av_11=39832409
27841356,12,2436228,476565372,476565372,PASS,0.150874,tau=27841356 n=12 g_4=2436228 Av_12=476565372
27841365,11,84391,39832409,39832409,PASS,0.007098,tau=27841365 n=11 g_3=84391 Av_11=39832409
27841365,12,2436262,476565338,476565338,PASS,0.150678,tau=27841365 n=12 g_4=2436262 Av_12=476565338
27841536,11,84479,39832321,39832321,PASS,0.007048,tau=27841536 n=11 g_3=84479 Av_11=39832321
27841536,12,2440827,476560773,476560773,PASS,0.160472,tau=27841536 n=12 g_4=2440827 Av_12=476560773
27841563,11,84397,39832403,39832403,PASS,0.008274,tau=27841563 n=11 g_3=84397 Av_11=39832403
27841563,12,2436838,476564762,476564762,PASS,0.150522,tau=27841563 n=12 g_4=2436838 Av_12=476564762
27841635,11,84483,39832317,39832317,PASS,0.006507,tau=27841635 n=11 g_3=84483 Av_11=39832317
27841635,12,2441200,476560400,476560400,PASS,0.154950,tau=27841635 n=12 g_4=2441200 Av_12=476560400
27841653,11,84401,39832399,39832399,PASS,0.007172,tau=27841653 n=11 g_3=84401 Av_11=39832399
27841653,12,2437245,476564355,476564355,PASS,0.148817,tau=27841653 n=12 g_4=2437245 Av_12=476564355
27843156,11,84307,39832493,39832493,PASS,0.007968,tau=27843156 n=11 g_3=84307 Av_11=39832493
27843156,12,2432063,476569537,476569537,PASS,0.159102,tau=27843156 n=12 g_4=2432063 Av_12=476569537
27843165,11,84307,39832493,39832493,PASS,0.007130,tau=27843165 n=11 g_3=84307 Av_11=39832493
27843165,12,2432070,476569530,476569530,PASS,0.155198,tau=27843165 n=12 g_4=2432070 Av_12=476569530
27843516,11,84310,39832490,39832490,PASS,0.006591,tau=27843516 n=11 g_3=84310 Av_11=39832490
27843516,12,2432375,476569225,476569225,PASS,0.149675,tau=27843516 n=12 g_4=2432375 Av_12=476569225
27843615,11,84396,39832404,39832404,PASS,0.007148,tau=27843615 n=11 g_3=84396 Av_11=39832404
27843615,12,2436744,476564856,476564856,PASS,0.176890,tau=27843615 n=12 g_4=2436744 Av_12=476564856
27845136,11,84395,39832405,39832405,PASS,0.007950,tau=27845136 n=11 g_3=84395 Av_11=39832405
27845136,12,2436641,476564959,476564959,PASS,0.167334,tau=27845136 n=12 g_4=2436641 Av_12=476564959
27845163,11,84393,39832407,39832407,PASS,0.007780,tau=27845163 n=11 g_3=84393 Av_11=39832407
27845163,12,2436412,476565188,476565188,PASS,0.151574,tau=27845163 n=12 g_4=2436412 Av_12=476565188
27845316,11,84307,39832493,39832493,PASS,0.007119,tau=27845316 n=11 g_3=84307 Av_11=39832493
27845316,12,2432071,476569529,476569529,PASS,0.199423,tau=27845316 n=12 g_4=2432071 Av_12=476569529
27845613,11,84202,39832598,39832598,PASS,0.009328,tau=27845613 n=11 g_3=84202 Av_11=39832598
27845613,12,2425686,476575914,476575914,PASS,0.156754,tau=27845613 n=12 g_4=2425686 Av_12=476575914
27846135,11,84475,39832325,39832325,PASS,0.007200,tau=27846135 n=11 g_3=84475 Av_11=39832325
27846135,12,2440381,476561219,476561219,PASS,0.223292,tau=27846135 n=12 g_4=2440381 Av_12=476561219
27846153,11,84479,39832321,39832321,PASS,0.007235,tau=27846153 n=11 g_3=84479 Av_11=39832321
27846153,12,2440798,476560802,476560802,PASS,0.151708,tau=27846153 n=12 g_4=2440798 Av_12=476560802
27846315,11,84475,39832325,39832325,PASS,0.010471,tau=27846315 n=11 g_3=84475 Av_11=39832325
27846315,12,2440390,476561210,476561210,PASS,0.178757,tau=27846315 n=12 g_4=2440390 Av_12=476561210
27846513,11,84299,39832501,39832501,PASS,0.007463,tau=27846513 n=11 g_3=84299 Av_11=39832501
27846513,12,2431200,476570400,476570400,PASS,0.169536,tau=27846513 n=12 g_4=2431200 Av_12=476570400
27851346,11,84394,39832406,39832406,PASS,0.010274,tau=27851346 n=11 g_3=84394 Av_11=39832406
27851346,12,2436546,476565054,476565054,PASS,0.197887,tau=27851346 n=12 g_4=2436546 Av_12=476565054
27851364,11,84479,39832321,39832321,PASS,0.010443,tau=27851364 n=11 g_3=84479 Av_11=39832321
27851364,12,2440872,476560728,476560728,PASS,0.175903,tau=27851364 n=12 g_4=2440872 Av_12=476560728
27851436,11,84394,39832406,39832406,PASS,0.007041,tau=27851436 n=11 g_3=84394 Av_11=39832406
27851436,12,2436571,476565029,476565029,PASS,0.147264,tau=27851436 n=12 g_4=2436571 Av_12=476565029
27851463,11,84481,39832319,39832319,PASS,0.008248,tau=27851463 n=11 g_3=84481 Av_11=39832319
27851463,12,2441075,476560525,476560525,PASS,0.190100,tau=27851463 n=12 g_4=2441075 Av_12=476560525
27851634,11,84390,39832410,39832410,PASS,0.007031,tau=27851634 n=11 g_3=84390 Av_11=39832410
27851634,12,2436113,476565487,476565487,PASS,0.155912,tau=27851634 n=12 g_4=2436113 Av_12=476565487
27851643,11,84392,39832408,39832408,PASS,0.007659,tau=27851643 n=11 g_3=84392 Av_11=39832408
27851643,12,2436320,476565280,476565280,PASS,0.181207,tau=27851643 n=12 g_4=2436320 Av_12=476565280
27853146,11,84477,39832323,39832323,PASS,0.006782,tau=27853146 n=11 g_3=84477 Av_11=39832323
27853146,12,2440651,476560949,476560949,PASS,0.148301,tau=27853146 n=12 g_4=2440651 Av_12=476560949
27853164,11,84479,39832321,39832321,PASS,0.007410,tau=27853164 n=11 g_3=84479 Av_11=39832321
27853164,12,2440834,476560766,476560766,PASS,0.155916,tau=27853164 n=12 g_4=2440834 Av_12=476560766
27853416,11,84307,39832493,39832493,PASS,0.009145,tau=27853416 n=11 g_3=84307 Av_11=39832493
27853416,12,2432085,476569515,476569515,PASS,0.146875,tau=27853416 n=12 g_4=2432085 Av_12=476569515
27853614,11,84475,39832325,39832325,PASS,0.009004,tau=27853614 n=11 g_3=84475 Av_11=39832325
27853614,12,2440405,476561195,476561195,PASS,0.159604,tau=27853614 n=12 g_4=2440405 Av_12=476561195
27854136,11,84391,39832409,39832409,PASS,0.007196,tau=27854136 n=11 g_3=84391 Av_11=39832409
27854136,12,2436273,476565327,476565327,PASS,0.152542,tau=27854136 n=12 g_4=2436273 Av_12=476565327
27854163,11,84403,39832397,39832397,PASS,0.007174,tau=27854163 n=11 g_3=84403 Av_11=39832397
27854163,12,2437426,476564174,476564174,PASS,0.159390,tau=27854163 n=12 g_4=2437426 Av_12=476564174
27854316,11,84300,39832500,39832500,PASS,0.007138,tau=27854316 n=11 g_3=84300 Av_11=39832500
27854316,12,2431342,476570258,476570258,PASS,0.147581,tau=27854316 n=12 g_4=2431342 Av_12=476570258
27854613,11,84299,39832501,39832501,PASS,0.007519,tau=27854613 n=11 g_3=84299 Av_11=39832501
27854613,12,2431204,476570396,476570396,PASS,0.156641,tau=27854613 n=12 g_4=2431204 Av_12=476570396
27856134,11,84208,39832592,39832592,PASS,0.006928,tau=27856134 n=11 g_3=84208 Av_11=39832592
27856134,12,2426305,476575295,476575295,PASS,0.150492,tau=27856134 n=12 g_4=2426305 Av_12=476575295
27856143,11,84210,39832590,39832590,PASS,0.007714,tau=27856143 n=11 g_3=84210 Av_11=39832590
27856143,12,2426518,476575082,476575082,PASS,0.172722,tau=27856143 n=12 g_4=2426518 Av_12=476575082
27856314,11,84291,39832509,39832509,PASS,0.008201,tau=27856314 n=11 g_3=84291 Av_11=39832509
27856314,12,2430382,476571218,476571218,PASS,0.221735,tau=27856314 n=12 g_4=2430382 Av_12=476571218
27856413,11,84201,39832599,39832599,PASS,0.008294,tau=27856413 n=11 g_3=84201 Av_11=39832599
27856413,12,2425586,476576014,476576014,PASS,0.173099,tau=27856413 n=12 g_4=2425586 Av_12=476576014
27861345,11,84208,39832592,39832592,PASS,0.010175,tau=27861345 n=11 g_3=84208 Av_11=39832592
27861345,12,2426351,476575249,476575249,PASS,0.239894,tau=27861345 n=12 g_4=2426351 Av_12=476575249
27861354,11,84214,39832586,39832586,PASS,0.010424,tau=27861354 n=11 g_3=84214 Av_11=39832586
27861354,12,2426993,476574607,476574607,PASS,0.152135,tau=27861354 n=12 g_4=2426993 Av_12=476574607
27861435,11,84214,39832586,39832586,PASS,0.008846,tau=27861435 n=11 g_3=84214 Av_11=39832586
27861435,12,2426991,476574609,476574609,PASS,0.215283,tau=27861435 n=12 g_4=2426991 Av_12=476574609
27861453,11,84214,39832586,39832586,PASS,0.007526,tau=27861453 n=11 g_3=84214 Av_11=39832586
27861453,12,2426984,476574616,476574616,PASS,0.150246,tau=27861453 n=12 g_4=2426984 Av_12=476574616
27861534,11,84214,39832586,39832586,PASS,0.010983,tau=27861534 n=11 g_3=84214 Av_11=39832586
27861534,12,2426991,476574609,476574609,PASS,0.153430,tau=27861534 n=12 g_4=2426991 Av_12=476574609
27861543,11,84210,39832590,39832590,PASS,0.010328,tau=27861543 n=11 g_3=84210 Av_11=39832590
27861543,12,2426519,476575081,476575081,PASS,0.184691,tau=27861543 n=12 g_4=2426519 Av_12=476575081
27863145,11,84298,39832502,39832502,PASS,0.007502,tau=27863145 n=11 g_3=84298 Av_11=39832502
27863145,12,2431148,476570452,476570452,PASS,0.168181,tau=27863145 n=12 g_4=2431148 Av_12=476570452
27863154,11,84302,39832498,39832498,PASS,0.007044,tau=27863154 n=11 g_3=84302 Av_11=39832498
27863154,12,2431562,476570038,476570038,PASS,0.152488,tau=27863154 n=12 g_4=2431562 Av_12=476570038
27863415,11,84301,39832499,39832499,PASS,0.007934,tau=27863415 n=11 g_3=84301 Av_11=39832499
27863415,12,2431437,476570163,476570163,PASS,0.147748,tau=27863415 n=12 g_4=2431437 Av_12=476570163
27863514,11,84382,39832418,39832418,PASS,0.008250,tau=27863514 n=11 g_3=84382 Av_11=39832418
27863514,12,2435308,476566292,476566292,PASS,0.223553,tau=27863514 n=12 g_4=2435308 Av_12=476566292
27864135,11,84384,39832416,39832416,PASS,0.009469,tau=27864135 n=11 g_3=84384 Av_11=39832416
27864135,12,2435553,476566047,476566047,PASS,0.176805,tau=27864135 n=12 g_4=2435553 Av_12=476566047
27864153,11,84382,39832418,39832418,PASS,0.008252,tau=27864153 n=11 g_3=84382 Av_11=39832418
27864153,12,2435319,476566281,476566281,PASS,0.241699,tau=27864153 n=12 g_4=2435319 Av_12=476566281
27864315,11,84301,39832499,39832499,PASS,0.006974,tau=27864315 n=11 g_3=84301 Av_11=39832499
27864315,12,2431419,476570181,476570181,PASS,0.144233,tau=27864315 n=12 g_4=2431419 Av_12=476570181
27864513,11,84202,39832598,39832598,PASS,0.010368,tau=27864513 n=11 g_3=84202 Av_11=39832598
27864513,12,2425707,476575893,476575893,PASS,0.187983,tau=27864513 n=12 g_4=2425707 Av_12=476575893
27865134,11,84208,39832592,39832592,PASS,0.007007,tau=27865134 n=11 g_3=84208 Av_11=39832592
27865134,12,2426337,476575263,476575263,PASS,0.188916,tau=27865134 n=12 g_4=2426337 Av_12=476575263
27865143,11,84210,39832590,39832590,PASS,0.006939,tau=27865143 n=11 g_3=84210 Av_11=39832590
27865143,12,2426517,476575083,476575083,PASS,0.144719,tau=27865143 n=12 g_4=2426517 Av_12=476575083
27865314,11,84291,39832509,39832509,PASS,0.008610,tau=27865314 n=11 g_3=84291 Av_11=39832509
27865314,12,2430398,476571202,476571202,PASS,0.151546,tau=27865314 n=12 g_4=2430398 Av_12=476571202
27865413,11,84202,39832598,39832598,PASS,0.006933,tau=27865413 n=11 g_3=84202 Av_11=39832598
27865413,12,2425671,476575929,476575929,PASS,0.146350,tau=27865413 n=12 g_4=2425671 Av_12=476575929
28345617,11,84290,39832510,39832510,PASS,0.007011,tau=28345617 n=11 g_3=84290 Av_11=39832510
28345617,12,2430283,476571317,476571317,PASS,0.186664,tau=28345617 n=12 g_4=2430283 Av_12=476571317
28346517,11,84303,39832497,39832497,PASS,0.006602,tau=28346517 n=11 g_3=84303 Av_11=39832497
28346517,12,2431663,476569937,476569937,PASS,0.184843,tau=28346517 n=12 g_4=2431663 Av_12=476569937
28354617,11,84302,39832498,39832498,PASS,0.008393,tau=28354617 n=11 g_3=84302 Av_11=39832498
28354617,12,2431545,476570055,476570055,PASS,0.148352,tau=28354617 n=12 g_4=2431545 Av_12=476570055
28356417,11,84392,39832408,39832408,PASS,0.007311,tau=28356417 n=11 g_3=84392 Av_11=39832408
28356417,12,2436401,476565199,476565199,PASS,0.160575,tau=28356417 n=12 g_4=2436401 Av_12=476565199
28364517,11,84392,39832408,39832408,PASS,0.007591,tau=28364517 n=11 g_3=84392 Av_11=39832408
28364517,12,2436377,476565223,476565223,PASS,0.183646,tau=28364517 n=12 g_4=2436377 Av_12=476565223
28365417,11,84303,39832497,39832497,PASS,0.006339,tau=28365417 n=11 g_3=84303 Av_11=39832497
28365417,12,2431690,476569910,476569910,PASS,0.173534,tau=28365417 n=12 g_4=2431690 Av_12=476569910
28436517,11,84303,39832497,39832497,PASS,0.007483,tau=28436517 n=11 g_3=84303 Av_11=39832497
28436517,12,2431652,476569948,476569948,PASS,0.192441,tau=28436517 n=12 g_4=2431652 Av_12=476569948
28463517,11,84396,39832404,39832404,PASS,0.010173,tau=28463517 n=11 g_3=84396 Av_11=39832404
28463517,12,2436746,476564854,476564854,PASS,0.205007,tau=28463517 n=12 g_4=2436746 Av_12=476564854
28536417,11,84396,39832404,39832404,PASS,0.007474,tau=28536417 n=11 g_3=84396 Av_11=39832404
28536417,12,2436766,476564834,476564834,PASS,0.165686,tau=28536417 n=12 g_4=2436766 Av_12=476564834
32416875,11,84194,39832606,39832606,PASS,0.007963,tau=32416875 n=11 g_3=84194 Av_11=39832606
32416875,12,2424881,476576719,476576719,PASS,0.152140,tau=32416875 n=12 g_4=2424881 Av_12=476576719
32417856,11,84109,39832691,39832691,PASS,0.009296,tau=32417856 n=11 g_3=84109 Av_11=39832691
32417856,12,2420597,476581003,476581003,PASS,0.168469,tau=32417856 n=12 g_4=2420597 Av_12=476581003
32417865,11,84109,39832691,39832691,PASS,0.007147,tau=32417865 n=11 g_3=84109 Av_11=39832691
32417865,12,2420590,476581010,476581010,PASS,0.152272,tau=32417865 n=12 g_4=2420590 Av_12=476581010
32418576,11,84194,39832606,39832606,PASS,0.007454,tau=32418576 n=11 g_3=84194 Av_11=39832606
32418576,12,2424877,476576723,476576723,PASS,0.163569,tau=32418576 n=12 g_4=2424877 Av_12=476576723
32418675,11,84108,39832692,39832692,PASS,0.006633,tau=32418675 n=11 g_3=84108 Av_11=39832692
32418675,12,2420477,476581123,476581123,PASS,0.160727,tau=32418675 n=12 g_4=2420477 Av_12=476581123
32418756,11,84109,39832691,39832691,PASS,0.006969,tau=32418756 n=11 g_3=84109 Av_11=39832691
32418756,12,2420596,476581004,476581004,PASS,0.152829,tau=32418756 n=12 g_4=2420596 Av_12=476581004
32458176,11,84209,39832591,39832591,PASS,0.013783,tau=32458176 n=11 g_3=84209 Av_11=39832591
32458176,12,2426424,476575176,476575176,PASS,0.191043,tau=32458176 n=12 g_4=2426424 Av_12=476575176
32461875,11,84303,39832497,39832497,PASS,0.008762,tau=32461875 n=11 g_3=84303 Av_11=39832497
32461875,12,2431586,476570014,476570014,PASS,0.187782,tau=32461875 n=12 g_4=2431586 Av_12=476570014
32468175,11,84388,39832412,39832412,PASS,0.007313,tau=32468175 n=11 g_3=84388 Av_11=39832412
32468175,12,2435974,476565626,476565626,PASS,0.161295,tau=32468175 n=12 g_4=2435974 Av_12=476565626
32471856,11,84302,39832498,39832498,PASS,0.007911,tau=32471856 n=11 g_3=84302 Av_11=39832498
32471856,12,2431548,476570052,476570052,PASS,0.147782,tau=32471856 n=12 g_4=2431548 Av_12=476570052
32471865,11,84302,39832498,39832498,PASS,0.007882,tau=32471865 n=11 g_3=84302 Av_11=39832498
32471865,12,2431542,476570058,476570058,PASS,0.145203,tau=32471865 n=12 g_4=2431542 Av_12=476570058
32478156,11,84217,39832583,39832583,PASS,0.009054,tau=32478156 n=11 g_3=84217 Av_11=39832583
32478156,12,2427303,476574297,476574297,PASS,0.199445,tau=32478156 n=12 g_4=2427303 Av_12=476574297
32478165,11,84217,39832583,39832583,PASS,0.006870,tau=32478165 n=11 g_3=84217 Av_11=39832583
32478165,12,2427294,476574306,476574306,PASS,0.208384,tau=32478165 n=12 g_4=2427294 Av_12=476574306
32481576,11,84218,39832582,39832582,PASS,0.006456,tau=32481576 n=11 g_3=84218 Av_11=39832582
32481576,12,2427346,476574254,476574254,PASS,0.151770,tau=32481576 n=12 g_4=2427346 Av_12=476574254
32481675,11,84214,39832586,39832586,PASS,0.007013,tau=32481675 n=11 g_3=84214 Av_11=39832586
32481675,12,2426957,476574643,476574643,PASS,0.183966,tau=32481675 n=12 g_4=2426957 Av_12=476574643
32481756,11,84214,39832586,39832586,PASS,0.008672,tau=32481756 n=11 g_3=84214 Av_11=39832586
32481756,12,2426955,476574645,476574645,PASS,0.181208,tau=32481756 n=12 g_4=2426955 Av_12=476574645
32481765,11,84207,39832593,39832593,PASS,0.010484,tau=32481765 n=11 g_3=84207 Av_11=39832593
32481765,12,2426169,476575431,476575431,PASS,0.214370,tau=32481765 n=12 g_4=2426169 Av_12=476575431
32485176,11,84306,39832494,39832494,PASS,0.010220,tau=32485176 n=11 g_3=84306 Av_11=39832494
32485176,12,2431927,476569673,476569673,PASS,0.219226,tau=32485176 n=12 g_4=2431927 Av_12=476569673
32486175,11,84386,39832414,39832414,PASS,0.010027,tau=32486175 n=11 g_3=84386 Av_11=39832414
32486175,12,2435799,476565801,476565801,PASS,0.196897,tau=32486175 n=12 g_4=2435799 Av_12=476565801
32487156,11,84217,39832583,39832583,PASS,0.011297,tau=32487156 n=11 g_3=84217 Av_11=39832583
32487156,12,2427306,476574294,476574294,PASS,0.217668,tau=32487156 n=12 g_4=2427306 Av_12=476574294
32487165,11,84215,39832585,39832585,PASS,0.007872,tau=32487165 n=11 g_3=84215 Av_11=39832585
32487165,12,2427057,476574543,476574543,PASS,0.231787,tau=32487165 n=12 g_4=2427057 Av_12=476574543
32517846,11,84390,39832410,39832410,PASS,0.007610,tau=32517846 n=11 g_3=84390 Av_11=39832410
32517846,12,2436050,476565550,476565550,PASS,0.197908,tau=32517846 n=12 g_4=2436050 Av_12=476565550
32517864,11,84303,39832497,39832497,PASS,0.007774,tau=32517864 n=11 g_3=84303 Av_11=39832497
32517864,12,2431602,476569998,476569998,PASS,0.213156,tau=32517864 n=12 g_4=2431602 Av_12=476569998
32518476,11,84391,39832409,39832409,PASS,0.010750,tau=32518476 n=11 g_3=84391 Av_11=39832409
32518476,12,2436069,476565531,476565531,PASS,0.175126,tau=32518476 n=12 g_4=2436069 Av_12=476565531
32518674,11,84303,39832497,39832497,PASS,0.010300,tau=32518674 n=11 g_3=84303 Av_11=39832497
32518674,12,2431603,476569997,476569997,PASS,0.180604,tau=32518674 n=12 g_4=2431603 Av_12=476569997
32518746,11,84392,39832408,39832408,PASS,0.010996,tau=32518746 n=11 g_3=84392 Av_11=39832408
32518746,12,2436260,476565340,476565340,PASS,0.165549,tau=32518746 n=12 g_4=2436260 Av_12=476565340
32518764,11,84295,39832505,39832505,PASS,0.008745,tau=32518764 n=11 g_3=84295 Av_11=39832505
32518764,12,2430750,476570850,476570850,PASS,0.216111,tau=32518764 n=12 g_4=2430750 Av_12=476570850
32548176,11,84209,39832591,39832591,PASS,0.007058,tau=32548176 n=11 g_3=84209 Av_11=39832591
32548176,12,2426387,476575213,476575213,PASS,0.154476,tau=32548176 n=12 g_4=2426387 Av_12=476575213
32561874,11,84309,39832491,39832491,PASS,0.010678,tau=32561874 n=11 g_3=84309 Av_11=39832491
32561874,12,2432251,476569349,476569349,PASS,0.169386,tau=32561874 n=12 g_4=2432251 Av_12=476569349
32568174,11,84395,39832405,39832405,PASS,0.009929,tau=32568174 n=11 g_3=84395 Av_11=39832405
32568174,12,2436685,476564915,476564915,PASS,0.192367,tau=32568174 n=12 g_4=2436685 Av_12=476564915
32571846,11,84480,39832320,39832320,PASS,0.008086,tau=32571846 n=11 g_3=84480 Av_11=39832320
32571846,12,2440932,476560668,476560668,PASS,0.151436,tau=32571846 n=12 g_4=2440932 Av_12=476560668
32571864,11,84481,39832319,39832319,PASS,0.007509,tau=32571864 n=11 g_3=84481 Av_11=39832319
32571864,12,2441051,476560549,476560549,PASS,0.179331,tau=32571864 n=12 g_4=2441051 Av_12=476560549
32578146,11,84392,39832408,39832408,PASS,0.008696,tau=32578146 n=11 g_3=84392 Av_11=39832408
32578146,12,2436332,476565268,476565268,PASS,0.172097,tau=32578146 n=12 g_4=2436332 Av_12=476565268
32578164,11,84396,39832404,39832404,PASS,0.010125,tau=32578164 n=11 g_3=84396 Av_11=39832404
32578164,12,2436754,476564846,476564846,PASS,0.204175,tau=32578164 n=12 g_4=2436754 Av_12=476564846
32581476,11,84397,39832403,39832403,PASS,0.007607,tau=32581476 n=11 g_3=84397 Av_11=39832403
32581476,12,2436779,476564821,476564821,PASS,0.157401,tau=32581476 n=12 g_4=2436779 Av_12=476564821
32581674,11,84399,39832401,39832401,PASS,0.015489,tau=32581674 n=11 g_3=84399 Av_11=39832401
32581674,12,2437070,476564530,476564530,PASS,0.206882,tau=32581674 n=12 g_4=2437070 Av_12=476564530
32581746,11,84485,39832315,39832315,PASS,0.009693,tau=32581746 n=11 g_3=84485 Av_11=39832315
32581746,12,2441436,476560164,476560164,PASS,0.152029,tau=32581746 n=12 g_4=2441436 Av_12=476560164
32581764,11,84393,39832407,39832407,PASS,0.007995,tau=32581764 n=11 g_3=84393 Av_11=39832407
32581764,12,2436425,476565175,476565175,PASS,0.206205,tau=32581764 n=12 g_4=2436425 Av_12=476565175
32584176,11,84396,39832404,39832404,PASS,0.009956,tau=32584176 n=11 g_3=84396 Av_11=39832404
32584176,12,2436707,476564893,476564893,PASS,0.161036,tau=32584176 n=12 g_4=2436707 Av_12=476564893
32586174,11,84481,39832319,39832319,PASS,0.008052,tau=32586174 n=11 g_3=84481 Av_11=39832319
32586174,12,2441068,476560532,476560532,PASS,0.162013,tau=32586174 n=12 g_4=2441068 Av_12=476560532
32587146,11,84399,39832401,39832401,PASS,0.010196,tau=32587146 n=11 g_3=84399 Av_11=39832401
32587146,12,2437049,476564551,476564551,PASS,0.198603,tau=32587146 n=12 g_4=2437049 Av_12=476564551
32587164,11,84394,39832406,39832406,PASS,0.008311,tau=32587164 n=11 g_3=84394 Av_11=39832406
32587164,12,2436583,476565017,476565017,PASS,0.169115,tau=32587164 n=12 g_4=2436583 Av_12=476565017
32614875,11,84382,39832418,39832418,PASS,0.007399,tau=32614875 n=11 g_3=84382 Av_11=39832418
32614875,12,2435196,476566404,476566404,PASS,0.191288,tau=32614875 n=12 g_4=2435196 Av_12=476566404
32615874,11,84391,39832409,39832409,PASS,0.009257,tau=32615874 n=11 g_3=84391 Av_11=39832409
32615874,12,2436123,476565477,476565477,PASS,0.173781,tau=32615874 n=12 g_4=2436123 Av_12=476565477
32617845,11,84303,39832497,39832497,PASS,0.007449,tau=32617845 n=11 g_3=84303 Av_11=39832497
32617845,12,2431615,476569985,476569985,PASS,0.189684,tau=32617845 n=12 g_4=2431615 Av_12=476569985
32617854,11,84303,39832497,39832497,PASS,0.007875,tau=32617854 n=11 g_3=84303 Av_11=39832497
32617854,12,2431618,476569982,476569982,PASS,0.147438,tau=32617854 n=12 g_4=2431618 Av_12=476569982
32618475,11,84481,39832319,39832319,PASS,0.007134,tau=32618475 n=11 g_3=84481 Av_11=39832319
32618475,12,2440960,476560640,476560640,PASS,0.151345,tau=32618475 n=12 g_4=2440960 Av_12=476560640
32618574,11,84473,39832327,39832327,PASS,0.010314,tau=32618574 n=11 g_3=84473 Av_11=39832327
32618574,12,2440171,476561429,476561429,PASS,0.204504,tau=32618574 n=12 g_4=2440171 Av_12=476561429
32618745,11,84306,39832494,39832494,PASS,0.007216,tau=32618745 n=11 g_3=84306 Av_11=39832494
32618745,12,2431928,476569672,476569672,PASS,0.143122,tau=32618745 n=12 g_4=2431928 Av_12=476569672
32618754,11,84304,39832496,39832496,PASS,0.010011,tau=32618754 n=11 g_3=84304 Av_11=39832496
32618754,12,2431701,476569899,476569899,PASS,0.171815,tau=32618754 n=12 g_4=2431701 Av_12=476569899
32648175,11,84479,39832321,39832321,PASS,0.006996,tau=32648175 n=11 g_3=84479 Av_11=39832321
32648175,12,2440814,476560786,476560786,PASS,0.149906,tau=32648175 n=12 g_4=2440814 Av_12=476560786
32651874,11,84308,39832492,39832492,PASS,0.007718,tau=32651874 n=11 g_3=84308 Av_11=39832492
32651874,12,2432141,476569459,476569459,PASS,0.141849,tau=32651874 n=12 g_4=2432141 Av_12=476569459
32658174,11,84394,39832406,39832406,PASS,0.007282,tau=32658174 n=11 g_3=84394 Av_11=39832406
32658174,12,2436560,476565040,476565040,PASS,0.162220,tau=32658174 n=12 g_4=2436560 Av_12=476565040
32671845,11,84308,39832492,39832492,PASS,0.007117,tau=32671845 n=11 g_3=84308 Av_11=39832492
32671845,12,2432145,476569455,476569455,PASS,0.157116,tau=32671845 n=12 g_4=2432145 Av_12=476569455
32671854,11,84308,39832492,39832492,PASS,0.007609,tau=32671854 n=11 g_3=84308 Av_11=39832492
32671854,12,2432157,476569443,476569443,PASS,0.143454,tau=32671854 n=12 g_4=2432157 Av_12=476569443
32678145,11,84215,39832585,39832585,PASS,0.007100,tau=32678145 n=11 g_3=84215 Av_11=39832585
32678145,12,2427054,476574546,476574546,PASS,0.149756,tau=32678145 n=12 g_4=2427054 Av_12=476574546
32678154,11,84215,39832585,39832585,PASS,0.007830,tau=32678154 n=11 g_3=84215 Av_11=39832585
32678154,12,2427065,476574535,476574535,PASS,0.175850,tau=32678154 n=12 g_4=2427065 Av_12=476574535
32681475,11,84484,39832316,39832316,PASS,0.007169,tau=32681475 n=11 g_3=84484 Av_11=39832316
32681475,12,2441333,476560267,476560267,PASS,0.149213,tau=32681475 n=12 g_4=2441333 Av_12=476560267
32681574,11,84481,39832319,39832319,PASS,0.006837,tau=32681574 n=11 g_3=84481 Av_11=39832319
32681574,12,2441036,476560564,476560564,PASS,0.197001,tau=32681574 n=12 g_4=2441036 Av_12=476560564
32681745,11,84395,39832405,39832405,PASS,0.007429,tau=32681745 n=11 g_3=84395 Av_11=39832405
32681745,12,2436681,476564919,476564919,PASS,0.168109,tau=32681745 n=12 g_4=2436681 Av_12=476564919
32681754,11,84394,39832406,39832406,PASS,0.010412,tau=32681754 n=11 g_3=84394 Av_11=39832406
32681754,12,2436561,476565039,476565039,PASS,0.151202,tau=32681754 n=12 g_4=2436561 Av_12=476565039
32684175,11,84492,39832308,39832308,PASS,0.009942,tau=32684175 n=11 g_3=84492 Av_11=39832308
32684175,12,2442167,476559433,476559433,PASS,0.177979,tau=32684175 n=12 g_4=2442167 Av_12=476559433
32685174,11,84487,39832313,39832313,PASS,0.010201,tau=32685174 n=11 g_3=84487 Av_11=39832313
32685174,12,2441654,476559946,476559946,PASS,0.179341,tau=32685174 n=12 g_4=2441654 Av_12=476559946
32687145,11,84220,39832580,39832580,PASS,0.010197,tau=32687145 n=11 g_3=84220 Av_11=39832580
32687145,12,2427610,476573990,476573990,PASS,0.186489,tau=32687145 n=12 g_4=2427610 Av_12=476573990
32687154,11,84220,39832580,39832580,PASS,0.007323,tau=32687154 n=11 g_3=84220 Av_11=39832580
32687154,12,2427599,476574001,476574001,PASS,0.149973,tau=32687154 n=12 g_4=2427599 Av_12=476574001
32714856,11,84393,39832407,39832407,PASS,0.007174,tau=32714856 n=11 g_3=84393 Av_11=39832407
32714856,12,2436341,476565259,476565259,PASS,0.199866,tau=32714856 n=12 g_4=2436341 Av_12=476565259
32714865,11,84393,39832407,39832407,PASS,0.008906,tau=32714865 n=11 g_3=84393 Av_11=39832407
32714865,12,2436352,476565248,476565248,PASS,0.160775,tau=32714865 n=12 g_4=2436352 Av_12=476565248
32715846,11,84474,39832326,39832326,PASS,0.006971,tau=32715846 n=11 g_3=84474 Av_11=39832326
32715846,12,2440247,476561353,476561353,PASS,0.162867,tau=32715846 n=12 g_4=2440247 Av_12=476561353
32715864,11,84469,39832331,39832331,PASS,0.006739,tau=32715864 n=11 g_3=84469 Av_11=39832331
32715864,12,2439760,476561840,476561840,PASS,0.153426,tau=32715864 n=12 g_4=2439760 Av_12=476561840
32716845,11,84387,39832413,39832413,PASS,0.007366,tau=32716845 n=11 g_3=84387 Av_11=39832413
32716845,12,2435769,476565831,476565831,PASS,0.212853,tau=32716845 n=12 g_4=2435769 Av_12=476565831
32716854,11,84381,39832419,39832419,PASS,0.007218,tau=32716854 n=11 g_3=84381 Av_11=39832419
32716854,12,2435159,476566441,476566441,PASS,0.225569,tau=32716854 n=12 g_4=2435159 Av_12=476566441
32718456,11,84296,39832504,39832504,PASS,0.007833,tau=32718456 n=11 g_3=84296 Av_11=39832504
32718456,12,2430900,476570700,476570700,PASS,0.156626,tau=32718456 n=12 g_4=2430900 Av_12=476570700
32718465,11,84305,39832495,39832495,PASS,0.006815,tau=32718465 n=11 g_3=84305 Av_11=39832495
32718465,12,2431810,476569790,476569790,PASS,0.158706,tau=32718465 n=12 g_4=2431810 Av_12=476569790
32718546,11,84305,39832495,39832495,PASS,0.010464,tau=32718546 n=11 g_3=84305 Av_11=39832495
32718546,12,2431809,476569791,476569791,PASS,0.176234,tau=32718546 n=12 g_4=2431809 Av_12=476569791
32718564,11,84297,39832503,39832503,PASS,0.007187,tau=32718564 n=11 g_3=84297 Av_11=39832503
32718564,12,2430998,476570602,476570602,PASS,0.154562,tau=32718564 n=12 g_4=2430998 Av_12=476570602
32718645,11,84299,39832501,39832501,PASS,0.007562,tau=32718645 n=11 g_3=84299 Av_11=39832501
32718645,12,2431214,476570386,476570386,PASS,0.170342,tau=32718645 n=12 g_4=2431214 Av_12=476570386
32718654,11,84293,39832507,39832507,PASS,0.006797,tau=32718654 n=11 g_3=84293 Av_11=39832507
32718654,12,2430590,476571010,476571010,PASS,0.150044,tau=32718654 n=12 g_4=2430590 Av_12=476571010
32741856,11,84400,39832400,39832400,PASS,0.007830,tau=32741856 n=11 g_3=84400 Av_11=39832400
32741856,12,2437113,476564487,476564487,PASS,0.155635,tau=32741856 n=12 g_4=2437113 Av_12=476564487
32741865,11,84402,39832398,39832398,PASS,0.007152,tau=32741865 n=11 g_3=84402 Av_11=39832398
32741865,12,2437315,476564285,476564285,PASS,0.159607,tau=32741865 n=12 g_4=2437315 Av_12=476564285
32748156,11,84401,39832399,39832399,PASS,0.006517,tau=32748156 n=11 g_3=84401 Av_11=39832399
32748156,12,2437267,476564333,476564333,PASS,0.166687,tau=32748156 n=12 g_4=2437267 Av_12=476564333
32748165,11,84403,39832397,39832397,PASS,0.006262,tau=32748165 n=11 g_3=84403 Av_11=39832397
32748165,12,2437466,476564134,476564134,PASS,0.181178,tau=32748165 n=12 g_4=2437466 Av_12=476564134
32751846,11,84490,39832310,39832310,PASS,0.007164,tau=32751846 n=11 g_3=84490 Av_11=39832310
32751846,12,2441934,476559666,476559666,PASS,0.168397,tau=32751846 n=12 g_4=2441934 Av_12=476559666
32751864,11,84485,39832315,39832315,PASS,0.007076,tau=32751864 n=11 g_3=84485 Av_11=39832315
32751864,12,2441434,476560166,476560166,PASS,0.153784,tau=32751864 n=12 g_4=2441434 Av_12=476560166
32758146,11,84484,39832316,39832316,PASS,0.010108,tau=32758146 n=11 g_3=84484 Av_11=39832316
32758146,12,2441352,476560248,476560248,PASS,0.162724,tau=32758146 n=12 g_4=2441352 Av_12=476560248
32758164,11,84481,39832319,39832319,PASS,0.006963,tau=32758164 n=11 g_3=84481 Av_11=39832319
32758164,12,2441054,476560546,476560546,PASS,0.149635,tau=32758164 n=12 g_4=2441054 Av_12=476560546
32761845,11,84312,39832488,39832488,PASS,0.007921,tau=32761845 n=11 g_3=84312 Av_11=39832488
32761845,12,2432581,476569019,476569019,PASS,0.162256,tau=32761845 n=12 g_4=2432581 Av_12=476569019
32761854,11,84311,39832489,39832489,PASS,0.007158,tau=32761854 n=11 g_3=84311 Av_11=39832489
32761854,12,2432459,476569141,476569141,PASS,0.153474,tau=32761854 n=12 g_4=2432459 Av_12=476569141
32768145,11,84220,39832580,39832580,PASS,0.014548,tau=32768145 n=11 g_3=84220 Av_11=39832580
32768145,12,2427605,476573995,476573995,PASS,0.159467,tau=32768145 n=12 g_4=2427605 Av_12=476573995
32768154,11,84220,39832580,39832580,PASS,0.009859,tau=32768154 n=11 g_3=84220 Av_11=39832580
32768154,12,2427581,476574019,476574019,PASS,0.162064,tau=32768154 n=12 g_4=2427581 Av_12=476574019
32781456,11,84215,39832585,39832585,PASS,0.007061,tau=32781456 n=11 g_3=84215 Av_11=39832585
32781456,12,2427044,476574556,476574556,PASS,0.148222,tau=32781456 n=12 g_4=2427044 Av_12=476574556
32781465,11,84220,39832580,39832580,PASS,0.006787,tau=32781465 n=11 g_3=84220 Av_11=39832580
32781465,12,2427576,476574024,476574024,PASS,0.146564,tau=32781465 n=12 g_4=2427576 Av_12=476574024
32781546,11,84220,39832580,39832580,PASS,0.007012,tau=32781546 n=11 g_3=84220 Av_11=39832580
32781546,12,2427577,476574023,476574023,PASS,0.147713,tau=32781546 n=12 g_4=2427577 Av_12=476574023
32781564,11,84215,39832585,39832585,PASS,0.007304,tau=32781564 n=11 g_3=84215 Av_11=39832585
32781564,12,2427065,476574535,476574535,PASS,0.150869,tau=32781564 n=12 g_4=2427065 Av_12=476574535
32781645,11,84217,39832583,39832583,PASS,0.007037,tau=32781645 n=11 g_3=84217 Av_11=39832583
32781645,12,2427277,476574323,476574323,PASS,0.152866,tau=32781645 n=12 g_4=2427277 Av_12=476574323
32781654,11,84212,39832588,39832588,PASS,0.007539,tau=32781654 n=11 g_3=84212 Av_11=39832588
32781654,12,2426726,476574874,476574874,PASS,0.146296,tau=32781654 n=12 g_4=2426726 Av_12=476574874
32784156,11,84308,39832492,39832492,PASS,0.007138,tau=32784156 n=11 g_3=84308 Av_11=39832492
32784156,12,2432168,476569432,476569432,PASS,0.151321,tau=32784156 n=12 g_4=2432168 Av_12=476569432
32784165,11,84312,39832488,39832488,PASS,0.007778,tau=32784165 n=11 g_3=84312 Av_11=39832488
32784165,12,2432590,476569010,476569010,PASS,0.152017,tau=32784165 n=12 g_4=2432590 Av_12=476569010
32785146,11,84395,39832405,39832405,PASS,0.007523,tau=32785146 n=11 g_3=84395 Av_11=39832405
32785146,12,2436688,476564912,476564912,PASS,0.146587,tau=32785146 n=12 g_4=2436688 Av_12=476564912
32785164,11,84392,39832408,39832408,PASS,0.007003,tau=32785164 n=11 g_3=84392 Av_11=39832408
32785164,12,2436364,476565236,476565236,PASS,0.145471,tau=32785164 n=12 g_4=2436364 Av_12=476565236
32786145,11,84217,39832583,39832583,PASS,0.007465,tau=32786145 n=11 g_3=84217 Av_11=39832583
32786145,12,2427316,476574284,476574284,PASS,0.151999,tau=32786145 n=12 g_4=2427316 Av_12=476574284
32786154,11,84217,39832583,39832583,PASS,0.006640,tau=32786154 n=11 g_3=84217 Av_11=39832583
32786154,12,2427274,476574326,476574326,PASS,0.158487,tau=32786154 n=12 g_4=2427274 Av_12=476574326
32814675,11,84294,39832506,39832506,PASS,0.008235,tau=32814675 n=11 g_3=84294 Av_11=39832506
32814675,12,2430721,476570879,476570879,PASS,0.145508,tau=32814675 n=12 g_4=2430721 Av_12=476570879
32814756,11,84294,39832506,39832506,PASS,0.009594,tau=32814756 n=11 g_3=84294 Av_11=39832506
32814756,12,2430714,476570886,476570886,PASS,0.154553,tau=32814756 n=12 g_4=2430714 Av_12=476570886
32814765,11,84207,39832593,39832593,PASS,0.007213,tau=32814765 n=11 g_3=84207 Av_11=39832593
32814765,12,2426193,476575407,476575407,PASS,0.148958,tau=32814765 n=12 g_4=2426193 Av_12=476575407
32815674,11,84210,39832590,39832590,PASS,0.007199,tau=32815674 n=11 g_3=84210 Av_11=39832590
32815674,12,2426527,476575073,476575073,PASS,0.150645,tau=32815674 n=12 g_4=2426527 Av_12=476575073
32815746,11,84297,39832503,39832503,PASS,0.007361,tau=32815746 n=11 g_3=84297 Av_11=39832503
32815746,12,2431001,476570599,476570599,PASS,0.144393,tau=32815746 n=12 g_4=2431001 Av_12=476570599
32815764,11,84297,39832503,39832503,PASS,0.009568,tau=32815764 n=11 g_3=84297 Av_11=39832503
32815764,12,2431004,476570596,476570596,PASS,0.155244,tau=32815764 n=12 g_4=2431004 Av_12=476570596
32816475,11,84295,39832505,39832505,PASS,0.007095,tau=32816475 n=11 g_3=84295 Av_11=39832505
32816475,12,2430786,476570814,476570814,PASS,0.164342,tau=32816475 n=12 g_4=2430786 Av_12=476570814
32816574,11,84298,39832502,39832502,PASS,0.007095,tau=32816574 n=11 g_3=84298 Av_11=39832502
32816574,12,2431100,476570500,476570500,PASS,0.154484,tau=32816574 n=12 g_4=2431100 Av_12=476570500
32816745,11,84206,39832594,39832594,PASS,0.007115,tau=32816745 n=11 g_3=84206 Av_11=39832594
32816745,12,2426087,476575513,476575513,PASS,0.163247,tau=32816745 n=12 g_4=2426087 Av_12=476575513
32816754,11,84206,39832594,39832594,PASS,0.007534,tau=32816754 n=11 g_3=84206 Av_11=39832594
32816754,12,2426083,476575517,476575517,PASS,0.207167,tau=32816754 n=12 g_4=2426083 Av_12=476575517
32817456,11,84207,39832593,39832593,PASS,0.010124,tau=32817456 n=11 g_3=84207 Av_11=39832593
32817456,12,2426180,476575420,476575420,PASS,0.206001,tau=32817456 n=12 g_4=2426180 Av_12=476575420
32817465,11,84289,39832511,39832511,PASS,0.006949,tau=32817465 n=11 g_3=84289 Av_11=39832511
32817465,12,2430191,476571409,476571409,PASS,0.146933,tau=32817465 n=12 g_4=2430191 Av_12=476571409
32817546,11,84289,39832511,39832511,PASS,0.008230,tau=32817546 n=11 g_3=84289 Av_11=39832511
32817546,12,2430191,476571409,476571409,PASS,0.183995,tau=32817546 n=12 g_4=2430191 Av_12=476571409
32817564,11,84201,39832599,39832599,PASS,0.007236,tau=32817564 n=11 g_3=84201 Av_11=39832599
32817564,12,2425570,476576030,476576030,PASS,0.143765,tau=32817564 n=12 g_4=2425570 Av_12=476576030
32817645,11,84203,39832597,39832597,PASS,0.007061,tau=32817645 n=11 g_3=84203 Av_11=39832597
32817645,12,2425775,476575825,476575825,PASS,0.154265,tau=32817645 n=12 g_4=2425775 Av_12=476575825
32817654,11,84109,39832691,39832691,PASS,0.009836,tau=32817654 n=11 g_3=84109 Av_11=39832691
32817654,12,2420530,476581070,476581070,PASS,0.155739,tau=32817654 n=12 g_4=2420530 Av_12=476581070
32841675,11,84310,39832490,39832490,PASS,0.007499,tau=32841675 n=11 g_3=84310 Av_11=39832490
32841675,12,2432346,476569254,476569254,PASS,0.150855,tau=32841675 n=12 g_4=2432346 Av_12=476569254
32841756,11,84310,39832490,39832490,PASS,0.007118,tau=32841756 n=11 g_3=84310 Av_11=39832490
32841756,12,2432341,476569259,476569259,PASS,0.145674,tau=32841756 n=12 g_4=2432341 Av_12=476569259
32841765,11,84303,39832497,39832497,PASS,0.006993,tau=32841765 n=11 g_3=84303 Av_11=39832497
32841765,12,2431607,476569993,476569993,PASS,0.182705,tau=32841765 n=12 g_4=2431607 Av_12=476569993
32845176,11,84309,39832491,39832491,PASS,0.006914,tau=32845176 n=11 g_3=84309 Av_11=39832491
32845176,12,2432276,476569324,476569324,PASS,0.205635,tau=32845176 n=12 g_4=2432276 Av_12=476569324
32846175,11,84483,39832317,39832317,PASS,0.007367,tau=32846175 n=11 g_3=84483 Av_11=39832317
32846175,12,2441295,476560305,476560305,PASS,0.154671,tau=32846175 n=12 g_4=2441295 Av_12=476560305
32847156,11,84399,39832401,39832401,PASS,0.007256,tau=32847156 n=11 g_3=84399 Av_11=39832401
32847156,12,2437086,476564514,476564514,PASS,0.145535,tau=32847156 n=12 g_4=2437086 Av_12=476564514
32847165,11,84395,39832405,39832405,PASS,0.010180,tau=32847165 n=11 g_3=84395 Av_11=39832405
32847165,12,2436615,476564985,476564985,PASS,0.173318,tau=32847165 n=12 g_4=2436615 Av_12=476564985
32851674,11,84397,39832403,39832403,PASS,0.010067,tau=32851674 n=11 g_3=84397 Av_11=39832403
32851674,12,2436878,476564722,476564722,PASS,0.154091,tau=32851674 n=12 g_4=2436878 Av_12=476564722
32851746,11,84485,39832315,39832315,PASS,0.006941,tau=32851746 n=11 g_3=84485 Av_11=39832315
32851746,12,2441391,476560209,476560209,PASS,0.163555,tau=32851746 n=12 g_4=2441391 Av_12=476560209
32851764,11,84401,39832399,39832399,PASS,0.006862,tau=32851764 n=11 g_3=84401 Av_11=39832399
32851764,12,2437231,476564369,476564369,PASS,0.147773,tau=32851764 n=12 g_4=2437231 Av_12=476564369
32854176,11,84309,39832491,39832491,PASS,0.007046,tau=32854176 n=11 g_3=84309 Av_11=39832491
32854176,12,2432256,476569344,476569344,PASS,0.147475,tau=32854176 n=12 g_4=2432256 Av_12=476569344
32856174,11,84397,39832403,39832403,PASS,0.007251,tau=32856174 n=11 g_3=84397 Av_11=39832403
32856174,12,2436875,476564725,476564725,PASS,0.183461,tau=32856174 n=12 g_4=2436875 Av_12=476564725
32857146,11,84482,39832318,39832318,PASS,0.007198,tau=32857146 n=11 g_3=84482 Av_11=39832318
32857146,12,2441145,476560455,476560455,PASS,0.176829,tau=32857146 n=12 g_4=2441145 Av_12=476560455
32857164,11,84481,39832319,39832319,PASS,0.006764,tau=32857164 n=11 g_3=84481 Av_11=39832319
32857164,12,2441065,476560535,476560535,PASS,0.144253,tau=32857164 n=12 g_4=2441065 Av_12=476560535
32861475,11,84482,39832318,39832318,PASS,0.007117,tau=32861475 n=11 g_3=84482 Av_11=39832318
32861475,12,2441140,476560460,476560460,PASS,0.144868,tau=32861475 n=12 g_4=2441140 Av_12=476560460
32861574,11,84481,39832319,39832319,PASS,0.007521,tau=32861574 n=11 g_3=84481 Av_11=39832319
32861574,12,2441065,476560535,476560535,PASS,0.159699,tau=32861574 n=12 g_4=2441065 Av_12=476560535
32861745,11,84390,39832410,39832410,PASS,0.007902,tau=32861745 n=11 g_3=84390 Av_11=39832410
32861745,12,2436138,476565462,476565462,PASS,0.156853,tau=32861745 n=12 g_4=2436138 Av_12=476565462
32861754,11,84389,39832411,39832411,PASS,0.008137,tau=32861754 n=11 g_3=84389 Av_11=39832411
32861754,12,2436035,476565565,476565565,PASS,0.192012,tau=32861754 n=12 g_4=2436035 Av_12=476565565
32864175,11,84484,39832316,39832316,PASS,0.007220,tau=32864175 n=11 g_3=84484 Av_11=39832316
32864175,12,2441324,476560276,476560276,PASS,0.200695,tau=32864175 n=12 g_4=2441324 Av_12=476560276
32865174,11,84403,39832397,39832397,PASS,0.007450,tau=32865174 n=11 g_3=84403 Av_11=39832397
32865174,12,2437479,476564121,476564121,PASS,0.155614,tau=32865174 n=12 g_4=2437479 Av_12=476564121
32867145,11,84217,39832583,39832583,PASS,0.007292,tau=32867145 n=11 g_3=84217 Av_11=39832583
32867145,12,2427295,476574305,476574305,PASS,0.152238,tau=32867145 n=12 g_4=2427295 Av_12=476574305
32867154,11,84217,39832583,39832583,PASS,0.010340,tau=32867154 n=11 g_3=84217 Av_11=39832583
32867154,12,2427290,476574310,476574310,PASS,0.157062,tau=32867154 n=12 g_4=2427290 Av_12=476574310
32871456,11,84215,39832585,39832585,PASS,0.006885,tau=32871456 n=11 g_3=84215 Av_11=39832585
32871456,12,2427066,476574534,476574534,PASS,0.149868,tau=32871456 n=12 g_4=2427066 Av_12=476574534
32871465,11,84220,39832580,39832580,PASS,0.008211,tau=32871465 n=11 g_3=84220 Av_11=39832580
32871465,12,2427578,476574022,476574022,PASS,0.164502,tau=32871465 n=12 g_4=2427578 Av_12=476574022
32871546,11,84220,39832580,39832580,PASS,0.007142,tau=32871546 n=11 g_3=84220 Av_11=39832580
32871546,12,2427559,476574041,476574041,PASS,0.149076,tau=32871546 n=12 g_4=2427559 Av_12=476574041
32871564,11,84217,39832583,39832583,PASS,0.007287,tau=32871564 n=11 g_3=84217 Av_11=39832583
32871564,12,2427263,476574337,476574337,PASS,0.186170,tau=32871564 n=12 g_4=2427263 Av_12=476574337
32871645,11,84217,39832583,39832583,PASS,0.007082,tau=32871645 n=11 g_3=84217 Av_11=39832583
32871645,12,2427249,476574351,476574351,PASS,0.148953,tau=32871645 n=12 g_4=2427249 Av_12=476574351
32871654,11,84208,39832592,39832592,PASS,0.007038,tau=32871654 n=11 g_3=84208 Av_11=39832592
32871654,12,2426288,476575312,476575312,PASS,0.156090,tau=32871654 n=12 g_4=2426288 Av_12=476575312
32874156,11,84308,39832492,39832492,PASS,0.007294,tau=32874156 n=11 g_3=84308 Av_11=39832492
32874156,12,2432155,476569445,476569445,PASS,0.221757,tau=32874156 n=12 g_4=2432155 Av_12=476569445
32874165,11,84312,39832488,39832488,PASS,0.010446,tau=32874165 n=11 g_3=84312 Av_11=39832488
32874165,12,2432560,476569040,476569040,PASS,0.212057,tau=32874165 n=12 g_4=2432560 Av_12=476569040
32875146,11,84393,39832407,39832407,PASS,0.007217,tau=32875146 n=11 g_3=84393 Av_11=39832407
32875146,12,2436451,476565149,476565149,PASS,0.165467,tau=32875146 n=12 g_4=2436451 Av_12=476565149
32875164,11,84390,39832410,39832410,PASS,0.007215,tau=32875164 n=11 g_3=84390 Av_11=39832410
32875164,12,2436128,476565472,476565472,PASS,0.152586,tau=32875164 n=12 g_4=2436128 Av_12=476565472
32876145,11,84215,39832585,39832585,PASS,0.007211,tau=32876145 n=11 g_3=84215 Av_11=39832585
32876145,12,2427063,476574537,476574537,PASS,0.151723,tau=32876145 n=12 g_4=2427063 Av_12=476574537
32876154,11,84212,39832588,39832588,PASS,0.007892,tau=32876154 n=11 g_3=84212 Av_11=39832588
32876154,12,2426724,476574876,476574876,PASS,0.186664,tau=32876154 n=12 g_4=2426724 Av_12=476574876
34127856,11,84024,39832776,39832776,PASS,0.008366,tau=34127856 n=11 g_3=84024 Av_11=39832776
34127856,12,2416310,476585290,476585290,PASS,0.153619,tau=34127856 n=12 g_4=2416310 Av_12=476585290
34127865,11,84024,39832776,39832776,PASS,0.007367,tau=34127865 n=11 g_3=84024 Av_11=39832776
34127865,12,2416307,476585293,476585293,PASS,0.157295,tau=34127865 n=12 g_4=2416307 Av_12=476585293
34128675,11,84023,39832777,39832777,PASS,0.007022,tau=34128675 n=11 g_3=84023 Av_11=39832777
34128675,12,2416196,476585404,476585404,PASS,0.190868,tau=34128675 n=12 g_4=2416196 Av_12=476585404
34157826,11,84396,39832404,39832404,PASS,0.007240,tau=34157826 n=11 g_3=84396 Av_11=39832404
34157826,12,2436736,476564864,476564864,PASS,0.192574,tau=34157826 n=12 g_4=2436736 Av_12=476564864
34158726,11,84394,39832406,39832406,PASS,0.006496,tau=34158726 n=11 g_3=84394 Av_11=39832406
34158726,12,2436571,476565029,476565029,PASS,0.169241,tau=34158726 n=12 g_4=2436571 Av_12=476565029
34167825,11,84305,39832495,39832495,PASS,0.006632,tau=34167825 n=11 g_3=84305 Av_11=39832495
34167825,12,2431851,476569749,476569749,PASS,0.153269,tau=34167825 n=12 g_4=2431851 Av_12=476569749
34168275,11,84485,39832315,39832315,PASS,0.007172,tau=34168275 n=11 g_3=84485 Av_11=39832315
34168275,12,2441466,476560134,476560134,PASS,0.178661,tau=34168275 n=12 g_4=2441466 Av_12=476560134
34168725,11,84310,39832490,39832490,PASS,0.007185,tau=34168725 n=11 g_3=84310 Av_11=39832490
34168725,12,2432423,476569177,476569177,PASS,0.190580,tau=34168725 n=12 g_4=2432423 Av_12=476569177
34172856,11,84388,39832412,39832412,PASS,0.006878,tau=34172856 n=11 g_3=84388 Av_11=39832412
34172856,12,2435883,476565717,476565717,PASS,0.174327,tau=34172856 n=12 g_4=2435883 Av_12=476565717
34172865,11,84388,39832412,39832412,PASS,0.010249,tau=34172865 n=11 g_3=84388 Av_11=39832412
34172865,12,2435911,476565689,476565689,PASS,0.185848,tau=34172865 n=12 g_4=2435911 Av_12=476565689
34175826,11,84483,39832317,39832317,PASS,0.007739,tau=34175826 n=11 g_3=84483 Av_11=39832317
34175826,12,2441262,476560338,476560338,PASS,0.178376,tau=34175826 n=12 g_4=2441262 Av_12=476560338
34176825,11,84310,39832490,39832490,PASS,0.007158,tau=34176825 n=11 g_3=84310 Av_11=39832490
34176825,12,2432427,476569173,476569173,PASS,0.167536,tau=34176825 n=12 g_4=2432427 Av_12=476569173
34178256,11,84309,39832491,39832491,PASS,0.007384,tau=34178256 n=11 g_3=84309 Av_11=39832491
34178256,12,2432279,476569321,476569321,PASS,0.157490,tau=34178256 n=12 g_4=2432279 Av_12=476569321
34178265,11,84309,39832491,39832491,PASS,0.007062,tau=34178265 n=11 g_3=84309 Av_11=39832491
34178265,12,2432287,476569313,476569313,PASS,0.154531,tau=34178265 n=12 g_4=2432287 Av_12=476569313
34178526,11,84395,39832405,39832405,PASS,0.007355,tau=34178526 n=11 g_3=84395 Av_11=39832405
34178526,12,2436703,476564897,476564897,PASS,0.189871,tau=34178526 n=12 g_4=2436703 Av_12=476564897
34178625,11,84306,39832494,39832494,PASS,0.007835,tau=34178625 n=11 g_3=84306 Av_11=39832494
34178625,12,2432032,476569568,476569568,PASS,0.157665,tau=34178625 n=12 g_4=2432032 Av_12=476569568
34182675,11,84299,39832501,39832501,PASS,0.007395,tau=34182675 n=11 g_3=84299 Av_11=39832501
34182675,12,2431258,476570342,476570342,PASS,0.163235,tau=34182675 n=12 g_4=2431258 Av_12=476570342
34182756,11,84299,39832501,39832501,PASS,0.007258,tau=34182756 n=11 g_3=84299 Av_11=39832501
34182756,12,2431256,476570344,476570344,PASS,0.198457,tau=34182756 n=12 g_4=2431256 Av_12=476570344
34182765,11,84294,39832506,39832506,PASS,0.010329,tau=34182765 n=11 g_3=84294 Av_11=39832506
34182765,12,2430660,476570940,476570940,PASS,0.152889,tau=34182765 n=12 g_4=2430660 Av_12=476570940
34185726,11,84481,39832319,39832319,PASS,0.009954,tau=34185726 n=11 g_3=84481 Av_11=39832319
34185726,12,2441074,476560526,476560526,PASS,0.156747,tau=34185726 n=12 g_4=2441074 Av_12=476560526
34186275,11,84481,39832319,39832319,PASS,0.007508,tau=34186275 n=11 g_3=84481 Av_11=39832319
34186275,12,2441052,476560548,476560548,PASS,0.201170,tau=34186275 n=12 g_4=2441052 Av_12=476560548
34186725,11,84306,39832494,39832494,PASS,0.007125,tau=34186725 n=11 g_3=84306 Av_11=39832494
34186725,12,2432015,476569585,476569585,PASS,0.213398,tau=34186725 n=12 g_4=2432015 Av_12=476569585
34187256,11,84309,39832491,39832491,PASS,0.009493,tau=34187256 n=11 g_3=84309 Av_11=39832491
34187256,12,2432297,476569303,476569303,PASS,0.162453,tau=34187256 n=12 g_4=2432297 Av_12=476569303
34187265,11,84309,39832491,39832491,PASS,0.006999,tau=34187265 n=11 g_3=84309 Av_11=39832491
34187265,12,2432259,476569341,476569341,PASS,0.195975,tau=34187265 n=12 g_4=2432259 Av_12=476569341
34187526,11,84395,39832405,39832405,PASS,0.007273,tau=34187526 n=11 g_3=84395 Av_11=39832405
34187526,12,2436654,476564946,476564946,PASS,0.194042,tau=34187526 n=12 g_4=2436654 Av_12=476564946
34187625,11,84305,39832495,39832495,PASS,0.010206,tau=34187625 n=11 g_3=84305 Av_11=39832495
34187625,12,2431866,476569734,476569734,PASS,0.146862,tau=34187625 n=12 g_4=2431866 Av_12=476569734
34217865,11,84024,39832776,39832776,PASS,0.007894,tau=34217865 n=11 g_3=84024 Av_11=39832776
34217865,12,2416306,476585294,476585294,PASS,0.205054,tau=34217865 n=12 g_4=2416306 Av_12=476585294
34218675,11,84023,39832777,39832777,PASS,0.010292,tau=34218675 n=11 g_3=84023 Av_11=39832777
34218675,12,2416192,476585408,476585408,PASS,0.183012,tau=34218675 n=12 g_4=2416192 Av_12=476585408
34218756,11,84024,39832776,39832776,PASS,0.007001,tau=34218756 n=11 g_3=84024 Av_11=39832776
34218756,12,2416297,476585303,476585303,PASS,0.220566,tau=34218756 n=12 g_4=2416297 Av_12=476585303
34268175,11,84392,39832408,39832408,PASS,0.006853,tau=34268175 n=11 g_3=84392 Av_11=39832408
34268175,12,2436370,476565230,476565230,PASS,0.148668,tau=34268175 n=12 g_4=2436370 Av_12=476565230
34271865,11,84299,39832501,39832501,PASS,0.010363,tau=34271865 n=11 g_3=84299 Av_11=39832501
34271865,12,2431249,476570351,476570351,PASS,0.210032,tau=34271865 n=12 g_4=2431249 Av_12=476570351
34278156,11,84217,39832583,39832583,PASS,0.007783,tau=34278156 n=11 g_3=84217 Av_11=39832583
34278156,12,2427294,476574306,476574306,PASS,0.154101,tau=34278156 n=12 g_4=2427294 Av_12=476574306
34278165,11,84217,39832583,39832583,PASS,0.007032,tau=34278165 n=11 g_3=84217 Av_11=39832583
34278165,12,2427285,476574315,476574315,PASS,0.155680,tau=34278165 n=12 g_4=2427285 Av_12=476574315
34281675,11,84210,39832590,39832590,PASS,0.007589,tau=34281675 n=11 g_3=84210 Av_11=39832590
34281675,12,2426546,476575054,476575054,PASS,0.228306,tau=34281675 n=12 g_4=2426546 Av_12=476575054
34281756,11,84210,39832590,39832590,PASS,0.007601,tau=34281756 n=11 g_3=84210 Av_11=39832590
34281756,12,2426516,476575084,476575084,PASS,0.147170,tau=34281756 n=12 g_4=2426516 Av_12=476575084
34281765,11,84200,39832600,39832600,PASS,0.010353,tau=34281765 n=11 g_3=84200 Av_11=39832600
34281765,12,2425474,476576126,476576126,PASS,0.186466,tau=34281765 n=12 g_4=2425474 Av_12=476576126
34286175,11,84388,39832412,39832412,PASS,0.010473,tau=34286175 n=11 g_3=84388 Av_11=39832412
34286175,12,2435983,476565617,476565617,PASS,0.223402,tau=34286175 n=12 g_4=2435983 Av_12=476565617
34287156,11,84217,39832583,39832583,PASS,0.007313,tau=34287156 n=11 g_3=84217 Av_11=39832583
34287156,12,2427327,476574273,476574273,PASS,0.186779,tau=34287156 n=12 g_4=2427327 Av_12=476574273
34287165,11,84217,39832583,39832583,PASS,0.006972,tau=34287165 n=11 g_3=84217 Av_11=39832583
34287165,12,2427228,476574372,476574372,PASS,0.156686,tau=34287165 n=12 g_4=2427228 Av_12=476574372
34518726,11,84305,39832495,39832495,PASS,0.010151,tau=34518726 n=11 g_3=84305 Av_11=39832495
34518726,12,2431865,476569735,476569735,PASS,0.187110,tau=34518726 n=12 g_4=2431865 Av_12=476569735
34571826,11,84387,39832413,39832413,PASS,0.007798,tau=34571826 n=11 g_3=84387 Av_11=39832413
34571826,12,2435826,476565774,476565774,PASS,0.160443,tau=34571826 n=12 g_4=2435826 Av_12=476565774
34581726,11,84391,39832409,39832409,PASS,0.007723,tau=34581726 n=11 g_3=84391 Av_11=39832409
34581726,12,2436269,476565331,476565331,PASS,0.151402,tau=34581726 n=12 g_4=2436269 Av_12=476565331
34617825,11,84401,39832399,39832399,PASS,0.006697,tau=34617825 n=11 g_3=84401 Av_11=39832399
34617825,12,2437227,476564373,476564373,PASS,0.152319,tau=34617825 n=12 g_4=2437227 Av_12=476564373
34618275,11,84485,39832315,39832315,PASS,0.007445,tau=34618275 n=11 g_3=84485 Av_11=39832315
34618275,12,2441433,476560167,476560167,PASS,0.174221,tau=34618275 n=12 g_4=2441433 Av_12=476560167
34618725,11,84402,39832398,39832398,PASS,0.007643,tau=34618725 n=11 g_3=84402 Av_11=39832398
34618725,12,2437378,476564222,476564222,PASS,0.180322,tau=34618725 n=12 g_4=2437378 Av_12=476564222
34628175,11,84480,39832320,39832320,PASS,0.007957,tau=34628175 n=11 g_3=84480 Av_11=39832320
34628175,12,2440938,476560662,476560662,PASS,0.153132,tau=34628175 n=12 g_4=2440938 Av_12=476560662
34671825,11,84388,39832412,39832412,PASS,0.009637,tau=34671825 n=11 g_3=84388 Av_11=39832412
34671825,12,2435908,476565692,476565692,PASS,0.206891,tau=34671825 n=12 g_4=2435908 Av_12=476565692
34681275,11,84397,39832403,39832403,PASS,0.008124,tau=34681275 n=11 g_3=84397 Av_11=39832403
34681275,12,2436881,476564719,476564719,PASS,0.165271,tau=34681275 n=12 g_4=2436881 Av_12=476564719
34681725,11,84484,39832316,39832316,PASS,0.010152,tau=34681725 n=11 g_3=84484 Av_11=39832316
34681725,12,2441367,476560233,476560233,PASS,0.185506,tau=34681725 n=12 g_4=2441367 Av_12=476560233
34682175,11,84397,39832403,39832403,PASS,0.007369,tau=34682175 n=11 g_3=84397 Av_11=39832403
34682175,12,2436905,476564695,476564695,PASS,0.153285,tau=34682175 n=12 g_4=2436905 Av_12=476564695
34712865,11,84309,39832491,39832491,PASS,0.007796,tau=34712865 n=11 g_3=84309 Av_11=39832491
34712865,12,2432278,476569322,476569322,PASS,0.176029,tau=34712865 n=12 g_4=2432278 Av_12=476569322
34715826,11,84501,39832299,39832299,PASS,0.008796,tau=34715826 n=11 g_3=84501 Av_11=39832299
34715826,12,2443056,476558544,476558544,PASS,0.164427,tau=34715826 n=12 g_4=2443056 Av_12=476558544
34716825,11,84492,39832308,39832308,PASS,0.007431,tau=34716825 n=11 g_3=84492 Av_11=39832308
34716825,12,2442207,476559393,476559393,PASS,0.147763,tau=34716825 n=12 g_4=2442207 Av_12=476559393
34718256,11,84398,39832402,39832402,PASS,0.007725,tau=34718256 n=11 g_3=84398 Av_11=39832402
34718256,12,2436950,476564650,476564650,PASS,0.153334,tau=34718256 n=12 g_4=2436950 Av_12=476564650
34718265,11,84398,39832402,39832402,PASS,0.007443,tau=34718265 n=11 g_3=84398 Av_11=39832402
34718265,12,2436969,476564631,476564631,PASS,0.156090,tau=34718265 n=12 g_4=2436969 Av_12=476564631
34718526,11,84495,39832305,39832305,PASS,0.007121,tau=34718526 n=11 g_3=84495 Av_11=39832305
34718526,12,2442508,476559092,476559092,PASS,0.170079,tau=34718526 n=12 g_4=2442508 Av_12=476559092
34718625,11,84488,39832312,39832312,PASS,0.007146,tau=34718625 n=11 g_3=84488 Av_11=39832312
34718625,12,2441840,476559760,476559760,PASS,0.149614,tau=34718625 n=12 g_4=2441840 Av_12=476559760
34721865,11,84309,39832491,39832491,PASS,0.007328,tau=34721865 n=11 g_3=84309 Av_11=39832491
34721865,12,2432281,476569319,476569319,PASS,0.166004,tau=34721865 n=12 g_4=2432281 Av_12=476569319
34728156,11,84397,39832403,39832403,PASS,0.008051,tau=34728156 n=11 g_3=84397 Av_11=39832403
34728156,12,2436916,476564684,476564684,PASS,0.168118,tau=34728156 n=12 g_4=2436916 Av_12=476564684
34728165,11,84397,39832403,39832403,PASS,0.007814,tau=34728165 n=11 g_3=84397 Av_11=39832403
34728165,12,2436885,476564715,476564715,PASS,0.197503,tau=34728165 n=12 g_4=2436885 Av_12=476564715
34751826,11,84486,39832314,39832314,PASS,0.007677,tau=34751826 n=11 g_3=84486 Av_11=39832314
34751826,12,2441559,476560041,476560041,PASS,0.151181,tau=34751826 n=12 g_4=2441559 Av_12=476560041
34761825,11,84399,39832401,39832401,PASS,0.006897,tau=34761825 n=11 g_3=84399 Av_11=39832401
34761825,12,2437081,476564519,476564519,PASS,0.153871,tau=34761825 n=12 g_4=2437081 Av_12=476564519
34781256,11,84222,39832578,39832578,PASS,0.010397,tau=34781256 n=11 g_3=84222 Av_11=39832578
34781256,12,2427772,476573828,476573828,PASS,0.221856,tau=34781256 n=12 g_4=2427772 Av_12=476573828
34781265,11,84222,39832578,39832578,PASS,0.007648,tau=34781265 n=11 g_3=84222 Av_11=39832578
34781265,12,2427794,476573806,476573806,PASS,0.146312,tau=34781265 n=12 g_4=2427794 Av_12=476573806
34781526,11,84401,39832399,39832399,PASS,0.010570,tau=34781526 n=11 g_3=84401 Av_11=39832399
34781526,12,2437301,476564299,476564299,PASS,0.154025,tau=34781526 n=12 g_4=2437301 Av_12=476564299
34781625,11,84399,39832401,39832401,PASS,0.010062,tau=34781625 n=11 g_3=84399 Av_11=39832401
34781625,12,2437110,476564490,476564490,PASS,0.193313,tau=34781625 n=12 g_4=2437110 Av_12=476564490
34782156,11,84222,39832578,39832578,PASS,0.006937,tau=34782156 n=11 g_3=84222 Av_11=39832578
34782156,12,2427820,476573780,476573780,PASS,0.180962,tau=34782156 n=12 g_4=2427820 Av_12=476573780
34782165,11,84222,39832578,39832578,PASS,0.006812,tau=34782165 n=11 g_3=84222 Av_11=39832578
34782165,12,2427811,476573789,476573789,PASS,0.200785,tau=34782165 n=12 g_4=2427811 Av_12=476573789
34812675,11,84217,39832583,39832583,PASS,0.006586,tau=34812675 n=11 g_3=84217 Av_11=39832583
34812675,12,2427302,476574298,476574298,PASS,0.186571,tau=34812675 n=12 g_4=2427302 Av_12=476574298
34812765,11,84213,39832587,39832587,PASS,0.010217,tau=34812765 n=11 g_3=84213 Av_11=39832587
34812765,12,2426819,476574781,476574781,PASS,0.201511,tau=34812765 n=12 g_4=2426819 Av_12=476574781
34815726,11,84492,39832308,39832308,PASS,0.007543,tau=34815726 n=11 g_3=84492 Av_11=39832308
34815726,12,2442216,476559384,476559384,PASS,0.155191,tau=34815726 n=12 g_4=2442216 Av_12=476559384
34816275,11,84487,39832313,39832313,PASS,0.010385,tau=34816275 n=11 g_3=84487 Av_11=39832313
34816275,12,2441684,476559916,476559916,PASS,0.177564,tau=34816275 n=12 g_4=2441684 Av_12=476559916
34816725,11,84402,39832398,39832398,PASS,0.007901,tau=34816725 n=11 g_3=84402 Av_11=39832398
34816725,12,2437427,476564173,476564173,PASS,0.201411,tau=34816725 n=12 g_4=2437427 Av_12=476564173
34817265,11,84395,39832405,39832405,PASS,0.007832,tau=34817265 n=11 g_3=84395 Av_11=39832405
34817265,12,2436658,476564942,476564942,PASS,0.172424,tau=34817265 n=12 g_4=2436658 Av_12=476564942
34817526,11,84488,39832312,39832312,PASS,0.007557,tau=34817526 n=11 g_3=84488 Av_11=39832312
34817526,12,2441797,476559803,476559803,PASS,0.176092,tau=34817526 n=12 g_4=2441797 Av_12=476559803
34817625,11,84402,39832398,39832398,PASS,0.007219,tau=34817625 n=11 g_3=84402 Av_11=39832398
34817625,12,2437388,476564212,476564212,PASS,0.153755,tau=34817625 n=12 g_4=2437388 Av_12=476564212
34821675,11,84217,39832583,39832583,PASS,0.008797,tau=34821675 n=11 g_3=84217 Av_11=39832583
34821675,12,2427326,476574274,476574274,PASS,0.151928,tau=34821675 n=12 g_4=2427326 Av_12=476574274
34821765,11,84215,39832585,39832585,PASS,0.007963,tau=34821765 n=11 g_3=84215 Av_11=39832585
34821765,12,2427010,476574590,476574590,PASS,0.157397,tau=34821765 n=12 g_4=2427010 Av_12=476574590
34826175,11,84483,39832317,39832317,PASS,0.007147,tau=34826175 n=11 g_3=84483 Av_11=39832317
34826175,12,2441293,476560307,476560307,PASS,0.148818,tau=34826175 n=12 g_4=2441293 Av_12=476560307
34827156,11,84396,39832404,39832404,PASS,0.007266,tau=34827156 n=11 g_3=84396 Av_11=39832404
34827156,12,2436753,476564847,476564847,PASS,0.196241,tau=34827156 n=12 g_4=2436753 Av_12=476564847
34827165,11,84386,39832414,39832414,PASS,0.007537,tau=34827165 n=11 g_3=84386 Av_11=39832414
34827165,12,2435722,476565878,476565878,PASS,0.193584,tau=34827165 n=12 g_4=2435722 Av_12=476565878
34851726,11,84490,39832310,39832310,PASS,0.007788,tau=34851726 n=11 g_3=84490 Av_11=39832310
34851726,12,2441957,476559643,476559643,PASS,0.159457,tau=34851726 n=12 g_4=2441957 Av_12=476559643
34861275,11,84401,39832399,39832399,PASS,0.007381,tau=34861275 n=11 g_3=84401 Av_11=39832399
34861275,12,2437314,476564286,476564286,PASS,0.156659,tau=34861275 n=12 g_4=2437314 Av_12=476564286
34861725,11,84486,39832314,39832314,PASS,0.010336,tau=34861725 n=11 g_3=84486 Av_11=39832314
34861725,12,2441560,476560040,476560040,PASS,0.172367,tau=34861725 n=12 g_4=2441560 Av_12=476560040
34862175,11,84401,39832399,39832399,PASS,0.007529,tau=34862175 n=11 g_3=84401 Av_11=39832399
34862175,12,2437310,476564290,476564290,PASS,0.148792,tau=34862175 n=12 g_4=2437310 Av_12=476564290
34872156,11,84222,39832578,39832578,PASS,0.006828,tau=34872156 n=11 g_3=84222 Av_11=39832578
34872156,12,2427827,476573773,476573773,PASS,0.146141,tau=34872156 n=12 g_4=2427827 Av_12=476573773
35148726,11,84483,39832317,39832317,PASS,0.007339,tau=35148726 n=11 g_3=84483 Av_11=39832317
35148726,12,2441257,476560343,476560343,PASS,0.148252,tau=35148726 n=12 g_4=2441257 Av_12=476560343
35168274,11,84575,39832225,39832225,PASS,0.009032,tau=35168274 n=11 g_3=84575 Av_11=39832225
35168274,12,2446290,476555310,476555310,PASS,0.189914,tau=35168274 n=12 g_4=2446290 Av_12=476555310
35168724,11,84394,39832406,39832406,PASS,0.008124,tau=35168724 n=11 g_3=84394 Av_11=39832406
35168724,12,2436568,476565032,476565032,PASS,0.157484,tau=35168724 n=12 g_4=2436568 Av_12=476565032
35172846,11,84481,39832319,39832319,PASS,0.006660,tau=35172846 n=11 g_3=84481 Av_11=39832319
35172846,12,2441048,476560552,476560552,PASS,0.195519,tau=35172846 n=12 g_4=2441048 Av_12=476560552
35172864,11,84570,39832230,39832230,PASS,0.006916,tau=35172864 n=11 g_3=84570 Av_11=39832230
35172864,12,2445731,476555869,476555869,PASS,0.156608,tau=35172864 n=12 g_4=2445731 Av_12=476555869
35174826,11,84587,39832213,39832213,PASS,0.008946,tau=35174826 n=11 g_3=84587 Av_11=39832213
35174826,12,2447420,476554180,476554180,PASS,0.199747,tau=35174826 n=12 g_4=2447420 Av_12=476554180
35176824,11,84394,39832406,39832406,PASS,0.008711,tau=35176824 n=11 g_3=84394 Av_11=39832406
35176824,12,2436568,476565032,476565032,PASS,0.157726,tau=35176824 n=12 g_4=2436568 Av_12=476565032
35178246,11,84480,39832320,39832320,PASS,0.007135,tau=35178246 n=11 g_3=84480 Av_11=39832320
35178246,12,2440933,476560667,476560667,PASS,0.148629,tau=35178246 n=12 g_4=2440933 Av_12=476560667
35178264,11,84490,39832310,39832310,PASS,0.009827,tau=35178264 n=11 g_3=84490 Av_11=39832310
35178264,12,2441967,476559633,476559633,PASS,0.216711,tau=35178264 n=12 g_4=2441967 Av_12=476559633
35178426,11,84493,39832307,39832307,PASS,0.010378,tau=35178426 n=11 g_3=84493 Av_11=39832307
35178426,12,2442291,476559309,476559309,PASS,0.147394,tau=35178426 n=12 g_4=2442291 Av_12=476559309
35178624,11,84396,39832404,39832404,PASS,0.009777,tau=35178624 n=11 g_3=84396 Av_11=39832404
35178624,12,2436780,476564820,476564820,PASS,0.166037,tau=35178624 n=12 g_4=2436780 Av_12=476564820
35182674,11,84489,39832311,39832311,PASS,0.009644,tau=35182674 n=11 g_3=84489 Av_11=39832311
35182674,12,2441881,476559719,476559719,PASS,0.215462,tau=35182674 n=12 g_4=2441881 Av_12=476559719
35182764,11,84484,39832316,39832316,PASS,0.010268,tau=35182764 n=11 g_3=84484 Av_11=39832316
35182764,12,2441288,476560312,476560312,PASS,0.188558,tau=35182764 n=12 g_4=2441288 Av_12=476560312
35184726,11,84582,39832218,39832218,PASS,0.006883,tau=35184726 n=11 g_3=84582 Av_11=39832218
35184726,12,2446947,476554653,476554653,PASS,0.185942,tau=35184726 n=12 g_4=2446947 Av_12=476554653
35186274,11,84577,39832223,39832223,PASS,0.007079,tau=35186274 n=11 g_3=84577 Av_11=39832223
35186274,12,2446451,476555149,476555149,PASS,0.147770,tau=35186274 n=12 g_4=2446451 Av_12=476555149
35186724,11,84396,39832404,39832404,PASS,0.007924,tau=35186724 n=11 g_3=84396 Av_11=39832404
35186724,12,2436769,476564831,476564831,PASS,0.153413,tau=35186724 n=12 g_4=2436769 Av_12=476564831
35187246,11,84484,39832316,39832316,PASS,0.007000,tau=35187246 n=11 g_3=84484 Av_11=39832316
35187246,12,2441349,476560251,476560251,PASS,0.232463,tau=35187246 n=12 g_4=2441349 Av_12=476560251
35187264,11,84490,39832310,39832310,PASS,0.007028,tau=35187264 n=11 g_3=84490 Av_11=39832310
35187264,12,2441959,476559641,476559641,PASS,0.147163,tau=35187264 n=12 g_4=2441959 Av_12=476559641
35187426,11,84493,39832307,39832307,PASS,0.011400,tau=35187426 n=11 g_3=84493 Av_11=39832307
35187426,12,2442309,476559291,476559291,PASS,0.239912,tau=35187426 n=12 g_4=2442309 Av_12=476559291
35187624,11,84391,39832409,39832409,PASS,0.007211,tau=35187624 n=11 g_3=84391 Av_11=39832409
35187624,12,2436255,476565345,476565345,PASS,0.151982,tau=35187624 n=12 g_4=2436255 Av_12=476565345
35218674,11,84299,39832501,39832501,PASS,0.006909,tau=35218674 n=11 g_3=84299 Av_11=39832501
35218674,12,2431252,476570348,476570348,PASS,0.145985,tau=35218674 n=12 g_4=2431252 Av_12=476570348
35218746,11,84388,39832412,39832412,PASS,0.010390,tau=35218746 n=11 g_3=84388 Av_11=39832412
35218746,12,2435920,476565680,476565680,PASS,0.205927,tau=35218746 n=12 g_4=2435920 Av_12=476565680
35218764,11,84293,39832507,39832507,PASS,0.007212,tau=35218764 n=11 g_3=84293 Av_11=39832507
35218764,12,2430560,476571040,476571040,PASS,0.149401,tau=35218764 n=12 g_4=2430560 Av_12=476571040
35268174,11,84570,39832230,39832230,PASS,0.010390,tau=35268174 n=11 g_3=84570 Av_11=39832230
35268174,12,2445813,476555787,476555787,PASS,0.217189,tau=35268174 n=12 g_4=2445813 Av_12=476555787
35271864,11,84566,39832234,39832234,PASS,0.007529,tau=35271864 n=11 g_3=84566 Av_11=39832234
35271864,12,2445380,476556220,476556220,PASS,0.152544,tau=35271864 n=12 g_4=2445380 Av_12=476556220
35278146,11,84487,39832313,39832313,PASS,0.006852,tau=35278146 n=11 g_3=84487 Av_11=39832313
35278146,12,2441673,476559927,476559927,PASS,0.184161,tau=35278146 n=12 g_4=2441673 Av_12=476559927
35278164,11,84484,39832316,39832316,PASS,0.011001,tau=35278164 n=11 g_3=84484 Av_11=39832316
35278164,12,2441400,476560200,476560200,PASS,0.176142,tau=35278164 n=12 g_4=2441400 Av_12=476560200
35281674,11,84481,39832319,39832319,PASS,0.007409,tau=35281674 n=11 g_3=84481 Av_11=39832319
35281674,12,2441103,476560497,476560497,PASS,0.188231,tau=35281674 n=12 g_4=2441103 Av_12=476560497
35281746,11,84566,39832234,39832234,PASS,0.007614,tau=35281746 n=11 g_3=84566 Av_11=39832234
35281746,12,2445355,476556245,476556245,PASS,0.149880,tau=35281746 n=12 g_4=2445355 Av_12=476556245
35281764,11,84472,39832328,39832328,PASS,0.009946,tau=35281764 n=11 g_3=84472 Av_11=39832328
35281764,12,2440113,476561487,476561487,PASS,0.203558,tau=35281764 n=12 g_4=2440113 Av_12=476561487
35286174,11,84574,39832226,39832226,PASS,0.007160,tau=35286174 n=11 g_3=84574 Av_11=39832226
35286174,12,2446206,476555394,476555394,PASS,0.217082,tau=35286174 n=12 g_4=2446206 Av_12=476555394
35287146,11,84488,39832312,39832312,PASS,0.007126,tau=35287146 n=11 g_3=84488 Av_11=39832312
35287146,12,2441825,476559775,476559775,PASS,0.147755,tau=35287146 n=12 g_4=2441825 Av_12=476559775
35287164,11,84484,39832316,39832316,PASS,0.007075,tau=35287164 n=11 g_3=84484 Av_11=39832316
35287164,12,2441365,476560235,476560235,PASS,0.174622,tau=35287164 n=12 g_4=2441365 Av_12=476560235
35418726,11,84310,39832490,39832490,PASS,0.011866,tau=35418726 n=11 g_3=84310 Av_11=39832490
35418726,12,2432399,476569201,476569201,PASS,0.238780,tau=35418726 n=12 g_4=2432399 Av_12=476569201
35481726,11,84394,39832406,39832406,PASS,0.007209,tau=35481726 n=11 g_3=84394 Av_11=39832406
35481726,12,2436599,476565001,476565001,PASS,0.148647,tau=35481726 n=12 g_4=2436599 Av_12=476565001
35618274,11,84486,39832314,39832314,PASS,0.010529,tau=35618274 n=11 g_3=84486 Av_11=39832314
35618274,12,2441532,476560068,476560068,PASS,0.233977,tau=35618274 n=12 g_4=2441532 Av_12=476560068
35618724,11,84393,39832407,39832407,PASS,0.007515,tau=35618724 n=11 g_3=84393 Av_11=39832407
35618724,12,2436436,476565164,476565164,PASS,0.151415,tau=35618724 n=12 g_4=2436436 Av_12=476565164
35628174,11,84485,39832315,39832315,PASS,0.009144,tau=35628174 n=11 g_3=84485 Av_11=39832315
35628174,12,2441465,476560135,476560135,PASS,0.154346,tau=35628174 n=12 g_4=2441465 Av_12=476560135
35671824,11,84290,39832510,39832510,PASS,0.007319,tau=35671824 n=11 g_3=84290 Av_11=39832510
35671824,12,2430288,476571312,476571312,PASS,0.157338,tau=35671824 n=12 g_4=2430288 Av_12=476571312
35681274,11,84401,39832399,39832399,PASS,0.007441,tau=35681274 n=11 g_3=84401 Av_11=39832399
35681274,12,2437254,476564346,476564346,PASS,0.155726,tau=35681274 n=12 g_4=2437254 Av_12=476564346
35681724,11,84475,39832325,39832325,PASS,0.008307,tau=35681724 n=11 g_3=84475 Av_11=39832325
35681724,12,2440420,476561180,476561180,PASS,0.155921,tau=35681724 n=12 g_4=2440420 Av_12=476561180
35712864,11,84484,39832316,39832316,PASS,0.006965,tau=35712864 n=11 g_3=84484 Av_11=39832316
35712864,12,2441360,476560240,476560240,PASS,0.147966,tau=35712864 n=12 g_4=2441360 Av_12=476560240
35714826,11,84584,39832216,39832216,PASS,0.007782,tau=35714826 n=11 g_3=84584 Av_11=39832216
35714826,12,2447182,476554418,476554418,PASS,0.154257,tau=35714826 n=12 g_4=2447182 Av_12=476554418
35716824,11,84565,39832235,39832235,PASS,0.006985,tau=35716824 n=11 g_3=84565 Av_11=39832235
35716824,12,2445252,476556348,476556348,PASS,0.150370,tau=35716824 n=12 g_4=2445252 Av_12=476556348
35718246,11,84471,39832329,39832329,PASS,0.007454,tau=35718246 n=11 g_3=84471 Av_11=39832329
35718246,12,2440045,476561555,476561555,PASS,0.153832,tau=35718246 n=12 g_4=2440045 Av_12=476561555
35718264,11,84568,39832232,39832232,PASS,0.007213,tau=35718264 n=11 g_3=84568 Av_11=39832232
35718264,12,2445529,476556071,476556071,PASS,0.150695,tau=35718264 n=12 g_4=2445529 Av_12=476556071
35718426,11,84576,39832224,39832224,PASS,0.007068,tau=35718426 n=11 g_3=84576 Av_11=39832224
35718426,12,2446375,476555225,476555225,PASS,0.198826,tau=35718426 n=12 g_4=2446375 Av_12=476555225
35718624,11,84570,39832230,39832230,PASS,0.007101,tau=35718624 n=11 g_3=84570 Av_11=39832230
35718624,12,2445747,476555853,476555853,PASS,0.199194,tau=35718624 n=12 g_4=2445747 Av_12=476555853
35721864,11,84484,39832316,39832316,PASS,0.007608,tau=35721864 n=11 g_3=84484 Av_11=39832316
35721864,12,2441371,476560229,476560229,PASS,0.201725,tau=35721864 n=12 g_4=2441371 Av_12=476560229
35728146,11,84570,39832230,39832230,PASS,0.007262,tau=35728146 n=11 g_3=84570 Av_11=39832230
35728146,12,2445754,476555846,476555846,PASS,0.203310,tau=35728146 n=12 g_4=2445754 Av_12=476555846
35728164,11,84572,39832228,39832228,PASS,0.010580,tau=35728164 n=11 g_3=84572 Av_11=39832228
35728164,12,2445964,476555636,476555636,PASS,0.152522,tau=35728164 n=12 g_4=2445964 Av_12=476555636
35741826,11,84574,39832226,39832226,PASS,0.006985,tau=35741826 n=11 g_3=84574 Av_11=39832226
35741826,12,2446211,476555389,476555389,PASS,0.150994,tau=35741826 n=12 g_4=2446211 Av_12=476555389
35761824,11,84385,39832415,39832415,PASS,0.006898,tau=35761824 n=11 g_3=84385 Av_11=39832415
35761824,12,2435628,476565972,476565972,PASS,0.157928,tau=35761824 n=12 g_4=2435628 Av_12=476565972
35781246,11,84295,39832505,39832505,PASS,0.008648,tau=35781246 n=11 g_3=84295 Av_11=39832505
35781246,12,2430805,476570795,476570795,PASS,0.190791,tau=35781246 n=12 g_4=2430805 Av_12=476570795
35781264,11,84393,39832407,39832407,PASS,0.007033,tau=35781264 n=11 g_3=84393 Av_11=39832407
35781264,12,2436438,476565162,476565162,PASS,0.149469,tau=35781264 n=12 g_4=2436438 Av_12=476565162
35781426,11,84477,39832323,39832323,PASS,0.010366,tau=35781426 n=11 g_3=84477 Av_11=39832323
35781426,12,2440633,476560967,476560967,PASS,0.185897,tau=35781426 n=12 g_4=2440633 Av_12=476560967
35781624,11,84479,39832321,39832321,PASS,0.007531,tau=35781624 n=11 g_3=84479 Av_11=39832321
35781624,12,2440814,476560786,476560786,PASS,0.197367,tau=35781624 n=12 g_4=2440814 Av_12=476560786
35812674,11,84402,39832398,39832398,PASS,0.007391,tau=35812674 n=11 g_3=84402 Av_11=39832398
35812674,12,2437431,476564169,476564169,PASS,0.210888,tau=35812674 n=12 g_4=2437431 Av_12=476564169
35812764,11,84399,39832401,39832401,PASS,0.007284,tau=35812764 n=11 g_3=84399 Av_11=39832401
35812764,12,2437062,476564538,476564538,PASS,0.148298,tau=35812764 n=12 g_4=2437062 Av_12=476564538
35814726,11,84585,39832215,39832215,PASS,0.007030,tau=35814726 n=11 g_3=84585 Av_11=39832215
35814726,12,2447256,476554344,476554344,PASS,0.159173,tau=35814726 n=12 g_4=2447256 Av_12=476554344
35816274,11,84579,39832221,39832221,PASS,0.010342,tau=35816274 n=11 g_3=84579 Av_11=39832221
35816274,12,2446669,476554931,476554931,PASS,0.235427,tau=35816274 n=12 g_4=2446669 Av_12=476554931
35816724,11,84488,39832312,39832312,PASS,0.007191,tau=35816724 n=11 g_3=84488 Av_11=39832312
35816724,12,2441763,476559837,476559837,PASS,0.158546,tau=35816724 n=12 g_4=2441763 Av_12=476559837
35817426,11,84584,39832216,39832216,PASS,0.010387,tau=35817426 n=11 g_3=84584 Av_11=39832216
35817426,12,2447202,476554398,476554398,PASS,0.222206,tau=35817426 n=12 g_4=2447202 Av_12=476554398
35821674,11,84402,39832398,39832398,PASS,0.007427,tau=35821674 n=11 g_3=84402 Av_11=39832398
35821674,12,2437451,476564149,476564149,PASS,0.158726,tau=35821674 n=12 g_4=2437451 Av_12=476564149
35821764,11,84400,39832400,39832400,PASS,0.007151,tau=35821764 n=11 g_3=84400 Av_11=39832400
35821764,12,2437162,476564438,476564438,PASS,0.147255,tau=35821764 n=12 g_4=2437162 Av_12=476564438
35827146,11,84582,39832218,39832218,PASS,0.009814,tau=35827146 n=11 g_3=84582 Av_11=39832218
35827146,12,2446962,476554638,476554638,PASS,0.179255,tau=35827146 n=12 g_4=2446962 Av_12=476554638
35841726,11,84577,39832223,39832223,PASS,0.007888,tau=35841726 n=11 g_3=84577 Av_11=39832223
35841726,12,2446495,476555105,476555105,PASS,0.154308,tau=35841726 n=12 g_4=2446495 Av_12=476555105
35861274,11,84488,39832312,39832312,PASS,0.008725,tau=35861274 n=11 g_3=84488 Av_11=39832312
35861274,12,2441772,476559828,476559828,PASS,0.171913,tau=35861274 n=12 g_4=2441772 Av_12=476559828
35861724,11,84558,39832242,39832242,PASS,0.007431,tau=35861724 n=11 g_3=84558 Av_11=39832242
35861724,12,2444520,476557080,476557080,PASS,0.144862,tau=35861724 n=12 g_4=2444520 Av_12=476557080
36148275,11,84583,39832217,39832217,PASS,0.007114,tau=36148275 n=11 g_3=84583 Av_11=39832217
36148275,12,2446925,476554675,476554675,PASS,0.177679,tau=36148275 n=12 g_4=2446925 Av_12=476554675
36148725,11,84503,39832297,39832297,PASS,0.007029,tau=36148725 n=11 g_3=84503 Av_11=39832297
36148725,12,2443237,476558363,476558363,PASS,0.149744,tau=36148725 n=12 g_4=2443237 Av_12=476558363
36158274,11,84586,39832214,39832214,PASS,0.009149,tau=36158274 n=11 g_3=84586 Av_11=39832214
36158274,12,2447356,476554244,476554244,PASS,0.196838,tau=36158274 n=12 g_4=2447356 Av_12=476554244
36158724,11,84487,39832313,39832313,PASS,0.006864,tau=36158724 n=11 g_3=84487 Av_11=39832313
36158724,12,2441701,476559899,476559899,PASS,0.155626,tau=36158724 n=12 g_4=2441701 Av_12=476559899
36178245,11,84402,39832398,39832398,PASS,0.007093,tau=36178245 n=11 g_3=84402 Av_11=39832398
36178245,12,2437321,476564279,476564279,PASS,0.147717,tau=36178245 n=12 g_4=2437321 Av_12=476564279
36178254,11,84402,39832398,39832398,PASS,0.010352,tau=36178254 n=11 g_3=84402 Av_11=39832398
36178254,12,2437375,476564225,476564225,PASS,0.217572,tau=36178254 n=12 g_4=2437375 Av_12=476564225
36178425,11,84488,39832312,39832312,PASS,0.007496,tau=36178425 n=11 g_3=84488 Av_11=39832312
36178425,12,2441799,476559801,476559801,PASS,0.156194,tau=36178425 n=12 g_4=2441799 Av_12=476559801
36178524,11,84483,39832317,39832317,PASS,0.007571,tau=36178524 n=11 g_3=84483 Av_11=39832317
36178524,12,2441305,476560295,476560295,PASS,0.200460,tau=36178524 n=12 g_4=2441305 Av_12=476560295
36184725,11,84588,39832212,39832212,PASS,0.007561,tau=36184725 n=11 g_3=84588 Av_11=39832212
36184725,12,2447515,476554085,476554085,PASS,0.167205,tau=36184725 n=12 g_4=2447515 Av_12=476554085
36185274,11,84593,39832207,39832207,PASS,0.010879,tau=36185274 n=11 g_3=84593 Av_11=39832207
36185274,12,2448010,476553590,476553590,PASS,0.147030,tau=36185274 n=12 g_4=2448010 Av_12=476553590
36185724,11,84575,39832225,39832225,PASS,0.007897,tau=36185724 n=11 g_3=84575 Av_11=39832225
36185724,12,2446262,476555338,476555338,PASS,0.148269,tau=36185724 n=12 g_4=2446262 Av_12=476555338
36187254,11,84402,39832398,39832398,PASS,0.006952,tau=36187254 n=11 g_3=84402 Av_11=39832398
36187254,12,2437409,476564191,476564191,PASS,0.223721,tau=36187254 n=12 g_4=2437409 Av_12=476564191
36187425,11,84489,39832311,39832311,PASS,0.007405,tau=36187425 n=11 g_3=84489 Av_11=39832311
36187425,12,2441911,476559689,476559689,PASS,0.231140,tau=36187425 n=12 g_4=2441911 Av_12=476559689
36187524,11,84485,39832315,39832315,PASS,0.007221,tau=36187524 n=11 g_3=84485 Av_11=39832315
36187524,12,2441487,476560113,476560113,PASS,0.156541,tau=36187524 n=12 g_4=2441487 Av_12=476560113
36218475,11,84485,39832315,39832315,PASS,0.006957,tau=36218475 n=11 g_3=84485 Av_11=39832315
36218475,12,2441475,476560125,476560125,PASS,0.157186,tau=36218475 n=12 g_4=2441475 Av_12=476560125
36218574,11,84481,39832319,39832319,PASS,0.010328,tau=36218574 n=11 g_3=84481 Av_11=39832319
36218574,12,2441048,476560552,476560552,PASS,0.168884,tau=36218574 n=12 g_4=2441048 Av_12=476560552
36218745,11,84309,39832491,39832491,PASS,0.009895,tau=36218745 n=11 g_3=84309 Av_11=39832491
36218745,12,2432282,476569318,476569318,PASS,0.191067,tau=36218745 n=12 g_4=2432282 Av_12=476569318
36218754,11,84308,39832492,39832492,PASS,0.009802,tau=36218754 n=11 g_3=84308 Av_11=39832492
36218754,12,2432142,476569458,476569458,PASS,0.157818,tau=36218754 n=12 g_4=2432142 Av_12=476569458
36248175,11,84569,39832231,39832231,PASS,0.010242,tau=36248175 n=11 g_3=84569 Av_11=39832231
36248175,12,2445631,476555969,476555969,PASS,0.182262,tau=36248175 n=12 g_4=2445631 Av_12=476555969
36258174,11,84579,39832221,39832221,PASS,0.008222,tau=36258174 n=11 g_3=84579 Av_11=39832221
36258174,12,2446649,476554951,476554951,PASS,0.150034,tau=36258174 n=12 g_4=2446649 Av_12=476554951
36278145,11,84402,39832398,39832398,PASS,0.008029,tau=36278145 n=11 g_3=84402 Av_11=39832398
36278145,12,2437398,476564202,476564202,PASS,0.192818,tau=36278145 n=12 g_4=2437398 Av_12=476564202
36278154,11,84402,39832398,39832398,PASS,0.007203,tau=36278154 n=11 g_3=84402 Av_11=39832398
36278154,12,2437398,476564202,476564202,PASS,0.156614,tau=36278154 n=12 g_4=2437398 Av_12=476564202
36281475,11,84578,39832222,39832222,PASS,0.006818,tau=36281475 n=11 g_3=84578 Av_11=39832222
36281475,12,2446606,476554994,476554994,PASS,0.180087,tau=36281475 n=12 g_4=2446606 Av_12=476554994
36281574,11,84576,39832224,39832224,PASS,0.007151,tau=36281574 n=11 g_3=84576 Av_11=39832224
36281574,12,2446394,476555206,476555206,PASS,0.154787,tau=36281574 n=12 g_4=2446394 Av_12=476555206
36281745,11,84486,39832314,39832314,PASS,0.007384,tau=36281745 n=11 g_3=84486 Av_11=39832314
36281745,12,2441584,476560016,476560016,PASS,0.192346,tau=36281745 n=12 g_4=2441584 Av_12=476560016
36281754,11,84484,39832316,39832316,PASS,0.007266,tau=36281754 n=11 g_3=84484 Av_11=39832316
36281754,12,2441353,476560247,476560247,PASS,0.174426,tau=36281754 n=12 g_4=2441353 Av_12=476560247
36284175,11,84586,39832214,39832214,PASS,0.007472,tau=36284175 n=11 g_3=84586 Av_11=39832214
36284175,12,2447349,476554251,476554251,PASS,0.153953,tau=36284175 n=12 g_4=2447349 Av_12=476554251
36285174,11,84587,39832213,39832213,PASS,0.007187,tau=36285174 n=11 g_3=84587 Av_11=39832213
36285174,12,2447418,476554182,476554182,PASS,0.187552,tau=36285174 n=12 g_4=2447418 Av_12=476554182
36287145,11,84402,39832398,39832398,PASS,0.010347,tau=36287145 n=11 g_3=84402 Av_11=39832398
36287145,12,2437442,476564158,476564158,PASS,0.176330,tau=36287145 n=12 g_4=2437442 Av_12=476564158
36287154,11,84402,39832398,39832398,PASS,0.010043,tau=36287154 n=11 g_3=84402 Av_11=39832398
36287154,12,2437408,476564192,476564192,PASS,0.186991,tau=36287154 n=12 g_4=2437408 Av_12=476564192
36418275,11,84572,39832228,39832228,PASS,0.011445,tau=36418275 n=11 g_3=84572 Av_11=39832228
36418275,12,2445949,476555651,476555651,PASS,0.178011,tau=36418275 n=12 g_4=2445949 Av_12=476555651
36418725,11,84491,39832309,39832309,PASS,0.007417,tau=36418725 n=11 g_3=84491 Av_11=39832309
36418725,12,2442093,476559507,476559507,PASS,0.189629,tau=36418725 n=12 g_4=2442093 Av_12=476559507
36481275,11,84486,39832314,39832314,PASS,0.007232,tau=36481275 n=11 g_3=84486 Av_11=39832314
36481275,12,2441571,476560029,476560029,PASS,0.151319,tau=36481275 n=12 g_4=2441571 Av_12=476560029
36481725,11,84575,39832225,39832225,PASS,0.007576,tau=36481725 n=11 g_3=84575 Av_11=39832225
36481725,12,2446257,476555343,476555343,PASS,0.219001,tau=36481725 n=12 g_4=2446257 Av_12=476555343
36518274,11,84490,39832310,39832310,PASS,0.006657,tau=36518274 n=11 g_3=84490 Av_11=39832310
36518274,12,2442006,476559594,476559594,PASS,0.150769,tau=36518274 n=12 g_4=2442006 Av_12=476559594
36518724,11,84397,39832403,39832403,PASS,0.010101,tau=36518724 n=11 g_3=84397 Av_11=39832403
36518724,12,2436882,476564718,476564718,PASS,0.205633,tau=36518724 n=12 g_4=2436882 Av_12=476564718
36581274,11,84402,39832398,39832398,PASS,0.007213,tau=36581274 n=11 g_3=84402 Av_11=39832398
36581274,12,2437420,476564180,476564180,PASS,0.147511,tau=36581274 n=12 g_4=2437420 Av_12=476564180
36581724,11,84479,39832321,39832321,PASS,0.007114,tau=36581724 n=11 g_3=84479 Av_11=39832321
36581724,12,2440845,476560755,476560755,PASS,0.153384,tau=36581724 n=12 g_4=2440845 Av_12=476560755
36712845,11,84314,39832486,39832486,PASS,0.009619,tau=36712845 n=11 g_3=84314 Av_11=39832486
36712845,12,2432770,476568830,476568830,PASS,0.169020,tau=36712845 n=12 g_4=2432770 Av_12=476568830
36712854,11,84315,39832485,39832485,PASS,0.007262,tau=36712854 n=11 g_3=84315 Av_11=39832485
36712854,12,2432895,476568705,476568705,PASS,0.147194,tau=36712854 n=12 g_4=2432895 Av_12=476568705
36714825,11,84502,39832298,39832298,PASS,0.009123,tau=36714825 n=11 g_3=84502 Av_11=39832298
36714825,12,2443185,476558415,476558415,PASS,0.186791,tau=36714825 n=12 g_4=2443185 Av_12=476558415
36715824,11,84495,39832305,39832305,PASS,0.008392,tau=36715824 n=11 g_3=84495 Av_11=39832305
36715824,12,2442490,476559110,476559110,PASS,0.150454,tau=36715824 n=12 g_4=2442490 Av_12=476559110
36718245,11,84389,39832411,39832411,PASS,0.007395,tau=36718245 n=11 g_3=84389 Av_11=39832411
36718245,12,2436023,476565577,476565577,PASS,0.173979,tau=36718245 n=12 g_4=2436023 Av_12=476565577
36718254,11,84392,39832408,39832408,PASS,0.007162,tau=36718254 n=11 g_3=84392 Av_11=39832408
36718254,12,2436340,476565260,476565260,PASS,0.147807,tau=36718254 n=12 g_4=2436340 Av_12=476565260
36718425,11,84485,39832315,39832315,PASS,0.007703,tau=36718425 n=11 g_3=84485 Av_11=39832315
36718425,12,2441462,476560138,476560138,PASS,0.153423,tau=36718425 n=12 g_4=2441462 Av_12=476560138
36718524,11,84483,39832317,39832317,PASS,0.006976,tau=36718524 n=11 g_3=84483 Av_11=39832317
36718524,12,2441276,476560324,476560324,PASS,0.203254,tau=36718524 n=12 g_4=2441276 Av_12=476560324
36721854,11,84314,39832486,39832486,PASS,0.007265,tau=36721854 n=11 g_3=84314 Av_11=39832486
36721854,12,2432797,476568803,476568803,PASS,0.233455,tau=36721854 n=12 g_4=2432797 Av_12=476568803
36751824,11,84399,39832401,39832401,PASS,0.007093,tau=36751824 n=11 g_3=84399 Av_11=39832401
36751824,12,2437081,476564519,476564519,PASS,0.159136,tau=36751824 n=12 g_4=2437081 Av_12=476564519
36781245,11,84208,39832592,39832592,PASS,0.007626,tau=36781245 n=11 g_3=84208 Av_11=39832592
36781245,12,2426293,476575307,476575307,PASS,0.179056,tau=36781245 n=12 g_4=2426293 Av_12=476575307
36781254,11,84212,39832588,39832588,PASS,0.009716,tau=36781254 n=11 g_3=84212 Av_11=39832588
36781254,12,2426719,476574881,476574881,PASS,0.191939,tau=36781254 n=12 g_4=2426719 Av_12=476574881
36781425,11,84383,39832417,39832417,PASS,0.013342,tau=36781425 n=11 g_3=84383 Av_11=39832417
36781425,12,2435400,476566200,476566200,PASS,0.209578,tau=36781425 n=12 g_4=2435400 Av_12=476566200
36781524,11,84386,39832414,39832414,PASS,0.009637,tau=36781524 n=11 g_3=84386 Av_11=39832414
36781524,12,2435709,476565891,476565891,PASS,0.163738,tau=36781524 n=12 g_4=2435709 Av_12=476565891
36812475,11,84482,39832318,39832318,PASS,0.007607,tau=36812475 n=11 g_3=84482 Av_11=39832318
36812475,12,2441185,476560415,476560415,PASS,0.178175,tau=36812475 n=12 g_4=2441185 Av_12=476560415
36812574,11,84485,39832315,39832315,PASS,0.007140,tau=36812574 n=11 g_3=84485 Av_11=39832315
36812574,12,2441479,476560121,476560121,PASS,0.194255,tau=36812574 n=12 g_4=2441479 Av_12=476560121
36814275,11,84575,39832225,39832225,PASS,0.011166,tau=36814275 n=11 g_3=84575 Av_11=39832225
36814275,12,2446278,476555322,476555322,PASS,0.157006,tau=36814275 n=12 g_4=2446278 Av_12=476555322
36815274,11,84584,39832216,39832216,PASS,0.010534,tau=36815274 n=11 g_3=84584 Av_11=39832216
36815274,12,2447151,476554449,476554449,PASS,0.163968,tau=36815274 n=12 g_4=2447151 Av_12=476554449
36821475,11,84485,39832315,39832315,PASS,0.010810,tau=36821475 n=11 g_3=84485 Av_11=39832315
36821475,12,2441513,476560087,476560087,PASS,0.195712,tau=36821475 n=12 g_4=2441513 Av_12=476560087
36821574,11,84488,39832312,39832312,PASS,0.010673,tau=36821574 n=11 g_3=84488 Av_11=39832312
36821574,12,2441799,476559801,476559801,PASS,0.177498,tau=36821574 n=12 g_4=2441799 Av_12=476559801
36841275,11,84491,39832309,39832309,PASS,0.007296,tau=36841275 n=11 g_3=84491 Av_11=39832309
36841275,12,2442117,476559483,476559483,PASS,0.153332,tau=36841275 n=12 g_4=2442117 Av_12=476559483
36851274,11,84493,39832307,39832307,PASS,0.007064,tau=36851274 n=11 g_3=84493 Av_11=39832307
36851274,12,2442312,476559288,476559288,PASS,0.148780,tau=36851274 n=12 g_4=2442312 Av_12=476559288
37145826,11,84505,39832295,39832295,PASS,0.008016,tau=37145826 n=11 g_3=84505 Av_11=39832295
37145826,12,2443578,476558022,476558022,PASS,0.178188,tau=37145826 n=12 g_4=2443578 Av_12=476558022
37146825,11,84590,39832210,39832210,PASS,0.007709,tau=37146825 n=11 g_3=84590 Av_11=39832210
37146825,12,2447818,476553782,476553782,PASS,0.155752,tau=37146825 n=12 g_4=2447818 Av_12=476553782
37148625,11,84590,39832210,39832210,PASS,0.007104,tau=37148625 n=11 g_3=84590 Av_11=39832210
37148625,12,2447834,476553766,476553766,PASS,0.160474,tau=37148625 n=12 g_4=2447834 Av_12=476553766
37154826,11,84504,39832296,39832296,PASS,0.007189,tau=37154826 n=11 g_3=84504 Av_11=39832296
37154826,12,2443380,476558220,476558220,PASS,0.153090,tau=37154826 n=12 g_4=2443380 Av_12=476558220
37156824,11,84493,39832307,39832307,PASS,0.007047,tau=37156824 n=11 g_3=84493 Av_11=39832307
37156824,12,2442310,476559290,476559290,PASS,0.154165,tau=37156824 n=12 g_4=2442310 Av_12=476559290
37158426,11,84589,39832211,39832211,PASS,0.007561,tau=37158426 n=11 g_3=84589 Av_11=39832211
37158426,12,2447675,476553925,476553925,PASS,0.155785,tau=37158426 n=12 g_4=2447675 Av_12=476553925
37158624,11,84576,39832224,39832224,PASS,0.007507,tau=37158624 n=11 g_3=84576 Av_11=39832224
37158624,12,2446364,476555236,476555236,PASS,0.158434,tau=37158624 n=12 g_4=2446364 Av_12=476555236
37165824,11,84489,39832311,39832311,PASS,0.007152,tau=37165824 n=11 g_3=84489 Av_11=39832311
37165824,12,2441918,476559682,476559682,PASS,0.169537,tau=37165824 n=12 g_4=2441918 Av_12=476559682
37168425,11,84574,39832226,39832226,PASS,0.007326,tau=37168425 n=11 g_3=84574 Av_11=39832226
37168425,12,2446206,476555394,476555394,PASS,0.163482,tau=37168425 n=12 g_4=2446206 Av_12=476555394
37168524,11,84566,39832234,39832234,PASS,0.007642,tau=37168524 n=11 g_3=84566 Av_11=39832234
37168524,12,2445413,476556187,476556187,PASS,0.178291,tau=37168524 n=12 g_4=2445413 Av_12=476556187
37185624,11,84480,39832320,39832320,PASS,0.007166,tau=37185624 n=11 g_3=84480 Av_11=39832320
37185624,12,2440977,476560623,476560623,PASS,0.180935,tau=37185624 n=12 g_4=2440977 Av_12=476560623
37186524,11,84481,39832319,39832319,PASS,0.007728,tau=37186524 n=11 g_3=84481 Av_11=39832319
37186524,12,2441101,476560499,476560499,PASS,0.192664,tau=37186524 n=12 g_4=2441101 Av_12=476560499
37214865,11,84392,39832408,39832408,PASS,0.007039,tau=37214865 n=11 g_3=84392 Av_11=39832408
37214865,12,2436384,476565216,476565216,PASS,0.184706,tau=37214865 n=12 g_4=2436384 Av_12=476565216
37215864,11,84481,39832319,39832319,PASS,0.011130,tau=37215864 n=11 g_3=84481 Av_11=39832319
37215864,12,2441071,476560529,476560529,PASS,0.212938,tau=37215864 n=12 g_4=2441071 Av_12=476560529
37216845,11,84395,39832405,39832405,PASS,0.010243,tau=37216845 n=11 g_3=84395 Av_11=39832405
37216845,12,2436709,476564891,476564891,PASS,0.167020,tau=37216845 n=12 g_4=2436709 Av_12=476564891
37216854,11,84395,39832405,39832405,PASS,0.008217,tau=37216854 n=11 g_3=84395 Av_11=39832405
37216854,12,2436639,476564961,476564961,PASS,0.159737,tau=37216854 n=12 g_4=2436639 Av_12=476564961
37218465,11,84310,39832490,39832490,PASS,0.010651,tau=37218465 n=11 g_3=84310 Av_11=39832490
37218465,12,2432413,476569187,476569187,PASS,0.182561,tau=37218465 n=12 g_4=2432413 Av_12=476569187
37218564,11,84306,39832494,39832494,PASS,0.007078,tau=37218564 n=11 g_3=84306 Av_11=39832494
37218564,12,2432009,476569591,476569591,PASS,0.147496,tau=37218564 n=12 g_4=2432009 Av_12=476569591
37218645,11,84306,39832494,39832494,PASS,0.007631,tau=37218645 n=11 g_3=84306 Av_11=39832494
37218645,12,2432017,476569583,476569583,PASS,0.202959,tau=37218645 n=12 g_4=2432017 Av_12=476569583
37218654,11,84304,39832496,39832496,PASS,0.009714,tau=37218654 n=11 g_3=84304 Av_11=39832496
37218654,12,2431742,476569858,476569858,PASS,0.188172,tau=37218654 n=12 g_4=2431742 Av_12=476569858
37251864,11,84574,39832226,39832226,PASS,0.007492,tau=37251864 n=11 g_3=84574 Av_11=39832226
37251864,12,2446171,476555429,476555429,PASS,0.204850,tau=37251864 n=12 g_4=2446171 Av_12=476555429
37261845,11,84490,39832310,39832310,PASS,0.010961,tau=37261845 n=11 g_3=84490 Av_11=39832310
37261845,12,2442001,476559599,476559599,PASS,0.212400,tau=37261845 n=12 g_4=2442001 Av_12=476559599
37261854,11,84487,39832313,39832313,PASS,0.007808,tau=37261854 n=11 g_3=84487 Av_11=39832313
37261854,12,2441678,476559922,476559922,PASS,0.192995,tau=37261854 n=12 g_4=2441678 Av_12=476559922
37281465,11,84394,39832406,39832406,PASS,0.006871,tau=37281465 n=11 g_3=84394 Av_11=39832406
37281465,12,2436616,476564984,476564984,PASS,0.189530,tau=37281465 n=12 g_4=2436616 Av_12=476564984
37281564,11,84394,39832406,39832406,PASS,0.010319,tau=37281564 n=11 g_3=84394 Av_11=39832406
37281564,12,2436609,476564991,476564991,PASS,0.189570,tau=37281564 n=12 g_4=2436609 Av_12=476564991
37281645,11,84394,39832406,39832406,PASS,0.010283,tau=37281645 n=11 g_3=84394 Av_11=39832406
37281645,12,2436603,476564997,476564997,PASS,0.227504,tau=37281645 n=12 g_4=2436603 Av_12=476564997
37281654,11,84389,39832411,39832411,PASS,0.008199,tau=37281654 n=11 g_3=84389 Av_11=39832411
37281654,12,2436033,476565567,476565567,PASS,0.204555,tau=37281654 n=12 g_4=2436033 Av_12=476565567
37416825,11,84590,39832210,39832210,PASS,0.009810,tau=37416825 n=11 g_3=84590 Av_11=39832210
37416825,12,2447852,476553748,476553748,PASS,0.230952,tau=37416825 n=12 g_4=2447852 Av_12=476553748
37418265,11,84495,39832305,39832305,PASS,0.010154,tau=37418265 n=11 g_3=84495 Av_11=39832305
37418265,12,2442513,476559087,476559087,PASS,0.229028,tau=37418265 n=12 g_4=2442513 Av_12=476559087
37418526,11,84587,39832213,39832213,PASS,0.010219,tau=37418526 n=11 g_3=84587 Av_11=39832213
37418526,12,2447478,476554122,476554122,PASS,0.234556,tau=37418526 n=12 g_4=2447478 Av_12=476554122
37418625,11,84586,39832214,39832214,PASS,0.010288,tau=37418625 n=11 g_3=84586 Av_11=39832214
37418625,12,2447436,476554164,476554164,PASS,0.192794,tau=37418625 n=12 g_4=2447436 Av_12=476554164
37461825,11,84578,39832222,39832222,PASS,0.010263,tau=37461825 n=11 g_3=84578 Av_11=39832222
37461825,12,2446607,476554993,476554993,PASS,0.190300,tau=37461825 n=12 g_4=2446607 Av_12=476554993
37481265,11,84401,39832399,39832399,PASS,0.010408,tau=37481265 n=11 g_3=84401 Av_11=39832399
37481265,12,2437324,476564276,476564276,PASS,0.237273,tau=37481265 n=12 g_4=2437324 Av_12=476564276
37481526,11,84579,39832221,39832221,PASS,0.007817,tau=37481526 n=11 g_3=84579 Av_11=39832221
37481526,12,2446666,476554934,476554934,PASS,0.162035,tau=37481526 n=12 g_4=2446666 Av_12=476554934
37481625,11,84582,39832218,39832218,PASS,0.010458,tau=37481625 n=11 g_3=84582 Av_11=39832218
37481625,12,2447006,476554594,476554594,PASS,0.236556,tau=37481625 n=12 g_4=2447006 Av_12=476554594
37518264,11,84582,39832218,39832218,PASS,0.007329,tau=37518264 n=11 g_3=84582 Av_11=39832218
37518264,12,2447002,476554598,476554598,PASS,0.156916,tau=37518264 n=12 g_4=2447002 Av_12=476554598
37518426,11,84588,39832212,39832212,PASS,0.009039,tau=37518426 n=11 g_3=84588 Av_11=39832212
37518426,12,2447616,476553984,476553984,PASS,0.232536,tau=37518426 n=12 g_4=2447616 Av_12=476553984
37518624,11,84578,39832222,39832222,PASS,0.006729,tau=37518624 n=11 g_3=84578 Av_11=39832222
37518624,12,2446560,476555040,476555040,PASS,0.154698,tau=37518624 n=12 g_4=2446560 Av_12=476555040
37561824,11,84399,39832401,39832401,PASS,0.008059,tau=37561824 n=11 g_3=84399 Av_11=39832401
37561824,12,2437055,476564545,476564545,PASS,0.161403,tau=37561824 n=12 g_4=2437055 Av_12=476564545
37581264,11,84487,39832313,39832313,PASS,0.009452,tau=37581264 n=11 g_3=84487 Av_11=39832313
37581264,12,2441675,476559925,476559925,PASS,0.224196,tau=37581264 n=12 g_4=2441675 Av_12=476559925
37581426,11,84574,39832226,39832226,PASS,0.006988,tau=37581426 n=11 g_3=84574 Av_11=39832226
37581426,12,2446184,476555416,476555416,PASS,0.157978,tau=37581426 n=12 g_4=2446184 Av_12=476555416
37581624,11,84570,39832230,39832230,PASS,0.007322,tau=37581624 n=11 g_3=84570 Av_11=39832230
37581624,12,2445729,476555871,476555871,PASS,0.179610,tau=37581624 n=12 g_4=2445729 Av_12=476555871
37612845,11,84315,39832485,39832485,PASS,0.010206,tau=37612845 n=11 g_3=84315 Av_11=39832485
37612845,12,2432955,476568645,476568645,PASS,0.229178,tau=37612845 n=12 g_4=2432955 Av_12=476568645
37612854,11,84315,39832485,39832485,PASS,0.010380,tau=37612854 n=11 g_3=84315 Av_11=39832485
37612854,12,2432967,476568633,476568633,PASS,0.193553,tau=37612854 n=12 g_4=2432967 Av_12=476568633
37614825,11,84505,39832295,39832295,PASS,0.009919,tau=37614825 n=11 g_3=84505 Av_11=39832295
37614825,12,2443537,476558063,476558063,PASS,0.234769,tau=37614825 n=12 g_4=2443537 Av_12=476558063
37615824,11,84492,39832308,39832308,PASS,0.011277,tau=37615824 n=11 g_3=84492 Av_11=39832308
37615824,12,2442234,476559366,476559366,PASS,0.182848,tau=37615824 n=12 g_4=2442234 Av_12=476559366
37618245,11,84399,39832401,39832401,PASS,0.010269,tau=37618245 n=11 g_3=84399 Av_11=39832401
37618245,12,2437078,476564522,476564522,PASS,0.236401,tau=37618245 n=12 g_4=2437078 Av_12=476564522
37618254,11,84399,39832401,39832401,PASS,0.007491,tau=37618254 n=11 g_3=84399 Av_11=39832401
37618254,12,2437123,476564477,476564477,PASS,0.153178,tau=37618254 n=12 g_4=2437123 Av_12=476564477
37618425,11,84489,39832311,39832311,PASS,0.007154,tau=37618425 n=11 g_3=84489 Av_11=39832311
37618425,12,2441948,476559652,476559652,PASS,0.235289,tau=37618425 n=12 g_4=2441948 Av_12=476559652
37618524,11,84488,39832312,39832312,PASS,0.006589,tau=37618524 n=11 g_3=84488 Av_11=39832312
37618524,12,2441815,476559785,476559785,PASS,0.165356,tau=37618524 n=12 g_4=2441815 Av_12=476559785
37621854,11,84315,39832485,39832485,PASS,0.008483,tau=37621854 n=11 g_3=84315 Av_11=39832485
37621854,12,2432952,476568648,476568648,PASS,0.218472,tau=37621854 n=12 g_4=2432952 Av_12=476568648
37651824,11,84392,39832408,39832408,PASS,0.010239,tau=37651824 n=11 g_3=84392 Av_11=39832408
37651824,12,2436399,476565201,476565201,PASS,0.231960,tau=37651824 n=12 g_4=2436399 Av_12=476565201
37681245,11,84217,39832583,39832583,PASS,0.010682,tau=37681245 n=11 g_3=84217 Av_11=39832583
37681245,12,2427246,476574354,476574354,PASS,0.241158,tau=37681245 n=12 g_4=2427246 Av_12=476574354
37681254,11,84217,39832583,39832583,PASS,0.010362,tau=37681254 n=11 g_3=84217 Av_11=39832583
37681254,12,2427297,476574303,476574303,PASS,0.238316,tau=37681254 n=12 g_4=2427297 Av_12=476574303
37681425,11,84388,39832412,39832412,PASS,0.010269,tau=37681425 n=11 g_3=84388 Av_11=39832412
37681425,12,2435995,476565605,476565605,PASS,0.208864,tau=37681425 n=12 g_4=2435995 Av_12=476565605
37681524,11,84392,39832408,39832408,PASS,0.010327,tau=37681524 n=11 g_3=84392 Av_11=39832408
37681524,12,2436375,476565225,476565225,PASS,0.239707,tau=37681524 n=12 g_4=2436375 Av_12=476565225
42318675,11,84022,39832778,39832778,PASS,0.010311,tau=42318675 n=11 g_3=84022 Av_11=39832778
42318675,12,2416076,476585524,476585524,PASS,0.172094,tau=42318675 n=12 g_4=2416076 Av_12=476585524
42381675,11,84210,39832590,39832590,PASS,0.010193,tau=42381675 n=11 g_3=84210 Av_11=39832590
42381675,12,2426555,476575045,476575045,PASS,0.237863,tau=42381675 n=12 g_4=2426555 Av_12=476575045
42381765,11,84203,39832597,39832597,PASS,0.008510,tau=42381765 n=11 g_3=84203 Av_11=39832597
42381765,12,2425765,476575835,476575835,PASS,0.218449,tau=42381765 n=12 g_4=2425765 Av_12=476575835
42618375,11,84581,39832219,39832219,PASS,0.011343,tau=42618375 n=11 g_3=84581 Av_11=39832219
42618375,12,2446834,476554766,476554766,PASS,0.238252,tau=42618375 n=12 g_4=2446834 Av_12=476554766
42618735,11,84487,39832313,39832313,PASS,0.010208,tau=42618735 n=11 g_3=84487 Av_11=39832313
42618735,12,2441669,476559931,476559931,PASS,0.237904,tau=42618735 n=12 g_4=2441669 Av_12=476559931
42681375,11,84581,39832219,39832219,PASS,0.010398,tau=42681375 n=11 g_3=84581 Av_11=39832219
42681375,12,2446901,476554699,476554699,PASS,0.201063,tau=42681375 n=12 g_4=2446901 Av_12=476554699
42681735,11,84576,39832224,39832224,PASS,0.010316,tau=42681735 n=11 g_3=84576 Av_11=39832224
42681735,12,2446390,476555210,476555210,PASS,0.203082,tau=42681735 n=12 g_4=2446390 Av_12=476555210
42718635,11,84566,39832234,39832234,PASS,0.010398,tau=42718635 n=11 g_3=84566 Av_11=39832234
42718635,12,2445395,476556205,476556205,PASS,0.178067,tau=42718635 n=12 g_4=2445395 Av_12=476556205
42781365,11,84399,39832401,39832401,PASS,0.007648,tau=42781365 n=11 g_3=84399 Av_11=39832401
42781365,12,2437110,476564490,476564490,PASS,0.170409,tau=42781365 n=12 g_4=2437110 Av_12=476564490
42781635,11,84484,39832316,39832316,PASS,0.006933,tau=42781635 n=11 g_3=84484 Av_11=39832316
42781635,12,2441400,476560200,476560200,PASS,0.194392,tau=42781635 n=12 g_4=2441400 Av_12=476560200
43281765,11,84109,39832691,39832691,PASS,0.007498,tau=43281765 n=11 g_3=84109 Av_11=39832691
43281765,12,2420555,476581045,476581045,PASS,0.223503,tau=43281765 n=12 g_4=2420555 Av_12=476581045
43618725,11,84402,39832398,39832398,PASS,0.008122,tau=43618725 n=11 g_3=84402 Av_11=39832398
43618725,12,2437412,476564188,476564188,PASS,0.213529,tau=43618725 n=12 g_4=2437412 Av_12=476564188
43718265,11,84398,39832402,39832402,PASS,0.007471,tau=43718265 n=11 g_3=84398 Av_11=39832402
43718265,12,2436977,476564623,476564623,PASS,0.217632,tau=43718265 n=12 g_4=2436977 Av_12=476564623
43718625,11,84488,39832312,39832312,PASS,0.010320,tau=43718625 n=11 g_3=84488 Av_11=39832312
43718625,12,2441829,476559771,476559771,PASS,0.207441,tau=43718625 n=12 g_4=2441829 Av_12=476559771
43781265,11,84222,39832578,39832578,PASS,0.010259,tau=43781265 n=11 g_3=84222 Av_11=39832578
43781265,12,2427805,476573795,476573795,PASS,0.185306,tau=43781265 n=12 g_4=2427805 Av_12=476573795
46281735,11,84574,39832226,39832226,PASS,0.010497,tau=46281735 n=11 g_3=84574 Av_11=39832226
46281735,12,2446143,476555457,476555457,PASS,0.157976,tau=46281735 n=12 g_4=2446143 Av_12=476555457
46718235,11,84295,39832505,39832505,PASS,0.007006,tau=46718235 n=11 g_3=84295 Av_11=39832505
46718235,12,2430762,476570838,476570838,PASS,0.181554,tau=46718235 n=12 g_4=2430762 Av_12=476570838
46718325,11,84390,39832410,39832410,PASS,0.010906,tau=46718325 n=11 g_3=84390 Av_11=39832410
46718325,12,2436090,476565510,476565510,PASS,0.179988,tau=46718325 n=12 g_4=2436090 Av_12=476565510
47318625,11,84581,39832219,39832219,PASS,0.006886,tau=47318625 n=11 g_3=84581 Av_11=39832219
47318625,12,2446946,476554654,476554654,PASS,0.155367,tau=47318625 n=12 g_4=2446946 Av_12=476554654
47618325,11,84396,39832404,39832404,PASS,0.007192,tau=47618325 n=11 g_3=84396 Av_11=39832404
47618325,12,2436803,476564797,476564797,PASS,0.151095,tau=47618325 n=12 g_4=2436803 Av_12=476564797
