a,pattern,containing_hosts,component_total,component_pairs_tested,separation_failures,max_beta0,first_max_witness
1,1,6,6,0,0,1,123
2,12,23,24,1,0,2,3412
2,21,23,24,1,0,2,2143
3,123,78,80,2,0,2,14523
3,132,78,80,2,0,2,13254
3,213,78,80,2,0,2,21435
3,231,78,80,2,0,2,24153
3,312,78,80,2,0,2,31524
3,321,78,80,2,0,2,32541
4,1234,207,210,3,0,2,125634
4,1243,207,210,3,0,2,124365
4,1324,207,210,3,0,2,132546
4,1342,208,210,2,0,2,135264
4,1423,208,210,2,0,2,142635
4,1432,207,210,3,0,2,143652
4,2134,207,210,3,0,2,214356
4,2143,207,210,4,0,3,214365
4,2314,208,210,2,0,2,241536
4,2341,207,210,3,0,2,245163
4,2413,208,210,2,0,2,241635
4,2431,208,210,2,0,2,243651
4,3124,208,210,2,0,2,315246
4,3142,208,210,2,0,2,315264
4,3214,207,210,3,0,2,325416
4,3241,208,210,2,0,2,325461
4,3412,207,210,4,0,3,563412
4,3421,207,210,3,0,2,352641
4,4123,207,210,3,0,2,416235
4,4132,208,210,2,0,2,613254
4,4213,208,210,2,0,2,621435
4,4231,207,210,3,0,2,426351
4,4312,207,210,3,0,2,436512
4,4321,207,210,3,0,2,436521
5,12345,458,462,4,0,2,1236745
5,12354,458,462,4,0,2,1235476
5,12435,458,462,4,0,2,1243657
5,12453,459,462,3,0,2,1246375
5,12534,459,462,3,0,2,1253746
5,12543,458,462,4,0,2,1254763
5,13245,458,462,4,0,2,1325467
5,13254,458,462,5,0,3,1325476
5,13425,460,462,2,0,2,1352647
5,13452,459,462,3,0,2,1356274
5,13524,460,462,2,0,2,1352746
5,13542,460,462,2,0,2,1354762
5,14235,460,462,2,0,2,1426357
5,14253,460,462,2,0,2,1426375
5,14325,458,462,4,0,2,1436527
5,14352,460,462,2,0,2,1436572
5,14523,459,462,4,0,3,1674523
5,14532,459,462,3,0,2,1463752
5,15234,459,462,3,0,2,1527346
5,15243,460,462,2,0,2,1724365
5,15324,460,462,2,0,2,1732546
5,15342,459,462,3,0,2,1537462
5,15423,459,462,3,0,2,1547623
5,15432,458,462,4,0,2,1547632
5,21345,458,462,4,0,2,2136745
5,21354,458,462,4,0,2,2135476
5,21435,458,462,5,0,3,2143657
5,21453,459,462,3,0,2,2143675
5,21534,459,462,3,0,2,2143756
5,21543,458,462,4,0,2,2143765
5,23145,459,462,3,0,2,2316745
5,23154,459,462,3,0,2,2315476
5,23415,459,462,3,0,2,2451637
5,23451,458,462,4,0,2,2367451
5,23514,461,462,1,0,2,4523716
5,23541,459,462,3,0,2,2354761
5,24135,460,462,2,0,2,2416357
5,24153,461,462,1,0,2,2416375
5,24315,460,462,2,0,2,2436517
5,24351,459,462,3,0,2,2436571
5,24513,460,462,2,0,2,2461735
5,24531,460,462,2,0,2,2463751
5,25134,461,462,1,0,2,2715634
5,25143,460,462,2,0,2,2714365
5,25314,462,462,0,0,1,1247536
5,25341,460,462,2,0,2,2537461
5,25413,461,462,1,0,2,2547613
5,25431,459,462,3,0,2,2547631
5,31245,459,462,3,0,2,3126745
5,31254,459,462,3,0,2,3125476
5,31425,460,462,2,0,2,3152647
5,31452,461,462,1,0,2,3167452
5,31524,461,462,1,0,2,3152746
5,31542,460,462,2,0,2,3154762
5,32145,458,462,4,0,2,3216745
5,32154,458,462,4,0,2,3215476
5,32415,460,462,2,0,2,3254617
5,32451,459,462,3,0,2,3254671
5,32514,460,462,2,0,2,3254716
5,32541,459,462,4,0,3,3254761
5,34125,459,462,4,0,3,5634127
5,34152,460,462,2,0,2,3516274
5,34215,459,462,3,0,2,3526417
5,34251,460,462,2,0,2,3526471
5,34512,458,462,4,0,2,3561724
5,34521,458,462,4,0,2,3562741
5,35124,460,462,2,0,2,3517246
5,35142,461,462,1,0,2,5736142
5,35214,461,462,1,0,2,5721436
5,35241,460,462,2,0,2,3527461
5,35412,459,462,3,0,2,3547612
5,35421,459,462,3,0,2,3547621
5,41235,459,462,3,0,2,4162357
5,41253,461,462,1,0,2,6341275
5,41325,460,462,2,0,2,6132547
5,41352,462,462,0,0,1,1263574
5,41523,460,462,2,0,2,4162735
5,41532,461,462,1,0,2,6173254
5,42135,460,462,2,0,2,6214357
5,42153,460,462,2,0,2,6214375
5,42315,459,462,3,0,2,4263517
5,42351,460,462,2,0,2,4263571
5,42513,461,462,1,0,2,6472513
5,42531,460,462,2,0,2,4263751
5,43125,459,462,3,0,2,4365127
5,43152,461,462,1,0,2,4365172
5,43215,458,462,4,0,2,4365217
5,43251,459,462,3,0,2,4365271
5,43512,459,462,3,0,2,4365712
5,43521,459,462,3,0,2,4365721
5,45123,458,462,4,0,2,4617235
5,45132,459,462,3,0,2,6713254
5,45213,459,462,3,0,2,6721435
5,45231,458,462,5,0,3,6745231
5,45312,458,462,4,0,2,4637512
5,45321,458,462,4,0,2,4637521
5,51234,458,462,4,0,2,5172346
5,51243,459,462,3,0,2,7124365
5,51324,459,462,3,0,2,7132546
5,51342,460,462,2,0,2,7135264
5,51423,460,462,2,0,2,7142635
5,51432,459,462,3,0,2,7143652
5,52134,459,462,3,0,2,7214356
5,52143,459,462,4,0,3,7214365
5,52314,460,462,2,0,2,7241536
5,52341,458,462,4,0,2,5273461
5,52413,460,462,2,0,2,7241635
5,52431,460,462,2,0,2,7243651
5,53124,460,462,2,0,2,7315246
5,53142,460,462,2,0,2,7315264
5,53214,459,462,3,0,2,7325416
5,53241,460,462,2,0,2,7325461
5,53412,458,462,5,0,3,7563412
5,53421,458,462,4,0,2,5374621
5,54123,458,462,4,0,2,5476123
5,54132,459,462,3,0,2,5476132
5,54213,459,462,3,0,2,5476213
5,54231,458,462,4,0,2,5476231
5,54312,458,462,4,0,2,5476312
5,54321,458,462,4,0,2,5476321
6,123456,891,896,5,0,2,12347856
6,123465,891,896,5,0,2,12346587
6,123546,891,896,5,0,2,12354768
6,123564,892,896,4,0,2,12357486
6,123645,892,896,4,0,2,12364857
6,123654,891,896,5,0,2,12365874
6,124356,891,896,5,0,2,12436578
6,124365,891,896,6,0,3,12436587
6,124536,893,896,3,0,2,12463758
6,124563,892,896,4,0,2,12467385
6,124635,893,896,3,0,2,12463857
6,124653,893,896,3,0,2,12465873
6,125346,893,896,3,0,2,12537468
6,125364,893,896,3,0,2,12537486
6,125436,891,896,5,0,2,12547638
6,125463,893,896,3,0,2,12547683
6,125634,892,896,5,0,3,12785634
6,125643,892,896,4,0,2,12574863
6,126345,892,896,4,0,2,12638457
6,126354,893,896,3,0,2,12835476
6,126435,893,896,3,0,2,12843657
6,126453,892,896,4,0,2,12648573
6,126534,892,896,4,0,2,12658734
6,126543,891,896,5,0,2,12658743
6,132456,891,896,5,0,2,13247856
6,132465,891,896,5,0,2,13246587
6,132546,891,896,6,0,3,13254768
6,132564,892,896,4,0,2,13254786
6,132645,892,896,4,0,2,13254867
6,132654,891,896,5,0,2,13254876
6,134256,893,896,3,0,2,13427856
6,134265,893,896,3,0,2,13426587
6,134526,893,896,3,0,2,13562748
6,134562,892,896,4,0,2,13478562
6,134625,895,896,1,0,2,15634827
6,134652,893,896,3,0,2,13465872
6,135246,894,896,2,0,2,13527468
6,135264,895,896,1,0,2,13527486
6,135426,894,896,2,0,2,13547628
6,135462,893,896,3,0,2,13547682
6,135624,894,896,2,0,2,13572846
6,135642,894,896,2,0,2,13574862
6,136245,895,896,1,0,2,13826745
6,136254,894,896,2,0,2,13825476
6,136425,896,896,0,0,1,12358647
6,136452,894,896,2,0,2,13648572
6,136524,895,896,1,0,2,13658724
6,136542,893,896,3,0,2,13658742
6,142356,893,896,3,0,2,14237856
6,142365,893,896,3,0,2,14236587
6,142536,894,896,2,0,2,14263758
6,142563,895,896,1,0,2,14278563
6,142635,895,896,1,0,2,14263857
6,142653,894,896,2,0,2,14265873
6,143256,891,896,5,0,2,14327856
6,143265,891,896,5,0,2,14326587
6,143526,894,896,2,0,2,14365728
6,143562,893,896,3,0,2,14365782
6,143625,894,896,2,0,2,14365827
6,143652,893,896,4,0,3,14365872
6,145236,893,896,4,0,3,16745238
6,145263,894,896,2,0,2,14627385
6,145326,893,896,3,0,2,14637528
6,145362,894,896,2,0,2,14637582
6,145623,892,896,4,0,2,14672835
6,145632,892,896,4,0,2,14673852
6,146235,894,896,2,0,2,14628357
6,146253,895,896,1,0,2,16847253
6,146325,895,896,1,0,2,16832547
6,146352,894,896,2,0,2,14638572
6,146523,893,896,3,0,2,14658723
6,146532,893,896,3,0,2,14658732
6,152346,893,896,3,0,2,15273468
6,152364,895,896,1,0,2,17452386
6,152436,894,896,2,0,2,17243658
6,152463,896,896,0,0,1,12374685
6,152634,894,896,2,0,2,15273846
6,152643,895,896,1,0,2,17284365
6,153246,894,896,2,0,2,17325468
6,153264,894,896,2,0,2,17325486
6,153426,893,896,3,0,2,15374628
6,153462,894,896,2,0,2,15374682
6,153624,895,896,1,0,2,17583624
6,153642,894,896,2,0,2,15374862
6,154236,893,896,3,0,2,15476238
6,154263,895,896,1,0,2,15476283
6,154326,891,896,5,0,2,15476328
6,154362,893,896,3,0,2,15476382
6,154623,893,896,3,0,2,15476823
6,154632,893,896,3,0,2,15476832
6,156234,892,896,4,0,2,15728346
6,156243,893,896,3,0,2,17824365
6,156324,893,896,3,0,2,17832546
6,156342,892,896,5,0,3,17856342
6,156423,892,896,4,0,2,15748623
6,156432,892,896,4,0,2,15748632
6,162345,892,896,4,0,2,16283457
6,162354,893,896,3,0,2,18235476
6,162435,893,896,3,0,2,18243657
6,162453,894,896,2,0,2,18246375
6,162534,894,896,2,0,2,18253746
6,162543,893,896,3,0,2,18254763
6,163245,893,896,3,0,2,18325467
6,163254,893,896,4,0,3,18325476
6,163425,894,896,2,0,2,18352647
6,163452,892,896,4,0,2,16384572
6,163524,894,896,2,0,2,18352746
6,163542,894,896,2,0,2,18354762
6,164235,894,896,2,0,2,18426357
6,164253,894,896,2,0,2,18426375
6,164325,893,896,3,0,2,18436527
6,164352,894,896,2,0,2,18436572
6,164523,892,896,5,0,3,18674523
6,164532,892,896,4,0,2,16485732
6,165234,892,896,4,0,2,16587234
6,165243,893,896,3,0,2,16587243
6,165324,893,896,3,0,2,16587324
6,165342,892,896,4,0,2,16587342
6,165423,892,896,4,0,2,16587423
6,165432,891,896,5,0,2,16587432
6,213456,891,896,5,0,2,21347856
6,213465,891,896,5,0,2,21346587
6,213546,891,896,5,0,2,21354768
6,213564,892,896,4,0,2,21357486
6,213645,892,896,4,0,2,21364857
6,213654,891,896,5,0,2,21365874
6,214356,891,896,6,0,3,21436578
6,214365,891,896,8,0,4,21436587
6,214536,893,896,3,0,2,21436758
6,214563,892,896,4,0,2,21436785
6,214635,893,896,3,0,2,21436857
6,214653,893,896,3,0,2,21436875
6,215346,893,896,3,0,2,21437568
6,215364,893,896,3,0,2,21437586
6,215436,891,896,5,0,2,21437658
6,215463,893,896,3,0,2,21437685
6,215634,892,896,5,0,3,21785634
6,215643,892,896,4,0,2,21437865
6,216345,892,896,4,0,2,21438567
6,216354,893,896,3,0,2,21438576
6,216435,893,896,3,0,2,21438657
6,216453,892,896,4,0,2,21438675
6,216534,892,896,4,0,2,21438756
6,216543,891,896,5,0,2,21438765
6,231456,892,896,4,0,2,23147856
6,231465,892,896,4,0,2,23146587
6,231546,892,896,4,0,2,23154768
6,231564,892,896,4,0,2,23157486
6,231645,892,896,4,0,2,23164857
6,231654,892,896,4,0,2,23165874
6,234156,892,896,4,0,2,23417856
6,234165,892,896,4,0,2,23416587
6,234516,892,896,4,0,2,23674518
6,234561,891,896,5,0,2,23478561
6,234615,894,896,2,0,2,25634817
6,234651,892,896,4,0,2,23465871
6,235146,895,896,1,0,2,45237168
6,235164,895,896,1,0,2,45237186
6,235416,893,896,3,0,2,23547618
6,235461,892,896,4,0,2,23547681
6,235614,894,896,2,0,2,23785614
6,235641,893,896,3,0,2,23574861
6,236145,894,896,2,0,2,23816745
6,236154,894,896,2,0,2,23815476
6,236415,895,896,1,0,2,45238617
6,236451,893,896,3,0,2,23648571
6,236514,894,896,2,0,2,23658714
6,236541,892,896,4,0,2,23658741
6,241356,893,896,3,0,2,24137856
6,241365,893,896,3,0,2,24136587
6,241536,895,896,1,0,2,24163758
6,241563,895,896,1,0,2,24178563
6,241635,895,896,1,0,2,24163857
6,241653,895,896,1,0,2,24165873
6,243156,893,896,3,0,2,24317856
6,243165,893,896,3,0,2,24316587
6,243516,893,896,3,0,2,24365718
6,243561,892,896,4,0,2,24365781
6,243615,894,896,2,0,2,24365817
6,243651,892,896,5,0,3,24365871
6,245136,894,896,2,0,2,24617358
6,245163,894,896,2,0,2,24617385
6,245316,894,896,2,0,2,24637518
6,245361,894,896,2,0,2,24637581
6,245613,893,896,3,0,2,24671835
6,245631,893,896,3,0,2,24673851
6,246135,895,896,1,0,2,24618357
6,246153,896,896,0,0,1,12468375
6,246315,896,896,0,0,1,12468537
6,246351,894,896,2,0,2,24638571
6,246513,894,896,2,0,2,24658713
6,246531,894,896,2,0,2,24658731
6,251346,895,896,1,0,2,27156348
6,251364,896,896,0,0,1,12473586
6,251436,894,896,2,0,2,27143658
6,251463,896,896,0,0,1,12473685
6,251634,895,896,1,0,2,27185634
6,251643,895,896,1,0,2,27184365
6,253146,896,896,0,0,1,12475368
6,253164,896,896,0,0,1,12475386
6,253416,894,896,2,0,2,25374618
6,253461,894,896,2,0,2,25374681
6,253614,896,896,0,0,1,12475836
6,253641,894,896,2,0,2,25374861
6,254136,895,896,1,0,2,25476138
6,254163,895,896,1,0,2,25476183
6,254316,893,896,3,0,2,25476318
6,254361,892,896,4,0,2,25476381
6,254613,894,896,2,0,2,25476813
6,254631,894,896,2,0,2,25476831
6,256134,894,896,2,0,2,27815634
6,256143,894,896,2,0,2,27814365
6,256314,895,896,1,0,2,27856314
6,256341,893,896,4,0,3,27856341
6,256413,894,896,2,0,2,25748613
6,256431,893,896,3,0,2,25748631
6,261345,894,896,2,0,2,28136745
6,261354,894,896,2,0,2,28135476
6,261435,894,896,2,0,2,28143657
6,261453,894,896,2,0,2,28146375
6,261534,894,896,2,0,2,28153746
6,261543,893,896,3,0,2,28154763
6,263145,895,896,1,0,2,28316745
6,263154,895,896,1,0,2,28315476
6,263415,895,896,1,0,2,28563417
6,263451,893,896,3,0,2,26384571
6,263514,896,896,0,0,1,12485736
6,263541,894,896,2,0,2,28354761
6,264135,896,896,0,0,1,12486357
6,264153,896,896,0,0,1,12486375
6,264315,895,896,1,0,2,28436517
6,264351,894,896,2,0,2,28436571
6,264513,894,896,2,0,2,26485713
6,264531,893,896,3,0,2,26485731
6,265134,894,896,2,0,2,26587134
6,265143,894,896,2,0,2,26587143
6,265314,895,896,1,0,2,26587314
6,265341,893,896,3,0,2,26587341
6,265413,894,896,2,0,2,26587413
6,265431,892,896,4,0,2,26587431
6,312456,892,896,4,0,2,31247856
6,312465,892,896,4,0,2,31246587
6,312546,892,896,4,0,2,31254768
6,312564,892,896,4,0,2,31257486
6,312645,892,896,4,0,2,31264857
6,312654,892,896,4,0,2,31265874
6,314256,893,896,3,0,2,31427856
6,314265,893,896,3,0,2,31426587
6,314526,895,896,1,0,2,31674528
6,314562,894,896,2,0,2,31478562
6,314625,896,896,0,0,1,12536847
6,314652,894,896,2,0,2,31465872
6,315246,895,896,1,0,2,31527468
6,315264,895,896,1,0,2,31527486
6,315426,894,896,2,0,2,31547628
6,315462,894,896,2,0,2,31547682
6,315624,895,896,1,0,2,31785624
6,315642,894,896,2,0,2,31574862
6,316245,895,896,1,0,2,31826745
6,316254,895,896,1,0,2,31825476
6,316425,896,896,0,0,1,12538647
6,316452,894,896,2,0,2,31648572
6,316524,895,896,1,0,2,31658724
6,316542,893,896,3,0,2,31658742
6,321456,891,896,5,0,2,32147856
6,321465,891,896,5,0,2,32146587
6,321546,891,896,5,0,2,32154768
6,321564,892,896,4,0,2,32157486
6,321645,892,896,4,0,2,32164857
6,321654,891,896,5,0,2,32165874
6,324156,893,896,3,0,2,32417856
6,324165,893,896,3,0,2,32416587
6,324516,893,896,3,0,2,32546718
6,324561,892,896,4,0,2,32478561
6,324615,894,896,2,0,2,32546817
6,324651,892,896,4,0,2,32465871
6,325146,894,896,2,0,2,32547168
6,325164,895,896,1,0,2,32547186
6,325416,893,896,4,0,3,32547618
6,325461,892,896,5,0,3,32547681
6,325614,894,896,2,0,2,32547816
6,325641,893,896,3,0,2,32547861
6,326145,894,896,2,0,2,32548167
6,326154,893,896,3,0,2,32548176
6,326415,895,896,1,0,2,32548617
6,326451,893,896,3,0,2,32548671
6,326514,894,896,2,0,2,32548716
6,326541,892,896,4,0,2,32548761
6,341256,892,896,5,0,3,56341278
6,341265,892,896,5,0,3,56341287
6,341526,894,896,2,0,2,35162748
6,341562,894,896,2,0,2,34178562
6,341625,895,896,1,0,2,56341827
6,341652,894,896,2,0,2,34165872
6,342156,892,896,4,0,2,34217856
6,342165,892,896,4,0,2,34216587
6,342516,894,896,2,0,2,35264718
6,342561,893,896,3,0,2,34278561
6,342615,894,896,2,0,2,35264817
6,342651,893,896,3,0,2,34265871
6,345126,892,896,4,0,2,35617248
6,345162,893,896,3,0,2,35617284
6,345216,892,896,4,0,2,35627418
6,345261,893,896,3,0,2,35627481
6,345612,891,896,5,0,2,34785612
6,345621,891,896,5,0,2,34785621
6,346125,894,896,2,0,2,56348127
6,346152,895,896,1,0,2,56348172
6,346215,894,896,2,0,2,56348217
6,346251,895,896,1,0,2,56348271
6,346512,892,896,4,0,2,34658712
6,346521,892,896,4,0,2,34658721
6,351246,894,896,2,0,2,35172468
6,351264,895,896,1,0,2,57341286
6,351426,895,896,1,0,2,57361428
6,351462,896,896,0,0,1,12573684
6,351624,895,896,1,0,2,35172846
6,351642,896,896,0,0,1,12573864
6,352146,895,896,1,0,2,57214368
6,352164,895,896,1,0,2,57214386
6,352416,894,896,2,0,2,35274618
6,352461,894,896,2,0,2,35274681
6,352614,896,896,0,0,1,12574836
6,352641,895,896,1,0,2,35274861
6,354126,893,896,3,0,2,35476128
6,354162,894,896,2,0,2,35476182
6,354216,893,896,3,0,2,35476218
6,354261,894,896,2,0,2,35476281
6,354612,892,896,4,0,2,35476812
6,354621,892,896,4,0,2,35476821
6,356124,893,896,3,0,2,35718246
6,356142,895,896,1,0,2,37856142
6,356214,894,896,2,0,2,37856214
6,356241,894,896,2,0,2,35728461
6,356412,893,896,3,0,2,35748612
6,356421,893,896,3,0,2,35748621
6,361245,894,896,2,0,2,38126745
6,361254,894,896,2,0,2,38125476
6,361425,896,896,0,0,1,12583647
6,361452,895,896,1,0,2,38167452
6,361524,896,896,0,0,1,12583746
6,361542,894,896,2,0,2,38154762
6,362145,894,896,2,0,2,38216745
6,362154,894,896,2,0,2,38215476
6,362415,896,896,0,0,1,12584637
6,362451,895,896,1,0,2,38267451
6,362514,895,896,1,0,2,58372614
6,362541,894,896,2,0,2,38254761
6,364125,895,896,1,0,2,58634127
6,364152,896,896,0,0,1,12586374
6,364215,895,896,1,0,2,58621437
6,364251,896,896,0,0,1,12586473
6,364512,893,896,3,0,2,36485712
6,364521,893,896,3,0,2,36485721
6,365124,894,896,2,0,2,36587124
6,365142,895,896,1,0,2,36587142
6,365214,894,896,2,0,2,36587214
6,365241,895,896,1,0,2,36587241
6,365412,892,896,4,0,2,36587412
6,365421,892,896,4,0,2,36587421
6,412356,892,896,4,0,2,41237856
6,412365,892,896,4,0,2,41236587
6,412536,895,896,1,0,2,63412758
6,412563,894,896,2,0,2,41278563
6,412635,895,896,1,0,2,63412857
6,412653,894,896,2,0,2,41265873
6,413256,893,896,3,0,2,41327856
6,413265,893,896,3,0,2,41326587
6,413526,896,896,0,0,1,12635748
6,413562,895,896,1,0,2,41378562
6,413625,896,896,0,0,1,12635847
6,413652,895,896,1,0,2,41365872
6,415236,894,896,2,0,2,41627358
6,415263,895,896,1,0,2,41627385
6,415326,895,896,1,0,2,61732548
6,415362,896,896,0,0,1,12637584
6,415623,894,896,2,0,2,41785623
6,415632,894,896,2,0,2,41785632
6,416235,894,896,2,0,2,41628357
6,416253,896,896,0,0,1,12638475
6,416325,895,896,1,0,2,61832547
6,416352,896,896,0,0,1,12638574
6,416523,894,896,2,0,2,41658723
6,416532,894,896,2,0,2,41658732
6,421356,893,896,3,0,2,42137856
6,421365,893,896,3,0,2,42136587
6,421536,894,896,2,0,2,62143758
6,421563,894,896,2,0,2,42178563
6,421635,895,896,1,0,2,62143857
6,421653,893,896,3,0,2,42165873
6,423156,892,896,4,0,2,42317856
6,423165,892,896,4,0,2,42316587
6,423516,894,896,2,0,2,42635718
6,423561,893,896,3,0,2,42378561
6,423615,894,896,2,0,2,42635817
6,423651,893,896,3,0,2,42365871
6,425136,895,896,1,0,2,64725138
6,425163,896,896,0,0,1,12647385
6,425316,894,896,2,0,2,42637518
6,425361,894,896,2,0,2,42637581
6,425613,895,896,1,0,2,42785613
6,425631,895,896,1,0,2,42785631
6,426135,896,896,0,0,1,12648357
6,426153,895,896,1,0,2,64827153
6,426315,896,896,0,0,1,12648537
6,426351,895,896,1,0,2,42638571
6,426513,895,896,1,0,2,42658713
6,426531,894,896,2,0,2,42658731
6,431256,892,896,4,0,2,43127856
6,431265,892,896,4,0,2,43126587
6,431526,895,896,1,0,2,43651728
6,431562,894,896,2,0,2,43178562
6,431625,895,896,1,0,2,43651827
6,431652,894,896,2,0,2,43165872
6,432156,891,896,5,0,2,43217856
6,432165,891,896,5,0,2,43216587
6,432516,893,896,3,0,2,43652718
6,432561,892,896,4,0,2,43278561
6,432615,893,896,3,0,2,43652817
6,432651,892,896,4,0,2,43265871
6,435126,893,896,3,0,2,43657128
6,435162,894,896,2,0,2,43657182
6,435216,893,896,3,0,2,43657218
6,435261,894,896,2,0,2,43657281
6,435612,892,896,4,0,2,43657812
6,435621,892,896,4,0,2,43657821
6,436125,894,896,2,0,2,43658127
6,436152,895,896,1,0,2,43658172
6,436215,894,896,2,0,2,43658217
6,436251,894,896,2,0,2,43658271
6,436512,892,896,5,0,3,43658712
6,436521,892,896,5,0,3,43658721
6,451236,892,896,4,0,2,46172358
6,451263,894,896,2,0,2,67341285
6,451326,893,896,3,0,2,67132548
6,451362,895,896,1,0,2,67451382
6,451623,893,896,3,0,2,46172835
6,451632,894,896,2,0,2,67183254
6,452136,893,896,3,0,2,67214358
6,452163,894,896,2,0,2,67214385
6,452316,892,896,5,0,3,67452318
6,452361,893,896,4,0,3,67452381
6,452613,895,896,1,0,2,67452813
6,452631,894,896,2,0,2,46273851
6,453126,892,896,4,0,2,46375128
6,453162,894,896,2,0,2,46375182
6,453216,892,896,4,0,2,46375218
6,453261,893,896,3,0,2,46375281
6,453612,893,896,3,0,2,46375812
6,453621,893,896,3,0,2,46375821
6,456123,891,896,5,0,2,46718235
6,456132,892,896,4,0,2,47856132
6,456213,892,896,4,0,2,47856213
6,456231,891,896,5,0,2,46728351
6,456312,891,896,5,0,2,46738512
6,456321,891,896,5,0,2,46738521
6,461235,893,896,3,0,2,46182357
6,461253,895,896,1,0,2,68341275
6,461325,894,896,2,0,2,68132547
6,461352,896,896,0,0,1,12683574
6,461523,895,896,1,0,2,68174523
6,461532,895,896,1,0,2,68173254
6,462135,894,896,2,0,2,68214357
6,462153,895,896,1,0,2,68214375
6,462315,894,896,2,0,2,68241537
6,462351,894,896,2,0,2,46283571
6,462513,895,896,1,0,2,68472513
6,462531,895,896,1,0,2,68472531
6,463125,894,896,2,0,2,68315247
6,463152,896,896,0,0,1,12685374
6,463215,894,896,2,0,2,68325417
6,463251,895,896,1,0,2,68325471
6,463512,893,896,3,0,2,46385712
6,463521,893,896,3,0,2,46385721
6,465123,892,896,4,0,2,46587123
6,465132,892,896,4,0,2,46587132
6,465213,892,896,4,0,2,46587213
6,465231,892,896,4,0,2,46587231
6,465312,892,896,4,0,2,46587312
6,465321,892,896,4,0,2,46587321
6,512346,892,896,4,0,2,51723468
6,512364,894,896,2,0,2,71452386
6,512436,893,896,3,0,2,71243658
6,512463,895,896,1,0,2,73412685
6,512634,894,896,2,0,2,71285634
6,512643,894,896,2,0,2,71284365
6,513246,893,896,3,0,2,71325468
6,513264,894,896,2,0,2,71325486
6,513426,894,896,2,0,2,71352648
6,513462,895,896,1,0,2,71563482
6,513624,896,896,0,0,1,12735846
6,513642,896,896,0,0,1,12735864
6,514236,894,896,2,0,2,71426358
6,514263,896,896,0,0,1,12736485
6,514326,893,896,3,0,2,71436528
6,514362,895,896,1,0,2,71436582
6,514623,895,896,1,0,2,71684523
6,514632,895,896,1,0,2,71683254
6,516234,893,896,3,0,2,51728346
6,516243,894,896,2,0,2,71824365
6,516324,894,896,2,0,2,71832546
6,516342,894,896,2,0,2,71835264
6,516423,894,896,2,0,2,71842635
6,516432,894,896,2,0,2,71843652
6,521346,893,896,3,0,2,72143568
6,521364,894,896,2,0,2,72143586
6,521436,893,896,4,0,3,72143658
6,521463,895,896,1,0,2,72143685
6,521634,894,896,2,0,2,72143856
6,521643,894,896,2,0,2,72143865
6,523146,894,896,2,0,2,72415368
6,523164,894,896,2,0,2,72415386
6,523416,892,896,4,0,2,52734618
6,523461,893,896,3,0,2,52734681
6,523614,895,896,1,0,2,74523816
6,523641,895,896,1,0,2,74523861
6,524136,894,896,2,0,2,72416358
6,524163,896,896,0,0,1,12746385
6,524316,894,896,2,0,2,72436518
6,524361,894,896,2,0,2,72436581
6,524613,896,896,0,0,1,12746835
6,524631,896,896,0,0,1,12746853
6,526134,895,896,1,0,2,72815634
6,526143,895,896,1,0,2,72814365
6,526314,896,896,0,0,1,12748536
6,526341,894,896,2,0,2,52738461
6,526413,896,896,0,0,1,12748635
6,526431,895,896,1,0,2,72843651
6,531246,894,896,2,0,2,73152468
6,531264,894,896,2,0,2,73152486
6,531426,894,896,2,0,2,73152648
6,531462,896,896,0,0,1,12753684
6,531624,896,896,0,0,1,12753846
6,531642,895,896,1,0,2,75381642
6,532146,893,896,3,0,2,73254168
6,532164,893,896,3,0,2,73254186
6,532416,894,896,2,0,2,73254618
6,532461,894,896,2,0,2,73254681
6,532614,894,896,2,0,2,73254816
6,532641,894,896,2,0,2,73254861
6,534126,892,896,5,0,3,75634128
6,534162,894,896,2,0,2,53746182
6,534216,892,896,4,0,2,53746218
6,534261,893,896,3,0,2,53746281
6,534612,893,896,3,0,2,53746812
6,534621,893,896,3,0,2,53746821
6,536124,895,896,1,0,2,75834126
6,536142,895,896,1,0,2,75836142
6,536214,895,896,1,0,2,75821436
6,536241,895,896,1,0,2,75836241
6,536412,893,896,3,0,2,53748612
6,536421,893,896,3,0,2,53748621
6,541236,892,896,4,0,2,54761238
6,541263,894,896,2,0,2,54761283
6,541326,893,896,3,0,2,54761328
6,541362,895,896,1,0,2,54761382
6,541623,894,896,2,0,2,54761823
6,541632,894,896,2,0,2,54761832
6,542136,893,896,3,0,2,54762138
6,542163,894,896,2,0,2,54762183
6,542316,892,896,4,0,2,54762318
6,542361,893,896,3,0,2,54762381
6,542613,895,896,1,0,2,54762813
6,542631,895,896,1,0,2,54762831
6,543126,892,896,4,0,2,54763128
6,543162,894,896,2,0,2,54763182
6,543216,891,896,5,0,2,54763218
6,543261,892,896,4,0,2,54763281
6,543612,892,896,4,0,2,54763812
6,543621,892,896,4,0,2,54763821
6,546123,892,896,4,0,2,54768123
6,546132,892,896,4,0,2,54768132
6,546213,892,896,4,0,2,54768213
6,546231,892,896,4,0,2,54768231
6,546312,892,896,4,0,2,54768312
6,546321,892,896,4,0,2,54768321
6,561234,891,896,5,0,2,57182346
6,561243,892,896,4,0,2,78124365
6,561324,892,896,4,0,2,78132546
6,561342,893,896,3,0,2,78135264
6,561423,893,896,3,0,2,78142635
6,561432,892,896,4,0,2,78143652
6,562134,892,896,4,0,2,78214356
6,562143,892,896,5,0,3,78214365
6,562314,893,896,3,0,2,78241536
6,562341,891,896,5,0,2,57283461
6,562413,893,896,3,0,2,78241635
6,562431,893,896,3,0,2,78243651
6,563124,893,896,3,0,2,78315246
6,563142,893,896,3,0,2,78315264
6,563214,892,896,4,0,2,78325416
6,563241,893,896,3,0,2,78325461
6,563412,891,896,8,0,4,78563412
6,563421,891,896,6,0,3,78563421
6,564123,891,896,5,0,2,57486123
6,564132,892,896,4,0,2,57486132
6,564213,892,896,4,0,2,57486213
6,564231,891,896,5,0,2,57486231
6,564312,891,896,5,0,2,57486312
6,564321,891,896,5,0,2,57486321
6,612345,891,896,5,0,2,61823457
6,612354,892,896,4,0,2,81235476
6,612435,892,896,4,0,2,81243657
6,612453,893,896,3,0,2,81246375
6,612534,893,896,3,0,2,81253746
6,612543,892,896,4,0,2,81254763
6,613245,892,896,4,0,2,81325467
6,613254,892,896,5,0,3,81325476
6,613425,894,896,2,0,2,81352647
6,613452,893,896,3,0,2,81356274
6,613524,894,896,2,0,2,81352746
6,613542,894,896,2,0,2,81354762
6,614235,894,896,2,0,2,81426357
6,614253,894,896,2,0,2,81426375
6,614325,892,896,4,0,2,81436527
6,614352,894,896,2,0,2,81436572
6,614523,893,896,4,0,3,81674523
6,614532,893,896,3,0,2,81463752
6,615234,893,896,3,0,2,81527346
6,615243,894,896,2,0,2,81724365
6,615324,894,896,2,0,2,81732546
6,615342,893,896,3,0,2,81537462
6,615423,893,896,3,0,2,81547623
6,615432,892,896,4,0,2,81547632
6,621345,892,896,4,0,2,82136745
6,621354,892,896,4,0,2,82135476
6,621435,892,896,5,0,3,82143657
6,621453,893,896,3,0,2,82143675
6,621534,893,896,3,0,2,82143756
6,621543,892,896,4,0,2,82143765
6,623145,893,896,3,0,2,82316745
6,623154,893,896,3,0,2,82315476
6,623415,893,896,3,0,2,82451637
6,623451,891,896,5,0,2,62834571
6,623514,895,896,1,0,2,84523716
6,623541,893,896,3,0,2,82354761
6,624135,894,896,2,0,2,82416357
6,624153,895,896,1,0,2,82416375
6,624315,894,896,2,0,2,82436517
6,624351,893,896,3,0,2,82436571
6,624513,894,896,2,0,2,82461735
6,624531,894,896,2,0,2,82463751
6,625134,895,896,1,0,2,82715634
6,625143,894,896,2,0,2,82714365
6,625314,896,896,0,0,1,12847536
6,625341,894,896,2,0,2,82537461
6,625413,895,896,1,0,2,82547613
6,625431,893,896,3,0,2,82547631
6,631245,893,896,3,0,2,83126745
6,631254,893,896,3,0,2,83125476
6,631425,894,896,2,0,2,83152647
6,631452,895,896,1,0,2,83167452
6,631524,895,896,1,0,2,83152746
6,631542,894,896,2,0,2,83154762
6,632145,892,896,4,0,2,83216745
6,632154,892,896,4,0,2,83215476
6,632415,894,896,2,0,2,83254617
6,632451,893,896,3,0,2,83254671
6,632514,894,896,2,0,2,83254716
6,632541,893,896,4,0,3,83254761
6,634125,893,896,4,0,3,85634127
6,634152,894,896,2,0,2,83516274
6,634215,893,896,3,0,2,83526417
6,634251,894,896,2,0,2,83526471
6,634512,891,896,5,0,2,63845712
6,634521,891,896,5,0,2,63845721
6,635124,894,896,2,0,2,83517246
6,635142,895,896,1,0,2,85736142
6,635214,895,896,1,0,2,85721436
6,635241,894,896,2,0,2,83527461
6,635412,893,896,3,0,2,83547612
6,635421,893,896,3,0,2,83547621
6,641235,893,896,3,0,2,84162357
6,641253,895,896,1,0,2,86341275
6,641325,894,896,2,0,2,86132547
6,641352,896,896,0,0,1,12863574
6,641523,894,896,2,0,2,84162735
6,641532,895,896,1,0,2,86173254
6,642135,894,896,2,0,2,86214357
6,642153,894,896,2,0,2,86214375
6,642315,893,896,3,0,2,84263517
6,642351,894,896,2,0,2,84263571
6,642513,895,896,1,0,2,86472513
6,642531,894,896,2,0,2,84263751
6,643125,893,896,3,0,2,84365127
6,643152,895,896,1,0,2,84365172
6,643215,892,896,4,0,2,84365217
6,643251,893,896,3,0,2,84365271
6,643512,893,896,3,0,2,84365712
6,643521,893,896,3,0,2,84365721
6,645123,891,896,5,0,2,64857123
6,645132,892,896,4,0,2,64857132
6,645213,892,896,4,0,2,64857213
6,645231,891,896,6,0,3,86745231
6,645312,891,896,5,0,2,64857312
6,645321,891,896,5,0,2,64857321
6,651234,891,896,5,0,2,65871234
6,651243,892,896,4,0,2,65871243
6,651324,892,896,4,0,2,65871324
6,651342,893,896,3,0,2,65871342
6,651423,893,896,3,0,2,65871423
6,651432,892,896,4,0,2,65871432
6,652134,892,896,4,0,2,65872134
6,652143,892,896,5,0,3,87214365
6,652314,893,896,3,0,2,65872314
6,652341,891,896,5,0,2,65872341
6,652413,893,896,3,0,2,65872413
6,652431,893,896,3,0,2,65872431
6,653124,893,896,3,0,2,65873124
6,653142,893,896,3,0,2,65873142
6,653214,892,896,4,0,2,65873214
6,653241,893,896,3,0,2,65873241
6,653412,891,896,6,0,3,87563412
6,653421,891,896,5,0,2,65873421
6,654123,891,896,5,0,2,65874123
6,654132,892,896,4,0,2,65874132
6,654213,892,896,4,0,2,65874213
6,654231,891,896,5,0,2,65874231
6,654312,891,896,5,0,2,65874312
6,654321,891,896,5,0,2,65874321
7,1234567,1578,1584,6,0,2,123458967
7,1234576,1578,1584,6,0,2,123457698
7,1234657,1578,1584,6,0,2,123465879
7,1234675,1579,1584,5,0,2,123468597
7,1234756,1579,1584,5,0,2,123475968
7,1234765,1578,1584,6,0,2,123476985
7,1235467,1578,1584,6,0,2,123547689
7,1235476,1578,1584,7,0,3,123547698
7,1235647,1580,1584,4,0,2,123574869
7,1235674,1579,1584,5,0,2,123578496
7,1235746,1580,1584,4,0,2,123574968
7,1235764,1580,1584,4,0,2,123576984
7,1236457,1580,1584,4,0,2,123648579
7,1236475,1580,1584,4,0,2,123648597
7,1236547,1578,1584,6,0,2,123658749
7,1236574,1580,1584,4,0,2,123658794
7,1236745,1579,1584,6,0,3,123896745
7,1236754,1579,1584,5,0,2,123685974
7,1237456,1579,1584,5,0,2,123749568
7,1237465,1580,1584,4,0,2,123946587
7,1237546,1580,1584,4,0,2,123954768
7,1237564,1579,1584,5,0,2,123759684
7,1237645,1579,1584,5,0,2,123769845
7,1237654,1578,1584,6,0,2,123769854
7,1243567,1578,1584,6,0,2,124358967
7,1243576,1578,1584,6,0,2,124357698
7,1243657,1578,1584,7,0,3,124365879
7,1243675,1579,1584,5,0,2,124365897
7,1243756,1579,1584,5,0,2,124365978
7,1243765,1578,1584,6,0,2,124365987
7,1245367,1580,1584,4,0,2,124538967
7,1245376,1580,1584,4,0,2,124537698
7,1245637,1580,1584,4,0,2,124673859
7,1245673,1579,1584,5,0,2,124589673
7,1245736,1582,1584,2,0,2,126745938
7,1245763,1580,1584,4,0,2,124576983
7,1246357,1581,1584,3,0,2,124638579
7,1246375,1582,1584,2,0,2,124638597
7,1246537,1581,1584,3,0,2,124658739
7,1246573,1580,1584,4,0,2,124658793
7,1246735,1581,1584,3,0,2,124683957
7,1246753,1581,1584,3,0,2,124685973
7,1247356,1582,1584,2,0,2,124937856
7,1247365,1581,1584,3,0,2,124936587
7,1247536,1583,1584,1,0,2,341269758
7,1247563,1581,1584,3,0,2,124759683
7,1247635,1582,1584,2,0,2,124769835
7,1247653,1580,1584,4,0,2,124769853
7,1253467,1580,1584,4,0,2,125348967
7,1253476,1580,1584,4,0,2,125347698
7,1253647,1581,1584,3,0,2,125374869
7,1253674,1582,1584,2,0,2,125389674
7,1253746,1582,1584,2,0,2,125374968
7,1253764,1581,1584,3,0,2,125376984
7,1254367,1578,1584,6,0,2,125438967
7,1254376,1578,1584,6,0,2,125437698
7,1254637,1581,1584,3,0,2,125476839
7,1254673,1580,1584,4,0,2,125476893
7,1254736,1581,1584,3,0,2,125476938
7,1254763,1580,1584,5,0,3,125476983
7,1256347,1580,1584,5,0,3,127856349
7,1256374,1581,1584,3,0,2,125738496
7,1256437,1580,1584,4,0,2,125748639
7,1256473,1581,1584,3,0,2,125748693
7,1256734,1579,1584,5,0,2,125783946
7,1256743,1579,1584,5,0,2,125784963
7,1257346,1581,1584,3,0,2,125739468
7,1257364,1582,1584,2,0,2,127958364
7,1257436,1582,1584,2,0,2,127943658
7,1257463,1581,1584,3,0,2,125749683
7,1257634,1580,1584,4,0,2,125769834
7,1257643,1580,1584,4,0,2,125769843
7,1263457,1580,1584,4,0,2,126384579
7,1263475,1582,1584,2,0,2,128563497
7,1263547,1581,1584,3,0,2,128354769
7,1263574,1583,1584,1,0,2,341285796
7,1263745,1581,1584,3,0,2,126384957
7,1263754,1582,1584,2,0,2,128395476
7,1264357,1581,1584,3,0,2,128436579
7,1264375,1581,1584,3,0,2,128436597
7,1264537,1580,1584,4,0,2,126485739
7,1264573,1581,1584,3,0,2,126485793
7,1264735,1582,1584,2,0,2,128694735
7,1264753,1581,1584,3,0,2,126485973
7,1265347,1580,1584,4,0,2,126587349
7,1265374,1582,1584,2,0,2,126587394
7,1265437,1578,1584,6,0,2,126587439
7,1265473,1580,1584,4,0,2,126587493
7,1265734,1580,1584,4,0,2,126587934
7,1265743,1580,1584,4,0,2,126587943
7,1267345,1579,1584,5,0,2,126839457
7,1267354,1580,1584,4,0,2,128935476
7,1267435,1580,1584,4,0,2,128943657
7,1267453,1579,1584,6,0,3,128967453
7,1267534,1579,1584,5,0,2,126859734
7,1267543,1579,1584,5,0,2,126859743
7,1273456,1579,1584,5,0,2,127394568
7,1273465,1580,1584,4,0,2,129346587
7,1273546,1580,1584,4,0,2,129354768
7,1273564,1581,1584,3,0,2,129357486
7,1273645,1581,1584,3,0,2,129364857
7,1273654,1580,1584,4,0,2,129365874
7,1274356,1580,1584,4,0,2,129436578
7,1274365,1580,1584,5,0,3,129436587
7,1274536,1581,1584,3,0,2,129463758
7,1274563,1579,1584,5,0,2,127495683
7,1274635,1581,1584,3,0,2,129463857
7,1274653,1581,1584,3,0,2,129465873
7,1275346,1581,1584,3,0,2,129537468
7,1275364,1581,1584,3,0,2,129537486
7,1275436,1580,1584,4,0,2,129547638
7,1275463,1581,1584,3,0,2,129547683
7,1275634,1579,1584,6,0,3,129785634
7,1275643,1579,1584,5,0,2,127596843
7,1276345,1579,1584,5,0,2,127698345
7,1276354,1580,1584,4,0,2,127698354
7,1276435,1580,1584,4,0,2,127698435
7,1276453,1579,1584,5,0,2,127698453
7,1276534,1579,1584,5,0,2,127698534
7,1276543,1578,1584,6,0,2,127698543
7,1324567,1578,1584,6,0,2,132458967
7,1324576,1578,1584,6,0,2,132457698
7,1324657,1578,1584,6,0,2,132465879
7,1324675,1579,1584,5,0,2,132468597
7,1324756,1579,1584,5,0,2,132475968
7,1324765,1578,1584,6,0,2,132476985
7,1325467,1578,1584,7,0,3,132547689
7,1325476,1578,1584,9,0,4,132547698
7,1325647,1580,1584,4,0,2,132547869
7,1325674,1579,1584,5,0,2,132547896
7,1325746,1580,1584,4,0,2,132547968
7,1325764,1580,1584,4,0,2,132547986
7,1326457,1580,1584,4,0,2,132548679
7,1326475,1580,1584,4,0,2,132548697
7,1326547,1578,1584,6,0,2,132548769
7,1326574,1580,1584,4,0,2,132548796
7,1326745,1579,1584,6,0,3,132896745
7,1326754,1579,1584,5,0,2,132548976
7,1327456,1579,1584,5,0,2,132549678
7,1327465,1580,1584,4,0,2,132549687
7,1327546,1580,1584,4,0,2,132549768
7,1327564,1579,1584,5,0,2,132549786
7,1327645,1579,1584,5,0,2,132549867
7,1327654,1578,1584,6,0,2,132549876
7,1342567,1580,1584,4,0,2,134258967
7,1342576,1580,1584,4,0,2,134257698
7,1342657,1580,1584,4,0,2,134265879
7,1342675,1580,1584,4,0,2,134268597
7,1342756,1580,1584,4,0,2,134275968
7,1342765,1580,1584,4,0,2,134276985
7,1345267,1580,1584,4,0,2,134528967
7,1345276,1580,1584,4,0,2,134527698
7,1345627,1580,1584,4,0,2,134785629
7,1345672,1579,1584,5,0,2,134589672
7,1345726,1582,1584,2,0,2,136745928
7,1345762,1580,1584,4,0,2,134576982
7,1346257,1583,1584,1,0,2,156348279
7,1346275,1583,1584,1,0,2,156348297
7,1346527,1581,1584,3,0,2,134658729
7,1346572,1580,1584,4,0,2,134658792
7,1346725,1582,1584,2,0,2,134896725
7,1346752,1581,1584,3,0,2,134685972
7,1347256,1582,1584,2,0,2,134927856
7,1347265,1582,1584,2,0,2,134926587
7,1347526,1583,1584,1,0,2,156349728
7,1347562,1581,1584,3,0,2,134759682
7,1347625,1582,1584,2,0,2,134769825
7,1347652,1580,1584,4,0,2,134769852
7,1352467,1581,1584,3,0,2,135248967
7,1352476,1581,1584,3,0,2,135247698
7,1352647,1583,1584,1,0,2,135274869
7,1352674,1583,1584,1,0,2,135289674
7,1352746,1583,1584,1,0,2,135274968
7,1352764,1583,1584,1,0,2,135276984
7,1354267,1581,1584,3,0,2,135428967
7,1354276,1581,1584,3,0,2,135427698
7,1354627,1581,1584,3,0,2,135476829
7,1354672,1580,1584,4,0,2,135476892
7,1354726,1582,1584,2,0,2,135476928
7,1354762,1580,1584,5,0,3,135476982
7,1356247,1582,1584,2,0,2,135728469
7,1356274,1582,1584,2,0,2,135728496
7,1356427,1582,1584,2,0,2,135748629
7,1356472,1582,1584,2,0,2,135748692
7,1356724,1581,1584,3,0,2,135782946
7,1356742,1581,1584,3,0,2,135784962
7,1357246,1583,1584,1,0,2,135729468
7,1357264,1584,1584,0,0,1,123579486
7,1357426,1584,1584,0,0,1,123579648
7,1357462,1582,1584,2,0,2,135749682
7,1357624,1582,1584,2,0,2,135769824
7,1357642,1582,1584,2,0,2,135769842
7,1362457,1583,1584,1,0,2,138267459
7,1362475,1584,1584,0,0,1,123584697
7,1362547,1582,1584,2,0,2,138254769
7,1362574,1584,1584,0,0,1,123584796
7,1362745,1583,1584,1,0,2,138296745
7,1362754,1583,1584,1,0,2,138295476
7,1364257,1584,1584,0,0,1,123586479
7,1364275,1584,1584,0,0,1,123586497
7,1364527,1582,1584,2,0,2,136485729
7,1364572,1582,1584,2,0,2,136485792
7,1364725,1584,1584,0,0,1,123586947
7,1364752,1582,1584,2,0,2,136485972
7,1365247,1583,1584,1,0,2,136587249
7,1365274,1583,1584,1,0,2,136587294
7,1365427,1581,1584,3,0,2,136587429
7,1365472,1580,1584,4,0,2,136587492
7,1365724,1582,1584,2,0,2,136587924
7,1365742,1582,1584,2,0,2,136587942
7,1367245,1582,1584,2,0,2,138926745
7,1367254,1582,1584,2,0,2,138925476
7,1367425,1583,1584,1,0,2,138967425
7,1367452,1581,1584,4,0,3,138967452
7,1367524,1582,1584,2,0,2,136859724
7,1367542,1581,1584,3,0,2,136859742
7,1372456,1582,1584,2,0,2,139247856
7,1372465,1582,1584,2,0,2,139246587
7,1372546,1582,1584,2,0,2,139254768
7,1372564,1582,1584,2,0,2,139257486
7,1372645,1582,1584,2,0,2,139264857
7,1372654,1581,1584,3,0,2,139265874
7,1374256,1583,1584,1,0,2,139427856
7,1374265,1583,1584,1,0,2,139426587
7,1374526,1583,1584,1,0,2,139674528
7,1374562,1581,1584,3,0,2,137495682
7,1374625,1584,1584,0,0,1,123596847
7,1374652,1582,1584,2,0,2,139465872
7,1375246,1584,1584,0,0,1,123597468
7,1375264,1584,1584,0,0,1,123597486
7,1375426,1583,1584,1,0,2,139547628
7,1375462,1582,1584,2,0,2,139547682
7,1375624,1582,1584,2,0,2,137596824
7,1375642,1581,1584,3,0,2,137596842
7,1376245,1582,1584,2,0,2,137698245
7,1376254,1582,1584,2,0,2,137698254
7,1376425,1583,1584,1,0,2,137698425
7,1376452,1581,1584,3,0,2,137698452
7,1376524,1582,1584,2,0,2,137698524
7,1376542,1580,1584,4,0,2,137698542
7,1423567,1580,1584,4,0,2,142358967
7,1423576,1580,1584,4,0,2,142357698
7,1423657,1580,1584,4,0,2,142365879
7,1423675,1580,1584,4,0,2,142368597
7,1423756,1580,1584,4,0,2,142375968
7,1423765,1580,1584,4,0,2,142376985
7,1425367,1581,1584,3,0,2,142538967
7,1425376,1581,1584,3,0,2,142537698
7,1425637,1583,1584,1,0,2,142785639
7,1425673,1582,1584,2,0,2,142589673
7,1425736,1584,1584,0,0,1,123647958
7,1425763,1582,1584,2,0,2,142576983
7,1426357,1583,1584,1,0,2,142638579
7,1426375,1583,1584,1,0,2,142638597
7,1426537,1582,1584,2,0,2,142658739
7,1426573,1582,1584,2,0,2,142658793
7,1426735,1583,1584,1,0,2,142896735
7,1426753,1582,1584,2,0,2,142685973
7,1427356,1583,1584,1,0,2,142937856
7,1427365,1583,1584,1,0,2,142936587
7,1427536,1584,1584,0,0,1,123649758
7,1427563,1582,1584,2,0,2,142759683
7,1427635,1583,1584,1,0,2,142769835
7,1427653,1581,1584,3,0,2,142769853
7,1432567,1578,1584,6,0,2,143258967
7,1432576,1578,1584,6,0,2,143257698
7,1432657,1578,1584,6,0,2,143265879
7,1432675,1579,1584,5,0,2,143268597
7,1432756,1579,1584,5,0,2,143275968
7,1432765,1578,1584,6,0,2,143276985
7,1435267,1581,1584,3,0,2,143528967
7,1435276,1581,1584,3,0,2,143527698
7,1435627,1581,1584,3,0,2,143657829
7,1435672,1580,1584,4,0,2,143589672
7,1435726,1582,1584,2,0,2,143657928
7,1435762,1580,1584,4,0,2,143576982
7,1436257,1582,1584,2,0,2,143658279
7,1436275,1583,1584,1,0,2,143658297
7,1436527,1581,1584,4,0,3,143658729
7,1436572,1580,1584,5,0,3,143658792
7,1436725,1582,1584,2,0,2,143658927
7,1436752,1581,1584,3,0,2,143658972
7,1437256,1582,1584,2,0,2,143659278
7,1437265,1581,1584,3,0,2,143659287
7,1437526,1583,1584,1,0,2,143659728
7,1437562,1581,1584,3,0,2,143659782
7,1437625,1582,1584,2,0,2,143659827
7,1437652,1580,1584,4,0,2,143659872
7,1452367,1580,1584,5,0,3,167452389
7,1452376,1580,1584,5,0,3,167452398
7,1452637,1582,1584,2,0,2,146273859
7,1452673,1582,1584,2,0,2,145289673
7,1452736,1583,1584,1,0,2,167452938
7,1452763,1582,1584,2,0,2,145276983
7,1453267,1580,1584,4,0,2,145328967
7,1453276,1580,1584,4,0,2,145327698
7,1453627,1582,1584,2,0,2,146375829
7,1453672,1581,1584,3,0,2,145389672
7,1453726,1582,1584,2,0,2,146375928
7,1453762,1581,1584,3,0,2,145376982
7,1456237,1580,1584,4,0,2,146728359
7,1456273,1581,1584,3,0,2,146728395
7,1456327,1580,1584,4,0,2,146738529
7,1456372,1581,1584,3,0,2,146738592
7,1456723,1579,1584,5,0,2,145896723
7,1456732,1579,1584,5,0,2,145896732
7,1457236,1582,1584,2,0,2,167459238
7,1457263,1583,1584,1,0,2,167459283
7,1457326,1582,1584,2,0,2,167459328
7,1457362,1583,1584,1,0,2,167459382
7,1457623,1580,1584,4,0,2,145769823
7,1457632,1580,1584,4,0,2,145769832
7,1462357,1582,1584,2,0,2,146283579
7,1462375,1583,1584,1,0,2,168452397
7,1462537,1583,1584,1,0,2,168472539
7,1462573,1584,1584,0,0,1,123684795
7,1462735,1583,1584,1,0,2,146283957
7,1462753,1584,1584,0,0,1,123684975
7,1463257,1583,1584,1,0,2,168325479
7,1463275,1583,1584,1,0,2,168325497
7,1463527,1582,1584,2,0,2,146385729
7,1463572,1582,1584,2,0,2,146385792
7,1463725,1584,1584,0,0,1,123685947
7,1463752,1583,1584,1,0,2,146385972
7,1465237,1581,1584,3,0,2,146587239
7,1465273,1582,1584,2,0,2,146587293
7,1465327,1581,1584,3,0,2,146587329
7,1465372,1582,1584,2,0,2,146587392
7,1465723,1580,1584,4,0,2,146587923
7,1465732,1580,1584,4,0,2,146587932
7,1467235,1581,1584,3,0,2,146829357
7,1467253,1583,1584,1,0,2,148967253
7,1467325,1582,1584,2,0,2,148967325
7,1467352,1582,1584,2,0,2,146839572
7,1467523,1581,1584,3,0,2,146859723
7,1467532,1581,1584,3,0,2,146859732
7,1472356,1582,1584,2,0,2,149237856
7,1472365,1582,1584,2,0,2,149236587
7,1472536,1584,1584,0,0,1,123694758
7,1472563,1583,1584,1,0,2,149278563
7,1472635,1584,1584,0,0,1,123694857
7,1472653,1582,1584,2,0,2,149265873
7,1473256,1582,1584,2,0,2,149327856
7,1473265,1582,1584,2,0,2,149326587
7,1473526,1584,1584,0,0,1,123695748
7,1473562,1583,1584,1,0,2,149378562
7,1473625,1583,1584,1,0,2,169483725
7,1473652,1582,1584,2,0,2,149365872
7,1475236,1583,1584,1,0,2,169745238
7,1475263,1584,1584,0,0,1,123697485
7,1475326,1583,1584,1,0,2,169732548
7,1475362,1584,1584,0,0,1,123697584
7,1475623,1581,1584,3,0,2,147596823
7,1475632,1581,1584,3,0,2,147596832
7,1476235,1582,1584,2,0,2,147698235
7,1476253,1583,1584,1,0,2,147698253
7,1476325,1582,1584,2,0,2,147698325
7,1476352,1583,1584,1,0,2,147698352
7,1476523,1580,1584,4,0,2,147698523
7,1476532,1580,1584,4,0,2,147698532
7,1523467,1580,1584,4,0,2,152348967
7,1523476,1580,1584,4,0,2,152347698
7,1523647,1583,1584,1,0,2,174523869
7,1523674,1582,1584,2,0,2,152389674
7,1523746,1583,1584,1,0,2,174523968
7,1523764,1582,1584,2,0,2,152376984
7,1524367,1581,1584,3,0,2,152438967
7,1524376,1581,1584,3,0,2,152437698
7,1524637,1584,1584,0,0,1,123746859
7,1524673,1583,1584,1,0,2,152489673
7,1524736,1584,1584,0,0,1,123746958
7,1524763,1583,1584,1,0,2,152476983
7,1526347,1582,1584,2,0,2,152738469
7,1526374,1583,1584,1,0,2,152738496
7,1526437,1583,1584,1,0,2,172843659
7,1526473,1584,1584,0,0,1,123748695
7,1526734,1582,1584,2,0,2,152896734
7,1526743,1582,1584,2,0,2,152896743
7,1527346,1582,1584,2,0,2,152739468
7,1527364,1584,1584,0,0,1,123749586
7,1527436,1583,1584,1,0,2,172943658
7,1527463,1584,1584,0,0,1,123749685
7,1527634,1582,1584,2,0,2,152769834
7,1527643,1582,1584,2,0,2,152769843
7,1532467,1581,1584,3,0,2,153248967
7,1532476,1581,1584,3,0,2,153247698
7,1532647,1582,1584,2,0,2,173254869
7,1532674,1582,1584,2,0,2,153289674
7,1532746,1583,1584,1,0,2,173254968
7,1532764,1581,1584,3,0,2,153276984
7,1534267,1580,1584,4,0,2,153428967
7,1534276,1580,1584,4,0,2,153427698
7,1534627,1582,1584,2,0,2,153746829
7,1534672,1581,1584,3,0,2,153489672
7,1534726,1582,1584,2,0,2,153746928
7,1534762,1581,1584,3,0,2,153476982
7,1536247,1583,1584,1,0,2,175836249
7,1536274,1584,1584,0,0,1,123758496
7,1536427,1582,1584,2,0,2,153748629
7,1536472,1582,1584,2,0,2,153748692
7,1536724,1583,1584,1,0,2,153896724
7,1536742,1583,1584,1,0,2,153896742
7,1537246,1584,1584,0,0,1,123759468
7,1537264,1583,1584,1,0,2,175938264
7,1537426,1584,1584,0,0,1,123759648
7,1537462,1583,1584,1,0,2,153749682
7,1537624,1583,1584,1,0,2,153769824
7,1537642,1582,1584,2,0,2,153769842
7,1542367,1580,1584,4,0,2,154238967
7,1542376,1580,1584,4,0,2,154237698
7,1542637,1583,1584,1,0,2,154762839
7,1542673,1582,1584,2,0,2,154289673
7,1542736,1583,1584,1,0,2,154762938
7,1542763,1582,1584,2,0,2,154276983
7,1543267,1578,1584,6,0,2,154328967
7,1543276,1578,1584,6,0,2,154327698
7,1543627,1581,1584,3,0,2,154763829
7,1543672,1580,1584,4,0,2,154389672
7,1543726,1581,1584,3,0,2,154763928
7,1543762,1580,1584,4,0,2,154376982
7,1546237,1581,1584,3,0,2,154768239
7,1546273,1582,1584,2,0,2,154768293
7,1546327,1581,1584,3,0,2,154768329
7,1546372,1582,1584,2,0,2,154768392
7,1546723,1580,1584,4,0,2,154768923
7,1546732,1580,1584,4,0,2,154768932
7,1547236,1582,1584,2,0,2,154769238
7,1547263,1583,1584,1,0,2,154769283
7,1547326,1582,1584,2,0,2,154769328
7,1547362,1582,1584,2,0,2,154769382
7,1547623,1580,1584,5,0,3,154769823
7,1547632,1580,1584,5,0,3,154769832
7,1562347,1580,1584,4,0,2,157283469
7,1562374,1582,1584,2,0,2,178452396
7,1562437,1581,1584,3,0,2,178243659
7,1562473,1583,1584,1,0,2,178562493
7,1562734,1581,1584,3,0,2,157283946
7,1562743,1582,1584,2,0,2,178294365
7,1563247,1581,1584,3,0,2,178325469
7,1563274,1582,1584,2,0,2,178325496
7,1563427,1580,1584,5,0,3,178563429
7,1563472,1581,1584,4,0,3,178563492
7,1563724,1583,1584,1,0,2,178563924
7,1563742,1582,1584,2,0,2,157384962
7,1564237,1580,1584,4,0,2,157486239
7,1564273,1582,1584,2,0,2,157486293
7,1564327,1580,1584,4,0,2,157486329
7,1564372,1581,1584,3,0,2,157486392
7,1564723,1581,1584,3,0,2,157486923
7,1564732,1581,1584,3,0,2,157486932
7,1567234,1579,1584,5,0,2,157829346
7,1567243,1580,1584,4,0,2,158967243
7,1567324,1580,1584,4,0,2,158967324
7,1567342,1579,1584,5,0,2,157839462
7,1567423,1579,1584,5,0,2,157849623
7,1567432,1579,1584,5,0,2,157849632
7,1572346,1581,1584,3,0,2,157293468
7,1572364,1583,1584,1,0,2,179452386
7,1572436,1582,1584,2,0,2,179243658
7,1572463,1584,1584,0,0,1,123794685
7,1572634,1583,1584,1,0,2,179285634
7,1572643,1583,1584,1,0,2,179284365
7,1573246,1582,1584,2,0,2,179325468
7,1573264,1583,1584,1,0,2,179325486
7,1573426,1582,1584,2,0,2,179352648
7,1573462,1582,1584,2,0,2,157394682
7,1573624,1583,1584,1,0,2,179583624
7,1573642,1583,1584,1,0,2,179583642
7,1574236,1582,1584,2,0,2,179426358
7,1574263,1584,1584,0,0,1,123796485
7,1574326,1582,1584,2,0,2,179436528
7,1574362,1583,1584,1,0,2,179436582
7,1574623,1581,1584,3,0,2,157496823
7,1574632,1581,1584,3,0,2,157496832
7,1576234,1580,1584,4,0,2,157698234
7,1576243,1580,1584,4,0,2,157698243
7,1576324,1580,1584,4,0,2,157698324
7,1576342,1580,1584,4,0,2,157698342
7,1576423,1580,1584,4,0,2,157698423
7,1576432,1580,1584,4,0,2,157698432
7,1623457,1580,1584,4,0,2,162834579
7,1623475,1582,1584,2,0,2,182563497
7,1623547,1581,1584,3,0,2,182354769
7,1623574,1583,1584,1,0,2,184523796
7,1623745,1582,1584,2,0,2,182396745
7,1623754,1582,1584,2,0,2,182395476
7,1624357,1581,1584,3,0,2,182436579
7,1624375,1582,1584,2,0,2,182436597
7,1624537,1582,1584,2,0,2,182463759
7,1624573,1583,1584,1,0,2,182674593
7,1624735,1584,1584,0,0,1,123846957
7,1624753,1584,1584,0,0,1,123846975
7,1625347,1582,1584,2,0,2,182537469
7,1625374,1584,1584,0,0,1,123847596
7,1625437,1581,1584,3,0,2,182547639
7,1625473,1583,1584,1,0,2,182547693
7,1625734,1583,1584,1,0,2,182795634
7,1625743,1583,1584,1,0,2,182794365
7,1627345,1581,1584,3,0,2,162839457
7,1627354,1582,1584,2,0,2,182935476
7,1627435,1582,1584,2,0,2,182943657
7,1627453,1582,1584,2,0,2,182946375
7,1627534,1582,1584,2,0,2,182953746
7,1627543,1582,1584,2,0,2,182954763
7,1632457,1581,1584,3,0,2,183254679
7,1632475,1582,1584,2,0,2,183254697
7,1632547,1581,1584,4,0,3,183254769
7,1632574,1583,1584,1,0,2,183254796
7,1632745,1582,1584,2,0,2,183254967
7,1632754,1582,1584,2,0,2,183254976
7,1634257,1582,1584,2,0,2,183526479
7,1634275,1582,1584,2,0,2,183526497
7,1634527,1580,1584,4,0,2,163845729
7,1634572,1581,1584,3,0,2,163845792
7,1634725,1583,1584,1,0,2,185634927
7,1634752,1583,1584,1,0,2,185634972
7,1635247,1582,1584,2,0,2,183527469
7,1635274,1584,1584,0,0,1,123857496
7,1635427,1582,1584,2,0,2,183547629
7,1635472,1582,1584,2,0,2,183547692
7,1635724,1584,1584,0,0,1,123857946
7,1635742,1584,1584,0,0,1,123857964
7,1637245,1583,1584,1,0,2,183926745
7,1637254,1583,1584,1,0,2,183925476
7,1637425,1584,1584,0,0,1,123859647
7,1637452,1582,1584,2,0,2,163849572
7,1637524,1584,1584,0,0,1,123859746
7,1637542,1583,1584,1,0,2,183954762
7,1642357,1582,1584,2,0,2,184263579
7,1642375,1582,1584,2,0,2,184263597
7,1642537,1582,1584,2,0,2,184263759
7,1642573,1584,1584,0,0,1,123864795
7,1642735,1584,1584,0,0,1,123864957
7,1642753,1583,1584,1,0,2,186492753
7,1643257,1581,1584,3,0,2,184365279
7,1643275,1581,1584,3,0,2,184365297
7,1643527,1582,1584,2,0,2,184365729
7,1643572,1582,1584,2,0,2,184365792
7,1643725,1582,1584,2,0,2,184365927
7,1643752,1582,1584,2,0,2,184365972
7,1645237,1580,1584,5,0,3,186745239
7,1645273,1582,1584,2,0,2,164857293
7,1645327,1580,1584,4,0,2,164857329
7,1645372,1581,1584,3,0,2,164857392
7,1645723,1581,1584,3,0,2,164857923
7,1645732,1581,1584,3,0,2,164857932
7,1647235,1583,1584,1,0,2,186945237
7,1647253,1583,1584,1,0,2,186947253
7,1647325,1583,1584,1,0,2,186932547
7,1647352,1583,1584,1,0,2,186947352
7,1647523,1581,1584,3,0,2,164859723
7,1647532,1581,1584,3,0,2,164859732
7,1652347,1580,1584,4,0,2,165872349
7,1652374,1582,1584,2,0,2,165872394
7,1652437,1581,1584,3,0,2,165872439
7,1652473,1583,1584,1,0,2,165872493
7,1652734,1582,1584,2,0,2,165872934
7,1652743,1582,1584,2,0,2,165872943
7,1653247,1581,1584,3,0,2,165873249
7,1653274,1582,1584,2,0,2,165873294
7,1653427,1580,1584,4,0,2,165873429
7,1653472,1581,1584,3,0,2,165873492
7,1653724,1583,1584,1,0,2,165873924
7,1653742,1583,1584,1,0,2,165873942
7,1654237,1580,1584,4,0,2,165874239
7,1654273,1582,1584,2,0,2,165874293
7,1654327,1578,1584,6,0,2,165874329
7,1654372,1580,1584,4,0,2,165874392
7,1654723,1580,1584,4,0,2,165874923
7,1654732,1580,1584,4,0,2,165874932
7,1657234,1580,1584,4,0,2,165879234
7,1657243,1580,1584,4,0,2,165879243
7,1657324,1580,1584,4,0,2,165879324
7,1657342,1580,1584,4,0,2,165879342
7,1657423,1580,1584,4,0,2,165879423
7,1657432,1580,1584,4,0,2,165879432
7,1672345,1579,1584,5,0,2,168293457
7,1672354,1580,1584,4,0,2,189235476
7,1672435,1580,1584,4,0,2,189243657
7,1672453,1581,1584,3,0,2,189246375
7,1672534,1581,1584,3,0,2,189253746
7,1672543,1580,1584,4,0,2,189254763
7,1673245,1580,1584,4,0,2,189325467
7,1673254,1580,1584,5,0,3,189325476
7,1673425,1581,1584,3,0,2,189352647
7,1673452,1579,1584,5,0,2,168394572
7,1673524,1581,1584,3,0,2,189352746
7,1673542,1581,1584,3,0,2,189354762
7,1674235,1581,1584,3,0,2,189426357
7,1674253,1581,1584,3,0,2,189426375
7,1674325,1580,1584,4,0,2,189436527
7,1674352,1581,1584,3,0,2,189436572
7,1674523,1579,1584,8,0,4,189674523
7,1674532,1579,1584,6,0,3,189674532
7,1675234,1579,1584,5,0,2,168597234
7,1675243,1580,1584,4,0,2,168597243
7,1675324,1580,1584,4,0,2,168597324
7,1675342,1579,1584,5,0,2,168597342
7,1675423,1579,1584,5,0,2,168597423
7,1675432,1579,1584,5,0,2,168597432
7,1723456,1579,1584,5,0,2,172934568
7,1723465,1580,1584,4,0,2,192346587
7,1723546,1580,1584,4,0,2,192354768
7,1723564,1581,1584,3,0,2,192357486
7,1723645,1581,1584,3,0,2,192364857
7,1723654,1580,1584,4,0,2,192365874
7,1724356,1580,1584,4,0,2,192436578
7,1724365,1580,1584,5,0,3,192436587
7,1724536,1582,1584,2,0,2,192463758
7,1724563,1581,1584,3,0,2,192467385
7,1724635,1582,1584,2,0,2,192463857
7,1724653,1582,1584,2,0,2,192465873
7,1725346,1582,1584,2,0,2,192537468
7,1725364,1582,1584,2,0,2,192537486
7,1725436,1580,1584,4,0,2,192547638
7,1725463,1582,1584,2,0,2,192547683
7,1725634,1581,1584,4,0,3,192785634
7,1725643,1581,1584,3,0,2,192574863
7,1726345,1581,1584,3,0,2,192638457
7,1726354,1582,1584,2,0,2,192835476
7,1726435,1582,1584,2,0,2,192843657
7,1726453,1581,1584,3,0,2,192648573
7,1726534,1581,1584,3,0,2,192658734
7,1726543,1580,1584,4,0,2,192658743
7,1732456,1580,1584,4,0,2,193247856
7,1732465,1580,1584,4,0,2,193246587
7,1732546,1580,1584,5,0,3,193254768
7,1732564,1581,1584,3,0,2,193254786
7,1732645,1581,1584,3,0,2,193254867
7,1732654,1580,1584,4,0,2,193254876
7,1734256,1581,1584,3,0,2,193427856
7,1734265,1581,1584,3,0,2,193426587
7,1734526,1581,1584,3,0,2,193562748
7,1734562,1579,1584,5,0,2,173945682
7,1734625,1583,1584,1,0,2,195634827
7,1734652,1581,1584,3,0,2,193465872
7,1735246,1582,1584,2,0,2,193527468
7,1735264,1583,1584,1,0,2,193527486
7,1735426,1582,1584,2,0,2,193547628
7,1735462,1581,1584,3,0,2,193547682
7,1735624,1582,1584,2,0,2,193572846
7,1735642,1582,1584,2,0,2,193574862
7,1736245,1583,1584,1,0,2,193826745
7,1736254,1582,1584,2,0,2,193825476
7,1736425,1584,1584,0,0,1,123958647
7,1736452,1582,1584,2,0,2,193648572
7,1736524,1583,1584,1,0,2,193658724
7,1736542,1581,1584,3,0,2,193658742
7,1742356,1581,1584,3,0,2,194237856
7,1742365,1581,1584,3,0,2,194236587
7,1742536,1582,1584,2,0,2,194263758
7,1742563,1583,1584,1,0,2,194278563
7,1742635,1583,1584,1,0,2,194263857
7,1742653,1582,1584,2,0,2,194265873
7,1743256,1580,1584,4,0,2,194327856
7,1743265,1580,1584,4,0,2,194326587
7,1743526,1582,1584,2,0,2,194365728
7,1743562,1581,1584,3,0,2,194365782
7,1743625,1582,1584,2,0,2,194365827
7,1743652,1581,1584,4,0,3,194365872
7,1745236,1581,1584,4,0,3,196745238
7,1745263,1582,1584,2,0,2,194627385
7,1745326,1581,1584,3,0,2,194637528
7,1745362,1582,1584,2,0,2,194637582
7,1745623,1579,1584,5,0,2,174956823
7,1745632,1579,1584,5,0,2,174956832
7,1746235,1582,1584,2,0,2,194628357
7,1746253,1583,1584,1,0,2,196847253
7,1746325,1583,1584,1,0,2,196832547
7,1746352,1582,1584,2,0,2,194638572
7,1746523,1581,1584,3,0,2,194658723
7,1746532,1581,1584,3,0,2,194658732
7,1752346,1581,1584,3,0,2,195273468
7,1752364,1583,1584,1,0,2,197452386
7,1752436,1582,1584,2,0,2,197243658
7,1752463,1584,1584,0,0,1,123974685
7,1752634,1582,1584,2,0,2,195273846
7,1752643,1583,1584,1,0,2,197284365
7,1753246,1582,1584,2,0,2,197325468
7,1753264,1582,1584,2,0,2,197325486
7,1753426,1581,1584,3,0,2,195374628
7,1753462,1582,1584,2,0,2,195374682
7,1753624,1583,1584,1,0,2,197583624
7,1753642,1582,1584,2,0,2,195374862
7,1754236,1581,1584,3,0,2,195476238
7,1754263,1583,1584,1,0,2,195476283
7,1754326,1580,1584,4,0,2,195476328
7,1754362,1581,1584,3,0,2,195476382
7,1754623,1581,1584,3,0,2,195476823
7,1754632,1581,1584,3,0,2,195476832
7,1756234,1579,1584,5,0,2,175968234
7,1756243,1580,1584,4,0,2,175968243
7,1756324,1580,1584,4,0,2,175968324
7,1756342,1579,1584,6,0,3,197856342
7,1756423,1579,1584,5,0,2,175968423
7,1756432,1579,1584,5,0,2,175968432
7,1762345,1579,1584,5,0,2,176982345
7,1762354,1580,1584,4,0,2,176982354
7,1762435,1580,1584,4,0,2,176982435
7,1762453,1581,1584,3,0,2,176982453
7,1762534,1581,1584,3,0,2,176982534
7,1762543,1580,1584,4,0,2,176982543
7,1763245,1580,1584,4,0,2,176983245
7,1763254,1580,1584,5,0,3,198325476
7,1763425,1581,1584,3,0,2,176983425
7,1763452,1579,1584,5,0,2,176983452
7,1763524,1581,1584,3,0,2,176983524
7,1763542,1581,1584,3,0,2,176983542
7,1764235,1581,1584,3,0,2,176984235
7,1764253,1581,1584,3,0,2,176984253
7,1764325,1580,1584,4,0,2,176984325
7,1764352,1581,1584,3,0,2,176984352
7,1764523,1579,1584,6,0,3,198674523
7,1764532,1579,1584,5,0,2,176984532
7,1765234,1579,1584,5,0,2,176985234
7,1765243,1580,1584,4,0,2,176985243
7,1765324,1580,1584,4,0,2,176985324
7,1765342,1579,1584,5,0,2,176985342
7,1765423,1579,1584,5,0,2,176985423
7,1765432,1578,1584,6,0,2,176985432
7,2134567,1578,1584,6,0,2,213458967
7,2134576,1578,1584,6,0,2,213457698
7,2134657,1578,1584,6,0,2,213465879
7,2134675,1579,1584,5,0,2,213468597
7,2134756,1579,1584,5,0,2,213475968
7,2134765,1578,1584,6,0,2,213476985
7,2135467,1578,1584,6,0,2,213547689
7,2135476,1578,1584,7,0,3,213547698
7,2135647,1580,1584,4,0,2,213574869
7,2135674,1579,1584,5,0,2,213578496
7,2135746,1580,1584,4,0,2,213574968
7,2135764,1580,1584,4,0,2,213576984
7,2136457,1580,1584,4,0,2,213648579
7,2136475,1580,1584,4,0,2,213648597
7,2136547,1578,1584,6,0,2,213658749
7,2136574,1580,1584,4,0,2,213658794
7,2136745,1579,1584,6,0,3,213896745
7,2136754,1579,1584,5,0,2,213685974
7,2137456,1579,1584,5,0,2,213749568
7,2137465,1580,1584,4,0,2,213946587
7,2137546,1580,1584,4,0,2,213954768
7,2137564,1579,1584,5,0,2,213759684
7,2137645,1579,1584,5,0,2,213769845
7,2137654,1578,1584,6,0,2,213769854
7,2143567,1578,1584,7,0,3,214365789
7,2143576,1578,1584,7,0,3,214365798
7,2143657,1578,1584,9,0,4,214365879
7,2143675,1579,1584,6,0,3,214365897
7,2143756,1579,1584,6,0,3,214365978
7,2143765,1578,1584,7,0,3,214365987
7,2145367,1580,1584,4,0,2,214367589
7,2145376,1580,1584,4,0,2,214367598
7,2145637,1580,1584,4,0,2,214367859
7,2145673,1579,1584,5,0,2,214367895
7,2145736,1582,1584,2,0,2,214367958
7,2145763,1580,1584,4,0,2,214367985
7,2146357,1581,1584,3,0,2,214368579
7,2146375,1582,1584,2,0,2,214368597
7,2146537,1581,1584,3,0,2,214368759
7,2146573,1580,1584,4,0,2,214368795
7,2146735,1581,1584,3,0,2,214368957
7,2146753,1581,1584,3,0,2,214368975
7,2147356,1582,1584,2,0,2,214369578
7,2147365,1581,1584,3,0,2,214369587
7,2147536,1583,1584,1,0,2,214369758
7,2147563,1581,1584,3,0,2,214369785
7,2147635,1582,1584,2,0,2,214369857
7,2147653,1580,1584,4,0,2,214369875
7,2153467,1580,1584,4,0,2,214375689
7,2153476,1580,1584,4,0,2,214375698
7,2153647,1581,1584,3,0,2,214375869
7,2153674,1582,1584,2,0,2,214375896
7,2153746,1582,1584,2,0,2,214375968
7,2153764,1581,1584,3,0,2,214375986
7,2154367,1578,1584,6,0,2,214376589
7,2154376,1578,1584,6,0,2,214376598
7,2154637,1581,1584,3,0,2,214376859
7,2154673,1580,1584,4,0,2,214376895
7,2154736,1581,1584,3,0,2,214376958
7,2154763,1580,1584,5,0,3,215476983
7,2156347,1580,1584,5,0,3,217856349
7,2156374,1581,1584,3,0,2,214378596
7,2156437,1580,1584,4,0,2,214378659
7,2156473,1581,1584,3,0,2,214378695
7,2156734,1579,1584,5,0,2,214378956
7,2156743,1579,1584,5,0,2,214378965
7,2157346,1581,1584,3,0,2,214379568
7,2157364,1582,1584,2,0,2,214379586
7,2157436,1582,1584,2,0,2,214379658
7,2157463,1581,1584,3,0,2,214379685
7,2157634,1580,1584,4,0,2,214379856
7,2157643,1580,1584,4,0,2,214379865
7,2163457,1580,1584,4,0,2,214385679
7,2163475,1582,1584,2,0,2,214385697
7,2163547,1581,1584,3,0,2,214385769
7,2163574,1583,1584,1,0,2,214385796
7,2163745,1581,1584,3,0,2,214385967
7,2163754,1582,1584,2,0,2,214385976
7,2164357,1581,1584,3,0,2,214386579
7,2164375,1581,1584,3,0,2,214386597
7,2164537,1580,1584,4,0,2,214386759
7,2164573,1581,1584,3,0,2,214386795
7,2164735,1582,1584,2,0,2,214386957
7,2164753,1581,1584,3,0,2,214386975
7,2165347,1580,1584,4,0,2,214387569
7,2165374,1582,1584,2,0,2,214387596
7,2165437,1578,1584,6,0,2,214387659
7,2165473,1580,1584,4,0,2,214387695
7,2165734,1580,1584,4,0,2,214387956
7,2165743,1580,1584,4,0,2,214387965
7,2167345,1579,1584,5,0,2,214389567
7,2167354,1580,1584,4,0,2,214389576
7,2167435,1580,1584,4,0,2,214389657
7,2167453,1579,1584,6,0,3,218967453
7,2167534,1579,1584,5,0,2,214389756
7,2167543,1579,1584,5,0,2,214389765
7,2173456,1579,1584,5,0,2,214395678
7,2173465,1580,1584,4,0,2,214395687
7,2173546,1580,1584,4,0,2,214395768
7,2173564,1581,1584,3,0,2,214395786
7,2173645,1581,1584,3,0,2,214395867
7,2173654,1580,1584,4,0,2,214395876
7,2174356,1580,1584,4,0,2,214396578
7,2174365,1580,1584,5,0,3,219436587
7,2174536,1581,1584,3,0,2,214396758
7,2174563,1579,1584,5,0,2,214396785
7,2174635,1581,1584,3,0,2,214396857
7,2174653,1581,1584,3,0,2,214396875
7,2175346,1581,1584,3,0,2,214397568
7,2175364,1581,1584,3,0,2,214397586
7,2175436,1580,1584,4,0,2,214397658
7,2175463,1581,1584,3,0,2,214397685
7,2175634,1579,1584,6,0,3,219785634
7,2175643,1579,1584,5,0,2,214397865
7,2176345,1579,1584,5,0,2,214398567
7,2176354,1580,1584,4,0,2,214398576
7,2176435,1580,1584,4,0,2,214398657
7,2176453,1579,1584,5,0,2,214398675
7,2176534,1579,1584,5,0,2,214398756
7,2176543,1578,1584,6,0,2,214398765
7,2314567,1579,1584,5,0,2,231458967
7,2314576,1579,1584,5,0,2,231457698
7,2314657,1579,1584,5,0,2,231465879
7,2314675,1580,1584,4,0,2,231468597
7,2314756,1580,1584,4,0,2,231475968
7,2314765,1579,1584,5,0,2,231476985
7,2315467,1579,1584,5,0,2,231547689
7,2315476,1579,1584,6,0,3,231547698
7,2315647,1580,1584,4,0,2,231574869
7,2315674,1579,1584,5,0,2,231578496
7,2315746,1580,1584,4,0,2,231574968
7,2315764,1580,1584,4,0,2,231576984
7,2316457,1580,1584,4,0,2,231648579
7,2316475,1580,1584,4,0,2,231648597
7,2316547,1579,1584,5,0,2,231658749
7,2316574,1580,1584,4,0,2,231658794
7,2316745,1579,1584,6,0,3,231896745
7,2316754,1579,1584,5,0,2,231685974
7,2317456,1579,1584,5,0,2,231749568
7,2317465,1580,1584,4,0,2,231946587
7,2317546,1580,1584,4,0,2,231954768
7,2317564,1579,1584,5,0,2,231759684
7,2317645,1579,1584,5,0,2,231769845
7,2317654,1579,1584,5,0,2,231769854
7,2341567,1579,1584,5,0,2,234158967
7,2341576,1579,1584,5,0,2,234157698
7,2341657,1579,1584,5,0,2,234165879
7,2341675,1579,1584,5,0,2,234168597
7,2341756,1579,1584,5,0,2,234175968
7,2341765,1579,1584,5,0,2,234176985
7,2345167,1579,1584,5,0,2,234518967
7,2345176,1579,1584,5,0,2,234517698
7,2345617,1579,1584,5,0,2,234785619
7,2345671,1578,1584,6,0,2,234589671
7,2345716,1581,1584,3,0,2,236745918
7,2345761,1579,1584,5,0,2,234576981
7,2346157,1582,1584,2,0,2,256348179
7,2346175,1582,1584,2,0,2,256348197
7,2346517,1580,1584,4,0,2,234658719
7,2346571,1579,1584,5,0,2,234658791
7,2346715,1581,1584,3,0,2,234896715
7,2346751,1580,1584,4,0,2,234685971
7,2347156,1581,1584,3,0,2,234917856
7,2347165,1581,1584,3,0,2,234916587
7,2347516,1582,1584,2,0,2,256349718
7,2347561,1580,1584,4,0,2,234759681
7,2347615,1581,1584,3,0,2,234769815
7,2347651,1579,1584,5,0,2,234769851
7,2351467,1582,1584,2,0,2,235148967
7,2351476,1582,1584,2,0,2,235147698
7,2351647,1583,1584,1,0,2,452371869
7,2351674,1582,1584,2,0,2,235189674
7,2351746,1583,1584,1,0,2,452371968
7,2351764,1582,1584,2,0,2,235176984
7,2354167,1580,1584,4,0,2,235418967
7,2354176,1580,1584,4,0,2,235417698
7,2354617,1580,1584,4,0,2,235476819
7,2354671,1579,1584,5,0,2,235476891
7,2354716,1581,1584,3,0,2,235476918
7,2354761,1579,1584,6,0,3,235476981
7,2356147,1582,1584,2,0,2,237856149
7,2356174,1582,1584,2,0,2,237856194
7,2356417,1581,1584,3,0,2,235748619
7,2356471,1581,1584,3,0,2,235748691
7,2356714,1581,1584,3,0,2,235896714
7,2356741,1580,1584,4,0,2,235784961
7,2357146,1583,1584,1,0,2,452379168
7,2357164,1583,1584,1,0,2,452379186
7,2357416,1583,1584,1,0,2,452379618
7,2357461,1581,1584,3,0,2,235749681
7,2357614,1581,1584,3,0,2,235769814
7,2357641,1581,1584,3,0,2,235769841
7,2361457,1582,1584,2,0,2,238167459
7,2361475,1583,1584,1,0,2,452381697
7,2361547,1582,1584,2,0,2,238154769
7,2361574,1583,1584,1,0,2,452381796
7,2361745,1582,1584,2,0,2,238196745
7,2361754,1582,1584,2,0,2,238195476
7,2364157,1583,1584,1,0,2,452386179
7,2364175,1583,1584,1,0,2,452386197
7,2364517,1581,1584,3,0,2,236485719
7,2364571,1581,1584,3,0,2,236485791
7,2364715,1583,1584,1,0,2,452386917
7,2364751,1581,1584,3,0,2,236485971
7,2365147,1582,1584,2,0,2,236587149
7,2365174,1582,1584,2,0,2,236587194
7,2365417,1580,1584,4,0,2,236587419
7,2365471,1579,1584,5,0,2,236587491
7,2365714,1581,1584,3,0,2,236587914
7,2365741,1581,1584,3,0,2,236587941
7,2367145,1581,1584,3,0,2,238916745
7,2367154,1581,1584,3,0,2,238915476
7,2367415,1582,1584,2,0,2,238967415
7,2367451,1580,1584,5,0,3,238967451
7,2367514,1581,1584,3,0,2,236859714
7,2367541,1580,1584,4,0,2,236859741
7,2371456,1581,1584,3,0,2,239147856
7,2371465,1581,1584,3,0,2,239146587
7,2371546,1581,1584,3,0,2,239154768
7,2371564,1581,1584,3,0,2,239157486
7,2371645,1581,1584,3,0,2,239164857
7,2371654,1581,1584,3,0,2,239165874
7,2374156,1582,1584,2,0,2,239417856
7,2374165,1582,1584,2,0,2,239416587
7,2374516,1582,1584,2,0,2,239674518
7,2374561,1580,1584,4,0,2,237495681
7,2374615,1583,1584,1,0,2,452396817
7,2374651,1581,1584,3,0,2,239465871
7,2375146,1583,1584,1,0,2,452397168
7,2375164,1583,1584,1,0,2,452397186
7,2375416,1582,1584,2,0,2,239547618
7,2375461,1581,1584,3,0,2,239547681
7,2375614,1581,1584,3,0,2,237596814
7,2375641,1580,1584,4,0,2,237596841
7,2376145,1581,1584,3,0,2,237698145
7,2376154,1581,1584,3,0,2,237698154
7,2376415,1582,1584,2,0,2,237698415
7,2376451,1580,1584,4,0,2,237698451
7,2376514,1581,1584,3,0,2,237698514
7,2376541,1579,1584,5,0,2,237698541
7,2413567,1580,1584,4,0,2,241358967
7,2413576,1580,1584,4,0,2,241357698
7,2413657,1580,1584,4,0,2,241365879
7,2413675,1580,1584,4,0,2,241368597
7,2413756,1580,1584,4,0,2,241375968
7,2413765,1580,1584,4,0,2,241376985
7,2415367,1582,1584,2,0,2,241538967
7,2415376,1582,1584,2,0,2,241537698
7,2415637,1583,1584,1,0,2,241785639
7,2415673,1582,1584,2,0,2,241589673
7,2415736,1584,1584,0,0,1,124637958
7,2415763,1582,1584,2,0,2,241576983
7,2416357,1583,1584,1,0,2,241638579
7,2416375,1583,1584,1,0,2,241638597
7,2416537,1583,1584,1,0,2,241658739
7,2416573,1582,1584,2,0,2,241658793
7,2416735,1583,1584,1,0,2,241896735
7,2416753,1582,1584,2,0,2,241685973
7,2417356,1583,1584,1,0,2,241937856
7,2417365,1583,1584,1,0,2,241936587
7,2417536,1584,1584,0,0,1,124639758
7,2417563,1582,1584,2,0,2,241759683
7,2417635,1583,1584,1,0,2,241769835
7,2417653,1582,1584,2,0,2,241769853
7,2431567,1580,1584,4,0,2,243158967
7,2431576,1580,1584,4,0,2,243157698
7,2431657,1580,1584,4,0,2,243165879
7,2431675,1580,1584,4,0,2,243168597
7,2431756,1580,1584,4,0,2,243175968
7,2431765,1580,1584,4,0,2,243176985
7,2435167,1580,1584,4,0,2,243518967
7,2435176,1580,1584,4,0,2,243517698
7,2435617,1580,1584,4,0,2,243657819
7,2435671,1579,1584,5,0,2,243589671
7,2435716,1581,1584,3,0,2,243657918
7,2435761,1579,1584,5,0,2,243576981
7,2436157,1582,1584,2,0,2,243658179
7,2436175,1582,1584,2,0,2,243658197
7,2436517,1580,1584,5,0,3,243658719
7,2436571,1579,1584,6,0,3,243658791
7,2436715,1581,1584,3,0,2,243658917
7,2436751,1580,1584,4,0,2,243658971
7,2437156,1581,1584,3,0,2,243659178
7,2437165,1581,1584,3,0,2,243659187
7,2437516,1582,1584,2,0,2,243659718
7,2437561,1580,1584,4,0,2,243659781
7,2437615,1581,1584,3,0,2,243659817
7,2437651,1579,1584,5,0,2,243659871
7,2451367,1581,1584,3,0,2,245138967
7,2451376,1581,1584,3,0,2,245137698
7,2451637,1582,1584,2,0,2,246173859
7,2451673,1582,1584,2,0,2,245189673
7,2451736,1583,1584,1,0,2,267451938
7,2451763,1582,1584,2,0,2,245176983
7,2453167,1581,1584,3,0,2,245318967
7,2453176,1581,1584,3,0,2,245317698
7,2453617,1582,1584,2,0,2,246375819
7,2453671,1581,1584,3,0,2,245389671
7,2453716,1582,1584,2,0,2,246375918
7,2453761,1581,1584,3,0,2,245376981
7,2456137,1581,1584,3,0,2,246718359
7,2456173,1581,1584,3,0,2,246718395
7,2456317,1581,1584,3,0,2,246738519
7,2456371,1581,1584,3,0,2,246738591
7,2456713,1580,1584,4,0,2,245896713
7,2456731,1580,1584,4,0,2,245896731
7,2457136,1583,1584,1,0,2,267459138
7,2457163,1583,1584,1,0,2,267459183
7,2457316,1583,1584,1,0,2,267459318
7,2457361,1583,1584,1,0,2,267459381
7,2457613,1581,1584,3,0,2,245769813
7,2457631,1581,1584,3,0,2,245769831
7,2461357,1583,1584,1,0,2,246183579
7,2461375,1584,1584,0,0,1,124683597
7,2461537,1584,1584,0,0,1,124683759
7,2461573,1584,1584,0,0,1,124683795
7,2461735,1583,1584,1,0,2,246183957
7,2461753,1584,1584,0,0,1,124683975
7,2463157,1584,1584,0,0,1,124685379
7,2463175,1584,1584,0,0,1,124685397
7,2463517,1582,1584,2,0,2,246385719
7,2463571,1582,1584,2,0,2,246385791
7,2463715,1584,1584,0,0,1,124685937
7,2463751,1583,1584,1,0,2,246385971
7,2465137,1582,1584,2,0,2,246587139
7,2465173,1582,1584,2,0,2,246587193
7,2465317,1582,1584,2,0,2,246587319
7,2465371,1582,1584,2,0,2,246587391
7,2465713,1581,1584,3,0,2,246587913
7,2465731,1581,1584,3,0,2,246587931
7,2467135,1582,1584,2,0,2,246819357
7,2467153,1583,1584,1,0,2,248967153
7,2467315,1583,1584,1,0,2,248967315
7,2467351,1582,1584,2,0,2,246839571
7,2467513,1582,1584,2,0,2,246859713
7,2467531,1582,1584,2,0,2,246859731
7,2471356,1583,1584,1,0,2,249137856
7,2471365,1583,1584,1,0,2,249136587
7,2471536,1584,1584,0,0,1,124693758
7,2471563,1583,1584,1,0,2,249178563
7,2471635,1584,1584,0,0,1,124693857
7,2471653,1583,1584,1,0,2,249165873
7,2473156,1583,1584,1,0,2,249317856
7,2473165,1583,1584,1,0,2,249316587
7,2473516,1584,1584,0,0,1,124695738
7,2473561,1583,1584,1,0,2,249378561
7,2473615,1584,1584,0,0,1,124695837
7,2473651,1582,1584,2,0,2,249365871
7,2475136,1584,1584,0,0,1,124697358
7,2475163,1584,1584,0,0,1,124697385
7,2475316,1584,1584,0,0,1,124697538
7,2475361,1584,1584,0,0,1,124697583
7,2475613,1582,1584,2,0,2,247596813
7,2475631,1582,1584,2,0,2,247596831
7,2476135,1583,1584,1,0,2,247698135
7,2476153,1583,1584,1,0,2,247698153
7,2476315,1583,1584,1,0,2,247698315
7,2476351,1583,1584,1,0,2,247698351
7,2476513,1581,1584,3,0,2,247698513
7,2476531,1581,1584,3,0,2,247698531
7,2513467,1582,1584,2,0,2,251348967
7,2513476,1582,1584,2,0,2,251347698
7,2513647,1584,1584,0,0,1,124735869
7,2513674,1583,1584,1,0,2,251389674
7,2513746,1584,1584,0,0,1,124735968
7,2513764,1583,1584,1,0,2,251376984
7,2514367,1581,1584,3,0,2,251438967
7,2514376,1581,1584,3,0,2,251437698
7,2514637,1584,1584,0,0,1,124736859
7,2514673,1583,1584,1,0,2,251489673
7,2514736,1584,1584,0,0,1,124736958
7,2514763,1583,1584,1,0,2,251476983
7,2516347,1583,1584,1,0,2,271856349
7,2516374,1584,1584,0,0,1,124738596
7,2516437,1583,1584,1,0,2,271843659
7,2516473,1584,1584,0,0,1,124738695
7,2516734,1582,1584,2,0,2,251896734
7,2516743,1582,1584,2,0,2,251896743
7,2517346,1583,1584,1,0,2,271956348
7,2517364,1584,1584,0,0,1,124739586
7,2517436,1583,1584,1,0,2,271943658
7,2517463,1584,1584,0,0,1,124739685
7,2517634,1582,1584,2,0,2,251769834
7,2517643,1582,1584,2,0,2,251769843
7,2531467,1583,1584,1,0,2,253148967
7,2531476,1583,1584,1,0,2,253147698
7,2531647,1584,1584,0,0,1,124753869
7,2531674,1583,1584,1,0,2,253189674
7,2531746,1584,1584,0,0,1,124753968
7,2531764,1583,1584,1,0,2,253176984
7,2534167,1581,1584,3,0,2,253418967
7,2534176,1581,1584,3,0,2,253417698
7,2534617,1582,1584,2,0,2,253746819
7,2534671,1581,1584,3,0,2,253489671
7,2534716,1582,1584,2,0,2,253746918
7,2534761,1581,1584,3,0,2,253476981
7,2536147,1584,1584,0,0,1,124758369
7,2536174,1584,1584,0,0,1,124758396
7,2536417,1582,1584,2,0,2,253748619
7,2536471,1582,1584,2,0,2,253748691
7,2536714,1583,1584,1,0,2,253896714
7,2536741,1583,1584,1,0,2,253896741
7,2537146,1584,1584,0,0,1,124759368
7,2537164,1584,1584,0,0,1,124759386
7,2537416,1584,1584,0,0,1,124759638
7,2537461,1583,1584,1,0,2,253749681
7,2537614,1583,1584,1,0,2,253769814
7,2537641,1582,1584,2,0,2,253769841
7,2541367,1582,1584,2,0,2,254138967
7,2541376,1582,1584,2,0,2,254137698
7,2541637,1583,1584,1,0,2,254761839
7,2541673,1582,1584,2,0,2,254189673
7,2541736,1583,1584,1,0,2,254761938
7,2541763,1582,1584,2,0,2,254176983
7,2543167,1580,1584,4,0,2,254318967
7,2543176,1580,1584,4,0,2,254317698
7,2543617,1580,1584,4,0,2,254763819
7,2543671,1579,1584,5,0,2,254389671
7,2543716,1581,1584,3,0,2,254763918
7,2543761,1579,1584,5,0,2,254376981
7,2546137,1582,1584,2,0,2,254768139
7,2546173,1582,1584,2,0,2,254768193
7,2546317,1582,1584,2,0,2,254768319
7,2546371,1582,1584,2,0,2,254768391
7,2546713,1581,1584,3,0,2,254768913
7,2546731,1581,1584,3,0,2,254768931
7,2547136,1583,1584,1,0,2,254769138
7,2547163,1583,1584,1,0,2,254769183
7,2547316,1583,1584,1,0,2,254769318
7,2547361,1582,1584,2,0,2,254769381
7,2547613,1581,1584,4,0,3,254769813
7,2547631,1581,1584,4,0,3,254769831
7,2561347,1582,1584,2,0,2,278156349
7,2561374,1583,1584,1,0,2,278561394
7,2561437,1582,1584,2,0,2,278143659
7,2561473,1583,1584,1,0,2,278561493
7,2561734,1582,1584,2,0,2,278195634
7,2561743,1582,1584,2,0,2,278194365
7,2563147,1583,1584,1,0,2,278563149
7,2563174,1583,1584,1,0,2,278563194
7,2563417,1581,1584,4,0,3,278563419
7,2563471,1581,1584,4,0,3,278563491
7,2563714,1583,1584,1,0,2,278563914
7,2563741,1582,1584,2,0,2,257384961
7,2564137,1582,1584,2,0,2,257486139
7,2564173,1582,1584,2,0,2,257486193
7,2564317,1581,1584,3,0,2,257486319
7,2564371,1581,1584,3,0,2,257486391
7,2564713,1582,1584,2,0,2,257486913
7,2564731,1582,1584,2,0,2,257486931
7,2567134,1581,1584,3,0,2,258967134
7,2567143,1581,1584,3,0,2,258967143
7,2567314,1582,1584,2,0,2,258967314
7,2567341,1580,1584,4,0,2,257839461
7,2567413,1581,1584,3,0,2,257849613
7,2567431,1580,1584,4,0,2,257849631
7,2571346,1583,1584,1,0,2,279156348
7,2571364,1584,1584,0,0,1,124793586
7,2571436,1583,1584,1,0,2,279143658
7,2571463,1584,1584,0,0,1,124793685
7,2571634,1583,1584,1,0,2,279185634
7,2571643,1583,1584,1,0,2,279184365
7,2573146,1584,1584,0,0,1,124795368
7,2573164,1584,1584,0,0,1,124795386
7,2573416,1583,1584,1,0,2,279563418
7,2573461,1582,1584,2,0,2,257394681
7,2573614,1584,1584,0,0,1,124795836
7,2573641,1583,1584,1,0,2,279583641
7,2574136,1584,1584,0,0,1,124796358
7,2574163,1584,1584,0,0,1,124796385
7,2574316,1583,1584,1,0,2,279436518
7,2574361,1583,1584,1,0,2,279436581
7,2574613,1582,1584,2,0,2,257496813
7,2574631,1582,1584,2,0,2,257496831
7,2576134,1581,1584,3,0,2,257698134
7,2576143,1581,1584,3,0,2,257698143
7,2576314,1582,1584,2,0,2,257698314
7,2576341,1581,1584,3,0,2,257698341
7,2576413,1582,1584,2,0,2,257698413
7,2576431,1581,1584,3,0,2,257698431
7,2613457,1582,1584,2,0,2,281367459
7,2613475,1583,1584,1,0,2,281563497
7,2613547,1582,1584,2,0,2,281354769
7,2613574,1584,1584,0,0,1,124835796
7,2613745,1583,1584,1,0,2,281396745
7,2613754,1583,1584,1,0,2,281395476
7,2614357,1582,1584,2,0,2,281436579
7,2614375,1583,1584,1,0,2,281436597
7,2614537,1582,1584,2,0,2,281463759
7,2614573,1583,1584,1,0,2,281674593
7,2614735,1584,1584,0,0,1,124836957
7,2614753,1584,1584,0,0,1,124836975
7,2615347,1582,1584,2,0,2,281537469
7,2615374,1584,1584,0,0,1,124837596
7,2615437,1581,1584,3,0,2,281547639
7,2615473,1583,1584,1,0,2,281547693
7,2615734,1583,1584,1,0,2,281795634
7,2615743,1583,1584,1,0,2,281794365
7,2617345,1582,1584,2,0,2,281936745
7,2617354,1582,1584,2,0,2,281935476
7,2617435,1582,1584,2,0,2,281943657
7,2617453,1582,1584,2,0,2,281946375
7,2617534,1582,1584,2,0,2,281953746
7,2617543,1582,1584,2,0,2,281954763
7,2631457,1583,1584,1,0,2,283167459
7,2631475,1584,1584,0,0,1,124853697
7,2631547,1583,1584,1,0,2,283154769
7,2631574,1584,1584,0,0,1,124853796
7,2631745,1583,1584,1,0,2,283196745
7,2631754,1583,1584,1,0,2,283195476
7,2634157,1583,1584,1,0,2,285634179
7,2634175,1583,1584,1,0,2,285634197
7,2634517,1581,1584,3,0,2,263845719
7,2634571,1581,1584,3,0,2,263845791
7,2634715,1583,1584,1,0,2,285634917
7,2634751,1583,1584,1,0,2,285634971
7,2635147,1584,1584,0,0,1,124857369
7,2635174,1584,1584,0,0,1,124857396
7,2635417,1582,1584,2,0,2,283547619
7,2635471,1582,1584,2,0,2,283547691
7,2635714,1584,1584,0,0,1,124857936
7,2635741,1584,1584,0,0,1,124857963
7,2637145,1583,1584,1,0,2,283916745
7,2637154,1583,1584,1,0,2,283915476
7,2637415,1584,1584,0,0,1,124859637
7,2637451,1582,1584,2,0,2,263849571
7,2637514,1584,1584,0,0,1,124859736
7,2637541,1583,1584,1,0,2,283954761
7,2641357,1584,1584,0,0,1,124863579
7,2641375,1584,1584,0,0,1,124863597
7,2641537,1584,1584,0,0,1,124863759
7,2641573,1584,1584,0,0,1,124863795
7,2641735,1584,1584,0,0,1,124863957
7,2641753,1584,1584,0,0,1,124863975
7,2643157,1583,1584,1,0,2,284365179
7,2643175,1583,1584,1,0,2,284365197
7,2643517,1582,1584,2,0,2,284365719
7,2643571,1582,1584,2,0,2,284365791
7,2643715,1583,1584,1,0,2,284365917
7,2643751,1582,1584,2,0,2,284365971
7,2645137,1582,1584,2,0,2,264857139
7,2645173,1582,1584,2,0,2,264857193
7,2645317,1581,1584,3,0,2,264857319
7,2645371,1581,1584,3,0,2,264857391
7,2645713,1582,1584,2,0,2,264857913
7,2645731,1582,1584,2,0,2,264857931
7,2647135,1584,1584,0,0,1,124869357
7,2647153,1584,1584,0,0,1,124869375
7,2647315,1584,1584,0,0,1,124869537
7,2647351,1583,1584,1,0,2,286947351
7,2647513,1582,1584,2,0,2,264859713
7,2647531,1582,1584,2,0,2,264859731
7,2651347,1582,1584,2,0,2,265871349
7,2651374,1583,1584,1,0,2,265871394
7,2651437,1582,1584,2,0,2,265871439
7,2651473,1583,1584,1,0,2,265871493
7,2651734,1582,1584,2,0,2,265871934
7,2651743,1582,1584,2,0,2,265871943
7,2653147,1583,1584,1,0,2,265873149
7,2653174,1583,1584,1,0,2,265873194
7,2653417,1581,1584,3,0,2,265873419
7,2653471,1581,1584,3,0,2,265873491
7,2653714,1583,1584,1,0,2,265873914
7,2653741,1583,1584,1,0,2,265873941
7,2654137,1582,1584,2,0,2,265874139
7,2654173,1582,1584,2,0,2,265874193
7,2654317,1580,1584,4,0,2,265874319
7,2654371,1579,1584,5,0,2,265874391
7,2654713,1581,1584,3,0,2,265874913
7,2654731,1581,1584,3,0,2,265874931
7,2657134,1581,1584,3,0,2,265879134
7,2657143,1581,1584,3,0,2,265879143
7,2657314,1582,1584,2,0,2,265879314
7,2657341,1581,1584,3,0,2,265879341
7,2657413,1582,1584,2,0,2,265879413
7,2657431,1581,1584,3,0,2,265879431
7,2671345,1581,1584,3,0,2,289136745
7,2671354,1581,1584,3,0,2,289135476
7,2671435,1581,1584,3,0,2,289143657
7,2671453,1581,1584,3,0,2,289146375
7,2671534,1581,1584,3,0,2,289153746
7,2671543,1581,1584,3,0,2,289154763
7,2673145,1582,1584,2,0,2,289316745
7,2673154,1582,1584,2,0,2,289315476
7,2673415,1582,1584,2,0,2,289563417
7,2673451,1580,1584,4,0,2,268394571
7,2673514,1583,1584,1,0,2,289673514
7,2673541,1581,1584,3,0,2,289354761
7,2674135,1583,1584,1,0,2,289674135
7,2674153,1583,1584,1,0,2,289674153
7,2674315,1582,1584,2,0,2,289436517
7,2674351,1581,1584,3,0,2,289436571
7,2674513,1581,1584,4,0,3,289674513
7,2674531,1580,1584,5,0,3,289674531
7,2675134,1581,1584,3,0,2,268597134
7,2675143,1581,1584,3,0,2,268597143
7,2675314,1582,1584,2,0,2,268597314
7,2675341,1580,1584,4,0,2,268597341
7,2675413,1581,1584,3,0,2,268597413
7,2675431,1580,1584,4,0,2,268597431
7,2713456,1581,1584,3,0,2,291347856
7,2713465,1581,1584,3,0,2,291346587
7,2713546,1581,1584,3,0,2,291354768
7,2713564,1582,1584,2,0,2,291357486
7,2713645,1582,1584,2,0,2,291364857
7,2713654,1581,1584,3,0,2,291365874
7,2714356,1581,1584,3,0,2,291436578
7,2714365,1581,1584,4,0,3,291436587
7,2714536,1582,1584,2,0,2,291463758
7,2714563,1581,1584,3,0,2,291467385
7,2714635,1582,1584,2,0,2,291463857
7,2714653,1582,1584,2,0,2,291465873
7,2715346,1582,1584,2,0,2,291537468
7,2715364,1582,1584,2,0,2,291537486
7,2715436,1581,1584,3,0,2,291547638
7,2715463,1582,1584,2,0,2,291547683
7,2715634,1581,1584,4,0,3,291785634
7,2715643,1581,1584,3,0,2,291574863
7,2716345,1581,1584,3,0,2,291638457
7,2716354,1582,1584,2,0,2,291835476
7,2716435,1582,1584,2,0,2,291843657
7,2716453,1581,1584,3,0,2,291648573
7,2716534,1581,1584,3,0,2,291658734
7,2716543,1580,1584,4,0,2,291658743
7,2731456,1582,1584,2,0,2,293147856
7,2731465,1582,1584,2,0,2,293146587
7,2731546,1582,1584,2,0,2,293154768
7,2731564,1582,1584,2,0,2,293157486
7,2731645,1582,1584,2,0,2,293164857
7,2731654,1582,1584,2,0,2,293165874
7,2734156,1582,1584,2,0,2,293417856
7,2734165,1582,1584,2,0,2,293416587
7,2734516,1582,1584,2,0,2,293674518
7,2734561,1580,1584,4,0,2,273945681
7,2734615,1583,1584,1,0,2,295634817
7,2734651,1581,1584,3,0,2,293465871
7,2735146,1584,1584,0,0,1,124957368
7,2735164,1584,1584,0,0,1,124957386
7,2735416,1582,1584,2,0,2,293547618
7,2735461,1581,1584,3,0,2,293547681
7,2735614,1583,1584,1,0,2,293785614
7,2735641,1582,1584,2,0,2,293574861
7,2736145,1583,1584,1,0,2,293816745
7,2736154,1583,1584,1,0,2,293815476
7,2736415,1584,1584,0,0,1,124958637
7,2736451,1582,1584,2,0,2,293648571
7,2736514,1583,1584,1,0,2,293658714
7,2736541,1581,1584,3,0,2,293658741
7,2741356,1583,1584,1,0,2,294137856
7,2741365,1583,1584,1,0,2,294136587
7,2741536,1584,1584,0,0,1,124963758
7,2741563,1583,1584,1,0,2,294178563
7,2741635,1584,1584,0,0,1,124963857
7,2741653,1583,1584,1,0,2,294165873
7,2743156,1582,1584,2,0,2,294317856
7,2743165,1582,1584,2,0,2,294316587
7,2743516,1582,1584,2,0,2,294365718
7,2743561,1581,1584,3,0,2,294365781
7,2743615,1583,1584,1,0,2,294365817
7,2743651,1581,1584,4,0,3,294365871
7,2745136,1583,1584,1,0,2,296745138
7,2745163,1583,1584,1,0,2,296745183
7,2745316,1582,1584,2,0,2,294637518
7,2745361,1582,1584,2,0,2,294637581
7,2745613,1581,1584,3,0,2,274956813
7,2745631,1580,1584,4,0,2,274956831
7,2746135,1584,1584,0,0,1,124968357
7,2746153,1584,1584,0,0,1,124968375
7,2746315,1584,1584,0,0,1,124968537
7,2746351,1582,1584,2,0,2,294638571
7,2746513,1582,1584,2,0,2,294658713
7,2746531,1582,1584,2,0,2,294658731
7,2751346,1583,1584,1,0,2,297156348
7,2751364,1584,1584,0,0,1,124973586
7,2751436,1583,1584,1,0,2,297143658
7,2751463,1584,1584,0,0,1,124973685
7,2751634,1583,1584,1,0,2,297185634
7,2751643,1583,1584,1,0,2,297184365
7,2753146,1584,1584,0,0,1,124975368
7,2753164,1584,1584,0,0,1,124975386
7,2753416,1582,1584,2,0,2,295374618
7,2753461,1582,1584,2,0,2,295374681
7,2753614,1584,1584,0,0,1,124975836
7,2753641,1582,1584,2,0,2,295374861
7,2754136,1583,1584,1,0,2,295476138
7,2754163,1583,1584,1,0,2,295476183
7,2754316,1582,1584,2,0,2,295476318
7,2754361,1581,1584,3,0,2,295476381
7,2754613,1582,1584,2,0,2,295476813
7,2754631,1582,1584,2,0,2,295476831
7,2756134,1581,1584,3,0,2,275968134
7,2756143,1581,1584,3,0,2,275968143
7,2756314,1582,1584,2,0,2,275968314
7,2756341,1580,1584,5,0,3,297856341
7,2756413,1581,1584,3,0,2,275968413
7,2756431,1580,1584,4,0,2,275968431
7,2761345,1581,1584,3,0,2,276981345
7,2761354,1581,1584,3,0,2,276981354
7,2761435,1581,1584,3,0,2,276981435
7,2761453,1581,1584,3,0,2,276981453
7,2761534,1581,1584,3,0,2,276981534
7,2761543,1581,1584,3,0,2,276981543
7,2763145,1582,1584,2,0,2,276983145
7,2763154,1582,1584,2,0,2,276983154
7,2763415,1582,1584,2,0,2,276983415
7,2763451,1580,1584,4,0,2,276983451
7,2763514,1583,1584,1,0,2,276983514
7,2763541,1581,1584,3,0,2,276983541
7,2764135,1583,1584,1,0,2,276984135
7,2764153,1583,1584,1,0,2,276984153
7,2764315,1582,1584,2,0,2,276984315
7,2764351,1581,1584,3,0,2,276984351
7,2764513,1581,1584,3,0,2,276984513
7,2764531,1580,1584,4,0,2,276984531
7,2765134,1581,1584,3,0,2,276985134
7,2765143,1581,1584,3,0,2,276985143
7,2765314,1582,1584,2,0,2,276985314
7,2765341,1580,1584,4,0,2,276985341
7,2765413,1581,1584,3,0,2,276985413
7,2765431,1579,1584,5,0,2,276985431
7,3124567,1579,1584,5,0,2,312458967
7,3124576,1579,1584,5,0,2,312457698
7,3124657,1579,1584,5,0,2,312465879
7,3124675,1580,1584,4,0,2,312468597
7,3124756,1580,1584,4,0,2,312475968
7,3124765,1579,1584,5,0,2,312476985
7,3125467,1579,1584,5,0,2,312547689
7,3125476,1579,1584,6,0,3,312547698
7,3125647,1580,1584,4,0,2,312574869
7,3125674,1579,1584,5,0,2,312578496
7,3125746,1580,1584,4,0,2,312574968
7,3125764,1580,1584,4,0,2,312576984
7,3126457,1580,1584,4,0,2,312648579
7,3126475,1580,1584,4,0,2,312648597
7,3126547,1579,1584,5,0,2,312658749
7,3126574,1580,1584,4,0,2,312658794
7,3126745,1579,1584,6,0,3,312896745
7,3126754,1579,1584,5,0,2,312685974
7,3127456,1579,1584,5,0,2,312749568
7,3127465,1580,1584,4,0,2,312946587
7,3127546,1580,1584,4,0,2,312954768
7,3127564,1579,1584,5,0,2,312759684
7,3127645,1579,1584,5,0,2,312769845
7,3127654,1579,1584,5,0,2,312769854
7,3142567,1580,1584,4,0,2,314258967
7,3142576,1580,1584,4,0,2,314257698
7,3142657,1580,1584,4,0,2,314265879
7,3142675,1580,1584,4,0,2,314268597
7,3142756,1580,1584,4,0,2,314275968
7,3142765,1580,1584,4,0,2,314276985
7,3145267,1582,1584,2,0,2,314528967
7,3145276,1582,1584,2,0,2,314527698
7,3145627,1582,1584,2,0,2,314785629
7,3145672,1581,1584,3,0,2,314589672
7,3145726,1583,1584,1,0,2,316745928
7,3145762,1581,1584,3,0,2,314576982
7,3146257,1584,1584,0,0,1,125368479
7,3146275,1584,1584,0,0,1,125368497
7,3146527,1582,1584,2,0,2,314658729
7,3146572,1581,1584,3,0,2,314658792
7,3146725,1583,1584,1,0,2,314896725
7,3146752,1582,1584,2,0,2,314685972
7,3147256,1583,1584,1,0,2,314927856
7,3147265,1583,1584,1,0,2,314926587
7,3147526,1584,1584,0,0,1,125369748
7,3147562,1582,1584,2,0,2,314759682
7,3147625,1583,1584,1,0,2,314769825
7,3147652,1581,1584,3,0,2,314769852
7,3152467,1582,1584,2,0,2,315248967
7,3152476,1582,1584,2,0,2,315247698
7,3152647,1583,1584,1,0,2,315274869
7,3152674,1583,1584,1,0,2,315289674
7,3152746,1583,1584,1,0,2,315274968
7,3152764,1583,1584,1,0,2,315276984
7,3154267,1581,1584,3,0,2,315428967
7,3154276,1581,1584,3,0,2,315427698
7,3154627,1582,1584,2,0,2,315476829
7,3154672,1581,1584,3,0,2,315476892
7,3154726,1583,1584,1,0,2,315476928
7,3154762,1581,1584,4,0,3,315476982
7,3156247,1583,1584,1,0,2,317856249
7,3156274,1583,1584,1,0,2,317856294
7,3156427,1582,1584,2,0,2,315748629
7,3156472,1582,1584,2,0,2,315748692
7,3156724,1582,1584,2,0,2,315896724
7,3156742,1581,1584,3,0,2,315784962
7,3157246,1584,1584,0,0,1,125379468
7,3157264,1584,1584,0,0,1,125379486
7,3157426,1584,1584,0,0,1,125379648
7,3157462,1582,1584,2,0,2,315749682
7,3157624,1582,1584,2,0,2,315769824
7,3157642,1582,1584,2,0,2,315769842
7,3162457,1583,1584,1,0,2,318267459
7,3162475,1584,1584,0,0,1,125384697
7,3162547,1583,1584,1,0,2,318254769
7,3162574,1584,1584,0,0,1,125384796
7,3162745,1583,1584,1,0,2,318296745
7,3162754,1583,1584,1,0,2,318295476
7,3164257,1584,1584,0,0,1,125386479
7,3164275,1584,1584,0,0,1,125386497
7,3164527,1582,1584,2,0,2,316485729
7,3164572,1582,1584,2,0,2,316485792
7,3164725,1584,1584,0,0,1,125386947
7,3164752,1582,1584,2,0,2,316485972
7,3165247,1583,1584,1,0,2,316587249
7,3165274,1583,1584,1,0,2,316587294
7,3165427,1581,1584,3,0,2,316587429
7,3165472,1581,1584,3,0,2,316587492
7,3165724,1582,1584,2,0,2,316587924
7,3165742,1582,1584,2,0,2,316587942
7,3167245,1582,1584,2,0,2,318926745
7,3167254,1582,1584,2,0,2,318925476
7,3167425,1583,1584,1,0,2,318967425
7,3167452,1581,1584,4,0,3,318967452
7,3167524,1582,1584,2,0,2,316859724
7,3167542,1581,1584,3,0,2,316859742
7,3172456,1582,1584,2,0,2,319247856
7,3172465,1582,1584,2,0,2,319246587
7,3172546,1582,1584,2,0,2,319254768
7,3172564,1582,1584,2,0,2,319257486
7,3172645,1582,1584,2,0,2,319264857
7,3172654,1582,1584,2,0,2,319265874
7,3174256,1583,1584,1,0,2,319427856
7,3174265,1583,1584,1,0,2,319426587
7,3174526,1583,1584,1,0,2,319674528
7,3174562,1581,1584,3,0,2,317495682
7,3174625,1584,1584,0,0,1,125396847
7,3174652,1582,1584,2,0,2,319465872
7,3175246,1584,1584,0,0,1,125397468
7,3175264,1584,1584,0,0,1,125397486
7,3175426,1583,1584,1,0,2,319547628
7,3175462,1582,1584,2,0,2,319547682
7,3175624,1582,1584,2,0,2,317596824
7,3175642,1581,1584,3,0,2,317596842
7,3176245,1582,1584,2,0,2,317698245
7,3176254,1582,1584,2,0,2,317698254
7,3176425,1583,1584,1,0,2,317698425
7,3176452,1581,1584,3,0,2,317698452
7,3176524,1582,1584,2,0,2,317698524
7,3176542,1580,1584,4,0,2,317698542
7,3214567,1578,1584,6,0,2,321458967
7,3214576,1578,1584,6,0,2,321457698
7,3214657,1578,1584,6,0,2,321465879
7,3214675,1579,1584,5,0,2,321468597
7,3214756,1579,1584,5,0,2,321475968
7,3214765,1578,1584,6,0,2,321476985
7,3215467,1578,1584,6,0,2,321547689
7,3215476,1578,1584,7,0,3,321547698
7,3215647,1580,1584,4,0,2,321574869
7,3215674,1579,1584,5,0,2,321578496
7,3215746,1580,1584,4,0,2,321574968
7,3215764,1580,1584,4,0,2,321576984
7,3216457,1580,1584,4,0,2,321648579
7,3216475,1580,1584,4,0,2,321648597
7,3216547,1578,1584,6,0,2,321658749
7,3216574,1580,1584,4,0,2,321658794
7,3216745,1579,1584,6,0,3,321896745
7,3216754,1579,1584,5,0,2,321685974
7,3217456,1579,1584,5,0,2,321749568
7,3217465,1580,1584,4,0,2,321946587
7,3217546,1580,1584,4,0,2,321954768
7,3217564,1579,1584,5,0,2,321759684
7,3217645,1579,1584,5,0,2,321769845
7,3217654,1578,1584,6,0,2,321769854
7,3241567,1580,1584,4,0,2,324158967
7,3241576,1580,1584,4,0,2,324157698
7,3241657,1580,1584,4,0,2,324165879
7,3241675,1580,1584,4,0,2,324168597
7,3241756,1580,1584,4,0,2,324175968
7,3241765,1580,1584,4,0,2,324176985
7,3245167,1580,1584,4,0,2,324518967
7,3245176,1580,1584,4,0,2,324517698
7,3245617,1580,1584,4,0,2,324785619
7,3245671,1579,1584,5,0,2,324589671
7,3245716,1581,1584,3,0,2,325467918
7,3245761,1579,1584,5,0,2,324576981
7,3246157,1582,1584,2,0,2,325468179
7,3246175,1582,1584,2,0,2,325468197
7,3246517,1580,1584,4,0,2,324658719
7,3246571,1579,1584,5,0,2,324658791
7,3246715,1581,1584,3,0,2,324896715
7,3246751,1580,1584,4,0,2,324685971
7,3247156,1581,1584,3,0,2,324917856
7,3247165,1581,1584,3,0,2,324916587
7,3247516,1582,1584,2,0,2,325469718
7,3247561,1580,1584,4,0,2,324759681
7,3247615,1581,1584,3,0,2,324769815
7,3247651,1579,1584,5,0,2,324769851
7,3251467,1581,1584,3,0,2,325148967
7,3251476,1581,1584,3,0,2,325147698
7,3251647,1583,1584,1,0,2,325471869
7,3251674,1582,1584,2,0,2,325189674
7,3251746,1583,1584,1,0,2,325471968
7,3251764,1582,1584,2,0,2,325176984
7,3254167,1580,1584,5,0,3,325476189
7,3254176,1580,1584,5,0,3,325476198
7,3254617,1580,1584,5,0,3,325476819
7,3254671,1579,1584,6,0,3,325476891
7,3254716,1581,1584,4,0,3,325476918
7,3254761,1579,1584,8,0,4,325476981
7,3256147,1582,1584,2,0,2,325478169
7,3256174,1582,1584,2,0,2,325478196
7,3256417,1581,1584,3,0,2,325478619
7,3256471,1581,1584,3,0,2,325478691
7,3256714,1581,1584,3,0,2,325478916
7,3256741,1580,1584,4,0,2,325478961
7,3257146,1583,1584,1,0,2,325479168
7,3257164,1583,1584,1,0,2,325479186
7,3257416,1583,1584,1,0,2,325479618
7,3257461,1581,1584,3,0,2,325479681
7,3257614,1581,1584,3,0,2,325479816
7,3257641,1581,1584,3,0,2,325479861
7,3261457,1582,1584,2,0,2,325481679
7,3261475,1583,1584,1,0,2,325481697
7,3261547,1581,1584,3,0,2,325481769
7,3261574,1583,1584,1,0,2,325481796
7,3261745,1582,1584,2,0,2,325481967
7,3261754,1582,1584,2,0,2,325481976
7,3264157,1583,1584,1,0,2,325486179
7,3264175,1583,1584,1,0,2,325486197
7,3264517,1581,1584,3,0,2,325486719
7,3264571,1581,1584,3,0,2,325486791
7,3264715,1583,1584,1,0,2,325486917
7,3264751,1581,1584,3,0,2,325486971
7,3265147,1582,1584,2,0,2,325487169
7,3265174,1582,1584,2,0,2,325487196
7,3265417,1580,1584,4,0,2,325487619
7,3265471,1579,1584,5,0,2,325487691
7,3265714,1581,1584,3,0,2,325487916
7,3265741,1581,1584,3,0,2,325487961
7,3267145,1581,1584,3,0,2,325489167
7,3267154,1581,1584,3,0,2,325489176
7,3267415,1582,1584,2,0,2,325489617
7,3267451,1580,1584,5,0,3,328967451
7,3267514,1581,1584,3,0,2,325489716
7,3267541,1580,1584,4,0,2,325489761
7,3271456,1581,1584,3,0,2,325491678
7,3271465,1581,1584,3,0,2,325491687
7,3271546,1581,1584,3,0,2,325491768
7,3271564,1581,1584,3,0,2,325491786
7,3271645,1581,1584,3,0,2,325491867
7,3271654,1580,1584,4,0,2,325491876
7,3274156,1582,1584,2,0,2,325496178
7,3274165,1582,1584,2,0,2,325496187
7,3274516,1582,1584,2,0,2,325496718
7,3274561,1580,1584,4,0,2,325496781
7,3274615,1583,1584,1,0,2,325496817
7,3274651,1581,1584,3,0,2,325496871
7,3275146,1583,1584,1,0,2,325497168
7,3275164,1583,1584,1,0,2,325497186
7,3275416,1582,1584,2,0,2,325497618
7,3275461,1581,1584,3,0,2,325497681
7,3275614,1581,1584,3,0,2,325497816
7,3275641,1580,1584,4,0,2,325497861
7,3276145,1581,1584,3,0,2,325498167
7,3276154,1581,1584,3,0,2,325498176
7,3276415,1582,1584,2,0,2,325498617
7,3276451,1580,1584,4,0,2,325498671
7,3276514,1581,1584,3,0,2,325498716
7,3276541,1579,1584,5,0,2,325498761
7,3412567,1579,1584,6,0,3,563412789
7,3412576,1579,1584,6,0,3,563412798
7,3412657,1579,1584,6,0,3,563412879
7,3412675,1579,1584,6,0,3,563412897
7,3412756,1579,1584,6,0,3,563412978
7,3412765,1579,1584,6,0,3,563412987
7,3415267,1581,1584,3,0,2,341528967
7,3415276,1581,1584,3,0,2,341527698
7,3415627,1582,1584,2,0,2,341785629
7,3415672,1581,1584,3,0,2,341589672
7,3415726,1583,1584,1,0,2,563417928
7,3415762,1581,1584,3,0,2,341576982
7,3416257,1583,1584,1,0,2,563418279
7,3416275,1583,1584,1,0,2,563418297
7,3416527,1582,1584,2,0,2,341658729
7,3416572,1581,1584,3,0,2,341658792
7,3416725,1582,1584,2,0,2,341896725
7,3416752,1581,1584,3,0,2,341685972
7,3417256,1582,1584,2,0,2,341927856
7,3417265,1582,1584,2,0,2,341926587
7,3417526,1583,1584,1,0,2,563419728
7,3417562,1581,1584,3,0,2,341759682
7,3417625,1582,1584,2,0,2,341769825
7,3417652,1581,1584,3,0,2,341769852
7,3421567,1579,1584,5,0,2,342158967
7,3421576,1579,1584,5,0,2,342157698
7,3421657,1579,1584,5,0,2,342165879
7,3421675,1579,1584,5,0,2,342168597
7,3421756,1579,1584,5,0,2,342175968
7,3421765,1579,1584,5,0,2,342176985
7,3425167,1581,1584,3,0,2,342518967
7,3425176,1581,1584,3,0,2,342517698
7,3425617,1581,1584,3,0,2,342785619
7,3425671,1580,1584,4,0,2,342589671
7,3425716,1582,1584,2,0,2,352647918
7,3425761,1580,1584,4,0,2,342576981
7,3426157,1582,1584,2,0,2,352648179
7,3426175,1582,1584,2,0,2,352648197
7,3426517,1581,1584,3,0,2,342658719
7,3426571,1580,1584,4,0,2,342658791
7,3426715,1581,1584,3,0,2,342896715
7,3426751,1580,1584,4,0,2,342685971
7,3427156,1581,1584,3,0,2,342917856
7,3427165,1581,1584,3,0,2,342916587
7,3427516,1582,1584,2,0,2,352649718
7,3427561,1580,1584,4,0,2,342759681
7,3427615,1581,1584,3,0,2,342769815
7,3427651,1580,1584,4,0,2,342769851
7,3451267,1579,1584,5,0,2,345128967
7,3451276,1579,1584,5,0,2,345127698
7,3451627,1581,1584,3,0,2,356172849
7,3451672,1581,1584,3,0,2,345189672
7,3451726,1582,1584,2,0,2,367451928
7,3451762,1581,1584,3,0,2,345176982
7,3452167,1579,1584,5,0,2,345218967
7,3452176,1579,1584,5,0,2,345217698
7,3452617,1581,1584,3,0,2,356274819
7,3452671,1580,1584,4,0,2,345289671
7,3452716,1581,1584,3,0,2,356274918
7,3452761,1580,1584,4,0,2,345276981
7,3456127,1579,1584,5,0,2,347856129
7,3456172,1580,1584,4,0,2,347856192
7,3456217,1579,1584,5,0,2,347856219
7,3456271,1580,1584,4,0,2,347856291
7,3456712,1578,1584,6,0,2,345896712
7,3456721,1578,1584,6,0,2,345896721
7,3457126,1581,1584,3,0,2,367459128
7,3457162,1582,1584,2,0,2,367459182
7,3457216,1581,1584,3,0,2,367459218
7,3457261,1582,1584,2,0,2,367459281
7,3457612,1579,1584,5,0,2,345769812
7,3457621,1579,1584,5,0,2,345769821
7,3461257,1582,1584,2,0,2,563481279
7,3461275,1582,1584,2,0,2,563481297
7,3461527,1583,1584,1,0,2,563481729
7,3461572,1583,1584,1,0,2,563481792
7,3461725,1583,1584,1,0,2,563481927
7,3461752,1583,1584,1,0,2,563481972
7,3462157,1582,1584,2,0,2,563482179
7,3462175,1582,1584,2,0,2,563482197
7,3462517,1583,1584,1,0,2,563482719
7,3462571,1583,1584,1,0,2,563482791
7,3462715,1583,1584,1,0,2,563482917
7,3462751,1583,1584,1,0,2,563482971
7,3465127,1580,1584,4,0,2,346587129
7,3465172,1581,1584,3,0,2,346587192
7,3465217,1580,1584,4,0,2,346587219
7,3465271,1581,1584,3,0,2,346587291
7,3465712,1579,1584,5,0,2,346587912
7,3465721,1579,1584,5,0,2,346587921
7,3467125,1581,1584,3,0,2,348967125
7,3467152,1582,1584,2,0,2,348967152
7,3467215,1581,1584,3,0,2,348967215
7,3467251,1582,1584,2,0,2,348967251
7,3467512,1580,1584,4,0,2,346859712
7,3467521,1580,1584,4,0,2,346859721
7,3471256,1581,1584,3,0,2,349127856
7,3471265,1581,1584,3,0,2,349126587
7,3471526,1583,1584,1,0,2,563491728
7,3471562,1582,1584,2,0,2,349178562
7,3471625,1583,1584,1,0,2,563491827
7,3471652,1582,1584,2,0,2,349165872
7,3472156,1581,1584,3,0,2,349217856
7,3472165,1581,1584,3,0,2,349216587
7,3472516,1583,1584,1,0,2,563492718
7,3472561,1582,1584,2,0,2,349278561
7,3472615,1583,1584,1,0,2,563492817
7,3472651,1582,1584,2,0,2,349265871
7,3475126,1582,1584,2,0,2,563497128
7,3475162,1583,1584,1,0,2,563497182
7,3475216,1582,1584,2,0,2,563497218
7,3475261,1583,1584,1,0,2,563497281
7,3475612,1580,1584,4,0,2,347596812
7,3475621,1580,1584,4,0,2,347596821
7,3476125,1581,1584,3,0,2,347698125
7,3476152,1582,1584,2,0,2,347698152
7,3476215,1581,1584,3,0,2,347698215
7,3476251,1582,1584,2,0,2,347698251
7,3476512,1579,1584,5,0,2,347698512
7,3476521,1579,1584,5,0,2,347698521
7,3512467,1581,1584,3,0,2,351248967
7,3512476,1581,1584,3,0,2,351247698
7,3512647,1583,1584,1,0,2,573412869
7,3512674,1582,1584,2,0,2,351289674
7,3512746,1583,1584,1,0,2,573412968
7,3512764,1582,1584,2,0,2,351276984
7,3514267,1582,1584,2,0,2,351428967
7,3514276,1582,1584,2,0,2,351427698
7,3514627,1584,1584,0,0,1,125736849
7,3514672,1583,1584,1,0,2,351489672
7,3514726,1584,1584,0,0,1,125736948
7,3514762,1583,1584,1,0,2,351476982
7,3516247,1583,1584,1,0,2,351728469
7,3516274,1583,1584,1,0,2,351728496
7,3516427,1584,1584,0,0,1,125738649
7,3516472,1584,1584,0,0,1,125738694
7,3516724,1583,1584,1,0,2,351896724
7,3516742,1583,1584,1,0,2,351896742
7,3517246,1583,1584,1,0,2,351729468
7,3517264,1584,1584,0,0,1,125739486
7,3517426,1584,1584,0,0,1,125739648
7,3517462,1584,1584,0,0,1,125739684
7,3517624,1583,1584,1,0,2,351769824
7,3517642,1583,1584,1,0,2,351769842
7,3521467,1582,1584,2,0,2,352148967
7,3521476,1582,1584,2,0,2,352147698
7,3521647,1583,1584,1,0,2,572143869
7,3521674,1582,1584,2,0,2,352189674
7,3521746,1583,1584,1,0,2,572143968
7,3521764,1582,1584,2,0,2,352176984
7,3524167,1581,1584,3,0,2,352418967
7,3524176,1581,1584,3,0,2,352417698
7,3524617,1582,1584,2,0,2,352746819
7,3524671,1581,1584,3,0,2,352489671
7,3524716,1582,1584,2,0,2,352746918
7,3524761,1581,1584,3,0,2,352476981
7,3526147,1584,1584,0,0,1,125748369
7,3526174,1584,1584,0,0,1,125748396
7,3526417,1583,1584,1,0,2,352748619
7,3526471,1583,1584,1,0,2,352748691
7,3526714,1583,1584,1,0,2,352896714
7,3526741,1583,1584,1,0,2,352896741
7,3527146,1584,1584,0,0,1,125749368
7,3527164,1584,1584,0,0,1,125749386
7,3527416,1584,1584,0,0,1,125749638
7,3527461,1583,1584,1,0,2,352749681
7,3527614,1583,1584,1,0,2,352769814
7,3527641,1583,1584,1,0,2,352769841
7,3541267,1580,1584,4,0,2,354128967
7,3541276,1580,1584,4,0,2,354127698
7,3541627,1582,1584,2,0,2,354761829
7,3541672,1581,1584,3,0,2,354189672
7,3541726,1582,1584,2,0,2,354761928
7,3541762,1581,1584,3,0,2,354176982
7,3542167,1580,1584,4,0,2,354218967
7,3542176,1580,1584,4,0,2,354217698
7,3542617,1582,1584,2,0,2,354762819
7,3542671,1581,1584,3,0,2,354289671
7,3542716,1582,1584,2,0,2,354762918
7,3542761,1581,1584,3,0,2,354276981
7,3546127,1580,1584,4,0,2,354768129
7,3546172,1581,1584,3,0,2,354768192
7,3546217,1580,1584,4,0,2,354768219
7,3546271,1581,1584,3,0,2,354768291
7,3546712,1579,1584,5,0,2,354768912
7,3546721,1579,1584,5,0,2,354768921
7,3547126,1581,1584,3,0,2,354769128
7,3547162,1582,1584,2,0,2,354769182
7,3547216,1581,1584,3,0,2,354769218
7,3547261,1582,1584,2,0,2,354769281
7,3547612,1579,1584,6,0,3,354769812
7,3547621,1579,1584,6,0,3,354769821
7,3561247,1581,1584,3,0,2,357182469
7,3561274,1582,1584,2,0,2,378561294
7,3561427,1583,1584,1,0,2,378561429
7,3561472,1583,1584,1,0,2,378561492
7,3561724,1582,1584,2,0,2,357182946
7,3561742,1583,1584,1,0,2,378561942
7,3562147,1582,1584,2,0,2,378562149
7,3562174,1582,1584,2,0,2,378562194
7,3562417,1582,1584,2,0,2,357284619
7,3562471,1582,1584,2,0,2,357284691
7,3562714,1583,1584,1,0,2,378562914
7,3562741,1582,1584,2,0,2,357284961
7,3564127,1581,1584,3,0,2,357486129
7,3564172,1582,1584,2,0,2,357486192
7,3564217,1581,1584,3,0,2,357486219
7,3564271,1582,1584,2,0,2,357486291
7,3564712,1581,1584,3,0,2,357486912
7,3564721,1581,1584,3,0,2,357486921
7,3567124,1580,1584,4,0,2,357819246
7,3567142,1582,1584,2,0,2,358967142
7,3567214,1581,1584,3,0,2,358967214
7,3567241,1581,1584,3,0,2,357829461
7,3567412,1580,1584,4,0,2,357849612
7,3567421,1580,1584,4,0,2,357849621
7,3571246,1582,1584,2,0,2,357192468
7,3571264,1583,1584,1,0,2,579341286
7,3571426,1584,1584,0,0,1,125793648
7,3571462,1584,1584,0,0,1,125793684
7,3571624,1584,1584,0,0,1,125793846
7,3571642,1584,1584,0,0,1,125793864
7,3572146,1583,1584,1,0,2,579214368
7,3572164,1583,1584,1,0,2,579214386
7,3572416,1584,1584,0,0,1,125794638
7,3572461,1583,1584,1,0,2,357294681
7,3572614,1584,1584,0,0,1,125794836
7,3572641,1584,1584,0,0,1,125794863
7,3574126,1583,1584,1,0,2,579634128
7,3574162,1584,1584,0,0,1,125796384
7,3574216,1583,1584,1,0,2,579621438
7,3574261,1584,1584,0,0,1,125796483
7,3574612,1581,1584,3,0,2,357496812
7,3574621,1581,1584,3,0,2,357496821
7,3576124,1581,1584,3,0,2,357698124
7,3576142,1582,1584,2,0,2,357698142
7,3576214,1581,1584,3,0,2,357698214
7,3576241,1582,1584,2,0,2,357698241
7,3576412,1581,1584,3,0,2,357698412
7,3576421,1581,1584,3,0,2,357698421
7,3612457,1582,1584,2,0,2,381267459
7,3612475,1583,1584,1,0,2,583412697
7,3612547,1582,1584,2,0,2,381254769
7,3612574,1583,1584,1,0,2,583412796
7,3612745,1582,1584,2,0,2,381296745
7,3612754,1582,1584,2,0,2,381295476
7,3614257,1584,1584,0,0,1,125836479
7,3614275,1584,1584,0,0,1,125836497
7,3614527,1583,1584,1,0,2,381674529
7,3614572,1583,1584,1,0,2,381674592
7,3614725,1584,1584,0,0,1,125836947
7,3614752,1584,1584,0,0,1,125836974
7,3615247,1584,1584,0,0,1,125837469
7,3615274,1584,1584,0,0,1,125837496
7,3615427,1582,1584,2,0,2,381547629
7,3615472,1583,1584,1,0,2,381547692
7,3615724,1584,1584,0,0,1,125837946
7,3615742,1584,1584,0,0,1,125837964
7,3617245,1583,1584,1,0,2,381926745
7,3617254,1583,1584,1,0,2,381925476
7,3617425,1584,1584,0,0,1,125839647
7,3617452,1583,1584,1,0,2,381967452
7,3617524,1584,1584,0,0,1,125839746
7,3617542,1583,1584,1,0,2,381954762
7,3621457,1582,1584,2,0,2,382167459
7,3621475,1583,1584,1,0,2,582143697
7,3621547,1582,1584,2,0,2,382154769
7,3621574,1583,1584,1,0,2,582143796
7,3621745,1582,1584,2,0,2,382196745
7,3621754,1582,1584,2,0,2,382195476
7,3624157,1584,1584,0,0,1,125846379
7,3624175,1584,1584,0,0,1,125846397
7,3624517,1583,1584,1,0,2,382674519
7,3624571,1583,1584,1,0,2,382674591
7,3624715,1584,1584,0,0,1,125846937
7,3624751,1584,1584,0,0,1,125846973
7,3625147,1583,1584,1,0,2,583726149
7,3625174,1584,1584,0,0,1,125847396
7,3625417,1582,1584,2,0,2,382547619
7,3625471,1582,1584,2,0,2,382547691
7,3625714,1584,1584,0,0,1,125847936
7,3625741,1584,1584,0,0,1,125847963
7,3627145,1583,1584,1,0,2,382916745
7,3627154,1583,1584,1,0,2,382915476
7,3627415,1584,1584,0,0,1,125849637
7,3627451,1583,1584,1,0,2,382967451
7,3627514,1584,1584,0,0,1,125849736
7,3627541,1583,1584,1,0,2,382954761
7,3641257,1583,1584,1,0,2,586341279
7,3641275,1583,1584,1,0,2,586341297
7,3641527,1584,1584,0,0,1,125863749
7,3641572,1584,1584,0,0,1,125863794
7,3641725,1584,1584,0,0,1,125863947
7,3641752,1584,1584,0,0,1,125863974
7,3642157,1583,1584,1,0,2,586214379
7,3642175,1583,1584,1,0,2,586214397
7,3642517,1584,1584,0,0,1,125864739
7,3642571,1584,1584,0,0,1,125864793
7,3642715,1584,1584,0,0,1,125864937
7,3642751,1584,1584,0,0,1,125864973
7,3645127,1581,1584,3,0,2,364857129
7,3645172,1582,1584,2,0,2,364857192
7,3645217,1581,1584,3,0,2,364857219
7,3645271,1582,1584,2,0,2,364857291
7,3645712,1581,1584,3,0,2,364857912
7,3645721,1581,1584,3,0,2,364857921
7,3647125,1583,1584,1,0,2,586934127
7,3647152,1584,1584,0,0,1,125869374
7,3647215,1583,1584,1,0,2,586921437
7,3647251,1584,1584,0,0,1,125869473
7,3647512,1581,1584,3,0,2,364859712
7,3647521,1581,1584,3,0,2,364859721
7,3651247,1582,1584,2,0,2,365871249
7,3651274,1582,1584,2,0,2,365871294
7,3651427,1583,1584,1,0,2,365871429
7,3651472,1583,1584,1,0,2,365871492
7,3651724,1583,1584,1,0,2,365871924
7,3651742,1583,1584,1,0,2,365871942
7,3652147,1582,1584,2,0,2,365872149
7,3652174,1582,1584,2,0,2,365872194
7,3652417,1583,1584,1,0,2,365872419
7,3652471,1583,1584,1,0,2,365872491
7,3652714,1583,1584,1,0,2,365872914
7,3652741,1583,1584,1,0,2,365872941
7,3654127,1580,1584,4,0,2,365874129
7,3654172,1581,1584,3,0,2,365874192
7,3654217,1580,1584,4,0,2,365874219
7,3654271,1581,1584,3,0,2,365874291
7,3654712,1579,1584,5,0,2,365874912
7,3654721,1579,1584,5,0,2,365874921
7,3657124,1581,1584,3,0,2,365879124
7,3657142,1582,1584,2,0,2,365879142
7,3657214,1581,1584,3,0,2,365879214
7,3657241,1582,1584,2,0,2,365879241
7,3657412,1581,1584,3,0,2,365879412
7,3657421,1581,1584,3,0,2,365879421
7,3671245,1581,1584,3,0,2,389126745
7,3671254,1581,1584,3,0,2,389125476
7,3671425,1583,1584,1,0,2,389671425
7,3671452,1582,1584,2,0,2,389167452
7,3671524,1583,1584,1,0,2,389671524
7,3671542,1582,1584,2,0,2,389154762
7,3672145,1581,1584,3,0,2,389216745
7,3672154,1581,1584,3,0,2,389215476
7,3672415,1583,1584,1,0,2,389672415
7,3672451,1582,1584,2,0,2,389267451
7,3672514,1583,1584,1,0,2,389672514
7,3672541,1582,1584,2,0,2,389254761
7,3674125,1582,1584,2,0,2,389674125
7,3674152,1583,1584,1,0,2,389674152
7,3674215,1582,1584,2,0,2,389674215
7,3674251,1583,1584,1,0,2,389674251
7,3674512,1580,1584,5,0,3,389674512
7,3674521,1580,1584,5,0,3,389674521
7,3675124,1581,1584,3,0,2,368597124
7,3675142,1582,1584,2,0,2,368597142
7,3675214,1581,1584,3,0,2,368597214
7,3675241,1582,1584,2,0,2,368597241
7,3675412,1580,1584,4,0,2,368597412
7,3675421,1580,1584,4,0,2,368597421
7,3712456,1581,1584,3,0,2,391247856
7,3712465,1581,1584,3,0,2,391246587
7,3712546,1581,1584,3,0,2,391254768
7,3712564,1581,1584,3,0,2,391257486
7,3712645,1581,1584,3,0,2,391264857
7,3712654,1581,1584,3,0,2,391265874
7,3714256,1583,1584,1,0,2,391427856
7,3714265,1583,1584,1,0,2,391426587
7,3714526,1583,1584,1,0,2,391674528
7,3714562,1582,1584,2,0,2,391478562
7,3714625,1584,1584,0,0,1,125936847
7,3714652,1582,1584,2,0,2,391465872
7,3715246,1584,1584,0,0,1,125937468
7,3715264,1584,1584,0,0,1,125937486
7,3715426,1583,1584,1,0,2,391547628
7,3715462,1582,1584,2,0,2,391547682
7,3715624,1583,1584,1,0,2,391785624
7,3715642,1582,1584,2,0,2,391574862
7,3716245,1583,1584,1,0,2,391826745
7,3716254,1583,1584,1,0,2,391825476
7,3716425,1584,1584,0,0,1,125938647
7,3716452,1582,1584,2,0,2,391648572
7,3716524,1583,1584,1,0,2,391658724
7,3716542,1581,1584,3,0,2,391658742
7,3721456,1581,1584,3,0,2,392147856
7,3721465,1581,1584,3,0,2,392146587
7,3721546,1581,1584,3,0,2,392154768
7,3721564,1581,1584,3,0,2,392157486
7,3721645,1581,1584,3,0,2,392164857
7,3721654,1581,1584,3,0,2,392165874
7,3724156,1583,1584,1,0,2,392417856
7,3724165,1583,1584,1,0,2,392416587
7,3724516,1583,1584,1,0,2,392674518
7,3724561,1582,1584,2,0,2,392478561
7,3724615,1584,1584,0,0,1,125946837
7,3724651,1582,1584,2,0,2,392465871
7,3725146,1584,1584,0,0,1,125947368
7,3725164,1584,1584,0,0,1,125947386
7,3725416,1583,1584,1,0,2,392547618
7,3725461,1582,1584,2,0,2,392547681
7,3725614,1583,1584,1,0,2,392785614
7,3725641,1582,1584,2,0,2,392574861
7,3726145,1583,1584,1,0,2,392816745
7,3726154,1582,1584,2,0,2,392815476
7,3726415,1584,1584,0,0,1,125948637
7,3726451,1582,1584,2,0,2,392648571
7,3726514,1583,1584,1,0,2,392658714
7,3726541,1581,1584,3,0,2,392658741
7,3741256,1582,1584,2,0,2,394127856
7,3741265,1582,1584,2,0,2,394126587
7,3741526,1584,1584,0,0,1,125963748
7,3741562,1583,1584,1,0,2,394178562
7,3741625,1584,1584,0,0,1,125963847
7,3741652,1583,1584,1,0,2,394165872
7,3742156,1582,1584,2,0,2,394217856
7,3742165,1582,1584,2,0,2,394216587
7,3742516,1584,1584,0,0,1,125964738
7,3742561,1583,1584,1,0,2,394278561
7,3742615,1584,1584,0,0,1,125964837
7,3742651,1583,1584,1,0,2,394265871
7,3745126,1582,1584,2,0,2,396745128
7,3745162,1583,1584,1,0,2,396745182
7,3745216,1582,1584,2,0,2,396745218
7,3745261,1583,1584,1,0,2,396745281
7,3745612,1580,1584,4,0,2,374956812
7,3745621,1580,1584,4,0,2,374956821
7,3746125,1583,1584,1,0,2,596834127
7,3746152,1584,1584,0,0,1,125968374
7,3746215,1583,1584,1,0,2,596821437
7,3746251,1584,1584,0,0,1,125968473
7,3746512,1581,1584,3,0,2,394658712
7,3746521,1581,1584,3,0,2,394658721
7,3751246,1583,1584,1,0,2,597341268
7,3751264,1583,1584,1,0,2,597341286
7,3751426,1584,1584,0,0,1,125973648
7,3751462,1584,1584,0,0,1,125973684
7,3751624,1584,1584,0,0,1,125973846
7,3751642,1584,1584,0,0,1,125973864
7,3752146,1583,1584,1,0,2,597214368
7,3752164,1583,1584,1,0,2,597214386
7,3752416,1584,1584,0,0,1,125974638
7,3752461,1584,1584,0,0,1,125974683
7,3752614,1584,1584,0,0,1,125974836
7,3752641,1584,1584,0,0,1,125974863
7,3754126,1582,1584,2,0,2,395476128
7,3754162,1583,1584,1,0,2,395476182
7,3754216,1582,1584,2,0,2,395476218
7,3754261,1583,1584,1,0,2,395476281
7,3754612,1581,1584,3,0,2,395476812
7,3754621,1581,1584,3,0,2,395476821
7,3756124,1581,1584,3,0,2,375968124
7,3756142,1582,1584,2,0,2,375968142
7,3756214,1581,1584,3,0,2,375968214
7,3756241,1582,1584,2,0,2,375968241
7,3756412,1580,1584,4,0,2,375968412
7,3756421,1580,1584,4,0,2,375968421
7,3761245,1581,1584,3,0,2,376981245
7,3761254,1581,1584,3,0,2,376981254
7,3761425,1583,1584,1,0,2,376981425
7,3761452,1582,1584,2,0,2,376981452
7,3761524,1583,1584,1,0,2,376981524
7,3761542,1582,1584,2,0,2,376981542
7,3762145,1581,1584,3,0,2,376982145
7,3762154,1581,1584,3,0,2,376982154
7,3762415,1583,1584,1,0,2,376982415
7,3762451,1582,1584,2,0,2,376982451
7,3762514,1583,1584,1,0,2,376982514
7,3762541,1582,1584,2,0,2,376982541
7,3764125,1582,1584,2,0,2,376984125
7,3764152,1583,1584,1,0,2,376984152
7,3764215,1582,1584,2,0,2,376984215
7,3764251,1583,1584,1,0,2,376984251
7,3764512,1580,1584,4,0,2,376984512
7,3764521,1580,1584,4,0,2,376984521
7,3765124,1581,1584,3,0,2,376985124
7,3765142,1582,1584,2,0,2,376985142
7,3765214,1581,1584,3,0,2,376985214
7,3765241,1582,1584,2,0,2,376985241
7,3765412,1579,1584,5,0,2,376985412
7,3765421,1579,1584,5,0,2,376985421
7,4123567,1579,1584,5,0,2,412358967
7,4123576,1579,1584,5,0,2,412357698
7,4123657,1579,1584,5,0,2,412365879
7,4123675,1579,1584,5,0,2,412368597
7,4123756,1579,1584,5,0,2,412375968
7,4123765,1579,1584,5,0,2,412376985
7,4125367,1582,1584,2,0,2,412538967
7,4125376,1582,1584,2,0,2,412537698
7,4125637,1582,1584,2,0,2,412785639
7,4125673,1581,1584,3,0,2,412589673
7,4125736,1583,1584,1,0,2,634127958
7,4125763,1581,1584,3,0,2,412576983
7,4126357,1583,1584,1,0,2,634128579
7,4126375,1583,1584,1,0,2,634128597
7,4126537,1582,1584,2,0,2,412658739
7,4126573,1581,1584,3,0,2,412658793
7,4126735,1582,1584,2,0,2,412896735
7,4126753,1581,1584,3,0,2,412685973
7,4127356,1582,1584,2,0,2,412937856
7,4127365,1582,1584,2,0,2,412936587
7,4127536,1583,1584,1,0,2,634129758
7,4127563,1581,1584,3,0,2,412759683
7,4127635,1582,1584,2,0,2,412769835
7,4127653,1581,1584,3,0,2,412769853
7,4132567,1580,1584,4,0,2,413258967
7,4132576,1580,1584,4,0,2,413257698
7,4132657,1580,1584,4,0,2,413265879
7,4132675,1580,1584,4,0,2,413268597
7,4132756,1580,1584,4,0,2,413275968
7,4132765,1580,1584,4,0,2,413276985
7,4135267,1583,1584,1,0,2,413528967
7,4135276,1583,1584,1,0,2,413527698
7,4135627,1583,1584,1,0,2,413785629
7,4135672,1582,1584,2,0,2,413589672
7,4135726,1584,1584,0,0,1,126357948
7,4135762,1582,1584,2,0,2,413576982
7,4136257,1584,1584,0,0,1,126358479
7,4136275,1584,1584,0,0,1,126358497
7,4136527,1583,1584,1,0,2,413658729
7,4136572,1582,1584,2,0,2,413658792
7,4136725,1583,1584,1,0,2,413896725
7,4136752,1582,1584,2,0,2,413685972
7,4137256,1583,1584,1,0,2,413927856
7,4137265,1583,1584,1,0,2,413926587
7,4137526,1584,1584,0,0,1,126359748
7,4137562,1582,1584,2,0,2,413759682
7,4137625,1583,1584,1,0,2,413769825
7,4137652,1582,1584,2,0,2,413769852
7,4152367,1581,1584,3,0,2,415238967
7,4152376,1581,1584,3,0,2,415237698
7,4152637,1583,1584,1,0,2,416273859
7,4152673,1583,1584,1,0,2,415289673
7,4152736,1584,1584,0,0,1,126374958
7,4152763,1583,1584,1,0,2,415276983
7,4153267,1582,1584,2,0,2,415328967
7,4153276,1582,1584,2,0,2,415327698
7,4153627,1584,1584,0,0,1,126375849
7,4153672,1583,1584,1,0,2,415389672
7,4153726,1584,1584,0,0,1,126375948
7,4153762,1583,1584,1,0,2,415376982
7,4156237,1582,1584,2,0,2,417856239
7,4156273,1583,1584,1,0,2,417856293
7,4156327,1582,1584,2,0,2,417856329
7,4156372,1583,1584,1,0,2,417856392
7,4156723,1581,1584,3,0,2,415896723
7,4156732,1581,1584,3,0,2,415896732
7,4157236,1583,1584,1,0,2,617945238
7,4157263,1584,1584,0,0,1,126379485
7,4157326,1583,1584,1,0,2,617932548
7,4157362,1584,1584,0,0,1,126379584
7,4157623,1581,1584,3,0,2,415769823
7,4157632,1581,1584,3,0,2,415769832
7,4162357,1582,1584,2,0,2,416283579
7,4162375,1583,1584,1,0,2,618452397
7,4162537,1584,1584,0,0,1,126384759
7,4162573,1584,1584,0,0,1,126384795
7,4162735,1583,1584,1,0,2,416283957
7,4162753,1584,1584,0,0,1,126384975
7,4163257,1583,1584,1,0,2,618325479
7,4163275,1583,1584,1,0,2,618325497
7,4163527,1584,1584,0,0,1,126385749
7,4163572,1584,1584,0,0,1,126385794
7,4163725,1584,1584,0,0,1,126385947
7,4163752,1584,1584,0,0,1,126385974
7,4165237,1582,1584,2,0,2,416587239
7,4165273,1583,1584,1,0,2,416587293
7,4165327,1582,1584,2,0,2,416587329
7,4165372,1583,1584,1,0,2,416587392
7,4165723,1581,1584,3,0,2,416587923
7,4165732,1581,1584,3,0,2,416587932
7,4167235,1582,1584,2,0,2,418967235
7,4167253,1583,1584,1,0,2,418967253
7,4167325,1582,1584,2,0,2,418967325
7,4167352,1583,1584,1,0,2,418967352
7,4167523,1581,1584,3,0,2,416859723
7,4167532,1581,1584,3,0,2,416859732
7,4172356,1582,1584,2,0,2,419237856
7,4172365,1582,1584,2,0,2,419236587
7,4172536,1584,1584,0,0,1,126394758
7,4172563,1583,1584,1,0,2,419278563
7,4172635,1584,1584,0,0,1,126394857
7,4172653,1583,1584,1,0,2,419265873
7,4173256,1582,1584,2,0,2,419327856
7,4173265,1582,1584,2,0,2,419326587
7,4173526,1584,1584,0,0,1,126395748
7,4173562,1583,1584,1,0,2,419378562
7,4173625,1584,1584,0,0,1,126395847
7,4173652,1583,1584,1,0,2,419365872
7,4175236,1583,1584,1,0,2,619745238
7,4175263,1584,1584,0,0,1,126397485
7,4175326,1583,1584,1,0,2,619732548
7,4175362,1584,1584,0,0,1,126397584
7,4175623,1581,1584,3,0,2,417596823
7,4175632,1581,1584,3,0,2,417596832
7,4176235,1582,1584,2,0,2,417698235
7,4176253,1583,1584,1,0,2,417698253
7,4176325,1582,1584,2,0,2,417698325
7,4176352,1583,1584,1,0,2,417698352
7,4176523,1581,1584,3,0,2,417698523
7,4176532,1581,1584,3,0,2,417698532
7,4213567,1580,1584,4,0,2,421358967
7,4213576,1580,1584,4,0,2,421357698
7,4213657,1580,1584,4,0,2,421365879
7,4213675,1580,1584,4,0,2,421368597
7,4213756,1580,1584,4,0,2,421375968
7,4213765,1580,1584,4,0,2,421376985
7,4215367,1581,1584,3,0,2,421538967
7,4215376,1581,1584,3,0,2,421537698
7,4215637,1582,1584,2,0,2,421785639
7,4215673,1581,1584,3,0,2,421589673
7,4215736,1583,1584,1,0,2,621437958
7,4215763,1581,1584,3,0,2,421576983
7,4216357,1583,1584,1,0,2,621438579
7,4216375,1583,1584,1,0,2,621438597
7,4216537,1581,1584,3,0,2,421658739
7,4216573,1581,1584,3,0,2,421658793
7,4216735,1582,1584,2,0,2,421896735
7,4216753,1581,1584,3,0,2,421685973
7,4217356,1582,1584,2,0,2,421937856
7,4217365,1582,1584,2,0,2,421936587
7,4217536,1583,1584,1,0,2,621439758
7,4217563,1581,1584,3,0,2,421759683
7,4217635,1582,1584,2,0,2,421769835
7,4217653,1580,1584,4,0,2,421769853
7,4231567,1579,1584,5,0,2,423158967
7,4231576,1579,1584,5,0,2,423157698
7,4231657,1579,1584,5,0,2,423165879
7,4231675,1579,1584,5,0,2,423168597
7,4231756,1579,1584,5,0,2,423175968
7,4231765,1579,1584,5,0,2,423176985
7,4235167,1581,1584,3,0,2,423518967
7,4235176,1581,1584,3,0,2,423517698
7,4235617,1581,1584,3,0,2,423785619
7,4235671,1580,1584,4,0,2,423589671
7,4235716,1582,1584,2,0,2,426357918
7,4235761,1580,1584,4,0,2,423576981
7,4236157,1582,1584,2,0,2,426358179
7,4236175,1582,1584,2,0,2,426358197
7,4236517,1581,1584,3,0,2,423658719
7,4236571,1580,1584,4,0,2,423658791
7,4236715,1581,1584,3,0,2,423896715
7,4236751,1580,1584,4,0,2,423685971
7,4237156,1581,1584,3,0,2,423917856
7,4237165,1581,1584,3,0,2,423916587
7,4237516,1582,1584,2,0,2,426359718
7,4237561,1580,1584,4,0,2,423759681
7,4237615,1581,1584,3,0,2,423769815
7,4237651,1580,1584,4,0,2,423769851
7,4251367,1582,1584,2,0,2,425138967
7,4251376,1582,1584,2,0,2,425137698
7,4251637,1584,1584,0,0,1,126473859
7,4251673,1583,1584,1,0,2,425189673
7,4251736,1584,1584,0,0,1,126473958
7,4251763,1583,1584,1,0,2,425176983
7,4253167,1581,1584,3,0,2,425318967
7,4253176,1581,1584,3,0,2,425317698
7,4253617,1582,1584,2,0,2,426375819
7,4253671,1581,1584,3,0,2,425389671
7,4253716,1582,1584,2,0,2,426375918
7,4253761,1581,1584,3,0,2,425376981
7,4256137,1583,1584,1,0,2,427856139
7,4256173,1583,1584,1,0,2,427856193
7,4256317,1583,1584,1,0,2,427856319
7,4256371,1583,1584,1,0,2,427856391
7,4256713,1582,1584,2,0,2,425896713
7,4256731,1582,1584,2,0,2,425896731
7,4257136,1584,1584,0,0,1,126479358
7,4257163,1584,1584,0,0,1,126479385
7,4257316,1584,1584,0,0,1,126479538
7,4257361,1584,1584,0,0,1,126479583
7,4257613,1582,1584,2,0,2,425769813
7,4257631,1582,1584,2,0,2,425769831
7,4261357,1584,1584,0,0,1,126483579
7,4261375,1584,1584,0,0,1,126483597
7,4261537,1583,1584,1,0,2,648271539
7,4261573,1584,1584,0,0,1,126483795
7,4261735,1584,1584,0,0,1,126483957
7,4261753,1584,1584,0,0,1,126483975
7,4263157,1584,1584,0,0,1,126485379
7,4263175,1584,1584,0,0,1,126485397
7,4263517,1583,1584,1,0,2,426385719
7,4263571,1583,1584,1,0,2,426385791
7,4263715,1584,1584,0,0,1,126485937
7,4263751,1583,1584,1,0,2,426385971
7,4265137,1583,1584,1,0,2,426587139
7,4265173,1583,1584,1,0,2,426587193
7,4265317,1582,1584,2,0,2,426587319
7,4265371,1582,1584,2,0,2,426587391
7,4265713,1582,1584,2,0,2,426587913
7,4265731,1582,1584,2,0,2,426587931
7,4267135,1583,1584,1,0,2,428967135
7,4267153,1583,1584,1,0,2,428967153
7,4267315,1583,1584,1,0,2,428967315
7,4267351,1583,1584,1,0,2,428967351
7,4267513,1582,1584,2,0,2,426859713
7,4267531,1582,1584,2,0,2,426859731
7,4271356,1583,1584,1,0,2,429137856
7,4271365,1583,1584,1,0,2,429136587
7,4271536,1584,1584,0,0,1,126493758
7,4271563,1583,1584,1,0,2,429178563
7,4271635,1584,1584,0,0,1,126493857
7,4271653,1582,1584,2,0,2,429165873
7,4273156,1583,1584,1,0,2,429317856
7,4273165,1583,1584,1,0,2,429316587
7,4273516,1584,1584,0,0,1,126495738
7,4273561,1583,1584,1,0,2,429378561
7,4273615,1584,1584,0,0,1,126495837
7,4273651,1583,1584,1,0,2,429365871
7,4275136,1584,1584,0,0,1,126497358
7,4275163,1584,1584,0,0,1,126497385
7,4275316,1584,1584,0,0,1,126497538
7,4275361,1584,1584,0,0,1,126497583
7,4275613,1582,1584,2,0,2,427596813
7,4275631,1582,1584,2,0,2,427596831
7,4276135,1583,1584,1,0,2,427698135
7,4276153,1583,1584,1,0,2,427698153
7,4276315,1583,1584,1,0,2,427698315
7,4276351,1583,1584,1,0,2,427698351
7,4276513,1582,1584,2,0,2,427698513
7,4276531,1581,1584,3,0,2,427698531
7,4312567,1579,1584,5,0,2,431258967
7,4312576,1579,1584,5,0,2,431257698
7,4312657,1579,1584,5,0,2,431265879
7,4312675,1579,1584,5,0,2,431268597
7,4312756,1579,1584,5,0,2,431275968
7,4312765,1579,1584,5,0,2,431276985
7,4315267,1582,1584,2,0,2,431528967
7,4315276,1582,1584,2,0,2,431527698
7,4315627,1582,1584,2,0,2,431785629
7,4315672,1581,1584,3,0,2,431589672
7,4315726,1583,1584,1,0,2,436517928
7,4315762,1581,1584,3,0,2,431576982
7,4316257,1583,1584,1,0,2,436518279
7,4316275,1583,1584,1,0,2,436518297
7,4316527,1582,1584,2,0,2,431658729
7,4316572,1581,1584,3,0,2,431658792
7,4316725,1582,1584,2,0,2,431896725
7,4316752,1581,1584,3,0,2,431685972
7,4317256,1582,1584,2,0,2,431927856
7,4317265,1582,1584,2,0,2,431926587
7,4317526,1583,1584,1,0,2,436519728
7,4317562,1581,1584,3,0,2,431759682
7,4317625,1582,1584,2,0,2,431769825
7,4317652,1581,1584,3,0,2,431769852
7,4321567,1578,1584,6,0,2,432158967
7,4321576,1578,1584,6,0,2,432157698
7,4321657,1578,1584,6,0,2,432165879
7,4321675,1579,1584,5,0,2,432168597
7,4321756,1579,1584,5,0,2,432175968
7,4321765,1578,1584,6,0,2,432176985
7,4325167,1580,1584,4,0,2,432518967
7,4325176,1580,1584,4,0,2,432517698
7,4325617,1580,1584,4,0,2,432785619
7,4325671,1579,1584,5,0,2,432589671
7,4325716,1581,1584,3,0,2,436527918
7,4325761,1579,1584,5,0,2,432576981
7,4326157,1581,1584,3,0,2,436528179
7,4326175,1582,1584,2,0,2,436528197
7,4326517,1580,1584,4,0,2,432658719
7,4326571,1579,1584,5,0,2,432658791
7,4326715,1581,1584,3,0,2,432896715
7,4326751,1580,1584,4,0,2,432685971
7,4327156,1581,1584,3,0,2,432917856
7,4327165,1580,1584,4,0,2,432916587
7,4327516,1582,1584,2,0,2,436529718
7,4327561,1580,1584,4,0,2,432759681
7,4327615,1581,1584,3,0,2,432769815
7,4327651,1579,1584,5,0,2,432769851
7,4351267,1580,1584,4,0,2,435128967
7,4351276,1580,1584,4,0,2,435127698
7,4351627,1582,1584,2,0,2,436571829
7,4351672,1581,1584,3,0,2,435189672
7,4351726,1582,1584,2,0,2,436571928
7,4351762,1581,1584,3,0,2,435176982
7,4352167,1580,1584,4,0,2,435218967
7,4352176,1580,1584,4,0,2,435217698
7,4352617,1582,1584,2,0,2,436572819
7,4352671,1581,1584,3,0,2,435289671
7,4352716,1582,1584,2,0,2,436572918
7,4352761,1581,1584,3,0,2,435276981
7,4356127,1580,1584,4,0,2,436578129
7,4356172,1581,1584,3,0,2,436578192
7,4356217,1580,1584,4,0,2,436578219
7,4356271,1581,1584,3,0,2,436578291
7,4356712,1579,1584,5,0,2,435896712
7,4356721,1579,1584,5,0,2,435896721
7,4357126,1581,1584,3,0,2,436579128
7,4357162,1582,1584,2,0,2,436579182
7,4357216,1581,1584,3,0,2,436579218
7,4357261,1582,1584,2,0,2,436579281
7,4357612,1579,1584,5,0,2,435769812
7,4357621,1579,1584,5,0,2,435769821
7,4361257,1582,1584,2,0,2,436581279
7,4361275,1582,1584,2,0,2,436581297
7,4361527,1583,1584,1,0,2,436581729
7,4361572,1583,1584,1,0,2,436581792
7,4361725,1583,1584,1,0,2,436581927
7,4361752,1583,1584,1,0,2,436581972
7,4362157,1582,1584,2,0,2,436582179
7,4362175,1582,1584,2,0,2,436582197
7,4362517,1582,1584,2,0,2,436582719
7,4362571,1582,1584,2,0,2,436582791
7,4362715,1583,1584,1,0,2,436582917
7,4362751,1583,1584,1,0,2,436582971
7,4365127,1580,1584,5,0,3,436587129
7,4365172,1581,1584,4,0,3,436587192
7,4365217,1580,1584,5,0,3,436587219
7,4365271,1581,1584,4,0,3,436587291
7,4365712,1579,1584,6,0,3,436587912
7,4365721,1579,1584,6,0,3,436587921
7,4367125,1581,1584,3,0,2,436589127
7,4367152,1582,1584,2,0,2,436589172
7,4367215,1581,1584,3,0,2,436589217
7,4367251,1582,1584,2,0,2,436589271
7,4367512,1580,1584,4,0,2,436589712
7,4367521,1580,1584,4,0,2,436589721
7,4371256,1581,1584,3,0,2,436591278
7,4371265,1581,1584,3,0,2,436591287
7,4371526,1583,1584,1,0,2,436591728
7,4371562,1582,1584,2,0,2,436591782
7,4371625,1583,1584,1,0,2,436591827
7,4371652,1582,1584,2,0,2,436591872
7,4372156,1581,1584,3,0,2,436592178
7,4372165,1581,1584,3,0,2,436592187
7,4372516,1583,1584,1,0,2,436592718
7,4372561,1582,1584,2,0,2,436592781
7,4372615,1582,1584,2,0,2,436592817
7,4372651,1581,1584,3,0,2,436592871
7,4375126,1582,1584,2,0,2,436597128
7,4375162,1583,1584,1,0,2,436597182
7,4375216,1582,1584,2,0,2,436597218
7,4375261,1583,1584,1,0,2,436597281
7,4375612,1580,1584,4,0,2,436597812
7,4375621,1580,1584,4,0,2,436597821
7,4376125,1581,1584,3,0,2,436598127
7,4376152,1582,1584,2,0,2,436598172
7,4376215,1581,1584,3,0,2,436598217
7,4376251,1582,1584,2,0,2,436598271
7,4376512,1579,1584,5,0,2,436598712
7,4376521,1579,1584,5,0,2,436598721
7,4512367,1579,1584,5,0,2,451238967
7,4512376,1579,1584,5,0,2,451237698
7,4512637,1582,1584,2,0,2,673412859
7,4512673,1581,1584,3,0,2,451289673
7,4512736,1582,1584,2,0,2,673412958
7,4512763,1581,1584,3,0,2,451276983
7,4513267,1580,1584,4,0,2,451328967
7,4513276,1580,1584,4,0,2,451327698
7,4513627,1583,1584,1,0,2,674513829
7,4513672,1582,1584,2,0,2,451389672
7,4513726,1583,1584,1,0,2,674513928
7,4513762,1582,1584,2,0,2,451376982
7,4516237,1581,1584,3,0,2,461728359
7,4516273,1582,1584,2,0,2,461728395
7,4516327,1582,1584,2,0,2,671832549
7,4516372,1583,1584,1,0,2,674518392
7,4516723,1581,1584,3,0,2,451896723
7,4516732,1581,1584,3,0,2,451896732
7,4517236,1582,1584,2,0,2,671945238
7,4517263,1583,1584,1,0,2,674519283
7,4517326,1582,1584,2,0,2,671932548
7,4517362,1583,1584,1,0,2,674519382
7,4517623,1581,1584,3,0,2,451769823
7,4517632,1581,1584,3,0,2,451769832
7,4521367,1580,1584,4,0,2,452138967
7,4521376,1580,1584,4,0,2,452137698
7,4521637,1582,1584,2,0,2,672143859
7,4521673,1581,1584,3,0,2,452189673
7,4521736,1582,1584,2,0,2,672143958
7,4521763,1581,1584,3,0,2,452176983
7,4523167,1579,1584,6,0,3,674523189
7,4523176,1579,1584,6,0,3,674523198
7,4523617,1581,1584,4,0,3,674523819
7,4523671,1580,1584,5,0,3,674523891
7,4523716,1581,1584,4,0,3,674523918
7,4523761,1580,1584,5,0,3,674523981
7,4526137,1583,1584,1,0,2,674528139
7,4526173,1583,1584,1,0,2,674528193
7,4526317,1582,1584,2,0,2,462738519
7,4526371,1582,1584,2,0,2,462738591
7,4526713,1582,1584,2,0,2,452896713
7,4526731,1582,1584,2,0,2,452896731
7,4527136,1583,1584,1,0,2,674529138
7,4527163,1583,1584,1,0,2,674529183
7,4527316,1583,1584,1,0,2,674529318
7,4527361,1583,1584,1,0,2,674529381
7,4527613,1582,1584,2,0,2,452769813
7,4527631,1582,1584,2,0,2,452769831
7,4531267,1579,1584,5,0,2,453128967
7,4531276,1579,1584,5,0,2,453127698
7,4531627,1582,1584,2,0,2,463751829
7,4531672,1581,1584,3,0,2,453189672
7,4531726,1582,1584,2,0,2,463751928
7,4531762,1581,1584,3,0,2,453176982
7,4532167,1579,1584,5,0,2,453218967
7,4532176,1579,1584,5,0,2,453217698
7,4532617,1581,1584,3,0,2,463752819
7,4532671,1580,1584,4,0,2,453289671
7,4532716,1581,1584,3,0,2,463752918
7,4532761,1580,1584,4,0,2,453276981
7,4536127,1581,1584,3,0,2,463758129
7,4536172,1582,1584,2,0,2,463758192
7,4536217,1581,1584,3,0,2,463758219
7,4536271,1582,1584,2,0,2,463758291
7,4536712,1580,1584,4,0,2,453896712
7,4536721,1580,1584,4,0,2,453896721
7,4537126,1581,1584,3,0,2,463759128
7,4537162,1582,1584,2,0,2,463759182
7,4537216,1581,1584,3,0,2,463759218
7,4537261,1582,1584,2,0,2,463759281
7,4537612,1580,1584,4,0,2,453769812
7,4537621,1580,1584,4,0,2,453769821
7,4561237,1579,1584,5,0,2,467182359
7,4561273,1581,1584,3,0,2,478561293
7,4561327,1580,1584,4,0,2,478561329
7,4561372,1582,1584,2,0,2,478561392
7,4561723,1580,1584,4,0,2,467182935
7,4561732,1581,1584,3,0,2,478561932
7,4562137,1580,1584,4,0,2,478562139
7,4562173,1581,1584,3,0,2,478562193
7,4562317,1579,1584,5,0,2,467283519
7,4562371,1580,1584,4,0,2,467283591
7,4562713,1582,1584,2,0,2,478562913
7,4562731,1581,1584,3,0,2,467283951
7,4563127,1579,1584,5,0,2,467385129
7,4563172,1581,1584,3,0,2,467385192
7,4563217,1579,1584,5,0,2,467385219
7,4563271,1580,1584,4,0,2,467385291
7,4563712,1580,1584,4,0,2,467385912
7,4563721,1580,1584,4,0,2,467385921
7,4567123,1578,1584,6,0,2,458967123
7,4567132,1579,1584,5,0,2,458967132
7,4567213,1579,1584,5,0,2,458967213
7,4567231,1578,1584,6,0,2,458967231
7,4567312,1578,1584,6,0,2,458967312
7,4567321,1578,1584,6,0,2,458967321
7,4571236,1581,1584,3,0,2,674591238
7,4571263,1582,1584,2,0,2,674591283
7,4571326,1581,1584,3,0,2,674591328
7,4571362,1583,1584,1,0,2,674591382
7,4571623,1582,1584,2,0,2,674591823
7,4571632,1582,1584,2,0,2,674591832
7,4572136,1581,1584,3,0,2,674592138
7,4572163,1582,1584,2,0,2,674592183
7,4572316,1581,1584,3,0,2,674592318
7,4572361,1582,1584,2,0,2,674592381
7,4572613,1583,1584,1,0,2,674592813
7,4572631,1583,1584,1,0,2,674592831
7,4573126,1581,1584,3,0,2,674593128
7,4573162,1583,1584,1,0,2,674593182
7,4573216,1581,1584,3,0,2,674593218
7,4573261,1582,1584,2,0,2,674593281
7,4573612,1582,1584,2,0,2,674593812
7,4573621,1582,1584,2,0,2,674593821
7,4576123,1579,1584,5,0,2,457698123
7,4576132,1579,1584,5,0,2,457698132
7,4576213,1579,1584,5,0,2,457698213
7,4576231,1579,1584,5,0,2,457698231
7,4576312,1579,1584,5,0,2,457698312
7,4576321,1579,1584,5,0,2,457698321
7,4612357,1581,1584,3,0,2,461823579
7,4612375,1582,1584,2,0,2,681452397
7,4612537,1583,1584,1,0,2,683412759
7,4612573,1583,1584,1,0,2,683412795
7,4612735,1583,1584,1,0,2,683412957
7,4612753,1583,1584,1,0,2,683412975
7,4613257,1582,1584,2,0,2,681325479
7,4613275,1582,1584,2,0,2,681325497
7,4613527,1584,1584,0,0,1,126835749
7,4613572,1584,1584,0,0,1,126835794
7,4613725,1584,1584,0,0,1,126835947
7,4613752,1584,1584,0,0,1,126835974
7,4615237,1583,1584,1,0,2,681745239
7,4615273,1584,1584,0,0,1,126837495
7,4615327,1583,1584,1,0,2,681732549
7,4615372,1584,1584,0,0,1,126837594
7,4615723,1583,1584,1,0,2,681794523
7,4615732,1583,1584,1,0,2,681793254
7,4617235,1582,1584,2,0,2,461829357
7,4617253,1584,1584,0,0,1,126839475
7,4617325,1583,1584,1,0,2,681932547
7,4617352,1584,1584,0,0,1,126839574
7,4617523,1583,1584,1,0,2,681974523
7,4617532,1583,1584,1,0,2,681973254
7,4621357,1582,1584,2,0,2,682143579
7,4621375,1582,1584,2,0,2,682143597
7,4621537,1583,1584,1,0,2,682143759
7,4621573,1583,1584,1,0,2,682143795
7,4621735,1583,1584,1,0,2,682143957
7,4621753,1583,1584,1,0,2,682143975
7,4623157,1582,1584,2,0,2,682415379
7,4623175,1582,1584,2,0,2,682415397
7,4623517,1582,1584,2,0,2,462835719
7,4623571,1582,1584,2,0,2,462835791
7,4623715,1583,1584,1,0,2,684523917
7,4623751,1583,1584,1,0,2,684523971
7,4625137,1583,1584,1,0,2,684725139
7,4625173,1584,1584,0,0,1,126847395
7,4625317,1583,1584,1,0,2,684725319
7,4625371,1583,1584,1,0,2,684725391
7,4625713,1584,1584,0,0,1,126847935
7,4625731,1584,1584,0,0,1,126847953
7,4627135,1584,1584,0,0,1,126849357
7,4627153,1584,1584,0,0,1,126849375
7,4627315,1584,1584,0,0,1,126849537
7,4627351,1583,1584,1,0,2,462839571
7,4627513,1584,1584,0,0,1,126849735
7,4627531,1584,1584,0,0,1,126849753
7,4631257,1582,1584,2,0,2,683152479
7,4631275,1582,1584,2,0,2,683152497
7,4631527,1584,1584,0,0,1,126853749
7,4631572,1584,1584,0,0,1,126853794
7,4631725,1584,1584,0,0,1,126853947
7,4631752,1584,1584,0,0,1,126853974
7,4632157,1582,1584,2,0,2,683254179
7,4632175,1582,1584,2,0,2,683254197
7,4632517,1583,1584,1,0,2,683254719
7,4632571,1583,1584,1,0,2,683254791
7,4632715,1583,1584,1,0,2,683254917
7,4632751,1583,1584,1,0,2,683254971
7,4635127,1581,1584,3,0,2,463857129
7,4635172,1582,1584,2,0,2,463857192
7,4635217,1581,1584,3,0,2,463857219
7,4635271,1582,1584,2,0,2,463857291
7,4635712,1581,1584,3,0,2,463857912
7,4635721,1581,1584,3,0,2,463857921
7,4637125,1583,1584,1,0,2,685934127
7,4637152,1584,1584,0,0,1,126859374
7,4637215,1583,1584,1,0,2,685921437
7,4637251,1584,1584,0,0,1,126859473
7,4637512,1582,1584,2,0,2,463859712
7,4637521,1582,1584,2,0,2,463859721
7,4651237,1580,1584,4,0,2,465871239
7,4651273,1581,1584,3,0,2,465871293
7,4651327,1580,1584,4,0,2,465871329
7,4651372,1582,1584,2,0,2,465871392
7,4651723,1581,1584,3,0,2,465871923
7,4651732,1581,1584,3,0,2,465871932
7,4652137,1580,1584,4,0,2,465872139
7,4652173,1581,1584,3,0,2,465872193
7,4652317,1580,1584,4,0,2,465872319
7,4652371,1581,1584,3,0,2,465872391
7,4652713,1582,1584,2,0,2,465872913
7,4652731,1582,1584,2,0,2,465872931
7,4653127,1580,1584,4,0,2,465873129
7,4653172,1582,1584,2,0,2,465873192
7,4653217,1580,1584,4,0,2,465873219
7,4653271,1581,1584,3,0,2,465873291
7,4653712,1581,1584,3,0,2,465873912
7,4653721,1581,1584,3,0,2,465873921
7,4657123,1579,1584,5,0,2,465879123
7,4657132,1579,1584,5,0,2,465879132
7,4657213,1579,1584,5,0,2,465879213
7,4657231,1579,1584,5,0,2,465879231
7,4657312,1579,1584,5,0,2,465879312
7,4657321,1579,1584,5,0,2,465879321
7,4671235,1580,1584,4,0,2,468192357
7,4671253,1582,1584,2,0,2,489671253
7,4671325,1581,1584,3,0,2,489671325
7,4671352,1583,1584,1,0,2,489671352
7,4671523,1582,1584,2,0,2,489671523
7,4671532,1582,1584,2,0,2,489671532
7,4672135,1581,1584,3,0,2,489672135
7,4672153,1582,1584,2,0,2,489672153
7,4672315,1581,1584,3,0,2,489672315
7,4672351,1581,1584,3,0,2,468293571
7,4672513,1583,1584,1,0,2,489672513
7,4672531,1583,1584,1,0,2,489672531
7,4673125,1581,1584,3,0,2,489673125
7,4673152,1583,1584,1,0,2,489673152
7,4673215,1581,1584,3,0,2,489673215
7,4673251,1582,1584,2,0,2,489673251
7,4673512,1581,1584,3,0,2,468395712
7,4673521,1581,1584,3,0,2,468395721
7,4675123,1580,1584,4,0,2,468597123
7,4675132,1580,1584,4,0,2,468597132
7,4675213,1580,1584,4,0,2,468597213
7,4675231,1580,1584,4,0,2,468597231
7,4675312,1580,1584,4,0,2,468597312
7,4675321,1580,1584,4,0,2,468597321
7,4712356,1581,1584,3,0,2,491237856
7,4712365,1581,1584,3,0,2,491236587
7,4712536,1583,1584,1,0,2,693412758
7,4712563,1582,1584,2,0,2,491278563
7,4712635,1583,1584,1,0,2,693412857
7,4712653,1582,1584,2,0,2,491265873
7,4713256,1581,1584,3,0,2,491327856
7,4713265,1581,1584,3,0,2,491326587
7,4713526,1584,1584,0,0,1,126935748
7,4713562,1583,1584,1,0,2,491378562
7,4713625,1584,1584,0,0,1,126935847
7,4713652,1583,1584,1,0,2,491365872
7,4715236,1583,1584,1,0,2,691745238
7,4715263,1584,1584,0,0,1,126937485
7,4715326,1583,1584,1,0,2,691732548
7,4715362,1584,1584,0,0,1,126937584
7,4715623,1582,1584,2,0,2,491785623
7,4715632,1582,1584,2,0,2,491785632
7,4716235,1583,1584,1,0,2,691845237
7,4716253,1584,1584,0,0,1,126938475
7,4716325,1583,1584,1,0,2,691832547
7,4716352,1584,1584,0,0,1,126938574
7,4716523,1582,1584,2,0,2,491658723
7,4716532,1582,1584,2,0,2,491658732
7,4721356,1581,1584,3,0,2,492137856
7,4721365,1581,1584,3,0,2,492136587
7,4721536,1583,1584,1,0,2,692143758
7,4721563,1582,1584,2,0,2,492178563
7,4721635,1583,1584,1,0,2,692143857
7,4721653,1582,1584,2,0,2,492165873
7,4723156,1581,1584,3,0,2,492317856
7,4723165,1581,1584,3,0,2,492316587
7,4723516,1583,1584,1,0,2,694523718
7,4723561,1582,1584,2,0,2,492378561
7,4723615,1583,1584,1,0,2,694523817
7,4723651,1582,1584,2,0,2,492365871
7,4725136,1584,1584,0,0,1,126947358
7,4725163,1584,1584,0,0,1,126947385
7,4725316,1584,1584,0,0,1,126947538
7,4725361,1584,1584,0,0,1,126947583
7,4725613,1583,1584,1,0,2,492785613
7,4725631,1583,1584,1,0,2,492785631
7,4726135,1584,1584,0,0,1,126948357
7,4726153,1583,1584,1,0,2,694827153
7,4726315,1584,1584,0,0,1,126948537
7,4726351,1584,1584,0,0,1,126948573
7,4726513,1583,1584,1,0,2,492658713
7,4726531,1582,1584,2,0,2,492658731
7,4731256,1581,1584,3,0,2,493127856
7,4731265,1581,1584,3,0,2,493126587
7,4731526,1584,1584,0,0,1,126953748
7,4731562,1583,1584,1,0,2,493178562
7,4731625,1584,1584,0,0,1,126953847
7,4731652,1583,1584,1,0,2,493165872
7,4732156,1581,1584,3,0,2,493217856
7,4732165,1581,1584,3,0,2,493216587
7,4732516,1583,1584,1,0,2,693254718
7,4732561,1582,1584,2,0,2,493278561
7,4732615,1583,1584,1,0,2,693254817
7,4732651,1582,1584,2,0,2,493265871
7,4735126,1583,1584,1,0,2,695734128
7,4735162,1584,1584,0,0,1,126957384
7,4735216,1583,1584,1,0,2,695721438
7,4735261,1584,1584,0,0,1,126957483
7,4735612,1582,1584,2,0,2,493785612
7,4735621,1582,1584,2,0,2,493785621
7,4736125,1583,1584,1,0,2,695834127
7,4736152,1584,1584,0,0,1,126958374
7,4736215,1583,1584,1,0,2,695821437
7,4736251,1583,1584,1,0,2,694837251
7,4736512,1581,1584,3,0,2,493658712
7,4736521,1581,1584,3,0,2,493658721
7,4751236,1582,1584,2,0,2,697145238
7,4751263,1583,1584,1,0,2,697341285
7,4751326,1582,1584,2,0,2,697132548
7,4751362,1584,1584,0,0,1,126973584
7,4751623,1583,1584,1,0,2,697184523
7,4751632,1583,1584,1,0,2,697183254
7,4752136,1582,1584,2,0,2,697214358
7,4752163,1583,1584,1,0,2,697214385
7,4752316,1582,1584,2,0,2,697241538
7,4752361,1583,1584,1,0,2,697452381
7,4752613,1584,1584,0,0,1,126974835
7,4752631,1584,1584,0,0,1,126974853
7,4753126,1582,1584,2,0,2,697315248
7,4753162,1584,1584,0,0,1,126975384
7,4753216,1582,1584,2,0,2,697325418
7,4753261,1583,1584,1,0,2,697325481
7,4753612,1583,1584,1,0,2,697583412
7,4753621,1583,1584,1,0,2,697582143
7,4756123,1580,1584,4,0,2,475968123
7,4756132,1580,1584,4,0,2,475968132
7,4756213,1580,1584,4,0,2,475968213
7,4756231,1580,1584,4,0,2,475968231
7,4756312,1580,1584,4,0,2,475968312
7,4756321,1580,1584,4,0,2,475968321
7,4761235,1581,1584,3,0,2,476981235
7,4761253,1582,1584,2,0,2,476981253
7,4761325,1581,1584,3,0,2,476981325
7,4761352,1583,1584,1,0,2,476981352
7,4761523,1582,1584,2,0,2,476981523
7,4761532,1582,1584,2,0,2,476981532
7,4762135,1581,1584,3,0,2,476982135
7,4762153,1582,1584,2,0,2,476982153
7,4762315,1581,1584,3,0,2,476982315
7,4762351,1582,1584,2,0,2,476982351
7,4762513,1583,1584,1,0,2,476982513
7,4762531,1583,1584,1,0,2,476982531
7,4763125,1581,1584,3,0,2,476983125
7,4763152,1583,1584,1,0,2,476983152
7,4763215,1581,1584,3,0,2,476983215
7,4763251,1582,1584,2,0,2,476983251
7,4763512,1582,1584,2,0,2,476983512
7,4763521,1582,1584,2,0,2,476983521
7,4765123,1579,1584,5,0,2,476985123
7,4765132,1579,1584,5,0,2,476985132
7,4765213,1579,1584,5,0,2,476985213
7,4765231,1579,1584,5,0,2,476985231
7,4765312,1579,1584,5,0,2,476985312
7,4765321,1579,1584,5,0,2,476985321
7,5123467,1579,1584,5,0,2,512348967
7,5123476,1579,1584,5,0,2,512347698
7,5123647,1582,1584,2,0,2,714523869
7,5123674,1581,1584,3,0,2,512389674
7,5123746,1582,1584,2,0,2,714523968
7,5123764,1581,1584,3,0,2,512376984
7,5124367,1580,1584,4,0,2,512438967
7,5124376,1580,1584,4,0,2,512437698
7,5124637,1583,1584,1,0,2,734126859
7,5124673,1582,1584,2,0,2,512489673
7,5124736,1583,1584,1,0,2,734126958
7,5124763,1582,1584,2,0,2,512476983
7,5126347,1582,1584,2,0,2,712856349
7,5126374,1583,1584,1,0,2,734128596
7,5126437,1582,1584,2,0,2,712843659
7,5126473,1583,1584,1,0,2,734128695
7,5126734,1581,1584,3,0,2,512896734
7,5126743,1581,1584,3,0,2,512896743
7,5127346,1582,1584,2,0,2,712956348
7,5127364,1583,1584,1,0,2,734129586
7,5127436,1582,1584,2,0,2,712943658
7,5127463,1583,1584,1,0,2,734129685
7,5127634,1581,1584,3,0,2,512769834
7,5127643,1581,1584,3,0,2,512769843
7,5132467,1580,1584,4,0,2,513248967
7,5132476,1580,1584,4,0,2,513247698
7,5132647,1582,1584,2,0,2,713254869
7,5132674,1581,1584,3,0,2,513289674
7,5132746,1582,1584,2,0,2,713254968
7,5132764,1581,1584,3,0,2,513276984
7,5134267,1581,1584,3,0,2,513428967
7,5134276,1581,1584,3,0,2,513427698
7,5134627,1583,1584,1,0,2,715634829
7,5134672,1582,1584,2,0,2,513489672
7,5134726,1583,1584,1,0,2,715634928
7,5134762,1582,1584,2,0,2,513476982
7,5136247,1584,1584,0,0,1,127358469
7,5136274,1584,1584,0,0,1,127358496
7,5136427,1584,1584,0,0,1,127358649
7,5136472,1584,1584,0,0,1,127358694
7,5136724,1583,1584,1,0,2,513896724
7,5136742,1583,1584,1,0,2,513896742
7,5137246,1584,1584,0,0,1,127359468
7,5137264,1584,1584,0,0,1,127359486
7,5137426,1584,1584,0,0,1,127359648
7,5137462,1584,1584,0,0,1,127359684
7,5137624,1583,1584,1,0,2,513769824
7,5137642,1583,1584,1,0,2,513769842
7,5142367,1581,1584,3,0,2,514238967
7,5142376,1581,1584,3,0,2,514237698
7,5142637,1584,1584,0,0,1,127364859
7,5142673,1583,1584,1,0,2,514289673
7,5142736,1584,1584,0,0,1,127364958
7,5142763,1583,1584,1,0,2,514276983
7,5143267,1580,1584,4,0,2,514328967
7,5143276,1580,1584,4,0,2,514327698
7,5143627,1583,1584,1,0,2,714365829
7,5143672,1582,1584,2,0,2,514389672
7,5143726,1583,1584,1,0,2,714365928
7,5143762,1582,1584,2,0,2,514376982
7,5146237,1583,1584,1,0,2,716845239
7,5146273,1584,1584,0,0,1,127368495
7,5146327,1583,1584,1,0,2,716832549
7,5146372,1584,1584,0,0,1,127368594
7,5146723,1582,1584,2,0,2,514896723
7,5146732,1582,1584,2,0,2,514896732
7,5147236,1583,1584,1,0,2,716945238
7,5147263,1584,1584,0,0,1,127369485
7,5147326,1583,1584,1,0,2,716932548
7,5147362,1584,1584,0,0,1,127369584
7,5147623,1582,1584,2,0,2,514769823
7,5147632,1582,1584,2,0,2,514769832
7,5162347,1581,1584,3,0,2,517283469
7,5162374,1583,1584,1,0,2,718452396
7,5162437,1582,1584,2,0,2,718243659
7,5162473,1584,1584,0,0,1,127384695
7,5162734,1582,1584,2,0,2,517283946
7,5162743,1583,1584,1,0,2,718294365
7,5163247,1582,1584,2,0,2,718325469
7,5163274,1583,1584,1,0,2,718325496
7,5163427,1582,1584,2,0,2,718352649
7,5163472,1583,1584,1,0,2,718563492
7,5163724,1584,1584,0,0,1,127385946
7,5163742,1584,1584,0,0,1,127385964
7,5164237,1582,1584,2,0,2,718426359
7,5164273,1584,1584,0,0,1,127386495
7,5164327,1582,1584,2,0,2,718436529
7,5164372,1583,1584,1,0,2,718436592
7,5164723,1583,1584,1,0,2,718694523
7,5164732,1583,1584,1,0,2,718693254
7,5167234,1581,1584,3,0,2,518967234
7,5167243,1581,1584,3,0,2,518967243
7,5167324,1581,1584,3,0,2,518967324
7,5167342,1581,1584,3,0,2,518967342
7,5167423,1581,1584,3,0,2,518967423
7,5167432,1581,1584,3,0,2,518967432
7,5172346,1581,1584,3,0,2,517293468
7,5172364,1583,1584,1,0,2,719452386
7,5172436,1582,1584,2,0,2,719243658
7,5172463,1584,1584,0,0,1,127394685
7,5172634,1583,1584,1,0,2,719285634
7,5172643,1583,1584,1,0,2,719284365
7,5173246,1582,1584,2,0,2,719325468
7,5173264,1583,1584,1,0,2,719325486
7,5173426,1582,1584,2,0,2,719352648
7,5173462,1583,1584,1,0,2,719563482
7,5173624,1584,1584,0,0,1,127395846
7,5173642,1584,1584,0,0,1,127395864
7,5174236,1582,1584,2,0,2,719426358
7,5174263,1584,1584,0,0,1,127396485
7,5174326,1582,1584,2,0,2,719436528
7,5174362,1583,1584,1,0,2,719436582
7,5174623,1583,1584,1,0,2,719684523
7,5174632,1583,1584,1,0,2,719683254
7,5176234,1581,1584,3,0,2,517698234
7,5176243,1581,1584,3,0,2,517698243
7,5176324,1581,1584,3,0,2,517698324
7,5176342,1581,1584,3,0,2,517698342
7,5176423,1581,1584,3,0,2,517698423
7,5176432,1581,1584,3,0,2,517698432
7,5213467,1580,1584,4,0,2,521348967
7,5213476,1580,1584,4,0,2,521347698
7,5213647,1582,1584,2,0,2,721435869
7,5213674,1581,1584,3,0,2,521389674
7,5213746,1582,1584,2,0,2,721435968
7,5213764,1581,1584,3,0,2,521376984
7,5214367,1580,1584,5,0,3,721436589
7,5214376,1580,1584,5,0,3,721436598
7,5214637,1583,1584,1,0,2,721436859
7,5214673,1582,1584,2,0,2,521489673
7,5214736,1583,1584,1,0,2,721436958
7,5214763,1582,1584,2,0,2,521476983
7,5216347,1582,1584,2,0,2,721438569
7,5216374,1583,1584,1,0,2,721438596
7,5216437,1582,1584,2,0,2,721438659
7,5216473,1583,1584,1,0,2,721438695
7,5216734,1581,1584,3,0,2,521896734
7,5216743,1581,1584,3,0,2,521896743
7,5217346,1582,1584,2,0,2,721439568
7,5217364,1583,1584,1,0,2,721439586
7,5217436,1582,1584,2,0,2,721439658
7,5217463,1583,1584,1,0,2,721439685
7,5217634,1581,1584,3,0,2,521769834
7,5217643,1581,1584,3,0,2,521769843
7,5231467,1581,1584,3,0,2,523148967
7,5231476,1581,1584,3,0,2,523147698
7,5231647,1582,1584,2,0,2,724153869
7,5231674,1581,1584,3,0,2,523189674
7,5231746,1582,1584,2,0,2,724153968
7,5231764,1581,1584,3,0,2,523176984
7,5234167,1579,1584,5,0,2,523418967
7,5234176,1579,1584,5,0,2,523417698
7,5234617,1581,1584,3,0,2,527346819
7,5234671,1580,1584,4,0,2,523489671
7,5234716,1581,1584,3,0,2,527346918
7,5234761,1580,1584,4,0,2,523476981
7,5236147,1583,1584,1,0,2,745238169
7,5236174,1583,1584,1,0,2,745238196
7,5236417,1583,1584,1,0,2,745238619
7,5236471,1583,1584,1,0,2,745238691
7,5236714,1582,1584,2,0,2,523896714
7,5236741,1582,1584,2,0,2,523896741
7,5237146,1583,1584,1,0,2,745239168
7,5237164,1583,1584,1,0,2,745239186
7,5237416,1583,1584,1,0,2,745239618
7,5237461,1583,1584,1,0,2,745239681
7,5237614,1582,1584,2,0,2,523769814
7,5237641,1582,1584,2,0,2,523769841
7,5241367,1581,1584,3,0,2,524138967
7,5241376,1581,1584,3,0,2,524137698
7,5241637,1584,1584,0,0,1,127463859
7,5241673,1583,1584,1,0,2,524189673
7,5241736,1584,1584,0,0,1,127463958
7,5241763,1583,1584,1,0,2,524176983
7,5243167,1581,1584,3,0,2,524318967
7,5243176,1581,1584,3,0,2,524317698
7,5243617,1582,1584,2,0,2,724365819
7,5243671,1581,1584,3,0,2,524389671
7,5243716,1582,1584,2,0,2,724365918
7,5243761,1581,1584,3,0,2,524376981
7,5246137,1584,1584,0,0,1,127468359
7,5246173,1584,1584,0,0,1,127468395
7,5246317,1584,1584,0,0,1,127468539
7,5246371,1584,1584,0,0,1,127468593
7,5246713,1583,1584,1,0,2,524896713
7,5246731,1583,1584,1,0,2,524896731
7,5247136,1584,1584,0,0,1,127469358
7,5247163,1584,1584,0,0,1,127469385
7,5247316,1584,1584,0,0,1,127469538
7,5247361,1584,1584,0,0,1,127469583
7,5247613,1583,1584,1,0,2,524769813
7,5247631,1583,1584,1,0,2,524769831
7,5261347,1583,1584,1,0,2,728156349
7,5261374,1584,1584,0,0,1,127483596
7,5261437,1583,1584,1,0,2,728143659
7,5261473,1584,1584,0,0,1,127483695
7,5261734,1583,1584,1,0,2,728195634
7,5261743,1583,1584,1,0,2,728194365
7,5263147,1584,1584,0,0,1,127485369
7,5263174,1584,1584,0,0,1,127485396
7,5263417,1582,1584,2,0,2,527384619
7,5263471,1582,1584,2,0,2,527384691
7,5263714,1584,1584,0,0,1,127485936
7,5263741,1583,1584,1,0,2,527384961
7,5264137,1584,1584,0,0,1,127486359
7,5264173,1584,1584,0,0,1,127486395
7,5264317,1583,1584,1,0,2,728436519
7,5264371,1583,1584,1,0,2,728436591
7,5264713,1584,1584,0,0,1,127486935
7,5264731,1584,1584,0,0,1,127486953
7,5267134,1582,1584,2,0,2,528967134
7,5267143,1582,1584,2,0,2,528967143
7,5267314,1583,1584,1,0,2,528967314
7,5267341,1582,1584,2,0,2,528967341
7,5267413,1583,1584,1,0,2,528967413
7,5267431,1582,1584,2,0,2,528967431
7,5271346,1583,1584,1,0,2,729156348
7,5271364,1584,1584,0,0,1,127493586
7,5271436,1583,1584,1,0,2,729143658
7,5271463,1584,1584,0,0,1,127493685
7,5271634,1583,1584,1,0,2,729185634
7,5271643,1583,1584,1,0,2,729184365
7,5273146,1584,1584,0,0,1,127495368
7,5273164,1584,1584,0,0,1,127495386
7,5273416,1583,1584,1,0,2,729563418
7,5273461,1582,1584,2,0,2,527394681
7,5273614,1584,1584,0,0,1,127495836
7,5273641,1584,1584,0,0,1,127495863
7,5274136,1584,1584,0,0,1,127496358
7,5274163,1584,1584,0,0,1,127496385
7,5274316,1583,1584,1,0,2,729436518
7,5274361,1583,1584,1,0,2,729436581
7,5274613,1584,1584,0,0,1,127496835
7,5274631,1584,1584,0,0,1,127496853
7,5276134,1582,1584,2,0,2,527698134
7,5276143,1582,1584,2,0,2,527698143
7,5276314,1583,1584,1,0,2,527698314
7,5276341,1582,1584,2,0,2,527698341
7,5276413,1583,1584,1,0,2,527698413
7,5276431,1582,1584,2,0,2,527698431
7,5312467,1581,1584,3,0,2,531248967
7,5312476,1581,1584,3,0,2,531247698
7,5312647,1582,1584,2,0,2,731524869
7,5312674,1581,1584,3,0,2,531289674
7,5312746,1582,1584,2,0,2,731524968
7,5312764,1581,1584,3,0,2,531276984
7,5314267,1581,1584,3,0,2,531428967
7,5314276,1581,1584,3,0,2,531427698
7,5314627,1584,1584,0,0,1,127536849
7,5314672,1583,1584,1,0,2,531489672
7,5314726,1584,1584,0,0,1,127536948
7,5314762,1583,1584,1,0,2,531476982
7,5316247,1584,1584,0,0,1,127538469
7,5316274,1584,1584,0,0,1,127538496
7,5316427,1583,1584,1,0,2,753816429
7,5316472,1584,1584,0,0,1,127538694
7,5316724,1583,1584,1,0,2,531896724
7,5316742,1583,1584,1,0,2,531896742
7,5317246,1584,1584,0,0,1,127539468
7,5317264,1584,1584,0,0,1,127539486
7,5317426,1584,1584,0,0,1,127539648
7,5317462,1584,1584,0,0,1,127539684
7,5317624,1583,1584,1,0,2,531769824
7,5317642,1582,1584,2,0,2,531769842
7,5321467,1580,1584,4,0,2,532148967
7,5321476,1580,1584,4,0,2,532147698
7,5321647,1581,1584,3,0,2,732541869
7,5321674,1581,1584,3,0,2,532189674
7,5321746,1582,1584,2,0,2,732541968
7,5321764,1580,1584,4,0,2,532176984
7,5324167,1581,1584,3,0,2,532418967
7,5324176,1581,1584,3,0,2,532417698
7,5324617,1582,1584,2,0,2,732546819
7,5324671,1581,1584,3,0,2,532489671
7,5324716,1582,1584,2,0,2,732546918
7,5324761,1581,1584,3,0,2,532476981
7,5326147,1582,1584,2,0,2,732548169
7,5326174,1583,1584,1,0,2,732548196
7,5326417,1582,1584,2,0,2,732548619
7,5326471,1582,1584,2,0,2,732548691
7,5326714,1582,1584,2,0,2,532896714
7,5326741,1582,1584,2,0,2,532896741
7,5327146,1583,1584,1,0,2,732549168
7,5327164,1582,1584,2,0,2,732549186
7,5327416,1583,1584,1,0,2,732549618
7,5327461,1583,1584,1,0,2,732549681
7,5327614,1582,1584,2,0,2,532769814
7,5327641,1581,1584,3,0,2,532769841
7,5341267,1579,1584,6,0,3,756341289
7,5341276,1579,1584,6,0,3,756341298
7,5341627,1582,1584,2,0,2,537461829
7,5341672,1581,1584,3,0,2,534189672
7,5341726,1582,1584,2,0,2,537461928
7,5341762,1581,1584,3,0,2,534176982
7,5342167,1579,1584,5,0,2,534218967
7,5342176,1579,1584,5,0,2,534217698
7,5342617,1581,1584,3,0,2,537462819
7,5342671,1580,1584,4,0,2,534289671
7,5342716,1581,1584,3,0,2,537462918
7,5342761,1580,1584,4,0,2,534276981
7,5346127,1581,1584,3,0,2,537468129
7,5346172,1582,1584,2,0,2,537468192
7,5346217,1581,1584,3,0,2,537468219
7,5346271,1582,1584,2,0,2,537468291
7,5346712,1580,1584,4,0,2,534896712
7,5346721,1580,1584,4,0,2,534896721
7,5347126,1581,1584,3,0,2,537469128
7,5347162,1582,1584,2,0,2,537469182
7,5347216,1581,1584,3,0,2,537469218
7,5347261,1582,1584,2,0,2,537469281
7,5347612,1580,1584,4,0,2,534769812
7,5347621,1580,1584,4,0,2,534769821
7,5361247,1583,1584,1,0,2,758341269
7,5361274,1583,1584,1,0,2,758341296
7,5361427,1583,1584,1,0,2,758361429
7,5361472,1584,1584,0,0,1,127583694
7,5361724,1584,1584,0,0,1,127583946
7,5361742,1584,1584,0,0,1,127583964
7,5362147,1583,1584,1,0,2,758214369
7,5362174,1583,1584,1,0,2,758214396
7,5362417,1583,1584,1,0,2,758362419
7,5362471,1583,1584,1,0,2,758362491
7,5362714,1584,1584,0,0,1,127584936
7,5362741,1584,1584,0,0,1,127584963
7,5364127,1581,1584,3,0,2,537486129
7,5364172,1582,1584,2,0,2,537486192
7,5364217,1581,1584,3,0,2,537486219
7,5364271,1582,1584,2,0,2,537486291
7,5364712,1581,1584,3,0,2,537486912
7,5364721,1581,1584,3,0,2,537486921
7,5367124,1582,1584,2,0,2,538967124
7,5367142,1583,1584,1,0,2,538967142
7,5367214,1582,1584,2,0,2,538967214
7,5367241,1583,1584,1,0,2,538967241
7,5367412,1582,1584,2,0,2,538967412
7,5367421,1582,1584,2,0,2,538967421
7,5371246,1583,1584,1,0,2,759341268
7,5371264,1583,1584,1,0,2,759341286
7,5371426,1584,1584,0,0,1,127593648
7,5371462,1584,1584,0,0,1,127593684
7,5371624,1584,1584,0,0,1,127593846
7,5371642,1583,1584,1,0,2,759381642
7,5372146,1583,1584,1,0,2,759214368
7,5372164,1583,1584,1,0,2,759214386
7,5372416,1584,1584,0,0,1,127594638
7,5372461,1584,1584,0,0,1,127594683
7,5372614,1583,1584,1,0,2,759382614
7,5372641,1583,1584,1,0,2,759382641
7,5374126,1583,1584,1,0,2,759634128
7,5374162,1584,1584,0,0,1,127596384
7,5374216,1583,1584,1,0,2,759621438
7,5374261,1584,1584,0,0,1,127596483
7,5374612,1582,1584,2,0,2,537496812
7,5374621,1582,1584,2,0,2,537496821
7,5376124,1582,1584,2,0,2,537698124
7,5376142,1583,1584,1,0,2,537698142
7,5376214,1582,1584,2,0,2,537698214
7,5376241,1583,1584,1,0,2,537698241
7,5376412,1581,1584,3,0,2,537698412
7,5376421,1581,1584,3,0,2,537698421
7,5412367,1579,1584,5,0,2,541238967
7,5412376,1579,1584,5,0,2,541237698
7,5412637,1582,1584,2,0,2,547612839
7,5412673,1581,1584,3,0,2,541289673
7,5412736,1582,1584,2,0,2,547612938
7,5412763,1581,1584,3,0,2,541276983
7,5413267,1580,1584,4,0,2,541328967
7,5413276,1580,1584,4,0,2,541327698
7,5413627,1583,1584,1,0,2,547613829
7,5413672,1582,1584,2,0,2,541389672
7,5413726,1583,1584,1,0,2,547613928
7,5413762,1582,1584,2,0,2,541376982
7,5416237,1582,1584,2,0,2,547618239
7,5416273,1583,1584,1,0,2,547618293
7,5416327,1582,1584,2,0,2,547618329
7,5416372,1583,1584,1,0,2,547618392
7,5416723,1581,1584,3,0,2,541896723
7,5416732,1581,1584,3,0,2,541896732
7,5417236,1582,1584,2,0,2,547619238
7,5417263,1583,1584,1,0,2,547619283
7,5417326,1582,1584,2,0,2,547619328
7,5417362,1583,1584,1,0,2,547619382
7,5417623,1581,1584,3,0,2,541769823
7,5417632,1581,1584,3,0,2,541769832
7,5421367,1580,1584,4,0,2,542138967
7,5421376,1580,1584,4,0,2,542137698
7,5421637,1582,1584,2,0,2,547621839
7,5421673,1581,1584,3,0,2,542189673
7,5421736,1582,1584,2,0,2,547621938
7,5421763,1581,1584,3,0,2,542176983
7,5423167,1579,1584,5,0,2,542318967
7,5423176,1579,1584,5,0,2,542317698
7,5423617,1581,1584,3,0,2,547623819
7,5423671,1580,1584,4,0,2,542389671
7,5423716,1581,1584,3,0,2,547623918
7,5423761,1580,1584,4,0,2,542376981
7,5426137,1583,1584,1,0,2,547628139
7,5426173,1583,1584,1,0,2,547628193
7,5426317,1583,1584,1,0,2,547628319
7,5426371,1583,1584,1,0,2,547628391
7,5426713,1582,1584,2,0,2,542896713
7,5426731,1582,1584,2,0,2,542896731
7,5427136,1583,1584,1,0,2,547629138
7,5427163,1583,1584,1,0,2,547629183
7,5427316,1583,1584,1,0,2,547629318
7,5427361,1583,1584,1,0,2,547629381
7,5427613,1582,1584,2,0,2,542769813
7,5427631,1582,1584,2,0,2,542769831
7,5431267,1579,1584,5,0,2,543128967
7,5431276,1579,1584,5,0,2,543127698
7,5431627,1582,1584,2,0,2,547631829
7,5431672,1581,1584,3,0,2,543189672
7,5431726,1582,1584,2,0,2,547631928
7,5431762,1581,1584,3,0,2,543176982
7,5432167,1578,1584,6,0,2,543218967
7,5432176,1578,1584,6,0,2,543217698
7,5432617,1580,1584,4,0,2,547632819
7,5432671,1579,1584,5,0,2,543289671
7,5432716,1580,1584,4,0,2,547632918
7,5432761,1579,1584,5,0,2,543276981
7,5436127,1580,1584,4,0,2,547638129
7,5436172,1581,1584,3,0,2,547638192
7,5436217,1580,1584,4,0,2,547638219
7,5436271,1581,1584,3,0,2,547638291
7,5436712,1579,1584,5,0,2,543896712
7,5436721,1579,1584,5,0,2,543896721
7,5437126,1581,1584,3,0,2,547639128
7,5437162,1582,1584,2,0,2,547639182
7,5437216,1581,1584,3,0,2,547639218
7,5437261,1581,1584,3,0,2,547639281
7,5437612,1579,1584,5,0,2,543769812
7,5437621,1579,1584,5,0,2,543769821
7,5461237,1580,1584,4,0,2,547681239
7,5461273,1581,1584,3,0,2,547681293
7,5461327,1580,1584,4,0,2,547681329
7,5461372,1582,1584,2,0,2,547681392
7,5461723,1581,1584,3,0,2,547681923
7,5461732,1581,1584,3,0,2,547681932
7,5462137,1580,1584,4,0,2,547682139
7,5462173,1581,1584,3,0,2,547682193
7,5462317,1580,1584,4,0,2,547682319
7,5462371,1581,1584,3,0,2,547682391
7,5462713,1582,1584,2,0,2,547682913
7,5462731,1582,1584,2,0,2,547682931
7,5463127,1580,1584,4,0,2,547683129
7,5463172,1582,1584,2,0,2,547683192
7,5463217,1580,1584,4,0,2,547683219
7,5463271,1581,1584,3,0,2,547683291
7,5463712,1581,1584,3,0,2,547683912
7,5463721,1581,1584,3,0,2,547683921
7,5467123,1579,1584,5,0,2,547689123
7,5467132,1579,1584,5,0,2,547689132
7,5467213,1579,1584,5,0,2,547689213
7,5467231,1579,1584,5,0,2,547689231
7,5467312,1579,1584,5,0,2,547689312
7,5467321,1579,1584,5,0,2,547689321
7,5471236,1581,1584,3,0,2,547691238
7,5471263,1582,1584,2,0,2,547691283
7,5471326,1581,1584,3,0,2,547691328
7,5471362,1583,1584,1,0,2,547691382
7,5471623,1582,1584,2,0,2,547691823
7,5471632,1582,1584,2,0,2,547691832
7,5472136,1581,1584,3,0,2,547692138
7,5472163,1582,1584,2,0,2,547692183
7,5472316,1581,1584,3,0,2,547692318
7,5472361,1582,1584,2,0,2,547692381
7,5472613,1583,1584,1,0,2,547692813
7,5472631,1583,1584,1,0,2,547692831
7,5473126,1581,1584,3,0,2,547693128
7,5473162,1583,1584,1,0,2,547693182
7,5473216,1581,1584,3,0,2,547693218
7,5473261,1582,1584,2,0,2,547693281
7,5473612,1581,1584,3,0,2,547693812
7,5473621,1581,1584,3,0,2,547693821
7,5476123,1579,1584,6,0,3,547698123
7,5476132,1579,1584,6,0,3,547698132
7,5476213,1579,1584,6,0,3,547698213
7,5476231,1579,1584,6,0,3,547698231
7,5476312,1579,1584,6,0,3,547698312
7,5476321,1579,1584,6,0,3,547698321
7,5612347,1579,1584,5,0,2,571823469
7,5612374,1581,1584,3,0,2,781452396
7,5612437,1580,1584,4,0,2,781243659
7,5612473,1582,1584,2,0,2,783412695
7,5612734,1581,1584,3,0,2,781295634
7,5612743,1581,1584,3,0,2,781294365
7,5613247,1580,1584,4,0,2,781325469
7,5613274,1581,1584,3,0,2,781325496
7,5613427,1581,1584,3,0,2,781352649
7,5613472,1582,1584,2,0,2,781563492
7,5613724,1583,1584,1,0,2,785613924
7,5613742,1583,1584,1,0,2,785613942
7,5614237,1581,1584,3,0,2,781426359
7,5614273,1583,1584,1,0,2,785614293
7,5614327,1580,1584,4,0,2,781436529
7,5614372,1582,1584,2,0,2,781436592
7,5614723,1582,1584,2,0,2,781694523
7,5614732,1582,1584,2,0,2,781693254
7,5617234,1580,1584,4,0,2,571829346
7,5617243,1581,1584,3,0,2,781924365
7,5617324,1581,1584,3,0,2,781932546
7,5617342,1581,1584,3,0,2,781935264
7,5617423,1581,1584,3,0,2,781942635
7,5617432,1581,1584,3,0,2,781943652
7,5621347,1580,1584,4,0,2,782143569
7,5621374,1581,1584,3,0,2,782143596
7,5621437,1580,1584,5,0,3,782143659
7,5621473,1582,1584,2,0,2,782143695
7,5621734,1581,1584,3,0,2,782143956
7,5621743,1581,1584,3,0,2,782143965
7,5623147,1581,1584,3,0,2,782415369
7,5623174,1581,1584,3,0,2,782415396
7,5623417,1579,1584,5,0,2,572834619
7,5623471,1580,1584,4,0,2,572834691
7,5623714,1582,1584,2,0,2,784523916
7,5623741,1582,1584,2,0,2,784523961
7,5624137,1581,1584,3,0,2,782416359
7,5624173,1583,1584,1,0,2,785624193
7,5624317,1581,1584,3,0,2,782436519
7,5624371,1581,1584,3,0,2,782436591
7,5624713,1583,1584,1,0,2,785624913
7,5624731,1583,1584,1,0,2,785624931
7,5627134,1582,1584,2,0,2,782915634
7,5627143,1582,1584,2,0,2,782914365
7,5627314,1583,1584,1,0,2,785629314
7,5627341,1581,1584,3,0,2,572839461
7,5627413,1583,1584,1,0,2,785629413
7,5627431,1582,1584,2,0,2,782943651
7,5631247,1581,1584,3,0,2,783152469
7,5631274,1581,1584,3,0,2,783152496
7,5631427,1581,1584,3,0,2,783152649
7,5631472,1583,1584,1,0,2,785631492
7,5631724,1583,1584,1,0,2,785631924
7,5631742,1583,1584,1,0,2,785631942
7,5632147,1580,1584,4,0,2,783254169
7,5632174,1581,1584,3,0,2,783254196
7,5632417,1581,1584,3,0,2,783254619
7,5632471,1581,1584,3,0,2,783254691
7,5632714,1582,1584,2,0,2,783254916
7,5632741,1582,1584,2,0,2,783254961
7,5634127,1579,1584,8,0,4,785634129
7,5634172,1581,1584,4,0,3,785634192
7,5634217,1579,1584,6,0,3,785634219
7,5634271,1580,1584,5,0,3,785634291
7,5634712,1580,1584,5,0,3,785634912
7,5634721,1580,1584,5,0,3,785634921
7,5637124,1582,1584,2,0,2,785639124
7,5637142,1583,1584,1,0,2,785639142
7,5637214,1582,1584,2,0,2,785639214
7,5637241,1583,1584,1,0,2,785639241
7,5637412,1581,1584,3,0,2,573849612
7,5637421,1581,1584,3,0,2,573849621
7,5641237,1579,1584,5,0,2,574861239
7,5641273,1581,1584,3,0,2,574861293
7,5641327,1580,1584,4,0,2,574861329
7,5641372,1582,1584,2,0,2,574861392
7,5641723,1581,1584,3,0,2,574861923
7,5641732,1581,1584,3,0,2,574861932
7,5642137,1580,1584,4,0,2,574862139
7,5642173,1581,1584,3,0,2,574862193
7,5642317,1579,1584,5,0,2,574862319
7,5642371,1580,1584,4,0,2,574862391
7,5642713,1582,1584,2,0,2,574862913
7,5642731,1582,1584,2,0,2,574862931
7,5643127,1579,1584,5,0,2,574863129
7,5643172,1581,1584,3,0,2,574863192
7,5643217,1579,1584,5,0,2,574863219
7,5643271,1580,1584,4,0,2,574863291
7,5643712,1580,1584,4,0,2,574863912
7,5643721,1580,1584,4,0,2,574863921
7,5647123,1580,1584,4,0,2,574869123
7,5647132,1580,1584,4,0,2,574869132
7,5647213,1580,1584,4,0,2,574869213
7,5647231,1580,1584,4,0,2,574869231
7,5647312,1580,1584,4,0,2,574869312
7,5647321,1580,1584,4,0,2,574869321
7,5671234,1578,1584,6,0,2,578192346
7,5671243,1579,1584,5,0,2,589671243
7,5671324,1579,1584,5,0,2,589671324
7,5671342,1580,1584,4,0,2,589671342
7,5671423,1580,1584,4,0,2,589671423
7,5671432,1579,1584,5,0,2,589671432
7,5672134,1579,1584,5,0,2,589672134
7,5672143,1579,1584,6,0,3,789214365
7,5672314,1580,1584,4,0,2,589672314
7,5672341,1578,1584,6,0,2,578293461
7,5672413,1580,1584,4,0,2,589672413
7,5672431,1580,1584,4,0,2,589672431
7,5673124,1580,1584,4,0,2,589673124
7,5673142,1580,1584,4,0,2,589673142
7,5673214,1579,1584,5,0,2,589673214
7,5673241,1580,1584,4,0,2,589673241
7,5673412,1578,1584,7,0,3,789563412
7,5673421,1578,1584,6,0,2,578394621
7,5674123,1578,1584,6,0,2,578496123
7,5674132,1579,1584,5,0,2,578496132
7,5674213,1579,1584,5,0,2,578496213
7,5674231,1578,1584,6,0,2,578496231
7,5674312,1578,1584,6,0,2,578496312
7,5674321,1578,1584,6,0,2,578496321
7,5712346,1580,1584,4,0,2,571923468
7,5712364,1582,1584,2,0,2,791452386
7,5712436,1581,1584,3,0,2,791243658
7,5712463,1583,1584,1,0,2,793412685
7,5712634,1582,1584,2,0,2,791285634
7,5712643,1582,1584,2,0,2,791284365
7,5713246,1581,1584,3,0,2,791325468
7,5713264,1582,1584,2,0,2,791325486
7,5713426,1582,1584,2,0,2,791352648
7,5713462,1583,1584,1,0,2,791563482
7,5713624,1584,1584,0,0,1,127935846
7,5713642,1584,1584,0,0,1,127935864
7,5714236,1582,1584,2,0,2,791426358
7,5714263,1584,1584,0,0,1,127936485
7,5714326,1581,1584,3,0,2,791436528
7,5714362,1583,1584,1,0,2,791436582
7,5714623,1583,1584,1,0,2,791684523
7,5714632,1583,1584,1,0,2,791683254
7,5716234,1582,1584,2,0,2,791825634
7,5716243,1582,1584,2,0,2,791824365
7,5716324,1582,1584,2,0,2,791832546
7,5716342,1582,1584,2,0,2,791835264
7,5716423,1582,1584,2,0,2,791842635
7,5716432,1582,1584,2,0,2,791843652
7,5721346,1581,1584,3,0,2,792143568
7,5721364,1582,1584,2,0,2,792143586
7,5721436,1581,1584,4,0,3,792143658
7,5721463,1583,1584,1,0,2,792143685
7,5721634,1582,1584,2,0,2,792143856
7,5721643,1582,1584,2,0,2,792143865
7,5723146,1582,1584,2,0,2,792415368
7,5723164,1582,1584,2,0,2,792415386
7,5723416,1581,1584,3,0,2,792451638
7,5723461,1581,1584,3,0,2,572934681
7,5723614,1583,1584,1,0,2,794523816
7,5723641,1583,1584,1,0,2,794523861
7,5724136,1582,1584,2,0,2,792416358
7,5724163,1584,1584,0,0,1,127946385
7,5724316,1582,1584,2,0,2,792436518
7,5724361,1582,1584,2,0,2,792436581
7,5724613,1584,1584,0,0,1,127946835
7,5724631,1584,1584,0,0,1,127946853
7,5726134,1583,1584,1,0,2,792815634
7,5726143,1583,1584,1,0,2,792814365
7,5726314,1584,1584,0,0,1,127948536
7,5726341,1583,1584,1,0,2,792856341
7,5726413,1584,1584,0,0,1,127948635
7,5726431,1583,1584,1,0,2,792843651
7,5731246,1582,1584,2,0,2,793152468
7,5731264,1582,1584,2,0,2,793152486
7,5731426,1582,1584,2,0,2,793152648
7,5731462,1584,1584,0,0,1,127953684
7,5731624,1584,1584,0,0,1,127953846
7,5731642,1584,1584,0,0,1,127953864
7,5732146,1581,1584,3,0,2,793254168
7,5732164,1582,1584,2,0,2,793254186
7,5732416,1582,1584,2,0,2,793254618
7,5732461,1582,1584,2,0,2,793254681
7,5732614,1583,1584,1,0,2,793254816
7,5732641,1583,1584,1,0,2,793254861
7,5734126,1581,1584,4,0,3,795634128
7,5734162,1583,1584,1,0,2,795634182
7,5734216,1581,1584,3,0,2,793526418
7,5734261,1582,1584,2,0,2,793526481
7,5734612,1581,1584,3,0,2,573946812
7,5734621,1581,1584,3,0,2,573946821
7,5736124,1583,1584,1,0,2,795834126
7,5736142,1583,1584,1,0,2,795836142
7,5736214,1583,1584,1,0,2,795821436
7,5736241,1583,1584,1,0,2,795836241
7,5736412,1582,1584,2,0,2,795836412
7,5736421,1582,1584,2,0,2,795836421
7,5741236,1581,1584,3,0,2,794162358
7,5741263,1583,1584,1,0,2,796341285
7,5741326,1582,1584,2,0,2,796132548
7,5741362,1584,1584,0,0,1,127963584
7,5741623,1583,1584,1,0,2,796184523
7,5741632,1583,1584,1,0,2,796183254
7,5742136,1582,1584,2,0,2,796214358
7,5742163,1583,1584,1,0,2,796214385
7,5742316,1581,1584,3,0,2,794263518
7,5742361,1582,1584,2,0,2,794263581
7,5742613,1584,1584,0,0,1,127964835
7,5742631,1584,1584,0,0,1,127964853
7,5743126,1581,1584,3,0,2,794365128
7,5743162,1583,1584,1,0,2,794365182
7,5743216,1581,1584,3,0,2,794365218
7,5743261,1582,1584,2,0,2,794365281
7,5743612,1582,1584,2,0,2,794365812
7,5743621,1582,1584,2,0,2,794365821
7,5746123,1580,1584,4,0,2,574968123
7,5746132,1580,1584,4,0,2,574968132
7,5746213,1580,1584,4,0,2,574968213
7,5746231,1580,1584,4,0,2,574968231
7,5746312,1580,1584,4,0,2,574968312
7,5746321,1580,1584,4,0,2,574968321
7,5761234,1579,1584,5,0,2,576981234
7,5761243,1579,1584,5,0,2,576981243
7,5761324,1579,1584,5,0,2,576981324
7,5761342,1580,1584,4,0,2,576981342
7,5761423,1580,1584,4,0,2,576981423
7,5761432,1579,1584,5,0,2,576981432
7,5762134,1579,1584,5,0,2,576982134
7,5762143,1579,1584,6,0,3,798214365
7,5762314,1580,1584,4,0,2,576982314
7,5762341,1579,1584,5,0,2,576982341
7,5762413,1580,1584,4,0,2,576982413
7,5762431,1580,1584,4,0,2,576982431
7,5763124,1580,1584,4,0,2,576983124
7,5763142,1580,1584,4,0,2,576983142
7,5763214,1579,1584,5,0,2,576983214
7,5763241,1580,1584,4,0,2,576983241
7,5763412,1579,1584,6,0,3,798563412
7,5763421,1579,1584,5,0,2,576983421
7,5764123,1579,1584,5,0,2,576984123
7,5764132,1580,1584,4,0,2,576984132
7,5764213,1580,1584,4,0,2,576984213
7,5764231,1579,1584,5,0,2,576984231
7,5764312,1579,1584,5,0,2,576984312
7,5764321,1579,1584,5,0,2,576984321
7,6123457,1579,1584,5,0,2,618234579
7,6123475,1581,1584,3,0,2,812563497
7,6123547,1580,1584,4,0,2,812354769
7,6123574,1582,1584,2,0,2,814523796
7,6123745,1581,1584,3,0,2,812396745
7,6123754,1581,1584,3,0,2,812395476
7,6124357,1580,1584,4,0,2,812436579
7,6124375,1581,1584,3,0,2,812436597
7,6124537,1581,1584,3,0,2,812463759
7,6124573,1582,1584,2,0,2,812674593
7,6124735,1583,1584,1,0,2,834126957
7,6124753,1583,1584,1,0,2,834126975
7,6125347,1581,1584,3,0,2,812537469
7,6125374,1583,1584,1,0,2,834127596
7,6125437,1580,1584,4,0,2,812547639
7,6125473,1582,1584,2,0,2,812547693
7,6125734,1582,1584,2,0,2,812795634
7,6125743,1582,1584,2,0,2,812794365
7,6127345,1581,1584,3,0,2,812936745
7,6127354,1581,1584,3,0,2,812935476
7,6127435,1581,1584,3,0,2,812943657
7,6127453,1581,1584,3,0,2,812946375
7,6127534,1581,1584,3,0,2,812953746
7,6127543,1581,1584,3,0,2,812954763
7,6132457,1580,1584,4,0,2,813254679
7,6132475,1581,1584,3,0,2,813254697
7,6132547,1580,1584,5,0,3,813254769
7,6132574,1582,1584,2,0,2,813254796
7,6132745,1581,1584,3,0,2,813254967
7,6132754,1581,1584,3,0,2,813254976
7,6134257,1582,1584,2,0,2,813526479
7,6134275,1582,1584,2,0,2,813526497
7,6134527,1581,1584,3,0,2,813562749
7,6134572,1582,1584,2,0,2,813674592
7,6134725,1583,1584,1,0,2,815634927
7,6134752,1583,1584,1,0,2,815634972
7,6135247,1582,1584,2,0,2,813527469
7,6135274,1584,1584,0,0,1,128357496
7,6135427,1582,1584,2,0,2,813547629
7,6135472,1582,1584,2,0,2,813547692
7,6135724,1584,1584,0,0,1,128357946
7,6135742,1584,1584,0,0,1,128357964
7,6137245,1583,1584,1,0,2,813926745
7,6137254,1583,1584,1,0,2,813925476
7,6137425,1584,1584,0,0,1,128359647
7,6137452,1583,1584,1,0,2,813967452
7,6137524,1584,1584,0,0,1,128359746
7,6137542,1583,1584,1,0,2,813954762
7,6142357,1582,1584,2,0,2,814263579
7,6142375,1582,1584,2,0,2,814263597
7,6142537,1582,1584,2,0,2,814263759
7,6142573,1584,1584,0,0,1,128364795
7,6142735,1584,1584,0,0,1,128364957
7,6142753,1584,1584,0,0,1,128364975
7,6143257,1580,1584,4,0,2,814365279
7,6143275,1581,1584,3,0,2,814365297
7,6143527,1582,1584,2,0,2,814365729
7,6143572,1582,1584,2,0,2,814365792
7,6143725,1583,1584,1,0,2,814365927
7,6143752,1583,1584,1,0,2,814365972
7,6145237,1581,1584,4,0,3,816745239
7,6145273,1583,1584,1,0,2,816745293
7,6145327,1581,1584,3,0,2,814637529
7,6145372,1582,1584,2,0,2,814637592
7,6145723,1582,1584,2,0,2,816745923
7,6145732,1582,1584,2,0,2,816745932
7,6147235,1583,1584,1,0,2,816945237
7,6147253,1584,1584,0,0,1,128369475
7,6147325,1583,1584,1,0,2,816932547
7,6147352,1584,1584,0,0,1,128369574
7,6147523,1583,1584,1,0,2,816974523
7,6147532,1583,1584,1,0,2,816973254
7,6152347,1581,1584,3,0,2,815273469
7,6152374,1583,1584,1,0,2,817452396
7,6152437,1582,1584,2,0,2,817243659
7,6152473,1584,1584,0,0,1,128374695
7,6152734,1583,1584,1,0,2,817295634
7,6152743,1583,1584,1,0,2,817294365
7,6153247,1582,1584,2,0,2,817325469
7,6153274,1583,1584,1,0,2,817325496
7,6153427,1581,1584,3,0,2,815374629
7,6153472,1582,1584,2,0,2,815374692
7,6153724,1584,1584,0,0,1,128375946
7,6153742,1584,1584,0,0,1,128375964
7,6154237,1581,1584,3,0,2,815476239
7,6154273,1583,1584,1,0,2,815476293
7,6154327,1580,1584,4,0,2,815476329
7,6154372,1582,1584,2,0,2,815476392
7,6154723,1582,1584,2,0,2,815476923
7,6154732,1582,1584,2,0,2,815476932
7,6157234,1582,1584,2,0,2,817925634
7,6157243,1582,1584,2,0,2,817924365
7,6157324,1582,1584,2,0,2,817932546
7,6157342,1582,1584,2,0,2,817935264
7,6157423,1582,1584,2,0,2,817942635
7,6157432,1582,1584,2,0,2,817943652
7,6172345,1580,1584,4,0,2,618293457
7,6172354,1581,1584,3,0,2,819235476
7,6172435,1581,1584,3,0,2,819243657
7,6172453,1582,1584,2,0,2,819246375
7,6172534,1582,1584,2,0,2,819253746
7,6172543,1581,1584,3,0,2,819254763
7,6173245,1581,1584,3,0,2,819325467
7,6173254,1581,1584,4,0,3,819325476
7,6173425,1582,1584,2,0,2,819352647
7,6173452,1581,1584,3,0,2,819356274
7,6173524,1582,1584,2,0,2,819352746
7,6173542,1582,1584,2,0,2,819354762
7,6174235,1582,1584,2,0,2,819426357
7,6174253,1582,1584,2,0,2,819426375
7,6174325,1581,1584,3,0,2,819436527
7,6174352,1582,1584,2,0,2,819436572
7,6174523,1581,1584,4,0,3,819674523
7,6174532,1581,1584,3,0,2,819463752
7,6175234,1581,1584,3,0,2,819527346
7,6175243,1582,1584,2,0,2,819724365
7,6175324,1582,1584,2,0,2,819732546
7,6175342,1581,1584,3,0,2,819537462
7,6175423,1581,1584,3,0,2,819547623
7,6175432,1581,1584,3,0,2,819547632
7,6213457,1580,1584,4,0,2,821367459
7,6213475,1581,1584,3,0,2,821435697
7,6213547,1580,1584,4,0,2,821354769
7,6213574,1582,1584,2,0,2,821435796
7,6213745,1581,1584,3,0,2,821396745
7,6213754,1581,1584,3,0,2,821395476
7,6214357,1580,1584,5,0,3,821436579
7,6214375,1581,1584,4,0,3,821436597
7,6214537,1581,1584,3,0,2,821436759
7,6214573,1582,1584,2,0,2,821436795
7,6214735,1583,1584,1,0,2,821436957
7,6214753,1583,1584,1,0,2,821436975
7,6215347,1581,1584,3,0,2,821437569
7,6215374,1583,1584,1,0,2,821437596
7,6215437,1580,1584,4,0,2,821437659
7,6215473,1582,1584,2,0,2,821437695
7,6215734,1582,1584,2,0,2,821437956
7,6215743,1582,1584,2,0,2,821437965
7,6217345,1581,1584,3,0,2,821439567
7,6217354,1581,1584,3,0,2,821439576
7,6217435,1581,1584,3,0,2,821439657
7,6217453,1581,1584,3,0,2,821439675
7,6217534,1581,1584,3,0,2,821439756
7,6217543,1581,1584,3,0,2,821439765
7,6231457,1581,1584,3,0,2,823167459
7,6231475,1582,1584,2,0,2,824153697
7,6231547,1581,1584,3,0,2,823154769
7,6231574,1582,1584,2,0,2,824153796
7,6231745,1581,1584,3,0,2,823196745
7,6231754,1581,1584,3,0,2,823195476
7,6234157,1581,1584,3,0,2,824516379
7,6234175,1581,1584,3,0,2,824516397
7,6234517,1579,1584,5,0,2,628345719
7,6234571,1580,1584,4,0,2,628345791
7,6234715,1582,1584,2,0,2,825634917
7,6234751,1582,1584,2,0,2,825634971
7,6235147,1583,1584,1,0,2,845237169
7,6235174,1583,1584,1,0,2,845237196
7,6235417,1581,1584,3,0,2,823547619
7,6235471,1581,1584,3,0,2,823547691
7,6235714,1583,1584,1,0,2,845237916
7,6235741,1583,1584,1,0,2,845237961
7,6237145,1582,1584,2,0,2,823916745
7,6237154,1582,1584,2,0,2,823915476
7,6237415,1583,1584,1,0,2,845239617
7,6237451,1582,1584,2,0,2,823967451
7,6237514,1583,1584,1,0,2,845239716
7,6237541,1582,1584,2,0,2,823954761
7,6241357,1582,1584,2,0,2,824163579
7,6241375,1582,1584,2,0,2,824163597
7,6241537,1583,1584,1,0,2,824163759
7,6241573,1584,1584,0,0,1,128463795
7,6241735,1584,1584,0,0,1,128463957
7,6241753,1584,1584,0,0,1,128463975
7,6243157,1582,1584,2,0,2,824365179
7,6243175,1582,1584,2,0,2,824365197
7,6243517,1581,1584,3,0,2,824365719
7,6243571,1581,1584,3,0,2,824365791
7,6243715,1582,1584,2,0,2,824365917
7,6243751,1582,1584,2,0,2,824365971
7,6245137,1582,1584,2,0,2,824617359
7,6245173,1583,1584,1,0,2,826745193
7,6245317,1582,1584,2,0,2,824637519
7,6245371,1582,1584,2,0,2,824637591
7,6245713,1583,1584,1,0,2,826745913
7,6245731,1583,1584,1,0,2,826745931
7,6247135,1584,1584,0,0,1,128469357
7,6247153,1584,1584,0,0,1,128469375
7,6247315,1584,1584,0,0,1,128469537
7,6247351,1584,1584,0,0,1,128469573
7,6247513,1584,1584,0,0,1,128469735
7,6247531,1584,1584,0,0,1,128469753
7,6251347,1583,1584,1,0,2,827156349
7,6251374,1584,1584,0,0,1,128473596
7,6251437,1582,1584,2,0,2,827143659
7,6251473,1584,1584,0,0,1,128473695
7,6251734,1583,1584,1,0,2,827195634
7,6251743,1583,1584,1,0,2,827194365
7,6253147,1584,1584,0,0,1,128475369
7,6253174,1584,1584,0,0,1,128475396
7,6253417,1582,1584,2,0,2,825374619
7,6253471,1582,1584,2,0,2,825374691
7,6253714,1584,1584,0,0,1,128475936
7,6253741,1584,1584,0,0,1,128475963
7,6254137,1583,1584,1,0,2,825476139
7,6254173,1583,1584,1,0,2,825476193
7,6254317,1581,1584,3,0,2,825476319
7,6254371,1581,1584,3,0,2,825476391
7,6254713,1583,1584,1,0,2,825476913
7,6254731,1583,1584,1,0,2,825476931
7,6257134,1583,1584,1,0,2,827915634
7,6257143,1583,1584,1,0,2,827914365
7,6257314,1584,1584,0,0,1,128479536
7,6257341,1583,1584,1,0,2,827956341
7,6257413,1584,1584,0,0,1,128479635
7,6257431,1583,1584,1,0,2,827943651
7,6271345,1582,1584,2,0,2,829136745
7,6271354,1582,1584,2,0,2,829135476
7,6271435,1582,1584,2,0,2,829143657
7,6271453,1582,1584,2,0,2,829146375
7,6271534,1582,1584,2,0,2,829153746
7,6271543,1582,1584,2,0,2,829154763
7,6273145,1583,1584,1,0,2,829316745
7,6273154,1583,1584,1,0,2,829315476
7,6273415,1583,1584,1,0,2,829563417
7,6273451,1581,1584,3,0,2,628394571
7,6273514,1584,1584,0,0,1,128495736
7,6273541,1582,1584,2,0,2,829354761
7,6274135,1584,1584,0,0,1,128496357
7,6274153,1584,1584,0,0,1,128496375
7,6274315,1583,1584,1,0,2,829436517
7,6274351,1582,1584,2,0,2,829436571
7,6274513,1583,1584,1,0,2,829674513
7,6274531,1582,1584,2,0,2,829463751
7,6275134,1583,1584,1,0,2,829715634
7,6275143,1583,1584,1,0,2,829714365
7,6275314,1584,1584,0,0,1,128497536
7,6275341,1582,1584,2,0,2,829537461
7,6275413,1583,1584,1,0,2,829547613
7,6275431,1582,1584,2,0,2,829547631
7,6312457,1581,1584,3,0,2,831267459
7,6312475,1582,1584,2,0,2,831524697
7,6312547,1581,1584,3,0,2,831254769
7,6312574,1582,1584,2,0,2,831524796
7,6312745,1581,1584,3,0,2,831296745
7,6312754,1581,1584,3,0,2,831295476
7,6314257,1582,1584,2,0,2,831526479
7,6314275,1582,1584,2,0,2,831526497
7,6314527,1583,1584,1,0,2,831674529
7,6314572,1583,1584,1,0,2,831674592
7,6314725,1584,1584,0,0,1,128536947
7,6314752,1584,1584,0,0,1,128536974
7,6315247,1583,1584,1,0,2,831527469
7,6315274,1584,1584,0,0,1,128537496
7,6315427,1582,1584,2,0,2,831547629
7,6315472,1583,1584,1,0,2,831547692
7,6315724,1584,1584,0,0,1,128537946
7,6315742,1584,1584,0,0,1,128537964
7,6317245,1583,1584,1,0,2,831926745
7,6317254,1583,1584,1,0,2,831925476
7,6317425,1584,1584,0,0,1,128539647
7,6317452,1583,1584,1,0,2,831967452
7,6317524,1584,1584,0,0,1,128539746
7,6317542,1583,1584,1,0,2,831954762
7,6321457,1580,1584,4,0,2,832167459
7,6321475,1581,1584,3,0,2,832541697
7,6321547,1580,1584,4,0,2,832154769
7,6321574,1582,1584,2,0,2,832541796
7,6321745,1581,1584,3,0,2,832196745
7,6321754,1581,1584,3,0,2,832195476
7,6324157,1582,1584,2,0,2,832546179
7,6324175,1582,1584,2,0,2,832546197
7,6324517,1581,1584,3,0,2,832546719
7,6324571,1581,1584,3,0,2,832546791
7,6324715,1582,1584,2,0,2,832546917
7,6324751,1582,1584,2,0,2,832546971
7,6325147,1582,1584,2,0,2,832547169
7,6325174,1583,1584,1,0,2,832547196
7,6325417,1581,1584,4,0,3,832547619
7,6325471,1581,1584,4,0,3,832547691
7,6325714,1583,1584,1,0,2,832547916
7,6325741,1583,1584,1,0,2,832547961
7,6327145,1582,1584,2,0,2,832549167
7,6327154,1582,1584,2,0,2,832549176
7,6327415,1583,1584,1,0,2,832549617
7,6327451,1582,1584,2,0,2,832549671
7,6327514,1583,1584,1,0,2,832549716
7,6327541,1582,1584,2,0,2,832549761
7,6341257,1581,1584,4,0,3,856341279
7,6341275,1581,1584,4,0,3,856341297
7,6341527,1582,1584,2,0,2,835162749
7,6341572,1583,1584,1,0,2,856341792
7,6341725,1583,1584,1,0,2,856341927
7,6341752,1583,1584,1,0,2,856341972
7,6342157,1581,1584,3,0,2,835264179
7,6342175,1581,1584,3,0,2,835264197
7,6342517,1582,1584,2,0,2,835264719
7,6342571,1582,1584,2,0,2,835264791
7,6342715,1582,1584,2,0,2,835264917
7,6342751,1582,1584,2,0,2,835264971
7,6345127,1579,1584,5,0,2,638457129
7,6345172,1581,1584,3,0,2,638457192
7,6345217,1579,1584,5,0,2,638457219
7,6345271,1580,1584,4,0,2,638457291
7,6345712,1580,1584,4,0,2,638457912
7,6345721,1580,1584,4,0,2,638457921
7,6347125,1582,1584,2,0,2,856349127
7,6347152,1583,1584,1,0,2,856349172
7,6347215,1582,1584,2,0,2,856349217
7,6347251,1583,1584,1,0,2,856349271
7,6347512,1582,1584,2,0,2,856349712
7,6347521,1582,1584,2,0,2,856349721
7,6351247,1582,1584,2,0,2,835172469
7,6351274,1583,1584,1,0,2,857341296
7,6351427,1583,1584,1,0,2,857361429
7,6351472,1584,1584,0,0,1,128573694
7,6351724,1584,1584,0,0,1,128573946
7,6351742,1584,1584,0,0,1,128573964
7,6352147,1583,1584,1,0,2,857214369
7,6352174,1583,1584,1,0,2,857214396
7,6352417,1582,1584,2,0,2,835274619
7,6352471,1582,1584,2,0,2,835274691
7,6352714,1584,1584,0,0,1,128574936
7,6352741,1584,1584,0,0,1,128574963
7,6354127,1581,1584,3,0,2,835476129
7,6354172,1582,1584,2,0,2,835476192
7,6354217,1581,1584,3,0,2,835476219
7,6354271,1582,1584,2,0,2,835476291
7,6354712,1581,1584,3,0,2,835476912
7,6354721,1581,1584,3,0,2,835476921
7,6357124,1583,1584,1,0,2,857934126
7,6357142,1584,1584,0,0,1,128579364
7,6357214,1583,1584,1,0,2,857921436
7,6357241,1584,1584,0,0,1,128579463
7,6357412,1583,1584,1,0,2,857963412
7,6357421,1583,1584,1,0,2,857962143
7,6371245,1582,1584,2,0,2,839126745
7,6371254,1582,1584,2,0,2,839125476
7,6371425,1584,1584,0,0,1,128593647
7,6371452,1583,1584,1,0,2,839167452
7,6371524,1584,1584,0,0,1,128593746
7,6371542,1583,1584,1,0,2,839154762
7,6372145,1582,1584,2,0,2,839216745
7,6372154,1582,1584,2,0,2,839215476
7,6372415,1584,1584,0,0,1,128594637
7,6372451,1583,1584,1,0,2,839267451
7,6372514,1584,1584,0,0,1,128594736
7,6372541,1583,1584,1,0,2,839254761
7,6374125,1583,1584,1,0,2,859634127
7,6374152,1584,1584,0,0,1,128596374
7,6374215,1583,1584,1,0,2,859621437
7,6374251,1584,1584,0,0,1,128596473
7,6374512,1581,1584,3,0,2,638495712
7,6374521,1581,1584,3,0,2,638495721
7,6375124,1583,1584,1,0,2,859734126
7,6375142,1584,1584,0,0,1,128597364
7,6375214,1583,1584,1,0,2,859721436
7,6375241,1584,1584,0,0,1,128597463
7,6375412,1582,1584,2,0,2,839547612
7,6375421,1582,1584,2,0,2,839547621
7,6412357,1581,1584,3,0,2,841623579
7,6412375,1581,1584,3,0,2,841623597
7,6412537,1583,1584,1,0,2,863412759
7,6412573,1583,1584,1,0,2,863412795
7,6412735,1583,1584,1,0,2,863412957
7,6412753,1583,1584,1,0,2,863412975
7,6413257,1582,1584,2,0,2,861325479
7,6413275,1582,1584,2,0,2,861325497
7,6413527,1584,1584,0,0,1,128635749
7,6413572,1584,1584,0,0,1,128635794
7,6413725,1584,1584,0,0,1,128635947
7,6413752,1584,1584,0,0,1,128635974
7,6415237,1582,1584,2,0,2,841627359
7,6415273,1584,1584,0,0,1,128637495
7,6415327,1583,1584,1,0,2,861732549
7,6415372,1584,1584,0,0,1,128637594
7,6415723,1583,1584,1,0,2,861794523
7,6415732,1583,1584,1,0,2,861793254
7,6417235,1583,1584,1,0,2,861945237
7,6417253,1584,1584,0,0,1,128639475
7,6417325,1583,1584,1,0,2,861932547
7,6417352,1584,1584,0,0,1,128639574
7,6417523,1583,1584,1,0,2,861974523
7,6417532,1583,1584,1,0,2,861973254
7,6421357,1582,1584,2,0,2,862143579
7,6421375,1582,1584,2,0,2,862143597
7,6421537,1582,1584,2,0,2,862143759
7,6421573,1583,1584,1,0,2,862143795
7,6421735,1583,1584,1,0,2,862143957
7,6421753,1582,1584,2,0,2,862143975
7,6423157,1581,1584,3,0,2,842635179
7,6423175,1581,1584,3,0,2,842635197
7,6423517,1582,1584,2,0,2,842635719
7,6423571,1582,1584,2,0,2,842635791
7,6423715,1582,1584,2,0,2,842635917
7,6423751,1582,1584,2,0,2,842635971
7,6425137,1583,1584,1,0,2,864725139
7,6425173,1584,1584,0,0,1,128647395
7,6425317,1582,1584,2,0,2,842637519
7,6425371,1582,1584,2,0,2,842637591
7,6425713,1584,1584,0,0,1,128647935
7,6425731,1584,1584,0,0,1,128647953
7,6427135,1584,1584,0,0,1,128649357
7,6427153,1583,1584,1,0,2,864927153
7,6427315,1584,1584,0,0,1,128649537
7,6427351,1584,1584,0,0,1,128649573
7,6427513,1584,1584,0,0,1,128649735
7,6427531,1583,1584,1,0,2,864927531
7,6431257,1581,1584,3,0,2,843651279
7,6431275,1581,1584,3,0,2,843651297
7,6431527,1583,1584,1,0,2,843651729
7,6431572,1583,1584,1,0,2,843651792
7,6431725,1583,1584,1,0,2,843651927
7,6431752,1583,1584,1,0,2,843651972
7,6432157,1580,1584,4,0,2,843652179
7,6432175,1580,1584,4,0,2,843652197
7,6432517,1581,1584,3,0,2,843652719
7,6432571,1581,1584,3,0,2,843652791
7,6432715,1581,1584,3,0,2,843652917
7,6432751,1581,1584,3,0,2,843652971
7,6435127,1581,1584,3,0,2,843657129
7,6435172,1582,1584,2,0,2,843657192
7,6435217,1581,1584,3,0,2,843657219
7,6435271,1582,1584,2,0,2,843657291
7,6435712,1581,1584,3,0,2,843657912
7,6435721,1581,1584,3,0,2,843657921
7,6437125,1582,1584,2,0,2,843659127
7,6437152,1583,1584,1,0,2,843659172
7,6437215,1582,1584,2,0,2,843659217
7,6437251,1582,1584,2,0,2,843659271
7,6437512,1581,1584,3,0,2,843659712
7,6437521,1581,1584,3,0,2,843659721
7,6451237,1579,1584,5,0,2,648571239
7,6451273,1581,1584,3,0,2,648571293
7,6451327,1580,1584,4,0,2,648571329
7,6451372,1582,1584,2,0,2,648571392
7,6451723,1581,1584,3,0,2,648571923
7,6451732,1581,1584,3,0,2,648571932
7,6452137,1580,1584,4,0,2,648572139
7,6452173,1581,1584,3,0,2,648572193
7,6452317,1579,1584,6,0,3,867452319
7,6452371,1580,1584,5,0,3,867452391
7,6452713,1582,1584,2,0,2,648572913
7,6452731,1582,1584,2,0,2,648572931
7,6453127,1579,1584,5,0,2,648573129
7,6453172,1581,1584,3,0,2,648573192
7,6453217,1579,1584,5,0,2,648573219
7,6453271,1580,1584,4,0,2,648573291
7,6453712,1580,1584,4,0,2,648573912
7,6453721,1580,1584,4,0,2,648573921
7,6457123,1580,1584,4,0,2,648579123
7,6457132,1580,1584,4,0,2,648579132
7,6457213,1580,1584,4,0,2,648579213
7,6457231,1580,1584,4,0,2,648579231
7,6457312,1580,1584,4,0,2,648579312
7,6457321,1580,1584,4,0,2,648579321
7,6471235,1582,1584,2,0,2,869145237
7,6471253,1583,1584,1,0,2,869341275
7,6471325,1582,1584,2,0,2,869132547
7,6471352,1584,1584,0,0,1,128693574
7,6471523,1583,1584,1,0,2,869174523
7,6471532,1583,1584,1,0,2,869173254
7,6472135,1582,1584,2,0,2,869214357
7,6472153,1583,1584,1,0,2,869214375
7,6472315,1582,1584,2,0,2,869241537
7,6472351,1583,1584,1,0,2,869452371
7,6472513,1583,1584,1,0,2,869472513
7,6472531,1583,1584,1,0,2,869472531
7,6473125,1582,1584,2,0,2,869315247
7,6473152,1584,1584,0,0,1,128695374
7,6473215,1582,1584,2,0,2,869325417
7,6473251,1583,1584,1,0,2,869325471
7,6473512,1582,1584,2,0,2,869473512
7,6473521,1582,1584,2,0,2,869473521
7,6475123,1580,1584,4,0,2,648597123
7,6475132,1580,1584,4,0,2,648597132
7,6475213,1580,1584,4,0,2,648597213
7,6475231,1580,1584,4,0,2,648597231
7,6475312,1580,1584,4,0,2,648597312
7,6475321,1580,1584,4,0,2,648597321
7,6512347,1579,1584,5,0,2,658712349
7,6512374,1581,1584,3,0,2,658712394
7,6512437,1580,1584,4,0,2,658712439
7,6512473,1582,1584,2,0,2,658712493
7,6512734,1581,1584,3,0,2,658712934
7,6512743,1581,1584,3,0,2,658712943
7,6513247,1580,1584,4,0,2,658713249
7,6513274,1581,1584,3,0,2,658713294
7,6513427,1581,1584,3,0,2,658713429
7,6513472,1582,1584,2,0,2,658713492
7,6513724,1583,1584,1,0,2,658713924
7,6513742,1583,1584,1,0,2,658713942
7,6514237,1581,1584,3,0,2,658714239
7,6514273,1583,1584,1,0,2,658714293
7,6514327,1580,1584,4,0,2,658714329
7,6514372,1582,1584,2,0,2,658714392
7,6514723,1582,1584,2,0,2,658714923
7,6514732,1582,1584,2,0,2,658714932
7,6517234,1581,1584,3,0,2,658719234
7,6517243,1581,1584,3,0,2,658719243
7,6517324,1581,1584,3,0,2,658719324
7,6517342,1581,1584,3,0,2,658719342
7,6517423,1581,1584,3,0,2,658719423
7,6517432,1581,1584,3,0,2,658719432
7,6521347,1580,1584,4,0,2,658721349
7,6521374,1581,1584,3,0,2,658721394
7,6521437,1580,1584,5,0,3,872143659
7,6521473,1582,1584,2,0,2,658721493
7,6521734,1581,1584,3,0,2,658721934
7,6521743,1581,1584,3,0,2,658721943
7,6523147,1581,1584,3,0,2,658723149
7,6523174,1581,1584,3,0,2,658723194
7,6523417,1579,1584,5,0,2,658723419
7,6523471,1580,1584,4,0,2,658723491
7,6523714,1582,1584,2,0,2,658723914
7,6523741,1582,1584,2,0,2,658723941
7,6524137,1581,1584,3,0,2,658724139
7,6524173,1583,1584,1,0,2,658724193
7,6524317,1581,1584,3,0,2,658724319
7,6524371,1581,1584,3,0,2,658724391
7,6524713,1583,1584,1,0,2,658724913
7,6524731,1583,1584,1,0,2,658724931
7,6527134,1582,1584,2,0,2,658729134
7,6527143,1582,1584,2,0,2,658729143
7,6527314,1583,1584,1,0,2,658729314
7,6527341,1582,1584,2,0,2,658729341
7,6527413,1583,1584,1,0,2,658729413
7,6527431,1582,1584,2,0,2,658729431
7,6531247,1581,1584,3,0,2,658731249
7,6531274,1581,1584,3,0,2,658731294
7,6531427,1581,1584,3,0,2,658731429
7,6531472,1583,1584,1,0,2,658731492
7,6531724,1583,1584,1,0,2,658731924
7,6531742,1583,1584,1,0,2,658731942
7,6532147,1580,1584,4,0,2,658732149
7,6532174,1581,1584,3,0,2,658732194
7,6532417,1581,1584,3,0,2,658732419
7,6532471,1581,1584,3,0,2,658732491
7,6532714,1582,1584,2,0,2,658732914
7,6532741,1582,1584,2,0,2,658732941
7,6534127,1579,1584,6,0,3,875634129
7,6534172,1581,1584,3,0,2,658734192
7,6534217,1579,1584,5,0,2,658734219
7,6534271,1580,1584,4,0,2,658734291
7,6534712,1580,1584,4,0,2,658734912
7,6534721,1580,1584,4,0,2,658734921
7,6537124,1582,1584,2,0,2,658739124
7,6537142,1583,1584,1,0,2,658739142
7,6537214,1582,1584,2,0,2,658739214
7,6537241,1583,1584,1,0,2,658739241
7,6537412,1582,1584,2,0,2,658739412
7,6537421,1582,1584,2,0,2,658739421
7,6541237,1579,1584,5,0,2,658741239
7,6541273,1581,1584,3,0,2,658741293
7,6541327,1580,1584,4,0,2,658741329
7,6541372,1582,1584,2,0,2,658741392
7,6541723,1581,1584,3,0,2,658741923
7,6541732,1581,1584,3,0,2,658741932
7,6542137,1580,1584,4,0,2,658742139
7,6542173,1581,1584,3,0,2,658742193
7,6542317,1579,1584,5,0,2,658742319
7,6542371,1580,1584,4,0,2,658742391
7,6542713,1582,1584,2,0,2,658742913
7,6542731,1582,1584,2,0,2,658742931
7,6543127,1579,1584,5,0,2,658743129
7,6543172,1581,1584,3,0,2,658743192
7,6543217,1578,1584,6,0,2,658743219
7,6543271,1579,1584,5,0,2,658743291
7,6543712,1579,1584,5,0,2,658743912
7,6543721,1579,1584,5,0,2,658743921
7,6547123,1579,1584,5,0,2,658749123
7,6547132,1579,1584,5,0,2,658749132
7,6547213,1579,1584,5,0,2,658749213
7,6547231,1579,1584,5,0,2,658749231
7,6547312,1579,1584,5,0,2,658749312
7,6547321,1579,1584,5,0,2,658749321
7,6571234,1579,1584,5,0,2,658791234
7,6571243,1579,1584,5,0,2,658791243
7,6571324,1579,1584,5,0,2,658791324
7,6571342,1580,1584,4,0,2,658791342
7,6571423,1580,1584,4,0,2,658791423
7,6571432,1579,1584,5,0,2,658791432
7,6572134,1579,1584,5,0,2,658792134
7,6572143,1579,1584,6,0,3,879214365
7,6572314,1580,1584,4,0,2,658792314
7,6572341,1579,1584,5,0,2,658792341
7,6572413,1580,1584,4,0,2,658792413
7,6572431,1580,1584,4,0,2,658792431
7,6573124,1580,1584,4,0,2,658793124
7,6573142,1580,1584,4,0,2,658793142
7,6573214,1579,1584,5,0,2,658793214
7,6573241,1580,1584,4,0,2,658793241
7,6573412,1579,1584,6,0,3,879563412
7,6573421,1579,1584,5,0,2,658793421
7,6574123,1579,1584,5,0,2,658794123
7,6574132,1580,1584,4,0,2,658794132
7,6574213,1580,1584,4,0,2,658794213
7,6574231,1579,1584,5,0,2,658794231
7,6574312,1579,1584,5,0,2,658794312
7,6574321,1579,1584,5,0,2,658794321
7,6712345,1578,1584,6,0,2,681923457
7,6712354,1579,1584,5,0,2,891235476
7,6712435,1579,1584,5,0,2,891243657
7,6712453,1580,1584,4,0,2,891246375
7,6712534,1580,1584,4,0,2,891253746
7,6712543,1579,1584,5,0,2,891254763
7,6713245,1579,1584,5,0,2,891325467
7,6713254,1579,1584,6,0,3,891325476
7,6713425,1581,1584,3,0,2,891352647
7,6713452,1580,1584,4,0,2,891356274
7,6713524,1581,1584,3,0,2,891352746
7,6713542,1581,1584,3,0,2,891354762
7,6714235,1581,1584,3,0,2,891426357
7,6714253,1581,1584,3,0,2,891426375
7,6714325,1579,1584,5,0,2,891436527
7,6714352,1581,1584,3,0,2,891436572
7,6714523,1580,1584,5,0,3,891674523
7,6714532,1580,1584,4,0,2,891463752
7,6715234,1580,1584,4,0,2,891527346
7,6715243,1581,1584,3,0,2,891724365
7,6715324,1581,1584,3,0,2,891732546
7,6715342,1580,1584,4,0,2,891537462
7,6715423,1580,1584,4,0,2,891547623
7,6715432,1579,1584,5,0,2,891547632
7,6721345,1579,1584,5,0,2,892136745
7,6721354,1579,1584,5,0,2,892135476
7,6721435,1579,1584,6,0,3,892143657
7,6721453,1580,1584,4,0,2,892143675
7,6721534,1580,1584,4,0,2,892143756
7,6721543,1579,1584,5,0,2,892143765
7,6723145,1580,1584,4,0,2,892316745
7,6723154,1580,1584,4,0,2,892315476
7,6723415,1580,1584,4,0,2,892451637
7,6723451,1578,1584,6,0,2,682934571
7,6723514,1582,1584,2,0,2,894523716
7,6723541,1580,1584,4,0,2,892354761
7,6724135,1581,1584,3,0,2,892416357
7,6724153,1582,1584,2,0,2,892416375
7,6724315,1581,1584,3,0,2,892436517
7,6724351,1580,1584,4,0,2,892436571
7,6724513,1581,1584,3,0,2,892461735
7,6724531,1581,1584,3,0,2,892463751
7,6725134,1582,1584,2,0,2,892715634
7,6725143,1581,1584,3,0,2,892714365
7,6725314,1583,1584,1,0,2,896725314
7,6725341,1581,1584,3,0,2,892537461
7,6725413,1582,1584,2,0,2,892547613
7,6725431,1580,1584,4,0,2,892547631
7,6731245,1580,1584,4,0,2,893126745
7,6731254,1580,1584,4,0,2,893125476
7,6731425,1581,1584,3,0,2,893152647
7,6731452,1582,1584,2,0,2,893167452
7,6731524,1582,1584,2,0,2,893152746
7,6731542,1581,1584,3,0,2,893154762
7,6732145,1579,1584,5,0,2,893216745
7,6732154,1579,1584,5,0,2,893215476
7,6732415,1581,1584,3,0,2,893254617
7,6732451,1580,1584,4,0,2,893254671
7,6732514,1581,1584,3,0,2,893254716
7,6732541,1580,1584,5,0,3,893254761
7,6734125,1580,1584,5,0,3,895634127
7,6734152,1581,1584,3,0,2,893516274
7,6734215,1580,1584,4,0,2,893526417
7,6734251,1581,1584,3,0,2,893526471
7,6734512,1578,1584,6,0,2,683945712
7,6734521,1578,1584,6,0,2,683945721
7,6735124,1581,1584,3,0,2,893517246
7,6735142,1582,1584,2,0,2,895736142
7,6735214,1582,1584,2,0,2,895721436
7,6735241,1581,1584,3,0,2,893527461
7,6735412,1580,1584,4,0,2,893547612
7,6735421,1580,1584,4,0,2,893547621
7,6741235,1580,1584,4,0,2,894162357
7,6741253,1582,1584,2,0,2,896341275
7,6741325,1581,1584,3,0,2,896132547
7,6741352,1583,1584,1,0,2,896741352
7,6741523,1581,1584,3,0,2,894162735
7,6741532,1582,1584,2,0,2,896173254
7,6742135,1581,1584,3,0,2,896214357
7,6742153,1581,1584,3,0,2,896214375
7,6742315,1580,1584,4,0,2,894263517
7,6742351,1581,1584,3,0,2,894263571
7,6742513,1582,1584,2,0,2,896472513
7,6742531,1581,1584,3,0,2,894263751
7,6743125,1580,1584,4,0,2,894365127
7,6743152,1582,1584,2,0,2,894365172
7,6743215,1579,1584,5,0,2,894365217
7,6743251,1580,1584,4,0,2,894365271
7,6743512,1580,1584,4,0,2,894365712
7,6743521,1580,1584,4,0,2,894365721
7,6745123,1578,1584,7,0,3,896745123
7,6745132,1579,1584,6,0,3,896745132
7,6745213,1579,1584,6,0,3,896745213
7,6745231,1578,1584,9,0,4,896745231
7,6745312,1578,1584,7,0,3,896745312
7,6745321,1578,1584,7,0,3,896745321
7,6751234,1578,1584,6,0,2,685971234
7,6751243,1579,1584,5,0,2,685971243
7,6751324,1579,1584,5,0,2,685971324
7,6751342,1580,1584,4,0,2,685971342
7,6751423,1580,1584,4,0,2,685971423
7,6751432,1579,1584,5,0,2,685971432
7,6752134,1579,1584,5,0,2,685972134
7,6752143,1579,1584,6,0,3,897214365
7,6752314,1580,1584,4,0,2,685972314
7,6752341,1578,1584,6,0,2,685972341
7,6752413,1580,1584,4,0,2,685972413
7,6752431,1580,1584,4,0,2,685972431
7,6753124,1580,1584,4,0,2,685973124
7,6753142,1580,1584,4,0,2,685973142
7,6753214,1579,1584,5,0,2,685973214
7,6753241,1580,1584,4,0,2,685973241
7,6753412,1578,1584,7,0,3,897563412
7,6753421,1578,1584,6,0,2,685973421
7,6754123,1578,1584,6,0,2,685974123
7,6754132,1579,1584,5,0,2,685974132
7,6754213,1579,1584,5,0,2,685974213
7,6754231,1578,1584,6,0,2,685974231
7,6754312,1578,1584,6,0,2,685974312
7,6754321,1578,1584,6,0,2,685974321
7,7123456,1578,1584,6,0,2,719234568
7,7123465,1579,1584,5,0,2,912346587
7,7123546,1579,1584,5,0,2,912354768
7,7123564,1580,1584,4,0,2,912357486
7,7123645,1580,1584,4,0,2,912364857
7,7123654,1579,1584,5,0,2,912365874
7,7124356,1579,1584,5,0,2,912436578
7,7124365,1579,1584,6,0,3,912436587
7,7124536,1581,1584,3,0,2,912463758
7,7124563,1580,1584,4,0,2,912467385
7,7124635,1581,1584,3,0,2,912463857
7,7124653,1581,1584,3,0,2,912465873
7,7125346,1581,1584,3,0,2,912537468
7,7125364,1581,1584,3,0,2,912537486
7,7125436,1579,1584,5,0,2,912547638
7,7125463,1581,1584,3,0,2,912547683
7,7125634,1580,1584,5,0,3,912785634
7,7125643,1580,1584,4,0,2,912574863
7,7126345,1580,1584,4,0,2,912638457
7,7126354,1581,1584,3,0,2,912835476
7,7126435,1581,1584,3,0,2,912843657
7,7126453,1580,1584,4,0,2,912648573
7,7126534,1580,1584,4,0,2,912658734
7,7126543,1579,1584,5,0,2,912658743
7,7132456,1579,1584,5,0,2,913247856
7,7132465,1579,1584,5,0,2,913246587
7,7132546,1579,1584,6,0,3,913254768
7,7132564,1580,1584,4,0,2,913254786
7,7132645,1580,1584,4,0,2,913254867
7,7132654,1579,1584,5,0,2,913254876
7,7134256,1581,1584,3,0,2,913427856
7,7134265,1581,1584,3,0,2,913426587
7,7134526,1581,1584,3,0,2,913562748
7,7134562,1580,1584,4,0,2,913478562
7,7134625,1583,1584,1,0,2,915634827
7,7134652,1581,1584,3,0,2,913465872
7,7135246,1582,1584,2,0,2,913527468
7,7135264,1583,1584,1,0,2,913527486
7,7135426,1582,1584,2,0,2,913547628
7,7135462,1581,1584,3,0,2,913547682
7,7135624,1582,1584,2,0,2,913572846
7,7135642,1582,1584,2,0,2,913574862
7,7136245,1583,1584,1,0,2,913826745
7,7136254,1582,1584,2,0,2,913825476
7,7136425,1584,1584,0,0,1,129358647
7,7136452,1582,1584,2,0,2,913648572
7,7136524,1583,1584,1,0,2,913658724
7,7136542,1581,1584,3,0,2,913658742
7,7142356,1581,1584,3,0,2,914237856
7,7142365,1581,1584,3,0,2,914236587
7,7142536,1582,1584,2,0,2,914263758
7,7142563,1583,1584,1,0,2,914278563
7,7142635,1583,1584,1,0,2,914263857
7,7142653,1582,1584,2,0,2,914265873
7,7143256,1579,1584,5,0,2,914327856
7,7143265,1579,1584,5,0,2,914326587
7,7143526,1582,1584,2,0,2,914365728
7,7143562,1581,1584,3,0,2,914365782
7,7143625,1582,1584,2,0,2,914365827
7,7143652,1581,1584,4,0,3,914365872
7,7145236,1581,1584,4,0,3,916745238
7,7145263,1582,1584,2,0,2,914627385
7,7145326,1581,1584,3,0,2,914637528
7,7145362,1582,1584,2,0,2,914637582
7,7145623,1580,1584,4,0,2,914672835
7,7145632,1580,1584,4,0,2,914673852
7,7146235,1582,1584,2,0,2,914628357
7,7146253,1583,1584,1,0,2,916847253
7,7146325,1583,1584,1,0,2,916832547
7,7146352,1582,1584,2,0,2,914638572
7,7146523,1581,1584,3,0,2,914658723
7,7146532,1581,1584,3,0,2,914658732
7,7152346,1581,1584,3,0,2,915273468
7,7152364,1583,1584,1,0,2,917452386
7,7152436,1582,1584,2,0,2,917243658
7,7152463,1584,1584,0,0,1,129374685
7,7152634,1582,1584,2,0,2,915273846
7,7152643,1583,1584,1,0,2,917284365
7,7153246,1582,1584,2,0,2,917325468
7,7153264,1582,1584,2,0,2,917325486
7,7153426,1581,1584,3,0,2,915374628
7,7153462,1582,1584,2,0,2,915374682
7,7153624,1583,1584,1,0,2,917583624
7,7153642,1582,1584,2,0,2,915374862
7,7154236,1581,1584,3,0,2,915476238
7,7154263,1583,1584,1,0,2,915476283
7,7154326,1579,1584,5,0,2,915476328
7,7154362,1581,1584,3,0,2,915476382
7,7154623,1581,1584,3,0,2,915476823
7,7154632,1581,1584,3,0,2,915476832
7,7156234,1580,1584,4,0,2,915728346
7,7156243,1581,1584,3,0,2,917824365
7,7156324,1581,1584,3,0,2,917832546
7,7156342,1580,1584,5,0,3,917856342
7,7156423,1580,1584,4,0,2,915748623
7,7156432,1580,1584,4,0,2,915748632
7,7162345,1580,1584,4,0,2,916283457
7,7162354,1581,1584,3,0,2,918235476
7,7162435,1581,1584,3,0,2,918243657
7,7162453,1582,1584,2,0,2,918246375
7,7162534,1582,1584,2,0,2,918253746
7,7162543,1581,1584,3,0,2,918254763
7,7163245,1581,1584,3,0,2,918325467
7,7163254,1581,1584,4,0,3,918325476
7,7163425,1582,1584,2,0,2,918352647
7,7163452,1580,1584,4,0,2,916384572
7,7163524,1582,1584,2,0,2,918352746
7,7163542,1582,1584,2,0,2,918354762
7,7164235,1582,1584,2,0,2,918426357
7,7164253,1582,1584,2,0,2,918426375
7,7164325,1581,1584,3,0,2,918436527
7,7164352,1582,1584,2,0,2,918436572
7,7164523,1580,1584,5,0,3,918674523
7,7164532,1580,1584,4,0,2,916485732
7,7165234,1580,1584,4,0,2,916587234
7,7165243,1581,1584,3,0,2,916587243
7,7165324,1581,1584,3,0,2,916587324
7,7165342,1580,1584,4,0,2,916587342
7,7165423,1580,1584,4,0,2,916587423
7,7165432,1579,1584,5,0,2,916587432
7,7213456,1579,1584,5,0,2,921347856
7,7213465,1579,1584,5,0,2,921346587
7,7213546,1579,1584,5,0,2,921354768
7,7213564,1580,1584,4,0,2,921357486
7,7213645,1580,1584,4,0,2,921364857
7,7213654,1579,1584,5,0,2,921365874
7,7214356,1579,1584,6,0,3,921436578
7,7214365,1579,1584,8,0,4,921436587
7,7214536,1581,1584,3,0,2,921436758
7,7214563,1580,1584,4,0,2,921436785
7,7214635,1581,1584,3,0,2,921436857
7,7214653,1581,1584,3,0,2,921436875
7,7215346,1581,1584,3,0,2,921437568
7,7215364,1581,1584,3,0,2,921437586
7,7215436,1579,1584,5,0,2,921437658
7,7215463,1581,1584,3,0,2,921437685
7,7215634,1580,1584,5,0,3,921785634
7,7215643,1580,1584,4,0,2,921437865
7,7216345,1580,1584,4,0,2,921438567
7,7216354,1581,1584,3,0,2,921438576
7,7216435,1581,1584,3,0,2,921438657
7,7216453,1580,1584,4,0,2,921438675
7,7216534,1580,1584,4,0,2,921438756
7,7216543,1579,1584,5,0,2,921438765
7,7231456,1580,1584,4,0,2,923147856
7,7231465,1580,1584,4,0,2,923146587
7,7231546,1580,1584,4,0,2,923154768
7,7231564,1580,1584,4,0,2,923157486
7,7231645,1580,1584,4,0,2,923164857
7,7231654,1580,1584,4,0,2,923165874
7,7234156,1580,1584,4,0,2,923417856
7,7234165,1580,1584,4,0,2,923416587
7,7234516,1580,1584,4,0,2,923674518
7,7234561,1578,1584,6,0,2,729345681
7,7234615,1582,1584,2,0,2,925634817
7,7234651,1580,1584,4,0,2,923465871
7,7235146,1583,1584,1,0,2,945237168
7,7235164,1583,1584,1,0,2,945237186
7,7235416,1581,1584,3,0,2,923547618
7,7235461,1580,1584,4,0,2,923547681
7,7235614,1582,1584,2,0,2,923785614
7,7235641,1581,1584,3,0,2,923574861
7,7236145,1582,1584,2,0,2,923816745
7,7236154,1582,1584,2,0,2,923815476
7,7236415,1583,1584,1,0,2,945238617
7,7236451,1581,1584,3,0,2,923648571
7,7236514,1582,1584,2,0,2,923658714
7,7236541,1580,1584,4,0,2,923658741
7,7241356,1581,1584,3,0,2,924137856
7,7241365,1581,1584,3,0,2,924136587
7,7241536,1583,1584,1,0,2,924163758
7,7241563,1583,1584,1,0,2,924178563
7,7241635,1583,1584,1,0,2,924163857
7,7241653,1583,1584,1,0,2,924165873
7,7243156,1581,1584,3,0,2,924317856
7,7243165,1581,1584,3,0,2,924316587
7,7243516,1581,1584,3,0,2,924365718
7,7243561,1580,1584,4,0,2,924365781
7,7243615,1582,1584,2,0,2,924365817
7,7243651,1580,1584,5,0,3,924365871
7,7245136,1582,1584,2,0,2,924617358
7,7245163,1582,1584,2,0,2,924617385
7,7245316,1582,1584,2,0,2,924637518
7,7245361,1582,1584,2,0,2,924637581
7,7245613,1581,1584,3,0,2,924671835
7,7245631,1581,1584,3,0,2,924673851
7,7246135,1583,1584,1,0,2,924618357
7,7246153,1584,1584,0,0,1,129468375
7,7246315,1584,1584,0,0,1,129468537
7,7246351,1582,1584,2,0,2,924638571
7,7246513,1582,1584,2,0,2,924658713
7,7246531,1582,1584,2,0,2,924658731
7,7251346,1583,1584,1,0,2,927156348
7,7251364,1584,1584,0,0,1,129473586
7,7251436,1582,1584,2,0,2,927143658
7,7251463,1584,1584,0,0,1,129473685
7,7251634,1583,1584,1,0,2,927185634
7,7251643,1583,1584,1,0,2,927184365
7,7253146,1584,1584,0,0,1,129475368
7,7253164,1584,1584,0,0,1,129475386
7,7253416,1582,1584,2,0,2,925374618
7,7253461,1582,1584,2,0,2,925374681
7,7253614,1584,1584,0,0,1,129475836
7,7253641,1582,1584,2,0,2,925374861
7,7254136,1583,1584,1,0,2,925476138
7,7254163,1583,1584,1,0,2,925476183
7,7254316,1581,1584,3,0,2,925476318
7,7254361,1580,1584,4,0,2,925476381
7,7254613,1582,1584,2,0,2,925476813
7,7254631,1582,1584,2,0,2,925476831
7,7256134,1582,1584,2,0,2,927815634
7,7256143,1582,1584,2,0,2,927814365
7,7256314,1583,1584,1,0,2,927856314
7,7256341,1581,1584,4,0,3,927856341
7,7256413,1582,1584,2,0,2,925748613
7,7256431,1581,1584,3,0,2,925748631
7,7261345,1582,1584,2,0,2,928136745
7,7261354,1582,1584,2,0,2,928135476
7,7261435,1582,1584,2,0,2,928143657
7,7261453,1582,1584,2,0,2,928146375
7,7261534,1582,1584,2,0,2,928153746
7,7261543,1581,1584,3,0,2,928154763
7,7263145,1583,1584,1,0,2,928316745
7,7263154,1583,1584,1,0,2,928315476
7,7263415,1583,1584,1,0,2,928563417
7,7263451,1581,1584,3,0,2,926384571
7,7263514,1584,1584,0,0,1,129485736
7,7263541,1582,1584,2,0,2,928354761
7,7264135,1584,1584,0,0,1,129486357
7,7264153,1584,1584,0,0,1,129486375
7,7264315,1583,1584,1,0,2,928436517
7,7264351,1582,1584,2,0,2,928436571
7,7264513,1582,1584,2,0,2,926485713
7,7264531,1581,1584,3,0,2,926485731
7,7265134,1582,1584,2,0,2,926587134
7,7265143,1582,1584,2,0,2,926587143
7,7265314,1583,1584,1,0,2,926587314
7,7265341,1581,1584,3,0,2,926587341
7,7265413,1582,1584,2,0,2,926587413
7,7265431,1580,1584,4,0,2,926587431
7,7312456,1580,1584,4,0,2,931247856
7,7312465,1580,1584,4,0,2,931246587
7,7312546,1580,1584,4,0,2,931254768
7,7312564,1580,1584,4,0,2,931257486
7,7312645,1580,1584,4,0,2,931264857
7,7312654,1580,1584,4,0,2,931265874
7,7314256,1581,1584,3,0,2,931427856
7,7314265,1581,1584,3,0,2,931426587
7,7314526,1583,1584,1,0,2,931674528
7,7314562,1582,1584,2,0,2,931478562
7,7314625,1584,1584,0,0,1,129536847
7,7314652,1582,1584,2,0,2,931465872
7,7315246,1583,1584,1,0,2,931527468
7,7315264,1583,1584,1,0,2,931527486
7,7315426,1582,1584,2,0,2,931547628
7,7315462,1582,1584,2,0,2,931547682
7,7315624,1583,1584,1,0,2,931785624
7,7315642,1582,1584,2,0,2,931574862
7,7316245,1583,1584,1,0,2,931826745
7,7316254,1583,1584,1,0,2,931825476
7,7316425,1584,1584,0,0,1,129538647
7,7316452,1582,1584,2,0,2,931648572
7,7316524,1583,1584,1,0,2,931658724
7,7316542,1581,1584,3,0,2,931658742
7,7321456,1579,1584,5,0,2,932147856
7,7321465,1579,1584,5,0,2,932146587
7,7321546,1579,1584,5,0,2,932154768
7,7321564,1580,1584,4,0,2,932157486
7,7321645,1580,1584,4,0,2,932164857
7,7321654,1579,1584,5,0,2,932165874
7,7324156,1581,1584,3,0,2,932417856
7,7324165,1581,1584,3,0,2,932416587
7,7324516,1581,1584,3,0,2,932546718
7,7324561,1580,1584,4,0,2,932478561
7,7324615,1582,1584,2,0,2,932546817
7,7324651,1580,1584,4,0,2,932465871
7,7325146,1582,1584,2,0,2,932547168
7,7325164,1583,1584,1,0,2,932547186
7,7325416,1581,1584,4,0,3,932547618
7,7325461,1580,1584,5,0,3,932547681
7,7325614,1582,1584,2,0,2,932547816
7,7325641,1581,1584,3,0,2,932547861
7,7326145,1582,1584,2,0,2,932548167
7,7326154,1581,1584,3,0,2,932548176
7,7326415,1583,1584,1,0,2,932548617
7,7326451,1581,1584,3,0,2,932548671
7,7326514,1582,1584,2,0,2,932548716
7,7326541,1580,1584,4,0,2,932548761
7,7341256,1580,1584,5,0,3,956341278
7,7341265,1580,1584,5,0,3,956341287
7,7341526,1582,1584,2,0,2,935162748
7,7341562,1582,1584,2,0,2,934178562
7,7341625,1583,1584,1,0,2,956341827
7,7341652,1582,1584,2,0,2,934165872
7,7342156,1580,1584,4,0,2,934217856
7,7342165,1580,1584,4,0,2,934216587
7,7342516,1582,1584,2,0,2,935264718
7,7342561,1581,1584,3,0,2,934278561
7,7342615,1582,1584,2,0,2,935264817
7,7342651,1581,1584,3,0,2,934265871
7,7345126,1580,1584,4,0,2,935617248
7,7345162,1581,1584,3,0,2,935617284
7,7345216,1580,1584,4,0,2,935627418
7,7345261,1581,1584,3,0,2,935627481
7,7345612,1578,1584,6,0,2,739456812
7,7345621,1578,1584,6,0,2,739456821
7,7346125,1582,1584,2,0,2,956348127
7,7346152,1583,1584,1,0,2,956348172
7,7346215,1582,1584,2,0,2,956348217
7,7346251,1583,1584,1,0,2,956348271
7,7346512,1580,1584,4,0,2,934658712
7,7346521,1580,1584,4,0,2,934658721
7,7351246,1582,1584,2,0,2,935172468
7,7351264,1583,1584,1,0,2,957341286
7,7351426,1583,1584,1,0,2,957361428
7,7351462,1584,1584,0,0,1,129573684
7,7351624,1583,1584,1,0,2,935172846
7,7351642,1584,1584,0,0,1,129573864
7,7352146,1583,1584,1,0,2,957214368
7,7352164,1583,1584,1,0,2,957214386
7,7352416,1582,1584,2,0,2,935274618
7,7352461,1582,1584,2,0,2,935274681
7,7352614,1584,1584,0,0,1,129574836
7,7352641,1583,1584,1,0,2,935274861
7,7354126,1581,1584,3,0,2,935476128
7,7354162,1582,1584,2,0,2,935476182
7,7354216,1581,1584,3,0,2,935476218
7,7354261,1582,1584,2,0,2,935476281
7,7354612,1580,1584,4,0,2,935476812
7,7354621,1580,1584,4,0,2,935476821
7,7356124,1581,1584,3,0,2,935718246
7,7356142,1583,1584,1,0,2,937856142
7,7356214,1582,1584,2,0,2,937856214
7,7356241,1582,1584,2,0,2,935728461
7,7356412,1581,1584,3,0,2,935748612
7,7356421,1581,1584,3,0,2,935748621
7,7361245,1582,1584,2,0,2,938126745
7,7361254,1582,1584,2,0,2,938125476
7,7361425,1584,1584,0,0,1,129583647
7,7361452,1583,1584,1,0,2,938167452
7,7361524,1584,1584,0,0,1,129583746
7,7361542,1582,1584,2,0,2,938154762
7,7362145,1582,1584,2,0,2,938216745
7,7362154,1582,1584,2,0,2,938215476
7,7362415,1584,1584,0,0,1,129584637
7,7362451,1583,1584,1,0,2,938267451
7,7362514,1583,1584,1,0,2,958372614
7,7362541,1582,1584,2,0,2,938254761
7,7364125,1583,1584,1,0,2,958634127
7,7364152,1584,1584,0,0,1,129586374
7,7364215,1583,1584,1,0,2,958621437
7,7364251,1584,1584,0,0,1,129586473
7,7364512,1581,1584,3,0,2,936485712
7,7364521,1581,1584,3,0,2,936485721
7,7365124,1582,1584,2,0,2,936587124
7,7365142,1583,1584,1,0,2,936587142
7,7365214,1582,1584,2,0,2,936587214
7,7365241,1583,1584,1,0,2,936587241
7,7365412,1580,1584,4,0,2,936587412
7,7365421,1580,1584,4,0,2,936587421
7,7412356,1580,1584,4,0,2,941237856
7,7412365,1580,1584,4,0,2,941236587
7,7412536,1583,1584,1,0,2,963412758
7,7412563,1582,1584,2,0,2,941278563
7,7412635,1583,1584,1,0,2,963412857
7,7412653,1582,1584,2,0,2,941265873
7,7413256,1581,1584,3,0,2,941327856
7,7413265,1581,1584,3,0,2,941326587
7,7413526,1584,1584,0,0,1,129635748
7,7413562,1583,1584,1,0,2,941378562
7,7413625,1584,1584,0,0,1,129635847
7,7413652,1583,1584,1,0,2,941365872
7,7415236,1582,1584,2,0,2,941627358
7,7415263,1583,1584,1,0,2,941627385
7,7415326,1583,1584,1,0,2,961732548
7,7415362,1584,1584,0,0,1,129637584
7,7415623,1582,1584,2,0,2,941785623
7,7415632,1582,1584,2,0,2,941785632
7,7416235,1582,1584,2,0,2,941628357
7,7416253,1584,1584,0,0,1,129638475
7,7416325,1583,1584,1,0,2,961832547
7,7416352,1584,1584,0,0,1,129638574
7,7416523,1582,1584,2,0,2,941658723
7,7416532,1582,1584,2,0,2,941658732
7,7421356,1581,1584,3,0,2,942137856
7,7421365,1581,1584,3,0,2,942136587
7,7421536,1582,1584,2,0,2,962143758
7,7421563,1582,1584,2,0,2,942178563
7,7421635,1583,1584,1,0,2,962143857
7,7421653,1581,1584,3,0,2,942165873
7,7423156,1580,1584,4,0,2,942317856
7,7423165,1580,1584,4,0,2,942316587
7,7423516,1582,1584,2,0,2,942635718
7,7423561,1581,1584,3,0,2,942378561
7,7423615,1582,1584,2,0,2,942635817
7,7423651,1581,1584,3,0,2,942365871
7,7425136,1583,1584,1,0,2,964725138
7,7425163,1584,1584,0,0,1,129647385
7,7425316,1582,1584,2,0,2,942637518
7,7425361,1582,1584,2,0,2,942637581
7,7425613,1583,1584,1,0,2,942785613
7,7425631,1583,1584,1,0,2,942785631
7,7426135,1584,1584,0,0,1,129648357
7,7426153,1583,1584,1,0,2,964827153
7,7426315,1584,1584,0,0,1,129648537
7,7426351,1583,1584,1,0,2,942638571
7,7426513,1583,1584,1,0,2,942658713
7,7426531,1582,1584,2,0,2,942658731
7,7431256,1580,1584,4,0,2,943127856
7,7431265,1580,1584,4,0,2,943126587
7,7431526,1583,1584,1,0,2,943651728
7,7431562,1582,1584,2,0,2,943178562
7,7431625,1583,1584,1,0,2,943651827
7,7431652,1582,1584,2,0,2,943165872
7,7432156,1579,1584,5,0,2,943217856
7,7432165,1579,1584,5,0,2,943216587
7,7432516,1581,1584,3,0,2,943652718
7,7432561,1580,1584,4,0,2,943278561
7,7432615,1581,1584,3,0,2,943652817
7,7432651,1580,1584,4,0,2,943265871
7,7435126,1581,1584,3,0,2,943657128
7,7435162,1582,1584,2,0,2,943657182
7,7435216,1581,1584,3,0,2,943657218
7,7435261,1582,1584,2,0,2,943657281
7,7435612,1580,1584,4,0,2,943657812
7,7435621,1580,1584,4,0,2,943657821
7,7436125,1582,1584,2,0,2,943658127
7,7436152,1583,1584,1,0,2,943658172
7,7436215,1582,1584,2,0,2,943658217
7,7436251,1582,1584,2,0,2,943658271
7,7436512,1580,1584,5,0,3,943658712
7,7436521,1580,1584,5,0,3,943658721
7,7451236,1580,1584,4,0,2,946172358
7,7451263,1582,1584,2,0,2,967341285
7,7451326,1581,1584,3,0,2,967132548
7,7451362,1583,1584,1,0,2,967451382
7,7451623,1581,1584,3,0,2,946172835
7,7451632,1582,1584,2,0,2,967183254
7,7452136,1581,1584,3,0,2,967214358
7,7452163,1582,1584,2,0,2,967214385
7,7452316,1580,1584,5,0,3,967452318
7,7452361,1581,1584,4,0,3,967452381
7,7452613,1583,1584,1,0,2,967452813
7,7452631,1582,1584,2,0,2,946273851
7,7453126,1580,1584,4,0,2,946375128
7,7453162,1582,1584,2,0,2,946375182
7,7453216,1580,1584,4,0,2,946375218
7,7453261,1581,1584,3,0,2,946375281
7,7453612,1581,1584,3,0,2,946375812
7,7453621,1581,1584,3,0,2,946375821
7,7456123,1578,1584,6,0,2,749568123
7,7456132,1579,1584,5,0,2,749568132
7,7456213,1579,1584,5,0,2,749568213
7,7456231,1578,1584,6,0,2,749568231
7,7456312,1578,1584,6,0,2,749568312
7,7456321,1578,1584,6,0,2,749568321
7,7461235,1581,1584,3,0,2,946182357
7,7461253,1583,1584,1,0,2,968341275
7,7461325,1582,1584,2,0,2,968132547
7,7461352,1584,1584,0,0,1,129683574
7,7461523,1583,1584,1,0,2,968174523
7,7461532,1583,1584,1,0,2,968173254
7,7462135,1582,1584,2,0,2,968214357
7,7462153,1583,1584,1,0,2,968214375
7,7462315,1582,1584,2,0,2,968241537
7,7462351,1582,1584,2,0,2,946283571
7,7462513,1583,1584,1,0,2,968472513
7,7462531,1583,1584,1,0,2,968472531
7,7463125,1582,1584,2,0,2,968315247
7,7463152,1584,1584,0,0,1,129685374
7,7463215,1582,1584,2,0,2,968325417
7,7463251,1583,1584,1,0,2,968325471
7,7463512,1581,1584,3,0,2,946385712
7,7463521,1581,1584,3,0,2,946385721
7,7465123,1580,1584,4,0,2,946587123
7,7465132,1580,1584,4,0,2,946587132
7,7465213,1580,1584,4,0,2,946587213
7,7465231,1580,1584,4,0,2,946587231
7,7465312,1580,1584,4,0,2,946587312
7,7465321,1580,1584,4,0,2,946587321
7,7512346,1580,1584,4,0,2,951723468
7,7512364,1582,1584,2,0,2,971452386
7,7512436,1581,1584,3,0,2,971243658
7,7512463,1583,1584,1,0,2,973412685
7,7512634,1582,1584,2,0,2,971285634
7,7512643,1582,1584,2,0,2,971284365
7,7513246,1581,1584,3,0,2,971325468
7,7513264,1582,1584,2,0,2,971325486
7,7513426,1582,1584,2,0,2,971352648
7,7513462,1583,1584,1,0,2,971563482
7,7513624,1584,1584,0,0,1,129735846
7,7513642,1584,1584,0,0,1,129735864
7,7514236,1582,1584,2,0,2,971426358
7,7514263,1584,1584,0,0,1,129736485
7,7514326,1581,1584,3,0,2,971436528
7,7514362,1583,1584,1,0,2,971436582
7,7514623,1583,1584,1,0,2,971684523
7,7514632,1583,1584,1,0,2,971683254
7,7516234,1581,1584,3,0,2,951728346
7,7516243,1582,1584,2,0,2,971824365
7,7516324,1582,1584,2,0,2,971832546
7,7516342,1582,1584,2,0,2,971835264
7,7516423,1582,1584,2,0,2,971842635
7,7516432,1582,1584,2,0,2,971843652
7,7521346,1581,1584,3,0,2,972143568
7,7521364,1582,1584,2,0,2,972143586
7,7521436,1581,1584,4,0,3,972143658
7,7521463,1583,1584,1,0,2,972143685
7,7521634,1582,1584,2,0,2,972143856
7,7521643,1582,1584,2,0,2,972143865
7,7523146,1582,1584,2,0,2,972415368
7,7523164,1582,1584,2,0,2,972415386
7,7523416,1580,1584,4,0,2,952734618
7,7523461,1581,1584,3,0,2,952734681
7,7523614,1583,1584,1,0,2,974523816
7,7523641,1583,1584,1,0,2,974523861
7,7524136,1582,1584,2,0,2,972416358
7,7524163,1584,1584,0,0,1,129746385
7,7524316,1582,1584,2,0,2,972436518
7,7524361,1582,1584,2,0,2,972436581
7,7524613,1584,1584,0,0,1,129746835
7,7524631,1584,1584,0,0,1,129746853
7,7526134,1583,1584,1,0,2,972815634
7,7526143,1583,1584,1,0,2,972814365
7,7526314,1584,1584,0,0,1,129748536
7,7526341,1582,1584,2,0,2,952738461
7,7526413,1584,1584,0,0,1,129748635
7,7526431,1583,1584,1,0,2,972843651
7,7531246,1582,1584,2,0,2,973152468
7,7531264,1582,1584,2,0,2,973152486
7,7531426,1582,1584,2,0,2,973152648
7,7531462,1584,1584,0,0,1,129753684
7,7531624,1584,1584,0,0,1,129753846
7,7531642,1583,1584,1,0,2,975381642
7,7532146,1581,1584,3,0,2,973254168
7,7532164,1581,1584,3,0,2,973254186
7,7532416,1582,1584,2,0,2,973254618
7,7532461,1582,1584,2,0,2,973254681
7,7532614,1582,1584,2,0,2,973254816
7,7532641,1582,1584,2,0,2,973254861
7,7534126,1580,1584,5,0,3,975634128
7,7534162,1582,1584,2,0,2,953746182
7,7534216,1580,1584,4,0,2,953746218
7,7534261,1581,1584,3,0,2,953746281
7,7534612,1581,1584,3,0,2,953746812
7,7534621,1581,1584,3,0,2,953746821
7,7536124,1583,1584,1,0,2,975834126
7,7536142,1583,1584,1,0,2,975836142
7,7536214,1583,1584,1,0,2,975821436
7,7536241,1583,1584,1,0,2,975836241
7,7536412,1581,1584,3,0,2,953748612
7,7536421,1581,1584,3,0,2,953748621
7,7541236,1580,1584,4,0,2,954761238
7,7541263,1582,1584,2,0,2,954761283
7,7541326,1581,1584,3,0,2,954761328
7,7541362,1583,1584,1,0,2,954761382
7,7541623,1582,1584,2,0,2,954761823
7,7541632,1582,1584,2,0,2,954761832
7,7542136,1581,1584,3,0,2,954762138
7,7542163,1582,1584,2,0,2,954762183
7,7542316,1580,1584,4,0,2,954762318
7,7542361,1581,1584,3,0,2,954762381
7,7542613,1583,1584,1,0,2,954762813
7,7542631,1583,1584,1,0,2,954762831
7,7543126,1580,1584,4,0,2,954763128
7,7543162,1582,1584,2,0,2,954763182
7,7543216,1579,1584,5,0,2,954763218
7,7543261,1580,1584,4,0,2,954763281
7,7543612,1580,1584,4,0,2,954763812
7,7543621,1580,1584,4,0,2,954763821
7,7546123,1580,1584,4,0,2,954768123
7,7546132,1580,1584,4,0,2,954768132
7,7546213,1580,1584,4,0,2,954768213
7,7546231,1580,1584,4,0,2,954768231
7,7546312,1580,1584,4,0,2,954768312
7,7546321,1580,1584,4,0,2,954768321
7,7561234,1578,1584,6,0,2,759681234
7,7561243,1579,1584,5,0,2,759681243
7,7561324,1579,1584,5,0,2,759681324
7,7561342,1580,1584,4,0,2,759681342
7,7561423,1580,1584,4,0,2,759681423
7,7561432,1579,1584,5,0,2,759681432
7,7562134,1579,1584,5,0,2,759682134
7,7562143,1579,1584,6,0,3,978214365
7,7562314,1580,1584,4,0,2,759682314
7,7562341,1578,1584,6,0,2,759682341
7,7562413,1580,1584,4,0,2,759682413
7,7562431,1580,1584,4,0,2,759682431
7,7563124,1580,1584,4,0,2,759683124
7,7563142,1580,1584,4,0,2,759683142
7,7563214,1579,1584,5,0,2,759683214
7,7563241,1580,1584,4,0,2,759683241
7,7563412,1578,1584,9,0,4,978563412
7,7563421,1578,1584,7,0,3,978563421
7,7564123,1578,1584,6,0,2,759684123
7,7564132,1579,1584,5,0,2,759684132
7,7564213,1579,1584,5,0,2,759684213
7,7564231,1578,1584,6,0,2,759684231
7,7564312,1578,1584,6,0,2,759684312
7,7564321,1578,1584,6,0,2,759684321
7,7612345,1578,1584,6,0,2,769812345
7,7612354,1579,1584,5,0,2,769812354
7,7612435,1579,1584,5,0,2,769812435
7,7612453,1580,1584,4,0,2,769812453
7,7612534,1580,1584,4,0,2,769812534
7,7612543,1579,1584,5,0,2,769812543
7,7613245,1579,1584,5,0,2,769813245
7,7613254,1579,1584,6,0,3,981325476
7,7613425,1581,1584,3,0,2,769813425
7,7613452,1580,1584,4,0,2,769813452
7,7613524,1581,1584,3,0,2,769813524
7,7613542,1581,1584,3,0,2,769813542
7,7614235,1581,1584,3,0,2,769814235
7,7614253,1581,1584,3,0,2,769814253
7,7614325,1579,1584,5,0,2,769814325
7,7614352,1581,1584,3,0,2,769814352
7,7614523,1580,1584,5,0,3,981674523
7,7614532,1580,1584,4,0,2,769814532
7,7615234,1580,1584,4,0,2,769815234
7,7615243,1581,1584,3,0,2,769815243
7,7615324,1581,1584,3,0,2,769815324
7,7615342,1580,1584,4,0,2,769815342
7,7615423,1580,1584,4,0,2,769815423
7,7615432,1579,1584,5,0,2,769815432
7,7621345,1579,1584,5,0,2,769821345
7,7621354,1579,1584,5,0,2,769821354
7,7621435,1579,1584,6,0,3,982143657
7,7621453,1580,1584,4,0,2,769821453
7,7621534,1580,1584,4,0,2,769821534
7,7621543,1579,1584,5,0,2,769821543
7,7623145,1580,1584,4,0,2,769823145
7,7623154,1580,1584,4,0,2,769823154
7,7623415,1580,1584,4,0,2,769823415
7,7623451,1578,1584,6,0,2,769823451
7,7623514,1582,1584,2,0,2,769823514
7,7623541,1580,1584,4,0,2,769823541
7,7624135,1581,1584,3,0,2,769824135
7,7624153,1582,1584,2,0,2,769824153
7,7624315,1581,1584,3,0,2,769824315
7,7624351,1580,1584,4,0,2,769824351
7,7624513,1581,1584,3,0,2,769824513
7,7624531,1581,1584,3,0,2,769824531
7,7625134,1582,1584,2,0,2,769825134
7,7625143,1581,1584,3,0,2,769825143
7,7625314,1583,1584,1,0,2,769825314
7,7625341,1581,1584,3,0,2,769825341
7,7625413,1582,1584,2,0,2,769825413
7,7625431,1580,1584,4,0,2,769825431
7,7631245,1580,1584,4,0,2,769831245
7,7631254,1580,1584,4,0,2,769831254
7,7631425,1581,1584,3,0,2,769831425
7,7631452,1582,1584,2,0,2,769831452
7,7631524,1582,1584,2,0,2,769831524
7,7631542,1581,1584,3,0,2,769831542
7,7632145,1579,1584,5,0,2,769832145
7,7632154,1579,1584,5,0,2,769832154
7,7632415,1581,1584,3,0,2,769832415
7,7632451,1580,1584,4,0,2,769832451
7,7632514,1581,1584,3,0,2,769832514
7,7632541,1580,1584,5,0,3,983254761
7,7634125,1580,1584,5,0,3,985634127
7,7634152,1581,1584,3,0,2,769834152
7,7634215,1580,1584,4,0,2,769834215
7,7634251,1581,1584,3,0,2,769834251
7,7634512,1578,1584,6,0,2,769834512
7,7634521,1578,1584,6,0,2,769834521
7,7635124,1581,1584,3,0,2,769835124
7,7635142,1582,1584,2,0,2,769835142
7,7635214,1582,1584,2,0,2,769835214
7,7635241,1581,1584,3,0,2,769835241
7,7635412,1580,1584,4,0,2,769835412
7,7635421,1580,1584,4,0,2,769835421
7,7641235,1580,1584,4,0,2,769841235
7,7641253,1582,1584,2,0,2,769841253
7,7641325,1581,1584,3,0,2,769841325
7,7641352,1583,1584,1,0,2,769841352
7,7641523,1581,1584,3,0,2,769841523
7,7641532,1582,1584,2,0,2,769841532
7,7642135,1581,1584,3,0,2,769842135
7,7642153,1581,1584,3,0,2,769842153
7,7642315,1580,1584,4,0,2,769842315
7,7642351,1581,1584,3,0,2,769842351
7,7642513,1582,1584,2,0,2,769842513
7,7642531,1581,1584,3,0,2,769842531
7,7643125,1580,1584,4,0,2,769843125
7,7643152,1582,1584,2,0,2,769843152
7,7643215,1579,1584,5,0,2,769843215
7,7643251,1580,1584,4,0,2,769843251
7,7643512,1580,1584,4,0,2,769843512
7,7643521,1580,1584,4,0,2,769843521
7,7645123,1578,1584,6,0,2,769845123
7,7645132,1579,1584,5,0,2,769845132
7,7645213,1579,1584,5,0,2,769845213
7,7645231,1578,1584,7,0,3,986745231
7,7645312,1578,1584,6,0,2,769845312
7,7645321,1578,1584,6,0,2,769845321
7,7651234,1578,1584,6,0,2,769851234
7,7651243,1579,1584,5,0,2,769851243
7,7651324,1579,1584,5,0,2,769851324
7,7651342,1580,1584,4,0,2,769851342
7,7651423,1580,1584,4,0,2,769851423
7,7651432,1579,1584,5,0,2,769851432
7,7652134,1579,1584,5,0,2,769852134
7,7652143,1579,1584,6,0,3,987214365
7,7652314,1580,1584,4,0,2,769852314
7,7652341,1578,1584,6,0,2,769852341
7,7652413,1580,1584,4,0,2,769852413
7,7652431,1580,1584,4,0,2,769852431
7,7653124,1580,1584,4,0,2,769853124
7,7653142,1580,1584,4,0,2,769853142
7,7653214,1579,1584,5,0,2,769853214
7,7653241,1580,1584,4,0,2,769853241
7,7653412,1578,1584,7,0,3,987563412
7,7653421,1578,1584,6,0,2,769853421
7,7654123,1578,1584,6,0,2,769854123
7,7654132,1579,1584,5,0,2,769854132
7,7654213,1579,1584,5,0,2,769854213
7,7654231,1578,1584,6,0,2,769854231
7,7654312,1578,1584,6,0,2,769854312
7,7654321,1578,1584,6,0,2,769854321
